,mean_fit_time,std_fit_time,mean_score_time,std_score_time,param_first_scale,param_frequency,param_model,param_model__alpha,param_reshape,param_second_scale,param_model__l2_regularization,param_model__learning_rate,param_model__max_features,param_model__max_leaf_nodes,param_model__min_samples_leaf,params,split0_test_score,mean_test_score,std_test_score,rank_test_score,nrmse
0,840.1412913799286,0.0,29.562979698181152,0.0,mad_scaling_clipping_channel_trial,power_phase_circular,Ridge,4328.7612810830615,FunctionTransformer(func=<function reshape at 0x7fb1ce140040>),RobustScaler(copy=False),,,,,,"{'first_scale': FunctionTransformer(func=<function mad_scaling_clipping_channel_trial at 0x7fb1ce0fbd80>), 'frequency': FunctionTransformer(func=<function power_phase_circular at 0x7fb1ce0fb880>), 'model': Ridge(solver='lsqr'), 'model__alpha': 4328.7612810830615, 'reshape': FunctionTransformer(func=<function reshape at 0x7fb1ce140040>), 'second_scale': RobustScaler(copy=False)}",-0.08695192347394931,-0.08695192347394931,0.0,2,1.0425698650325308
1,3122.930868625641,0.0,33.72470235824585,0.0,mad_scaling_clipping_channel_trial,power_phase_circular,HistGradientBoostingRegressor,,FunctionTransformer(func=<function reshape at 0x7fb1ce140040>),RobustScaler(copy=False),0.001,0.05,0.1,31.0,20.0,"{'first_scale': FunctionTransformer(func=<function mad_scaling_clipping_channel_trial at 0x7fb1ce0fbd80>), 'frequency': FunctionTransformer(func=<function power_phase_circular at 0x7fb1ce0fb880>), 'model': HistGradientBoostingRegressor(early_stopping=True, max_iter=300,
                              n_iter_no_change=15, random_state=42,
                              scoring=None), 'model__l2_regularization': 0.001, 'model__learning_rate': 0.05, 'model__max_features': 0.1, 'model__max_leaf_nodes': 31, 'model__min_samples_leaf': 20, 'reshape': FunctionTransformer(func=<function reshape at 0x7fb1ce140040>), 'second_scale': RobustScaler(copy=False)}",0.0832578388940185,0.0832578388940185,0.0,1,0.9574665326297215
0,249.83600544929504,0.0,30.173668384552002,0.0,mad_scaling_clipping_trial_time,power_phase_circular,Ridge,100000000.0,FunctionTransformer(func=<function reshape at 0x7fb1ce140040>),passthrough,,,,,,"{'first_scale': FunctionTransformer(func=<function mad_scaling_clipping_trial_time at 0x7fb1ce0fbe20>), 'frequency': FunctionTransformer(func=<function power_phase_circular at 0x7fb1ce0fb880>), 'model': Ridge(solver='lsqr'), 'model__alpha': 100000000.0, 'reshape': FunctionTransformer(func=<function reshape at 0x7fb1ce140040>), 'second_scale': 'passthrough'}",0.010790902316813678,0.010790902316813678,0.0,2,0.9945899143281045
1,3306.8582396507263,0.0,34.150336503982544,0.0,mad_scaling_clipping_trial_time,power_phase_circular,HistGradientBoostingRegressor,,FunctionTransformer(func=<function reshape at 0x7fb1ce140040>),passthrough,0.0,0.05,0.2,63.0,20.0,"{'first_scale': FunctionTransformer(func=<function mad_scaling_clipping_trial_time at 0x7fb1ce0fbe20>), 'frequency': FunctionTransformer(func=<function power_phase_circular at 0x7fb1ce0fb880>), 'model': HistGradientBoostingRegressor(early_stopping=True, max_iter=300,
                              n_iter_no_change=15, random_state=42,
                              scoring=None), 'model__l2_regularization': 0.0, 'model__learning_rate': 0.05, 'model__max_features': 0.2, 'model__max_leaf_nodes': 63, 'model__min_samples_leaf': 20, 'reshape': FunctionTransformer(func=<function reshape at 0x7fb1ce140040>), 'second_scale': 'passthrough'}",0.0887757486638906,0.0887757486638906,0.0,1,0.9545806677992748
0,1082.0155265331268,0.0,23.0342013835907,0.0,mad_scaling_clipping_channel_trial,power_phase_circular,Ridge,1e-08,FunctionTransformer(func=<function reshape at 0x7fb1ce140040>),passthrough,,,,,,"{'first_scale': FunctionTransformer(func=<function mad_scaling_clipping_channel_trial at 0x7fb1ce0fbd80>), 'frequency': FunctionTransformer(func=<function power_phase_circular at 0x7fb1ce0fb880>), 'model': Ridge(solver='lsqr'), 'model__alpha': 1e-08, 'reshape': FunctionTransformer(func=<function reshape at 0x7fb1ce140040>), 'second_scale': 'passthrough'}",-0.3880076078642769,-0.3880076078642769,0.0,2,1.178137346774253
1,1461.2363018989563,0.0,24.627103805541992,0.0,mad_scaling_clipping_channel_trial,power_phase_circular,HistGradientBoostingRegressor,,FunctionTransformer(func=<function reshape at 0x7fb1ce140040>),passthrough,0.0,0.1,0.05,31.0,20.0,"{'first_scale': FunctionTransformer(func=<function mad_scaling_clipping_channel_trial at 0x7fb1ce0fbd80>), 'frequency': FunctionTransformer(func=<function power_phase_circular at 0x7fb1ce0fb880>), 'model': HistGradientBoostingRegressor(early_stopping=True, max_iter=300,
                              n_iter_no_change=15, random_state=42,
                              scoring=None), 'model__l2_regularization': 0.0, 'model__learning_rate': 0.1, 'model__max_features': 0.05, 'model__max_leaf_nodes': 31, 'model__min_samples_leaf': 20, 'reshape': FunctionTransformer(func=<function reshape at 0x7fb1ce140040>), 'second_scale': 'passthrough'}",0.06933885819603036,0.06933885819603036,0.0,1,0.9647078012558878
0,504.6088194847107,0.0,31.047017335891724,0.0,mad_scaling_clipping_channel_trial,power_phase_circular,Ridge,100000000.0,FunctionTransformer(func=<function reshape at 0x7fb1ce140040>),RobustScaler(copy=False),,,,,,"{'first_scale': FunctionTransformer(func=<function mad_scaling_clipping_channel_trial at 0x7fb1ce0fbd80>), 'frequency': FunctionTransformer(func=<function power_phase_circular at 0x7fb1ce0fb880>), 'model': Ridge(solver='lsqr'), 'model__alpha': 100000000.0, 'reshape': FunctionTransformer(func=<function reshape at 0x7fb1ce140040>), 'second_scale': RobustScaler(copy=False)}",0.006379425087090662,0.006379425087090662,0.0,2,0.9968051840319198
1,2869.5450389385223,0.0,34.26985287666321,0.0,mad_scaling_clipping_channel_trial,power_phase_circular,HistGradientBoostingRegressor,,FunctionTransformer(func=<function reshape at 0x7fb1ce140040>),RobustScaler(copy=False),0.001,0.05,0.2,63.0,20.0,"{'first_scale': FunctionTransformer(func=<function mad_scaling_clipping_channel_trial at 0x7fb1ce0fbd80>), 'frequency': FunctionTransformer(func=<function power_phase_circular at 0x7fb1ce0fb880>), 'model': HistGradientBoostingRegressor(early_stopping=True, max_iter=300,
                              n_iter_no_change=15, random_state=42,
                              scoring=None), 'model__l2_regularization': 0.001, 'model__learning_rate': 0.05, 'model__max_features': 0.2, 'model__max_leaf_nodes': 63, 'model__min_samples_leaf': 20, 'reshape': FunctionTransformer(func=<function reshape at 0x7fb1ce140040>), 'second_scale': RobustScaler(copy=False)}",0.07857486357460497,0.07857486357460497,0.0,1,0.9599089209010379
0,2499.199961900711,0.0,16.492382526397705,0.0,passthrough,power_phase_circular,HistGradientBoostingRegressor,,FunctionTransformer(func=<function reshape at 0x7fb1ce140040>),RobustScaler(copy=False),0.0,0.05,0.2,31.0,20.0,"{'first_scale': 'passthrough', 'frequency': FunctionTransformer(func=<function power_phase_circular at 0x7fb1ce0fb880>), 'model': HistGradientBoostingRegressor(early_stopping=True, max_iter=300,
                              n_iter_no_change=15, random_state=42,
                              scoring=None), 'model__l2_regularization': 0.0, 'model__learning_rate': 0.05, 'model__max_features': 0.2, 'model__max_leaf_nodes': 31, 'model__min_samples_leaf': 20, 'reshape': FunctionTransformer(func=<function reshape at 0x7fb1ce140040>), 'second_scale': RobustScaler(copy=False)}",0.09074691568886828,0.09074691568886828,0.0,1,0.9535476308560217
1,1966.3906342983246,0.0,36.48155450820923,0.0,mad_scaling_clipping_trial_time,power_phase_circular,HistGradientBoostingRegressor,,FunctionTransformer(func=<function reshape at 0x7fb1ce140040>),RobustScaler(copy=False),0.0,0.1,0.2,31.0,20.0,"{'first_scale': FunctionTransformer(func=<function mad_scaling_clipping_trial_time at 0x7fb1ce0fbe20>), 'frequency': FunctionTransformer(func=<function power_phase_circular at 0x7fb1ce0fb880>), 'model': HistGradientBoostingRegressor(early_stopping=True, max_iter=300,
                              n_iter_no_change=15, random_state=42,
                              scoring=None), 'model__l2_regularization': 0.0, 'model__learning_rate': 0.1, 'model__max_features': 0.2, 'model__max_leaf_nodes': 31, 'model__min_samples_leaf': 20, 'reshape': FunctionTransformer(func=<function reshape at 0x7fb1ce140040>), 'second_scale': RobustScaler(copy=False)}",0.08380153414101543,0.08380153414101543,0.0,2,0.9571825666292636
0,101.88587951660156,0.0,8.636418342590332,0.0,passthrough,power_phase_circular,Ridge,123284.67394420685,FunctionTransformer(func=<function reshape at 0x7fb1ce140040>),passthrough,,,,,,"{'first_scale': 'passthrough', 'frequency': FunctionTransformer(func=<function power_phase_circular at 0x7fb1ce0fb880>), 'model': Ridge(solver='lsqr'), 'model__alpha': 123284.67394420685, 'reshape': FunctionTransformer(func=<function reshape at 0x7fb1ce140040>), 'second_scale': 'passthrough'}",0.0637574285714525,0.0637574285714525,0.0,2,0.9675962853528053
1,2417.4660964012146,0.0,24.72681212425232,0.0,mad_scaling_clipping_channel_trial,power_phase_circular,HistGradientBoostingRegressor,,FunctionTransformer(func=<function reshape at 0x7fb1ce140040>),passthrough,0.0,0.05,0.1,63.0,20.0,"{'first_scale': FunctionTransformer(func=<function mad_scaling_clipping_channel_trial at 0x7fb1ce0fbd80>), 'frequency': FunctionTransformer(func=<function power_phase_circular at 0x7fb1ce0fb880>), 'model': HistGradientBoostingRegressor(early_stopping=True, max_iter=300,
                              n_iter_no_change=15, random_state=42,
                              scoring=None), 'model__l2_regularization': 0.0, 'model__learning_rate': 0.05, 'model__max_features': 0.1, 'model__max_leaf_nodes': 63, 'model__min_samples_leaf': 20, 'reshape': FunctionTransformer(func=<function reshape at 0x7fb1ce140040>), 'second_scale': 'passthrough'}",0.0767300681174179,0.0767300681174179,0.0,1,0.9608693625475745
0,1901.991021156311,0.0,11.359509468078613,0.0,passthrough,power_phase_circular,HistGradientBoostingRegressor,,FunctionTransformer(func=<function reshape at 0x7fb1ce140040>),RobustScaler(copy=False),0.0,0.1,0.05,31.0,20.0,"{'first_scale': 'passthrough', 'frequency': FunctionTransformer(func=<function power_phase_circular at 0x7fb1ce0fb880>), 'model': HistGradientBoostingRegressor(early_stopping=True, max_iter=300,
                              n_iter_no_change=15, random_state=42,
                              scoring=None), 'model__l2_regularization': 0.0, 'model__learning_rate': 0.1, 'model__max_features': 0.05, 'model__max_leaf_nodes': 31, 'model__min_samples_leaf': 20, 'reshape': FunctionTransformer(func=<function reshape at 0x7fb1ce140040>), 'second_scale': RobustScaler(copy=False)}",0.07426600452443832,0.07426600452443832,0.0,2,0.9621507134932457
1,2155.6882128715515,0.0,27.581743001937866,0.0,mad_scaling_clipping_trial_time,power_phase_circular,HistGradientBoostingRegressor,,FunctionTransformer(func=<function reshape at 0x7fb1ce140040>),RobustScaler(copy=False),0.001,0.05,0.05,31.0,20.0,"{'first_scale': FunctionTransformer(func=<function mad_scaling_clipping_trial_time at 0x7fb1ce0fbe20>), 'frequency': FunctionTransformer(func=<function power_phase_circular at 0x7fb1ce0fb880>), 'model': HistGradientBoostingRegressor(early_stopping=True, max_iter=300,
                              n_iter_no_change=15, random_state=42,
                              scoring=None), 'model__l2_regularization': 0.001, 'model__learning_rate': 0.05, 'model__max_features': 0.05, 'model__max_leaf_nodes': 31, 'model__min_samples_leaf': 20, 'reshape': FunctionTransformer(func=<function reshape at 0x7fb1ce140040>), 'second_scale': RobustScaler(copy=False)}",0.09213485106459973,0.09213485106459973,0.0,1,0.9528195783753608
0,179.23242783546448,0.0,8.732823848724365,0.0,passthrough,power_phase_circular,Ridge,4328.7612810830615,FunctionTransformer(func=<function reshape at 0x7fb1ce140040>),passthrough,,,,,,"{'first_scale': 'passthrough', 'frequency': FunctionTransformer(func=<function power_phase_circular at 0x7fb1ce0fb880>), 'model': Ridge(solver='lsqr'), 'model__alpha': 4328.7612810830615, 'reshape': FunctionTransformer(func=<function reshape at 0x7fb1ce140040>), 'second_scale': 'passthrough'}",-0.049033863527168986,-0.049033863527168986,0.0,2,1.0242235417755097
1,1638.257512807846,0.0,24.34049391746521,0.0,mad_scaling_clipping_channel_trial,power_phase_circular,HistGradientBoostingRegressor,,FunctionTransformer(func=<function reshape at 0x7fb1ce140040>),passthrough,0.0,0.05,0.1,31.0,20.0,"{'first_scale': FunctionTransformer(func=<function mad_scaling_clipping_channel_trial at 0x7fb1ce0fbd80>), 'frequency': FunctionTransformer(func=<function power_phase_circular at 0x7fb1ce0fb880>), 'model': HistGradientBoostingRegressor(early_stopping=True, max_iter=300,
                              n_iter_no_change=15, random_state=42,
                              scoring=None), 'model__l2_regularization': 0.0, 'model__learning_rate': 0.05, 'model__max_features': 0.1, 'model__max_leaf_nodes': 31, 'model__min_samples_leaf': 20, 'reshape': FunctionTransformer(func=<function reshape at 0x7fb1ce140040>), 'second_scale': 'passthrough'}",0.08089114495235994,0.08089114495235994,0.0,1,0.9587016506962112
0,1034.802211523056,0.0,25.606534242630005,0.0,mad_scaling_clipping_trial_time,power_phase_circular,Ridge,0.0002310129700083158,FunctionTransformer(func=<function reshape at 0x7fb1ce140040>),RobustScaler(copy=False),,,,,,"{'first_scale': FunctionTransformer(func=<function mad_scaling_clipping_trial_time at 0x7fb1ce0fbe20>), 'frequency': FunctionTransformer(func=<function power_phase_circular at 0x7fb1ce0fb880>), 'model': Ridge(solver='lsqr'), 'model__alpha': 0.0002310129700083158, 'reshape': FunctionTransformer(func=<function reshape at 0x7fb1ce140040>), 'second_scale': RobustScaler(copy=False)}",-0.585672096121407,-0.585672096121407,0.0,2,1.2592347263800372
1,2010.524540901184,0.0,25.160370588302612,0.0,mad_scaling_clipping_channel_trial,power_phase_circular,HistGradientBoostingRegressor,,FunctionTransformer(func=<function reshape at 0x7fb1ce140040>),RobustScaler(copy=False),0.001,0.1,0.1,63.0,20.0,"{'first_scale': FunctionTransformer(func=<function mad_scaling_clipping_channel_trial at 0x7fb1ce0fbd80>), 'frequency': FunctionTransformer(func=<function power_phase_circular at 0x7fb1ce0fb880>), 'model': HistGradientBoostingRegressor(early_stopping=True, max_iter=300,
                              n_iter_no_change=15, random_state=42,
                              scoring=None), 'model__l2_regularization': 0.001, 'model__learning_rate': 0.1, 'model__max_features': 0.1, 'model__max_leaf_nodes': 63, 'model__min_samples_leaf': 20, 'reshape': FunctionTransformer(func=<function reshape at 0x7fb1ce140040>), 'second_scale': RobustScaler(copy=False)}",0.06801486873046592,0.06801486873046592,0.0,1,0.9653937700594167
0,3430.2845771312714,0.0,28.450563192367554,0.0,passthrough,power_phase_circular,HistGradientBoostingRegressor,,FunctionTransformer(func=<function reshape at 0x7fb1ce140040>),passthrough,0.001,0.05,0.2,31.0,20.0,"{'first_scale': 'passthrough', 'frequency': FunctionTransformer(func=<function power_phase_circular at 0x7fb1ce0fb880>), 'model': HistGradientBoostingRegressor(early_stopping=True, max_iter=300,
                              n_iter_no_change=15, random_state=42,
                              scoring=None), 'model__l2_regularization': 0.001, 'model__learning_rate': 0.05, 'model__max_features': 0.2, 'model__max_leaf_nodes': 31, 'model__min_samples_leaf': 20, 'reshape': FunctionTransformer(func=<function reshape at 0x7fb1ce140040>), 'second_scale': 'passthrough'}",0.0892041356475386,0.0892041356475386,0.0,1,0.9543562565166435
1,3399.954423189163,0.0,48.43734169006348,0.0,mad_scaling_clipping_trial_time,power_phase_circular,HistGradientBoostingRegressor,,FunctionTransformer(func=<function reshape at 0x7fb1ce140040>),passthrough,0.001,0.1,0.2,31.0,20.0,"{'first_scale': FunctionTransformer(func=<function mad_scaling_clipping_trial_time at 0x7fb1ce0fbe20>), 'frequency': FunctionTransformer(func=<function power_phase_circular at 0x7fb1ce0fb880>), 'model': HistGradientBoostingRegressor(early_stopping=True, max_iter=300,
                              n_iter_no_change=15, random_state=42,
                              scoring=None), 'model__l2_regularization': 0.001, 'model__learning_rate': 0.1, 'model__max_features': 0.2, 'model__max_leaf_nodes': 31, 'model__min_samples_leaf': 20, 'reshape': FunctionTransformer(func=<function reshape at 0x7fb1ce140040>), 'second_scale': 'passthrough'}",0.07713705785865599,0.07713705785865599,0.0,2,0.9606575571666233
0,1076.0964205265045,0.0,22.29562520980835,0.0,mad_scaling_clipping_channel_trial,power_phase_circular,Ridge,0.0002310129700083158,FunctionTransformer(func=<function reshape at 0x7fb1ce140040>),passthrough,,,,,,"{'first_scale': FunctionTransformer(func=<function mad_scaling_clipping_channel_trial at 0x7fb1ce0fbd80>), 'frequency': FunctionTransformer(func=<function power_phase_circular at 0x7fb1ce0fb880>), 'model': Ridge(solver='lsqr'), 'model__alpha': 0.0002310129700083158, 'reshape': FunctionTransformer(func=<function reshape at 0x7fb1ce140040>), 'second_scale': 'passthrough'}",-0.3880076078642769,-0.3880076078642769,0.0,2,1.178137346774253
1,1508.358687877655,0.0,24.30175232887268,0.0,mad_scaling_clipping_channel_trial,power_phase_circular,HistGradientBoostingRegressor,,FunctionTransformer(func=<function reshape at 0x7fb1ce140040>),passthrough,0.0,0.1,0.1,63.0,20.0,"{'first_scale': FunctionTransformer(func=<function mad_scaling_clipping_channel_trial at 0x7fb1ce0fbd80>), 'frequency': FunctionTransformer(func=<function power_phase_circular at 0x7fb1ce0fb880>), 'model': HistGradientBoostingRegressor(early_stopping=True, max_iter=300,
                              n_iter_no_change=15, random_state=42,
                              scoring=None), 'model__l2_regularization': 0.0, 'model__learning_rate': 0.1, 'model__max_features': 0.1, 'model__max_leaf_nodes': 63, 'model__min_samples_leaf': 20, 'reshape': FunctionTransformer(func=<function reshape at 0x7fb1ce140040>), 'second_scale': 'passthrough'}",0.06475902596601657,0.06475902596601657,0.0,1,0.9670785769698259
0,674.3800039291382,0.0,33.912898778915405,0.0,mad_scaling_clipping_trial_time,power_phase_circular,Ridge,3511191.7342151417,FunctionTransformer(func=<function reshape at 0x7fb1ce140040>),RobustScaler(copy=False),,,,,,"{'first_scale': FunctionTransformer(func=<function mad_scaling_clipping_trial_time at 0x7fb1ce0fbe20>), 'frequency': FunctionTransformer(func=<function power_phase_circular at 0x7fb1ce0fb880>), 'model': Ridge(solver='lsqr'), 'model__alpha': 3511191.7342151417, 'reshape': FunctionTransformer(func=<function reshape at 0x7fb1ce140040>), 'second_scale': RobustScaler(copy=False)}",0.028430884158031522,0.028430884158031522,0.0,2,0.9856820561631263
1,2657.142274618149,0.0,36.613715410232544,0.0,mad_scaling_clipping_trial_time,power_phase_circular,HistGradientBoostingRegressor,,FunctionTransformer(func=<function reshape at 0x7fb1ce140040>),RobustScaler(copy=False),0.0,0.05,0.2,31.0,20.0,"{'first_scale': FunctionTransformer(func=<function mad_scaling_clipping_trial_time at 0x7fb1ce0fbe20>), 'frequency': FunctionTransformer(func=<function power_phase_circular at 0x7fb1ce0fb880>), 'model': HistGradientBoostingRegressor(early_stopping=True, max_iter=300,
                              n_iter_no_change=15, random_state=42,
                              scoring=None), 'model__l2_regularization': 0.0, 'model__learning_rate': 0.05, 'model__max_features': 0.2, 'model__max_leaf_nodes': 31, 'model__min_samples_leaf': 20, 'reshape': FunctionTransformer(func=<function reshape at 0x7fb1ce140040>), 'second_scale': RobustScaler(copy=False)}",0.09172350266392193,0.09172350266392193,0.0,1,0.9530354124249938
0,1620.5384817123413,0.0,23.580050468444824,0.0,mad_scaling_clipping_trial_time,power_phase_circular,Ridge,2.848035868435805e-07,FunctionTransformer(func=<function reshape at 0x7fb1ce140040>),passthrough,,,,,,"{'first_scale': FunctionTransformer(func=<function mad_scaling_clipping_trial_time at 0x7fb1ce0fbe20>), 'frequency': FunctionTransformer(func=<function power_phase_circular at 0x7fb1ce0fb880>), 'model': Ridge(solver='lsqr'), 'model__alpha': 2.848035868435805e-07, 'reshape': FunctionTransformer(func=<function reshape at 0x7fb1ce140040>), 'second_scale': 'passthrough'}",-0.36518668642667507,-0.36518668642667507,0.0,2,1.1684120362383619
1,1648.9588525295258,0.0,24.63474464416504,0.0,mad_scaling_clipping_channel_trial,power_phase_circular,HistGradientBoostingRegressor,,FunctionTransformer(func=<function reshape at 0x7fb1ce140040>),passthrough,0.001,0.1,0.05,63.0,20.0,"{'first_scale': FunctionTransformer(func=<function mad_scaling_clipping_channel_trial at 0x7fb1ce0fbd80>), 'frequency': FunctionTransformer(func=<function power_phase_circular at 0x7fb1ce0fb880>), 'model': HistGradientBoostingRegressor(early_stopping=True, max_iter=300,
                              n_iter_no_change=15, random_state=42,
                              scoring=None), 'model__l2_regularization': 0.001, 'model__learning_rate': 0.1, 'model__max_features': 0.05, 'model__max_leaf_nodes': 63, 'model__min_samples_leaf': 20, 'reshape': FunctionTransformer(func=<function reshape at 0x7fb1ce140040>), 'second_scale': 'passthrough'}",0.06780632796587682,0.06780632796587682,0.0,1,0.965501772154833
0,271.26307439804077,0.0,6.926072597503662,0.0,passthrough,power_phase_circular,Ridge,0.18738174228603868,FunctionTransformer(func=<function reshape at 0x7fb1ce140040>),passthrough,,,,,,"{'first_scale': 'passthrough', 'frequency': FunctionTransformer(func=<function power_phase_circular at 0x7fb1ce0fb880>), 'model': Ridge(solver='lsqr'), 'model__alpha': 0.18738174228603868, 'reshape': FunctionTransformer(func=<function reshape at 0x7fb1ce140040>), 'second_scale': 'passthrough'}",-0.2641462906617573,-0.2641462906617573,0.0,2,1.1243426037742044
1,1345.169311285019,0.0,8.474626779556274,0.0,passthrough,power_phase_circular,HistGradientBoostingRegressor,,FunctionTransformer(func=<function reshape at 0x7fb1ce140040>),passthrough,0.001,0.1,0.2,63.0,20.0,"{'first_scale': 'passthrough', 'frequency': FunctionTransformer(func=<function power_phase_circular at 0x7fb1ce0fb880>), 'model': HistGradientBoostingRegressor(early_stopping=True, max_iter=300,
                              n_iter_no_change=15, random_state=42,
                              scoring=None), 'model__l2_regularization': 0.001, 'model__learning_rate': 0.1, 'model__max_features': 0.2, 'model__max_leaf_nodes': 63, 'model__min_samples_leaf': 20, 'reshape': FunctionTransformer(func=<function reshape at 0x7fb1ce140040>), 'second_scale': 'passthrough'}",0.0749381539514743,0.0749381539514743,0.0,1,0.9618013547757799
0,270.2761285305023,0.0,6.942819833755493,0.0,passthrough,power_phase_circular,Ridge,1e-08,FunctionTransformer(func=<function reshape at 0x7fb1ce140040>),passthrough,,,,,,"{'first_scale': 'passthrough', 'frequency': FunctionTransformer(func=<function power_phase_circular at 0x7fb1ce0fb880>), 'model': Ridge(solver='lsqr'), 'model__alpha': 1e-08, 'reshape': FunctionTransformer(func=<function reshape at 0x7fb1ce140040>), 'second_scale': 'passthrough'}",-0.2641796438276136,-0.2641796438276136,0.0,2,1.1243574359729265
1,838.4280307292938,0.0,8.1677827835083,0.0,passthrough,power_phase_circular,HistGradientBoostingRegressor,,FunctionTransformer(func=<function reshape at 0x7fb1ce140040>),passthrough,0.001,0.1,0.05,31.0,20.0,"{'first_scale': 'passthrough', 'frequency': FunctionTransformer(func=<function power_phase_circular at 0x7fb1ce0fb880>), 'model': HistGradientBoostingRegressor(early_stopping=True, max_iter=300,
                              n_iter_no_change=15, random_state=42,
                              scoring=None), 'model__l2_regularization': 0.001, 'model__learning_rate': 0.1, 'model__max_features': 0.05, 'model__max_leaf_nodes': 31, 'model__min_samples_leaf': 20, 'reshape': FunctionTransformer(func=<function reshape at 0x7fb1ce140040>), 'second_scale': 'passthrough'}",0.0762342877616411,0.0762342877616411,0.0,1,0.9611273132308533
0,281.47913670539856,0.0,8.719194412231445,0.0,passthrough,power_phase_circular,Ridge,151.99110829529332,FunctionTransformer(func=<function reshape at 0x7fb1ce140040>),passthrough,,,,,,"{'first_scale': 'passthrough', 'frequency': FunctionTransformer(func=<function power_phase_circular at 0x7fb1ce0fb880>), 'model': Ridge(solver='lsqr'), 'model__alpha': 151.99110829529332, 'reshape': FunctionTransformer(func=<function reshape at 0x7fb1ce140040>), 'second_scale': 'passthrough'}",-0.24023959320505006,-0.24023959320505006,0.0,2,1.1136604478947119
1,2334.8356330394745,0.0,24.607575178146362,0.0,mad_scaling_clipping_channel_trial,power_phase_circular,HistGradientBoostingRegressor,,FunctionTransformer(func=<function reshape at 0x7fb1ce140040>),passthrough,0.0,0.05,0.05,63.0,20.0,"{'first_scale': FunctionTransformer(func=<function mad_scaling_clipping_channel_trial at 0x7fb1ce0fbd80>), 'frequency': FunctionTransformer(func=<function power_phase_circular at 0x7fb1ce0fb880>), 'model': HistGradientBoostingRegressor(early_stopping=True, max_iter=300,
                              n_iter_no_change=15, random_state=42,
                              scoring=None), 'model__l2_regularization': 0.0, 'model__learning_rate': 0.05, 'model__max_features': 0.05, 'model__max_leaf_nodes': 63, 'model__min_samples_leaf': 20, 'reshape': FunctionTransformer(func=<function reshape at 0x7fb1ce140040>), 'second_scale': 'passthrough'}",0.07665826426763611,0.07665826426763611,0.0,1,0.9609067258232528
0,1423.036298751831,0.0,9.704695463180542,0.0,passthrough,power_phase_circular,Ridge,123284.67394420685,FunctionTransformer(func=<function reshape at 0x7fb1ce140040>),RobustScaler(copy=False),,,,,,"{'first_scale': 'passthrough', 'frequency': FunctionTransformer(func=<function power_phase_circular at 0x7fb1ce0fb880>), 'model': Ridge(solver='lsqr'), 'model__alpha': 123284.67394420685, 'reshape': FunctionTransformer(func=<function reshape at 0x7fb1ce140040>), 'second_scale': RobustScaler(copy=False)}",-10.85446431581293,-10.85446431581293,0.0,2,3.443031268491898
1,2930.4810984134674,0.0,26.330501317977905,0.0,mad_scaling_clipping_channel_trial,power_phase_circular,HistGradientBoostingRegressor,,FunctionTransformer(func=<function reshape at 0x7fb1ce140040>),RobustScaler(copy=False),0.0,0.05,0.1,63.0,20.0,"{'first_scale': FunctionTransformer(func=<function mad_scaling_clipping_channel_trial at 0x7fb1ce0fbd80>), 'frequency': FunctionTransformer(func=<function power_phase_circular at 0x7fb1ce0fb880>), 'model': HistGradientBoostingRegressor(early_stopping=True, max_iter=300,
                              n_iter_no_change=15, random_state=42,
                              scoring=None), 'model__l2_regularization': 0.0, 'model__learning_rate': 0.05, 'model__max_features': 0.1, 'model__max_leaf_nodes': 63, 'model__min_samples_leaf': 20, 'reshape': FunctionTransformer(func=<function reshape at 0x7fb1ce140040>), 'second_scale': RobustScaler(copy=False)}",0.07553746135462303,0.07553746135462303,0.0,1,0.9614897496309448
0,514.6674723625183,0.0,30.46199679374695,0.0,mad_scaling_clipping_trial_time,power_phase_circular,Ridge,123284.67394420685,FunctionTransformer(func=<function reshape at 0x7fb1ce140040>),passthrough,,,,,,"{'first_scale': FunctionTransformer(func=<function mad_scaling_clipping_trial_time at 0x7fb1ce0fbe20>), 'frequency': FunctionTransformer(func=<function power_phase_circular at 0x7fb1ce0fb880>), 'model': Ridge(solver='lsqr'), 'model__alpha': 123284.67394420685, 'reshape': FunctionTransformer(func=<function reshape at 0x7fb1ce140040>), 'second_scale': 'passthrough'}",-0.0433574509247181,-0.0433574509247181,0.0,2,1.0214487020524907
1,3303.9972190856934,0.0,34.09427547454834,0.0,mad_scaling_clipping_trial_time,power_phase_circular,HistGradientBoostingRegressor,,FunctionTransformer(func=<function reshape at 0x7fb1ce140040>),passthrough,0.0,0.05,0.1,63.0,20.0,"{'first_scale': FunctionTransformer(func=<function mad_scaling_clipping_trial_time at 0x7fb1ce0fbe20>), 'frequency': FunctionTransformer(func=<function power_phase_circular at 0x7fb1ce0fb880>), 'model': HistGradientBoostingRegressor(early_stopping=True, max_iter=300,
                              n_iter_no_change=15, random_state=42,
                              scoring=None), 'model__l2_regularization': 0.0, 'model__learning_rate': 0.05, 'model__max_features': 0.1, 'model__max_leaf_nodes': 63, 'model__min_samples_leaf': 20, 'reshape': FunctionTransformer(func=<function reshape at 0x7fb1ce140040>), 'second_scale': 'passthrough'}",0.0899586359963861,0.0899586359963861,0.0,1,0.9539608817994656
0,758.1019616127014,0.0,33.718629360198975,0.0,mad_scaling_clipping_trial_time,power_phase_circular,Ridge,123284.67394420685,FunctionTransformer(func=<function reshape at 0x7fb1ce140040>),RobustScaler(copy=False),,,,,,"{'first_scale': FunctionTransformer(func=<function mad_scaling_clipping_trial_time at 0x7fb1ce0fbe20>), 'frequency': FunctionTransformer(func=<function power_phase_circular at 0x7fb1ce0fb880>), 'model': Ridge(solver='lsqr'), 'model__alpha': 123284.67394420685, 'reshape': FunctionTransformer(func=<function reshape at 0x7fb1ce140040>), 'second_scale': RobustScaler(copy=False)}",0.06224742284440654,0.06224742284440654,0.0,2,0.9683762580503477
1,3892.4909541606903,0.0,37.72254490852356,0.0,mad_scaling_clipping_trial_time,power_phase_circular,HistGradientBoostingRegressor,,FunctionTransformer(func=<function reshape at 0x7fb1ce140040>),RobustScaler(copy=False),0.0,0.05,0.1,63.0,20.0,"{'first_scale': FunctionTransformer(func=<function mad_scaling_clipping_trial_time at 0x7fb1ce0fbe20>), 'frequency': FunctionTransformer(func=<function power_phase_circular at 0x7fb1ce0fb880>), 'model': HistGradientBoostingRegressor(early_stopping=True, max_iter=300,
                              n_iter_no_change=15, random_state=42,
                              scoring=None), 'model__l2_regularization': 0.0, 'model__learning_rate': 0.05, 'model__max_features': 0.1, 'model__max_leaf_nodes': 63, 'model__min_samples_leaf': 20, 'reshape': FunctionTransformer(func=<function reshape at 0x7fb1ce140040>), 'second_scale': RobustScaler(copy=False)}",0.0913658053099562,0.0913658053099562,0.0,1,0.9532230561049412
0,2107.597204208374,0.0,11.010435104370117,0.0,passthrough,power_phase_circular,HistGradientBoostingRegressor,,FunctionTransformer(func=<function reshape at 0x7fb1ce140040>),passthrough,0.0,0.05,0.1,63.0,20.0,"{'first_scale': 'passthrough', 'frequency': FunctionTransformer(func=<function power_phase_circular at 0x7fb1ce0fb880>), 'model': HistGradientBoostingRegressor(early_stopping=True, max_iter=300,
                              n_iter_no_change=15, random_state=42,
                              scoring=None), 'model__l2_regularization': 0.0, 'model__learning_rate': 0.05, 'model__max_features': 0.1, 'model__max_leaf_nodes': 63, 'model__min_samples_leaf': 20, 'reshape': FunctionTransformer(func=<function reshape at 0x7fb1ce140040>), 'second_scale': 'passthrough'}",0.08475811784526777,0.08475811784526777,0.0,1,0.9566827489584686
1,1529.7460443973541,0.0,25.601962566375732,0.0,mad_scaling_clipping_trial_time,power_phase_circular,HistGradientBoostingRegressor,,FunctionTransformer(func=<function reshape at 0x7fb1ce140040>),passthrough,0.0,0.1,0.1,63.0,20.0,"{'first_scale': FunctionTransformer(func=<function mad_scaling_clipping_trial_time at 0x7fb1ce0fbe20>), 'frequency': FunctionTransformer(func=<function power_phase_circular at 0x7fb1ce0fb880>), 'model': HistGradientBoostingRegressor(early_stopping=True, max_iter=300,
                              n_iter_no_change=15, random_state=42,
                              scoring=None), 'model__l2_regularization': 0.0, 'model__learning_rate': 0.1, 'model__max_features': 0.1, 'model__max_leaf_nodes': 63, 'model__min_samples_leaf': 20, 'reshape': FunctionTransformer(func=<function reshape at 0x7fb1ce140040>), 'second_scale': 'passthrough'}",0.0661853354826144,0.0661853354826144,0.0,2,0.9663408635245565
0,1082.131058216095,0.0,22.90098237991333,0.0,mad_scaling_clipping_channel_trial,power_phase_circular,Ridge,2.848035868435805e-07,FunctionTransformer(func=<function reshape at 0x7fb1ce140040>),passthrough,,,,,,"{'first_scale': FunctionTransformer(func=<function mad_scaling_clipping_channel_trial at 0x7fb1ce0fbd80>), 'frequency': FunctionTransformer(func=<function power_phase_circular at 0x7fb1ce0fb880>), 'model': Ridge(solver='lsqr'), 'model__alpha': 2.848035868435805e-07, 'reshape': FunctionTransformer(func=<function reshape at 0x7fb1ce140040>), 'second_scale': 'passthrough'}",-0.3880076078642769,-0.3880076078642769,0.0,2,1.178137346774253
1,1570.9764485359192,0.0,24.253400325775146,0.0,mad_scaling_clipping_channel_trial,power_phase_circular,HistGradientBoostingRegressor,,FunctionTransformer(func=<function reshape at 0x7fb1ce140040>),passthrough,0.0,0.1,0.05,63.0,20.0,"{'first_scale': FunctionTransformer(func=<function mad_scaling_clipping_channel_trial at 0x7fb1ce0fbd80>), 'frequency': FunctionTransformer(func=<function power_phase_circular at 0x7fb1ce0fb880>), 'model': HistGradientBoostingRegressor(early_stopping=True, max_iter=300,
                              n_iter_no_change=15, random_state=42,
                              scoring=None), 'model__l2_regularization': 0.0, 'model__learning_rate': 0.1, 'model__max_features': 0.05, 'model__max_leaf_nodes': 63, 'model__min_samples_leaf': 20, 'reshape': FunctionTransformer(func=<function reshape at 0x7fb1ce140040>), 'second_scale': 'passthrough'}",0.07048464061452175,0.07048464061452175,0.0,1,0.9641137689015121
0,2630.1165375709534,0.0,9.995272636413574,0.0,passthrough,power_phase_circular,HistGradientBoostingRegressor,,FunctionTransformer(func=<function reshape at 0x7fb1ce140040>),passthrough,0.0,0.05,0.05,63.0,20.0,"{'first_scale': 'passthrough', 'frequency': FunctionTransformer(func=<function power_phase_circular at 0x7fb1ce0fb880>), 'model': HistGradientBoostingRegressor(early_stopping=True, max_iter=300,
                              n_iter_no_change=15, random_state=42,
                              scoring=None), 'model__l2_regularization': 0.0, 'model__learning_rate': 0.05, 'model__max_features': 0.05, 'model__max_leaf_nodes': 63, 'model__min_samples_leaf': 20, 'reshape': FunctionTransformer(func=<function reshape at 0x7fb1ce140040>), 'second_scale': 'passthrough'}",0.08721787600442166,0.08721787600442166,0.0,1,0.9553963177632507
1,1841.291731595993,0.0,30.393009424209595,0.0,mad_scaling_clipping_trial_time,power_phase_circular,HistGradientBoostingRegressor,,FunctionTransformer(func=<function reshape at 0x7fb1ce140040>),passthrough,0.0,0.1,0.05,63.0,20.0,"{'first_scale': FunctionTransformer(func=<function mad_scaling_clipping_trial_time at 0x7fb1ce0fbe20>), 'frequency': FunctionTransformer(func=<function power_phase_circular at 0x7fb1ce0fb880>), 'model': HistGradientBoostingRegressor(early_stopping=True, max_iter=300,
                              n_iter_no_change=15, random_state=42,
                              scoring=None), 'model__l2_regularization': 0.0, 'model__learning_rate': 0.1, 'model__max_features': 0.05, 'model__max_leaf_nodes': 63, 'model__min_samples_leaf': 20, 'reshape': FunctionTransformer(func=<function reshape at 0x7fb1ce140040>), 'second_scale': 'passthrough'}",0.07910992897780311,0.07910992897780311,0.0,2,0.9596301740890586
0,780.8879601955414,0.0,31.042304039001465,0.0,mad_scaling_clipping_trial_time,power_phase_circular,Ridge,0.18738174228603868,FunctionTransformer(func=<function reshape at 0x7fb1ce140040>),RobustScaler(copy=False),,,,,,"{'first_scale': FunctionTransformer(func=<function mad_scaling_clipping_trial_time at 0x7fb1ce0fbe20>), 'frequency': FunctionTransformer(func=<function power_phase_circular at 0x7fb1ce0fb880>), 'model': Ridge(solver='lsqr'), 'model__alpha': 0.18738174228603868, 'reshape': FunctionTransformer(func=<function reshape at 0x7fb1ce140040>), 'second_scale': RobustScaler(copy=False)}",-0.5821006899430232,-0.5821006899430232,0.0,2,1.2578158410288143
1,1761.909997701645,0.0,31.883296966552734,0.0,mad_scaling_clipping_channel_trial,power_phase_circular,HistGradientBoostingRegressor,,FunctionTransformer(func=<function reshape at 0x7fb1ce140040>),RobustScaler(copy=False),0.001,0.1,0.2,63.0,20.0,"{'first_scale': FunctionTransformer(func=<function mad_scaling_clipping_channel_trial at 0x7fb1ce0fbd80>), 'frequency': FunctionTransformer(func=<function power_phase_circular at 0x7fb1ce0fb880>), 'model': HistGradientBoostingRegressor(early_stopping=True, max_iter=300,
                              n_iter_no_change=15, random_state=42,
                              scoring=None), 'model__l2_regularization': 0.001, 'model__learning_rate': 0.1, 'model__max_features': 0.2, 'model__max_leaf_nodes': 63, 'model__min_samples_leaf': 20, 'reshape': FunctionTransformer(func=<function reshape at 0x7fb1ce140040>), 'second_scale': RobustScaler(copy=False)}",0.0695805445634694,0.0695805445634694,0.0,1,0.9645825290956345
0,1058.3547177314758,0.0,55.28029108047485,0.0,mad_scaling_clipping_channel_trial,power_phase_circular,Ridge,123284.67394420685,FunctionTransformer(func=<function reshape at 0x7fb1ce140040>),RobustScaler(copy=False),,,,,,"{'first_scale': FunctionTransformer(func=<function mad_scaling_clipping_channel_trial at 0x7fb1ce0fbd80>), 'frequency': FunctionTransformer(func=<function power_phase_circular at 0x7fb1ce0fb880>), 'model': Ridge(solver='lsqr'), 'model__alpha': 123284.67394420685, 'reshape': FunctionTransformer(func=<function reshape at 0x7fb1ce140040>), 'second_scale': RobustScaler(copy=False)}",0.05787261124684173,0.05787261124684173,0.0,2,0.9706324684210591
1,5034.252898931503,0.0,67.09302544593811,0.0,mad_scaling_clipping_channel_trial,power_phase_circular,HistGradientBoostingRegressor,,FunctionTransformer(func=<function reshape at 0x7fb1ce140040>),RobustScaler(copy=False),0.001,0.05,0.1,63.0,20.0,"{'first_scale': FunctionTransformer(func=<function mad_scaling_clipping_channel_trial at 0x7fb1ce0fbd80>), 'frequency': FunctionTransformer(func=<function power_phase_circular at 0x7fb1ce0fb880>), 'model': HistGradientBoostingRegressor(early_stopping=True, max_iter=300,
                              n_iter_no_change=15, random_state=42,
                              scoring=None), 'model__l2_regularization': 0.001, 'model__learning_rate': 0.05, 'model__max_features': 0.1, 'model__max_leaf_nodes': 63, 'model__min_samples_leaf': 20, 'reshape': FunctionTransformer(func=<function reshape at 0x7fb1ce140040>), 'second_scale': RobustScaler(copy=False)}",0.07587848086599358,0.07587848086599358,0.0,1,0.9613123941435513
0,694.6458384990692,0.0,30.878655433654785,0.0,mad_scaling_clipping_trial_time,power_phase_circular,Ridge,4328.7612810830615,FunctionTransformer(func=<function reshape at 0x7fb1ce140040>),RobustScaler(copy=False),,,,,,"{'first_scale': FunctionTransformer(func=<function mad_scaling_clipping_trial_time at 0x7fb1ce0fbe20>), 'frequency': FunctionTransformer(func=<function power_phase_circular at 0x7fb1ce0fb880>), 'model': Ridge(solver='lsqr'), 'model__alpha': 4328.7612810830615, 'reshape': FunctionTransformer(func=<function reshape at 0x7fb1ce140040>), 'second_scale': RobustScaler(copy=False)}",-0.1653614021714831,-0.1653614021714831,0.0,2,1.079519060587391
1,2446.852503299713,0.0,33.86793327331543,0.0,mad_scaling_clipping_trial_time,power_phase_circular,HistGradientBoostingRegressor,,FunctionTransformer(func=<function reshape at 0x7fb1ce140040>),RobustScaler(copy=False),0.0,0.05,0.1,31.0,20.0,"{'first_scale': FunctionTransformer(func=<function mad_scaling_clipping_trial_time at 0x7fb1ce0fbe20>), 'frequency': FunctionTransformer(func=<function power_phase_circular at 0x7fb1ce0fb880>), 'model': HistGradientBoostingRegressor(early_stopping=True, max_iter=300,
                              n_iter_no_change=15, random_state=42,
                              scoring=None), 'model__l2_regularization': 0.0, 'model__learning_rate': 0.05, 'model__max_features': 0.1, 'model__max_leaf_nodes': 31, 'model__min_samples_leaf': 20, 'reshape': FunctionTransformer(func=<function reshape at 0x7fb1ce140040>), 'second_scale': RobustScaler(copy=False)}",0.0935351203616841,0.0935351203616841,0.0,1,0.9520844918589505
0,2004.6593639850616,0.0,13.72650671005249,0.0,passthrough,power_phase_circular,HistGradientBoostingRegressor,,FunctionTransformer(func=<function reshape at 0x7fb1ce140040>),passthrough,0.0,0.05,0.2,31.0,20.0,"{'first_scale': 'passthrough', 'frequency': FunctionTransformer(func=<function power_phase_circular at 0x7fb1ce0fb880>), 'model': HistGradientBoostingRegressor(early_stopping=True, max_iter=300,
                              n_iter_no_change=15, random_state=42,
                              scoring=None), 'model__l2_regularization': 0.0, 'model__learning_rate': 0.05, 'model__max_features': 0.2, 'model__max_leaf_nodes': 31, 'model__min_samples_leaf': 20, 'reshape': FunctionTransformer(func=<function reshape at 0x7fb1ce140040>), 'second_scale': 'passthrough'}",0.09120498112357656,0.09120498112357656,0.0,1,0.9533074104801784
1,1886.1568548679352,0.0,32.70060396194458,0.0,mad_scaling_clipping_trial_time,power_phase_circular,HistGradientBoostingRegressor,,FunctionTransformer(func=<function reshape at 0x7fb1ce140040>),passthrough,0.0,0.1,0.2,31.0,20.0,"{'first_scale': FunctionTransformer(func=<function mad_scaling_clipping_trial_time at 0x7fb1ce0fbe20>), 'frequency': FunctionTransformer(func=<function power_phase_circular at 0x7fb1ce0fb880>), 'model': HistGradientBoostingRegressor(early_stopping=True, max_iter=300,
                              n_iter_no_change=15, random_state=42,
                              scoring=None), 'model__l2_regularization': 0.0, 'model__learning_rate': 0.1, 'model__max_features': 0.2, 'model__max_leaf_nodes': 31, 'model__min_samples_leaf': 20, 'reshape': FunctionTransformer(func=<function reshape at 0x7fb1ce140040>), 'second_scale': 'passthrough'}",0.07799849573888673,0.07799849573888673,0.0,2,0.9602090940316662
0,2078.962311029434,0.0,10.57988452911377,0.0,passthrough,power_phase_circular,HistGradientBoostingRegressor,,FunctionTransformer(func=<function reshape at 0x7fb1ce140040>),RobustScaler(copy=False),0.0,0.05,0.05,31.0,20.0,"{'first_scale': 'passthrough', 'frequency': FunctionTransformer(func=<function power_phase_circular at 0x7fb1ce0fb880>), 'model': HistGradientBoostingRegressor(early_stopping=True, max_iter=300,
                              n_iter_no_change=15, random_state=42,
                              scoring=None), 'model__l2_regularization': 0.0, 'model__learning_rate': 0.05, 'model__max_features': 0.05, 'model__max_leaf_nodes': 31, 'model__min_samples_leaf': 20, 'reshape': FunctionTransformer(func=<function reshape at 0x7fb1ce140040>), 'second_scale': RobustScaler(copy=False)}",0.09021205010358191,0.09021205010358191,0.0,1,0.9538280504873078
1,1821.1056470870972,0.0,37.49476170539856,0.0,mad_scaling_clipping_trial_time,power_phase_circular,HistGradientBoostingRegressor,,FunctionTransformer(func=<function reshape at 0x7fb1ce140040>),RobustScaler(copy=False),0.0,0.1,0.05,31.0,20.0,"{'first_scale': FunctionTransformer(func=<function mad_scaling_clipping_trial_time at 0x7fb1ce0fbe20>), 'frequency': FunctionTransformer(func=<function power_phase_circular at 0x7fb1ce0fb880>), 'model': HistGradientBoostingRegressor(early_stopping=True, max_iter=300,
                              n_iter_no_change=15, random_state=42,
                              scoring=None), 'model__l2_regularization': 0.0, 'model__learning_rate': 0.1, 'model__max_features': 0.05, 'model__max_leaf_nodes': 31, 'model__min_samples_leaf': 20, 'reshape': FunctionTransformer(func=<function reshape at 0x7fb1ce140040>), 'second_scale': RobustScaler(copy=False)}",0.08358222353002498,0.08358222353002498,0.0,2,0.9572971202662082
0,1012.0117363929749,0.0,7.60810399055481,0.0,passthrough,power_phase_circular,Ridge,0.0002310129700083158,FunctionTransformer(func=<function reshape at 0x7fb1ce140040>),RobustScaler(copy=False),,,,,,"{'first_scale': 'passthrough', 'frequency': FunctionTransformer(func=<function power_phase_circular at 0x7fb1ce0fb880>), 'model': Ridge(solver='lsqr'), 'model__alpha': 0.0002310129700083158, 'reshape': FunctionTransformer(func=<function reshape at 0x7fb1ce140040>), 'second_scale': RobustScaler(copy=False)}",-16.211847245376116,-16.211847245376116,0.0,2,4.148716337058502
1,1168.0059616565704,0.0,8.864845991134644,0.0,passthrough,power_phase_circular,HistGradientBoostingRegressor,,FunctionTransformer(func=<function reshape at 0x7fb1ce140040>),RobustScaler(copy=False),0.001,0.1,0.1,63.0,20.0,"{'first_scale': 'passthrough', 'frequency': FunctionTransformer(func=<function power_phase_circular at 0x7fb1ce0fb880>), 'model': HistGradientBoostingRegressor(early_stopping=True, max_iter=300,
                              n_iter_no_change=15, random_state=42,
                              scoring=None), 'model__l2_regularization': 0.001, 'model__learning_rate': 0.1, 'model__max_features': 0.1, 'model__max_leaf_nodes': 63, 'model__min_samples_leaf': 20, 'reshape': FunctionTransformer(func=<function reshape at 0x7fb1ce140040>), 'second_scale': RobustScaler(copy=False)}",0.07360526798046829,0.07360526798046829,0.0,1,0.9624940166149251
0,1598.2238101959229,0.0,9.660949468612671,0.0,passthrough,power_phase_circular,Ridge,0.18738174228603868,FunctionTransformer(func=<function reshape at 0x7fb1ce140040>),RobustScaler(copy=False),,,,,,"{'first_scale': 'passthrough', 'frequency': FunctionTransformer(func=<function power_phase_circular at 0x7fb1ce0fb880>), 'model': Ridge(solver='lsqr'), 'model__alpha': 0.18738174228603868, 'reshape': FunctionTransformer(func=<function reshape at 0x7fb1ce140040>), 'second_scale': RobustScaler(copy=False)}",-16.211847245376116,-16.211847245376116,0.0,2,4.148716337058502
1,2457.9554047584534,0.0,11.71050763130188,0.0,passthrough,power_phase_circular,HistGradientBoostingRegressor,,FunctionTransformer(func=<function reshape at 0x7fb1ce140040>),RobustScaler(copy=False),0.001,0.1,0.2,63.0,20.0,"{'first_scale': 'passthrough', 'frequency': FunctionTransformer(func=<function power_phase_circular at 0x7fb1ce0fb880>), 'model': HistGradientBoostingRegressor(early_stopping=True, max_iter=300,
                              n_iter_no_change=15, random_state=42,
                              scoring=None), 'model__l2_regularization': 0.001, 'model__learning_rate': 0.1, 'model__max_features': 0.2, 'model__max_leaf_nodes': 63, 'model__min_samples_leaf': 20, 'reshape': FunctionTransformer(func=<function reshape at 0x7fb1ce140040>), 'second_scale': RobustScaler(copy=False)}",0.06268539714035759,0.06268539714035759,0.0,1,0.968150093146534
0,1707.4535117149353,0.0,159.34502720832825,0.0,mad_scaling_clipping_channel_trial,power_phase_circular,Ridge,3511191.7342151417,FunctionTransformer(func=<function reshape at 0x7fb1ce140040>),passthrough,,,,,,"{'first_scale': FunctionTransformer(func=<function mad_scaling_clipping_channel_trial at 0x7fb1ce0fbd80>), 'frequency': FunctionTransformer(func=<function power_phase_circular at 0x7fb1ce0fb880>), 'model': Ridge(solver='lsqr'), 'model__alpha': 3511191.7342151417, 'reshape': FunctionTransformer(func=<function reshape at 0x7fb1ce140040>), 'second_scale': 'passthrough'}",0.030003633670519392,0.030003633670519392,0.0,2,0.9848839354611693
1,8792.52638912201,0.0,170.50880813598633,0.0,mad_scaling_clipping_channel_trial,power_phase_circular,HistGradientBoostingRegressor,,FunctionTransformer(func=<function reshape at 0x7fb1ce140040>),passthrough,0.001,0.05,0.2,31.0,20.0,"{'first_scale': FunctionTransformer(func=<function mad_scaling_clipping_channel_trial at 0x7fb1ce0fbd80>), 'frequency': FunctionTransformer(func=<function power_phase_circular at 0x7fb1ce0fb880>), 'model': HistGradientBoostingRegressor(early_stopping=True, max_iter=300,
                              n_iter_no_change=15, random_state=42,
                              scoring=None), 'model__l2_regularization': 0.001, 'model__learning_rate': 0.05, 'model__max_features': 0.2, 'model__max_leaf_nodes': 31, 'model__min_samples_leaf': 20, 'reshape': FunctionTransformer(func=<function reshape at 0x7fb1ce140040>), 'second_scale': 'passthrough'}",0.08172446815800471,0.08172446815800471,0.0,1,0.9582669418497098
0,7722.294167280197,0.0,74.77903056144714,0.0,passthrough,power_phase_circular,HistGradientBoostingRegressor,,FunctionTransformer(func=<function reshape at 0x7fb1ce140040>),RobustScaler(copy=False),0.0,0.1,0.2,31.0,20.0,"{'first_scale': 'passthrough', 'frequency': FunctionTransformer(func=<function power_phase_circular at 0x7fb1ce0fb880>), 'model': HistGradientBoostingRegressor(early_stopping=True, max_iter=300,
                              n_iter_no_change=15, random_state=42,
                              scoring=None), 'model__l2_regularization': 0.0, 'model__learning_rate': 0.1, 'model__max_features': 0.2, 'model__max_leaf_nodes': 31, 'model__min_samples_leaf': 20, 'reshape': FunctionTransformer(func=<function reshape at 0x7fb1ce140040>), 'second_scale': RobustScaler(copy=False)}",0.0825967601799722,0.0825967601799722,0.0,2,0.9578116932988592
1,10252.412461042404,0.0,192.27244663238525,0.0,mad_scaling_clipping_trial_time,power_phase_circular,HistGradientBoostingRegressor,,FunctionTransformer(func=<function reshape at 0x7fb1ce140040>),RobustScaler(copy=False),0.001,0.05,0.2,31.0,20.0,"{'first_scale': FunctionTransformer(func=<function mad_scaling_clipping_trial_time at 0x7fb1ce0fbe20>), 'frequency': FunctionTransformer(func=<function power_phase_circular at 0x7fb1ce0fb880>), 'model': HistGradientBoostingRegressor(early_stopping=True, max_iter=300,
                              n_iter_no_change=15, random_state=42,
                              scoring=None), 'model__l2_regularization': 0.001, 'model__learning_rate': 0.05, 'model__max_features': 0.2, 'model__max_leaf_nodes': 31, 'model__min_samples_leaf': 20, 'reshape': FunctionTransformer(func=<function reshape at 0x7fb1ce140040>), 'second_scale': RobustScaler(copy=False)}",0.0923644269538566,0.0923644269538566,0.0,1,0.9526990989006673
0,2071.8864619731903,0.0,11.703283548355103,0.0,passthrough,power_phase_circular,HistGradientBoostingRegressor,,FunctionTransformer(func=<function reshape at 0x7fb1ce140040>),RobustScaler(copy=False),0.001,0.05,0.1,31.0,20.0,"{'first_scale': 'passthrough', 'frequency': FunctionTransformer(func=<function power_phase_circular at 0x7fb1ce0fb880>), 'model': HistGradientBoostingRegressor(early_stopping=True, max_iter=300,
                              n_iter_no_change=15, random_state=42,
                              scoring=None), 'model__l2_regularization': 0.001, 'model__learning_rate': 0.05, 'model__max_features': 0.1, 'model__max_leaf_nodes': 31, 'model__min_samples_leaf': 20, 'reshape': FunctionTransformer(func=<function reshape at 0x7fb1ce140040>), 'second_scale': RobustScaler(copy=False)}",0.08962547530713683,0.08962547530713683,0.0,1,0.9541354855013323
1,1848.067223072052,0.0,28.39727807044983,0.0,mad_scaling_clipping_trial_time,power_phase_circular,HistGradientBoostingRegressor,,FunctionTransformer(func=<function reshape at 0x7fb1ce140040>),RobustScaler(copy=False),0.001,0.1,0.1,31.0,20.0,"{'first_scale': FunctionTransformer(func=<function mad_scaling_clipping_trial_time at 0x7fb1ce0fbe20>), 'frequency': FunctionTransformer(func=<function power_phase_circular at 0x7fb1ce0fb880>), 'model': HistGradientBoostingRegressor(early_stopping=True, max_iter=300,
                              n_iter_no_change=15, random_state=42,
                              scoring=None), 'model__l2_regularization': 0.001, 'model__learning_rate': 0.1, 'model__max_features': 0.1, 'model__max_leaf_nodes': 31, 'model__min_samples_leaf': 20, 'reshape': FunctionTransformer(func=<function reshape at 0x7fb1ce140040>), 'second_scale': RobustScaler(copy=False)}",0.08330266112972451,0.08330266112972451,0.0,2,0.9574431256582688
0,990.0333783626556,0.0,23.302311182022095,0.0,mad_scaling_clipping_channel_trial,power_phase_circular,Ridge,8.111308307896873e-06,FunctionTransformer(func=<function reshape at 0x7fb1ce140040>),RobustScaler(copy=False),,,,,,"{'first_scale': FunctionTransformer(func=<function mad_scaling_clipping_channel_trial at 0x7fb1ce0fbd80>), 'frequency': FunctionTransformer(func=<function power_phase_circular at 0x7fb1ce0fb880>), 'model': Ridge(solver='lsqr'), 'model__alpha': 8.111308307896873e-06, 'reshape': FunctionTransformer(func=<function reshape at 0x7fb1ce140040>), 'second_scale': RobustScaler(copy=False)}",-0.5698768348976928,-0.5698768348976928,0.0,2,1.2529472594238327
1,1636.765953540802,0.0,24.952507495880127,0.0,mad_scaling_clipping_channel_trial,power_phase_circular,HistGradientBoostingRegressor,,FunctionTransformer(func=<function reshape at 0x7fb1ce140040>),RobustScaler(copy=False),0.0,0.1,0.1,31.0,20.0,"{'first_scale': FunctionTransformer(func=<function mad_scaling_clipping_channel_trial at 0x7fb1ce0fbd80>), 'frequency': FunctionTransformer(func=<function power_phase_circular at 0x7fb1ce0fb880>), 'model': HistGradientBoostingRegressor(early_stopping=True, max_iter=300,
                              n_iter_no_change=15, random_state=42,
                              scoring=None), 'model__l2_regularization': 0.0, 'model__learning_rate': 0.1, 'model__max_features': 0.1, 'model__max_leaf_nodes': 31, 'model__min_samples_leaf': 20, 'reshape': FunctionTransformer(func=<function reshape at 0x7fb1ce140040>), 'second_scale': RobustScaler(copy=False)}",0.0726568301390399,0.0726568301390399,0.0,1,0.9629865886194678
0,297.41043305397034,0.0,29.480038166046143,0.0,mad_scaling_clipping_trial_time,power_phase_circular,Ridge,3511191.7342151417,FunctionTransformer(func=<function reshape at 0x7fb1ce140040>),passthrough,,,,,,"{'first_scale': FunctionTransformer(func=<function mad_scaling_clipping_trial_time at 0x7fb1ce0fbe20>), 'frequency': FunctionTransformer(func=<function power_phase_circular at 0x7fb1ce0fb880>), 'model': Ridge(solver='lsqr'), 'model__alpha': 3511191.7342151417, 'reshape': FunctionTransformer(func=<function reshape at 0x7fb1ce140040>), 'second_scale': 'passthrough'}",0.013755777568908112,0.013755777568908112,0.0,2,0.9930982944457672
1,2149.9284183979034,0.0,32.47791385650635,0.0,mad_scaling_clipping_trial_time,power_phase_circular,HistGradientBoostingRegressor,,FunctionTransformer(func=<function reshape at 0x7fb1ce140040>),passthrough,0.0,0.05,0.2,31.0,20.0,"{'first_scale': FunctionTransformer(func=<function mad_scaling_clipping_trial_time at 0x7fb1ce0fbe20>), 'frequency': FunctionTransformer(func=<function power_phase_circular at 0x7fb1ce0fb880>), 'model': HistGradientBoostingRegressor(early_stopping=True, max_iter=300,
                              n_iter_no_change=15, random_state=42,
                              scoring=None), 'model__l2_regularization': 0.0, 'model__learning_rate': 0.05, 'model__max_features': 0.2, 'model__max_leaf_nodes': 31, 'model__min_samples_leaf': 20, 'reshape': FunctionTransformer(func=<function reshape at 0x7fb1ce140040>), 'second_scale': 'passthrough'}",0.09225021468328642,0.09225021468328642,0.0,1,0.9527590384334926
0,3180.544087409973,0.0,14.903680562973022,0.0,passthrough,power_phase_circular,HistGradientBoostingRegressor,,FunctionTransformer(func=<function reshape at 0x7fb1ce140040>),RobustScaler(copy=False),0.001,0.05,0.05,31.0,20.0,"{'first_scale': 'passthrough', 'frequency': FunctionTransformer(func=<function power_phase_circular at 0x7fb1ce0fb880>), 'model': HistGradientBoostingRegressor(early_stopping=True, max_iter=300,
                              n_iter_no_change=15, random_state=42,
                              scoring=None), 'model__l2_regularization': 0.001, 'model__learning_rate': 0.05, 'model__max_features': 0.05, 'model__max_leaf_nodes': 31, 'model__min_samples_leaf': 20, 'reshape': FunctionTransformer(func=<function reshape at 0x7fb1ce140040>), 'second_scale': RobustScaler(copy=False)}",0.09021224847289044,0.09021224847289044,0.0,1,0.9538279465014168
1,2893.3744089603424,0.0,38.21665024757385,0.0,mad_scaling_clipping_trial_time,power_phase_circular,HistGradientBoostingRegressor,,FunctionTransformer(func=<function reshape at 0x7fb1ce140040>),RobustScaler(copy=False),0.001,0.1,0.05,31.0,20.0,"{'first_scale': FunctionTransformer(func=<function mad_scaling_clipping_trial_time at 0x7fb1ce0fbe20>), 'frequency': FunctionTransformer(func=<function power_phase_circular at 0x7fb1ce0fb880>), 'model': HistGradientBoostingRegressor(early_stopping=True, max_iter=300,
                              n_iter_no_change=15, random_state=42,
                              scoring=None), 'model__l2_regularization': 0.001, 'model__learning_rate': 0.1, 'model__max_features': 0.05, 'model__max_leaf_nodes': 31, 'model__min_samples_leaf': 20, 'reshape': FunctionTransformer(func=<function reshape at 0x7fb1ce140040>), 'second_scale': RobustScaler(copy=False)}",0.08347253005990796,0.08347253005990796,0.0,2,0.9573544118768619
0,1210.3840277194977,0.0,13.825802564620972,0.0,passthrough,power_phase_circular,Ridge,0.006579332246575682,FunctionTransformer(func=<function reshape at 0x7fb1ce140040>),RobustScaler(copy=False),,,,,,"{'first_scale': 'passthrough', 'frequency': FunctionTransformer(func=<function power_phase_circular at 0x7fb1ce0fb880>), 'model': Ridge(solver='lsqr'), 'model__alpha': 0.006579332246575682, 'reshape': FunctionTransformer(func=<function reshape at 0x7fb1ce140040>), 'second_scale': RobustScaler(copy=False)}",-20.340529895023245,-20.340529895023245,0.0,2,4.619581138482498
1,2207.983892440796,0.0,17.059184312820435,0.0,passthrough,power_phase_circular,HistGradientBoostingRegressor,,FunctionTransformer(func=<function reshape at 0x7fb1ce140040>),RobustScaler(copy=False),0.001,0.1,0.2,31.0,20.0,"{'first_scale': 'passthrough', 'frequency': FunctionTransformer(func=<function power_phase_circular at 0x7fb1ce0fb880>), 'model': HistGradientBoostingRegressor(early_stopping=True, max_iter=300,
                              n_iter_no_change=15, random_state=42,
                              scoring=None), 'model__l2_regularization': 0.001, 'model__learning_rate': 0.1, 'model__max_features': 0.2, 'model__max_leaf_nodes': 31, 'model__min_samples_leaf': 20, 'reshape': FunctionTransformer(func=<function reshape at 0x7fb1ce140040>), 'second_scale': RobustScaler(copy=False)}",0.08259739829444546,0.08259739829444546,0.0,1,0.957811360188192
0,1022.7353477478027,0.0,7.546705961227417,0.0,passthrough,power_phase_circular,Ridge,8.111308307896873e-06,FunctionTransformer(func=<function reshape at 0x7fb1ce140040>),RobustScaler(copy=False),,,,,,"{'first_scale': 'passthrough', 'frequency': FunctionTransformer(func=<function power_phase_circular at 0x7fb1ce0fb880>), 'model': Ridge(solver='lsqr'), 'model__alpha': 8.111308307896873e-06, 'reshape': FunctionTransformer(func=<function reshape at 0x7fb1ce140040>), 'second_scale': RobustScaler(copy=False)}",-16.211847245376116,-16.211847245376116,0.0,2,4.148716337058502
1,844.4347634315491,0.0,8.802546977996826,0.0,passthrough,power_phase_circular,HistGradientBoostingRegressor,,FunctionTransformer(func=<function reshape at 0x7fb1ce140040>),RobustScaler(copy=False),0.001,0.1,0.1,31.0,20.0,"{'first_scale': 'passthrough', 'frequency': FunctionTransformer(func=<function power_phase_circular at 0x7fb1ce0fb880>), 'model': HistGradientBoostingRegressor(early_stopping=True, max_iter=300,
                              n_iter_no_change=15, random_state=42,
                              scoring=None), 'model__l2_regularization': 0.001, 'model__learning_rate': 0.1, 'model__max_features': 0.1, 'model__max_leaf_nodes': 31, 'model__min_samples_leaf': 20, 'reshape': FunctionTransformer(func=<function reshape at 0x7fb1ce140040>), 'second_scale': RobustScaler(copy=False)}",0.07842798608550505,0.07842798608550505,0.0,1,0.9599854238031403
0,279.68558835983276,0.0,7.037195920944214,0.0,passthrough,power_phase_circular,Ridge,8.111308307896873e-06,FunctionTransformer(func=<function reshape at 0x7fb1ce140040>),passthrough,,,,,,"{'first_scale': 'passthrough', 'frequency': FunctionTransformer(func=<function power_phase_circular at 0x7fb1ce0fb880>), 'model': Ridge(solver='lsqr'), 'model__alpha': 8.111308307896873e-06, 'reshape': FunctionTransformer(func=<function reshape at 0x7fb1ce140040>), 'second_scale': 'passthrough'}",-0.2641796387400239,-0.2641796387400239,0.0,2,1.1243574337104834
1,970.1524269580841,0.0,8.389701128005981,0.0,passthrough,power_phase_circular,HistGradientBoostingRegressor,,FunctionTransformer(func=<function reshape at 0x7fb1ce140040>),passthrough,0.001,0.1,0.1,31.0,20.0,"{'first_scale': 'passthrough', 'frequency': FunctionTransformer(func=<function power_phase_circular at 0x7fb1ce0fb880>), 'model': HistGradientBoostingRegressor(early_stopping=True, max_iter=300,
                              n_iter_no_change=15, random_state=42,
                              scoring=None), 'model__l2_regularization': 0.001, 'model__learning_rate': 0.1, 'model__max_features': 0.1, 'model__max_leaf_nodes': 31, 'model__min_samples_leaf': 20, 'reshape': FunctionTransformer(func=<function reshape at 0x7fb1ce140040>), 'second_scale': 'passthrough'}",0.07376599110134818,0.07376599110134818,0.0,1,0.9624105199438813
0,820.3540327548981,0.0,30.39018487930298,0.0,mad_scaling_clipping_trial_time,power_phase_circular,Ridge,151.99110829529332,FunctionTransformer(func=<function reshape at 0x7fb1ce140040>),passthrough,,,,,,"{'first_scale': FunctionTransformer(func=<function mad_scaling_clipping_trial_time at 0x7fb1ce0fbe20>), 'frequency': FunctionTransformer(func=<function power_phase_circular at 0x7fb1ce0fb880>), 'model': Ridge(solver='lsqr'), 'model__alpha': 151.99110829529332, 'reshape': FunctionTransformer(func=<function reshape at 0x7fb1ce140040>), 'second_scale': 'passthrough'}",-0.3628374082823276,-0.3628374082823276,0.0,2,1.1674062738748356
1,3419.535987138748,0.0,34.45127749443054,0.0,mad_scaling_clipping_trial_time,power_phase_circular,HistGradientBoostingRegressor,,FunctionTransformer(func=<function reshape at 0x7fb1ce140040>),passthrough,0.0,0.05,0.05,63.0,20.0,"{'first_scale': FunctionTransformer(func=<function mad_scaling_clipping_trial_time at 0x7fb1ce0fbe20>), 'frequency': FunctionTransformer(func=<function power_phase_circular at 0x7fb1ce0fb880>), 'model': HistGradientBoostingRegressor(early_stopping=True, max_iter=300,
                              n_iter_no_change=15, random_state=42,
                              scoring=None), 'model__l2_regularization': 0.0, 'model__learning_rate': 0.05, 'model__max_features': 0.05, 'model__max_leaf_nodes': 63, 'model__min_samples_leaf': 20, 'reshape': FunctionTransformer(func=<function reshape at 0x7fb1ce140040>), 'second_scale': 'passthrough'}",0.09086381785454356,0.09086381785454356,0.0,1,0.9534863303401137
0,3708.078473329544,0.0,15.548604011535645,0.0,passthrough,power_phase_circular,HistGradientBoostingRegressor,,FunctionTransformer(func=<function reshape at 0x7fb1ce140040>),RobustScaler(copy=False),0.001,0.05,0.2,63.0,20.0,"{'first_scale': 'passthrough', 'frequency': FunctionTransformer(func=<function power_phase_circular at 0x7fb1ce0fb880>), 'model': HistGradientBoostingRegressor(early_stopping=True, max_iter=300,
                              n_iter_no_change=15, random_state=42,
                              scoring=None), 'model__l2_regularization': 0.001, 'model__learning_rate': 0.05, 'model__max_features': 0.2, 'model__max_leaf_nodes': 63, 'model__min_samples_leaf': 20, 'reshape': FunctionTransformer(func=<function reshape at 0x7fb1ce140040>), 'second_scale': RobustScaler(copy=False)}",0.08643894836908439,0.08643894836908439,0.0,1,0.9558038771792651
1,2625.0053668022156,0.0,35.78831505775452,0.0,mad_scaling_clipping_trial_time,power_phase_circular,HistGradientBoostingRegressor,,FunctionTransformer(func=<function reshape at 0x7fb1ce140040>),RobustScaler(copy=False),0.001,0.1,0.2,63.0,20.0,"{'first_scale': FunctionTransformer(func=<function mad_scaling_clipping_trial_time at 0x7fb1ce0fbe20>), 'frequency': FunctionTransformer(func=<function power_phase_circular at 0x7fb1ce0fb880>), 'model': HistGradientBoostingRegressor(early_stopping=True, max_iter=300,
                              n_iter_no_change=15, random_state=42,
                              scoring=None), 'model__l2_regularization': 0.001, 'model__learning_rate': 0.1, 'model__max_features': 0.2, 'model__max_leaf_nodes': 63, 'model__min_samples_leaf': 20, 'reshape': FunctionTransformer(func=<function reshape at 0x7fb1ce140040>), 'second_scale': RobustScaler(copy=False)}",0.07389278333700855,0.07389278333700855,0.0,2,0.9623446454690707
0,2034.2968559265137,0.0,9.725248098373413,0.0,passthrough,power_phase_circular,HistGradientBoostingRegressor,,FunctionTransformer(func=<function reshape at 0x7fb1ce140040>),RobustScaler(copy=False),0.0,0.05,0.2,63.0,20.0,"{'first_scale': 'passthrough', 'frequency': FunctionTransformer(func=<function power_phase_circular at 0x7fb1ce0fb880>), 'model': HistGradientBoostingRegressor(early_stopping=True, max_iter=300,
                              n_iter_no_change=15, random_state=42,
                              scoring=None), 'model__l2_regularization': 0.0, 'model__learning_rate': 0.05, 'model__max_features': 0.2, 'model__max_leaf_nodes': 63, 'model__min_samples_leaf': 20, 'reshape': FunctionTransformer(func=<function reshape at 0x7fb1ce140040>), 'second_scale': RobustScaler(copy=False)}",0.08613029043247888,0.08613029043247888,0.0,1,0.9559653286430011
1,1792.2812073230743,0.0,24.235955476760864,0.0,mad_scaling_clipping_trial_time,power_phase_circular,HistGradientBoostingRegressor,,FunctionTransformer(func=<function reshape at 0x7fb1ce140040>),RobustScaler(copy=False),0.0,0.1,0.2,63.0,20.0,"{'first_scale': FunctionTransformer(func=<function mad_scaling_clipping_trial_time at 0x7fb1ce0fbe20>), 'frequency': FunctionTransformer(func=<function power_phase_circular at 0x7fb1ce0fb880>), 'model': HistGradientBoostingRegressor(early_stopping=True, max_iter=300,
                              n_iter_no_change=15, random_state=42,
                              scoring=None), 'model__l2_regularization': 0.0, 'model__learning_rate': 0.1, 'model__max_features': 0.2, 'model__max_leaf_nodes': 63, 'model__min_samples_leaf': 20, 'reshape': FunctionTransformer(func=<function reshape at 0x7fb1ce140040>), 'second_scale': RobustScaler(copy=False)}",0.07576855796853299,0.07576855796853299,0.0,2,0.9613695657921916
0,813.4043502807617,0.0,29.599980354309082,0.0,mad_scaling_clipping_channel_trial,power_phase_circular,Ridge,151.99110829529332,FunctionTransformer(func=<function reshape at 0x7fb1ce140040>),RobustScaler(copy=False),,,,,,"{'first_scale': FunctionTransformer(func=<function mad_scaling_clipping_channel_trial at 0x7fb1ce0fbd80>), 'frequency': FunctionTransformer(func=<function power_phase_circular at 0x7fb1ce0fb880>), 'model': Ridge(solver='lsqr'), 'model__alpha': 151.99110829529332, 'reshape': FunctionTransformer(func=<function reshape at 0x7fb1ce140040>), 'second_scale': RobustScaler(copy=False)}",-0.48574771937514716,-0.48574771937514716,0.0,2,1.2189125150621545
1,3122.61998128891,0.0,32.83902192115784,0.0,mad_scaling_clipping_channel_trial,power_phase_circular,HistGradientBoostingRegressor,,FunctionTransformer(func=<function reshape at 0x7fb1ce140040>),RobustScaler(copy=False),0.001,0.05,0.05,63.0,20.0,"{'first_scale': FunctionTransformer(func=<function mad_scaling_clipping_channel_trial at 0x7fb1ce0fbd80>), 'frequency': FunctionTransformer(func=<function power_phase_circular at 0x7fb1ce0fb880>), 'model': HistGradientBoostingRegressor(early_stopping=True, max_iter=300,
                              n_iter_no_change=15, random_state=42,
                              scoring=None), 'model__l2_regularization': 0.001, 'model__learning_rate': 0.05, 'model__max_features': 0.05, 'model__max_leaf_nodes': 63, 'model__min_samples_leaf': 20, 'reshape': FunctionTransformer(func=<function reshape at 0x7fb1ce140040>), 'second_scale': RobustScaler(copy=False)}",0.07651900758373076,0.07651900758373076,0.0,1,0.9609791841742823
0,1031.2612600326538,0.0,9.739513397216797,0.0,passthrough,power_phase_circular,Ridge,3511191.7342151417,FunctionTransformer(func=<function reshape at 0x7fb1ce140040>),RobustScaler(copy=False),,,,,,"{'first_scale': 'passthrough', 'frequency': FunctionTransformer(func=<function power_phase_circular at 0x7fb1ce0fb880>), 'model': Ridge(solver='lsqr'), 'model__alpha': 3511191.7342151417, 'reshape': FunctionTransformer(func=<function reshape at 0x7fb1ce140040>), 'second_scale': RobustScaler(copy=False)}",-1.4087794102405433,-1.4087794102405433,0.0,2,1.5520242943461109
1,2171.1855800151825,0.0,25.31255340576172,0.0,mad_scaling_clipping_channel_trial,power_phase_circular,HistGradientBoostingRegressor,,FunctionTransformer(func=<function reshape at 0x7fb1ce140040>),RobustScaler(copy=False),0.0,0.05,0.2,31.0,20.0,"{'first_scale': FunctionTransformer(func=<function mad_scaling_clipping_channel_trial at 0x7fb1ce0fbd80>), 'frequency': FunctionTransformer(func=<function power_phase_circular at 0x7fb1ce0fb880>), 'model': HistGradientBoostingRegressor(early_stopping=True, max_iter=300,
                              n_iter_no_change=15, random_state=42,
                              scoring=None), 'model__l2_regularization': 0.0, 'model__learning_rate': 0.05, 'model__max_features': 0.2, 'model__max_leaf_nodes': 31, 'model__min_samples_leaf': 20, 'reshape': FunctionTransformer(func=<function reshape at 0x7fb1ce140040>), 'second_scale': RobustScaler(copy=False)}",0.08101802907151001,0.08101802907151001,0.0,1,0.9586354734352834
0,3408.1005444526672,0.0,12.316349029541016,0.0,passthrough,power_phase_circular,HistGradientBoostingRegressor,,FunctionTransformer(func=<function reshape at 0x7fb1ce140040>),passthrough,0.001,0.05,0.05,63.0,20.0,"{'first_scale': 'passthrough', 'frequency': FunctionTransformer(func=<function power_phase_circular at 0x7fb1ce0fb880>), 'model': HistGradientBoostingRegressor(early_stopping=True, max_iter=300,
                              n_iter_no_change=15, random_state=42,
                              scoring=None), 'model__l2_regularization': 0.001, 'model__learning_rate': 0.05, 'model__max_features': 0.05, 'model__max_leaf_nodes': 63, 'model__min_samples_leaf': 20, 'reshape': FunctionTransformer(func=<function reshape at 0x7fb1ce140040>), 'second_scale': 'passthrough'}",0.08423436827623043,0.08423436827623043,0.0,1,0.9569564419156024
1,2669.3439836502075,0.0,36.803067445755005,0.0,mad_scaling_clipping_trial_time,power_phase_circular,HistGradientBoostingRegressor,,FunctionTransformer(func=<function reshape at 0x7fb1ce140040>),passthrough,0.001,0.1,0.05,63.0,20.0,"{'first_scale': FunctionTransformer(func=<function mad_scaling_clipping_trial_time at 0x7fb1ce0fbe20>), 'frequency': FunctionTransformer(func=<function power_phase_circular at 0x7fb1ce0fb880>), 'model': HistGradientBoostingRegressor(early_stopping=True, max_iter=300,
                              n_iter_no_change=15, random_state=42,
                              scoring=None), 'model__l2_regularization': 0.001, 'model__learning_rate': 0.1, 'model__max_features': 0.05, 'model__max_leaf_nodes': 63, 'model__min_samples_leaf': 20, 'reshape': FunctionTransformer(func=<function reshape at 0x7fb1ce140040>), 'second_scale': 'passthrough'}",0.0708149539820816,0.0708149539820816,0.0,2,0.9639424495362358
0,958.2066431045532,0.0,29.876753330230713,0.0,mad_scaling_clipping_channel_trial,power_phase_circular,Ridge,0.18738174228603868,FunctionTransformer(func=<function reshape at 0x7fb1ce140040>),RobustScaler(copy=False),,,,,,"{'first_scale': FunctionTransformer(func=<function mad_scaling_clipping_channel_trial at 0x7fb1ce0fbd80>), 'frequency': FunctionTransformer(func=<function power_phase_circular at 0x7fb1ce0fb880>), 'model': Ridge(solver='lsqr'), 'model__alpha': 0.18738174228603868, 'reshape': FunctionTransformer(func=<function reshape at 0x7fb1ce140040>), 'second_scale': RobustScaler(copy=False)}",-0.567015139465928,-0.567015139465928,0.0,2,1.2518047529331113
1,2906.147318124771,0.0,33.68683362007141,0.0,mad_scaling_clipping_channel_trial,power_phase_circular,HistGradientBoostingRegressor,,FunctionTransformer(func=<function reshape at 0x7fb1ce140040>),RobustScaler(copy=False),0.0,0.1,0.2,63.0,20.0,"{'first_scale': FunctionTransformer(func=<function mad_scaling_clipping_channel_trial at 0x7fb1ce0fbd80>), 'frequency': FunctionTransformer(func=<function power_phase_circular at 0x7fb1ce0fb880>), 'model': HistGradientBoostingRegressor(early_stopping=True, max_iter=300,
                              n_iter_no_change=15, random_state=42,
                              scoring=None), 'model__l2_regularization': 0.0, 'model__learning_rate': 0.1, 'model__max_features': 0.2, 'model__max_leaf_nodes': 63, 'model__min_samples_leaf': 20, 'reshape': FunctionTransformer(func=<function reshape at 0x7fb1ce140040>), 'second_scale': RobustScaler(copy=False)}",0.05513669048635028,0.05513669048635028,0.0,1,0.9720407962187851
0,1453.3419933319092,0.0,8.334226846694946,0.0,passthrough,power_phase_circular,HistGradientBoostingRegressor,,FunctionTransformer(func=<function reshape at 0x7fb1ce140040>),passthrough,0.0,0.1,0.05,63.0,20.0,"{'first_scale': 'passthrough', 'frequency': FunctionTransformer(func=<function power_phase_circular at 0x7fb1ce0fb880>), 'model': HistGradientBoostingRegressor(early_stopping=True, max_iter=300,
                              n_iter_no_change=15, random_state=42,
                              scoring=None), 'model__l2_regularization': 0.0, 'model__learning_rate': 0.1, 'model__max_features': 0.05, 'model__max_leaf_nodes': 63, 'model__min_samples_leaf': 20, 'reshape': FunctionTransformer(func=<function reshape at 0x7fb1ce140040>), 'second_scale': 'passthrough'}",0.0629099283429122,0.0629099283429122,0.0,2,0.9680341273204617
1,1609.3714020252228,0.0,21.825607776641846,0.0,mad_scaling_clipping_trial_time,power_phase_circular,HistGradientBoostingRegressor,,FunctionTransformer(func=<function reshape at 0x7fb1ce140040>),passthrough,0.001,0.05,0.05,63.0,20.0,"{'first_scale': FunctionTransformer(func=<function mad_scaling_clipping_trial_time at 0x7fb1ce0fbe20>), 'frequency': FunctionTransformer(func=<function power_phase_circular at 0x7fb1ce0fb880>), 'model': HistGradientBoostingRegressor(early_stopping=True, max_iter=300,
                              n_iter_no_change=15, random_state=42,
                              scoring=None), 'model__l2_regularization': 0.001, 'model__learning_rate': 0.05, 'model__max_features': 0.05, 'model__max_leaf_nodes': 63, 'model__min_samples_leaf': 20, 'reshape': FunctionTransformer(func=<function reshape at 0x7fb1ce140040>), 'second_scale': 'passthrough'}",0.0876493202508577,0.0876493202508577,0.0,1,0.9551704977380437
0,4105.7576513290405,0.0,14.29158878326416,0.0,passthrough,power_phase_circular,HistGradientBoostingRegressor,,FunctionTransformer(func=<function reshape at 0x7fb1ce140040>),passthrough,0.0,0.1,0.2,63.0,20.0,"{'first_scale': 'passthrough', 'frequency': FunctionTransformer(func=<function power_phase_circular at 0x7fb1ce0fb880>), 'model': HistGradientBoostingRegressor(early_stopping=True, max_iter=300,
                              n_iter_no_change=15, random_state=42,
                              scoring=None), 'model__l2_regularization': 0.0, 'model__learning_rate': 0.1, 'model__max_features': 0.2, 'model__max_leaf_nodes': 63, 'model__min_samples_leaf': 20, 'reshape': FunctionTransformer(func=<function reshape at 0x7fb1ce140040>), 'second_scale': 'passthrough'}",0.06506069573617845,0.06506069573617845,0.0,2,0.9669225947633149
1,4154.998309850693,0.0,46.58994102478027,0.0,mad_scaling_clipping_trial_time,power_phase_circular,HistGradientBoostingRegressor,,FunctionTransformer(func=<function reshape at 0x7fb1ce140040>),passthrough,0.001,0.05,0.2,63.0,20.0,"{'first_scale': FunctionTransformer(func=<function mad_scaling_clipping_trial_time at 0x7fb1ce0fbe20>), 'frequency': FunctionTransformer(func=<function power_phase_circular at 0x7fb1ce0fb880>), 'model': HistGradientBoostingRegressor(early_stopping=True, max_iter=300,
                              n_iter_no_change=15, random_state=42,
                              scoring=None), 'model__l2_regularization': 0.001, 'model__learning_rate': 0.05, 'model__max_features': 0.2, 'model__max_leaf_nodes': 63, 'model__min_samples_leaf': 20, 'reshape': FunctionTransformer(func=<function reshape at 0x7fb1ce140040>), 'second_scale': 'passthrough'}",0.09147887673705424,0.09147887673705424,0.0,1,0.9531637442029285
0,1656.719006538391,0.0,14.444794178009033,0.0,passthrough,power_phase_circular,HistGradientBoostingRegressor,,FunctionTransformer(func=<function reshape at 0x7fb1ce140040>),passthrough,0.0,0.1,0.05,31.0,20.0,"{'first_scale': 'passthrough', 'frequency': FunctionTransformer(func=<function power_phase_circular at 0x7fb1ce0fb880>), 'model': HistGradientBoostingRegressor(early_stopping=True, max_iter=300,
                              n_iter_no_change=15, random_state=42,
                              scoring=None), 'model__l2_regularization': 0.0, 'model__learning_rate': 0.1, 'model__max_features': 0.05, 'model__max_leaf_nodes': 31, 'model__min_samples_leaf': 20, 'reshape': FunctionTransformer(func=<function reshape at 0x7fb1ce140040>), 'second_scale': 'passthrough'}",0.07846403844005334,0.07846403844005334,0.0,2,0.9599666460663864
1,2352.176415681839,0.0,35.404640674591064,0.0,mad_scaling_clipping_trial_time,power_phase_circular,HistGradientBoostingRegressor,,FunctionTransformer(func=<function reshape at 0x7fb1ce140040>),passthrough,0.001,0.05,0.05,31.0,20.0,"{'first_scale': FunctionTransformer(func=<function mad_scaling_clipping_trial_time at 0x7fb1ce0fbe20>), 'frequency': FunctionTransformer(func=<function power_phase_circular at 0x7fb1ce0fb880>), 'model': HistGradientBoostingRegressor(early_stopping=True, max_iter=300,
                              n_iter_no_change=15, random_state=42,
                              scoring=None), 'model__l2_regularization': 0.001, 'model__learning_rate': 0.05, 'model__max_features': 0.05, 'model__max_leaf_nodes': 31, 'model__min_samples_leaf': 20, 'reshape': FunctionTransformer(func=<function reshape at 0x7fb1ce140040>), 'second_scale': 'passthrough'}",0.09410866393636164,0.09410866393636164,0.0,1,0.951783240062378
0,917.1513023376465,0.0,29.137263298034668,0.0,mad_scaling_clipping_channel_trial,power_phase_circular,Ridge,5.3366992312063015,FunctionTransformer(func=<function reshape at 0x7fb1ce140040>),RobustScaler(copy=False),,,,,,"{'first_scale': FunctionTransformer(func=<function mad_scaling_clipping_channel_trial at 0x7fb1ce0fbd80>), 'frequency': FunctionTransformer(func=<function power_phase_circular at 0x7fb1ce0fb880>), 'model': Ridge(solver='lsqr'), 'model__alpha': 5.3366992312063015, 'reshape': FunctionTransformer(func=<function reshape at 0x7fb1ce140040>), 'second_scale': RobustScaler(copy=False)}",-0.5639297201269027,-0.5639297201269027,0.0,2,1.2505717572882025
1,2423.73712182045,0.0,31.942386150360107,0.0,mad_scaling_clipping_channel_trial,power_phase_circular,HistGradientBoostingRegressor,,FunctionTransformer(func=<function reshape at 0x7fb1ce140040>),RobustScaler(copy=False),0.001,0.05,0.05,31.0,20.0,"{'first_scale': FunctionTransformer(func=<function mad_scaling_clipping_channel_trial at 0x7fb1ce0fbd80>), 'frequency': FunctionTransformer(func=<function power_phase_circular at 0x7fb1ce0fb880>), 'model': HistGradientBoostingRegressor(early_stopping=True, max_iter=300,
                              n_iter_no_change=15, random_state=42,
                              scoring=None), 'model__l2_regularization': 0.001, 'model__learning_rate': 0.05, 'model__max_features': 0.05, 'model__max_leaf_nodes': 31, 'model__min_samples_leaf': 20, 'reshape': FunctionTransformer(func=<function reshape at 0x7fb1ce140040>), 'second_scale': RobustScaler(copy=False)}",0.08212397968066909,0.08212397968066909,0.0,1,0.9580584639359598
0,582.9431524276733,0.0,26.349375009536743,0.0,mad_scaling_clipping_channel_trial,power_phase_circular,Ridge,4328.7612810830615,FunctionTransformer(func=<function reshape at 0x7fb1ce140040>),passthrough,,,,,,"{'first_scale': FunctionTransformer(func=<function mad_scaling_clipping_channel_trial at 0x7fb1ce0fbd80>), 'frequency': FunctionTransformer(func=<function power_phase_circular at 0x7fb1ce0fb880>), 'model': Ridge(solver='lsqr'), 'model__alpha': 4328.7612810830615, 'reshape': FunctionTransformer(func=<function reshape at 0x7fb1ce140040>), 'second_scale': 'passthrough'}",-0.19492940471541265,-0.19492940471541265,0.0,2,1.0931282654452827
1,1843.6302468776703,0.0,29.472288131713867,0.0,mad_scaling_clipping_channel_trial,power_phase_circular,HistGradientBoostingRegressor,,FunctionTransformer(func=<function reshape at 0x7fb1ce140040>),passthrough,0.001,0.05,0.1,31.0,20.0,"{'first_scale': FunctionTransformer(func=<function mad_scaling_clipping_channel_trial at 0x7fb1ce0fbd80>), 'frequency': FunctionTransformer(func=<function power_phase_circular at 0x7fb1ce0fb880>), 'model': HistGradientBoostingRegressor(early_stopping=True, max_iter=300,
                              n_iter_no_change=15, random_state=42,
                              scoring=None), 'model__l2_regularization': 0.001, 'model__learning_rate': 0.05, 'model__max_features': 0.1, 'model__max_leaf_nodes': 31, 'model__min_samples_leaf': 20, 'reshape': FunctionTransformer(func=<function reshape at 0x7fb1ce140040>), 'second_scale': 'passthrough'}",0.08264875529056082,0.08264875529056082,0.0,1,0.9577845502561833
0,883.7976403236389,0.0,33.03554606437683,0.0,mad_scaling_clipping_channel_trial,power_phase_circular,Ridge,3511191.7342151417,FunctionTransformer(func=<function reshape at 0x7fb1ce140040>),RobustScaler(copy=False),,,,,,"{'first_scale': FunctionTransformer(func=<function mad_scaling_clipping_channel_trial at 0x7fb1ce0fbd80>), 'frequency': FunctionTransformer(func=<function power_phase_circular at 0x7fb1ce0fb880>), 'model': Ridge(solver='lsqr'), 'model__alpha': 3511191.7342151417, 'reshape': FunctionTransformer(func=<function reshape at 0x7fb1ce140040>), 'second_scale': RobustScaler(copy=False)}",0.029804049191004545,0.029804049191004545,0.0,2,0.9849852541073879
1,2765.7371723651886,0.0,34.838536977767944,0.0,mad_scaling_clipping_channel_trial,power_phase_circular,HistGradientBoostingRegressor,,FunctionTransformer(func=<function reshape at 0x7fb1ce140040>),RobustScaler(copy=False),0.001,0.05,0.2,31.0,20.0,"{'first_scale': FunctionTransformer(func=<function mad_scaling_clipping_channel_trial at 0x7fb1ce0fbd80>), 'frequency': FunctionTransformer(func=<function power_phase_circular at 0x7fb1ce0fb880>), 'model': HistGradientBoostingRegressor(early_stopping=True, max_iter=300,
                              n_iter_no_change=15, random_state=42,
                              scoring=None), 'model__l2_regularization': 0.001, 'model__learning_rate': 0.05, 'model__max_features': 0.2, 'model__max_leaf_nodes': 31, 'model__min_samples_leaf': 20, 'reshape': FunctionTransformer(func=<function reshape at 0x7fb1ce140040>), 'second_scale': RobustScaler(copy=False)}",0.08101828295280455,0.08101828295280455,0.0,1,0.9586353410172167
0,178.0348722934723,0.0,22.09088945388794,0.0,mad_scaling_clipping_channel_trial,power_phase_circular,Ridge,100000000.0,FunctionTransformer(func=<function reshape at 0x7fb1ce140040>),passthrough,,,,,,"{'first_scale': FunctionTransformer(func=<function mad_scaling_clipping_channel_trial at 0x7fb1ce0fbd80>), 'frequency': FunctionTransformer(func=<function power_phase_circular at 0x7fb1ce0fb880>), 'model': Ridge(solver='lsqr'), 'model__alpha': 100000000.0, 'reshape': FunctionTransformer(func=<function reshape at 0x7fb1ce140040>), 'second_scale': 'passthrough'}",0.018233310582846607,0.018233310582846607,0.0,2,0.990841404775332
1,2291.893387079239,0.0,25.017958402633667,0.0,mad_scaling_clipping_channel_trial,power_phase_circular,HistGradientBoostingRegressor,,FunctionTransformer(func=<function reshape at 0x7fb1ce140040>),passthrough,0.001,0.05,0.2,63.0,20.0,"{'first_scale': FunctionTransformer(func=<function mad_scaling_clipping_channel_trial at 0x7fb1ce0fbd80>), 'frequency': FunctionTransformer(func=<function power_phase_circular at 0x7fb1ce0fb880>), 'model': HistGradientBoostingRegressor(early_stopping=True, max_iter=300,
                              n_iter_no_change=15, random_state=42,
                              scoring=None), 'model__l2_regularization': 0.001, 'model__learning_rate': 0.05, 'model__max_features': 0.2, 'model__max_leaf_nodes': 63, 'model__min_samples_leaf': 20, 'reshape': FunctionTransformer(func=<function reshape at 0x7fb1ce140040>), 'second_scale': 'passthrough'}",0.0770120990597285,0.0770120990597285,0.0,1,0.9607225931247123
0,3067.898094892502,0.0,13.91279649734497,0.0,passthrough,power_phase_circular,HistGradientBoostingRegressor,,FunctionTransformer(func=<function reshape at 0x7fb1ce140040>),passthrough,0.0,0.05,0.2,63.0,20.0,"{'first_scale': 'passthrough', 'frequency': FunctionTransformer(func=<function power_phase_circular at 0x7fb1ce0fb880>), 'model': HistGradientBoostingRegressor(early_stopping=True, max_iter=300,
                              n_iter_no_change=15, random_state=42,
                              scoring=None), 'model__l2_regularization': 0.0, 'model__learning_rate': 0.05, 'model__max_features': 0.2, 'model__max_leaf_nodes': 63, 'model__min_samples_leaf': 20, 'reshape': FunctionTransformer(func=<function reshape at 0x7fb1ce140040>), 'second_scale': 'passthrough'}",0.08543259772159073,0.08543259772159073,0.0,1,0.9563301743009102
1,2592.17729473114,0.0,33.766863107681274,0.0,mad_scaling_clipping_trial_time,power_phase_circular,HistGradientBoostingRegressor,,FunctionTransformer(func=<function reshape at 0x7fb1ce140040>),passthrough,0.0,0.1,0.2,63.0,20.0,"{'first_scale': FunctionTransformer(func=<function mad_scaling_clipping_trial_time at 0x7fb1ce0fbe20>), 'frequency': FunctionTransformer(func=<function power_phase_circular at 0x7fb1ce0fb880>), 'model': HistGradientBoostingRegressor(early_stopping=True, max_iter=300,
                              n_iter_no_change=15, random_state=42,
                              scoring=None), 'model__l2_regularization': 0.0, 'model__learning_rate': 0.1, 'model__max_features': 0.2, 'model__max_leaf_nodes': 63, 'model__min_samples_leaf': 20, 'reshape': FunctionTransformer(func=<function reshape at 0x7fb1ce140040>), 'second_scale': 'passthrough'}",0.07104620885185664,0.07104620885185664,0.0,2,0.9638224894388714
0,845.5799267292023,0.0,27.413910627365112,0.0,mad_scaling_clipping_channel_trial,power_phase_circular,Ridge,0.18738174228603868,FunctionTransformer(func=<function reshape at 0x7fb1ce140040>),passthrough,,,,,,"{'first_scale': FunctionTransformer(func=<function mad_scaling_clipping_channel_trial at 0x7fb1ce0fbd80>), 'frequency': FunctionTransformer(func=<function power_phase_circular at 0x7fb1ce0fb880>), 'model': Ridge(solver='lsqr'), 'model__alpha': 0.18738174228603868, 'reshape': FunctionTransformer(func=<function reshape at 0x7fb1ce140040>), 'second_scale': 'passthrough'}",-0.3910042468445296,-0.3910042468445296,0.0,2,1.1794084308858104
1,1679.51731300354,0.0,30.66672110557556,0.0,mad_scaling_clipping_channel_trial,power_phase_circular,HistGradientBoostingRegressor,,FunctionTransformer(func=<function reshape at 0x7fb1ce140040>),passthrough,0.0,0.1,0.2,63.0,20.0,"{'first_scale': FunctionTransformer(func=<function mad_scaling_clipping_channel_trial at 0x7fb1ce0fbd80>), 'frequency': FunctionTransformer(func=<function power_phase_circular at 0x7fb1ce0fb880>), 'model': HistGradientBoostingRegressor(early_stopping=True, max_iter=300,
                              n_iter_no_change=15, random_state=42,
                              scoring=None), 'model__l2_regularization': 0.0, 'model__learning_rate': 0.1, 'model__max_features': 0.2, 'model__max_leaf_nodes': 63, 'model__min_samples_leaf': 20, 'reshape': FunctionTransformer(func=<function reshape at 0x7fb1ce140040>), 'second_scale': 'passthrough'}",0.06529587608735898,0.06529587608735898,0.0,1,0.9668009743026954
0,1723.2680101394653,0.0,9.040315389633179,0.0,passthrough,power_phase_circular,HistGradientBoostingRegressor,,FunctionTransformer(func=<function reshape at 0x7fb1ce140040>),RobustScaler(copy=False),0.001,0.05,0.05,63.0,20.0,"{'first_scale': 'passthrough', 'frequency': FunctionTransformer(func=<function power_phase_circular at 0x7fb1ce0fb880>), 'model': HistGradientBoostingRegressor(early_stopping=True, max_iter=300,
                              n_iter_no_change=15, random_state=42,
                              scoring=None), 'model__l2_regularization': 0.001, 'model__learning_rate': 0.05, 'model__max_features': 0.05, 'model__max_leaf_nodes': 63, 'model__min_samples_leaf': 20, 'reshape': FunctionTransformer(func=<function reshape at 0x7fb1ce140040>), 'second_scale': RobustScaler(copy=False)}",0.08634073121751162,0.08634073121751162,0.0,1,0.9558552551419531
1,1229.9500513076782,0.0,22.139634132385254,0.0,mad_scaling_clipping_trial_time,power_phase_circular,HistGradientBoostingRegressor,,FunctionTransformer(func=<function reshape at 0x7fb1ce140040>),RobustScaler(copy=False),0.001,0.1,0.05,63.0,20.0,"{'first_scale': FunctionTransformer(func=<function mad_scaling_clipping_trial_time at 0x7fb1ce0fbe20>), 'frequency': FunctionTransformer(func=<function power_phase_circular at 0x7fb1ce0fb880>), 'model': HistGradientBoostingRegressor(early_stopping=True, max_iter=300,
                              n_iter_no_change=15, random_state=42,
                              scoring=None), 'model__l2_regularization': 0.001, 'model__learning_rate': 0.1, 'model__max_features': 0.05, 'model__max_leaf_nodes': 63, 'model__min_samples_leaf': 20, 'reshape': FunctionTransformer(func=<function reshape at 0x7fb1ce140040>), 'second_scale': RobustScaler(copy=False)}",0.07553744081379088,0.07553744081379088,0.0,2,0.9614897603127186
0,77.82943820953369,0.0,8.383353471755981,0.0,passthrough,power_phase_circular,Ridge,3511191.7342151417,FunctionTransformer(func=<function reshape at 0x7fb1ce140040>),passthrough,,,,,,"{'first_scale': 'passthrough', 'frequency': FunctionTransformer(func=<function power_phase_circular at 0x7fb1ce0fb880>), 'model': Ridge(solver='lsqr'), 'model__alpha': 3511191.7342151417, 'reshape': FunctionTransformer(func=<function reshape at 0x7fb1ce140040>), 'second_scale': 'passthrough'}",0.025182054386758024,0.025182054386758024,0.0,2,0.9873286917806258
1,1636.334124803543,0.0,24.49279260635376,0.0,mad_scaling_clipping_channel_trial,power_phase_circular,HistGradientBoostingRegressor,,FunctionTransformer(func=<function reshape at 0x7fb1ce140040>),passthrough,0.0,0.05,0.2,31.0,20.0,"{'first_scale': FunctionTransformer(func=<function mad_scaling_clipping_channel_trial at 0x7fb1ce0fbd80>), 'frequency': FunctionTransformer(func=<function power_phase_circular at 0x7fb1ce0fb880>), 'model': HistGradientBoostingRegressor(early_stopping=True, max_iter=300,
                              n_iter_no_change=15, random_state=42,
                              scoring=None), 'model__l2_regularization': 0.0, 'model__learning_rate': 0.05, 'model__max_features': 0.2, 'model__max_leaf_nodes': 31, 'model__min_samples_leaf': 20, 'reshape': FunctionTransformer(func=<function reshape at 0x7fb1ce140040>), 'second_scale': 'passthrough'}",0.08172425023022067,0.08172425023022067,0.0,1,0.9582670555590332
0,765.6562941074371,0.0,31.44976305961609,0.0,mad_scaling_clipping_trial_time,power_phase_circular,Ridge,151.99110829529332,FunctionTransformer(func=<function reshape at 0x7fb1ce140040>),RobustScaler(copy=False),,,,,,"{'first_scale': FunctionTransformer(func=<function mad_scaling_clipping_trial_time at 0x7fb1ce0fbe20>), 'frequency': FunctionTransformer(func=<function power_phase_circular at 0x7fb1ce0fb880>), 'model': Ridge(solver='lsqr'), 'model__alpha': 151.99110829529332, 'reshape': FunctionTransformer(func=<function reshape at 0x7fb1ce140040>), 'second_scale': RobustScaler(copy=False)}",-0.5319191774636098,-0.5319191774636098,0.0,2,1.2377072260690771
1,3521.011278629303,0.0,36.15117859840393,0.0,mad_scaling_clipping_trial_time,power_phase_circular,HistGradientBoostingRegressor,,FunctionTransformer(func=<function reshape at 0x7fb1ce140040>),RobustScaler(copy=False),0.0,0.05,0.05,63.0,20.0,"{'first_scale': FunctionTransformer(func=<function mad_scaling_clipping_trial_time at 0x7fb1ce0fbe20>), 'frequency': FunctionTransformer(func=<function power_phase_circular at 0x7fb1ce0fb880>), 'model': HistGradientBoostingRegressor(early_stopping=True, max_iter=300,
                              n_iter_no_change=15, random_state=42,
                              scoring=None), 'model__l2_regularization': 0.0, 'model__learning_rate': 0.05, 'model__max_features': 0.05, 'model__max_leaf_nodes': 63, 'model__min_samples_leaf': 20, 'reshape': FunctionTransformer(func=<function reshape at 0x7fb1ce140040>), 'second_scale': RobustScaler(copy=False)}",0.09098934751622134,0.09098934751622134,0.0,1,0.9534205013968279
0,2833.8922324180603,0.0,11.911790370941162,0.0,passthrough,power_phase_circular,HistGradientBoostingRegressor,,FunctionTransformer(func=<function reshape at 0x7fb1ce140040>),RobustScaler(copy=False),0.0,0.05,0.1,63.0,20.0,"{'first_scale': 'passthrough', 'frequency': FunctionTransformer(func=<function power_phase_circular at 0x7fb1ce0fb880>), 'model': HistGradientBoostingRegressor(early_stopping=True, max_iter=300,
                              n_iter_no_change=15, random_state=42,
                              scoring=None), 'model__l2_regularization': 0.0, 'model__learning_rate': 0.05, 'model__max_features': 0.1, 'model__max_leaf_nodes': 63, 'model__min_samples_leaf': 20, 'reshape': FunctionTransformer(func=<function reshape at 0x7fb1ce140040>), 'second_scale': RobustScaler(copy=False)}",0.08848410496360926,0.08848410496360926,0.0,1,0.9547334156906789
1,2335.38232421875,0.0,27.08996558189392,0.0,mad_scaling_clipping_trial_time,power_phase_circular,HistGradientBoostingRegressor,,FunctionTransformer(func=<function reshape at 0x7fb1ce140040>),RobustScaler(copy=False),0.0,0.1,0.1,63.0,20.0,"{'first_scale': FunctionTransformer(func=<function mad_scaling_clipping_trial_time at 0x7fb1ce0fbe20>), 'frequency': FunctionTransformer(func=<function power_phase_circular at 0x7fb1ce0fb880>), 'model': HistGradientBoostingRegressor(early_stopping=True, max_iter=300,
                              n_iter_no_change=15, random_state=42,
                              scoring=None), 'model__l2_regularization': 0.0, 'model__learning_rate': 0.1, 'model__max_features': 0.1, 'model__max_leaf_nodes': 63, 'model__min_samples_leaf': 20, 'reshape': FunctionTransformer(func=<function reshape at 0x7fb1ce140040>), 'second_scale': RobustScaler(copy=False)}",0.06569591937137165,0.06569591937137165,0.0,2,0.9665940619663604
0,2366.790955066681,0.0,12.098301410675049,0.0,passthrough,power_phase_circular,HistGradientBoostingRegressor,,FunctionTransformer(func=<function reshape at 0x7fb1ce140040>),RobustScaler(copy=False),0.0,0.1,0.1,63.0,20.0,"{'first_scale': 'passthrough', 'frequency': FunctionTransformer(func=<function power_phase_circular at 0x7fb1ce0fb880>), 'model': HistGradientBoostingRegressor(early_stopping=True, max_iter=300,
                              n_iter_no_change=15, random_state=42,
                              scoring=None), 'model__l2_regularization': 0.0, 'model__learning_rate': 0.1, 'model__max_features': 0.1, 'model__max_leaf_nodes': 63, 'model__min_samples_leaf': 20, 'reshape': FunctionTransformer(func=<function reshape at 0x7fb1ce140040>), 'second_scale': RobustScaler(copy=False)}",0.06633895133018164,0.06633895133018164,0.0,2,0.9662613769937296
1,2854.7699303627014,0.0,27.215641736984253,0.0,mad_scaling_clipping_trial_time,power_phase_circular,HistGradientBoostingRegressor,,FunctionTransformer(func=<function reshape at 0x7fb1ce140040>),RobustScaler(copy=False),0.001,0.05,0.1,63.0,20.0,"{'first_scale': FunctionTransformer(func=<function mad_scaling_clipping_trial_time at 0x7fb1ce0fbe20>), 'frequency': FunctionTransformer(func=<function power_phase_circular at 0x7fb1ce0fb880>), 'model': HistGradientBoostingRegressor(early_stopping=True, max_iter=300,
                              n_iter_no_change=15, random_state=42,
                              scoring=None), 'model__l2_regularization': 0.001, 'model__learning_rate': 0.05, 'model__max_features': 0.1, 'model__max_leaf_nodes': 63, 'model__min_samples_leaf': 20, 'reshape': FunctionTransformer(func=<function reshape at 0x7fb1ce140040>), 'second_scale': RobustScaler(copy=False)}",0.0895228828853647,0.0895228828853647,0.0,1,0.9541892459646751
0,1087.1793043613434,0.0,23.593058586120605,0.0,mad_scaling_clipping_channel_trial,power_phase_circular,Ridge,2.848035868435805e-07,FunctionTransformer(func=<function reshape at 0x7fb1ce140040>),RobustScaler(copy=False),,,,,,"{'first_scale': FunctionTransformer(func=<function mad_scaling_clipping_channel_trial at 0x7fb1ce0fbd80>), 'frequency': FunctionTransformer(func=<function power_phase_circular at 0x7fb1ce0fb880>), 'model': Ridge(solver='lsqr'), 'model__alpha': 2.848035868435805e-07, 'reshape': FunctionTransformer(func=<function reshape at 0x7fb1ce140040>), 'second_scale': RobustScaler(copy=False)}",-0.5698768348976928,-0.5698768348976928,0.0,2,1.2529472594238327
1,1910.6586780548096,0.0,25.016310453414917,0.0,mad_scaling_clipping_channel_trial,power_phase_circular,HistGradientBoostingRegressor,,FunctionTransformer(func=<function reshape at 0x7fb1ce140040>),RobustScaler(copy=False),0.0,0.1,0.05,63.0,20.0,"{'first_scale': FunctionTransformer(func=<function mad_scaling_clipping_channel_trial at 0x7fb1ce0fbd80>), 'frequency': FunctionTransformer(func=<function power_phase_circular at 0x7fb1ce0fb880>), 'model': HistGradientBoostingRegressor(early_stopping=True, max_iter=300,
                              n_iter_no_change=15, random_state=42,
                              scoring=None), 'model__l2_regularization': 0.0, 'model__learning_rate': 0.1, 'model__max_features': 0.05, 'model__max_leaf_nodes': 63, 'model__min_samples_leaf': 20, 'reshape': FunctionTransformer(func=<function reshape at 0x7fb1ce140040>), 'second_scale': RobustScaler(copy=False)}",0.06432351823609994,0.06432351823609994,0.0,1,0.9673037174351704
0,1878.191255569458,0.0,11.234092712402344,0.0,passthrough,power_phase_circular,HistGradientBoostingRegressor,,FunctionTransformer(func=<function reshape at 0x7fb1ce140040>),RobustScaler(copy=False),0.0,0.1,0.05,63.0,20.0,"{'first_scale': 'passthrough', 'frequency': FunctionTransformer(func=<function power_phase_circular at 0x7fb1ce0fb880>), 'model': HistGradientBoostingRegressor(early_stopping=True, max_iter=300,
                              n_iter_no_change=15, random_state=42,
                              scoring=None), 'model__l2_regularization': 0.0, 'model__learning_rate': 0.1, 'model__max_features': 0.05, 'model__max_leaf_nodes': 63, 'model__min_samples_leaf': 20, 'reshape': FunctionTransformer(func=<function reshape at 0x7fb1ce140040>), 'second_scale': RobustScaler(copy=False)}",0.07314558319847309,0.07314558319847309,0.0,2,0.9627327857726291
1,2781.4177618026733,0.0,27.79924726486206,0.0,mad_scaling_clipping_trial_time,power_phase_circular,HistGradientBoostingRegressor,,FunctionTransformer(func=<function reshape at 0x7fb1ce140040>),RobustScaler(copy=False),0.001,0.05,0.05,63.0,20.0,"{'first_scale': FunctionTransformer(func=<function mad_scaling_clipping_trial_time at 0x7fb1ce0fbe20>), 'frequency': FunctionTransformer(func=<function power_phase_circular at 0x7fb1ce0fb880>), 'model': HistGradientBoostingRegressor(early_stopping=True, max_iter=300,
                              n_iter_no_change=15, random_state=42,
                              scoring=None), 'model__l2_regularization': 0.001, 'model__learning_rate': 0.05, 'model__max_features': 0.05, 'model__max_leaf_nodes': 63, 'model__min_samples_leaf': 20, 'reshape': FunctionTransformer(func=<function reshape at 0x7fb1ce140040>), 'second_scale': RobustScaler(copy=False)}",0.08954962852741577,0.08954962852741577,0.0,1,0.954175231009789
0,377.642080783844,0.0,29.004838943481445,0.0,mad_scaling_clipping_channel_trial,power_phase_circular,Ridge,123284.67394420685,FunctionTransformer(func=<function reshape at 0x7fb1ce140040>),passthrough,,,,,,"{'first_scale': FunctionTransformer(func=<function mad_scaling_clipping_channel_trial at 0x7fb1ce0fbd80>), 'frequency': FunctionTransformer(func=<function power_phase_circular at 0x7fb1ce0fb880>), 'model': Ridge(solver='lsqr'), 'model__alpha': 123284.67394420685, 'reshape': FunctionTransformer(func=<function reshape at 0x7fb1ce140040>), 'second_scale': 'passthrough'}",0.0034931555247990076,0.0034931555247990076,0.0,2,0.9982518943008327
1,3060.6606357097626,0.0,31.9058780670166,0.0,mad_scaling_clipping_channel_trial,power_phase_circular,HistGradientBoostingRegressor,,FunctionTransformer(func=<function reshape at 0x7fb1ce140040>),passthrough,0.001,0.05,0.1,63.0,20.0,"{'first_scale': FunctionTransformer(func=<function mad_scaling_clipping_channel_trial at 0x7fb1ce0fbd80>), 'frequency': FunctionTransformer(func=<function power_phase_circular at 0x7fb1ce0fb880>), 'model': HistGradientBoostingRegressor(early_stopping=True, max_iter=300,
                              n_iter_no_change=15, random_state=42,
                              scoring=None), 'model__l2_regularization': 0.001, 'model__learning_rate': 0.05, 'model__max_features': 0.1, 'model__max_leaf_nodes': 63, 'model__min_samples_leaf': 20, 'reshape': FunctionTransformer(func=<function reshape at 0x7fb1ce140040>), 'second_scale': 'passthrough'}",0.08078428138967031,0.08078428138967031,0.0,1,0.9587573825584498
0,1600.453584909439,0.0,11.106936931610107,0.0,passthrough,power_phase_circular,HistGradientBoostingRegressor,,FunctionTransformer(func=<function reshape at 0x7fb1ce140040>),passthrough,0.001,0.05,0.1,31.0,20.0,"{'first_scale': 'passthrough', 'frequency': FunctionTransformer(func=<function power_phase_circular at 0x7fb1ce0fb880>), 'model': HistGradientBoostingRegressor(early_stopping=True, max_iter=300,
                              n_iter_no_change=15, random_state=42,
                              scoring=None), 'model__l2_regularization': 0.001, 'model__learning_rate': 0.05, 'model__max_features': 0.1, 'model__max_leaf_nodes': 31, 'model__min_samples_leaf': 20, 'reshape': FunctionTransformer(func=<function reshape at 0x7fb1ce140040>), 'second_scale': 'passthrough'}",0.08929954207341684,0.08929954207341684,0.0,1,0.9543062705057445
1,1549.4853954315186,0.0,27.12875008583069,0.0,mad_scaling_clipping_trial_time,power_phase_circular,HistGradientBoostingRegressor,,FunctionTransformer(func=<function reshape at 0x7fb1ce140040>),passthrough,0.001,0.1,0.1,31.0,20.0,"{'first_scale': FunctionTransformer(func=<function mad_scaling_clipping_trial_time at 0x7fb1ce0fbe20>), 'frequency': FunctionTransformer(func=<function power_phase_circular at 0x7fb1ce0fb880>), 'model': HistGradientBoostingRegressor(early_stopping=True, max_iter=300,
                              n_iter_no_change=15, random_state=42,
                              scoring=None), 'model__l2_regularization': 0.001, 'model__learning_rate': 0.1, 'model__max_features': 0.1, 'model__max_leaf_nodes': 31, 'model__min_samples_leaf': 20, 'reshape': FunctionTransformer(func=<function reshape at 0x7fb1ce140040>), 'second_scale': 'passthrough'}",0.0814045258215923,0.0814045258215923,0.0,2,0.9584338653127861
0,266.7941744327545,0.0,6.845237493515015,0.0,passthrough,power_phase_circular,Ridge,0.006579332246575682,FunctionTransformer(func=<function reshape at 0x7fb1ce140040>),passthrough,,,,,,"{'first_scale': 'passthrough', 'frequency': FunctionTransformer(func=<function power_phase_circular at 0x7fb1ce0fb880>), 'model': Ridge(solver='lsqr'), 'model__alpha': 0.006579332246575682, 'reshape': FunctionTransformer(func=<function reshape at 0x7fb1ce140040>), 'second_scale': 'passthrough'}",-0.26417864850551287,-0.26417864850551287,0.0,2,1.124356993354652
1,976.4418325424194,0.0,8.176790475845337,0.0,passthrough,power_phase_circular,HistGradientBoostingRegressor,,FunctionTransformer(func=<function reshape at 0x7fb1ce140040>),passthrough,0.001,0.1,0.2,31.0,20.0,"{'first_scale': 'passthrough', 'frequency': FunctionTransformer(func=<function power_phase_circular at 0x7fb1ce0fb880>), 'model': HistGradientBoostingRegressor(early_stopping=True, max_iter=300,
                              n_iter_no_change=15, random_state=42,
                              scoring=None), 'model__l2_regularization': 0.001, 'model__learning_rate': 0.1, 'model__max_features': 0.2, 'model__max_leaf_nodes': 31, 'model__min_samples_leaf': 20, 'reshape': FunctionTransformer(func=<function reshape at 0x7fb1ce140040>), 'second_scale': 'passthrough'}",0.07940219514451519,0.07940219514451519,0.0,1,0.9594778813789742
0,837.4896900653839,0.0,30.644991397857666,0.0,mad_scaling_clipping_trial_time,power_phase_circular,Ridge,5.3366992312063015,FunctionTransformer(func=<function reshape at 0x7fb1ce140040>),passthrough,,,,,,"{'first_scale': FunctionTransformer(func=<function mad_scaling_clipping_trial_time at 0x7fb1ce0fbe20>), 'frequency': FunctionTransformer(func=<function power_phase_circular at 0x7fb1ce0fb880>), 'model': Ridge(solver='lsqr'), 'model__alpha': 5.3366992312063015, 'reshape': FunctionTransformer(func=<function reshape at 0x7fb1ce140040>), 'second_scale': 'passthrough'}",-0.3663886964381424,-0.3663886964381424,0.0,2,1.1689263006871486
1,2250.0254871845245,0.0,33.756367921829224,0.0,mad_scaling_clipping_trial_time,power_phase_circular,HistGradientBoostingRegressor,,FunctionTransformer(func=<function reshape at 0x7fb1ce140040>),passthrough,0.0,0.05,0.05,31.0,20.0,"{'first_scale': FunctionTransformer(func=<function mad_scaling_clipping_trial_time at 0x7fb1ce0fbe20>), 'frequency': FunctionTransformer(func=<function power_phase_circular at 0x7fb1ce0fb880>), 'model': HistGradientBoostingRegressor(early_stopping=True, max_iter=300,
                              n_iter_no_change=15, random_state=42,
                              scoring=None), 'model__l2_regularization': 0.0, 'model__learning_rate': 0.05, 'model__max_features': 0.05, 'model__max_leaf_nodes': 31, 'model__min_samples_leaf': 20, 'reshape': FunctionTransformer(func=<function reshape at 0x7fb1ce140040>), 'second_scale': 'passthrough'}",0.09288089434161562,0.09288089434161562,0.0,1,0.9524280054987802
0,2002.6224415302277,0.0,13.353541851043701,0.0,passthrough,power_phase_circular,HistGradientBoostingRegressor,,FunctionTransformer(func=<function reshape at 0x7fb1ce140040>),passthrough,0.0,0.05,0.05,31.0,20.0,"{'first_scale': 'passthrough', 'frequency': FunctionTransformer(func=<function power_phase_circular at 0x7fb1ce0fb880>), 'model': HistGradientBoostingRegressor(early_stopping=True, max_iter=300,
                              n_iter_no_change=15, random_state=42,
                              scoring=None), 'model__l2_regularization': 0.0, 'model__learning_rate': 0.05, 'model__max_features': 0.05, 'model__max_leaf_nodes': 31, 'model__min_samples_leaf': 20, 'reshape': FunctionTransformer(func=<function reshape at 0x7fb1ce140040>), 'second_scale': 'passthrough'}",0.0893547341050176,0.0893547341050176,0.0,1,0.954277352709883
1,1857.5900259017944,0.0,31.962810754776,0.0,mad_scaling_clipping_trial_time,power_phase_circular,HistGradientBoostingRegressor,,FunctionTransformer(func=<function reshape at 0x7fb1ce140040>),passthrough,0.0,0.1,0.05,31.0,20.0,"{'first_scale': FunctionTransformer(func=<function mad_scaling_clipping_trial_time at 0x7fb1ce0fbe20>), 'frequency': FunctionTransformer(func=<function power_phase_circular at 0x7fb1ce0fb880>), 'model': HistGradientBoostingRegressor(early_stopping=True, max_iter=300,
                              n_iter_no_change=15, random_state=42,
                              scoring=None), 'model__l2_regularization': 0.0, 'model__learning_rate': 0.1, 'model__max_features': 0.05, 'model__max_leaf_nodes': 31, 'model__min_samples_leaf': 20, 'reshape': FunctionTransformer(func=<function reshape at 0x7fb1ce140040>), 'second_scale': 'passthrough'}",0.08395978635997503,0.08395978635997503,0.0,2,0.957099897419295
0,1782.8045663833618,0.0,6.668751955032349,0.0,passthrough,power_phase_circular,HistGradientBoostingRegressor,,FunctionTransformer(func=<function reshape at 0x7fb1ce140040>),passthrough,0.001,0.05,0.2,63.0,20.0,"{'first_scale': 'passthrough', 'frequency': FunctionTransformer(func=<function power_phase_circular at 0x7fb1ce0fb880>), 'model': HistGradientBoostingRegressor(early_stopping=True, max_iter=300,
                              n_iter_no_change=15, random_state=42,
                              scoring=None), 'model__l2_regularization': 0.001, 'model__learning_rate': 0.05, 'model__max_features': 0.2, 'model__max_leaf_nodes': 63, 'model__min_samples_leaf': 20, 'reshape': FunctionTransformer(func=<function reshape at 0x7fb1ce140040>), 'second_scale': 'passthrough'}",0.08331107325450504,0.08331107325450504,0.0,1,0.9574387326327962
1,981.2091941833496,0.0,22.629923343658447,0.0,mad_scaling_clipping_trial_time,power_phase_circular,HistGradientBoostingRegressor,,FunctionTransformer(func=<function reshape at 0x7fb1ce140040>),passthrough,0.001,0.1,0.2,63.0,20.0,"{'first_scale': FunctionTransformer(func=<function mad_scaling_clipping_trial_time at 0x7fb1ce0fbe20>), 'frequency': FunctionTransformer(func=<function power_phase_circular at 0x7fb1ce0fb880>), 'model': HistGradientBoostingRegressor(early_stopping=True, max_iter=300,
                              n_iter_no_change=15, random_state=42,
                              scoring=None), 'model__l2_regularization': 0.001, 'model__learning_rate': 0.1, 'model__max_features': 0.2, 'model__max_leaf_nodes': 63, 'model__min_samples_leaf': 20, 'reshape': FunctionTransformer(func=<function reshape at 0x7fb1ce140040>), 'second_scale': 'passthrough'}",0.08066325907173588,0.08066325907173588,0.0,2,0.9588204946329966
0,305.80977606773376,0.0,7.869610786437988,0.0,passthrough,power_phase_circular,Ridge,2.848035868435805e-07,FunctionTransformer(func=<function reshape at 0x7fb1ce140040>),passthrough,,,,,,"{'first_scale': 'passthrough', 'frequency': FunctionTransformer(func=<function power_phase_circular at 0x7fb1ce0fb880>), 'model': Ridge(solver='lsqr'), 'model__alpha': 2.848035868435805e-07, 'reshape': FunctionTransformer(func=<function reshape at 0x7fb1ce140040>), 'second_scale': 'passthrough'}",-0.2641796438276136,-0.2641796438276136,0.0,2,1.1243574359729265
1,1408.2377030849457,0.0,8.793873071670532,0.0,passthrough,power_phase_circular,HistGradientBoostingRegressor,,FunctionTransformer(func=<function reshape at 0x7fb1ce140040>),passthrough,0.001,0.1,0.05,63.0,20.0,"{'first_scale': 'passthrough', 'frequency': FunctionTransformer(func=<function power_phase_circular at 0x7fb1ce0fb880>), 'model': HistGradientBoostingRegressor(early_stopping=True, max_iter=300,
                              n_iter_no_change=15, random_state=42,
                              scoring=None), 'model__l2_regularization': 0.001, 'model__learning_rate': 0.1, 'model__max_features': 0.05, 'model__max_leaf_nodes': 63, 'model__min_samples_leaf': 20, 'reshape': FunctionTransformer(func=<function reshape at 0x7fb1ce140040>), 'second_scale': 'passthrough'}",0.07017693609288367,0.07017693609288367,0.0,1,0.9642733346448591
0,639.057014465332,0.0,9.554512023925781,0.0,passthrough,power_phase_circular,Ridge,100000000.0,FunctionTransformer(func=<function reshape at 0x7fb1ce140040>),RobustScaler(copy=False),,,,,,"{'first_scale': 'passthrough', 'frequency': FunctionTransformer(func=<function power_phase_circular at 0x7fb1ce0fb880>), 'model': Ridge(solver='lsqr'), 'model__alpha': 100000000.0, 'reshape': FunctionTransformer(func=<function reshape at 0x7fb1ce140040>), 'second_scale': RobustScaler(copy=False)}",-0.10601876395214438,-0.10601876395214438,0.0,2,1.0516742670390602
1,2818.987360239029,0.0,25.466444730758667,0.0,mad_scaling_clipping_channel_trial,power_phase_circular,HistGradientBoostingRegressor,,FunctionTransformer(func=<function reshape at 0x7fb1ce140040>),RobustScaler(copy=False),0.0,0.05,0.2,63.0,20.0,"{'first_scale': FunctionTransformer(func=<function mad_scaling_clipping_channel_trial at 0x7fb1ce0fbd80>), 'frequency': FunctionTransformer(func=<function power_phase_circular at 0x7fb1ce0fb880>), 'model': HistGradientBoostingRegressor(early_stopping=True, max_iter=300,
                              n_iter_no_change=15, random_state=42,
                              scoring=None), 'model__l2_regularization': 0.0, 'model__learning_rate': 0.05, 'model__max_features': 0.2, 'model__max_leaf_nodes': 63, 'model__min_samples_leaf': 20, 'reshape': FunctionTransformer(func=<function reshape at 0x7fb1ce140040>), 'second_scale': RobustScaler(copy=False)}",0.08039368665587543,0.08039368665587543,0.0,1,0.9589610593471064
0,2943.197186231613,0.0,12.371684074401855,0.0,passthrough,power_phase_circular,HistGradientBoostingRegressor,,FunctionTransformer(func=<function reshape at 0x7fb1ce140040>),RobustScaler(copy=False),0.001,0.05,0.1,63.0,20.0,"{'first_scale': 'passthrough', 'frequency': FunctionTransformer(func=<function power_phase_circular at 0x7fb1ce0fb880>), 'model': HistGradientBoostingRegressor(early_stopping=True, max_iter=300,
                              n_iter_no_change=15, random_state=42,
                              scoring=None), 'model__l2_regularization': 0.001, 'model__learning_rate': 0.05, 'model__max_features': 0.1, 'model__max_leaf_nodes': 63, 'model__min_samples_leaf': 20, 'reshape': FunctionTransformer(func=<function reshape at 0x7fb1ce140040>), 'second_scale': RobustScaler(copy=False)}",0.08854959585691458,0.08854959585691458,0.0,1,0.9546991170746338
1,2158.5309450626373,0.0,28.25360894203186,0.0,mad_scaling_clipping_trial_time,power_phase_circular,HistGradientBoostingRegressor,,FunctionTransformer(func=<function reshape at 0x7fb1ce140040>),RobustScaler(copy=False),0.001,0.1,0.1,63.0,20.0,"{'first_scale': FunctionTransformer(func=<function mad_scaling_clipping_trial_time at 0x7fb1ce0fbe20>), 'frequency': FunctionTransformer(func=<function power_phase_circular at 0x7fb1ce0fb880>), 'model': HistGradientBoostingRegressor(early_stopping=True, max_iter=300,
                              n_iter_no_change=15, random_state=42,
                              scoring=None), 'model__l2_regularization': 0.001, 'model__learning_rate': 0.1, 'model__max_features': 0.1, 'model__max_leaf_nodes': 63, 'model__min_samples_leaf': 20, 'reshape': FunctionTransformer(func=<function reshape at 0x7fb1ce140040>), 'second_scale': RobustScaler(copy=False)}",0.07067971304738718,0.07067971304738718,0.0,2,0.9640125968848191
0,2355.101069688797,0.0,11.294444561004639,0.0,passthrough,power_phase_circular,HistGradientBoostingRegressor,,FunctionTransformer(func=<function reshape at 0x7fb1ce140040>),passthrough,0.001,0.05,0.1,63.0,20.0,"{'first_scale': 'passthrough', 'frequency': FunctionTransformer(func=<function power_phase_circular at 0x7fb1ce0fb880>), 'model': HistGradientBoostingRegressor(early_stopping=True, max_iter=300,
                              n_iter_no_change=15, random_state=42,
                              scoring=None), 'model__l2_regularization': 0.001, 'model__learning_rate': 0.05, 'model__max_features': 0.1, 'model__max_leaf_nodes': 63, 'model__min_samples_leaf': 20, 'reshape': FunctionTransformer(func=<function reshape at 0x7fb1ce140040>), 'second_scale': 'passthrough'}",0.08750382893315911,0.08750382893315911,0.0,1,0.9552466545698242
1,1635.254148721695,0.0,26.417096376419067,0.0,mad_scaling_clipping_trial_time,power_phase_circular,HistGradientBoostingRegressor,,FunctionTransformer(func=<function reshape at 0x7fb1ce140040>),passthrough,0.001,0.1,0.1,63.0,20.0,"{'first_scale': FunctionTransformer(func=<function mad_scaling_clipping_trial_time at 0x7fb1ce0fbe20>), 'frequency': FunctionTransformer(func=<function power_phase_circular at 0x7fb1ce0fb880>), 'model': HistGradientBoostingRegressor(early_stopping=True, max_iter=300,
                              n_iter_no_change=15, random_state=42,
                              scoring=None), 'model__l2_regularization': 0.001, 'model__learning_rate': 0.1, 'model__max_features': 0.1, 'model__max_leaf_nodes': 63, 'model__min_samples_leaf': 20, 'reshape': FunctionTransformer(func=<function reshape at 0x7fb1ce140040>), 'second_scale': 'passthrough'}",0.07067971304738718,0.07067971304738718,0.0,2,0.9640125968848191
0,1083.6020534038544,0.0,23.410491228103638,0.0,mad_scaling_clipping_channel_trial,power_phase_circular,Ridge,1e-08,FunctionTransformer(func=<function reshape at 0x7fb1ce140040>),RobustScaler(copy=False),,,,,,"{'first_scale': FunctionTransformer(func=<function mad_scaling_clipping_channel_trial at 0x7fb1ce0fbd80>), 'frequency': FunctionTransformer(func=<function power_phase_circular at 0x7fb1ce0fb880>), 'model': Ridge(solver='lsqr'), 'model__alpha': 1e-08, 'reshape': FunctionTransformer(func=<function reshape at 0x7fb1ce140040>), 'second_scale': RobustScaler(copy=False)}",-0.5698768348976928,-0.5698768348976928,0.0,2,1.2529472594238327
1,1844.1860337257385,0.0,25.1825168132782,0.0,mad_scaling_clipping_channel_trial,power_phase_circular,HistGradientBoostingRegressor,,FunctionTransformer(func=<function reshape at 0x7fb1ce140040>),RobustScaler(copy=False),0.0,0.1,0.05,31.0,20.0,"{'first_scale': FunctionTransformer(func=<function mad_scaling_clipping_channel_trial at 0x7fb1ce0fbd80>), 'frequency': FunctionTransformer(func=<function power_phase_circular at 0x7fb1ce0fb880>), 'model': HistGradientBoostingRegressor(early_stopping=True, max_iter=300,
                              n_iter_no_change=15, random_state=42,
                              scoring=None), 'model__l2_regularization': 0.0, 'model__learning_rate': 0.1, 'model__max_features': 0.05, 'model__max_leaf_nodes': 31, 'model__min_samples_leaf': 20, 'reshape': FunctionTransformer(func=<function reshape at 0x7fb1ce140040>), 'second_scale': RobustScaler(copy=False)}",0.07365647212481763,0.07365647212481763,0.0,1,0.9624674165264933
0,962.6597242355347,0.0,29.3463077545166,0.0,mad_scaling_clipping_channel_trial,power_phase_circular,Ridge,0.006579332246575682,FunctionTransformer(func=<function reshape at 0x7fb1ce140040>),RobustScaler(copy=False),,,,,,"{'first_scale': FunctionTransformer(func=<function mad_scaling_clipping_channel_trial at 0x7fb1ce0fbd80>), 'frequency': FunctionTransformer(func=<function power_phase_circular at 0x7fb1ce0fb880>), 'model': Ridge(solver='lsqr'), 'model__alpha': 0.006579332246575682, 'reshape': FunctionTransformer(func=<function reshape at 0x7fb1ce140040>), 'second_scale': RobustScaler(copy=False)}",-0.5654048177580688,-0.5654048177580688,0.0,2,1.251161387574788
1,2239.013771057129,0.0,32.925742864608765,0.0,mad_scaling_clipping_channel_trial,power_phase_circular,HistGradientBoostingRegressor,,FunctionTransformer(func=<function reshape at 0x7fb1ce140040>),RobustScaler(copy=False),0.0,0.1,0.2,31.0,20.0,"{'first_scale': FunctionTransformer(func=<function mad_scaling_clipping_channel_trial at 0x7fb1ce0fbd80>), 'frequency': FunctionTransformer(func=<function power_phase_circular at 0x7fb1ce0fb880>), 'model': HistGradientBoostingRegressor(early_stopping=True, max_iter=300,
                              n_iter_no_change=15, random_state=42,
                              scoring=None), 'model__l2_regularization': 0.0, 'model__learning_rate': 0.1, 'model__max_features': 0.2, 'model__max_leaf_nodes': 31, 'model__min_samples_leaf': 20, 'reshape': FunctionTransformer(func=<function reshape at 0x7fb1ce140040>), 'second_scale': RobustScaler(copy=False)}",0.07026032287883732,0.07026032287883732,0.0,1,0.964230095527599
0,821.1049530506134,0.0,31.227770805358887,0.0,mad_scaling_clipping_trial_time,power_phase_circular,Ridge,0.18738174228603868,FunctionTransformer(func=<function reshape at 0x7fb1ce140040>),passthrough,,,,,,"{'first_scale': FunctionTransformer(func=<function mad_scaling_clipping_trial_time at 0x7fb1ce0fbe20>), 'frequency': FunctionTransformer(func=<function power_phase_circular at 0x7fb1ce0fb880>), 'model': Ridge(solver='lsqr'), 'model__alpha': 0.18738174228603868, 'reshape': FunctionTransformer(func=<function reshape at 0x7fb1ce140040>), 'second_scale': 'passthrough'}",-0.3666927418033157,-0.3666927418033157,0.0,2,1.169056346718718
1,1797.6594288349152,0.0,32.283976793289185,0.0,mad_scaling_clipping_channel_trial,power_phase_circular,HistGradientBoostingRegressor,,FunctionTransformer(func=<function reshape at 0x7fb1ce140040>),passthrough,0.001,0.1,0.2,63.0,20.0,"{'first_scale': FunctionTransformer(func=<function mad_scaling_clipping_channel_trial at 0x7fb1ce0fbd80>), 'frequency': FunctionTransformer(func=<function power_phase_circular at 0x7fb1ce0fb880>), 'model': HistGradientBoostingRegressor(early_stopping=True, max_iter=300,
                              n_iter_no_change=15, random_state=42,
                              scoring=None), 'model__l2_regularization': 0.001, 'model__learning_rate': 0.1, 'model__max_features': 0.2, 'model__max_leaf_nodes': 63, 'model__min_samples_leaf': 20, 'reshape': FunctionTransformer(func=<function reshape at 0x7fb1ce140040>), 'second_scale': 'passthrough'}",0.06402226425711732,0.06402226425711732,0.0,1,0.9674594233056406
0,712.1865365505219,0.0,27.58331537246704,0.0,mad_scaling_clipping_channel_trial,power_phase_circular,Ridge,0.006579332246575682,FunctionTransformer(func=<function reshape at 0x7fb1ce140040>),passthrough,,,,,,"{'first_scale': FunctionTransformer(func=<function mad_scaling_clipping_channel_trial at 0x7fb1ce0fbd80>), 'frequency': FunctionTransformer(func=<function power_phase_circular at 0x7fb1ce0fb880>), 'model': Ridge(solver='lsqr'), 'model__alpha': 0.006579332246575682, 'reshape': FunctionTransformer(func=<function reshape at 0x7fb1ce140040>), 'second_scale': 'passthrough'}",-0.3862577209850009,-0.3862577209850009,0.0,2,1.1773944627799984
1,1650.467366695404,0.0,31.34636688232422,0.0,mad_scaling_clipping_channel_trial,power_phase_circular,HistGradientBoostingRegressor,,FunctionTransformer(func=<function reshape at 0x7fb1ce140040>),passthrough,0.0,0.1,0.2,31.0,20.0,"{'first_scale': FunctionTransformer(func=<function mad_scaling_clipping_channel_trial at 0x7fb1ce0fbd80>), 'frequency': FunctionTransformer(func=<function power_phase_circular at 0x7fb1ce0fb880>), 'model': HistGradientBoostingRegressor(early_stopping=True, max_iter=300,
                              n_iter_no_change=15, random_state=42,
                              scoring=None), 'model__l2_regularization': 0.0, 'model__learning_rate': 0.1, 'model__max_features': 0.2, 'model__max_leaf_nodes': 31, 'model__min_samples_leaf': 20, 'reshape': FunctionTransformer(func=<function reshape at 0x7fb1ce140040>), 'second_scale': 'passthrough'}",0.0676910383798135,0.0676910383798135,0.0,1,0.9655614748011576
0,1011.4043309688568,0.0,24.57750654220581,0.0,mad_scaling_clipping_trial_time,power_phase_circular,Ridge,2.848035868435805e-07,FunctionTransformer(func=<function reshape at 0x7fb1ce140040>),RobustScaler(copy=False),,,,,,"{'first_scale': FunctionTransformer(func=<function mad_scaling_clipping_trial_time at 0x7fb1ce0fbe20>), 'frequency': FunctionTransformer(func=<function power_phase_circular at 0x7fb1ce0fb880>), 'model': Ridge(solver='lsqr'), 'model__alpha': 2.848035868435805e-07, 'reshape': FunctionTransformer(func=<function reshape at 0x7fb1ce140040>), 'second_scale': RobustScaler(copy=False)}",-0.5856720971578968,-0.5856720971578968,0.0,2,1.2592347267915927
1,1665.889701128006,0.0,25.82959794998169,0.0,mad_scaling_clipping_channel_trial,power_phase_circular,HistGradientBoostingRegressor,,FunctionTransformer(func=<function reshape at 0x7fb1ce140040>),RobustScaler(copy=False),0.001,0.1,0.05,63.0,20.0,"{'first_scale': FunctionTransformer(func=<function mad_scaling_clipping_channel_trial at 0x7fb1ce0fbd80>), 'frequency': FunctionTransformer(func=<function power_phase_circular at 0x7fb1ce0fb880>), 'model': HistGradientBoostingRegressor(early_stopping=True, max_iter=300,
                              n_iter_no_change=15, random_state=42,
                              scoring=None), 'model__l2_regularization': 0.001, 'model__learning_rate': 0.1, 'model__max_features': 0.05, 'model__max_leaf_nodes': 63, 'model__min_samples_leaf': 20, 'reshape': FunctionTransformer(func=<function reshape at 0x7fb1ce140040>), 'second_scale': RobustScaler(copy=False)}",0.07047492026400948,0.07047492026400948,0.0,1,0.9641188099689739
0,1488.2976684570312,0.0,9.716107845306396,0.0,passthrough,power_phase_circular,Ridge,151.99110829529332,FunctionTransformer(func=<function reshape at 0x7fb1ce140040>),RobustScaler(copy=False),,,,,,"{'first_scale': 'passthrough', 'frequency': FunctionTransformer(func=<function power_phase_circular at 0x7fb1ce0fb880>), 'model': Ridge(solver='lsqr'), 'model__alpha': 151.99110829529332, 'reshape': FunctionTransformer(func=<function reshape at 0x7fb1ce140040>), 'second_scale': RobustScaler(copy=False)}",-16.20847231768464,-16.20847231768464,0.0,2,4.148309573511196
1,2753.3429119586945,0.0,26.03354263305664,0.0,mad_scaling_clipping_channel_trial,power_phase_circular,HistGradientBoostingRegressor,,FunctionTransformer(func=<function reshape at 0x7fb1ce140040>),RobustScaler(copy=False),0.0,0.05,0.05,63.0,20.0,"{'first_scale': FunctionTransformer(func=<function mad_scaling_clipping_channel_trial at 0x7fb1ce0fbd80>), 'frequency': FunctionTransformer(func=<function power_phase_circular at 0x7fb1ce0fb880>), 'model': HistGradientBoostingRegressor(early_stopping=True, max_iter=300,
                              n_iter_no_change=15, random_state=42,
                              scoring=None), 'model__l2_regularization': 0.0, 'model__learning_rate': 0.05, 'model__max_features': 0.05, 'model__max_leaf_nodes': 63, 'model__min_samples_leaf': 20, 'reshape': FunctionTransformer(func=<function reshape at 0x7fb1ce140040>), 'second_scale': RobustScaler(copy=False)}",0.07742843332623783,0.07742843332623783,0.0,1,0.960505891014606
0,855.8981614112854,0.0,28.074679136276245,0.0,mad_scaling_clipping_channel_trial,power_phase_circular,Ridge,5.3366992312063015,FunctionTransformer(func=<function reshape at 0x7fb1ce140040>),passthrough,,,,,,"{'first_scale': FunctionTransformer(func=<function mad_scaling_clipping_channel_trial at 0x7fb1ce0fbd80>), 'frequency': FunctionTransformer(func=<function power_phase_circular at 0x7fb1ce0fb880>), 'model': Ridge(solver='lsqr'), 'model__alpha': 5.3366992312063015, 'reshape': FunctionTransformer(func=<function reshape at 0x7fb1ce140040>), 'second_scale': 'passthrough'}",-0.3873125850871506,-0.3873125850871506,0.0,2,1.1778423430523928
1,2123.3544862270355,0.0,36.545592069625854,0.0,mad_scaling_clipping_channel_trial,power_phase_circular,HistGradientBoostingRegressor,,FunctionTransformer(func=<function reshape at 0x7fb1ce140040>),passthrough,0.001,0.05,0.05,31.0,20.0,"{'first_scale': FunctionTransformer(func=<function mad_scaling_clipping_channel_trial at 0x7fb1ce0fbd80>), 'frequency': FunctionTransformer(func=<function power_phase_circular at 0x7fb1ce0fb880>), 'model': HistGradientBoostingRegressor(early_stopping=True, max_iter=300,
                              n_iter_no_change=15, random_state=42,
                              scoring=None), 'model__l2_regularization': 0.001, 'model__learning_rate': 0.05, 'model__max_features': 0.05, 'model__max_leaf_nodes': 31, 'model__min_samples_leaf': 20, 'reshape': FunctionTransformer(func=<function reshape at 0x7fb1ce140040>), 'second_scale': 'passthrough'}",0.08028062178679052,0.08028062178679052,0.0,1,0.9590200092871939
0,75.2289490699768,0.0,8.758956670761108,0.0,passthrough,power_phase_circular,Ridge,100000000.0,FunctionTransformer(func=<function reshape at 0x7fb1ce140040>),passthrough,,,,,,"{'first_scale': 'passthrough', 'frequency': FunctionTransformer(func=<function power_phase_circular at 0x7fb1ce0fb880>), 'model': Ridge(solver='lsqr'), 'model__alpha': 100000000.0, 'reshape': FunctionTransformer(func=<function reshape at 0x7fb1ce140040>), 'second_scale': 'passthrough'}",0.0012775825483043457,0.0012775825483043457,0.0,2,0.9993610045682669
1,2492.6651384830475,0.0,25.13586449623108,0.0,mad_scaling_clipping_channel_trial,power_phase_circular,HistGradientBoostingRegressor,,FunctionTransformer(func=<function reshape at 0x7fb1ce140040>),passthrough,0.0,0.05,0.2,63.0,20.0,"{'first_scale': FunctionTransformer(func=<function mad_scaling_clipping_channel_trial at 0x7fb1ce0fbd80>), 'frequency': FunctionTransformer(func=<function power_phase_circular at 0x7fb1ce0fb880>), 'model': HistGradientBoostingRegressor(early_stopping=True, max_iter=300,
                              n_iter_no_change=15, random_state=42,
                              scoring=None), 'model__l2_regularization': 0.0, 'model__learning_rate': 0.05, 'model__max_features': 0.2, 'model__max_leaf_nodes': 63, 'model__min_samples_leaf': 20, 'reshape': FunctionTransformer(func=<function reshape at 0x7fb1ce140040>), 'second_scale': 'passthrough'}",0.07714782538118037,0.07714782538118037,0.0,1,0.9606519529042866
0,1076.6955044269562,0.0,22.883312940597534,0.0,mad_scaling_clipping_channel_trial,power_phase_circular,Ridge,8.111308307896873e-06,FunctionTransformer(func=<function reshape at 0x7fb1ce140040>),passthrough,,,,,,"{'first_scale': FunctionTransformer(func=<function mad_scaling_clipping_channel_trial at 0x7fb1ce0fbd80>), 'frequency': FunctionTransformer(func=<function power_phase_circular at 0x7fb1ce0fb880>), 'model': Ridge(solver='lsqr'), 'model__alpha': 8.111308307896873e-06, 'reshape': FunctionTransformer(func=<function reshape at 0x7fb1ce140040>), 'second_scale': 'passthrough'}",-0.3880076078642769,-0.3880076078642769,0.0,2,1.178137346774253
1,1023.8064501285553,0.0,24.025220155715942,0.0,mad_scaling_clipping_channel_trial,power_phase_circular,HistGradientBoostingRegressor,,FunctionTransformer(func=<function reshape at 0x7fb1ce140040>),passthrough,0.0,0.1,0.1,31.0,20.0,"{'first_scale': FunctionTransformer(func=<function mad_scaling_clipping_channel_trial at 0x7fb1ce0fbd80>), 'frequency': FunctionTransformer(func=<function power_phase_circular at 0x7fb1ce0fb880>), 'model': HistGradientBoostingRegressor(early_stopping=True, max_iter=300,
                              n_iter_no_change=15, random_state=42,
                              scoring=None), 'model__l2_regularization': 0.0, 'model__learning_rate': 0.1, 'model__max_features': 0.1, 'model__max_leaf_nodes': 31, 'model__min_samples_leaf': 20, 'reshape': FunctionTransformer(func=<function reshape at 0x7fb1ce140040>), 'second_scale': 'passthrough'}",0.07375602451055052,0.07375602451055052,0.0,1,0.9624156978610903
0,1546.103123664856,0.0,9.735260725021362,0.0,passthrough,power_phase_circular,Ridge,4328.7612810830615,FunctionTransformer(func=<function reshape at 0x7fb1ce140040>),RobustScaler(copy=False),,,,,,"{'first_scale': 'passthrough', 'frequency': FunctionTransformer(func=<function power_phase_circular at 0x7fb1ce0fb880>), 'model': Ridge(solver='lsqr'), 'model__alpha': 4328.7612810830615, 'reshape': FunctionTransformer(func=<function reshape at 0x7fb1ce140040>), 'second_scale': RobustScaler(copy=False)}",-16.119028835946914,-16.119028835946914,0.0,2,4.137514813985192
1,2114.880416870117,0.0,25.138688564300537,0.0,mad_scaling_clipping_channel_trial,power_phase_circular,HistGradientBoostingRegressor,,FunctionTransformer(func=<function reshape at 0x7fb1ce140040>),RobustScaler(copy=False),0.0,0.05,0.1,31.0,20.0,"{'first_scale': FunctionTransformer(func=<function mad_scaling_clipping_channel_trial at 0x7fb1ce0fbd80>), 'frequency': FunctionTransformer(func=<function power_phase_circular at 0x7fb1ce0fb880>), 'model': HistGradientBoostingRegressor(early_stopping=True, max_iter=300,
                              n_iter_no_change=15, random_state=42,
                              scoring=None), 'model__l2_regularization': 0.0, 'model__learning_rate': 0.05, 'model__max_features': 0.1, 'model__max_leaf_nodes': 31, 'model__min_samples_leaf': 20, 'reshape': FunctionTransformer(func=<function reshape at 0x7fb1ce140040>), 'second_scale': RobustScaler(copy=False)}",0.08191279318501898,0.08191279318501898,0.0,1,0.9581686734677674
0,791.1774861812592,0.0,27.704020738601685,0.0,mad_scaling_clipping_channel_trial,power_phase_circular,Ridge,0.0002310129700083158,FunctionTransformer(func=<function reshape at 0x7fb1ce140040>),RobustScaler(copy=False),,,,,,"{'first_scale': FunctionTransformer(func=<function mad_scaling_clipping_channel_trial at 0x7fb1ce0fbd80>), 'frequency': FunctionTransformer(func=<function power_phase_circular at 0x7fb1ce0fb880>), 'model': Ridge(solver='lsqr'), 'model__alpha': 0.0002310129700083158, 'reshape': FunctionTransformer(func=<function reshape at 0x7fb1ce140040>), 'second_scale': RobustScaler(copy=False)}",-0.5671265215977466,-0.5671265215977466,0.0,2,1.2518492407625395
1,2354.573213815689,0.0,29.97551417350769,0.0,mad_scaling_clipping_channel_trial,power_phase_circular,HistGradientBoostingRegressor,,FunctionTransformer(func=<function reshape at 0x7fb1ce140040>),RobustScaler(copy=False),0.0,0.1,0.1,63.0,20.0,"{'first_scale': FunctionTransformer(func=<function mad_scaling_clipping_channel_trial at 0x7fb1ce0fbd80>), 'frequency': FunctionTransformer(func=<function power_phase_circular at 0x7fb1ce0fb880>), 'model': HistGradientBoostingRegressor(early_stopping=True, max_iter=300,
                              n_iter_no_change=15, random_state=42,
                              scoring=None), 'model__l2_regularization': 0.0, 'model__learning_rate': 0.1, 'model__max_features': 0.1, 'model__max_leaf_nodes': 63, 'model__min_samples_leaf': 20, 'reshape': FunctionTransformer(func=<function reshape at 0x7fb1ce140040>), 'second_scale': RobustScaler(copy=False)}",0.06553322353853863,0.06553322353853863,0.0,1,0.9666782176409383
0,704.510490655899,0.0,26.972069025039673,0.0,mad_scaling_clipping_channel_trial,power_phase_circular,Ridge,151.99110829529332,FunctionTransformer(func=<function reshape at 0x7fb1ce140040>),passthrough,,,,,,"{'first_scale': FunctionTransformer(func=<function mad_scaling_clipping_channel_trial at 0x7fb1ce0fbd80>), 'frequency': FunctionTransformer(func=<function power_phase_circular at 0x7fb1ce0fb880>), 'model': Ridge(solver='lsqr'), 'model__alpha': 151.99110829529332, 'reshape': FunctionTransformer(func=<function reshape at 0x7fb1ce140040>), 'second_scale': 'passthrough'}",-0.38045611120817346,-0.38045611120817346,0.0,2,1.1749281302310255
1,2792.348632335663,0.0,29.803473711013794,0.0,mad_scaling_clipping_channel_trial,power_phase_circular,HistGradientBoostingRegressor,,FunctionTransformer(func=<function reshape at 0x7fb1ce140040>),passthrough,0.001,0.05,0.05,63.0,20.0,"{'first_scale': FunctionTransformer(func=<function mad_scaling_clipping_channel_trial at 0x7fb1ce0fbd80>), 'frequency': FunctionTransformer(func=<function power_phase_circular at 0x7fb1ce0fb880>), 'model': HistGradientBoostingRegressor(early_stopping=True, max_iter=300,
                              n_iter_no_change=15, random_state=42,
                              scoring=None), 'model__l2_regularization': 0.001, 'model__learning_rate': 0.05, 'model__max_features': 0.05, 'model__max_leaf_nodes': 63, 'model__min_samples_leaf': 20, 'reshape': FunctionTransformer(func=<function reshape at 0x7fb1ce140040>), 'second_scale': 'passthrough'}",0.08103725463260447,0.08103725463260447,0.0,1,0.9586254458167671
0,1306.5630142688751,0.0,9.851895332336426,0.0,passthrough,power_phase_circular,HistGradientBoostingRegressor,,FunctionTransformer(func=<function reshape at 0x7fb1ce140040>),passthrough,0.0,0.1,0.1,31.0,20.0,"{'first_scale': 'passthrough', 'frequency': FunctionTransformer(func=<function power_phase_circular at 0x7fb1ce0fb880>), 'model': HistGradientBoostingRegressor(early_stopping=True, max_iter=300,
                              n_iter_no_change=15, random_state=42,
                              scoring=None), 'model__l2_regularization': 0.0, 'model__learning_rate': 0.1, 'model__max_features': 0.1, 'model__max_leaf_nodes': 31, 'model__min_samples_leaf': 20, 'reshape': FunctionTransformer(func=<function reshape at 0x7fb1ce140040>), 'second_scale': 'passthrough'}",0.078377983328618,0.078377983328618,0.0,2,0.96001146694786
1,1738.490520954132,0.0,30.201189279556274,0.0,mad_scaling_clipping_trial_time,power_phase_circular,HistGradientBoostingRegressor,,FunctionTransformer(func=<function reshape at 0x7fb1ce140040>),passthrough,0.001,0.05,0.1,31.0,20.0,"{'first_scale': FunctionTransformer(func=<function mad_scaling_clipping_trial_time at 0x7fb1ce0fbe20>), 'frequency': FunctionTransformer(func=<function power_phase_circular at 0x7fb1ce0fb880>), 'model': HistGradientBoostingRegressor(early_stopping=True, max_iter=300,
                              n_iter_no_change=15, random_state=42,
                              scoring=None), 'model__l2_regularization': 0.001, 'model__learning_rate': 0.05, 'model__max_features': 0.1, 'model__max_leaf_nodes': 31, 'model__min_samples_leaf': 20, 'reshape': FunctionTransformer(func=<function reshape at 0x7fb1ce140040>), 'second_scale': 'passthrough'}",0.09347410886798668,0.09347410886798668,0.0,1,0.9521165323278519
0,969.2227623462677,0.0,33.99164581298828,0.0,mad_scaling_clipping_trial_time,power_phase_circular,Ridge,5.3366992312063015,FunctionTransformer(func=<function reshape at 0x7fb1ce140040>),RobustScaler(copy=False),,,,,,"{'first_scale': FunctionTransformer(func=<function mad_scaling_clipping_trial_time at 0x7fb1ce0fbe20>), 'frequency': FunctionTransformer(func=<function power_phase_circular at 0x7fb1ce0fb880>), 'model': Ridge(solver='lsqr'), 'model__alpha': 5.3366992312063015, 'reshape': FunctionTransformer(func=<function reshape at 0x7fb1ce140040>), 'second_scale': RobustScaler(copy=False)}",-0.5804932036795036,-0.5804932036795036,0.0,2,1.2571766795798844
1,3105.0992217063904,0.0,38.41259574890137,0.0,mad_scaling_clipping_trial_time,power_phase_circular,HistGradientBoostingRegressor,,FunctionTransformer(func=<function reshape at 0x7fb1ce140040>),RobustScaler(copy=False),0.0,0.05,0.05,31.0,20.0,"{'first_scale': FunctionTransformer(func=<function mad_scaling_clipping_trial_time at 0x7fb1ce0fbe20>), 'frequency': FunctionTransformer(func=<function power_phase_circular at 0x7fb1ce0fb880>), 'model': HistGradientBoostingRegressor(early_stopping=True, max_iter=300,
                              n_iter_no_change=15, random_state=42,
                              scoring=None), 'model__l2_regularization': 0.0, 'model__learning_rate': 0.05, 'model__max_features': 0.05, 'model__max_leaf_nodes': 31, 'model__min_samples_leaf': 20, 'reshape': FunctionTransformer(func=<function reshape at 0x7fb1ce140040>), 'second_scale': RobustScaler(copy=False)}",0.09232805809594014,0.09232805809594014,0.0,1,0.9527181859836936
0,1147.0078468322754,0.0,24.251315355300903,0.0,mad_scaling_clipping_trial_time,power_phase_circular,Ridge,0.0002310129700083158,FunctionTransformer(func=<function reshape at 0x7fb1ce140040>),passthrough,,,,,,"{'first_scale': FunctionTransformer(func=<function mad_scaling_clipping_trial_time at 0x7fb1ce0fbe20>), 'frequency': FunctionTransformer(func=<function power_phase_circular at 0x7fb1ce0fb880>), 'model': Ridge(solver='lsqr'), 'model__alpha': 0.0002310129700083158, 'reshape': FunctionTransformer(func=<function reshape at 0x7fb1ce140040>), 'second_scale': 'passthrough'}",-0.36518668642667507,-0.36518668642667507,0.0,2,1.1684120362383619
1,1985.3602957725525,0.0,24.279202461242676,0.0,mad_scaling_clipping_channel_trial,power_phase_circular,HistGradientBoostingRegressor,,FunctionTransformer(func=<function reshape at 0x7fb1ce140040>),passthrough,0.001,0.1,0.1,63.0,20.0,"{'first_scale': FunctionTransformer(func=<function mad_scaling_clipping_channel_trial at 0x7fb1ce0fbd80>), 'frequency': FunctionTransformer(func=<function power_phase_circular at 0x7fb1ce0fb880>), 'model': HistGradientBoostingRegressor(early_stopping=True, max_iter=300,
                              n_iter_no_change=15, random_state=42,
                              scoring=None), 'model__l2_regularization': 0.001, 'model__learning_rate': 0.1, 'model__max_features': 0.1, 'model__max_leaf_nodes': 63, 'model__min_samples_leaf': 20, 'reshape': FunctionTransformer(func=<function reshape at 0x7fb1ce140040>), 'second_scale': 'passthrough'}",0.05911605549341281,0.05911605549341281,0.0,1,0.9699917239371618
0,1056.203716993332,0.0,7.583826541900635,0.0,passthrough,power_phase_circular,Ridge,1e-08,FunctionTransformer(func=<function reshape at 0x7fb1ce140040>),RobustScaler(copy=False),,,,,,"{'first_scale': 'passthrough', 'frequency': FunctionTransformer(func=<function power_phase_circular at 0x7fb1ce0fb880>), 'model': Ridge(solver='lsqr'), 'model__alpha': 1e-08, 'reshape': FunctionTransformer(func=<function reshape at 0x7fb1ce140040>), 'second_scale': RobustScaler(copy=False)}",-16.211847245376116,-16.211847245376116,0.0,2,4.148716337058502
1,1154.4836421012878,0.0,9.026710510253906,0.0,passthrough,power_phase_circular,HistGradientBoostingRegressor,,FunctionTransformer(func=<function reshape at 0x7fb1ce140040>),RobustScaler(copy=False),0.001,0.1,0.05,31.0,20.0,"{'first_scale': 'passthrough', 'frequency': FunctionTransformer(func=<function power_phase_circular at 0x7fb1ce0fb880>), 'model': HistGradientBoostingRegressor(early_stopping=True, max_iter=300,
                              n_iter_no_change=15, random_state=42,
                              scoring=None), 'model__l2_regularization': 0.001, 'model__learning_rate': 0.1, 'model__max_features': 0.05, 'model__max_leaf_nodes': 31, 'model__min_samples_leaf': 20, 'reshape': FunctionTransformer(func=<function reshape at 0x7fb1ce140040>), 'second_scale': RobustScaler(copy=False)}",0.07426693346904134,0.07426693346904134,0.0,1,0.9621502307493143
0,1154.334629535675,0.0,24.73763132095337,0.0,mad_scaling_clipping_trial_time,power_phase_circular,Ridge,0.006579332246575682,FunctionTransformer(func=<function reshape at 0x7fb1ce140040>),passthrough,,,,,,"{'first_scale': FunctionTransformer(func=<function mad_scaling_clipping_trial_time at 0x7fb1ce0fbe20>), 'frequency': FunctionTransformer(func=<function power_phase_circular at 0x7fb1ce0fb880>), 'model': Ridge(solver='lsqr'), 'model__alpha': 0.006579332246575682, 'reshape': FunctionTransformer(func=<function reshape at 0x7fb1ce140040>), 'second_scale': 'passthrough'}",-0.36518668642667507,-0.36518668642667507,0.0,2,1.1684120362383619
1,1507.4932312965393,0.0,24.562963724136353,0.0,mad_scaling_clipping_channel_trial,power_phase_circular,HistGradientBoostingRegressor,,FunctionTransformer(func=<function reshape at 0x7fb1ce140040>),passthrough,0.001,0.1,0.2,31.0,20.0,"{'first_scale': FunctionTransformer(func=<function mad_scaling_clipping_channel_trial at 0x7fb1ce0fbd80>), 'frequency': FunctionTransformer(func=<function power_phase_circular at 0x7fb1ce0fb880>), 'model': HistGradientBoostingRegressor(early_stopping=True, max_iter=300,
                              n_iter_no_change=15, random_state=42,
                              scoring=None), 'model__l2_regularization': 0.001, 'model__learning_rate': 0.1, 'model__max_features': 0.2, 'model__max_leaf_nodes': 31, 'model__min_samples_leaf': 20, 'reshape': FunctionTransformer(func=<function reshape at 0x7fb1ce140040>), 'second_scale': 'passthrough'}",0.06799648949159998,0.06799648949159998,0.0,1,0.9654032890499182
0,992.1046462059021,0.0,24.171480894088745,0.0,mad_scaling_clipping_trial_time,power_phase_circular,Ridge,1e-08,FunctionTransformer(func=<function reshape at 0x7fb1ce140040>),RobustScaler(copy=False),,,,,,"{'first_scale': FunctionTransformer(func=<function mad_scaling_clipping_trial_time at 0x7fb1ce0fbe20>), 'frequency': FunctionTransformer(func=<function power_phase_circular at 0x7fb1ce0fb880>), 'model': Ridge(solver='lsqr'), 'model__alpha': 1e-08, 'reshape': FunctionTransformer(func=<function reshape at 0x7fb1ce140040>), 'second_scale': RobustScaler(copy=False)}",-0.5856720971578968,-0.5856720971578968,0.0,2,1.2592347267915927
1,1358.8050026893616,0.0,24.373184204101562,0.0,mad_scaling_clipping_channel_trial,power_phase_circular,HistGradientBoostingRegressor,,FunctionTransformer(func=<function reshape at 0x7fb1ce140040>),RobustScaler(copy=False),0.001,0.1,0.05,31.0,20.0,"{'first_scale': FunctionTransformer(func=<function mad_scaling_clipping_channel_trial at 0x7fb1ce0fbd80>), 'frequency': FunctionTransformer(func=<function power_phase_circular at 0x7fb1ce0fb880>), 'model': HistGradientBoostingRegressor(early_stopping=True, max_iter=300,
                              n_iter_no_change=15, random_state=42,
                              scoring=None), 'model__l2_regularization': 0.001, 'model__learning_rate': 0.1, 'model__max_features': 0.05, 'model__max_leaf_nodes': 31, 'model__min_samples_leaf': 20, 'reshape': FunctionTransformer(func=<function reshape at 0x7fb1ce140040>), 'second_scale': RobustScaler(copy=False)}",0.07365723339459829,0.07365723339459829,0.0,1,0.9624670210482028
0,474.24472856521606,0.0,20.08804965019226,0.0,mad_scaling_clipping_trial_time,power_phase_circular,Ridge,1e-08,FunctionTransformer(func=<function reshape at 0x7fb1ce140040>),passthrough,,,,,,"{'first_scale': FunctionTransformer(func=<function mad_scaling_clipping_trial_time at 0x7fb1ce0fbe20>), 'frequency': FunctionTransformer(func=<function power_phase_circular at 0x7fb1ce0fb880>), 'model': Ridge(solver='lsqr'), 'model__alpha': 1e-08, 'reshape': FunctionTransformer(func=<function reshape at 0x7fb1ce140040>), 'second_scale': 'passthrough'}",-0.3681014861472651,-0.3681014861472651,0.0,2,1.1696587049850333
1,852.8724188804626,0.0,21.262266635894775,0.0,mad_scaling_clipping_channel_trial,power_phase_circular,HistGradientBoostingRegressor,,FunctionTransformer(func=<function reshape at 0x7fb1ce140040>),passthrough,0.001,0.1,0.05,31.0,20.0,"{'first_scale': FunctionTransformer(func=<function mad_scaling_clipping_channel_trial at 0x7fb1ce0fbd80>), 'frequency': FunctionTransformer(func=<function power_phase_circular at 0x7fb1ce0fb880>), 'model': HistGradientBoostingRegressor(early_stopping=True, max_iter=300,
                              n_iter_no_change=15, random_state=42,
                              scoring=None), 'model__l2_regularization': 0.001, 'model__learning_rate': 0.1, 'model__max_features': 0.05, 'model__max_leaf_nodes': 31, 'model__min_samples_leaf': 20, 'reshape': FunctionTransformer(func=<function reshape at 0x7fb1ce140040>), 'second_scale': 'passthrough'}",0.07404078939238512,0.07404078939238512,0.0,1,0.962267743721889
0,1656.4900720119476,0.0,8.797560930252075,0.0,passthrough,power_phase_circular,HistGradientBoostingRegressor,,FunctionTransformer(func=<function reshape at 0x7fb1ce140040>),passthrough,0.0,0.05,0.1,31.0,20.0,"{'first_scale': 'passthrough', 'frequency': FunctionTransformer(func=<function power_phase_circular at 0x7fb1ce0fb880>), 'model': HistGradientBoostingRegressor(early_stopping=True, max_iter=300,
                              n_iter_no_change=15, random_state=42,
                              scoring=None), 'model__l2_regularization': 0.0, 'model__learning_rate': 0.05, 'model__max_features': 0.1, 'model__max_leaf_nodes': 31, 'model__min_samples_leaf': 20, 'reshape': FunctionTransformer(func=<function reshape at 0x7fb1ce140040>), 'second_scale': 'passthrough'}",0.08929933333982232,0.08929933333982232,0.0,1,0.9543063798697867
1,1391.5784182548523,0.0,27.516151905059814,0.0,mad_scaling_clipping_trial_time,power_phase_circular,HistGradientBoostingRegressor,,FunctionTransformer(func=<function reshape at 0x7fb1ce140040>),passthrough,0.0,0.1,0.1,31.0,20.0,"{'first_scale': FunctionTransformer(func=<function mad_scaling_clipping_trial_time at 0x7fb1ce0fbe20>), 'frequency': FunctionTransformer(func=<function power_phase_circular at 0x7fb1ce0fb880>), 'model': HistGradientBoostingRegressor(early_stopping=True, max_iter=300,
                              n_iter_no_change=15, random_state=42,
                              scoring=None), 'model__l2_regularization': 0.0, 'model__learning_rate': 0.1, 'model__max_features': 0.1, 'model__max_leaf_nodes': 31, 'model__min_samples_leaf': 20, 'reshape': FunctionTransformer(func=<function reshape at 0x7fb1ce140040>), 'second_scale': 'passthrough'}",0.08481594147230154,0.08481594147230154,0.0,2,0.9566525275813045
0,1481.6995160579681,0.0,7.624351978302002,0.0,passthrough,power_phase_circular,HistGradientBoostingRegressor,,FunctionTransformer(func=<function reshape at 0x7fb1ce140040>),RobustScaler(copy=False),0.0,0.05,0.1,31.0,20.0,"{'first_scale': 'passthrough', 'frequency': FunctionTransformer(func=<function power_phase_circular at 0x7fb1ce0fb880>), 'model': HistGradientBoostingRegressor(early_stopping=True, max_iter=300,
                              n_iter_no_change=15, random_state=42,
                              scoring=None), 'model__l2_regularization': 0.0, 'model__learning_rate': 0.05, 'model__max_features': 0.1, 'model__max_leaf_nodes': 31, 'model__min_samples_leaf': 20, 'reshape': FunctionTransformer(func=<function reshape at 0x7fb1ce140040>), 'second_scale': RobustScaler(copy=False)}",0.08738645949465074,0.08738645949465074,0.0,1,0.9553080866952552
1,1360.2210800647736,0.0,24.121954441070557,0.0,mad_scaling_clipping_trial_time,power_phase_circular,HistGradientBoostingRegressor,,FunctionTransformer(func=<function reshape at 0x7fb1ce140040>),RobustScaler(copy=False),0.0,0.1,0.1,31.0,20.0,"{'first_scale': FunctionTransformer(func=<function mad_scaling_clipping_trial_time at 0x7fb1ce0fbe20>), 'frequency': FunctionTransformer(func=<function power_phase_circular at 0x7fb1ce0fb880>), 'model': HistGradientBoostingRegressor(early_stopping=True, max_iter=300,
                              n_iter_no_change=15, random_state=42,
                              scoring=None), 'model__l2_regularization': 0.0, 'model__learning_rate': 0.1, 'model__max_features': 0.1, 'model__max_leaf_nodes': 31, 'model__min_samples_leaf': 20, 'reshape': FunctionTransformer(func=<function reshape at 0x7fb1ce140040>), 'second_scale': RobustScaler(copy=False)}",0.08481594316649,0.08481594316649,0.0,2,0.956652526695827
0,267.6735486984253,0.0,6.8426244258880615,0.0,passthrough,power_phase_circular,Ridge,0.0002310129700083158,FunctionTransformer(func=<function reshape at 0x7fb1ce140040>),passthrough,,,,,,"{'first_scale': 'passthrough', 'frequency': FunctionTransformer(func=<function power_phase_circular at 0x7fb1ce0fb880>), 'model': Ridge(solver='lsqr'), 'model__alpha': 0.0002310129700083158, 'reshape': FunctionTransformer(func=<function reshape at 0x7fb1ce140040>), 'second_scale': 'passthrough'}",-0.2641795689330082,-0.2641795689330082,0.0,2,1.1243574026674117
1,1029.4764728546143,0.0,8.292745590209961,0.0,passthrough,power_phase_circular,HistGradientBoostingRegressor,,FunctionTransformer(func=<function reshape at 0x7fb1ce140040>),passthrough,0.001,0.1,0.1,63.0,20.0,"{'first_scale': 'passthrough', 'frequency': FunctionTransformer(func=<function power_phase_circular at 0x7fb1ce0fb880>), 'model': HistGradientBoostingRegressor(early_stopping=True, max_iter=300,
                              n_iter_no_change=15, random_state=42,
                              scoring=None), 'model__l2_regularization': 0.001, 'model__learning_rate': 0.1, 'model__max_features': 0.1, 'model__max_leaf_nodes': 63, 'model__min_samples_leaf': 20, 'reshape': FunctionTransformer(func=<function reshape at 0x7fb1ce140040>), 'second_scale': 'passthrough'}",0.0758920232597653,0.0758920232597653,0.0,1,0.9613053504169394
0,340.15223145484924,0.0,8.85672664642334,0.0,passthrough,power_phase_circular,Ridge,5.3366992312063015,FunctionTransformer(func=<function reshape at 0x7fb1ce140040>),passthrough,,,,,,"{'first_scale': 'passthrough', 'frequency': FunctionTransformer(func=<function power_phase_circular at 0x7fb1ce0fb880>), 'model': Ridge(solver='lsqr'), 'model__alpha': 5.3366992312063015, 'reshape': FunctionTransformer(func=<function reshape at 0x7fb1ce140040>), 'second_scale': 'passthrough'}",-0.2632448310103026,-0.2632448310103026,0.0,2,1.1239416492907017
1,1655.0893325805664,0.0,25.36195683479309,0.0,mad_scaling_clipping_channel_trial,power_phase_circular,HistGradientBoostingRegressor,,FunctionTransformer(func=<function reshape at 0x7fb1ce140040>),passthrough,0.0,0.05,0.05,31.0,20.0,"{'first_scale': FunctionTransformer(func=<function mad_scaling_clipping_channel_trial at 0x7fb1ce0fbd80>), 'frequency': FunctionTransformer(func=<function power_phase_circular at 0x7fb1ce0fb880>), 'model': HistGradientBoostingRegressor(early_stopping=True, max_iter=300,
                              n_iter_no_change=15, random_state=42,
                              scoring=None), 'model__l2_regularization': 0.0, 'model__learning_rate': 0.05, 'model__max_features': 0.05, 'model__max_leaf_nodes': 31, 'model__min_samples_leaf': 20, 'reshape': FunctionTransformer(func=<function reshape at 0x7fb1ce140040>), 'second_scale': 'passthrough'}",0.08291107970513256,0.08291107970513256,0.0,1,0.9576475971331351
0,1900.9344308376312,0.0,11.442366123199463,0.0,passthrough,power_phase_circular,HistGradientBoostingRegressor,,FunctionTransformer(func=<function reshape at 0x7fb1ce140040>),RobustScaler(copy=False),0.0,0.1,0.1,31.0,20.0,"{'first_scale': 'passthrough', 'frequency': FunctionTransformer(func=<function power_phase_circular at 0x7fb1ce0fb880>), 'model': HistGradientBoostingRegressor(early_stopping=True, max_iter=300,
                              n_iter_no_change=15, random_state=42,
                              scoring=None), 'model__l2_regularization': 0.0, 'model__learning_rate': 0.1, 'model__max_features': 0.1, 'model__max_leaf_nodes': 31, 'model__min_samples_leaf': 20, 'reshape': FunctionTransformer(func=<function reshape at 0x7fb1ce140040>), 'second_scale': RobustScaler(copy=False)}",0.07352657658215045,0.07352657658215045,0.0,2,0.9625348946494613
1,2074.6879193782806,0.0,27.92791199684143,0.0,mad_scaling_clipping_trial_time,power_phase_circular,HistGradientBoostingRegressor,,FunctionTransformer(func=<function reshape at 0x7fb1ce140040>),RobustScaler(copy=False),0.001,0.05,0.1,31.0,20.0,"{'first_scale': FunctionTransformer(func=<function mad_scaling_clipping_trial_time at 0x7fb1ce0fbe20>), 'frequency': FunctionTransformer(func=<function power_phase_circular at 0x7fb1ce0fb880>), 'model': HistGradientBoostingRegressor(early_stopping=True, max_iter=300,
                              n_iter_no_change=15, random_state=42,
                              scoring=None), 'model__l2_regularization': 0.001, 'model__learning_rate': 0.05, 'model__max_features': 0.1, 'model__max_leaf_nodes': 31, 'model__min_samples_leaf': 20, 'reshape': FunctionTransformer(func=<function reshape at 0x7fb1ce140040>), 'second_scale': RobustScaler(copy=False)}",0.09353529783724879,0.09353529783724879,0.0,1,0.9520843986552616
0,1052.7583889961243,0.0,25.25829005241394,0.0,mad_scaling_clipping_trial_time,power_phase_circular,Ridge,8.111308307896873e-06,FunctionTransformer(func=<function reshape at 0x7fb1ce140040>),RobustScaler(copy=False),,,,,,"{'first_scale': FunctionTransformer(func=<function mad_scaling_clipping_trial_time at 0x7fb1ce0fbe20>), 'frequency': FunctionTransformer(func=<function power_phase_circular at 0x7fb1ce0fb880>), 'model': Ridge(solver='lsqr'), 'model__alpha': 8.111308307896873e-06, 'reshape': FunctionTransformer(func=<function reshape at 0x7fb1ce140040>), 'second_scale': RobustScaler(copy=False)}",-0.5856720971578968,-0.5856720971578968,0.0,2,1.2592347267915927
1,1825.151272535324,0.0,25.355344772338867,0.0,mad_scaling_clipping_channel_trial,power_phase_circular,HistGradientBoostingRegressor,,FunctionTransformer(func=<function reshape at 0x7fb1ce140040>),RobustScaler(copy=False),0.001,0.1,0.1,31.0,20.0,"{'first_scale': FunctionTransformer(func=<function mad_scaling_clipping_channel_trial at 0x7fb1ce0fbd80>), 'frequency': FunctionTransformer(func=<function power_phase_circular at 0x7fb1ce0fb880>), 'model': HistGradientBoostingRegressor(early_stopping=True, max_iter=300,
                              n_iter_no_change=15, random_state=42,
                              scoring=None), 'model__l2_regularization': 0.001, 'model__learning_rate': 0.1, 'model__max_features': 0.1, 'model__max_leaf_nodes': 31, 'model__min_samples_leaf': 20, 'reshape': FunctionTransformer(func=<function reshape at 0x7fb1ce140040>), 'second_scale': RobustScaler(copy=False)}",0.07228475381601518,0.07228475381601518,0.0,1,0.9631797579808168
0,1517.326052904129,0.0,9.696770191192627,0.0,passthrough,power_phase_circular,Ridge,5.3366992312063015,FunctionTransformer(func=<function reshape at 0x7fb1ce140040>),RobustScaler(copy=False),,,,,,"{'first_scale': 'passthrough', 'frequency': FunctionTransformer(func=<function power_phase_circular at 0x7fb1ce0fb880>), 'model': Ridge(solver='lsqr'), 'model__alpha': 5.3366992312063015, 'reshape': FunctionTransformer(func=<function reshape at 0x7fb1ce140040>), 'second_scale': RobustScaler(copy=False)}",-16.211708087420323,-16.211708087420323,0.0,2,4.148699565818224
1,2079.514408826828,0.0,25.248833417892456,0.0,mad_scaling_clipping_channel_trial,power_phase_circular,HistGradientBoostingRegressor,,FunctionTransformer(func=<function reshape at 0x7fb1ce140040>),RobustScaler(copy=False),0.0,0.05,0.05,31.0,20.0,"{'first_scale': FunctionTransformer(func=<function mad_scaling_clipping_channel_trial at 0x7fb1ce0fbd80>), 'frequency': FunctionTransformer(func=<function power_phase_circular at 0x7fb1ce0fb880>), 'model': HistGradientBoostingRegressor(early_stopping=True, max_iter=300,
                              n_iter_no_change=15, random_state=42,
                              scoring=None), 'model__l2_regularization': 0.0, 'model__learning_rate': 0.05, 'model__max_features': 0.05, 'model__max_leaf_nodes': 31, 'model__min_samples_leaf': 20, 'reshape': FunctionTransformer(func=<function reshape at 0x7fb1ce140040>), 'second_scale': RobustScaler(copy=False)}",0.08233950519104005,0.08233950519104005,0.0,1,0.9579459769783263
0,1222.7515661716461,0.0,10.559265375137329,0.0,passthrough,power_phase_circular,HistGradientBoostingRegressor,,FunctionTransformer(func=<function reshape at 0x7fb1ce140040>),passthrough,0.0,0.1,0.1,63.0,20.0,"{'first_scale': 'passthrough', 'frequency': FunctionTransformer(func=<function power_phase_circular at 0x7fb1ce0fb880>), 'model': HistGradientBoostingRegressor(early_stopping=True, max_iter=300,
                              n_iter_no_change=15, random_state=42,
                              scoring=None), 'model__l2_regularization': 0.0, 'model__learning_rate': 0.1, 'model__max_features': 0.1, 'model__max_leaf_nodes': 63, 'model__min_samples_leaf': 20, 'reshape': FunctionTransformer(func=<function reshape at 0x7fb1ce140040>), 'second_scale': 'passthrough'}",0.0756998322545197,0.0756998322545197,0.0,2,0.9614053087774584
1,3147.6458551883698,0.0,37.39507746696472,0.0,mad_scaling_clipping_trial_time,power_phase_circular,HistGradientBoostingRegressor,,FunctionTransformer(func=<function reshape at 0x7fb1ce140040>),passthrough,0.001,0.05,0.1,63.0,20.0,"{'first_scale': FunctionTransformer(func=<function mad_scaling_clipping_trial_time at 0x7fb1ce0fbe20>), 'frequency': FunctionTransformer(func=<function power_phase_circular at 0x7fb1ce0fb880>), 'model': HistGradientBoostingRegressor(early_stopping=True, max_iter=300,
                              n_iter_no_change=15, random_state=42,
                              scoring=None), 'model__l2_regularization': 0.001, 'model__learning_rate': 0.05, 'model__max_features': 0.1, 'model__max_leaf_nodes': 63, 'model__min_samples_leaf': 20, 'reshape': FunctionTransformer(func=<function reshape at 0x7fb1ce140040>), 'second_scale': 'passthrough'}",0.09373118373894163,0.09373118373894163,0.0,1,0.951981520966168
0,964.9238510131836,0.0,25.01186180114746,0.0,mad_scaling_clipping_trial_time,power_phase_circular,Ridge,0.006579332246575682,FunctionTransformer(func=<function reshape at 0x7fb1ce140040>),RobustScaler(copy=False),,,,,,"{'first_scale': FunctionTransformer(func=<function mad_scaling_clipping_trial_time at 0x7fb1ce0fbe20>), 'frequency': FunctionTransformer(func=<function power_phase_circular at 0x7fb1ce0fb880>), 'model': Ridge(solver='lsqr'), 'model__alpha': 0.006579332246575682, 'reshape': FunctionTransformer(func=<function reshape at 0x7fb1ce140040>), 'second_scale': RobustScaler(copy=False)}",-0.585669786745824,-0.585669786745824,0.0,2,1.2592338094038866
1,1427.96400308609,0.0,24.64847993850708,0.0,mad_scaling_clipping_channel_trial,power_phase_circular,HistGradientBoostingRegressor,,FunctionTransformer(func=<function reshape at 0x7fb1ce140040>),RobustScaler(copy=False),0.001,0.1,0.2,31.0,20.0,"{'first_scale': FunctionTransformer(func=<function mad_scaling_clipping_channel_trial at 0x7fb1ce0fbd80>), 'frequency': FunctionTransformer(func=<function power_phase_circular at 0x7fb1ce0fb880>), 'model': HistGradientBoostingRegressor(early_stopping=True, max_iter=300,
                              n_iter_no_change=15, random_state=42,
                              scoring=None), 'model__l2_regularization': 0.001, 'model__learning_rate': 0.1, 'model__max_features': 0.2, 'model__max_leaf_nodes': 31, 'model__min_samples_leaf': 20, 'reshape': FunctionTransformer(func=<function reshape at 0x7fb1ce140040>), 'second_scale': RobustScaler(copy=False)}",0.07202216962437769,0.07202216962437769,0.0,1,0.9633160594403181
0,933.3686697483063,0.0,29.841355085372925,0.0,mad_scaling_clipping_trial_time,power_phase_circular,Ridge,4328.7612810830615,FunctionTransformer(func=<function reshape at 0x7fb1ce140040>),passthrough,,,,,,"{'first_scale': FunctionTransformer(func=<function mad_scaling_clipping_trial_time at 0x7fb1ce0fbe20>), 'frequency': FunctionTransformer(func=<function power_phase_circular at 0x7fb1ce0fb880>), 'model': Ridge(solver='lsqr'), 'model__alpha': 4328.7612810830615, 'reshape': FunctionTransformer(func=<function reshape at 0x7fb1ce140040>), 'second_scale': 'passthrough'}",-0.28529124964089103,-0.28529124964089103,0.0,2,1.1337068623065183
1,2169.5097625255585,0.0,32.6373929977417,0.0,mad_scaling_clipping_trial_time,power_phase_circular,HistGradientBoostingRegressor,,FunctionTransformer(func=<function reshape at 0x7fb1ce140040>),passthrough,0.0,0.05,0.1,31.0,20.0,"{'first_scale': FunctionTransformer(func=<function mad_scaling_clipping_trial_time at 0x7fb1ce0fbe20>), 'frequency': FunctionTransformer(func=<function power_phase_circular at 0x7fb1ce0fb880>), 'model': HistGradientBoostingRegressor(early_stopping=True, max_iter=300,
                              n_iter_no_change=15, random_state=42,
                              scoring=None), 'model__l2_regularization': 0.0, 'model__learning_rate': 0.05, 'model__max_features': 0.1, 'model__max_leaf_nodes': 31, 'model__min_samples_leaf': 20, 'reshape': FunctionTransformer(func=<function reshape at 0x7fb1ce140040>), 'second_scale': 'passthrough'}",0.0934739311092988,0.0934739311092988,0.0,1,0.952116625677076
0,4324.550018787384,0.0,12.551018238067627,0.0,passthrough,power_phase_circular,HistGradientBoostingRegressor,,FunctionTransformer(func=<function reshape at 0x7fb1ce140040>),RobustScaler(copy=False),0.0,0.1,0.2,63.0,20.0,"{'first_scale': 'passthrough', 'frequency': FunctionTransformer(func=<function power_phase_circular at 0x7fb1ce0fb880>), 'model': HistGradientBoostingRegressor(early_stopping=True, max_iter=300,
                              n_iter_no_change=15, random_state=42,
                              scoring=None), 'model__l2_regularization': 0.0, 'model__learning_rate': 0.1, 'model__max_features': 0.2, 'model__max_leaf_nodes': 63, 'model__min_samples_leaf': 20, 'reshape': FunctionTransformer(func=<function reshape at 0x7fb1ce140040>), 'second_scale': RobustScaler(copy=False)}",0.06564807067529155,0.06564807067529155,0.0,2,0.9666188128340502
1,4996.924017190933,0.0,44.19183826446533,0.0,mad_scaling_clipping_trial_time,power_phase_circular,HistGradientBoostingRegressor,,FunctionTransformer(func=<function reshape at 0x7fb1ce140040>),RobustScaler(copy=False),0.001,0.05,0.2,63.0,20.0,"{'first_scale': FunctionTransformer(func=<function mad_scaling_clipping_trial_time at 0x7fb1ce0fbe20>), 'frequency': FunctionTransformer(func=<function power_phase_circular at 0x7fb1ce0fb880>), 'model': HistGradientBoostingRegressor(early_stopping=True, max_iter=300,
                              n_iter_no_change=15, random_state=42,
                              scoring=None), 'model__l2_regularization': 0.001, 'model__learning_rate': 0.05, 'model__max_features': 0.2, 'model__max_leaf_nodes': 63, 'model__min_samples_leaf': 20, 'reshape': FunctionTransformer(func=<function reshape at 0x7fb1ce140040>), 'second_scale': RobustScaler(copy=False)}",0.09097060387433886,0.09097060387433886,0.0,1,0.9534303310287864
0,4097.196102142334,0.0,27.701683282852173,0.0,passthrough,power_phase_circular,HistGradientBoostingRegressor,,FunctionTransformer(func=<function reshape at 0x7fb1ce140040>),RobustScaler(copy=False),0.001,0.05,0.2,31.0,20.0,"{'first_scale': 'passthrough', 'frequency': FunctionTransformer(func=<function power_phase_circular at 0x7fb1ce0fb880>), 'model': HistGradientBoostingRegressor(early_stopping=True, max_iter=300,
                              n_iter_no_change=15, random_state=42,
                              scoring=None), 'model__l2_regularization': 0.001, 'model__learning_rate': 0.05, 'model__max_features': 0.2, 'model__max_leaf_nodes': 31, 'model__min_samples_leaf': 20, 'reshape': FunctionTransformer(func=<function reshape at 0x7fb1ce140040>), 'second_scale': RobustScaler(copy=False)}",0.09074714663979544,0.09074714663979544,0.0,1,0.9535475097551273
1,3162.1896708011627,0.0,67.56837725639343,0.0,mad_scaling_clipping_trial_time,power_phase_circular,HistGradientBoostingRegressor,,FunctionTransformer(func=<function reshape at 0x7fb1ce140040>),RobustScaler(copy=False),0.001,0.1,0.2,31.0,20.0,"{'first_scale': FunctionTransformer(func=<function mad_scaling_clipping_trial_time at 0x7fb1ce0fbe20>), 'frequency': FunctionTransformer(func=<function power_phase_circular at 0x7fb1ce0fb880>), 'model': HistGradientBoostingRegressor(early_stopping=True, max_iter=300,
                              n_iter_no_change=15, random_state=42,
                              scoring=None), 'model__l2_regularization': 0.001, 'model__learning_rate': 0.1, 'model__max_features': 0.2, 'model__max_leaf_nodes': 31, 'model__min_samples_leaf': 20, 'reshape': FunctionTransformer(func=<function reshape at 0x7fb1ce140040>), 'second_scale': RobustScaler(copy=False)}",0.08380217244372978,0.08380217244372978,0.0,2,0.9571822332013221
0,1653.0227847099304,0.0,9.605100870132446,0.0,passthrough,power_phase_circular,HistGradientBoostingRegressor,,FunctionTransformer(func=<function reshape at 0x7fb1ce140040>),passthrough,0.0,0.1,0.2,31.0,20.0,"{'first_scale': 'passthrough', 'frequency': FunctionTransformer(func=<function power_phase_circular at 0x7fb1ce0fb880>), 'model': HistGradientBoostingRegressor(early_stopping=True, max_iter=300,
                              n_iter_no_change=15, random_state=42,
                              scoring=None), 'model__l2_regularization': 0.0, 'model__learning_rate': 0.1, 'model__max_features': 0.2, 'model__max_leaf_nodes': 31, 'model__min_samples_leaf': 20, 'reshape': FunctionTransformer(func=<function reshape at 0x7fb1ce140040>), 'second_scale': 'passthrough'}",0.0755689750135623,0.0755689750135623,0.0,2,0.9614733615584146
1,1925.529150724411,0.0,32.15965437889099,0.0,mad_scaling_clipping_trial_time,power_phase_circular,HistGradientBoostingRegressor,,FunctionTransformer(func=<function reshape at 0x7fb1ce140040>),passthrough,0.001,0.05,0.2,31.0,20.0,"{'first_scale': FunctionTransformer(func=<function mad_scaling_clipping_trial_time at 0x7fb1ce0fbe20>), 'frequency': FunctionTransformer(func=<function power_phase_circular at 0x7fb1ce0fb880>), 'model': HistGradientBoostingRegressor(early_stopping=True, max_iter=300,
                              n_iter_no_change=15, random_state=42,
                              scoring=None), 'model__l2_regularization': 0.001, 'model__learning_rate': 0.05, 'model__max_features': 0.2, 'model__max_leaf_nodes': 31, 'model__min_samples_leaf': 20, 'reshape': FunctionTransformer(func=<function reshape at 0x7fb1ce140040>), 'second_scale': 'passthrough'}",0.09409858909300284,0.09409858909300284,0.0,1,0.95178853266206
0,3254.520038843155,0.0,13.502856254577637,0.0,passthrough,power_phase_circular,HistGradientBoostingRegressor,,FunctionTransformer(func=<function reshape at 0x7fb1ce140040>),passthrough,0.001,0.05,0.05,31.0,20.0,"{'first_scale': 'passthrough', 'frequency': FunctionTransformer(func=<function power_phase_circular at 0x7fb1ce0fb880>), 'model': HistGradientBoostingRegressor(early_stopping=True, max_iter=300,
                              n_iter_no_change=15, random_state=42,
                              scoring=None), 'model__l2_regularization': 0.001, 'model__learning_rate': 0.05, 'model__max_features': 0.05, 'model__max_leaf_nodes': 31, 'model__min_samples_leaf': 20, 'reshape': FunctionTransformer(func=<function reshape at 0x7fb1ce140040>), 'second_scale': 'passthrough'}",0.09016467705240783,0.09016467705240783,0.0,1,0.9538528832831571
1,2358.185077905655,0.0,45.61017656326294,0.0,mad_scaling_clipping_trial_time,power_phase_circular,HistGradientBoostingRegressor,,FunctionTransformer(func=<function reshape at 0x7fb1ce140040>),passthrough,0.001,0.1,0.05,31.0,20.0,"{'first_scale': FunctionTransformer(func=<function mad_scaling_clipping_trial_time at 0x7fb1ce0fbe20>), 'frequency': FunctionTransformer(func=<function power_phase_circular at 0x7fb1ce0fb880>), 'model': HistGradientBoostingRegressor(early_stopping=True, max_iter=300,
                              n_iter_no_change=15, random_state=42,
                              scoring=None), 'model__l2_regularization': 0.001, 'model__learning_rate': 0.1, 'model__max_features': 0.05, 'model__max_leaf_nodes': 31, 'model__min_samples_leaf': 20, 'reshape': FunctionTransformer(func=<function reshape at 0x7fb1ce140040>), 'second_scale': 'passthrough'}",0.080731429990612,0.080731429990612,0.0,2,0.9587849446092632
0,1020.4727156162262,0.0,7.720733880996704,0.0,passthrough,power_phase_circular,Ridge,2.848035868435805e-07,FunctionTransformer(func=<function reshape at 0x7fb1ce140040>),RobustScaler(copy=False),,,,,,"{'first_scale': 'passthrough', 'frequency': FunctionTransformer(func=<function power_phase_circular at 0x7fb1ce0fb880>), 'model': Ridge(solver='lsqr'), 'model__alpha': 2.848035868435805e-07, 'reshape': FunctionTransformer(func=<function reshape at 0x7fb1ce140040>), 'second_scale': RobustScaler(copy=False)}",-16.211847245376116,-16.211847245376116,0.0,2,4.148716337058502
1,1651.535017490387,0.0,9.085562705993652,0.0,passthrough,power_phase_circular,HistGradientBoostingRegressor,,FunctionTransformer(func=<function reshape at 0x7fb1ce140040>),RobustScaler(copy=False),0.001,0.1,0.05,63.0,20.0,"{'first_scale': 'passthrough', 'frequency': FunctionTransformer(func=<function power_phase_circular at 0x7fb1ce0fb880>), 'model': HistGradientBoostingRegressor(early_stopping=True, max_iter=300,
                              n_iter_no_change=15, random_state=42,
                              scoring=None), 'model__l2_regularization': 0.001, 'model__learning_rate': 0.1, 'model__max_features': 0.05, 'model__max_leaf_nodes': 63, 'model__min_samples_leaf': 20, 'reshape': FunctionTransformer(func=<function reshape at 0x7fb1ce140040>), 'second_scale': RobustScaler(copy=False)}",0.062076191278776616,0.062076191278776616,0.0,1,0.9684646657060976
0,717.7007396221161,0.0,33.83842873573303,0.0,mad_scaling_clipping_trial_time,power_phase_circular,Ridge,100000000.0,FunctionTransformer(func=<function reshape at 0x7fb1ce140040>),RobustScaler(copy=False),,,,,,"{'first_scale': FunctionTransformer(func=<function mad_scaling_clipping_trial_time at 0x7fb1ce0fbe20>), 'frequency': FunctionTransformer(func=<function power_phase_circular at 0x7fb1ce0fb880>), 'model': Ridge(solver='lsqr'), 'model__alpha': 100000000.0, 'reshape': FunctionTransformer(func=<function reshape at 0x7fb1ce140040>), 'second_scale': RobustScaler(copy=False)}",0.007785471607000161,0.007785471607000161,0.0,2,0.9960996578621036
1,3960.269946336746,0.0,38.238091468811035,0.0,mad_scaling_clipping_trial_time,power_phase_circular,HistGradientBoostingRegressor,,FunctionTransformer(func=<function reshape at 0x7fb1ce140040>),RobustScaler(copy=False),0.0,0.05,0.2,63.0,20.0,"{'first_scale': FunctionTransformer(func=<function mad_scaling_clipping_trial_time at 0x7fb1ce0fbe20>), 'frequency': FunctionTransformer(func=<function power_phase_circular at 0x7fb1ce0fb880>), 'model': HistGradientBoostingRegressor(early_stopping=True, max_iter=300,
                              n_iter_no_change=15, random_state=42,
                              scoring=None), 'model__l2_regularization': 0.0, 'model__learning_rate': 0.05, 'model__max_features': 0.2, 'model__max_leaf_nodes': 63, 'model__min_samples_leaf': 20, 'reshape': FunctionTransformer(func=<function reshape at 0x7fb1ce140040>), 'second_scale': RobustScaler(copy=False)}",0.08877572825988822,0.08877572825988822,0.0,1,0.9545806784866913
0,1154.8736650943756,0.0,24.56306481361389,0.0,mad_scaling_clipping_trial_time,power_phase_circular,Ridge,8.111308307896873e-06,FunctionTransformer(func=<function reshape at 0x7fb1ce140040>),passthrough,,,,,,"{'first_scale': FunctionTransformer(func=<function mad_scaling_clipping_trial_time at 0x7fb1ce0fbe20>), 'frequency': FunctionTransformer(func=<function power_phase_circular at 0x7fb1ce0fb880>), 'model': Ridge(solver='lsqr'), 'model__alpha': 8.111308307896873e-06, 'reshape': FunctionTransformer(func=<function reshape at 0x7fb1ce140040>), 'second_scale': 'passthrough'}",-0.36518668642667507,-0.36518668642667507,0.0,2,1.1684120362383619
1,1485.6285426616669,0.0,24.25676727294922,0.0,mad_scaling_clipping_channel_trial,power_phase_circular,HistGradientBoostingRegressor,,FunctionTransformer(func=<function reshape at 0x7fb1ce140040>),passthrough,0.001,0.1,0.1,31.0,20.0,"{'first_scale': FunctionTransformer(func=<function mad_scaling_clipping_channel_trial at 0x7fb1ce0fbd80>), 'frequency': FunctionTransformer(func=<function power_phase_circular at 0x7fb1ce0fb880>), 'model': HistGradientBoostingRegressor(early_stopping=True, max_iter=300,
                              n_iter_no_change=15, random_state=42,
                              scoring=None), 'model__l2_regularization': 0.001, 'model__learning_rate': 0.1, 'model__max_features': 0.1, 'model__max_leaf_nodes': 31, 'model__min_samples_leaf': 20, 'reshape': FunctionTransformer(func=<function reshape at 0x7fb1ce140040>), 'second_scale': 'passthrough'}",0.07221023242633828,0.07221023242633828,0.0,1,0.9632184422931601
0,3376.475264310837,0.0,11.164252519607544,0.0,passthrough,power_phase_circular,HistGradientBoostingRegressor,,FunctionTransformer(func=<function reshape at 0x7fb1ce140040>),RobustScaler(copy=False),0.0,0.05,0.05,63.0,20.0,"{'first_scale': 'passthrough', 'frequency': FunctionTransformer(func=<function power_phase_circular at 0x7fb1ce0fb880>), 'model': HistGradientBoostingRegressor(early_stopping=True, max_iter=300,
                              n_iter_no_change=15, random_state=42,
                              scoring=None), 'model__l2_regularization': 0.0, 'model__learning_rate': 0.05, 'model__max_features': 0.05, 'model__max_leaf_nodes': 63, 'model__min_samples_leaf': 20, 'reshape': FunctionTransformer(func=<function reshape at 0x7fb1ce140040>), 'second_scale': RobustScaler(copy=False)}",0.08482411880780871,0.08482411880780871,0.0,1,0.9566482536398586
1,2710.2327370643616,0.0,31.35424280166626,0.0,mad_scaling_clipping_trial_time,power_phase_circular,HistGradientBoostingRegressor,,FunctionTransformer(func=<function reshape at 0x7fb1ce140040>),RobustScaler(copy=False),0.0,0.1,0.05,63.0,20.0,"{'first_scale': FunctionTransformer(func=<function mad_scaling_clipping_trial_time at 0x7fb1ce0fbe20>), 'frequency': FunctionTransformer(func=<function power_phase_circular at 0x7fb1ce0fb880>), 'model': HistGradientBoostingRegressor(early_stopping=True, max_iter=300,
                              n_iter_no_change=15, random_state=42,
                              scoring=None), 'model__l2_regularization': 0.0, 'model__learning_rate': 0.1, 'model__max_features': 0.05, 'model__max_leaf_nodes': 63, 'model__min_samples_leaf': 20, 'reshape': FunctionTransformer(func=<function reshape at 0x7fb1ce140040>), 'second_scale': RobustScaler(copy=False)}",0.07563167799518744,0.07563167799518744,0.0,2,0.96144075324734
