,mean_fit_time,std_fit_time,mean_score_time,std_score_time,param_feature_map,param_first_scale,param_frequency,param_model,param_model__alpha,param_reshape,param_second_scale,param_model__l2_regularization,param_model__learning_rate,param_model__max_features,param_model__max_leaf_nodes,param_model__min_samples_leaf,params,split0_test_score,mean_test_score,std_test_score,rank_test_score,nrmse
0,610.2564482688904,0.0,7.270813703536987,0.0,polynomial,passthrough,power_phase,Ridge,4328.7612810830615,FunctionTransformer(func=<function reshape at 0x7fb1ce140040>),RobustScaler(copy=False),,,,,,"{'feature_map': FunctionTransformer(func=<function polynomial at 0x7fb1ce0fb420>), 'first_scale': 'passthrough', 'frequency': FunctionTransformer(func=<function power_phase at 0x7fb1ce0fb920>), 'model': Ridge(solver='lsqr'), 'model__alpha': 4328.7612810830615, 'reshape': FunctionTransformer(func=<function reshape at 0x7fb1ce140040>), 'second_scale': RobustScaler(copy=False)}",-0.5021366027828673,-0.5021366027828673,0.0,2,1.2256168254323483
1,1554.5499866008759,0.0,9.975502014160156,0.0,polynomial,passthrough,power_phase,HistGradientBoostingRegressor,,FunctionTransformer(func=<function reshape at 0x7fb1ce140040>),RobustScaler(copy=False),0.0,0.1,0.1,31.0,20.0,"{'feature_map': FunctionTransformer(func=<function polynomial at 0x7fb1ce0fb420>), 'first_scale': 'passthrough', 'frequency': FunctionTransformer(func=<function power_phase at 0x7fb1ce0fb920>), 'model': HistGradientBoostingRegressor(early_stopping=True, max_iter=300,
                              n_iter_no_change=15, random_state=42,
                              scoring=None), 'model__l2_regularization': 0.0, 'model__learning_rate': 0.1, 'model__max_features': 0.1, 'model__max_leaf_nodes': 31, 'model__min_samples_leaf': 20, 'reshape': FunctionTransformer(func=<function reshape at 0x7fb1ce140040>), 'second_scale': RobustScaler(copy=False)}",0.07837275173637148,0.07837275173637148,0.0,1,0.9600141916990751
0,2643.9562311172485,0.0,5.4305150508880615,0.0,polynomial,passthrough,passthrough,HistGradientBoostingRegressor,,FunctionTransformer(func=<function reshape at 0x7fb1ce140040>),passthrough,0.0,0.1,0.2,63.0,20.0,"{'feature_map': FunctionTransformer(func=<function polynomial at 0x7fb1ce0fb420>), 'first_scale': 'passthrough', 'frequency': 'passthrough', 'model': HistGradientBoostingRegressor(early_stopping=True, max_iter=300,
                              n_iter_no_change=15, random_state=42,
                              scoring=None), 'model__l2_regularization': 0.0, 'model__learning_rate': 0.1, 'model__max_features': 0.2, 'model__max_leaf_nodes': 63, 'model__min_samples_leaf': 20, 'reshape': FunctionTransformer(func=<function reshape at 0x7fb1ce140040>), 'second_scale': 'passthrough'}",0.07503173605076807,0.07503173605076807,0.0,1,0.961752704154884
1,2317.456494808197,0.0,8.380222797393799,0.0,polynomial,passthrough,power_phase,HistGradientBoostingRegressor,,FunctionTransformer(func=<function reshape at 0x7fb1ce140040>),passthrough,0.001,0.1,0.2,63.0,20.0,"{'feature_map': FunctionTransformer(func=<function polynomial at 0x7fb1ce0fb420>), 'first_scale': 'passthrough', 'frequency': FunctionTransformer(func=<function power_phase at 0x7fb1ce0fb920>), 'model': HistGradientBoostingRegressor(early_stopping=True, max_iter=300,
                              n_iter_no_change=15, random_state=42,
                              scoring=None), 'model__l2_regularization': 0.001, 'model__learning_rate': 0.1, 'model__max_features': 0.2, 'model__max_leaf_nodes': 63, 'model__min_samples_leaf': 20, 'reshape': FunctionTransformer(func=<function reshape at 0x7fb1ce140040>), 'second_scale': 'passthrough'}",0.06426416132998969,0.06426416132998969,0.0,2,0.9673343985768367
0,436.49074244499207,0.0,8.951955318450928,0.0,polynomial,passthrough,power_phase,Ridge,1e-08,FunctionTransformer(func=<function reshape at 0x7fb1ce140040>),passthrough,,,,,,"{'feature_map': FunctionTransformer(func=<function polynomial at 0x7fb1ce0fb420>), 'first_scale': 'passthrough', 'frequency': FunctionTransformer(func=<function power_phase at 0x7fb1ce0fb920>), 'model': Ridge(solver='lsqr'), 'model__alpha': 1e-08, 'reshape': FunctionTransformer(func=<function reshape at 0x7fb1ce140040>), 'second_scale': 'passthrough'}",-0.2960974249811972,-0.2960974249811972,0.0,2,1.1384627464178163
1,1751.9018228054047,0.0,11.08113145828247,0.0,polynomial,passthrough,power_phase,HistGradientBoostingRegressor,,FunctionTransformer(func=<function reshape at 0x7fb1ce140040>),passthrough,0.0,0.05,0.05,31.0,20.0,"{'feature_map': FunctionTransformer(func=<function polynomial at 0x7fb1ce0fb420>), 'first_scale': 'passthrough', 'frequency': FunctionTransformer(func=<function power_phase at 0x7fb1ce0fb920>), 'model': HistGradientBoostingRegressor(early_stopping=True, max_iter=300,
                              n_iter_no_change=15, random_state=42,
                              scoring=None), 'model__l2_regularization': 0.0, 'model__learning_rate': 0.05, 'model__max_features': 0.05, 'model__max_leaf_nodes': 31, 'model__min_samples_leaf': 20, 'reshape': FunctionTransformer(func=<function reshape at 0x7fb1ce140040>), 'second_scale': 'passthrough'}",0.08473998932450066,0.08473998932450066,0.0,1,0.9566922235889134
0,989.2651972770691,0.0,9.615525245666504,0.0,polynomial,passthrough,power_phase,Ridge,100000000.0,FunctionTransformer(func=<function reshape at 0x7fb1ce140040>),RobustScaler(copy=False),,,,,,"{'feature_map': FunctionTransformer(func=<function polynomial at 0x7fb1ce0fb420>), 'first_scale': 'passthrough', 'frequency': FunctionTransformer(func=<function power_phase at 0x7fb1ce0fb920>), 'model': Ridge(solver='lsqr'), 'model__alpha': 100000000.0, 'reshape': FunctionTransformer(func=<function reshape at 0x7fb1ce140040>), 'second_scale': RobustScaler(copy=False)}",-0.5021330190763262,-0.5021330190763262,0.0,2,1.2256153634302756
1,3063.032854318619,0.0,13.487528324127197,0.0,polynomial,passthrough,power_phase,HistGradientBoostingRegressor,,FunctionTransformer(func=<function reshape at 0x7fb1ce140040>),RobustScaler(copy=False),0.0,0.1,0.2,63.0,20.0,"{'feature_map': FunctionTransformer(func=<function polynomial at 0x7fb1ce0fb420>), 'first_scale': 'passthrough', 'frequency': FunctionTransformer(func=<function power_phase at 0x7fb1ce0fb920>), 'model': HistGradientBoostingRegressor(early_stopping=True, max_iter=300,
                              n_iter_no_change=15, random_state=42,
                              scoring=None), 'model__l2_regularization': 0.0, 'model__learning_rate': 0.1, 'model__max_features': 0.2, 'model__max_leaf_nodes': 63, 'model__min_samples_leaf': 20, 'reshape': FunctionTransformer(func=<function reshape at 0x7fb1ce140040>), 'second_scale': RobustScaler(copy=False)}",0.07087870122654427,0.07087870122654427,0.0,1,0.9639093830715912
0,47.48045229911804,0.0,2.186295986175537,0.0,polynomial,passthrough,passthrough,Ridge,123284.67394420685,FunctionTransformer(func=<function reshape at 0x7fb1ce140040>),passthrough,,,,,,"{'feature_map': FunctionTransformer(func=<function polynomial at 0x7fb1ce0fb420>), 'first_scale': 'passthrough', 'frequency': 'passthrough', 'model': Ridge(solver='lsqr'), 'model__alpha': 123284.67394420685, 'reshape': FunctionTransformer(func=<function reshape at 0x7fb1ce140040>), 'second_scale': 'passthrough'}",-0.0005724458489102524,-0.0005724458489102524,0.0,2,1.0002861819743938
1,3136.260926246643,0.0,6.361749172210693,0.0,polynomial,passthrough,passthrough,HistGradientBoostingRegressor,,FunctionTransformer(func=<function reshape at 0x7fb1ce140040>),passthrough,0.001,0.1,0.1,63.0,20.0,"{'feature_map': FunctionTransformer(func=<function polynomial at 0x7fb1ce0fb420>), 'first_scale': 'passthrough', 'frequency': 'passthrough', 'model': HistGradientBoostingRegressor(early_stopping=True, max_iter=300,
                              n_iter_no_change=15, random_state=42,
                              scoring=None), 'model__l2_regularization': 0.001, 'model__learning_rate': 0.1, 'model__max_features': 0.1, 'model__max_leaf_nodes': 63, 'model__min_samples_leaf': 20, 'reshape': FunctionTransformer(func=<function reshape at 0x7fb1ce140040>), 'second_scale': 'passthrough'}",0.07573346879742315,0.07573346879742315,0.0,1,0.9613878151935237
0,27.592164754867554,0.0,1.5768914222717285,0.0,polynomial,passthrough,passthrough,Ridge,4328.7612810830615,FunctionTransformer(func=<function reshape at 0x7fb1ce140040>),passthrough,,,,,,"{'feature_map': FunctionTransformer(func=<function polynomial at 0x7fb1ce0fb420>), 'first_scale': 'passthrough', 'frequency': 'passthrough', 'model': Ridge(solver='lsqr'), 'model__alpha': 4328.7612810830615, 'reshape': FunctionTransformer(func=<function reshape at 0x7fb1ce140040>), 'second_scale': 'passthrough'}",-0.0005704314608674377,-0.0005704314608674377,0.0,2,1.000285175068024
1,1432.2920591831207,0.0,3.690662384033203,0.0,polynomial,passthrough,passthrough,HistGradientBoostingRegressor,,FunctionTransformer(func=<function reshape at 0x7fb1ce140040>),passthrough,0.001,0.1,0.1,31.0,20.0,"{'feature_map': FunctionTransformer(func=<function polynomial at 0x7fb1ce0fb420>), 'first_scale': 'passthrough', 'frequency': 'passthrough', 'model': HistGradientBoostingRegressor(early_stopping=True, max_iter=300,
                              n_iter_no_change=15, random_state=42,
                              scoring=None), 'model__l2_regularization': 0.001, 'model__learning_rate': 0.1, 'model__max_features': 0.1, 'model__max_leaf_nodes': 31, 'model__min_samples_leaf': 20, 'reshape': FunctionTransformer(func=<function reshape at 0x7fb1ce140040>), 'second_scale': 'passthrough'}",0.08297428220282355,0.08297428220282355,0.0,1,0.9576145977360498
0,2722.8919308185577,0.0,7.146770238876343,0.0,polynomial,passthrough,passthrough,HistGradientBoostingRegressor,,FunctionTransformer(func=<function reshape at 0x7fb1ce140040>),RobustScaler(copy=False),0.0,0.05,0.1,63.0,20.0,"{'feature_map': FunctionTransformer(func=<function polynomial at 0x7fb1ce0fb420>), 'first_scale': 'passthrough', 'frequency': 'passthrough', 'model': HistGradientBoostingRegressor(early_stopping=True, max_iter=300,
                              n_iter_no_change=15, random_state=42,
                              scoring=None), 'model__l2_regularization': 0.0, 'model__learning_rate': 0.05, 'model__max_features': 0.1, 'model__max_leaf_nodes': 63, 'model__min_samples_leaf': 20, 'reshape': FunctionTransformer(func=<function reshape at 0x7fb1ce140040>), 'second_scale': RobustScaler(copy=False)}",0.08921275449925004,0.08921275449925004,0.0,1,0.9543517409743381
1,2638.4467985630035,0.0,9.953286170959473,0.0,polynomial,passthrough,power_phase,HistGradientBoostingRegressor,,FunctionTransformer(func=<function reshape at 0x7fb1ce140040>),RobustScaler(copy=False),0.001,0.05,0.1,63.0,20.0,"{'feature_map': FunctionTransformer(func=<function polynomial at 0x7fb1ce0fb420>), 'first_scale': 'passthrough', 'frequency': FunctionTransformer(func=<function power_phase at 0x7fb1ce0fb920>), 'model': HistGradientBoostingRegressor(early_stopping=True, max_iter=300,
                              n_iter_no_change=15, random_state=42,
                              scoring=None), 'model__l2_regularization': 0.001, 'model__learning_rate': 0.05, 'model__max_features': 0.1, 'model__max_leaf_nodes': 63, 'model__min_samples_leaf': 20, 'reshape': FunctionTransformer(func=<function reshape at 0x7fb1ce140040>), 'second_scale': RobustScaler(copy=False)}",0.08142547965970548,0.08142547965970548,0.0,2,0.9584229339598956
0,352.2271993160248,0.0,7.51103401184082,0.0,polynomial,passthrough,power_phase,Ridge,0.0002310129700083158,FunctionTransformer(func=<function reshape at 0x7fb1ce140040>),passthrough,,,,,,"{'feature_map': FunctionTransformer(func=<function polynomial at 0x7fb1ce0fb420>), 'first_scale': 'passthrough', 'frequency': FunctionTransformer(func=<function power_phase at 0x7fb1ce0fb920>), 'model': Ridge(solver='lsqr'), 'model__alpha': 0.0002310129700083158, 'reshape': FunctionTransformer(func=<function reshape at 0x7fb1ce140040>), 'second_scale': 'passthrough'}",-0.29609743737090644,-0.29609743737090644,0.0,2,1.138462751859237
1,2271.4428231716156,0.0,12.69357705116272,0.0,polynomial,passthrough,power_phase,HistGradientBoostingRegressor,,FunctionTransformer(func=<function reshape at 0x7fb1ce140040>),passthrough,0.0,0.05,0.1,63.0,20.0,"{'feature_map': FunctionTransformer(func=<function polynomial at 0x7fb1ce0fb420>), 'first_scale': 'passthrough', 'frequency': FunctionTransformer(func=<function power_phase at 0x7fb1ce0fb920>), 'model': HistGradientBoostingRegressor(early_stopping=True, max_iter=300,
                              n_iter_no_change=15, random_state=42,
                              scoring=None), 'model__l2_regularization': 0.0, 'model__learning_rate': 0.05, 'model__max_features': 0.1, 'model__max_leaf_nodes': 63, 'model__min_samples_leaf': 20, 'reshape': FunctionTransformer(func=<function reshape at 0x7fb1ce140040>), 'second_scale': 'passthrough'}",0.08428390478316083,0.08428390478316083,0.0,1,0.9569305592449429
0,1846.258347272873,0.0,8.616077184677124,0.0,polynomial,passthrough,passthrough,HistGradientBoostingRegressor,,FunctionTransformer(func=<function reshape at 0x7fb1ce140040>),RobustScaler(copy=False),0.0,0.1,0.2,31.0,20.0,"{'feature_map': FunctionTransformer(func=<function polynomial at 0x7fb1ce0fb420>), 'first_scale': 'passthrough', 'frequency': 'passthrough', 'model': HistGradientBoostingRegressor(early_stopping=True, max_iter=300,
                              n_iter_no_change=15, random_state=42,
                              scoring=None), 'model__l2_regularization': 0.0, 'model__learning_rate': 0.1, 'model__max_features': 0.2, 'model__max_leaf_nodes': 31, 'model__min_samples_leaf': 20, 'reshape': FunctionTransformer(func=<function reshape at 0x7fb1ce140040>), 'second_scale': RobustScaler(copy=False)}",0.08886626466931846,0.08886626466931846,0.0,1,0.9545332552251291
1,2360.421039581299,0.0,13.036925315856934,0.0,polynomial,passthrough,power_phase,HistGradientBoostingRegressor,,FunctionTransformer(func=<function reshape at 0x7fb1ce140040>),RobustScaler(copy=False),0.001,0.1,0.2,31.0,20.0,"{'feature_map': FunctionTransformer(func=<function polynomial at 0x7fb1ce0fb420>), 'first_scale': 'passthrough', 'frequency': FunctionTransformer(func=<function power_phase at 0x7fb1ce0fb920>), 'model': HistGradientBoostingRegressor(early_stopping=True, max_iter=300,
                              n_iter_no_change=15, random_state=42,
                              scoring=None), 'model__l2_regularization': 0.001, 'model__learning_rate': 0.1, 'model__max_features': 0.2, 'model__max_leaf_nodes': 31, 'model__min_samples_leaf': 20, 'reshape': FunctionTransformer(func=<function reshape at 0x7fb1ce140040>), 'second_scale': RobustScaler(copy=False)}",0.0791572519998921,0.0791572519998921,0.0,2,0.9596055168662319
0,2943.033692598343,0.0,5.735486268997192,0.0,polynomial,passthrough,passthrough,HistGradientBoostingRegressor,,FunctionTransformer(func=<function reshape at 0x7fb1ce140040>),passthrough,0.0,0.05,0.05,63.0,20.0,"{'feature_map': FunctionTransformer(func=<function polynomial at 0x7fb1ce0fb420>), 'first_scale': 'passthrough', 'frequency': 'passthrough', 'model': HistGradientBoostingRegressor(early_stopping=True, max_iter=300,
                              n_iter_no_change=15, random_state=42,
                              scoring=None), 'model__l2_regularization': 0.0, 'model__learning_rate': 0.05, 'model__max_features': 0.05, 'model__max_leaf_nodes': 63, 'model__min_samples_leaf': 20, 'reshape': FunctionTransformer(func=<function reshape at 0x7fb1ce140040>), 'second_scale': 'passthrough'}",0.09506352072235802,0.09506352072235802,0.0,1,0.9512814931857142
1,2862.964875936508,0.0,9.86536455154419,0.0,polynomial,passthrough,power_phase,HistGradientBoostingRegressor,,FunctionTransformer(func=<function reshape at 0x7fb1ce140040>),passthrough,0.001,0.05,0.05,63.0,20.0,"{'feature_map': FunctionTransformer(func=<function polynomial at 0x7fb1ce0fb420>), 'first_scale': 'passthrough', 'frequency': FunctionTransformer(func=<function power_phase at 0x7fb1ce0fb920>), 'model': HistGradientBoostingRegressor(early_stopping=True, max_iter=300,
                              n_iter_no_change=15, random_state=42,
                              scoring=None), 'model__l2_regularization': 0.001, 'model__learning_rate': 0.05, 'model__max_features': 0.05, 'model__max_leaf_nodes': 63, 'model__min_samples_leaf': 20, 'reshape': FunctionTransformer(func=<function reshape at 0x7fb1ce140040>), 'second_scale': 'passthrough'}",0.08369420283380657,0.08369420283380657,0.0,2,0.957238631254607
0,99.96431422233582,0.0,2.077838897705078,0.0,polynomial,passthrough,passthrough,Ridge,0.18738174228603868,FunctionTransformer(func=<function reshape at 0x7fb1ce140040>),passthrough,,,,,,"{'feature_map': FunctionTransformer(func=<function polynomial at 0x7fb1ce0fb420>), 'first_scale': 'passthrough', 'frequency': 'passthrough', 'model': Ridge(solver='lsqr'), 'model__alpha': 0.18738174228603868, 'reshape': FunctionTransformer(func=<function reshape at 0x7fb1ce140040>), 'second_scale': 'passthrough'}",-0.06211182475142185,-0.06211182475142185,0.0,2,1.030588096550422
1,3202.5443086624146,0.0,6.0947535037994385,0.0,polynomial,passthrough,passthrough,HistGradientBoostingRegressor,,FunctionTransformer(func=<function reshape at 0x7fb1ce140040>),passthrough,0.001,0.05,0.2,63.0,20.0,"{'feature_map': FunctionTransformer(func=<function polynomial at 0x7fb1ce0fb420>), 'first_scale': 'passthrough', 'frequency': 'passthrough', 'model': HistGradientBoostingRegressor(early_stopping=True, max_iter=300,
                              n_iter_no_change=15, random_state=42,
                              scoring=None), 'model__l2_regularization': 0.001, 'model__learning_rate': 0.05, 'model__max_features': 0.2, 'model__max_leaf_nodes': 63, 'model__min_samples_leaf': 20, 'reshape': FunctionTransformer(func=<function reshape at 0x7fb1ce140040>), 'second_scale': 'passthrough'}",0.09316038132972282,0.09316038132972282,0.0,1,0.95228127077575
0,421.8767762184143,0.0,2.4460015296936035,0.0,polynomial,passthrough,passthrough,Ridge,1e-08,FunctionTransformer(func=<function reshape at 0x7fb1ce140040>),passthrough,,,,,,"{'feature_map': FunctionTransformer(func=<function polynomial at 0x7fb1ce0fb420>), 'first_scale': 'passthrough', 'frequency': 'passthrough', 'model': Ridge(solver='lsqr'), 'model__alpha': 1e-08, 'reshape': FunctionTransformer(func=<function reshape at 0x7fb1ce140040>), 'second_scale': 'passthrough'}",-20.61307918086945,-20.61307918086945,0.0,2,4.648986898332738
1,1674.3281831741333,0.0,5.070627212524414,0.0,polynomial,passthrough,passthrough,HistGradientBoostingRegressor,,FunctionTransformer(func=<function reshape at 0x7fb1ce140040>),passthrough,0.001,0.05,0.05,31.0,20.0,"{'feature_map': FunctionTransformer(func=<function polynomial at 0x7fb1ce0fb420>), 'first_scale': 'passthrough', 'frequency': 'passthrough', 'model': HistGradientBoostingRegressor(early_stopping=True, max_iter=300,
                              n_iter_no_change=15, random_state=42,
                              scoring=None), 'model__l2_regularization': 0.001, 'model__learning_rate': 0.05, 'model__max_features': 0.05, 'model__max_leaf_nodes': 31, 'model__min_samples_leaf': 20, 'reshape': FunctionTransformer(func=<function reshape at 0x7fb1ce140040>), 'second_scale': 'passthrough'}",0.0929202291628769,0.0929202291628769,0.0,1,0.9524073555139749
0,53.48989748954773,0.0,2.6580350399017334,0.0,polynomial,passthrough,passthrough,Ridge,151.99110829529332,FunctionTransformer(func=<function reshape at 0x7fb1ce140040>),passthrough,,,,,,"{'feature_map': FunctionTransformer(func=<function polynomial at 0x7fb1ce0fb420>), 'first_scale': 'passthrough', 'frequency': 'passthrough', 'model': Ridge(solver='lsqr'), 'model__alpha': 151.99110829529332, 'reshape': FunctionTransformer(func=<function reshape at 0x7fb1ce140040>), 'second_scale': 'passthrough'}",-0.0010464290624627726,-0.0010464290624627726,0.0,2,1.0005230777260776
1,3773.9261395931244,0.0,7.2909932136535645,0.0,polynomial,passthrough,passthrough,HistGradientBoostingRegressor,,FunctionTransformer(func=<function reshape at 0x7fb1ce140040>),passthrough,0.001,0.1,0.05,63.0,20.0,"{'feature_map': FunctionTransformer(func=<function polynomial at 0x7fb1ce0fb420>), 'first_scale': 'passthrough', 'frequency': 'passthrough', 'model': HistGradientBoostingRegressor(early_stopping=True, max_iter=300,
                              n_iter_no_change=15, random_state=42,
                              scoring=None), 'model__l2_regularization': 0.001, 'model__learning_rate': 0.1, 'model__max_features': 0.05, 'model__max_leaf_nodes': 63, 'model__min_samples_leaf': 20, 'reshape': FunctionTransformer(func=<function reshape at 0x7fb1ce140040>), 'second_scale': 'passthrough'}",0.0803155943395315,0.0803155943395315,0.0,1,0.9590017756294659
0,1154.615871667862,0.0,4.33051872253418,0.0,polynomial,passthrough,passthrough,Ridge,123284.67394420685,FunctionTransformer(func=<function reshape at 0x7fb1ce140040>),RobustScaler(copy=False),,,,,,"{'feature_map': FunctionTransformer(func=<function polynomial at 0x7fb1ce0fb420>), 'first_scale': 'passthrough', 'frequency': 'passthrough', 'model': Ridge(solver='lsqr'), 'model__alpha': 123284.67394420685, 'reshape': FunctionTransformer(func=<function reshape at 0x7fb1ce140040>), 'second_scale': RobustScaler(copy=False)}",-2.318678046103351,-2.318678046103351,0.0,2,1.8217239214829868
1,3651.9842796325684,0.0,7.748220205307007,0.0,polynomial,passthrough,passthrough,HistGradientBoostingRegressor,,FunctionTransformer(func=<function reshape at 0x7fb1ce140040>),RobustScaler(copy=False),0.001,0.1,0.1,63.0,20.0,"{'feature_map': FunctionTransformer(func=<function polynomial at 0x7fb1ce0fb420>), 'first_scale': 'passthrough', 'frequency': 'passthrough', 'model': HistGradientBoostingRegressor(early_stopping=True, max_iter=300,
                              n_iter_no_change=15, random_state=42,
                              scoring=None), 'model__l2_regularization': 0.001, 'model__learning_rate': 0.1, 'model__max_features': 0.1, 'model__max_leaf_nodes': 63, 'model__min_samples_leaf': 20, 'reshape': FunctionTransformer(func=<function reshape at 0x7fb1ce140040>), 'second_scale': RobustScaler(copy=False)}",0.07475456933362257,0.07475456933362257,0.0,1,0.9618967879488826
0,2404.441272497177,0.0,5.757556438446045,0.0,polynomial,passthrough,passthrough,HistGradientBoostingRegressor,,FunctionTransformer(func=<function reshape at 0x7fb1ce140040>),passthrough,0.0,0.1,0.1,63.0,20.0,"{'feature_map': FunctionTransformer(func=<function polynomial at 0x7fb1ce0fb420>), 'first_scale': 'passthrough', 'frequency': 'passthrough', 'model': HistGradientBoostingRegressor(early_stopping=True, max_iter=300,
                              n_iter_no_change=15, random_state=42,
                              scoring=None), 'model__l2_regularization': 0.0, 'model__learning_rate': 0.1, 'model__max_features': 0.1, 'model__max_leaf_nodes': 63, 'model__min_samples_leaf': 20, 'reshape': FunctionTransformer(func=<function reshape at 0x7fb1ce140040>), 'second_scale': 'passthrough'}",0.07366867139710964,0.07366867139710964,0.0,1,0.9624610790067775
1,1682.5628018379211,0.0,9.054028987884521,0.0,polynomial,passthrough,power_phase,HistGradientBoostingRegressor,,FunctionTransformer(func=<function reshape at 0x7fb1ce140040>),passthrough,0.001,0.1,0.1,63.0,20.0,"{'feature_map': FunctionTransformer(func=<function polynomial at 0x7fb1ce0fb420>), 'first_scale': 'passthrough', 'frequency': FunctionTransformer(func=<function power_phase at 0x7fb1ce0fb920>), 'model': HistGradientBoostingRegressor(early_stopping=True, max_iter=300,
                              n_iter_no_change=15, random_state=42,
                              scoring=None), 'model__l2_regularization': 0.001, 'model__learning_rate': 0.1, 'model__max_features': 0.1, 'model__max_leaf_nodes': 63, 'model__min_samples_leaf': 20, 'reshape': FunctionTransformer(func=<function reshape at 0x7fb1ce140040>), 'second_scale': 'passthrough'}",0.0681232570677398,0.0681232570677398,0.0,2,0.9653376315736687
0,2750.1183772087097,0.0,7.310209274291992,0.0,polynomial,passthrough,passthrough,HistGradientBoostingRegressor,,FunctionTransformer(func=<function reshape at 0x7fb1ce140040>),RobustScaler(copy=False),0.0,0.1,0.1,63.0,20.0,"{'feature_map': FunctionTransformer(func=<function polynomial at 0x7fb1ce0fb420>), 'first_scale': 'passthrough', 'frequency': 'passthrough', 'model': HistGradientBoostingRegressor(early_stopping=True, max_iter=300,
                              n_iter_no_change=15, random_state=42,
                              scoring=None), 'model__l2_regularization': 0.0, 'model__learning_rate': 0.1, 'model__max_features': 0.1, 'model__max_leaf_nodes': 63, 'model__min_samples_leaf': 20, 'reshape': FunctionTransformer(func=<function reshape at 0x7fb1ce140040>), 'second_scale': RobustScaler(copy=False)}",0.07591688286473752,0.07591688286473752,0.0,1,0.9612924202006705
1,2113.0794315338135,0.0,10.126868486404419,0.0,polynomial,passthrough,power_phase,HistGradientBoostingRegressor,,FunctionTransformer(func=<function reshape at 0x7fb1ce140040>),RobustScaler(copy=False),0.001,0.1,0.1,63.0,20.0,"{'feature_map': FunctionTransformer(func=<function polynomial at 0x7fb1ce0fb420>), 'first_scale': 'passthrough', 'frequency': FunctionTransformer(func=<function power_phase at 0x7fb1ce0fb920>), 'model': HistGradientBoostingRegressor(early_stopping=True, max_iter=300,
                              n_iter_no_change=15, random_state=42,
                              scoring=None), 'model__l2_regularization': 0.001, 'model__learning_rate': 0.1, 'model__max_features': 0.1, 'model__max_leaf_nodes': 63, 'model__min_samples_leaf': 20, 'reshape': FunctionTransformer(func=<function reshape at 0x7fb1ce140040>), 'second_scale': RobustScaler(copy=False)}",0.0715682456605925,0.0715682456605925,0.0,2,0.9635516355335647
0,758.9545166492462,0.0,11.697490692138672,0.0,polynomial,passthrough,power_phase,Ridge,2.848035868435805e-07,FunctionTransformer(func=<function reshape at 0x7fb1ce140040>),passthrough,,,,,,"{'feature_map': FunctionTransformer(func=<function polynomial at 0x7fb1ce0fb420>), 'first_scale': 'passthrough', 'frequency': FunctionTransformer(func=<function power_phase at 0x7fb1ce0fb920>), 'model': Ridge(solver='lsqr'), 'model__alpha': 2.848035868435805e-07, 'reshape': FunctionTransformer(func=<function reshape at 0x7fb1ce140040>), 'second_scale': 'passthrough'}",-0.2960974249811972,-0.2960974249811972,0.0,2,1.1384627464178163
1,4682.436701536179,0.0,14.95911693572998,0.0,polynomial,passthrough,power_phase,HistGradientBoostingRegressor,,FunctionTransformer(func=<function reshape at 0x7fb1ce140040>),passthrough,0.0,0.05,0.05,63.0,20.0,"{'feature_map': FunctionTransformer(func=<function polynomial at 0x7fb1ce0fb420>), 'first_scale': 'passthrough', 'frequency': FunctionTransformer(func=<function power_phase at 0x7fb1ce0fb920>), 'model': HistGradientBoostingRegressor(early_stopping=True, max_iter=300,
                              n_iter_no_change=15, random_state=42,
                              scoring=None), 'model__l2_regularization': 0.0, 'model__learning_rate': 0.05, 'model__max_features': 0.05, 'model__max_leaf_nodes': 63, 'model__min_samples_leaf': 20, 'reshape': FunctionTransformer(func=<function reshape at 0x7fb1ce140040>), 'second_scale': 'passthrough'}",0.08532824110815607,0.08532824110815607,0.0,1,0.9563847337195653
0,3117.356563091278,0.0,7.572183847427368,0.0,polynomial,passthrough,passthrough,HistGradientBoostingRegressor,,FunctionTransformer(func=<function reshape at 0x7fb1ce140040>),RobustScaler(copy=False),0.0,0.05,0.2,63.0,20.0,"{'feature_map': FunctionTransformer(func=<function polynomial at 0x7fb1ce0fb420>), 'first_scale': 'passthrough', 'frequency': 'passthrough', 'model': HistGradientBoostingRegressor(early_stopping=True, max_iter=300,
                              n_iter_no_change=15, random_state=42,
                              scoring=None), 'model__l2_regularization': 0.0, 'model__learning_rate': 0.05, 'model__max_features': 0.2, 'model__max_leaf_nodes': 63, 'model__min_samples_leaf': 20, 'reshape': FunctionTransformer(func=<function reshape at 0x7fb1ce140040>), 'second_scale': RobustScaler(copy=False)}",0.08974498260943298,0.08974498260943298,0.0,1,0.9540728574855104
1,2979.7938883304596,0.0,10.795165777206421,0.0,polynomial,passthrough,power_phase,HistGradientBoostingRegressor,,FunctionTransformer(func=<function reshape at 0x7fb1ce140040>),RobustScaler(copy=False),0.001,0.05,0.2,63.0,20.0,"{'feature_map': FunctionTransformer(func=<function polynomial at 0x7fb1ce0fb420>), 'first_scale': 'passthrough', 'frequency': FunctionTransformer(func=<function power_phase at 0x7fb1ce0fb920>), 'model': HistGradientBoostingRegressor(early_stopping=True, max_iter=300,
                              n_iter_no_change=15, random_state=42,
                              scoring=None), 'model__l2_regularization': 0.001, 'model__learning_rate': 0.05, 'model__max_features': 0.2, 'model__max_leaf_nodes': 63, 'model__min_samples_leaf': 20, 'reshape': FunctionTransformer(func=<function reshape at 0x7fb1ce140040>), 'second_scale': RobustScaler(copy=False)}",0.08352151158748544,0.08352151158748544,0.0,2,0.95732882982417
0,606.0396478176117,0.0,7.7203688621521,0.0,polynomial,passthrough,power_phase,Ridge,123284.67394420685,FunctionTransformer(func=<function reshape at 0x7fb1ce140040>),RobustScaler(copy=False),,,,,,"{'feature_map': FunctionTransformer(func=<function polynomial at 0x7fb1ce0fb420>), 'first_scale': 'passthrough', 'frequency': FunctionTransformer(func=<function power_phase at 0x7fb1ce0fb920>), 'model': Ridge(solver='lsqr'), 'model__alpha': 123284.67394420685, 'reshape': FunctionTransformer(func=<function reshape at 0x7fb1ce140040>), 'second_scale': RobustScaler(copy=False)}",-0.5021366027828673,-0.5021366027828673,0.0,2,1.2256168254323483
1,2056.4494824409485,0.0,10.0132474899292,0.0,polynomial,passthrough,power_phase,HistGradientBoostingRegressor,,FunctionTransformer(func=<function reshape at 0x7fb1ce140040>),RobustScaler(copy=False),0.0,0.1,0.1,63.0,20.0,"{'feature_map': FunctionTransformer(func=<function polynomial at 0x7fb1ce0fb420>), 'first_scale': 'passthrough', 'frequency': FunctionTransformer(func=<function power_phase at 0x7fb1ce0fb920>), 'model': HistGradientBoostingRegressor(early_stopping=True, max_iter=300,
                              n_iter_no_change=15, random_state=42,
                              scoring=None), 'model__l2_regularization': 0.0, 'model__learning_rate': 0.1, 'model__max_features': 0.1, 'model__max_leaf_nodes': 63, 'model__min_samples_leaf': 20, 'reshape': FunctionTransformer(func=<function reshape at 0x7fb1ce140040>), 'second_scale': RobustScaler(copy=False)}",0.07553346172856135,0.07553346172856135,0.0,1,0.9614918295396163
0,1950.2344999313354,0.0,7.108903884887695,0.0,polynomial,passthrough,passthrough,HistGradientBoostingRegressor,,FunctionTransformer(func=<function reshape at 0x7fb1ce140040>),RobustScaler(copy=False),0.0,0.1,0.1,31.0,20.0,"{'feature_map': FunctionTransformer(func=<function polynomial at 0x7fb1ce0fb420>), 'first_scale': 'passthrough', 'frequency': 'passthrough', 'model': HistGradientBoostingRegressor(early_stopping=True, max_iter=300,
                              n_iter_no_change=15, random_state=42,
                              scoring=None), 'model__l2_regularization': 0.0, 'model__learning_rate': 0.1, 'model__max_features': 0.1, 'model__max_leaf_nodes': 31, 'model__min_samples_leaf': 20, 'reshape': FunctionTransformer(func=<function reshape at 0x7fb1ce140040>), 'second_scale': RobustScaler(copy=False)}",0.08475787851097616,0.08475787851097616,0.0,1,0.9566828740439665
1,1441.5725252628326,0.0,9.763405799865723,0.0,polynomial,passthrough,power_phase,HistGradientBoostingRegressor,,FunctionTransformer(func=<function reshape at 0x7fb1ce140040>),RobustScaler(copy=False),0.001,0.1,0.1,31.0,20.0,"{'feature_map': FunctionTransformer(func=<function polynomial at 0x7fb1ce0fb420>), 'first_scale': 'passthrough', 'frequency': FunctionTransformer(func=<function power_phase at 0x7fb1ce0fb920>), 'model': HistGradientBoostingRegressor(early_stopping=True, max_iter=300,
                              n_iter_no_change=15, random_state=42,
                              scoring=None), 'model__l2_regularization': 0.001, 'model__learning_rate': 0.1, 'model__max_features': 0.1, 'model__max_leaf_nodes': 31, 'model__min_samples_leaf': 20, 'reshape': FunctionTransformer(func=<function reshape at 0x7fb1ce140040>), 'second_scale': RobustScaler(copy=False)}",0.07529785676819634,0.07529785676819634,0.0,2,0.9616143422556694
0,689.1014268398285,0.0,3.4510796070098877,0.0,polynomial,passthrough,passthrough,Ridge,0.0002310129700083158,FunctionTransformer(func=<function reshape at 0x7fb1ce140040>),RobustScaler(copy=False),,,,,,"{'feature_map': FunctionTransformer(func=<function polynomial at 0x7fb1ce0fb420>), 'first_scale': 'passthrough', 'frequency': 'passthrough', 'model': Ridge(solver='lsqr'), 'model__alpha': 0.0002310129700083158, 'reshape': FunctionTransformer(func=<function reshape at 0x7fb1ce140040>), 'second_scale': RobustScaler(copy=False)}",-2.3871597268797338,-2.3871597268797338,0.0,2,1.840423790022215
1,2448.0086681842804,0.0,6.153757095336914,0.0,polynomial,passthrough,passthrough,HistGradientBoostingRegressor,,FunctionTransformer(func=<function reshape at 0x7fb1ce140040>),RobustScaler(copy=False),0.001,0.05,0.1,63.0,20.0,"{'feature_map': FunctionTransformer(func=<function polynomial at 0x7fb1ce0fb420>), 'first_scale': 'passthrough', 'frequency': 'passthrough', 'model': HistGradientBoostingRegressor(early_stopping=True, max_iter=300,
                              n_iter_no_change=15, random_state=42,
                              scoring=None), 'model__l2_regularization': 0.001, 'model__learning_rate': 0.05, 'model__max_features': 0.1, 'model__max_leaf_nodes': 63, 'model__min_samples_leaf': 20, 'reshape': FunctionTransformer(func=<function reshape at 0x7fb1ce140040>), 'second_scale': RobustScaler(copy=False)}",0.09584064414484372,0.09584064414484372,0.0,1,0.9508729441177493
0,464.3954086303711,0.0,3.4840807914733887,0.0,polynomial,passthrough,passthrough,Ridge,0.18738174228603868,FunctionTransformer(func=<function reshape at 0x7fb1ce140040>),RobustScaler(copy=False),,,,,,"{'feature_map': FunctionTransformer(func=<function polynomial at 0x7fb1ce0fb420>), 'first_scale': 'passthrough', 'frequency': 'passthrough', 'model': Ridge(solver='lsqr'), 'model__alpha': 0.18738174228603868, 'reshape': FunctionTransformer(func=<function reshape at 0x7fb1ce140040>), 'second_scale': RobustScaler(copy=False)}",-2.3871597268797338,-2.3871597268797338,0.0,2,1.840423790022215
1,2426.317833662033,0.0,5.969752311706543,0.0,polynomial,passthrough,passthrough,HistGradientBoostingRegressor,,FunctionTransformer(func=<function reshape at 0x7fb1ce140040>),RobustScaler(copy=False),0.001,0.05,0.2,63.0,20.0,"{'feature_map': FunctionTransformer(func=<function polynomial at 0x7fb1ce0fb420>), 'first_scale': 'passthrough', 'frequency': 'passthrough', 'model': HistGradientBoostingRegressor(early_stopping=True, max_iter=300,
                              n_iter_no_change=15, random_state=42,
                              scoring=None), 'model__l2_regularization': 0.001, 'model__learning_rate': 0.05, 'model__max_features': 0.2, 'model__max_leaf_nodes': 63, 'model__min_samples_leaf': 20, 'reshape': FunctionTransformer(func=<function reshape at 0x7fb1ce140040>), 'second_scale': RobustScaler(copy=False)}",0.09127119272773365,0.09127119272773365,0.0,1,0.9532726825375132
0,128.7707326412201,0.0,5.2741100788116455,0.0,polynomial,passthrough,power_phase,Ridge,3511191.7342151417,FunctionTransformer(func=<function reshape at 0x7fb1ce140040>),passthrough,,,,,,"{'feature_map': FunctionTransformer(func=<function polynomial at 0x7fb1ce0fb420>), 'first_scale': 'passthrough', 'frequency': FunctionTransformer(func=<function power_phase at 0x7fb1ce0fb920>), 'model': Ridge(solver='lsqr'), 'model__alpha': 3511191.7342151417, 'reshape': FunctionTransformer(func=<function reshape at 0x7fb1ce140040>), 'second_scale': 'passthrough'}",0.04188914562813428,0.04188914562813428,0.0,2,0.9788313717754789
1,1379.1058909893036,0.0,8.634844541549683,0.0,polynomial,passthrough,power_phase,HistGradientBoostingRegressor,,FunctionTransformer(func=<function reshape at 0x7fb1ce140040>),passthrough,0.0,0.1,0.2,31.0,20.0,"{'feature_map': FunctionTransformer(func=<function polynomial at 0x7fb1ce0fb420>), 'first_scale': 'passthrough', 'frequency': FunctionTransformer(func=<function power_phase at 0x7fb1ce0fb920>), 'model': HistGradientBoostingRegressor(early_stopping=True, max_iter=300,
                              n_iter_no_change=15, random_state=42,
                              scoring=None), 'model__l2_regularization': 0.0, 'model__learning_rate': 0.1, 'model__max_features': 0.2, 'model__max_leaf_nodes': 31, 'model__min_samples_leaf': 20, 'reshape': FunctionTransformer(func=<function reshape at 0x7fb1ce140040>), 'second_scale': 'passthrough'}",0.07427461240211475,0.07427461240211475,0.0,1,0.9621462402347604
0,552.553703546524,0.0,6.840413808822632,0.0,polynomial,passthrough,power_phase,Ridge,8.111308307896873e-06,FunctionTransformer(func=<function reshape at 0x7fb1ce140040>),RobustScaler(copy=False),,,,,,"{'feature_map': FunctionTransformer(func=<function polynomial at 0x7fb1ce0fb420>), 'first_scale': 'passthrough', 'frequency': FunctionTransformer(func=<function power_phase at 0x7fb1ce0fb920>), 'model': Ridge(solver='lsqr'), 'model__alpha': 8.111308307896873e-06, 'reshape': FunctionTransformer(func=<function reshape at 0x7fb1ce140040>), 'second_scale': RobustScaler(copy=False)}",-0.5021366027828673,-0.5021366027828673,0.0,2,1.2256168254323483
1,1910.7744302749634,0.0,9.904603242874146,0.0,polynomial,passthrough,power_phase,HistGradientBoostingRegressor,,FunctionTransformer(func=<function reshape at 0x7fb1ce140040>),RobustScaler(copy=False),0.0,0.05,0.1,31.0,20.0,"{'feature_map': FunctionTransformer(func=<function polynomial at 0x7fb1ce0fb420>), 'first_scale': 'passthrough', 'frequency': FunctionTransformer(func=<function power_phase at 0x7fb1ce0fb920>), 'model': HistGradientBoostingRegressor(early_stopping=True, max_iter=300,
                              n_iter_no_change=15, random_state=42,
                              scoring=None), 'model__l2_regularization': 0.0, 'model__learning_rate': 0.05, 'model__max_features': 0.1, 'model__max_leaf_nodes': 31, 'model__min_samples_leaf': 20, 'reshape': FunctionTransformer(func=<function reshape at 0x7fb1ce140040>), 'second_scale': RobustScaler(copy=False)}",0.08764434619791972,0.08764434619791972,0.0,1,0.9551731014858408
0,1487.7747189998627,0.0,5.2784810066223145,0.0,polynomial,passthrough,passthrough,HistGradientBoostingRegressor,,FunctionTransformer(func=<function reshape at 0x7fb1ce140040>),passthrough,0.0,0.1,0.2,31.0,20.0,"{'feature_map': FunctionTransformer(func=<function polynomial at 0x7fb1ce0fb420>), 'first_scale': 'passthrough', 'frequency': 'passthrough', 'model': HistGradientBoostingRegressor(early_stopping=True, max_iter=300,
                              n_iter_no_change=15, random_state=42,
                              scoring=None), 'model__l2_regularization': 0.0, 'model__learning_rate': 0.1, 'model__max_features': 0.2, 'model__max_leaf_nodes': 31, 'model__min_samples_leaf': 20, 'reshape': FunctionTransformer(func=<function reshape at 0x7fb1ce140040>), 'second_scale': 'passthrough'}",0.08761922992867532,0.08761922992867532,0.0,1,0.955186248891453
1,1331.6539442539215,0.0,8.079817295074463,0.0,polynomial,passthrough,power_phase,HistGradientBoostingRegressor,,FunctionTransformer(func=<function reshape at 0x7fb1ce140040>),passthrough,0.001,0.1,0.2,31.0,20.0,"{'feature_map': FunctionTransformer(func=<function polynomial at 0x7fb1ce0fb420>), 'first_scale': 'passthrough', 'frequency': FunctionTransformer(func=<function power_phase at 0x7fb1ce0fb920>), 'model': HistGradientBoostingRegressor(early_stopping=True, max_iter=300,
                              n_iter_no_change=15, random_state=42,
                              scoring=None), 'model__l2_regularization': 0.001, 'model__learning_rate': 0.1, 'model__max_features': 0.2, 'model__max_leaf_nodes': 31, 'model__min_samples_leaf': 20, 'reshape': FunctionTransformer(func=<function reshape at 0x7fb1ce140040>), 'second_scale': 'passthrough'}",0.07321986970725725,0.07321986970725725,0.0,2,0.962694203936402
0,744.6013178825378,0.0,4.153332710266113,0.0,polynomial,passthrough,passthrough,Ridge,0.006579332246575682,FunctionTransformer(func=<function reshape at 0x7fb1ce140040>),RobustScaler(copy=False),,,,,,"{'feature_map': FunctionTransformer(func=<function polynomial at 0x7fb1ce0fb420>), 'first_scale': 'passthrough', 'frequency': 'passthrough', 'model': Ridge(solver='lsqr'), 'model__alpha': 0.006579332246575682, 'reshape': FunctionTransformer(func=<function reshape at 0x7fb1ce140040>), 'second_scale': RobustScaler(copy=False)}",-2.3871597268797338,-2.3871597268797338,0.0,2,1.840423790022215
1,2442.6289031505585,0.0,7.315628290176392,0.0,polynomial,passthrough,passthrough,HistGradientBoostingRegressor,,FunctionTransformer(func=<function reshape at 0x7fb1ce140040>),RobustScaler(copy=False),0.001,0.05,0.2,31.0,20.0,"{'feature_map': FunctionTransformer(func=<function polynomial at 0x7fb1ce0fb420>), 'first_scale': 'passthrough', 'frequency': 'passthrough', 'model': HistGradientBoostingRegressor(early_stopping=True, max_iter=300,
                              n_iter_no_change=15, random_state=42,
                              scoring=None), 'model__l2_regularization': 0.001, 'model__learning_rate': 0.05, 'model__max_features': 0.2, 'model__max_leaf_nodes': 31, 'model__min_samples_leaf': 20, 'reshape': FunctionTransformer(func=<function reshape at 0x7fb1ce140040>), 'second_scale': RobustScaler(copy=False)}",0.09080916838830944,0.09080916838830944,0.0,1,0.9535149876177567
0,781.2225484848022,0.0,3.870682716369629,0.0,polynomial,passthrough,passthrough,Ridge,8.111308307896873e-06,FunctionTransformer(func=<function reshape at 0x7fb1ce140040>),RobustScaler(copy=False),,,,,,"{'feature_map': FunctionTransformer(func=<function polynomial at 0x7fb1ce0fb420>), 'first_scale': 'passthrough', 'frequency': 'passthrough', 'model': Ridge(solver='lsqr'), 'model__alpha': 8.111308307896873e-06, 'reshape': FunctionTransformer(func=<function reshape at 0x7fb1ce140040>), 'second_scale': RobustScaler(copy=False)}",-2.3871597268797338,-2.3871597268797338,0.0,2,1.840423790022215
1,1968.2144002914429,0.0,6.439636468887329,0.0,polynomial,passthrough,passthrough,HistGradientBoostingRegressor,,FunctionTransformer(func=<function reshape at 0x7fb1ce140040>),RobustScaler(copy=False),0.001,0.05,0.1,31.0,20.0,"{'feature_map': FunctionTransformer(func=<function polynomial at 0x7fb1ce0fb420>), 'first_scale': 'passthrough', 'frequency': 'passthrough', 'model': HistGradientBoostingRegressor(early_stopping=True, max_iter=300,
                              n_iter_no_change=15, random_state=42,
                              scoring=None), 'model__l2_regularization': 0.001, 'model__learning_rate': 0.05, 'model__max_features': 0.1, 'model__max_leaf_nodes': 31, 'model__min_samples_leaf': 20, 'reshape': FunctionTransformer(func=<function reshape at 0x7fb1ce140040>), 'second_scale': RobustScaler(copy=False)}",0.09621994457800886,0.09621994457800886,0.0,1,0.9506734746599335
0,525.7092607021332,0.0,3.1607773303985596,0.0,polynomial,passthrough,passthrough,Ridge,8.111308307896873e-06,FunctionTransformer(func=<function reshape at 0x7fb1ce140040>),passthrough,,,,,,"{'feature_map': FunctionTransformer(func=<function polynomial at 0x7fb1ce0fb420>), 'first_scale': 'passthrough', 'frequency': 'passthrough', 'model': Ridge(solver='lsqr'), 'model__alpha': 8.111308307896873e-06, 'reshape': FunctionTransformer(func=<function reshape at 0x7fb1ce140040>), 'second_scale': 'passthrough'}",-20.182560045101347,-20.182560045101347,0.0,2,4.602451525556933
1,1538.0852890014648,0.0,5.520740270614624,0.0,polynomial,passthrough,passthrough,HistGradientBoostingRegressor,,FunctionTransformer(func=<function reshape at 0x7fb1ce140040>),passthrough,0.001,0.05,0.1,31.0,20.0,"{'feature_map': FunctionTransformer(func=<function polynomial at 0x7fb1ce0fb420>), 'first_scale': 'passthrough', 'frequency': 'passthrough', 'model': HistGradientBoostingRegressor(early_stopping=True, max_iter=300,
                              n_iter_no_change=15, random_state=42,
                              scoring=None), 'model__l2_regularization': 0.001, 'model__learning_rate': 0.05, 'model__max_features': 0.1, 'model__max_leaf_nodes': 31, 'model__min_samples_leaf': 20, 'reshape': FunctionTransformer(func=<function reshape at 0x7fb1ce140040>), 'second_scale': 'passthrough'}",0.09364628149921495,0.09364628149921495,0.0,1,0.9520261122998597
0,1854.7677278518677,0.0,5.445220470428467,0.0,polynomial,passthrough,passthrough,HistGradientBoostingRegressor,,FunctionTransformer(func=<function reshape at 0x7fb1ce140040>),passthrough,0.0,0.1,0.05,63.0,20.0,"{'feature_map': FunctionTransformer(func=<function polynomial at 0x7fb1ce0fb420>), 'first_scale': 'passthrough', 'frequency': 'passthrough', 'model': HistGradientBoostingRegressor(early_stopping=True, max_iter=300,
                              n_iter_no_change=15, random_state=42,
                              scoring=None), 'model__l2_regularization': 0.0, 'model__learning_rate': 0.1, 'model__max_features': 0.05, 'model__max_leaf_nodes': 63, 'model__min_samples_leaf': 20, 'reshape': FunctionTransformer(func=<function reshape at 0x7fb1ce140040>), 'second_scale': 'passthrough'}",0.0795774406240769,0.0795774406240769,0.0,1,0.9593865536768394
1,1655.09046459198,0.0,8.774280071258545,0.0,polynomial,passthrough,power_phase,HistGradientBoostingRegressor,,FunctionTransformer(func=<function reshape at 0x7fb1ce140040>),passthrough,0.001,0.1,0.05,63.0,20.0,"{'feature_map': FunctionTransformer(func=<function polynomial at 0x7fb1ce0fb420>), 'first_scale': 'passthrough', 'frequency': FunctionTransformer(func=<function power_phase at 0x7fb1ce0fb920>), 'model': HistGradientBoostingRegressor(early_stopping=True, max_iter=300,
                              n_iter_no_change=15, random_state=42,
                              scoring=None), 'model__l2_regularization': 0.001, 'model__learning_rate': 0.1, 'model__max_features': 0.05, 'model__max_leaf_nodes': 63, 'model__min_samples_leaf': 20, 'reshape': FunctionTransformer(func=<function reshape at 0x7fb1ce140040>), 'second_scale': 'passthrough'}",0.07206753167003555,0.07206753167003555,0.0,2,0.9632925144160337
0,764.4722273349762,0.0,7.341156721115112,0.0,polynomial,passthrough,power_phase,Ridge,151.99110829529332,FunctionTransformer(func=<function reshape at 0x7fb1ce140040>),RobustScaler(copy=False),,,,,,"{'feature_map': FunctionTransformer(func=<function polynomial at 0x7fb1ce0fb420>), 'first_scale': 'passthrough', 'frequency': FunctionTransformer(func=<function power_phase at 0x7fb1ce0fb920>), 'model': Ridge(solver='lsqr'), 'model__alpha': 151.99110829529332, 'reshape': FunctionTransformer(func=<function reshape at 0x7fb1ce140040>), 'second_scale': RobustScaler(copy=False)}",-0.5021366027828673,-0.5021366027828673,0.0,2,1.2256168254323483
1,2260.9197220802307,0.0,10.755083560943604,0.0,polynomial,passthrough,power_phase,HistGradientBoostingRegressor,,FunctionTransformer(func=<function reshape at 0x7fb1ce140040>),RobustScaler(copy=False),0.0,0.1,0.05,63.0,20.0,"{'feature_map': FunctionTransformer(func=<function polynomial at 0x7fb1ce0fb420>), 'first_scale': 'passthrough', 'frequency': FunctionTransformer(func=<function power_phase at 0x7fb1ce0fb920>), 'model': HistGradientBoostingRegressor(early_stopping=True, max_iter=300,
                              n_iter_no_change=15, random_state=42,
                              scoring=None), 'model__l2_regularization': 0.0, 'model__learning_rate': 0.1, 'model__max_features': 0.05, 'model__max_leaf_nodes': 63, 'model__min_samples_leaf': 20, 'reshape': FunctionTransformer(func=<function reshape at 0x7fb1ce140040>), 'second_scale': RobustScaler(copy=False)}",0.07238931809020643,0.07238931809020643,0.0,1,0.9631254756830979
0,1452.3533515930176,0.0,3.9030585289001465,0.0,polynomial,passthrough,passthrough,Ridge,3511191.7342151417,FunctionTransformer(func=<function reshape at 0x7fb1ce140040>),RobustScaler(copy=False),,,,,,"{'feature_map': FunctionTransformer(func=<function polynomial at 0x7fb1ce0fb420>), 'first_scale': 'passthrough', 'frequency': 'passthrough', 'model': Ridge(solver='lsqr'), 'model__alpha': 3511191.7342151417, 'reshape': FunctionTransformer(func=<function reshape at 0x7fb1ce140040>), 'second_scale': RobustScaler(copy=False)}",-2.318678046103351,-2.318678046103351,0.0,2,1.8217239214829868
1,2321.6921031475067,0.0,8.517385005950928,0.0,polynomial,passthrough,passthrough,HistGradientBoostingRegressor,,FunctionTransformer(func=<function reshape at 0x7fb1ce140040>),RobustScaler(copy=False),0.001,0.1,0.2,31.0,20.0,"{'feature_map': FunctionTransformer(func=<function polynomial at 0x7fb1ce0fb420>), 'first_scale': 'passthrough', 'frequency': 'passthrough', 'model': HistGradientBoostingRegressor(early_stopping=True, max_iter=300,
                              n_iter_no_change=15, random_state=42,
                              scoring=None), 'model__l2_regularization': 0.001, 'model__learning_rate': 0.1, 'model__max_features': 0.2, 'model__max_leaf_nodes': 31, 'model__min_samples_leaf': 20, 'reshape': FunctionTransformer(func=<function reshape at 0x7fb1ce140040>), 'second_scale': RobustScaler(copy=False)}",0.08850761476194946,0.08850761476194946,0.0,1,0.9547211033794375
0,711.6953747272491,0.0,8.655707836151123,0.0,polynomial,passthrough,power_phase,Ridge,0.18738174228603868,FunctionTransformer(func=<function reshape at 0x7fb1ce140040>),RobustScaler(copy=False),,,,,,"{'feature_map': FunctionTransformer(func=<function polynomial at 0x7fb1ce0fb420>), 'first_scale': 'passthrough', 'frequency': FunctionTransformer(func=<function power_phase at 0x7fb1ce0fb920>), 'model': Ridge(solver='lsqr'), 'model__alpha': 0.18738174228603868, 'reshape': FunctionTransformer(func=<function reshape at 0x7fb1ce140040>), 'second_scale': RobustScaler(copy=False)}",-0.5021366027828673,-0.5021366027828673,0.0,2,1.2256168254323483
1,2918.436108112335,0.0,10.218555450439453,0.0,polynomial,passthrough,power_phase,HistGradientBoostingRegressor,,FunctionTransformer(func=<function reshape at 0x7fb1ce140040>),RobustScaler(copy=False),0.0,0.05,0.2,63.0,20.0,"{'feature_map': FunctionTransformer(func=<function polynomial at 0x7fb1ce0fb420>), 'first_scale': 'passthrough', 'frequency': FunctionTransformer(func=<function power_phase at 0x7fb1ce0fb920>), 'model': HistGradientBoostingRegressor(early_stopping=True, max_iter=300,
                              n_iter_no_change=15, random_state=42,
                              scoring=None), 'model__l2_regularization': 0.0, 'model__learning_rate': 0.05, 'model__max_features': 0.2, 'model__max_leaf_nodes': 63, 'model__min_samples_leaf': 20, 'reshape': FunctionTransformer(func=<function reshape at 0x7fb1ce140040>), 'second_scale': RobustScaler(copy=False)}",0.0870757463574312,0.0870757463574312,0.0,1,0.9554706974274872
0,650.9667229652405,0.0,8.62818956375122,0.0,polynomial,passthrough,power_phase,Ridge,5.3366992312063015,FunctionTransformer(func=<function reshape at 0x7fb1ce140040>),RobustScaler(copy=False),,,,,,"{'feature_map': FunctionTransformer(func=<function polynomial at 0x7fb1ce0fb420>), 'first_scale': 'passthrough', 'frequency': FunctionTransformer(func=<function power_phase at 0x7fb1ce0fb920>), 'model': Ridge(solver='lsqr'), 'model__alpha': 5.3366992312063015, 'reshape': FunctionTransformer(func=<function reshape at 0x7fb1ce140040>), 'second_scale': RobustScaler(copy=False)}",-0.5021366027828673,-0.5021366027828673,0.0,2,1.2256168254323483
1,1906.4387044906616,0.0,10.268085956573486,0.0,polynomial,passthrough,power_phase,HistGradientBoostingRegressor,,FunctionTransformer(func=<function reshape at 0x7fb1ce140040>),RobustScaler(copy=False),0.0,0.1,0.05,31.0,20.0,"{'feature_map': FunctionTransformer(func=<function polynomial at 0x7fb1ce0fb420>), 'first_scale': 'passthrough', 'frequency': FunctionTransformer(func=<function power_phase at 0x7fb1ce0fb920>), 'model': HistGradientBoostingRegressor(early_stopping=True, max_iter=300,
                              n_iter_no_change=15, random_state=42,
                              scoring=None), 'model__l2_regularization': 0.0, 'model__learning_rate': 0.1, 'model__max_features': 0.05, 'model__max_leaf_nodes': 31, 'model__min_samples_leaf': 20, 'reshape': FunctionTransformer(func=<function reshape at 0x7fb1ce140040>), 'second_scale': RobustScaler(copy=False)}",0.07291225361363218,0.07291225361363218,0.0,1,0.9628539590126676
0,189.88743257522583,0.0,5.259540557861328,0.0,polynomial,passthrough,power_phase,Ridge,4328.7612810830615,FunctionTransformer(func=<function reshape at 0x7fb1ce140040>),passthrough,,,,,,"{'feature_map': FunctionTransformer(func=<function polynomial at 0x7fb1ce0fb420>), 'first_scale': 'passthrough', 'frequency': FunctionTransformer(func=<function power_phase at 0x7fb1ce0fb920>), 'model': Ridge(solver='lsqr'), 'model__alpha': 4328.7612810830615, 'reshape': FunctionTransformer(func=<function reshape at 0x7fb1ce140040>), 'second_scale': 'passthrough'}",-0.25581125671282723,-0.25581125671282723,0.0,2,1.1206298482160946
1,1462.1752195358276,0.0,8.324864387512207,0.0,polynomial,passthrough,power_phase,HistGradientBoostingRegressor,,FunctionTransformer(func=<function reshape at 0x7fb1ce140040>),passthrough,0.0,0.1,0.1,31.0,20.0,"{'feature_map': FunctionTransformer(func=<function polynomial at 0x7fb1ce0fb420>), 'first_scale': 'passthrough', 'frequency': FunctionTransformer(func=<function power_phase at 0x7fb1ce0fb920>), 'model': HistGradientBoostingRegressor(early_stopping=True, max_iter=300,
                              n_iter_no_change=15, random_state=42,
                              scoring=None), 'model__l2_regularization': 0.0, 'model__learning_rate': 0.1, 'model__max_features': 0.1, 'model__max_leaf_nodes': 31, 'model__min_samples_leaf': 20, 'reshape': FunctionTransformer(func=<function reshape at 0x7fb1ce140040>), 'second_scale': 'passthrough'}",0.07597422763558537,0.07597422763558537,0.0,1,0.9612625928248819
0,546.8751804828644,0.0,7.786178350448608,0.0,polynomial,passthrough,power_phase,Ridge,3511191.7342151417,FunctionTransformer(func=<function reshape at 0x7fb1ce140040>),RobustScaler(copy=False),,,,,,"{'feature_map': FunctionTransformer(func=<function polynomial at 0x7fb1ce0fb420>), 'first_scale': 'passthrough', 'frequency': FunctionTransformer(func=<function power_phase at 0x7fb1ce0fb920>), 'model': Ridge(solver='lsqr'), 'model__alpha': 3511191.7342151417, 'reshape': FunctionTransformer(func=<function reshape at 0x7fb1ce140040>), 'second_scale': RobustScaler(copy=False)}",-0.5021366027828673,-0.5021366027828673,0.0,2,1.2256168254323483
1,1701.7316522598267,0.0,9.837364196777344,0.0,polynomial,passthrough,power_phase,HistGradientBoostingRegressor,,FunctionTransformer(func=<function reshape at 0x7fb1ce140040>),RobustScaler(copy=False),0.0,0.1,0.2,31.0,20.0,"{'feature_map': FunctionTransformer(func=<function polynomial at 0x7fb1ce0fb420>), 'first_scale': 'passthrough', 'frequency': FunctionTransformer(func=<function power_phase at 0x7fb1ce0fb920>), 'model': HistGradientBoostingRegressor(early_stopping=True, max_iter=300,
                              n_iter_no_change=15, random_state=42,
                              scoring=None), 'model__l2_regularization': 0.0, 'model__learning_rate': 0.1, 'model__max_features': 0.2, 'model__max_leaf_nodes': 31, 'model__min_samples_leaf': 20, 'reshape': FunctionTransformer(func=<function reshape at 0x7fb1ce140040>), 'second_scale': RobustScaler(copy=False)}",0.07042394532642693,0.07042394532642693,0.0,1,0.964145245631369
0,126.91590642929077,0.0,5.356729507446289,0.0,polynomial,passthrough,power_phase,Ridge,100000000.0,FunctionTransformer(func=<function reshape at 0x7fb1ce140040>),passthrough,,,,,,"{'feature_map': FunctionTransformer(func=<function polynomial at 0x7fb1ce0fb420>), 'first_scale': 'passthrough', 'frequency': FunctionTransformer(func=<function power_phase at 0x7fb1ce0fb920>), 'model': Ridge(solver='lsqr'), 'model__alpha': 100000000.0, 'reshape': FunctionTransformer(func=<function reshape at 0x7fb1ce140040>), 'second_scale': 'passthrough'}",0.00845832065866614,0.00845832065866614,0.0,2,0.9957618587500396
1,2473.2973358631134,0.0,11.258647441864014,0.0,polynomial,passthrough,power_phase,HistGradientBoostingRegressor,,FunctionTransformer(func=<function reshape at 0x7fb1ce140040>),passthrough,0.0,0.1,0.2,63.0,20.0,"{'feature_map': FunctionTransformer(func=<function polynomial at 0x7fb1ce0fb420>), 'first_scale': 'passthrough', 'frequency': FunctionTransformer(func=<function power_phase at 0x7fb1ce0fb920>), 'model': HistGradientBoostingRegressor(early_stopping=True, max_iter=300,
                              n_iter_no_change=15, random_state=42,
                              scoring=None), 'model__l2_regularization': 0.0, 'model__learning_rate': 0.1, 'model__max_features': 0.2, 'model__max_leaf_nodes': 63, 'model__min_samples_leaf': 20, 'reshape': FunctionTransformer(func=<function reshape at 0x7fb1ce140040>), 'second_scale': 'passthrough'}",0.0642629181298433,0.0642629181298433,0.0,1,0.9673350411673076
0,183.5502007007599,0.0,5.169370651245117,0.0,polynomial,passthrough,power_phase,Ridge,0.18738174228603868,FunctionTransformer(func=<function reshape at 0x7fb1ce140040>),passthrough,,,,,,"{'feature_map': FunctionTransformer(func=<function polynomial at 0x7fb1ce0fb420>), 'first_scale': 'passthrough', 'frequency': FunctionTransformer(func=<function power_phase at 0x7fb1ce0fb920>), 'model': Ridge(solver='lsqr'), 'model__alpha': 0.18738174228603868, 'reshape': FunctionTransformer(func=<function reshape at 0x7fb1ce140040>), 'second_scale': 'passthrough'}",-0.29576109890794844,-0.29576109890794844,0.0,2,1.1383150262154798
1,2465.539169073105,0.0,8.320429801940918,0.0,polynomial,passthrough,power_phase,HistGradientBoostingRegressor,,FunctionTransformer(func=<function reshape at 0x7fb1ce140040>),passthrough,0.0,0.05,0.2,63.0,20.0,"{'feature_map': FunctionTransformer(func=<function polynomial at 0x7fb1ce0fb420>), 'first_scale': 'passthrough', 'frequency': FunctionTransformer(func=<function power_phase at 0x7fb1ce0fb920>), 'model': HistGradientBoostingRegressor(early_stopping=True, max_iter=300,
                              n_iter_no_change=15, random_state=42,
                              scoring=None), 'model__l2_regularization': 0.0, 'model__learning_rate': 0.05, 'model__max_features': 0.2, 'model__max_leaf_nodes': 63, 'model__min_samples_leaf': 20, 'reshape': FunctionTransformer(func=<function reshape at 0x7fb1ce140040>), 'second_scale': 'passthrough'}",0.08665840223589838,0.08665840223589838,0.0,1,0.9556890696058533
0,48.68654537200928,0.0,2.008715867996216,0.0,polynomial,passthrough,passthrough,Ridge,3511191.7342151417,FunctionTransformer(func=<function reshape at 0x7fb1ce140040>),passthrough,,,,,,"{'feature_map': FunctionTransformer(func=<function polynomial at 0x7fb1ce0fb420>), 'first_scale': 'passthrough', 'frequency': 'passthrough', 'model': Ridge(solver='lsqr'), 'model__alpha': 3511191.7342151417, 'reshape': FunctionTransformer(func=<function reshape at 0x7fb1ce140040>), 'second_scale': 'passthrough'}",-0.0005727384867273422,-0.0005727384867273422,0.0,2,1.0002863282514298
1,1888.3682315349579,0.0,5.366651773452759,0.0,polynomial,passthrough,passthrough,HistGradientBoostingRegressor,,FunctionTransformer(func=<function reshape at 0x7fb1ce140040>),passthrough,0.001,0.1,0.2,31.0,20.0,"{'feature_map': FunctionTransformer(func=<function polynomial at 0x7fb1ce0fb420>), 'first_scale': 'passthrough', 'frequency': 'passthrough', 'model': HistGradientBoostingRegressor(early_stopping=True, max_iter=300,
                              n_iter_no_change=15, random_state=42,
                              scoring=None), 'model__l2_regularization': 0.001, 'model__learning_rate': 0.1, 'model__max_features': 0.2, 'model__max_leaf_nodes': 31, 'model__min_samples_leaf': 20, 'reshape': FunctionTransformer(func=<function reshape at 0x7fb1ce140040>), 'second_scale': 'passthrough'}",0.0857311914944533,0.0857311914944533,0.0,1,0.9561740471825967
0,2300.6631095409393,0.0,7.35735297203064,0.0,polynomial,passthrough,passthrough,HistGradientBoostingRegressor,,FunctionTransformer(func=<function reshape at 0x7fb1ce140040>),RobustScaler(copy=False),0.0,0.1,0.05,63.0,20.0,"{'feature_map': FunctionTransformer(func=<function polynomial at 0x7fb1ce0fb420>), 'first_scale': 'passthrough', 'frequency': 'passthrough', 'model': HistGradientBoostingRegressor(early_stopping=True, max_iter=300,
                              n_iter_no_change=15, random_state=42,
                              scoring=None), 'model__l2_regularization': 0.0, 'model__learning_rate': 0.1, 'model__max_features': 0.05, 'model__max_leaf_nodes': 63, 'model__min_samples_leaf': 20, 'reshape': FunctionTransformer(func=<function reshape at 0x7fb1ce140040>), 'second_scale': RobustScaler(copy=False)}",0.08192533253829481,0.08192533253829481,0.0,1,0.9581621300498706
1,2788.140310525894,0.0,10.430013179779053,0.0,polynomial,passthrough,power_phase,HistGradientBoostingRegressor,,FunctionTransformer(func=<function reshape at 0x7fb1ce140040>),RobustScaler(copy=False),0.001,0.1,0.05,63.0,20.0,"{'feature_map': FunctionTransformer(func=<function polynomial at 0x7fb1ce0fb420>), 'first_scale': 'passthrough', 'frequency': FunctionTransformer(func=<function power_phase at 0x7fb1ce0fb920>), 'model': HistGradientBoostingRegressor(early_stopping=True, max_iter=300,
                              n_iter_no_change=15, random_state=42,
                              scoring=None), 'model__l2_regularization': 0.001, 'model__learning_rate': 0.1, 'model__max_features': 0.05, 'model__max_leaf_nodes': 63, 'model__min_samples_leaf': 20, 'reshape': FunctionTransformer(func=<function reshape at 0x7fb1ce140040>), 'second_scale': RobustScaler(copy=False)}",0.07329098240472443,0.07329098240472443,0.0,2,0.9626572690190811
0,500.77463817596436,0.0,7.407740116119385,0.0,polynomial,passthrough,power_phase,Ridge,2.848035868435805e-07,FunctionTransformer(func=<function reshape at 0x7fb1ce140040>),RobustScaler(copy=False),,,,,,"{'feature_map': FunctionTransformer(func=<function polynomial at 0x7fb1ce0fb420>), 'first_scale': 'passthrough', 'frequency': FunctionTransformer(func=<function power_phase at 0x7fb1ce0fb920>), 'model': Ridge(solver='lsqr'), 'model__alpha': 2.848035868435805e-07, 'reshape': FunctionTransformer(func=<function reshape at 0x7fb1ce140040>), 'second_scale': RobustScaler(copy=False)}",-0.5021366027828673,-0.5021366027828673,0.0,2,1.2256168254323483
1,2529.1577701568604,0.0,9.849124908447266,0.0,polynomial,passthrough,power_phase,HistGradientBoostingRegressor,,FunctionTransformer(func=<function reshape at 0x7fb1ce140040>),RobustScaler(copy=False),0.0,0.05,0.05,63.0,20.0,"{'feature_map': FunctionTransformer(func=<function polynomial at 0x7fb1ce0fb420>), 'first_scale': 'passthrough', 'frequency': FunctionTransformer(func=<function power_phase at 0x7fb1ce0fb920>), 'model': HistGradientBoostingRegressor(early_stopping=True, max_iter=300,
                              n_iter_no_change=15, random_state=42,
                              scoring=None), 'model__l2_regularization': 0.0, 'model__learning_rate': 0.05, 'model__max_features': 0.05, 'model__max_leaf_nodes': 63, 'model__min_samples_leaf': 20, 'reshape': FunctionTransformer(func=<function reshape at 0x7fb1ce140040>), 'second_scale': RobustScaler(copy=False)}",0.08269233798655373,0.08269233798655373,0.0,1,0.9577617981593577
0,152.1781485080719,0.0,5.514975547790527,0.0,polynomial,passthrough,power_phase,Ridge,123284.67394420685,FunctionTransformer(func=<function reshape at 0x7fb1ce140040>),passthrough,,,,,,"{'feature_map': FunctionTransformer(func=<function polynomial at 0x7fb1ce0fb420>), 'first_scale': 'passthrough', 'frequency': FunctionTransformer(func=<function power_phase at 0x7fb1ce0fb920>), 'model': Ridge(solver='lsqr'), 'model__alpha': 123284.67394420685, 'reshape': FunctionTransformer(func=<function reshape at 0x7fb1ce140040>), 'second_scale': 'passthrough'}",-0.026581976450879674,-0.026581976450879674,0.0,2,1.0132038178228897
1,2058.491911649704,0.0,8.12018632888794,0.0,polynomial,passthrough,power_phase,HistGradientBoostingRegressor,,FunctionTransformer(func=<function reshape at 0x7fb1ce140040>),passthrough,0.0,0.1,0.1,63.0,20.0,"{'feature_map': FunctionTransformer(func=<function polynomial at 0x7fb1ce0fb420>), 'first_scale': 'passthrough', 'frequency': FunctionTransformer(func=<function power_phase at 0x7fb1ce0fb920>), 'model': HistGradientBoostingRegressor(early_stopping=True, max_iter=300,
                              n_iter_no_change=15, random_state=42,
                              scoring=None), 'model__l2_regularization': 0.0, 'model__learning_rate': 0.1, 'model__max_features': 0.1, 'model__max_leaf_nodes': 63, 'model__min_samples_leaf': 20, 'reshape': FunctionTransformer(func=<function reshape at 0x7fb1ce140040>), 'second_scale': 'passthrough'}",0.06716341179681906,0.06716341179681906,0.0,1,0.9658346588330639
0,182.89513778686523,0.0,2.2951009273529053,0.0,polynomial,passthrough,passthrough,Ridge,0.006579332246575682,FunctionTransformer(func=<function reshape at 0x7fb1ce140040>),passthrough,,,,,,"{'feature_map': FunctionTransformer(func=<function polynomial at 0x7fb1ce0fb420>), 'first_scale': 'passthrough', 'frequency': 'passthrough', 'model': Ridge(solver='lsqr'), 'model__alpha': 0.006579332246575682, 'reshape': FunctionTransformer(func=<function reshape at 0x7fb1ce140040>), 'second_scale': 'passthrough'}",-1.0077523473327665,-1.0077523473327665,0.0,2,1.4169517801720588
1,1850.1495413780212,0.0,5.269192934036255,0.0,polynomial,passthrough,passthrough,HistGradientBoostingRegressor,,FunctionTransformer(func=<function reshape at 0x7fb1ce140040>),passthrough,0.001,0.05,0.2,31.0,20.0,"{'feature_map': FunctionTransformer(func=<function polynomial at 0x7fb1ce0fb420>), 'first_scale': 'passthrough', 'frequency': 'passthrough', 'model': HistGradientBoostingRegressor(early_stopping=True, max_iter=300,
                              n_iter_no_change=15, random_state=42,
                              scoring=None), 'model__l2_regularization': 0.001, 'model__learning_rate': 0.05, 'model__max_features': 0.2, 'model__max_leaf_nodes': 31, 'model__min_samples_leaf': 20, 'reshape': FunctionTransformer(func=<function reshape at 0x7fb1ce140040>), 'second_scale': 'passthrough'}",0.09089152098573727,0.09089152098573727,0.0,1,0.9534718029466119
0,1646.9125266075134,0.0,5.210189580917358,0.0,polynomial,passthrough,passthrough,HistGradientBoostingRegressor,,FunctionTransformer(func=<function reshape at 0x7fb1ce140040>),passthrough,0.0,0.1,0.05,31.0,20.0,"{'feature_map': FunctionTransformer(func=<function polynomial at 0x7fb1ce0fb420>), 'first_scale': 'passthrough', 'frequency': 'passthrough', 'model': HistGradientBoostingRegressor(early_stopping=True, max_iter=300,
                              n_iter_no_change=15, random_state=42,
                              scoring=None), 'model__l2_regularization': 0.0, 'model__learning_rate': 0.1, 'model__max_features': 0.05, 'model__max_leaf_nodes': 31, 'model__min_samples_leaf': 20, 'reshape': FunctionTransformer(func=<function reshape at 0x7fb1ce140040>), 'second_scale': 'passthrough'}",0.08403129165061174,0.08403129165061174,0.0,1,0.9570625415036303
1,1501.6750106811523,0.0,8.407924890518188,0.0,polynomial,passthrough,power_phase,HistGradientBoostingRegressor,,FunctionTransformer(func=<function reshape at 0x7fb1ce140040>),passthrough,0.001,0.1,0.05,31.0,20.0,"{'feature_map': FunctionTransformer(func=<function polynomial at 0x7fb1ce0fb420>), 'first_scale': 'passthrough', 'frequency': FunctionTransformer(func=<function power_phase at 0x7fb1ce0fb920>), 'model': HistGradientBoostingRegressor(early_stopping=True, max_iter=300,
                              n_iter_no_change=15, random_state=42,
                              scoring=None), 'model__l2_regularization': 0.001, 'model__learning_rate': 0.1, 'model__max_features': 0.05, 'model__max_leaf_nodes': 31, 'model__min_samples_leaf': 20, 'reshape': FunctionTransformer(func=<function reshape at 0x7fb1ce140040>), 'second_scale': 'passthrough'}",0.07450964651109693,0.07450964651109693,0.0,2,0.962024091948275
0,879.8585169315338,0.0,3.2564566135406494,0.0,polynomial,passthrough,passthrough,Ridge,100000000.0,FunctionTransformer(func=<function reshape at 0x7fb1ce140040>),RobustScaler(copy=False),,,,,,"{'feature_map': FunctionTransformer(func=<function polynomial at 0x7fb1ce0fb420>), 'first_scale': 'passthrough', 'frequency': 'passthrough', 'model': Ridge(solver='lsqr'), 'model__alpha': 100000000.0, 'reshape': FunctionTransformer(func=<function reshape at 0x7fb1ce140040>), 'second_scale': RobustScaler(copy=False)}",-2.3186766251320323,-2.3186766251320323,0.0,2,1.8217235314756277
1,1939.1383924484253,0.0,6.360815525054932,0.0,polynomial,passthrough,passthrough,HistGradientBoostingRegressor,,FunctionTransformer(func=<function reshape at 0x7fb1ce140040>),RobustScaler(copy=False),0.001,0.1,0.2,63.0,20.0,"{'feature_map': FunctionTransformer(func=<function polynomial at 0x7fb1ce0fb420>), 'first_scale': 'passthrough', 'frequency': 'passthrough', 'model': HistGradientBoostingRegressor(early_stopping=True, max_iter=300,
                              n_iter_no_change=15, random_state=42,
                              scoring=None), 'model__l2_regularization': 0.001, 'model__learning_rate': 0.1, 'model__max_features': 0.2, 'model__max_leaf_nodes': 63, 'model__min_samples_leaf': 20, 'reshape': FunctionTransformer(func=<function reshape at 0x7fb1ce140040>), 'second_scale': RobustScaler(copy=False)}",0.07744968743579028,0.07744968743579028,0.0,1,0.9604948269325607
0,1921.2414269447327,0.0,12.332897901535034,0.0,polynomial,passthrough,power_phase,Ridge,1e-08,FunctionTransformer(func=<function reshape at 0x7fb1ce140040>),RobustScaler(copy=False),,,,,,"{'feature_map': FunctionTransformer(func=<function polynomial at 0x7fb1ce0fb420>), 'first_scale': 'passthrough', 'frequency': FunctionTransformer(func=<function power_phase at 0x7fb1ce0fb920>), 'model': Ridge(solver='lsqr'), 'model__alpha': 1e-08, 'reshape': FunctionTransformer(func=<function reshape at 0x7fb1ce140040>), 'second_scale': RobustScaler(copy=False)}",-0.47224945609983315,-0.47224945609983315,0.0,2,1.2133628707438815
1,3658.747959136963,0.0,15.167228937149048,0.0,polynomial,passthrough,power_phase,HistGradientBoostingRegressor,,FunctionTransformer(func=<function reshape at 0x7fb1ce140040>),RobustScaler(copy=False),0.0,0.05,0.05,31.0,20.0,"{'feature_map': FunctionTransformer(func=<function polynomial at 0x7fb1ce0fb420>), 'first_scale': 'passthrough', 'frequency': FunctionTransformer(func=<function power_phase at 0x7fb1ce0fb920>), 'model': HistGradientBoostingRegressor(early_stopping=True, max_iter=300,
                              n_iter_no_change=15, random_state=42,
                              scoring=None), 'model__l2_regularization': 0.0, 'model__learning_rate': 0.05, 'model__max_features': 0.05, 'model__max_leaf_nodes': 31, 'model__min_samples_leaf': 20, 'reshape': FunctionTransformer(func=<function reshape at 0x7fb1ce140040>), 'second_scale': RobustScaler(copy=False)}",0.08525136612983586,0.08525136612983586,0.0,1,0.9564249232794826
0,649.4040260314941,0.0,7.964716196060181,0.0,polynomial,passthrough,power_phase,Ridge,0.006579332246575682,FunctionTransformer(func=<function reshape at 0x7fb1ce140040>),RobustScaler(copy=False),,,,,,"{'feature_map': FunctionTransformer(func=<function polynomial at 0x7fb1ce0fb420>), 'first_scale': 'passthrough', 'frequency': FunctionTransformer(func=<function power_phase at 0x7fb1ce0fb920>), 'model': Ridge(solver='lsqr'), 'model__alpha': 0.006579332246575682, 'reshape': FunctionTransformer(func=<function reshape at 0x7fb1ce140040>), 'second_scale': RobustScaler(copy=False)}",-0.5021366027828673,-0.5021366027828673,0.0,2,1.2256168254323483
1,2055.2244024276733,0.0,9.227386713027954,0.0,polynomial,passthrough,power_phase,HistGradientBoostingRegressor,,FunctionTransformer(func=<function reshape at 0x7fb1ce140040>),RobustScaler(copy=False),0.0,0.05,0.2,31.0,20.0,"{'feature_map': FunctionTransformer(func=<function polynomial at 0x7fb1ce0fb420>), 'first_scale': 'passthrough', 'frequency': FunctionTransformer(func=<function power_phase at 0x7fb1ce0fb920>), 'model': HistGradientBoostingRegressor(early_stopping=True, max_iter=300,
                              n_iter_no_change=15, random_state=42,
                              scoring=None), 'model__l2_regularization': 0.0, 'model__learning_rate': 0.05, 'model__max_features': 0.2, 'model__max_leaf_nodes': 31, 'model__min_samples_leaf': 20, 'reshape': FunctionTransformer(func=<function reshape at 0x7fb1ce140040>), 'second_scale': RobustScaler(copy=False)}",0.08591095379212399,0.08591095379212399,0.0,1,0.9560800417370274
0,2727.9104673862457,0.0,5.812535524368286,0.0,polynomial,passthrough,passthrough,HistGradientBoostingRegressor,,FunctionTransformer(func=<function reshape at 0x7fb1ce140040>),passthrough,0.0,0.05,0.2,63.0,20.0,"{'feature_map': FunctionTransformer(func=<function polynomial at 0x7fb1ce0fb420>), 'first_scale': 'passthrough', 'frequency': 'passthrough', 'model': HistGradientBoostingRegressor(early_stopping=True, max_iter=300,
                              n_iter_no_change=15, random_state=42,
                              scoring=None), 'model__l2_regularization': 0.0, 'model__learning_rate': 0.05, 'model__max_features': 0.2, 'model__max_leaf_nodes': 63, 'model__min_samples_leaf': 20, 'reshape': FunctionTransformer(func=<function reshape at 0x7fb1ce140040>), 'second_scale': 'passthrough'}",0.0953022450775508,0.0953022450775508,0.0,1,0.9511560097704526
1,2595.7225930690765,0.0,9.336494445800781,0.0,polynomial,passthrough,power_phase,HistGradientBoostingRegressor,,FunctionTransformer(func=<function reshape at 0x7fb1ce140040>),passthrough,0.001,0.05,0.2,63.0,20.0,"{'feature_map': FunctionTransformer(func=<function polynomial at 0x7fb1ce0fb420>), 'first_scale': 'passthrough', 'frequency': FunctionTransformer(func=<function power_phase at 0x7fb1ce0fb920>), 'model': HistGradientBoostingRegressor(early_stopping=True, max_iter=300,
                              n_iter_no_change=15, random_state=42,
                              scoring=None), 'model__l2_regularization': 0.001, 'model__learning_rate': 0.05, 'model__max_features': 0.2, 'model__max_leaf_nodes': 63, 'model__min_samples_leaf': 20, 'reshape': FunctionTransformer(func=<function reshape at 0x7fb1ce140040>), 'second_scale': 'passthrough'}",0.08958885201526934,0.08958885201526934,0.0,2,0.9541546771801366
0,175.10379886627197,0.0,4.841242551803589,0.0,polynomial,passthrough,power_phase,Ridge,0.006579332246575682,FunctionTransformer(func=<function reshape at 0x7fb1ce140040>),passthrough,,,,,,"{'feature_map': FunctionTransformer(func=<function polynomial at 0x7fb1ce0fb420>), 'first_scale': 'passthrough', 'frequency': FunctionTransformer(func=<function power_phase at 0x7fb1ce0fb920>), 'model': Ridge(solver='lsqr'), 'model__alpha': 0.006579332246575682, 'reshape': FunctionTransformer(func=<function reshape at 0x7fb1ce140040>), 'second_scale': 'passthrough'}",-0.29642260113612373,-0.29642260113612373,0.0,2,1.1386055511616495
1,1579.578950881958,0.0,7.22513484954834,0.0,polynomial,passthrough,power_phase,HistGradientBoostingRegressor,,FunctionTransformer(func=<function reshape at 0x7fb1ce140040>),passthrough,0.0,0.05,0.2,31.0,20.0,"{'feature_map': FunctionTransformer(func=<function polynomial at 0x7fb1ce0fb420>), 'first_scale': 'passthrough', 'frequency': FunctionTransformer(func=<function power_phase at 0x7fb1ce0fb920>), 'model': HistGradientBoostingRegressor(early_stopping=True, max_iter=300,
                              n_iter_no_change=15, random_state=42,
                              scoring=None), 'model__l2_regularization': 0.0, 'model__learning_rate': 0.05, 'model__max_features': 0.2, 'model__max_leaf_nodes': 31, 'model__min_samples_leaf': 20, 'reshape': FunctionTransformer(func=<function reshape at 0x7fb1ce140040>), 'second_scale': 'passthrough'}",0.0888225983280907,0.0888225983280907,0.0,1,0.9545561280888145
0,3656.4995296001434,0.0,8.611687183380127,0.0,polynomial,passthrough,passthrough,HistGradientBoostingRegressor,,FunctionTransformer(func=<function reshape at 0x7fb1ce140040>),RobustScaler(copy=False),0.0,0.05,0.05,63.0,20.0,"{'feature_map': FunctionTransformer(func=<function polynomial at 0x7fb1ce0fb420>), 'first_scale': 'passthrough', 'frequency': 'passthrough', 'model': HistGradientBoostingRegressor(early_stopping=True, max_iter=300,
                              n_iter_no_change=15, random_state=42,
                              scoring=None), 'model__l2_regularization': 0.0, 'model__learning_rate': 0.05, 'model__max_features': 0.05, 'model__max_leaf_nodes': 63, 'model__min_samples_leaf': 20, 'reshape': FunctionTransformer(func=<function reshape at 0x7fb1ce140040>), 'second_scale': RobustScaler(copy=False)}",0.09144596215358325,0.09144596215358325,0.0,1,0.9531810100114336
1,3510.371013879776,0.0,12.32339072227478,0.0,polynomial,passthrough,power_phase,HistGradientBoostingRegressor,,FunctionTransformer(func=<function reshape at 0x7fb1ce140040>),RobustScaler(copy=False),0.001,0.05,0.05,63.0,20.0,"{'feature_map': FunctionTransformer(func=<function polynomial at 0x7fb1ce0fb420>), 'first_scale': 'passthrough', 'frequency': FunctionTransformer(func=<function power_phase at 0x7fb1ce0fb920>), 'model': HistGradientBoostingRegressor(early_stopping=True, max_iter=300,
                              n_iter_no_change=15, random_state=42,
                              scoring=None), 'model__l2_regularization': 0.001, 'model__learning_rate': 0.05, 'model__max_features': 0.05, 'model__max_leaf_nodes': 63, 'model__min_samples_leaf': 20, 'reshape': FunctionTransformer(func=<function reshape at 0x7fb1ce140040>), 'second_scale': RobustScaler(copy=False)}",0.08195480995545557,0.08195480995545557,0.0,2,0.9581467476564038
0,709.3051104545593,0.0,5.448037385940552,0.0,polynomial,passthrough,passthrough,Ridge,151.99110829529332,FunctionTransformer(func=<function reshape at 0x7fb1ce140040>),RobustScaler(copy=False),,,,,,"{'feature_map': FunctionTransformer(func=<function polynomial at 0x7fb1ce0fb420>), 'first_scale': 'passthrough', 'frequency': 'passthrough', 'model': Ridge(solver='lsqr'), 'model__alpha': 151.99110829529332, 'reshape': FunctionTransformer(func=<function reshape at 0x7fb1ce140040>), 'second_scale': RobustScaler(copy=False)}",-2.1387669393142947,-2.1387669393142947,0.0,2,1.7716565523019112
1,4191.841111421585,0.0,9.832330465316772,0.0,polynomial,passthrough,passthrough,HistGradientBoostingRegressor,,FunctionTransformer(func=<function reshape at 0x7fb1ce140040>),RobustScaler(copy=False),0.001,0.1,0.05,63.0,20.0,"{'feature_map': FunctionTransformer(func=<function polynomial at 0x7fb1ce0fb420>), 'first_scale': 'passthrough', 'frequency': 'passthrough', 'model': HistGradientBoostingRegressor(early_stopping=True, max_iter=300,
                              n_iter_no_change=15, random_state=42,
                              scoring=None), 'model__l2_regularization': 0.001, 'model__learning_rate': 0.1, 'model__max_features': 0.05, 'model__max_leaf_nodes': 63, 'model__min_samples_leaf': 20, 'reshape': FunctionTransformer(func=<function reshape at 0x7fb1ce140040>), 'second_scale': RobustScaler(copy=False)}",0.0720035520500849,0.0720035520500849,0.0,1,0.9633257226659709
0,190.40823483467102,0.0,5.445800542831421,0.0,polynomial,passthrough,power_phase,Ridge,5.3366992312063015,FunctionTransformer(func=<function reshape at 0x7fb1ce140040>),passthrough,,,,,,"{'feature_map': FunctionTransformer(func=<function polynomial at 0x7fb1ce0fb420>), 'first_scale': 'passthrough', 'frequency': FunctionTransformer(func=<function power_phase at 0x7fb1ce0fb920>), 'model': Ridge(solver='lsqr'), 'model__alpha': 5.3366992312063015, 'reshape': FunctionTransformer(func=<function reshape at 0x7fb1ce140040>), 'second_scale': 'passthrough'}",-0.2956826692514496,-0.2956826692514496,0.0,2,1.138280575803457
1,1398.226131439209,0.0,8.68804407119751,0.0,polynomial,passthrough,power_phase,HistGradientBoostingRegressor,,FunctionTransformer(func=<function reshape at 0x7fb1ce140040>),passthrough,0.0,0.1,0.05,31.0,20.0,"{'feature_map': FunctionTransformer(func=<function polynomial at 0x7fb1ce0fb420>), 'first_scale': 'passthrough', 'frequency': FunctionTransformer(func=<function power_phase at 0x7fb1ce0fb920>), 'model': HistGradientBoostingRegressor(early_stopping=True, max_iter=300,
                              n_iter_no_change=15, random_state=42,
                              scoring=None), 'model__l2_regularization': 0.0, 'model__learning_rate': 0.1, 'model__max_features': 0.05, 'model__max_leaf_nodes': 31, 'model__min_samples_leaf': 20, 'reshape': FunctionTransformer(func=<function reshape at 0x7fb1ce140040>), 'second_scale': 'passthrough'}",0.07689622465392176,0.07689622465392176,0.0,1,0.960782897092823
0,48.98924255371094,0.0,2.0408403873443604,0.0,polynomial,passthrough,passthrough,Ridge,100000000.0,FunctionTransformer(func=<function reshape at 0x7fb1ce140040>),passthrough,,,,,,"{'feature_map': FunctionTransformer(func=<function polynomial at 0x7fb1ce0fb420>), 'first_scale': 'passthrough', 'frequency': 'passthrough', 'model': Ridge(solver='lsqr'), 'model__alpha': 100000000.0, 'reshape': FunctionTransformer(func=<function reshape at 0x7fb1ce140040>), 'second_scale': 'passthrough'}",-0.0005727463309392888,-0.0005727463309392888,0.0,2,1.0002863321724131
1,3044.072099685669,0.0,6.140261173248291,0.0,polynomial,passthrough,passthrough,HistGradientBoostingRegressor,,FunctionTransformer(func=<function reshape at 0x7fb1ce140040>),passthrough,0.001,0.1,0.2,63.0,20.0,"{'feature_map': FunctionTransformer(func=<function polynomial at 0x7fb1ce0fb420>), 'first_scale': 'passthrough', 'frequency': 'passthrough', 'model': HistGradientBoostingRegressor(early_stopping=True, max_iter=300,
                              n_iter_no_change=15, random_state=42,
                              scoring=None), 'model__l2_regularization': 0.001, 'model__learning_rate': 0.1, 'model__max_features': 0.2, 'model__max_leaf_nodes': 63, 'model__min_samples_leaf': 20, 'reshape': FunctionTransformer(func=<function reshape at 0x7fb1ce140040>), 'second_scale': 'passthrough'}",0.07724160982528416,0.07724160982528416,0.0,1,0.9606031387491485
0,209.67068028450012,0.0,4.90850305557251,0.0,polynomial,passthrough,power_phase,Ridge,8.111308307896873e-06,FunctionTransformer(func=<function reshape at 0x7fb1ce140040>),passthrough,,,,,,"{'feature_map': FunctionTransformer(func=<function polynomial at 0x7fb1ce0fb420>), 'first_scale': 'passthrough', 'frequency': FunctionTransformer(func=<function power_phase at 0x7fb1ce0fb920>), 'model': Ridge(solver='lsqr'), 'model__alpha': 8.111308307896873e-06, 'reshape': FunctionTransformer(func=<function reshape at 0x7fb1ce140040>), 'second_scale': 'passthrough'}",-0.2960679516782674,-0.2960679516782674,0.0,2,1.138449802001945
1,1646.1293032169342,0.0,8.646472930908203,0.0,polynomial,passthrough,power_phase,HistGradientBoostingRegressor,,FunctionTransformer(func=<function reshape at 0x7fb1ce140040>),passthrough,0.0,0.05,0.1,31.0,20.0,"{'feature_map': FunctionTransformer(func=<function polynomial at 0x7fb1ce0fb420>), 'first_scale': 'passthrough', 'frequency': FunctionTransformer(func=<function power_phase at 0x7fb1ce0fb920>), 'model': HistGradientBoostingRegressor(early_stopping=True, max_iter=300,
                              n_iter_no_change=15, random_state=42,
                              scoring=None), 'model__l2_regularization': 0.0, 'model__learning_rate': 0.05, 'model__max_features': 0.1, 'model__max_leaf_nodes': 31, 'model__min_samples_leaf': 20, 'reshape': FunctionTransformer(func=<function reshape at 0x7fb1ce140040>), 'second_scale': 'passthrough'}",0.08628442901975197,0.08628442901975197,0.0,1,0.9558847059035143
0,791.495025396347,0.0,3.0393402576446533,0.0,polynomial,passthrough,passthrough,Ridge,4328.7612810830615,FunctionTransformer(func=<function reshape at 0x7fb1ce140040>),RobustScaler(copy=False),,,,,,"{'feature_map': FunctionTransformer(func=<function polynomial at 0x7fb1ce0fb420>), 'first_scale': 'passthrough', 'frequency': 'passthrough', 'model': Ridge(solver='lsqr'), 'model__alpha': 4328.7612810830615, 'reshape': FunctionTransformer(func=<function reshape at 0x7fb1ce140040>), 'second_scale': RobustScaler(copy=False)}",-2.318678046103351,-2.318678046103351,0.0,2,1.8217239214829868
1,1797.1801018714905,0.0,5.288950681686401,0.0,polynomial,passthrough,passthrough,HistGradientBoostingRegressor,,FunctionTransformer(func=<function reshape at 0x7fb1ce140040>),RobustScaler(copy=False),0.001,0.1,0.1,31.0,20.0,"{'feature_map': FunctionTransformer(func=<function polynomial at 0x7fb1ce0fb420>), 'first_scale': 'passthrough', 'frequency': 'passthrough', 'model': HistGradientBoostingRegressor(early_stopping=True, max_iter=300,
                              n_iter_no_change=15, random_state=42,
                              scoring=None), 'model__l2_regularization': 0.001, 'model__learning_rate': 0.1, 'model__max_features': 0.1, 'model__max_leaf_nodes': 31, 'model__min_samples_leaf': 20, 'reshape': FunctionTransformer(func=<function reshape at 0x7fb1ce140040>), 'second_scale': RobustScaler(copy=False)}",0.08796866052717389,0.08796866052717389,0.0,1,0.9550033190899527
0,739.5691270828247,0.0,8.361321687698364,0.0,polynomial,passthrough,power_phase,Ridge,0.0002310129700083158,FunctionTransformer(func=<function reshape at 0x7fb1ce140040>),RobustScaler(copy=False),,,,,,"{'feature_map': FunctionTransformer(func=<function polynomial at 0x7fb1ce0fb420>), 'first_scale': 'passthrough', 'frequency': FunctionTransformer(func=<function power_phase at 0x7fb1ce0fb920>), 'model': Ridge(solver='lsqr'), 'model__alpha': 0.0002310129700083158, 'reshape': FunctionTransformer(func=<function reshape at 0x7fb1ce140040>), 'second_scale': RobustScaler(copy=False)}",-0.47224945609983315,-0.47224945609983315,0.0,2,1.2133628707438815
1,2565.155251979828,0.0,11.36851453781128,0.0,polynomial,passthrough,power_phase,HistGradientBoostingRegressor,,FunctionTransformer(func=<function reshape at 0x7fb1ce140040>),RobustScaler(copy=False),0.0,0.05,0.1,63.0,20.0,"{'feature_map': FunctionTransformer(func=<function polynomial at 0x7fb1ce0fb420>), 'first_scale': 'passthrough', 'frequency': FunctionTransformer(func=<function power_phase at 0x7fb1ce0fb920>), 'model': HistGradientBoostingRegressor(early_stopping=True, max_iter=300,
                              n_iter_no_change=15, random_state=42,
                              scoring=None), 'model__l2_regularization': 0.0, 'model__learning_rate': 0.05, 'model__max_features': 0.1, 'model__max_leaf_nodes': 63, 'model__min_samples_leaf': 20, 'reshape': FunctionTransformer(func=<function reshape at 0x7fb1ce140040>), 'second_scale': RobustScaler(copy=False)}",0.0832071008489812,0.0832071008489812,0.0,1,0.9574930282519131
0,188.1522979736328,0.0,5.369875431060791,0.0,polynomial,passthrough,power_phase,Ridge,151.99110829529332,FunctionTransformer(func=<function reshape at 0x7fb1ce140040>),passthrough,,,,,,"{'feature_map': FunctionTransformer(func=<function polynomial at 0x7fb1ce0fb420>), 'first_scale': 'passthrough', 'frequency': FunctionTransformer(func=<function power_phase at 0x7fb1ce0fb920>), 'model': Ridge(solver='lsqr'), 'model__alpha': 151.99110829529332, 'reshape': FunctionTransformer(func=<function reshape at 0x7fb1ce140040>), 'second_scale': 'passthrough'}",-0.29417046645053335,-0.29417046645053335,0.0,2,1.1376161331708219
1,1582.5262231826782,0.0,8.12775444984436,0.0,polynomial,passthrough,power_phase,HistGradientBoostingRegressor,,FunctionTransformer(func=<function reshape at 0x7fb1ce140040>),passthrough,0.0,0.1,0.05,63.0,20.0,"{'feature_map': FunctionTransformer(func=<function polynomial at 0x7fb1ce0fb420>), 'first_scale': 'passthrough', 'frequency': FunctionTransformer(func=<function power_phase at 0x7fb1ce0fb920>), 'model': HistGradientBoostingRegressor(early_stopping=True, max_iter=300,
                              n_iter_no_change=15, random_state=42,
                              scoring=None), 'model__l2_regularization': 0.0, 'model__learning_rate': 0.1, 'model__max_features': 0.05, 'model__max_leaf_nodes': 63, 'model__min_samples_leaf': 20, 'reshape': FunctionTransformer(func=<function reshape at 0x7fb1ce140040>), 'second_scale': 'passthrough'}",0.07206651293797295,0.07206651293797295,0.0,1,0.9632930431919599
0,1939.485433101654,0.0,7.020515441894531,0.0,polynomial,passthrough,passthrough,HistGradientBoostingRegressor,,FunctionTransformer(func=<function reshape at 0x7fb1ce140040>),RobustScaler(copy=False),0.0,0.1,0.05,31.0,20.0,"{'feature_map': FunctionTransformer(func=<function polynomial at 0x7fb1ce0fb420>), 'first_scale': 'passthrough', 'frequency': 'passthrough', 'model': HistGradientBoostingRegressor(early_stopping=True, max_iter=300,
                              n_iter_no_change=15, random_state=42,
                              scoring=None), 'model__l2_regularization': 0.0, 'model__learning_rate': 0.1, 'model__max_features': 0.05, 'model__max_leaf_nodes': 31, 'model__min_samples_leaf': 20, 'reshape': FunctionTransformer(func=<function reshape at 0x7fb1ce140040>), 'second_scale': RobustScaler(copy=False)}",0.08680527719027153,0.08680527719027153,0.0,1,0.9556122240792697
1,1857.5002937316895,0.0,9.822951555252075,0.0,polynomial,passthrough,power_phase,HistGradientBoostingRegressor,,FunctionTransformer(func=<function reshape at 0x7fb1ce140040>),RobustScaler(copy=False),0.001,0.1,0.05,31.0,20.0,"{'feature_map': FunctionTransformer(func=<function polynomial at 0x7fb1ce0fb420>), 'first_scale': 'passthrough', 'frequency': FunctionTransformer(func=<function power_phase at 0x7fb1ce0fb920>), 'model': HistGradientBoostingRegressor(early_stopping=True, max_iter=300,
                              n_iter_no_change=15, random_state=42,
                              scoring=None), 'model__l2_regularization': 0.001, 'model__learning_rate': 0.1, 'model__max_features': 0.05, 'model__max_leaf_nodes': 31, 'model__min_samples_leaf': 20, 'reshape': FunctionTransformer(func=<function reshape at 0x7fb1ce140040>), 'second_scale': RobustScaler(copy=False)}",0.07312135298980527,0.07312135298980527,0.0,2,0.962745369768245
0,3419.0026319026947,0.0,7.860444784164429,0.0,polynomial,passthrough,passthrough,HistGradientBoostingRegressor,,FunctionTransformer(func=<function reshape at 0x7fb1ce140040>),passthrough,0.0,0.05,0.1,63.0,20.0,"{'feature_map': FunctionTransformer(func=<function polynomial at 0x7fb1ce0fb420>), 'first_scale': 'passthrough', 'frequency': 'passthrough', 'model': HistGradientBoostingRegressor(early_stopping=True, max_iter=300,
                              n_iter_no_change=15, random_state=42,
                              scoring=None), 'model__l2_regularization': 0.0, 'model__learning_rate': 0.05, 'model__max_features': 0.1, 'model__max_leaf_nodes': 63, 'model__min_samples_leaf': 20, 'reshape': FunctionTransformer(func=<function reshape at 0x7fb1ce140040>), 'second_scale': 'passthrough'}",0.09067276080597542,0.09067276080597542,0.0,1,0.9535865137437843
1,3283.091423034668,0.0,11.852401733398438,0.0,polynomial,passthrough,power_phase,HistGradientBoostingRegressor,,FunctionTransformer(func=<function reshape at 0x7fb1ce140040>),passthrough,0.001,0.05,0.1,63.0,20.0,"{'feature_map': FunctionTransformer(func=<function polynomial at 0x7fb1ce0fb420>), 'first_scale': 'passthrough', 'frequency': FunctionTransformer(func=<function power_phase at 0x7fb1ce0fb920>), 'model': HistGradientBoostingRegressor(early_stopping=True, max_iter=300,
                              n_iter_no_change=15, random_state=42,
                              scoring=None), 'model__l2_regularization': 0.001, 'model__learning_rate': 0.05, 'model__max_features': 0.1, 'model__max_leaf_nodes': 63, 'model__min_samples_leaf': 20, 'reshape': FunctionTransformer(func=<function reshape at 0x7fb1ce140040>), 'second_scale': 'passthrough'}",0.08376492706904404,0.08376492706904404,0.0,2,0.957201688742219
0,497.7046184539795,0.0,4.365795135498047,0.0,polynomial,passthrough,passthrough,Ridge,1e-08,FunctionTransformer(func=<function reshape at 0x7fb1ce140040>),RobustScaler(copy=False),,,,,,"{'feature_map': FunctionTransformer(func=<function polynomial at 0x7fb1ce0fb420>), 'first_scale': 'passthrough', 'frequency': 'passthrough', 'model': Ridge(solver='lsqr'), 'model__alpha': 1e-08, 'reshape': FunctionTransformer(func=<function reshape at 0x7fb1ce140040>), 'second_scale': RobustScaler(copy=False)}",-2.3871597268797338,-2.3871597268797338,0.0,2,1.840423790022215
1,2384.299397468567,0.0,6.712921142578125,0.0,polynomial,passthrough,passthrough,HistGradientBoostingRegressor,,FunctionTransformer(func=<function reshape at 0x7fb1ce140040>),RobustScaler(copy=False),0.001,0.05,0.05,31.0,20.0,"{'feature_map': FunctionTransformer(func=<function polynomial at 0x7fb1ce0fb420>), 'first_scale': 'passthrough', 'frequency': 'passthrough', 'model': HistGradientBoostingRegressor(early_stopping=True, max_iter=300,
                              n_iter_no_change=15, random_state=42,
                              scoring=None), 'model__l2_regularization': 0.001, 'model__learning_rate': 0.05, 'model__max_features': 0.05, 'model__max_leaf_nodes': 31, 'model__min_samples_leaf': 20, 'reshape': FunctionTransformer(func=<function reshape at 0x7fb1ce140040>), 'second_scale': RobustScaler(copy=False)}",0.09292112579676659,0.09292112579676659,0.0,1,0.9524068847941165
0,1764.3539397716522,0.0,5.584195852279663,0.0,polynomial,passthrough,passthrough,HistGradientBoostingRegressor,,FunctionTransformer(func=<function reshape at 0x7fb1ce140040>),passthrough,0.0,0.05,0.2,31.0,20.0,"{'feature_map': FunctionTransformer(func=<function polynomial at 0x7fb1ce0fb420>), 'first_scale': 'passthrough', 'frequency': 'passthrough', 'model': HistGradientBoostingRegressor(early_stopping=True, max_iter=300,
                              n_iter_no_change=15, random_state=42,
                              scoring=None), 'model__l2_regularization': 0.0, 'model__learning_rate': 0.05, 'model__max_features': 0.2, 'model__max_leaf_nodes': 31, 'model__min_samples_leaf': 20, 'reshape': FunctionTransformer(func=<function reshape at 0x7fb1ce140040>), 'second_scale': 'passthrough'}",0.09281944039463319,0.09281944039463319,0.0,1,0.9524602666806458
1,1648.2699143886566,0.0,8.74539566040039,0.0,polynomial,passthrough,power_phase,HistGradientBoostingRegressor,,FunctionTransformer(func=<function reshape at 0x7fb1ce140040>),passthrough,0.001,0.05,0.2,31.0,20.0,"{'feature_map': FunctionTransformer(func=<function polynomial at 0x7fb1ce0fb420>), 'first_scale': 'passthrough', 'frequency': FunctionTransformer(func=<function power_phase at 0x7fb1ce0fb920>), 'model': HistGradientBoostingRegressor(early_stopping=True, max_iter=300,
                              n_iter_no_change=15, random_state=42,
                              scoring=None), 'model__l2_regularization': 0.001, 'model__learning_rate': 0.05, 'model__max_features': 0.2, 'model__max_leaf_nodes': 31, 'model__min_samples_leaf': 20, 'reshape': FunctionTransformer(func=<function reshape at 0x7fb1ce140040>), 'second_scale': 'passthrough'}",0.08946826824265663,0.08946826824265663,0.0,2,0.9542178638850477
0,2798.750940799713,0.0,8.66657042503357,0.0,polynomial,passthrough,passthrough,HistGradientBoostingRegressor,,FunctionTransformer(func=<function reshape at 0x7fb1ce140040>),RobustScaler(copy=False),0.0,0.05,0.05,31.0,20.0,"{'feature_map': FunctionTransformer(func=<function polynomial at 0x7fb1ce0fb420>), 'first_scale': 'passthrough', 'frequency': 'passthrough', 'model': HistGradientBoostingRegressor(early_stopping=True, max_iter=300,
                              n_iter_no_change=15, random_state=42,
                              scoring=None), 'model__l2_regularization': 0.0, 'model__learning_rate': 0.05, 'model__max_features': 0.05, 'model__max_leaf_nodes': 31, 'model__min_samples_leaf': 20, 'reshape': FunctionTransformer(func=<function reshape at 0x7fb1ce140040>), 'second_scale': RobustScaler(copy=False)}",0.09291492604466045,0.09291492604466045,0.0,1,0.9524101395697862
1,2641.4475367069244,0.0,13.774872779846191,0.0,polynomial,passthrough,power_phase,HistGradientBoostingRegressor,,FunctionTransformer(func=<function reshape at 0x7fb1ce140040>),RobustScaler(copy=False),0.001,0.05,0.05,31.0,20.0,"{'feature_map': FunctionTransformer(func=<function polynomial at 0x7fb1ce0fb420>), 'first_scale': 'passthrough', 'frequency': FunctionTransformer(func=<function power_phase at 0x7fb1ce0fb920>), 'model': HistGradientBoostingRegressor(early_stopping=True, max_iter=300,
                              n_iter_no_change=15, random_state=42,
                              scoring=None), 'model__l2_regularization': 0.001, 'model__learning_rate': 0.05, 'model__max_features': 0.05, 'model__max_leaf_nodes': 31, 'model__min_samples_leaf': 20, 'reshape': FunctionTransformer(func=<function reshape at 0x7fb1ce140040>), 'second_scale': RobustScaler(copy=False)}",0.08793355273026349,0.08793355273026349,0.0,2,0.9550216998946864
0,2278.7757449150085,0.0,7.563352108001709,0.0,polynomial,passthrough,passthrough,HistGradientBoostingRegressor,,FunctionTransformer(func=<function reshape at 0x7fb1ce140040>),passthrough,0.0,0.05,0.05,31.0,20.0,"{'feature_map': FunctionTransformer(func=<function polynomial at 0x7fb1ce0fb420>), 'first_scale': 'passthrough', 'frequency': 'passthrough', 'model': HistGradientBoostingRegressor(early_stopping=True, max_iter=300,
                              n_iter_no_change=15, random_state=42,
                              scoring=None), 'model__l2_regularization': 0.0, 'model__learning_rate': 0.05, 'model__max_features': 0.05, 'model__max_leaf_nodes': 31, 'model__min_samples_leaf': 20, 'reshape': FunctionTransformer(func=<function reshape at 0x7fb1ce140040>), 'second_scale': 'passthrough'}",0.09193598703330952,0.09193598703330952,0.0,1,0.952923928216041
1,2217.32057929039,0.0,11.149047374725342,0.0,polynomial,passthrough,power_phase,HistGradientBoostingRegressor,,FunctionTransformer(func=<function reshape at 0x7fb1ce140040>),passthrough,0.001,0.05,0.05,31.0,20.0,"{'feature_map': FunctionTransformer(func=<function polynomial at 0x7fb1ce0fb420>), 'first_scale': 'passthrough', 'frequency': FunctionTransformer(func=<function power_phase at 0x7fb1ce0fb920>), 'model': HistGradientBoostingRegressor(early_stopping=True, max_iter=300,
                              n_iter_no_change=15, random_state=42,
                              scoring=None), 'model__l2_regularization': 0.001, 'model__learning_rate': 0.05, 'model__max_features': 0.05, 'model__max_leaf_nodes': 31, 'model__min_samples_leaf': 20, 'reshape': FunctionTransformer(func=<function reshape at 0x7fb1ce140040>), 'second_scale': 'passthrough'}",0.08579245491851117,0.08579245491851117,0.0,2,0.9561420109384844
0,345.34394216537476,0.0,2.475058078765869,0.0,polynomial,passthrough,passthrough,Ridge,0.0002310129700083158,FunctionTransformer(func=<function reshape at 0x7fb1ce140040>),passthrough,,,,,,"{'feature_map': FunctionTransformer(func=<function polynomial at 0x7fb1ce0fb420>), 'first_scale': 'passthrough', 'frequency': 'passthrough', 'model': Ridge(solver='lsqr'), 'model__alpha': 0.0002310129700083158, 'reshape': FunctionTransformer(func=<function reshape at 0x7fb1ce140040>), 'second_scale': 'passthrough'}",-9.366105650370827,-9.366105650370827,0.0,2,3.2196437148185866
1,2407.4480736255646,0.0,5.067956447601318,0.0,polynomial,passthrough,passthrough,HistGradientBoostingRegressor,,FunctionTransformer(func=<function reshape at 0x7fb1ce140040>),passthrough,0.001,0.05,0.1,63.0,20.0,"{'feature_map': FunctionTransformer(func=<function polynomial at 0x7fb1ce0fb420>), 'first_scale': 'passthrough', 'frequency': 'passthrough', 'model': HistGradientBoostingRegressor(early_stopping=True, max_iter=300,
                              n_iter_no_change=15, random_state=42,
                              scoring=None), 'model__l2_regularization': 0.001, 'model__learning_rate': 0.05, 'model__max_features': 0.1, 'model__max_leaf_nodes': 63, 'model__min_samples_leaf': 20, 'reshape': FunctionTransformer(func=<function reshape at 0x7fb1ce140040>), 'second_scale': 'passthrough'}",0.09186797148725556,0.09186797148725556,0.0,1,0.9529596153629725
0,58.34802484512329,0.0,1.8079779148101807,0.0,polynomial,passthrough,passthrough,Ridge,5.3366992312063015,FunctionTransformer(func=<function reshape at 0x7fb1ce140040>),passthrough,,,,,,"{'feature_map': FunctionTransformer(func=<function polynomial at 0x7fb1ce0fb420>), 'first_scale': 'passthrough', 'frequency': 'passthrough', 'model': Ridge(solver='lsqr'), 'model__alpha': 5.3366992312063015, 'reshape': FunctionTransformer(func=<function reshape at 0x7fb1ce140040>), 'second_scale': 'passthrough'}",-0.007829273765565858,-0.007829273765565858,0.0,2,1.003907004540543
1,1316.5623271465302,0.0,4.220442295074463,0.0,polynomial,passthrough,passthrough,HistGradientBoostingRegressor,,FunctionTransformer(func=<function reshape at 0x7fb1ce140040>),passthrough,0.001,0.1,0.05,31.0,20.0,"{'feature_map': FunctionTransformer(func=<function polynomial at 0x7fb1ce0fb420>), 'first_scale': 'passthrough', 'frequency': 'passthrough', 'model': HistGradientBoostingRegressor(early_stopping=True, max_iter=300,
                              n_iter_no_change=15, random_state=42,
                              scoring=None), 'model__l2_regularization': 0.001, 'model__learning_rate': 0.1, 'model__max_features': 0.05, 'model__max_leaf_nodes': 31, 'model__min_samples_leaf': 20, 'reshape': FunctionTransformer(func=<function reshape at 0x7fb1ce140040>), 'second_scale': 'passthrough'}",0.08623704642988828,0.08623704642988828,0.0,1,0.9559094902605119
0,2646.343985557556,0.0,8.683840990066528,0.0,polynomial,passthrough,passthrough,HistGradientBoostingRegressor,,FunctionTransformer(func=<function reshape at 0x7fb1ce140040>),RobustScaler(copy=False),0.0,0.05,0.1,31.0,20.0,"{'feature_map': FunctionTransformer(func=<function polynomial at 0x7fb1ce0fb420>), 'first_scale': 'passthrough', 'frequency': 'passthrough', 'model': HistGradientBoostingRegressor(early_stopping=True, max_iter=300,
                              n_iter_no_change=15, random_state=42,
                              scoring=None), 'model__l2_regularization': 0.0, 'model__learning_rate': 0.05, 'model__max_features': 0.1, 'model__max_leaf_nodes': 31, 'model__min_samples_leaf': 20, 'reshape': FunctionTransformer(func=<function reshape at 0x7fb1ce140040>), 'second_scale': RobustScaler(copy=False)}",0.0915635532984087,0.0915635532984087,0.0,1,0.9531193244822976
1,2489.933002471924,0.0,11.872007846832275,0.0,polynomial,passthrough,power_phase,HistGradientBoostingRegressor,,FunctionTransformer(func=<function reshape at 0x7fb1ce140040>),RobustScaler(copy=False),0.001,0.05,0.1,31.0,20.0,"{'feature_map': FunctionTransformer(func=<function polynomial at 0x7fb1ce0fb420>), 'first_scale': 'passthrough', 'frequency': FunctionTransformer(func=<function power_phase at 0x7fb1ce0fb920>), 'model': HistGradientBoostingRegressor(early_stopping=True, max_iter=300,
                              n_iter_no_change=15, random_state=42,
                              scoring=None), 'model__l2_regularization': 0.001, 'model__learning_rate': 0.05, 'model__max_features': 0.1, 'model__max_leaf_nodes': 31, 'model__min_samples_leaf': 20, 'reshape': FunctionTransformer(func=<function reshape at 0x7fb1ce140040>), 'second_scale': RobustScaler(copy=False)}",0.08942956945134195,0.08942956945134195,0.0,2,0.954238141424172
0,459.3228759765625,0.0,3.470280647277832,0.0,polynomial,passthrough,passthrough,Ridge,5.3366992312063015,FunctionTransformer(func=<function reshape at 0x7fb1ce140040>),RobustScaler(copy=False),,,,,,"{'feature_map': FunctionTransformer(func=<function polynomial at 0x7fb1ce0fb420>), 'first_scale': 'passthrough', 'frequency': 'passthrough', 'model': Ridge(solver='lsqr'), 'model__alpha': 5.3366992312063015, 'reshape': FunctionTransformer(func=<function reshape at 0x7fb1ce140040>), 'second_scale': RobustScaler(copy=False)}",-2.3871597268797338,-2.3871597268797338,0.0,2,1.840423790022215
1,1570.1455359458923,0.0,5.641124963760376,0.0,polynomial,passthrough,passthrough,HistGradientBoostingRegressor,,FunctionTransformer(func=<function reshape at 0x7fb1ce140040>),RobustScaler(copy=False),0.001,0.1,0.05,31.0,20.0,"{'feature_map': FunctionTransformer(func=<function polynomial at 0x7fb1ce0fb420>), 'first_scale': 'passthrough', 'frequency': 'passthrough', 'model': HistGradientBoostingRegressor(early_stopping=True, max_iter=300,
                              n_iter_no_change=15, random_state=42,
                              scoring=None), 'model__l2_regularization': 0.001, 'model__learning_rate': 0.1, 'model__max_features': 0.05, 'model__max_leaf_nodes': 31, 'model__min_samples_leaf': 20, 'reshape': FunctionTransformer(func=<function reshape at 0x7fb1ce140040>), 'second_scale': RobustScaler(copy=False)}",0.0846372228150083,0.0846372228150083,0.0,1,0.9567459313657893
0,2132.570051431656,0.0,7.430630207061768,0.0,polynomial,passthrough,passthrough,HistGradientBoostingRegressor,,FunctionTransformer(func=<function reshape at 0x7fb1ce140040>),RobustScaler(copy=False),0.0,0.05,0.2,31.0,20.0,"{'feature_map': FunctionTransformer(func=<function polynomial at 0x7fb1ce0fb420>), 'first_scale': 'passthrough', 'frequency': 'passthrough', 'model': HistGradientBoostingRegressor(early_stopping=True, max_iter=300,
                              n_iter_no_change=15, random_state=42,
                              scoring=None), 'model__l2_regularization': 0.0, 'model__learning_rate': 0.05, 'model__max_features': 0.2, 'model__max_leaf_nodes': 31, 'model__min_samples_leaf': 20, 'reshape': FunctionTransformer(func=<function reshape at 0x7fb1ce140040>), 'second_scale': RobustScaler(copy=False)}",0.0920007573207906,0.0920007573207906,0.0,1,0.9528899425847717
1,2019.6228885650635,0.0,10.629463195800781,0.0,polynomial,passthrough,power_phase,HistGradientBoostingRegressor,,FunctionTransformer(func=<function reshape at 0x7fb1ce140040>),RobustScaler(copy=False),0.001,0.05,0.2,31.0,20.0,"{'feature_map': FunctionTransformer(func=<function polynomial at 0x7fb1ce0fb420>), 'first_scale': 'passthrough', 'frequency': FunctionTransformer(func=<function power_phase at 0x7fb1ce0fb920>), 'model': HistGradientBoostingRegressor(early_stopping=True, max_iter=300,
                              n_iter_no_change=15, random_state=42,
                              scoring=None), 'model__l2_regularization': 0.001, 'model__learning_rate': 0.05, 'model__max_features': 0.2, 'model__max_leaf_nodes': 31, 'model__min_samples_leaf': 20, 'reshape': FunctionTransformer(func=<function reshape at 0x7fb1ce140040>), 'second_scale': RobustScaler(copy=False)}",0.08591125789781984,0.08591125789781984,0.0,2,0.9560798826992335
0,1493.6853444576263,0.0,5.162716627120972,0.0,polynomial,passthrough,passthrough,HistGradientBoostingRegressor,,FunctionTransformer(func=<function reshape at 0x7fb1ce140040>),passthrough,0.0,0.1,0.1,31.0,20.0,"{'feature_map': FunctionTransformer(func=<function polynomial at 0x7fb1ce0fb420>), 'first_scale': 'passthrough', 'frequency': 'passthrough', 'model': HistGradientBoostingRegressor(early_stopping=True, max_iter=300,
                              n_iter_no_change=15, random_state=42,
                              scoring=None), 'model__l2_regularization': 0.0, 'model__learning_rate': 0.1, 'model__max_features': 0.1, 'model__max_leaf_nodes': 31, 'model__min_samples_leaf': 20, 'reshape': FunctionTransformer(func=<function reshape at 0x7fb1ce140040>), 'second_scale': 'passthrough'}",0.08713293179345538,0.08713293179345538,0.0,1,0.9554407716894567
1,1532.5267412662506,0.0,8.467809438705444,0.0,polynomial,passthrough,power_phase,HistGradientBoostingRegressor,,FunctionTransformer(func=<function reshape at 0x7fb1ce140040>),passthrough,0.001,0.1,0.1,31.0,20.0,"{'feature_map': FunctionTransformer(func=<function polynomial at 0x7fb1ce0fb420>), 'first_scale': 'passthrough', 'frequency': FunctionTransformer(func=<function power_phase at 0x7fb1ce0fb920>), 'model': HistGradientBoostingRegressor(early_stopping=True, max_iter=300,
                              n_iter_no_change=15, random_state=42,
                              scoring=None), 'model__l2_regularization': 0.001, 'model__learning_rate': 0.1, 'model__max_features': 0.1, 'model__max_leaf_nodes': 31, 'model__min_samples_leaf': 20, 'reshape': FunctionTransformer(func=<function reshape at 0x7fb1ce140040>), 'second_scale': 'passthrough'}",0.07655660163730427,0.07655660163730427,0.0,2,0.9609596236901401
0,568.7309589385986,0.0,3.6964118480682373,0.0,polynomial,passthrough,passthrough,Ridge,2.848035868435805e-07,FunctionTransformer(func=<function reshape at 0x7fb1ce140040>),RobustScaler(copy=False),,,,,,"{'feature_map': FunctionTransformer(func=<function polynomial at 0x7fb1ce0fb420>), 'first_scale': 'passthrough', 'frequency': 'passthrough', 'model': Ridge(solver='lsqr'), 'model__alpha': 2.848035868435805e-07, 'reshape': FunctionTransformer(func=<function reshape at 0x7fb1ce140040>), 'second_scale': RobustScaler(copy=False)}",-2.3871597268797338,-2.3871597268797338,0.0,2,1.840423790022215
1,2502.7031433582306,0.0,6.27764892578125,0.0,polynomial,passthrough,passthrough,HistGradientBoostingRegressor,,FunctionTransformer(func=<function reshape at 0x7fb1ce140040>),RobustScaler(copy=False),0.001,0.05,0.05,63.0,20.0,"{'feature_map': FunctionTransformer(func=<function polynomial at 0x7fb1ce0fb420>), 'first_scale': 'passthrough', 'frequency': 'passthrough', 'model': HistGradientBoostingRegressor(early_stopping=True, max_iter=300,
                              n_iter_no_change=15, random_state=42,
                              scoring=None), 'model__l2_regularization': 0.001, 'model__learning_rate': 0.05, 'model__max_features': 0.05, 'model__max_leaf_nodes': 63, 'model__min_samples_leaf': 20, 'reshape': FunctionTransformer(func=<function reshape at 0x7fb1ce140040>), 'second_scale': RobustScaler(copy=False)}",0.09342549223865593,0.09342549223865593,0.0,1,0.9521420628043612
0,3031.60604095459,0.0,7.9383251667022705,0.0,polynomial,passthrough,passthrough,HistGradientBoostingRegressor,,FunctionTransformer(func=<function reshape at 0x7fb1ce140040>),RobustScaler(copy=False),0.0,0.1,0.2,63.0,20.0,"{'feature_map': FunctionTransformer(func=<function polynomial at 0x7fb1ce0fb420>), 'first_scale': 'passthrough', 'frequency': 'passthrough', 'model': HistGradientBoostingRegressor(early_stopping=True, max_iter=300,
                              n_iter_no_change=15, random_state=42,
                              scoring=None), 'model__l2_regularization': 0.0, 'model__learning_rate': 0.1, 'model__max_features': 0.2, 'model__max_leaf_nodes': 63, 'model__min_samples_leaf': 20, 'reshape': FunctionTransformer(func=<function reshape at 0x7fb1ce140040>), 'second_scale': RobustScaler(copy=False)}",0.07874340405345492,0.07874340405345492,0.0,1,0.9598211270578206
1,2486.8343226909637,0.0,10.614192962646484,0.0,polynomial,passthrough,power_phase,HistGradientBoostingRegressor,,FunctionTransformer(func=<function reshape at 0x7fb1ce140040>),RobustScaler(copy=False),0.001,0.1,0.2,63.0,20.0,"{'feature_map': FunctionTransformer(func=<function polynomial at 0x7fb1ce0fb420>), 'first_scale': 'passthrough', 'frequency': FunctionTransformer(func=<function power_phase at 0x7fb1ce0fb920>), 'model': HistGradientBoostingRegressor(early_stopping=True, max_iter=300,
                              n_iter_no_change=15, random_state=42,
                              scoring=None), 'model__l2_regularization': 0.001, 'model__learning_rate': 0.1, 'model__max_features': 0.2, 'model__max_leaf_nodes': 63, 'model__min_samples_leaf': 20, 'reshape': FunctionTransformer(func=<function reshape at 0x7fb1ce140040>), 'second_scale': RobustScaler(copy=False)}",0.06992618533464412,0.06992618533464412,0.0,2,0.9644033464610935
0,1984.2671699523926,0.0,5.191801071166992,0.0,polynomial,passthrough,passthrough,HistGradientBoostingRegressor,,FunctionTransformer(func=<function reshape at 0x7fb1ce140040>),passthrough,0.0,0.05,0.1,31.0,20.0,"{'feature_map': FunctionTransformer(func=<function polynomial at 0x7fb1ce0fb420>), 'first_scale': 'passthrough', 'frequency': 'passthrough', 'model': HistGradientBoostingRegressor(early_stopping=True, max_iter=300,
                              n_iter_no_change=15, random_state=42,
                              scoring=None), 'model__l2_regularization': 0.0, 'model__learning_rate': 0.05, 'model__max_features': 0.1, 'model__max_leaf_nodes': 31, 'model__min_samples_leaf': 20, 'reshape': FunctionTransformer(func=<function reshape at 0x7fb1ce140040>), 'second_scale': 'passthrough'}",0.09364610529222983,0.09364610529222983,0.0,1,0.9520262048430023
1,1802.0308141708374,0.0,8.312143564224243,0.0,polynomial,passthrough,power_phase,HistGradientBoostingRegressor,,FunctionTransformer(func=<function reshape at 0x7fb1ce140040>),passthrough,0.001,0.05,0.1,31.0,20.0,"{'feature_map': FunctionTransformer(func=<function polynomial at 0x7fb1ce0fb420>), 'first_scale': 'passthrough', 'frequency': FunctionTransformer(func=<function power_phase at 0x7fb1ce0fb920>), 'model': HistGradientBoostingRegressor(early_stopping=True, max_iter=300,
                              n_iter_no_change=15, random_state=42,
                              scoring=None), 'model__l2_regularization': 0.001, 'model__learning_rate': 0.05, 'model__max_features': 0.1, 'model__max_leaf_nodes': 31, 'model__min_samples_leaf': 20, 'reshape': FunctionTransformer(func=<function reshape at 0x7fb1ce140040>), 'second_scale': 'passthrough'}",0.0849005679423449,0.0849005679423449,0.0,2,0.9566082960426672
