,mean_fit_time,std_fit_time,mean_score_time,std_score_time,param_first_scale,param_frequency,param_model,param_model__alpha,param_reshape,param_second_scale,param_model__l2_regularization,param_model__learning_rate,param_model__max_features,param_model__max_leaf_nodes,param_model__min_samples_leaf,params,split0_test_score,mean_test_score,std_test_score,rank_test_score,nrmse
0,1574.937680721283,0.0,41.582581996917725,0.0,mad_scaling_clipping_channel_trial,power_phase_stft,Ridge,4328.7612810830615,FunctionTransformer(func=<function reshape at 0x7fb1ce140040>),RobustScaler(copy=False),,,,,,"{'first_scale': FunctionTransformer(func=<function mad_scaling_clipping_channel_trial at 0x7fb1ce0fbd80>), 'frequency': FunctionTransformer(func=<function power_phase_stft at 0x7fb1ce0fb6a0>), 'model': Ridge(solver='lsqr'), 'model__alpha': 4328.7612810830615, 'reshape': FunctionTransformer(func=<function reshape at 0x7fb1ce140040>), 'second_scale': RobustScaler(copy=False)}",-0.2385212072800873,-0.2385212072800873,0.0,2,1.1128886769484572
1,3499.5144975185394,0.0,45.19476127624512,0.0,mad_scaling_clipping_channel_trial,power_phase_stft,HistGradientBoostingRegressor,,FunctionTransformer(func=<function reshape at 0x7fb1ce140040>),RobustScaler(copy=False),0.001,0.05,0.1,31.0,20.0,"{'first_scale': FunctionTransformer(func=<function mad_scaling_clipping_channel_trial at 0x7fb1ce0fbd80>), 'frequency': FunctionTransformer(func=<function power_phase_stft at 0x7fb1ce0fb6a0>), 'model': HistGradientBoostingRegressor(early_stopping=True, max_iter=300,
                              n_iter_no_change=15, random_state=42,
                              scoring=None), 'model__l2_regularization': 0.001, 'model__learning_rate': 0.05, 'model__max_features': 0.1, 'model__max_leaf_nodes': 31, 'model__min_samples_leaf': 20, 'reshape': FunctionTransformer(func=<function reshape at 0x7fb1ce140040>), 'second_scale': RobustScaler(copy=False)}",0.09445891400144057,0.09445891400144057,0.0,1,0.9515992255138501
0,428.40475821495056,0.0,53.97145938873291,0.0,mad_scaling_clipping_trial_time,power_phase_stft,Ridge,100000000.0,FunctionTransformer(func=<function reshape at 0x7fb1ce140040>),passthrough,,,,,,"{'first_scale': FunctionTransformer(func=<function mad_scaling_clipping_trial_time at 0x7fb1ce0fbe20>), 'frequency': FunctionTransformer(func=<function power_phase_stft at 0x7fb1ce0fb6a0>), 'model': Ridge(solver='lsqr'), 'model__alpha': 100000000.0, 'reshape': FunctionTransformer(func=<function reshape at 0x7fb1ce140040>), 'second_scale': 'passthrough'}",0.016183154522046883,0.016183154522046883,0.0,2,0.9918754183252819
1,4709.555158138275,0.0,59.97885870933533,0.0,mad_scaling_clipping_trial_time,power_phase_stft,HistGradientBoostingRegressor,,FunctionTransformer(func=<function reshape at 0x7fb1ce140040>),passthrough,0.0,0.05,0.2,63.0,20.0,"{'first_scale': FunctionTransformer(func=<function mad_scaling_clipping_trial_time at 0x7fb1ce0fbe20>), 'frequency': FunctionTransformer(func=<function power_phase_stft at 0x7fb1ce0fb6a0>), 'model': HistGradientBoostingRegressor(early_stopping=True, max_iter=300,
                              n_iter_no_change=15, random_state=42,
                              scoring=None), 'model__l2_regularization': 0.0, 'model__learning_rate': 0.05, 'model__max_features': 0.2, 'model__max_leaf_nodes': 63, 'model__min_samples_leaf': 20, 'reshape': FunctionTransformer(func=<function reshape at 0x7fb1ce140040>), 'second_scale': 'passthrough'}",0.09879089615325087,0.09879089615325087,0.0,1,0.9493203378453182
0,1372.1132819652557,0.0,50.34310460090637,0.0,mad_scaling_clipping_channel_trial,power_phase_stft,Ridge,1e-08,FunctionTransformer(func=<function reshape at 0x7fb1ce140040>),passthrough,,,,,,"{'first_scale': FunctionTransformer(func=<function mad_scaling_clipping_channel_trial at 0x7fb1ce0fbd80>), 'frequency': FunctionTransformer(func=<function power_phase_stft at 0x7fb1ce0fb6a0>), 'model': Ridge(solver='lsqr'), 'model__alpha': 1e-08, 'reshape': FunctionTransformer(func=<function reshape at 0x7fb1ce140040>), 'second_scale': 'passthrough'}",-0.7120834903392328,-0.7120834903392328,0.0,2,1.3084660829915435
1,2956.314136981964,0.0,55.353740215301514,0.0,mad_scaling_clipping_channel_trial,power_phase_stft,HistGradientBoostingRegressor,,FunctionTransformer(func=<function reshape at 0x7fb1ce140040>),passthrough,0.0,0.1,0.05,31.0,20.0,"{'first_scale': FunctionTransformer(func=<function mad_scaling_clipping_channel_trial at 0x7fb1ce0fbd80>), 'frequency': FunctionTransformer(func=<function power_phase_stft at 0x7fb1ce0fb6a0>), 'model': HistGradientBoostingRegressor(early_stopping=True, max_iter=300,
                              n_iter_no_change=15, random_state=42,
                              scoring=None), 'model__l2_regularization': 0.0, 'model__learning_rate': 0.1, 'model__max_features': 0.05, 'model__max_leaf_nodes': 31, 'model__min_samples_leaf': 20, 'reshape': FunctionTransformer(func=<function reshape at 0x7fb1ce140040>), 'second_scale': 'passthrough'}",0.08592040728912209,0.08592040728912209,0.0,1,0.9560750978405818
0,1071.2362611293793,0.0,43.063477516174316,0.0,mad_scaling_clipping_channel_trial,power_phase_stft,Ridge,100000000.0,FunctionTransformer(func=<function reshape at 0x7fb1ce140040>),RobustScaler(copy=False),,,,,,"{'first_scale': FunctionTransformer(func=<function mad_scaling_clipping_channel_trial at 0x7fb1ce0fbd80>), 'frequency': FunctionTransformer(func=<function power_phase_stft at 0x7fb1ce0fb6a0>), 'model': Ridge(solver='lsqr'), 'model__alpha': 100000000.0, 'reshape': FunctionTransformer(func=<function reshape at 0x7fb1ce140040>), 'second_scale': RobustScaler(copy=False)}",0.011642267350946423,0.011642267350946423,0.0,2,0.9941618241760511
1,4652.985646247864,0.0,48.09508156776428,0.0,mad_scaling_clipping_channel_trial,power_phase_stft,HistGradientBoostingRegressor,,FunctionTransformer(func=<function reshape at 0x7fb1ce140040>),RobustScaler(copy=False),0.001,0.05,0.2,63.0,20.0,"{'first_scale': FunctionTransformer(func=<function mad_scaling_clipping_channel_trial at 0x7fb1ce0fbd80>), 'frequency': FunctionTransformer(func=<function power_phase_stft at 0x7fb1ce0fb6a0>), 'model': HistGradientBoostingRegressor(early_stopping=True, max_iter=300,
                              n_iter_no_change=15, random_state=42,
                              scoring=None), 'model__l2_regularization': 0.001, 'model__learning_rate': 0.05, 'model__max_features': 0.2, 'model__max_leaf_nodes': 63, 'model__min_samples_leaf': 20, 'reshape': FunctionTransformer(func=<function reshape at 0x7fb1ce140040>), 'second_scale': RobustScaler(copy=False)}",0.09369964558541288,0.09369964558541288,0.0,1,0.9519980852998535
0,3959.768653154373,0.0,50.07077693939209,0.0,passthrough,power_phase_stft,HistGradientBoostingRegressor,,FunctionTransformer(func=<function reshape at 0x7fb1ce140040>),RobustScaler(copy=False),0.0,0.05,0.2,31.0,20.0,"{'first_scale': 'passthrough', 'frequency': FunctionTransformer(func=<function power_phase_stft at 0x7fb1ce0fb6a0>), 'model': HistGradientBoostingRegressor(early_stopping=True, max_iter=300,
                              n_iter_no_change=15, random_state=42,
                              scoring=None), 'model__l2_regularization': 0.0, 'model__learning_rate': 0.05, 'model__max_features': 0.2, 'model__max_leaf_nodes': 31, 'model__min_samples_leaf': 20, 'reshape': FunctionTransformer(func=<function reshape at 0x7fb1ce140040>), 'second_scale': RobustScaler(copy=False)}",0.09869100124771346,0.09869100124771346,0.0,1,0.9493729502952392
1,3946.1807255744934,0.0,70.92473840713501,0.0,mad_scaling_clipping_trial_time,power_phase_stft,HistGradientBoostingRegressor,,FunctionTransformer(func=<function reshape at 0x7fb1ce140040>),RobustScaler(copy=False),0.0,0.1,0.2,31.0,20.0,"{'first_scale': FunctionTransformer(func=<function mad_scaling_clipping_trial_time at 0x7fb1ce0fbe20>), 'frequency': FunctionTransformer(func=<function power_phase_stft at 0x7fb1ce0fb6a0>), 'model': HistGradientBoostingRegressor(early_stopping=True, max_iter=300,
                              n_iter_no_change=15, random_state=42,
                              scoring=None), 'model__l2_regularization': 0.0, 'model__learning_rate': 0.1, 'model__max_features': 0.2, 'model__max_leaf_nodes': 31, 'model__min_samples_leaf': 20, 'reshape': FunctionTransformer(func=<function reshape at 0x7fb1ce140040>), 'second_scale': RobustScaler(copy=False)}",0.0859939750843286,0.0859939750843286,0.0,2,0.9560366232083745
0,321.42002987861633,0.0,33.19048523902893,0.0,passthrough,power_phase_stft,Ridge,123284.67394420685,FunctionTransformer(func=<function reshape at 0x7fb1ce140040>),passthrough,,,,,,"{'first_scale': 'passthrough', 'frequency': FunctionTransformer(func=<function power_phase_stft at 0x7fb1ce0fb6a0>), 'model': Ridge(solver='lsqr'), 'model__alpha': 123284.67394420685, 'reshape': FunctionTransformer(func=<function reshape at 0x7fb1ce140040>), 'second_scale': 'passthrough'}",-0.0005311072872016265,-0.0005311072872016265,0.0,2,1.0002655183935922
1,5051.17648768425,0.0,59.54565215110779,0.0,mad_scaling_clipping_channel_trial,power_phase_stft,HistGradientBoostingRegressor,,FunctionTransformer(func=<function reshape at 0x7fb1ce140040>),passthrough,0.0,0.05,0.1,63.0,20.0,"{'first_scale': FunctionTransformer(func=<function mad_scaling_clipping_channel_trial at 0x7fb1ce0fbd80>), 'frequency': FunctionTransformer(func=<function power_phase_stft at 0x7fb1ce0fb6a0>), 'model': HistGradientBoostingRegressor(early_stopping=True, max_iter=300,
                              n_iter_no_change=15, random_state=42,
                              scoring=None), 'model__l2_regularization': 0.0, 'model__learning_rate': 0.05, 'model__max_features': 0.1, 'model__max_leaf_nodes': 63, 'model__min_samples_leaf': 20, 'reshape': FunctionTransformer(func=<function reshape at 0x7fb1ce140040>), 'second_scale': 'passthrough'}",0.09307340676679243,0.09307340676679243,0.0,1,0.9523269361060872
0,4069.8171224594116,0.0,50.30017423629761,0.0,passthrough,power_phase_stft,HistGradientBoostingRegressor,,FunctionTransformer(func=<function reshape at 0x7fb1ce140040>),RobustScaler(copy=False),0.0,0.1,0.05,31.0,20.0,"{'first_scale': 'passthrough', 'frequency': FunctionTransformer(func=<function power_phase_stft at 0x7fb1ce0fb6a0>), 'model': HistGradientBoostingRegressor(early_stopping=True, max_iter=300,
                              n_iter_no_change=15, random_state=42,
                              scoring=None), 'model__l2_regularization': 0.0, 'model__learning_rate': 0.1, 'model__max_features': 0.05, 'model__max_leaf_nodes': 31, 'model__min_samples_leaf': 20, 'reshape': FunctionTransformer(func=<function reshape at 0x7fb1ce140040>), 'second_scale': RobustScaler(copy=False)}",0.09110487408530443,0.09110487408530443,0.0,2,0.9533599141534616
1,4093.865364074707,0.0,69.02897047996521,0.0,mad_scaling_clipping_trial_time,power_phase_stft,HistGradientBoostingRegressor,,FunctionTransformer(func=<function reshape at 0x7fb1ce140040>),RobustScaler(copy=False),0.001,0.05,0.05,31.0,20.0,"{'first_scale': FunctionTransformer(func=<function mad_scaling_clipping_trial_time at 0x7fb1ce0fbe20>), 'frequency': FunctionTransformer(func=<function power_phase_stft at 0x7fb1ce0fb6a0>), 'model': HistGradientBoostingRegressor(early_stopping=True, max_iter=300,
                              n_iter_no_change=15, random_state=42,
                              scoring=None), 'model__l2_regularization': 0.001, 'model__learning_rate': 0.05, 'model__max_features': 0.05, 'model__max_leaf_nodes': 31, 'model__min_samples_leaf': 20, 'reshape': FunctionTransformer(func=<function reshape at 0x7fb1ce140040>), 'second_scale': RobustScaler(copy=False)}",0.09393003950237988,0.09393003950237988,0.0,1,0.9518770721567046
0,351.0344429016113,0.0,30.848869800567627,0.0,passthrough,power_phase_stft,Ridge,4328.7612810830615,FunctionTransformer(func=<function reshape at 0x7fb1ce140040>),passthrough,,,,,,"{'first_scale': 'passthrough', 'frequency': FunctionTransformer(func=<function power_phase_stft at 0x7fb1ce0fb6a0>), 'model': Ridge(solver='lsqr'), 'model__alpha': 4328.7612810830615, 'reshape': FunctionTransformer(func=<function reshape at 0x7fb1ce140040>), 'second_scale': 'passthrough'}",-0.27489446021667074,-0.27489446021667074,0.0,2,1.1291122442949022
1,3125.6713263988495,0.0,54.30551314353943,0.0,mad_scaling_clipping_channel_trial,power_phase_stft,HistGradientBoostingRegressor,,FunctionTransformer(func=<function reshape at 0x7fb1ce140040>),passthrough,0.0,0.05,0.1,31.0,20.0,"{'first_scale': FunctionTransformer(func=<function mad_scaling_clipping_channel_trial at 0x7fb1ce0fbd80>), 'frequency': FunctionTransformer(func=<function power_phase_stft at 0x7fb1ce0fb6a0>), 'model': HistGradientBoostingRegressor(early_stopping=True, max_iter=300,
                              n_iter_no_change=15, random_state=42,
                              scoring=None), 'model__l2_regularization': 0.0, 'model__learning_rate': 0.05, 'model__max_features': 0.1, 'model__max_leaf_nodes': 31, 'model__min_samples_leaf': 20, 'reshape': FunctionTransformer(func=<function reshape at 0x7fb1ce140040>), 'second_scale': 'passthrough'}",0.09720093092442561,0.09720093092442561,0.0,1,0.9501573917386394
0,1958.5452313423157,0.0,45.76799130439758,0.0,mad_scaling_clipping_trial_time,power_phase_stft,Ridge,0.0002310129700083158,FunctionTransformer(func=<function reshape at 0x7fb1ce140040>),RobustScaler(copy=False),,,,,,"{'first_scale': FunctionTransformer(func=<function mad_scaling_clipping_trial_time at 0x7fb1ce0fbe20>), 'frequency': FunctionTransformer(func=<function power_phase_stft at 0x7fb1ce0fb6a0>), 'model': Ridge(solver='lsqr'), 'model__alpha': 0.0002310129700083158, 'reshape': FunctionTransformer(func=<function reshape at 0x7fb1ce140040>), 'second_scale': RobustScaler(copy=False)}",-1.6077784394908883,-1.6077784394908883,0.0,2,1.614861740054203
1,3806.037995815277,0.0,50.07216238975525,0.0,mad_scaling_clipping_channel_trial,power_phase_stft,HistGradientBoostingRegressor,,FunctionTransformer(func=<function reshape at 0x7fb1ce140040>),RobustScaler(copy=False),0.001,0.1,0.1,63.0,20.0,"{'first_scale': FunctionTransformer(func=<function mad_scaling_clipping_channel_trial at 0x7fb1ce0fbd80>), 'frequency': FunctionTransformer(func=<function power_phase_stft at 0x7fb1ce0fb6a0>), 'model': HistGradientBoostingRegressor(early_stopping=True, max_iter=300,
                              n_iter_no_change=15, random_state=42,
                              scoring=None), 'model__l2_regularization': 0.001, 'model__learning_rate': 0.1, 'model__max_features': 0.1, 'model__max_leaf_nodes': 63, 'model__min_samples_leaf': 20, 'reshape': FunctionTransformer(func=<function reshape at 0x7fb1ce140040>), 'second_scale': RobustScaler(copy=False)}",0.0799215127644326,0.0799215127644326,0.0,1,0.959207218089797
0,1995.6914217472076,0.0,22.426644563674927,0.0,passthrough,power_phase_stft,HistGradientBoostingRegressor,,FunctionTransformer(func=<function reshape at 0x7fb1ce140040>),passthrough,0.001,0.05,0.2,31.0,20.0,"{'first_scale': 'passthrough', 'frequency': FunctionTransformer(func=<function power_phase_stft at 0x7fb1ce0fb6a0>), 'model': HistGradientBoostingRegressor(early_stopping=True, max_iter=300,
                              n_iter_no_change=15, random_state=42,
                              scoring=None), 'model__l2_regularization': 0.001, 'model__learning_rate': 0.05, 'model__max_features': 0.2, 'model__max_leaf_nodes': 31, 'model__min_samples_leaf': 20, 'reshape': FunctionTransformer(func=<function reshape at 0x7fb1ce140040>), 'second_scale': 'passthrough'}",0.09794048940467315,0.09794048940467315,0.0,1,0.9497681351758054
1,2148.1497027873993,0.0,40.57290005683899,0.0,mad_scaling_clipping_trial_time,power_phase_stft,HistGradientBoostingRegressor,,FunctionTransformer(func=<function reshape at 0x7fb1ce140040>),passthrough,0.001,0.1,0.2,31.0,20.0,"{'first_scale': FunctionTransformer(func=<function mad_scaling_clipping_trial_time at 0x7fb1ce0fbe20>), 'frequency': FunctionTransformer(func=<function power_phase_stft at 0x7fb1ce0fb6a0>), 'model': HistGradientBoostingRegressor(early_stopping=True, max_iter=300,
                              n_iter_no_change=15, random_state=42,
                              scoring=None), 'model__l2_regularization': 0.001, 'model__learning_rate': 0.1, 'model__max_features': 0.2, 'model__max_leaf_nodes': 31, 'model__min_samples_leaf': 20, 'reshape': FunctionTransformer(func=<function reshape at 0x7fb1ce140040>), 'second_scale': 'passthrough'}",0.08779337050339409,0.08779337050339409,0.0,2,0.9550950892432679
0,1850.7715256214142,0.0,63.585347175598145,0.0,mad_scaling_clipping_channel_trial,power_phase_stft,Ridge,0.0002310129700083158,FunctionTransformer(func=<function reshape at 0x7fb1ce140040>),passthrough,,,,,,"{'first_scale': FunctionTransformer(func=<function mad_scaling_clipping_channel_trial at 0x7fb1ce0fbd80>), 'frequency': FunctionTransformer(func=<function power_phase_stft at 0x7fb1ce0fb6a0>), 'model': Ridge(solver='lsqr'), 'model__alpha': 0.0002310129700083158, 'reshape': FunctionTransformer(func=<function reshape at 0x7fb1ce140040>), 'second_scale': 'passthrough'}",-0.7131413323285172,-0.7131413323285172,0.0,2,1.3088702503795084
1,5202.477298259735,0.0,72.42559814453125,0.0,mad_scaling_clipping_channel_trial,power_phase_stft,HistGradientBoostingRegressor,,FunctionTransformer(func=<function reshape at 0x7fb1ce140040>),passthrough,0.0,0.1,0.1,63.0,20.0,"{'first_scale': FunctionTransformer(func=<function mad_scaling_clipping_channel_trial at 0x7fb1ce0fbd80>), 'frequency': FunctionTransformer(func=<function power_phase_stft at 0x7fb1ce0fb6a0>), 'model': HistGradientBoostingRegressor(early_stopping=True, max_iter=300,
                              n_iter_no_change=15, random_state=42,
                              scoring=None), 'model__l2_regularization': 0.0, 'model__learning_rate': 0.1, 'model__max_features': 0.1, 'model__max_leaf_nodes': 63, 'model__min_samples_leaf': 20, 'reshape': FunctionTransformer(func=<function reshape at 0x7fb1ce140040>), 'second_scale': 'passthrough'}",0.08383886269296681,0.08383886269296681,0.0,1,0.9571630672497937
0,1072.7158608436584,0.0,57.760234117507935,0.0,mad_scaling_clipping_trial_time,power_phase_stft,Ridge,3511191.7342151417,FunctionTransformer(func=<function reshape at 0x7fb1ce140040>),RobustScaler(copy=False),,,,,,"{'first_scale': FunctionTransformer(func=<function mad_scaling_clipping_trial_time at 0x7fb1ce0fbe20>), 'frequency': FunctionTransformer(func=<function power_phase_stft at 0x7fb1ce0fb6a0>), 'model': Ridge(solver='lsqr'), 'model__alpha': 3511191.7342151417, 'reshape': FunctionTransformer(func=<function reshape at 0x7fb1ce140040>), 'second_scale': RobustScaler(copy=False)}",0.057287048389282,0.057287048389282,0.0,2,0.970934061412369
1,4529.25510430336,0.0,72.79625296592712,0.0,mad_scaling_clipping_trial_time,power_phase_stft,HistGradientBoostingRegressor,,FunctionTransformer(func=<function reshape at 0x7fb1ce140040>),RobustScaler(copy=False),0.0,0.05,0.2,31.0,20.0,"{'first_scale': FunctionTransformer(func=<function mad_scaling_clipping_trial_time at 0x7fb1ce0fbe20>), 'frequency': FunctionTransformer(func=<function power_phase_stft at 0x7fb1ce0fb6a0>), 'model': HistGradientBoostingRegressor(early_stopping=True, max_iter=300,
                              n_iter_no_change=15, random_state=42,
                              scoring=None), 'model__l2_regularization': 0.0, 'model__learning_rate': 0.05, 'model__max_features': 0.2, 'model__max_leaf_nodes': 31, 'model__min_samples_leaf': 20, 'reshape': FunctionTransformer(func=<function reshape at 0x7fb1ce140040>), 'second_scale': RobustScaler(copy=False)}",0.09517833337126091,0.09517833337126091,0.0,1,0.9512211449651122
0,2261.6166059970856,0.0,40.503392696380615,0.0,mad_scaling_clipping_trial_time,power_phase_stft,Ridge,2.848035868435805e-07,FunctionTransformer(func=<function reshape at 0x7fb1ce140040>),passthrough,,,,,,"{'first_scale': FunctionTransformer(func=<function mad_scaling_clipping_trial_time at 0x7fb1ce0fbe20>), 'frequency': FunctionTransformer(func=<function power_phase_stft at 0x7fb1ce0fb6a0>), 'model': Ridge(solver='lsqr'), 'model__alpha': 2.848035868435805e-07, 'reshape': FunctionTransformer(func=<function reshape at 0x7fb1ce140040>), 'second_scale': 'passthrough'}",-1.1074570804563169,-1.1074570804563169,0.0,2,1.4517083317444717
1,3554.1936461925507,0.0,46.71542143821716,0.0,mad_scaling_clipping_channel_trial,power_phase_stft,HistGradientBoostingRegressor,,FunctionTransformer(func=<function reshape at 0x7fb1ce140040>),passthrough,0.001,0.1,0.05,63.0,20.0,"{'first_scale': FunctionTransformer(func=<function mad_scaling_clipping_channel_trial at 0x7fb1ce0fbd80>), 'frequency': FunctionTransformer(func=<function power_phase_stft at 0x7fb1ce0fb6a0>), 'model': HistGradientBoostingRegressor(early_stopping=True, max_iter=300,
                              n_iter_no_change=15, random_state=42,
                              scoring=None), 'model__l2_regularization': 0.001, 'model__learning_rate': 0.1, 'model__max_features': 0.05, 'model__max_leaf_nodes': 63, 'model__min_samples_leaf': 20, 'reshape': FunctionTransformer(func=<function reshape at 0x7fb1ce140040>), 'second_scale': 'passthrough'}",0.07847530970477512,0.07847530970477512,0.0,1,0.9599607753940912
0,389.0627808570862,0.0,32.85801458358765,0.0,passthrough,power_phase_stft,Ridge,0.18738174228603868,FunctionTransformer(func=<function reshape at 0x7fb1ce140040>),passthrough,,,,,,"{'first_scale': 'passthrough', 'frequency': FunctionTransformer(func=<function power_phase_stft at 0x7fb1ce0fb6a0>), 'model': Ridge(solver='lsqr'), 'model__alpha': 0.18738174228603868, 'reshape': FunctionTransformer(func=<function reshape at 0x7fb1ce140040>), 'second_scale': 'passthrough'}",-0.33226973100120283,-0.33226973100120283,0.0,2,1.1542398931769786
1,4617.323389291763,0.0,37.625309228897095,0.0,passthrough,power_phase_stft,HistGradientBoostingRegressor,,FunctionTransformer(func=<function reshape at 0x7fb1ce140040>),passthrough,0.001,0.1,0.2,63.0,20.0,"{'first_scale': 'passthrough', 'frequency': FunctionTransformer(func=<function power_phase_stft at 0x7fb1ce0fb6a0>), 'model': HistGradientBoostingRegressor(early_stopping=True, max_iter=300,
                              n_iter_no_change=15, random_state=42,
                              scoring=None), 'model__l2_regularization': 0.001, 'model__learning_rate': 0.1, 'model__max_features': 0.2, 'model__max_leaf_nodes': 63, 'model__min_samples_leaf': 20, 'reshape': FunctionTransformer(func=<function reshape at 0x7fb1ce140040>), 'second_scale': 'passthrough'}",0.07989051824925764,0.07989051824925764,0.0,1,0.9592233742725114
0,349.0400013923645,0.0,30.328726768493652,0.0,passthrough,power_phase_stft,Ridge,1e-08,FunctionTransformer(func=<function reshape at 0x7fb1ce140040>),passthrough,,,,,,"{'first_scale': 'passthrough', 'frequency': FunctionTransformer(func=<function power_phase_stft at 0x7fb1ce0fb6a0>), 'model': Ridge(solver='lsqr'), 'model__alpha': 1e-08, 'reshape': FunctionTransformer(func=<function reshape at 0x7fb1ce140040>), 'second_scale': 'passthrough'}",-0.3323260431340833,-0.3323260431340833,0.0,2,1.1542642865193757
1,2786.88329410553,0.0,33.817200899124146,0.0,passthrough,power_phase_stft,HistGradientBoostingRegressor,,FunctionTransformer(func=<function reshape at 0x7fb1ce140040>),passthrough,0.001,0.1,0.05,31.0,20.0,"{'first_scale': 'passthrough', 'frequency': FunctionTransformer(func=<function power_phase_stft at 0x7fb1ce0fb6a0>), 'model': HistGradientBoostingRegressor(early_stopping=True, max_iter=300,
                              n_iter_no_change=15, random_state=42,
                              scoring=None), 'model__l2_regularization': 0.001, 'model__learning_rate': 0.1, 'model__max_features': 0.05, 'model__max_leaf_nodes': 31, 'model__min_samples_leaf': 20, 'reshape': FunctionTransformer(func=<function reshape at 0x7fb1ce140040>), 'second_scale': 'passthrough'}",0.09214626047024588,0.09214626047024588,0.0,1,0.9528135911760254
0,389.5472991466522,0.0,29.686237573623657,0.0,passthrough,power_phase_stft,Ridge,151.99110829529332,FunctionTransformer(func=<function reshape at 0x7fb1ce140040>),passthrough,,,,,,"{'first_scale': 'passthrough', 'frequency': FunctionTransformer(func=<function power_phase_stft at 0x7fb1ce0fb6a0>), 'model': Ridge(solver='lsqr'), 'model__alpha': 151.99110829529332, 'reshape': FunctionTransformer(func=<function reshape at 0x7fb1ce140040>), 'second_scale': 'passthrough'}",-0.32990055294259624,-0.32990055294259624,0.0,2,1.1532131428936268
1,4415.589362859726,0.0,53.75768065452576,0.0,mad_scaling_clipping_channel_trial,power_phase_stft,HistGradientBoostingRegressor,,FunctionTransformer(func=<function reshape at 0x7fb1ce140040>),passthrough,0.0,0.05,0.05,63.0,20.0,"{'first_scale': FunctionTransformer(func=<function mad_scaling_clipping_channel_trial at 0x7fb1ce0fbd80>), 'frequency': FunctionTransformer(func=<function power_phase_stft at 0x7fb1ce0fb6a0>), 'model': HistGradientBoostingRegressor(early_stopping=True, max_iter=300,
                              n_iter_no_change=15, random_state=42,
                              scoring=None), 'model__l2_regularization': 0.0, 'model__learning_rate': 0.05, 'model__max_features': 0.05, 'model__max_leaf_nodes': 63, 'model__min_samples_leaf': 20, 'reshape': FunctionTransformer(func=<function reshape at 0x7fb1ce140040>), 'second_scale': 'passthrough'}",0.09446178022067486,0.09446178022067486,0.0,1,0.9515977195114147
0,1569.6598510742188,0.0,34.437395334243774,0.0,passthrough,power_phase_stft,Ridge,123284.67394420685,FunctionTransformer(func=<function reshape at 0x7fb1ce140040>),RobustScaler(copy=False),,,,,,"{'first_scale': 'passthrough', 'frequency': FunctionTransformer(func=<function power_phase_stft at 0x7fb1ce0fb6a0>), 'model': Ridge(solver='lsqr'), 'model__alpha': 123284.67394420685, 'reshape': FunctionTransformer(func=<function reshape at 0x7fb1ce140040>), 'second_scale': RobustScaler(copy=False)}",-11.97657167503812,-11.97657167503812,0.0,2,3.602300886244529
1,5033.896294116974,0.0,57.43025803565979,0.0,mad_scaling_clipping_channel_trial,power_phase_stft,HistGradientBoostingRegressor,,FunctionTransformer(func=<function reshape at 0x7fb1ce140040>),RobustScaler(copy=False),0.0,0.05,0.1,63.0,20.0,"{'first_scale': FunctionTransformer(func=<function mad_scaling_clipping_channel_trial at 0x7fb1ce0fbd80>), 'frequency': FunctionTransformer(func=<function power_phase_stft at 0x7fb1ce0fb6a0>), 'model': HistGradientBoostingRegressor(early_stopping=True, max_iter=300,
                              n_iter_no_change=15, random_state=42,
                              scoring=None), 'model__l2_regularization': 0.0, 'model__learning_rate': 0.05, 'model__max_features': 0.1, 'model__max_leaf_nodes': 63, 'model__min_samples_leaf': 20, 'reshape': FunctionTransformer(func=<function reshape at 0x7fb1ce140040>), 'second_scale': RobustScaler(copy=False)}",0.0941411094243293,0.0941411094243293,0.0,1,0.9517661953314326
0,429.9772720336914,0.0,49.89548683166504,0.0,mad_scaling_clipping_trial_time,power_phase_stft,Ridge,123284.67394420685,FunctionTransformer(func=<function reshape at 0x7fb1ce140040>),passthrough,,,,,,"{'first_scale': FunctionTransformer(func=<function mad_scaling_clipping_trial_time at 0x7fb1ce0fbe20>), 'frequency': FunctionTransformer(func=<function power_phase_stft at 0x7fb1ce0fb6a0>), 'model': Ridge(solver='lsqr'), 'model__alpha': 123284.67394420685, 'reshape': FunctionTransformer(func=<function reshape at 0x7fb1ce140040>), 'second_scale': 'passthrough'}",0.00040743833553025244,0.00040743833553025244,0.0,2,0.9997962600772569
1,4669.18727684021,0.0,59.31380224227905,0.0,mad_scaling_clipping_trial_time,power_phase_stft,HistGradientBoostingRegressor,,FunctionTransformer(func=<function reshape at 0x7fb1ce140040>),passthrough,0.0,0.05,0.1,63.0,20.0,"{'first_scale': FunctionTransformer(func=<function mad_scaling_clipping_trial_time at 0x7fb1ce0fbe20>), 'frequency': FunctionTransformer(func=<function power_phase_stft at 0x7fb1ce0fb6a0>), 'model': HistGradientBoostingRegressor(early_stopping=True, max_iter=300,
                              n_iter_no_change=15, random_state=42,
                              scoring=None), 'model__l2_regularization': 0.0, 'model__learning_rate': 0.05, 'model__max_features': 0.1, 'model__max_leaf_nodes': 63, 'model__min_samples_leaf': 20, 'reshape': FunctionTransformer(func=<function reshape at 0x7fb1ce140040>), 'second_scale': 'passthrough'}",0.09516773565928083,0.09516773565928083,0.0,1,0.9512267155314338
0,1211.4669818878174,0.0,56.74651527404785,0.0,mad_scaling_clipping_trial_time,power_phase_stft,Ridge,123284.67394420685,FunctionTransformer(func=<function reshape at 0x7fb1ce140040>),RobustScaler(copy=False),,,,,,"{'first_scale': FunctionTransformer(func=<function mad_scaling_clipping_trial_time at 0x7fb1ce0fbe20>), 'frequency': FunctionTransformer(func=<function power_phase_stft at 0x7fb1ce0fb6a0>), 'model': Ridge(solver='lsqr'), 'model__alpha': 123284.67394420685, 'reshape': FunctionTransformer(func=<function reshape at 0x7fb1ce140040>), 'second_scale': RobustScaler(copy=False)}",0.06083706582462467,0.06083706582462467,0.0,2,0.9691041915993219
1,5536.452308416367,0.0,64.88939309120178,0.0,mad_scaling_clipping_trial_time,power_phase_stft,HistGradientBoostingRegressor,,FunctionTransformer(func=<function reshape at 0x7fb1ce140040>),RobustScaler(copy=False),0.0,0.05,0.1,63.0,20.0,"{'first_scale': FunctionTransformer(func=<function mad_scaling_clipping_trial_time at 0x7fb1ce0fbe20>), 'frequency': FunctionTransformer(func=<function power_phase_stft at 0x7fb1ce0fb6a0>), 'model': HistGradientBoostingRegressor(early_stopping=True, max_iter=300,
                              n_iter_no_change=15, random_state=42,
                              scoring=None), 'model__l2_regularization': 0.0, 'model__learning_rate': 0.05, 'model__max_features': 0.1, 'model__max_leaf_nodes': 63, 'model__min_samples_leaf': 20, 'reshape': FunctionTransformer(func=<function reshape at 0x7fb1ce140040>), 'second_scale': RobustScaler(copy=False)}",0.09280392723246267,0.09280392723246267,0.0,1,0.9524684103777602
0,5282.268627643585,0.0,48.22170662879944,0.0,passthrough,power_phase_stft,HistGradientBoostingRegressor,,FunctionTransformer(func=<function reshape at 0x7fb1ce140040>),passthrough,0.0,0.05,0.1,63.0,20.0,"{'first_scale': 'passthrough', 'frequency': FunctionTransformer(func=<function power_phase_stft at 0x7fb1ce0fb6a0>), 'model': HistGradientBoostingRegressor(early_stopping=True, max_iter=300,
                              n_iter_no_change=15, random_state=42,
                              scoring=None), 'model__l2_regularization': 0.0, 'model__learning_rate': 0.05, 'model__max_features': 0.1, 'model__max_leaf_nodes': 63, 'model__min_samples_leaf': 20, 'reshape': FunctionTransformer(func=<function reshape at 0x7fb1ce140040>), 'second_scale': 'passthrough'}",0.09643068381179332,0.09643068381179332,0.0,1,0.9505626313863841
1,5224.4681577682495,0.0,70.25682973861694,0.0,mad_scaling_clipping_trial_time,power_phase_stft,HistGradientBoostingRegressor,,FunctionTransformer(func=<function reshape at 0x7fb1ce140040>),passthrough,0.0,0.1,0.1,63.0,20.0,"{'first_scale': FunctionTransformer(func=<function mad_scaling_clipping_trial_time at 0x7fb1ce0fbe20>), 'frequency': FunctionTransformer(func=<function power_phase_stft at 0x7fb1ce0fb6a0>), 'model': HistGradientBoostingRegressor(early_stopping=True, max_iter=300,
                              n_iter_no_change=15, random_state=42,
                              scoring=None), 'model__l2_regularization': 0.0, 'model__learning_rate': 0.1, 'model__max_features': 0.1, 'model__max_leaf_nodes': 63, 'model__min_samples_leaf': 20, 'reshape': FunctionTransformer(func=<function reshape at 0x7fb1ce140040>), 'second_scale': 'passthrough'}",0.0774645245361717,0.0774645245361717,0.0,2,0.960487103226185
0,1279.6754968166351,0.0,49.01914572715759,0.0,mad_scaling_clipping_channel_trial,power_phase_stft,Ridge,2.848035868435805e-07,FunctionTransformer(func=<function reshape at 0x7fb1ce140040>),passthrough,,,,,,"{'first_scale': FunctionTransformer(func=<function mad_scaling_clipping_channel_trial at 0x7fb1ce0fbd80>), 'frequency': FunctionTransformer(func=<function power_phase_stft at 0x7fb1ce0fb6a0>), 'model': Ridge(solver='lsqr'), 'model__alpha': 2.848035868435805e-07, 'reshape': FunctionTransformer(func=<function reshape at 0x7fb1ce140040>), 'second_scale': 'passthrough'}",-0.7122102714598981,-0.7122102714598981,0.0,2,1.308514528562789
1,4209.3152441978455,0.0,55.912968158721924,0.0,mad_scaling_clipping_channel_trial,power_phase_stft,HistGradientBoostingRegressor,,FunctionTransformer(func=<function reshape at 0x7fb1ce140040>),passthrough,0.0,0.1,0.05,63.0,20.0,"{'first_scale': FunctionTransformer(func=<function mad_scaling_clipping_channel_trial at 0x7fb1ce0fbd80>), 'frequency': FunctionTransformer(func=<function power_phase_stft at 0x7fb1ce0fb6a0>), 'model': HistGradientBoostingRegressor(early_stopping=True, max_iter=300,
                              n_iter_no_change=15, random_state=42,
                              scoring=None), 'model__l2_regularization': 0.0, 'model__learning_rate': 0.1, 'model__max_features': 0.05, 'model__max_leaf_nodes': 63, 'model__min_samples_leaf': 20, 'reshape': FunctionTransformer(func=<function reshape at 0x7fb1ce140040>), 'second_scale': 'passthrough'}",0.07789200256320283,0.07789200256320283,0.0,1,0.9602645455481511
0,4667.003868341446,0.0,39.11888647079468,0.0,passthrough,power_phase_stft,HistGradientBoostingRegressor,,FunctionTransformer(func=<function reshape at 0x7fb1ce140040>),passthrough,0.0,0.05,0.05,63.0,20.0,"{'first_scale': 'passthrough', 'frequency': FunctionTransformer(func=<function power_phase_stft at 0x7fb1ce0fb6a0>), 'model': HistGradientBoostingRegressor(early_stopping=True, max_iter=300,
                              n_iter_no_change=15, random_state=42,
                              scoring=None), 'model__l2_regularization': 0.0, 'model__learning_rate': 0.05, 'model__max_features': 0.05, 'model__max_leaf_nodes': 63, 'model__min_samples_leaf': 20, 'reshape': FunctionTransformer(func=<function reshape at 0x7fb1ce140040>), 'second_scale': 'passthrough'}",0.09917153742586537,0.09917153742586537,0.0,1,0.9491198357289424
1,4484.31339931488,0.0,61.34388303756714,0.0,mad_scaling_clipping_trial_time,power_phase_stft,HistGradientBoostingRegressor,,FunctionTransformer(func=<function reshape at 0x7fb1ce140040>),passthrough,0.0,0.1,0.05,63.0,20.0,"{'first_scale': FunctionTransformer(func=<function mad_scaling_clipping_trial_time at 0x7fb1ce0fbe20>), 'frequency': FunctionTransformer(func=<function power_phase_stft at 0x7fb1ce0fb6a0>), 'model': HistGradientBoostingRegressor(early_stopping=True, max_iter=300,
                              n_iter_no_change=15, random_state=42,
                              scoring=None), 'model__l2_regularization': 0.0, 'model__learning_rate': 0.1, 'model__max_features': 0.05, 'model__max_leaf_nodes': 63, 'model__min_samples_leaf': 20, 'reshape': FunctionTransformer(func=<function reshape at 0x7fb1ce140040>), 'second_scale': 'passthrough'}",0.07633735910626138,0.07633735910626138,0.0,2,0.9610736917082574
0,1182.3312270641327,0.0,40.24740791320801,0.0,mad_scaling_clipping_trial_time,power_phase_stft,Ridge,0.18738174228603868,FunctionTransformer(func=<function reshape at 0x7fb1ce140040>),RobustScaler(copy=False),,,,,,"{'first_scale': FunctionTransformer(func=<function mad_scaling_clipping_trial_time at 0x7fb1ce0fbe20>), 'frequency': FunctionTransformer(func=<function power_phase_stft at 0x7fb1ce0fb6a0>), 'model': Ridge(solver='lsqr'), 'model__alpha': 0.18738174228603868, 'reshape': FunctionTransformer(func=<function reshape at 0x7fb1ce140040>), 'second_scale': RobustScaler(copy=False)}",-1.6190050587574207,-1.6190050587574207,0.0,2,1.6183340380642746
1,3235.052395582199,0.0,44.66561937332153,0.0,mad_scaling_clipping_channel_trial,power_phase_stft,HistGradientBoostingRegressor,,FunctionTransformer(func=<function reshape at 0x7fb1ce140040>),RobustScaler(copy=False),0.001,0.1,0.2,63.0,20.0,"{'first_scale': FunctionTransformer(func=<function mad_scaling_clipping_channel_trial at 0x7fb1ce0fbd80>), 'frequency': FunctionTransformer(func=<function power_phase_stft at 0x7fb1ce0fb6a0>), 'model': HistGradientBoostingRegressor(early_stopping=True, max_iter=300,
                              n_iter_no_change=15, random_state=42,
                              scoring=None), 'model__l2_regularization': 0.001, 'model__learning_rate': 0.1, 'model__max_features': 0.2, 'model__max_leaf_nodes': 63, 'model__min_samples_leaf': 20, 'reshape': FunctionTransformer(func=<function reshape at 0x7fb1ce140040>), 'second_scale': RobustScaler(copy=False)}",0.07899511276525373,0.07899511276525373,0.0,1,0.9596899953811888
0,2782.906362771988,0.0,84.03625440597534,0.0,mad_scaling_clipping_channel_trial,power_phase_stft,Ridge,123284.67394420685,FunctionTransformer(func=<function reshape at 0x7fb1ce140040>),RobustScaler(copy=False),,,,,,"{'first_scale': FunctionTransformer(func=<function mad_scaling_clipping_channel_trial at 0x7fb1ce0fbd80>), 'frequency': FunctionTransformer(func=<function power_phase_stft at 0x7fb1ce0fb6a0>), 'model': Ridge(solver='lsqr'), 'model__alpha': 123284.67394420685, 'reshape': FunctionTransformer(func=<function reshape at 0x7fb1ce140040>), 'second_scale': RobustScaler(copy=False)}",0.07406335351652782,0.07406335351652782,0.0,2,0.9622560191983588
1,10353.509291648865,0.0,94.33402943611145,0.0,mad_scaling_clipping_channel_trial,power_phase_stft,HistGradientBoostingRegressor,,FunctionTransformer(func=<function reshape at 0x7fb1ce140040>),RobustScaler(copy=False),0.001,0.05,0.1,63.0,20.0,"{'first_scale': FunctionTransformer(func=<function mad_scaling_clipping_channel_trial at 0x7fb1ce0fbd80>), 'frequency': FunctionTransformer(func=<function power_phase_stft at 0x7fb1ce0fb6a0>), 'model': HistGradientBoostingRegressor(early_stopping=True, max_iter=300,
                              n_iter_no_change=15, random_state=42,
                              scoring=None), 'model__l2_regularization': 0.001, 'model__learning_rate': 0.05, 'model__max_features': 0.1, 'model__max_leaf_nodes': 63, 'model__min_samples_leaf': 20, 'reshape': FunctionTransformer(func=<function reshape at 0x7fb1ce140040>), 'second_scale': RobustScaler(copy=False)}",0.09446778912819354,0.09446778912819354,0.0,1,0.9515945622332057
0,3105.8286850452423,0.0,73.13001489639282,0.0,mad_scaling_clipping_trial_time,power_phase_stft,Ridge,4328.7612810830615,FunctionTransformer(func=<function reshape at 0x7fb1ce140040>),RobustScaler(copy=False),,,,,,"{'first_scale': FunctionTransformer(func=<function mad_scaling_clipping_trial_time at 0x7fb1ce0fbe20>), 'frequency': FunctionTransformer(func=<function power_phase_stft at 0x7fb1ce0fb6a0>), 'model': Ridge(solver='lsqr'), 'model__alpha': 4328.7612810830615, 'reshape': FunctionTransformer(func=<function reshape at 0x7fb1ce140040>), 'second_scale': RobustScaler(copy=False)}",-0.39119576047097704,-0.39119576047097704,0.0,2,1.1794896186363732
1,6279.481944799423,0.0,65.69959115982056,0.0,mad_scaling_clipping_trial_time,power_phase_stft,HistGradientBoostingRegressor,,FunctionTransformer(func=<function reshape at 0x7fb1ce140040>),RobustScaler(copy=False),0.0,0.05,0.1,31.0,20.0,"{'first_scale': FunctionTransformer(func=<function mad_scaling_clipping_trial_time at 0x7fb1ce0fbe20>), 'frequency': FunctionTransformer(func=<function power_phase_stft at 0x7fb1ce0fb6a0>), 'model': HistGradientBoostingRegressor(early_stopping=True, max_iter=300,
                              n_iter_no_change=15, random_state=42,
                              scoring=None), 'model__l2_regularization': 0.0, 'model__learning_rate': 0.05, 'model__max_features': 0.1, 'model__max_leaf_nodes': 31, 'model__min_samples_leaf': 20, 'reshape': FunctionTransformer(func=<function reshape at 0x7fb1ce140040>), 'second_scale': RobustScaler(copy=False)}",0.09639232365775263,0.09639232365775263,0.0,1,0.9505828087769352
0,3647.711466550827,0.0,47.7685604095459,0.0,passthrough,power_phase_stft,HistGradientBoostingRegressor,,FunctionTransformer(func=<function reshape at 0x7fb1ce140040>),passthrough,0.0,0.05,0.2,31.0,20.0,"{'first_scale': 'passthrough', 'frequency': FunctionTransformer(func=<function power_phase_stft at 0x7fb1ce0fb6a0>), 'model': HistGradientBoostingRegressor(early_stopping=True, max_iter=300,
                              n_iter_no_change=15, random_state=42,
                              scoring=None), 'model__l2_regularization': 0.0, 'model__learning_rate': 0.05, 'model__max_features': 0.2, 'model__max_leaf_nodes': 31, 'model__min_samples_leaf': 20, 'reshape': FunctionTransformer(func=<function reshape at 0x7fb1ce140040>), 'second_scale': 'passthrough'}",0.10023120279407183,0.10023120279407183,0.0,1,0.9485614356518655
1,3553.9964215755463,0.0,68.57562923431396,0.0,mad_scaling_clipping_trial_time,power_phase_stft,HistGradientBoostingRegressor,,FunctionTransformer(func=<function reshape at 0x7fb1ce140040>),passthrough,0.0,0.1,0.2,31.0,20.0,"{'first_scale': FunctionTransformer(func=<function mad_scaling_clipping_trial_time at 0x7fb1ce0fbe20>), 'frequency': FunctionTransformer(func=<function power_phase_stft at 0x7fb1ce0fb6a0>), 'model': HistGradientBoostingRegressor(early_stopping=True, max_iter=300,
                              n_iter_no_change=15, random_state=42,
                              scoring=None), 'model__l2_regularization': 0.0, 'model__learning_rate': 0.1, 'model__max_features': 0.2, 'model__max_leaf_nodes': 31, 'model__min_samples_leaf': 20, 'reshape': FunctionTransformer(func=<function reshape at 0x7fb1ce140040>), 'second_scale': 'passthrough'}",0.0875810453911835,0.0875810453911835,0.0,2,0.9552062366886098
0,3917.7759971618652,0.0,43.07244086265564,0.0,passthrough,power_phase_stft,HistGradientBoostingRegressor,,FunctionTransformer(func=<function reshape at 0x7fb1ce140040>),RobustScaler(copy=False),0.0,0.05,0.05,31.0,20.0,"{'first_scale': 'passthrough', 'frequency': FunctionTransformer(func=<function power_phase_stft at 0x7fb1ce0fb6a0>), 'model': HistGradientBoostingRegressor(early_stopping=True, max_iter=300,
                              n_iter_no_change=15, random_state=42,
                              scoring=None), 'model__l2_regularization': 0.0, 'model__learning_rate': 0.05, 'model__max_features': 0.05, 'model__max_leaf_nodes': 31, 'model__min_samples_leaf': 20, 'reshape': FunctionTransformer(func=<function reshape at 0x7fb1ce140040>), 'second_scale': RobustScaler(copy=False)}",0.10125953647568386,0.10125953647568386,0.0,1,0.9480192316215511
1,3400.8120996952057,0.0,62.877617835998535,0.0,mad_scaling_clipping_trial_time,power_phase_stft,HistGradientBoostingRegressor,,FunctionTransformer(func=<function reshape at 0x7fb1ce140040>),RobustScaler(copy=False),0.0,0.1,0.05,31.0,20.0,"{'first_scale': FunctionTransformer(func=<function mad_scaling_clipping_trial_time at 0x7fb1ce0fbe20>), 'frequency': FunctionTransformer(func=<function power_phase_stft at 0x7fb1ce0fb6a0>), 'model': HistGradientBoostingRegressor(early_stopping=True, max_iter=300,
                              n_iter_no_change=15, random_state=42,
                              scoring=None), 'model__l2_regularization': 0.0, 'model__learning_rate': 0.1, 'model__max_features': 0.05, 'model__max_leaf_nodes': 31, 'model__min_samples_leaf': 20, 'reshape': FunctionTransformer(func=<function reshape at 0x7fb1ce140040>), 'second_scale': RobustScaler(copy=False)}",0.08782536591903722,0.08782536591903722,0.0,2,0.955078339237658
0,1763.710612297058,0.0,35.47516202926636,0.0,passthrough,power_phase_stft,Ridge,0.0002310129700083158,FunctionTransformer(func=<function reshape at 0x7fb1ce140040>),RobustScaler(copy=False),,,,,,"{'first_scale': 'passthrough', 'frequency': FunctionTransformer(func=<function power_phase_stft at 0x7fb1ce0fb6a0>), 'model': Ridge(solver='lsqr'), 'model__alpha': 0.0002310129700083158, 'reshape': FunctionTransformer(func=<function reshape at 0x7fb1ce140040>), 'second_scale': RobustScaler(copy=False)}",-12.211188906644349,-12.211188906644349,0.0,2,3.6347199213480463
1,5174.402203083038,0.0,39.66167235374451,0.0,passthrough,power_phase_stft,HistGradientBoostingRegressor,,FunctionTransformer(func=<function reshape at 0x7fb1ce140040>),RobustScaler(copy=False),0.001,0.1,0.1,63.0,20.0,"{'first_scale': 'passthrough', 'frequency': FunctionTransformer(func=<function power_phase_stft at 0x7fb1ce0fb6a0>), 'model': HistGradientBoostingRegressor(early_stopping=True, max_iter=300,
                              n_iter_no_change=15, random_state=42,
                              scoring=None), 'model__l2_regularization': 0.001, 'model__learning_rate': 0.1, 'model__max_features': 0.1, 'model__max_leaf_nodes': 63, 'model__min_samples_leaf': 20, 'reshape': FunctionTransformer(func=<function reshape at 0x7fb1ce140040>), 'second_scale': RobustScaler(copy=False)}",0.08747261468844303,0.08747261468844303,0.0,1,0.9552629927467917
0,1606.3083381652832,0.0,32.41994047164917,0.0,passthrough,power_phase_stft,Ridge,0.18738174228603868,FunctionTransformer(func=<function reshape at 0x7fb1ce140040>),RobustScaler(copy=False),,,,,,"{'first_scale': 'passthrough', 'frequency': FunctionTransformer(func=<function power_phase_stft at 0x7fb1ce0fb6a0>), 'model': Ridge(solver='lsqr'), 'model__alpha': 0.18738174228603868, 'reshape': FunctionTransformer(func=<function reshape at 0x7fb1ce140040>), 'second_scale': RobustScaler(copy=False)}",-18.196867388286968,-18.196867388286968,0.0,2,4.381422986689024
1,4358.798943519592,0.0,37.19639873504639,0.0,passthrough,power_phase_stft,HistGradientBoostingRegressor,,FunctionTransformer(func=<function reshape at 0x7fb1ce140040>),RobustScaler(copy=False),0.001,0.1,0.2,63.0,20.0,"{'first_scale': 'passthrough', 'frequency': FunctionTransformer(func=<function power_phase_stft at 0x7fb1ce0fb6a0>), 'model': HistGradientBoostingRegressor(early_stopping=True, max_iter=300,
                              n_iter_no_change=15, random_state=42,
                              scoring=None), 'model__l2_regularization': 0.001, 'model__learning_rate': 0.1, 'model__max_features': 0.2, 'model__max_leaf_nodes': 63, 'model__min_samples_leaf': 20, 'reshape': FunctionTransformer(func=<function reshape at 0x7fb1ce140040>), 'second_scale': RobustScaler(copy=False)}",0.08634599216114724,0.08634599216114724,0.0,1,0.9558525031817685
0,361.7096264362335,0.0,41.84497284889221,0.0,mad_scaling_clipping_channel_trial,power_phase_stft,Ridge,3511191.7342151417,FunctionTransformer(func=<function reshape at 0x7fb1ce140040>),passthrough,,,,,,"{'first_scale': FunctionTransformer(func=<function mad_scaling_clipping_channel_trial at 0x7fb1ce0fbd80>), 'frequency': FunctionTransformer(func=<function power_phase_stft at 0x7fb1ce0fb6a0>), 'model': Ridge(solver='lsqr'), 'model__alpha': 3511191.7342151417, 'reshape': FunctionTransformer(func=<function reshape at 0x7fb1ce140040>), 'second_scale': 'passthrough'}",0.06447343836957176,0.06447343836957176,0.0,2,0.9672262205039875
1,2923.2077720165253,0.0,46.464670181274414,0.0,mad_scaling_clipping_channel_trial,power_phase_stft,HistGradientBoostingRegressor,,FunctionTransformer(func=<function reshape at 0x7fb1ce140040>),passthrough,0.001,0.05,0.2,31.0,20.0,"{'first_scale': FunctionTransformer(func=<function mad_scaling_clipping_channel_trial at 0x7fb1ce0fbd80>), 'frequency': FunctionTransformer(func=<function power_phase_stft at 0x7fb1ce0fb6a0>), 'model': HistGradientBoostingRegressor(early_stopping=True, max_iter=300,
                              n_iter_no_change=15, random_state=42,
                              scoring=None), 'model__l2_regularization': 0.001, 'model__learning_rate': 0.05, 'model__max_features': 0.2, 'model__max_leaf_nodes': 31, 'model__min_samples_leaf': 20, 'reshape': FunctionTransformer(func=<function reshape at 0x7fb1ce140040>), 'second_scale': 'passthrough'}",0.09578676303121425,0.09578676303121425,0.0,1,0.9509012761421586
0,4482.4568564891815,0.0,52.54928469657898,0.0,passthrough,power_phase_stft,HistGradientBoostingRegressor,,FunctionTransformer(func=<function reshape at 0x7fb1ce140040>),RobustScaler(copy=False),0.0,0.1,0.2,31.0,20.0,"{'first_scale': 'passthrough', 'frequency': FunctionTransformer(func=<function power_phase_stft at 0x7fb1ce0fb6a0>), 'model': HistGradientBoostingRegressor(early_stopping=True, max_iter=300,
                              n_iter_no_change=15, random_state=42,
                              scoring=None), 'model__l2_regularization': 0.0, 'model__learning_rate': 0.1, 'model__max_features': 0.2, 'model__max_leaf_nodes': 31, 'model__min_samples_leaf': 20, 'reshape': FunctionTransformer(func=<function reshape at 0x7fb1ce140040>), 'second_scale': RobustScaler(copy=False)}",0.09294393574536741,0.09294393574536741,0.0,2,0.952394909821883
1,4756.351089000702,0.0,77.88453221321106,0.0,mad_scaling_clipping_trial_time,power_phase_stft,HistGradientBoostingRegressor,,FunctionTransformer(func=<function reshape at 0x7fb1ce140040>),RobustScaler(copy=False),0.001,0.05,0.2,31.0,20.0,"{'first_scale': FunctionTransformer(func=<function mad_scaling_clipping_trial_time at 0x7fb1ce0fbe20>), 'frequency': FunctionTransformer(func=<function power_phase_stft at 0x7fb1ce0fb6a0>), 'model': HistGradientBoostingRegressor(early_stopping=True, max_iter=300,
                              n_iter_no_change=15, random_state=42,
                              scoring=None), 'model__l2_regularization': 0.001, 'model__learning_rate': 0.05, 'model__max_features': 0.2, 'model__max_leaf_nodes': 31, 'model__min_samples_leaf': 20, 'reshape': FunctionTransformer(func=<function reshape at 0x7fb1ce140040>), 'second_scale': RobustScaler(copy=False)}",0.0951785191599912,0.0951785191599912,0.0,1,0.9512210473070961
0,2312.4142060279846,0.0,25.085543632507324,0.0,passthrough,power_phase_stft,HistGradientBoostingRegressor,,FunctionTransformer(func=<function reshape at 0x7fb1ce140040>),RobustScaler(copy=False),0.001,0.05,0.1,31.0,20.0,"{'first_scale': 'passthrough', 'frequency': FunctionTransformer(func=<function power_phase_stft at 0x7fb1ce0fb6a0>), 'model': HistGradientBoostingRegressor(early_stopping=True, max_iter=300,
                              n_iter_no_change=15, random_state=42,
                              scoring=None), 'model__l2_regularization': 0.001, 'model__learning_rate': 0.05, 'model__max_features': 0.1, 'model__max_leaf_nodes': 31, 'model__min_samples_leaf': 20, 'reshape': FunctionTransformer(func=<function reshape at 0x7fb1ce140040>), 'second_scale': RobustScaler(copy=False)}",0.09920855618257907,0.09920855618257907,0.0,1,0.9491003339043881
1,2124.4554398059845,0.0,39.15970158576965,0.0,mad_scaling_clipping_trial_time,power_phase_stft,HistGradientBoostingRegressor,,FunctionTransformer(func=<function reshape at 0x7fb1ce140040>),RobustScaler(copy=False),0.001,0.1,0.1,31.0,20.0,"{'first_scale': FunctionTransformer(func=<function mad_scaling_clipping_trial_time at 0x7fb1ce0fbe20>), 'frequency': FunctionTransformer(func=<function power_phase_stft at 0x7fb1ce0fb6a0>), 'model': HistGradientBoostingRegressor(early_stopping=True, max_iter=300,
                              n_iter_no_change=15, random_state=42,
                              scoring=None), 'model__l2_regularization': 0.001, 'model__learning_rate': 0.1, 'model__max_features': 0.1, 'model__max_leaf_nodes': 31, 'model__min_samples_leaf': 20, 'reshape': FunctionTransformer(func=<function reshape at 0x7fb1ce140040>), 'second_scale': RobustScaler(copy=False)}",0.09150194825073754,0.09150194825073754,0.0,2,0.9531516415289135
0,3338.7393877506256,0.0,83.0555100440979,0.0,mad_scaling_clipping_channel_trial,power_phase_stft,Ridge,8.111308307896873e-06,FunctionTransformer(func=<function reshape at 0x7fb1ce140040>),RobustScaler(copy=False),,,,,,"{'first_scale': FunctionTransformer(func=<function mad_scaling_clipping_channel_trial at 0x7fb1ce0fbd80>), 'frequency': FunctionTransformer(func=<function power_phase_stft at 0x7fb1ce0fb6a0>), 'model': Ridge(solver='lsqr'), 'model__alpha': 8.111308307896873e-06, 'reshape': FunctionTransformer(func=<function reshape at 0x7fb1ce140040>), 'second_scale': RobustScaler(copy=False)}",-1.3313597648176811,-1.3313597648176811,0.0,2,1.5268790930580198
1,5075.2393164634705,0.0,83.96807813644409,0.0,mad_scaling_clipping_channel_trial,power_phase_stft,HistGradientBoostingRegressor,,FunctionTransformer(func=<function reshape at 0x7fb1ce140040>),RobustScaler(copy=False),0.0,0.1,0.1,31.0,20.0,"{'first_scale': FunctionTransformer(func=<function mad_scaling_clipping_channel_trial at 0x7fb1ce0fbd80>), 'frequency': FunctionTransformer(func=<function power_phase_stft at 0x7fb1ce0fb6a0>), 'model': HistGradientBoostingRegressor(early_stopping=True, max_iter=300,
                              n_iter_no_change=15, random_state=42,
                              scoring=None), 'model__l2_regularization': 0.0, 'model__learning_rate': 0.1, 'model__max_features': 0.1, 'model__max_leaf_nodes': 31, 'model__min_samples_leaf': 20, 'reshape': FunctionTransformer(func=<function reshape at 0x7fb1ce140040>), 'second_scale': RobustScaler(copy=False)}",0.08639047804209388,0.08639047804209388,0.0,1,0.9558292326341071
0,460.65201449394226,0.0,53.84776425361633,0.0,mad_scaling_clipping_trial_time,power_phase_stft,Ridge,3511191.7342151417,FunctionTransformer(func=<function reshape at 0x7fb1ce140040>),passthrough,,,,,,"{'first_scale': FunctionTransformer(func=<function mad_scaling_clipping_trial_time at 0x7fb1ce0fbe20>), 'frequency': FunctionTransformer(func=<function power_phase_stft at 0x7fb1ce0fb6a0>), 'model': Ridge(solver='lsqr'), 'model__alpha': 3511191.7342151417, 'reshape': FunctionTransformer(func=<function reshape at 0x7fb1ce140040>), 'second_scale': 'passthrough'}",0.07470993193150588,0.07470993193150588,0.0,2,0.9619199904713979
1,3568.6914324760437,0.0,62.14331841468811,0.0,mad_scaling_clipping_trial_time,power_phase_stft,HistGradientBoostingRegressor,,FunctionTransformer(func=<function reshape at 0x7fb1ce140040>),passthrough,0.0,0.05,0.2,31.0,20.0,"{'first_scale': FunctionTransformer(func=<function mad_scaling_clipping_trial_time at 0x7fb1ce0fbe20>), 'frequency': FunctionTransformer(func=<function power_phase_stft at 0x7fb1ce0fb6a0>), 'model': HistGradientBoostingRegressor(early_stopping=True, max_iter=300,
                              n_iter_no_change=15, random_state=42,
                              scoring=None), 'model__l2_regularization': 0.0, 'model__learning_rate': 0.05, 'model__max_features': 0.2, 'model__max_leaf_nodes': 31, 'model__min_samples_leaf': 20, 'reshape': FunctionTransformer(func=<function reshape at 0x7fb1ce140040>), 'second_scale': 'passthrough'}",0.09398262081774289,0.09398262081774289,0.0,1,0.9518494519524908
0,3104.103753566742,0.0,29.838696241378784,0.0,passthrough,power_phase_stft,HistGradientBoostingRegressor,,FunctionTransformer(func=<function reshape at 0x7fb1ce140040>),RobustScaler(copy=False),0.001,0.05,0.05,31.0,20.0,"{'first_scale': 'passthrough', 'frequency': FunctionTransformer(func=<function power_phase_stft at 0x7fb1ce0fb6a0>), 'model': HistGradientBoostingRegressor(early_stopping=True, max_iter=300,
                              n_iter_no_change=15, random_state=42,
                              scoring=None), 'model__l2_regularization': 0.001, 'model__learning_rate': 0.05, 'model__max_features': 0.05, 'model__max_leaf_nodes': 31, 'model__min_samples_leaf': 20, 'reshape': FunctionTransformer(func=<function reshape at 0x7fb1ce140040>), 'second_scale': RobustScaler(copy=False)}",0.09983532819527419,0.09983532819527419,0.0,1,0.9487700837424871
1,2594.3374276161194,0.0,41.489702463150024,0.0,mad_scaling_clipping_trial_time,power_phase_stft,HistGradientBoostingRegressor,,FunctionTransformer(func=<function reshape at 0x7fb1ce140040>),RobustScaler(copy=False),0.001,0.1,0.05,31.0,20.0,"{'first_scale': FunctionTransformer(func=<function mad_scaling_clipping_trial_time at 0x7fb1ce0fbe20>), 'frequency': FunctionTransformer(func=<function power_phase_stft at 0x7fb1ce0fb6a0>), 'model': HistGradientBoostingRegressor(early_stopping=True, max_iter=300,
                              n_iter_no_change=15, random_state=42,
                              scoring=None), 'model__l2_regularization': 0.001, 'model__learning_rate': 0.1, 'model__max_features': 0.05, 'model__max_leaf_nodes': 31, 'model__min_samples_leaf': 20, 'reshape': FunctionTransformer(func=<function reshape at 0x7fb1ce140040>), 'second_scale': RobustScaler(copy=False)}",0.08637260096054578,0.08637260096054578,0.0,2,0.9558385841968581
0,1893.2288699150085,0.0,34.17003870010376,0.0,passthrough,power_phase_stft,Ridge,0.006579332246575682,FunctionTransformer(func=<function reshape at 0x7fb1ce140040>),RobustScaler(copy=False),,,,,,"{'first_scale': 'passthrough', 'frequency': FunctionTransformer(func=<function power_phase_stft at 0x7fb1ce0fb6a0>), 'model': Ridge(solver='lsqr'), 'model__alpha': 0.006579332246575682, 'reshape': FunctionTransformer(func=<function reshape at 0x7fb1ce140040>), 'second_scale': RobustScaler(copy=False)}",-18.196867388286968,-18.196867388286968,0.0,2,4.381422986689024
1,3787.663486480713,0.0,39.51074171066284,0.0,passthrough,power_phase_stft,HistGradientBoostingRegressor,,FunctionTransformer(func=<function reshape at 0x7fb1ce140040>),RobustScaler(copy=False),0.001,0.1,0.2,31.0,20.0,"{'first_scale': 'passthrough', 'frequency': FunctionTransformer(func=<function power_phase_stft at 0x7fb1ce0fb6a0>), 'model': HistGradientBoostingRegressor(early_stopping=True, max_iter=300,
                              n_iter_no_change=15, random_state=42,
                              scoring=None), 'model__l2_regularization': 0.001, 'model__learning_rate': 0.1, 'model__max_features': 0.2, 'model__max_leaf_nodes': 31, 'model__min_samples_leaf': 20, 'reshape': FunctionTransformer(func=<function reshape at 0x7fb1ce140040>), 'second_scale': RobustScaler(copy=False)}",0.09483334456264181,0.09483334456264181,0.0,1,0.9514024676430886
0,1642.1454348564148,0.0,34.08693242073059,0.0,passthrough,power_phase_stft,Ridge,8.111308307896873e-06,FunctionTransformer(func=<function reshape at 0x7fb1ce140040>),RobustScaler(copy=False),,,,,,"{'first_scale': 'passthrough', 'frequency': FunctionTransformer(func=<function power_phase_stft at 0x7fb1ce0fb6a0>), 'model': Ridge(solver='lsqr'), 'model__alpha': 8.111308307896873e-06, 'reshape': FunctionTransformer(func=<function reshape at 0x7fb1ce140040>), 'second_scale': RobustScaler(copy=False)}",-18.196867388286968,-18.196867388286968,0.0,2,4.381422986689024
1,3456.108822822571,0.0,38.32641124725342,0.0,passthrough,power_phase_stft,HistGradientBoostingRegressor,,FunctionTransformer(func=<function reshape at 0x7fb1ce140040>),RobustScaler(copy=False),0.001,0.1,0.1,31.0,20.0,"{'first_scale': 'passthrough', 'frequency': FunctionTransformer(func=<function power_phase_stft at 0x7fb1ce0fb6a0>), 'model': HistGradientBoostingRegressor(early_stopping=True, max_iter=300,
                              n_iter_no_change=15, random_state=42,
                              scoring=None), 'model__l2_regularization': 0.001, 'model__learning_rate': 0.1, 'model__max_features': 0.1, 'model__max_leaf_nodes': 31, 'model__min_samples_leaf': 20, 'reshape': FunctionTransformer(func=<function reshape at 0x7fb1ce140040>), 'second_scale': RobustScaler(copy=False)}",0.09164667420286565,0.09164667420286565,0.0,1,0.953075718816262
0,399.0612008571625,0.0,33.84896397590637,0.0,passthrough,power_phase_stft,Ridge,8.111308307896873e-06,FunctionTransformer(func=<function reshape at 0x7fb1ce140040>),passthrough,,,,,,"{'first_scale': 'passthrough', 'frequency': FunctionTransformer(func=<function power_phase_stft at 0x7fb1ce0fb6a0>), 'model': Ridge(solver='lsqr'), 'model__alpha': 8.111308307896873e-06, 'reshape': FunctionTransformer(func=<function reshape at 0x7fb1ce140040>), 'second_scale': 'passthrough'}",-0.3322898750115788,-0.3322898750115788,0.0,2,1.1542486192374581
1,3219.8126089572906,0.0,37.23555612564087,0.0,passthrough,power_phase_stft,HistGradientBoostingRegressor,,FunctionTransformer(func=<function reshape at 0x7fb1ce140040>),passthrough,0.001,0.1,0.1,31.0,20.0,"{'first_scale': 'passthrough', 'frequency': FunctionTransformer(func=<function power_phase_stft at 0x7fb1ce0fb6a0>), 'model': HistGradientBoostingRegressor(early_stopping=True, max_iter=300,
                              n_iter_no_change=15, random_state=42,
                              scoring=None), 'model__l2_regularization': 0.001, 'model__learning_rate': 0.1, 'model__max_features': 0.1, 'model__max_leaf_nodes': 31, 'model__min_samples_leaf': 20, 'reshape': FunctionTransformer(func=<function reshape at 0x7fb1ce140040>), 'second_scale': 'passthrough'}",0.09297133694696758,0.09297133694696758,0.0,1,0.952380524293222
0,5466.1735146045685,0.0,168.3876190185547,0.0,mad_scaling_clipping_trial_time,power_phase_stft,Ridge,151.99110829529332,FunctionTransformer(func=<function reshape at 0x7fb1ce140040>),passthrough,,,,,,"{'first_scale': FunctionTransformer(func=<function mad_scaling_clipping_trial_time at 0x7fb1ce0fbe20>), 'frequency': FunctionTransformer(func=<function power_phase_stft at 0x7fb1ce0fb6a0>), 'model': Ridge(solver='lsqr'), 'model__alpha': 151.99110829529332, 'reshape': FunctionTransformer(func=<function reshape at 0x7fb1ce140040>), 'second_scale': 'passthrough'}",-0.49456301838830563,-0.49456301838830563,0.0,2,1.2225232179342467
1,15467.820619106293,0.0,310.79459261894226,0.0,mad_scaling_clipping_trial_time,power_phase_stft,HistGradientBoostingRegressor,,FunctionTransformer(func=<function reshape at 0x7fb1ce140040>),passthrough,0.0,0.05,0.05,63.0,20.0,"{'first_scale': FunctionTransformer(func=<function mad_scaling_clipping_trial_time at 0x7fb1ce0fbe20>), 'frequency': FunctionTransformer(func=<function power_phase_stft at 0x7fb1ce0fb6a0>), 'model': HistGradientBoostingRegressor(early_stopping=True, max_iter=300,
                              n_iter_no_change=15, random_state=42,
                              scoring=None), 'model__l2_regularization': 0.0, 'model__learning_rate': 0.05, 'model__max_features': 0.05, 'model__max_leaf_nodes': 63, 'model__min_samples_leaf': 20, 'reshape': FunctionTransformer(func=<function reshape at 0x7fb1ce140040>), 'second_scale': 'passthrough'}",0.0932754879853841,0.0932754879853841,0.0,1,0.9522208315378402
0,3843.318169593811,0.0,27.89634919166565,0.0,passthrough,power_phase_stft,HistGradientBoostingRegressor,,FunctionTransformer(func=<function reshape at 0x7fb1ce140040>),RobustScaler(copy=False),0.001,0.05,0.2,63.0,20.0,"{'first_scale': 'passthrough', 'frequency': FunctionTransformer(func=<function power_phase_stft at 0x7fb1ce0fb6a0>), 'model': HistGradientBoostingRegressor(early_stopping=True, max_iter=300,
                              n_iter_no_change=15, random_state=42,
                              scoring=None), 'model__l2_regularization': 0.001, 'model__learning_rate': 0.05, 'model__max_features': 0.2, 'model__max_leaf_nodes': 63, 'model__min_samples_leaf': 20, 'reshape': FunctionTransformer(func=<function reshape at 0x7fb1ce140040>), 'second_scale': RobustScaler(copy=False)}",0.0987090130439855,0.0987090130439855,0.0,1,0.9493634640937129
1,3023.2881693840027,0.0,40.289018630981445,0.0,mad_scaling_clipping_trial_time,power_phase_stft,HistGradientBoostingRegressor,,FunctionTransformer(func=<function reshape at 0x7fb1ce140040>),RobustScaler(copy=False),0.001,0.1,0.2,63.0,20.0,"{'first_scale': FunctionTransformer(func=<function mad_scaling_clipping_trial_time at 0x7fb1ce0fbe20>), 'frequency': FunctionTransformer(func=<function power_phase_stft at 0x7fb1ce0fb6a0>), 'model': HistGradientBoostingRegressor(early_stopping=True, max_iter=300,
                              n_iter_no_change=15, random_state=42,
                              scoring=None), 'model__l2_regularization': 0.001, 'model__learning_rate': 0.1, 'model__max_features': 0.2, 'model__max_leaf_nodes': 63, 'model__min_samples_leaf': 20, 'reshape': FunctionTransformer(func=<function reshape at 0x7fb1ce140040>), 'second_scale': RobustScaler(copy=False)}",0.07394801225075665,0.07394801225075665,0.0,2,0.9623159500648648
0,5835.215000867844,0.0,50.46462559700012,0.0,passthrough,power_phase_stft,HistGradientBoostingRegressor,,FunctionTransformer(func=<function reshape at 0x7fb1ce140040>),RobustScaler(copy=False),0.0,0.05,0.2,63.0,20.0,"{'first_scale': 'passthrough', 'frequency': FunctionTransformer(func=<function power_phase_stft at 0x7fb1ce0fb6a0>), 'model': HistGradientBoostingRegressor(early_stopping=True, max_iter=300,
                              n_iter_no_change=15, random_state=42,
                              scoring=None), 'model__l2_regularization': 0.0, 'model__learning_rate': 0.05, 'model__max_features': 0.2, 'model__max_leaf_nodes': 63, 'model__min_samples_leaf': 20, 'reshape': FunctionTransformer(func=<function reshape at 0x7fb1ce140040>), 'second_scale': RobustScaler(copy=False)}",0.09724469913692957,0.09724469913692957,0.0,1,0.9501343593740152
1,5707.088271141052,0.0,70.16731333732605,0.0,mad_scaling_clipping_trial_time,power_phase_stft,HistGradientBoostingRegressor,,FunctionTransformer(func=<function reshape at 0x7fb1ce140040>),RobustScaler(copy=False),0.0,0.1,0.2,63.0,20.0,"{'first_scale': FunctionTransformer(func=<function mad_scaling_clipping_trial_time at 0x7fb1ce0fbe20>), 'frequency': FunctionTransformer(func=<function power_phase_stft at 0x7fb1ce0fb6a0>), 'model': HistGradientBoostingRegressor(early_stopping=True, max_iter=300,
                              n_iter_no_change=15, random_state=42,
                              scoring=None), 'model__l2_regularization': 0.0, 'model__learning_rate': 0.1, 'model__max_features': 0.2, 'model__max_leaf_nodes': 63, 'model__min_samples_leaf': 20, 'reshape': FunctionTransformer(func=<function reshape at 0x7fb1ce140040>), 'second_scale': RobustScaler(copy=False)}",0.07714063778302638,0.07714063778302638,0.0,2,0.9606556938971286
0,3042.8159749507904,0.0,72.68687748908997,0.0,mad_scaling_clipping_channel_trial,power_phase_stft,Ridge,151.99110829529332,FunctionTransformer(func=<function reshape at 0x7fb1ce140040>),RobustScaler(copy=False),,,,,,"{'first_scale': FunctionTransformer(func=<function mad_scaling_clipping_channel_trial at 0x7fb1ce0fbd80>), 'frequency': FunctionTransformer(func=<function power_phase_stft at 0x7fb1ce0fb6a0>), 'model': Ridge(solver='lsqr'), 'model__alpha': 151.99110829529332, 'reshape': FunctionTransformer(func=<function reshape at 0x7fb1ce140040>), 'second_scale': RobustScaler(copy=False)}",-1.0670823082354173,-1.0670823082354173,0.0,2,1.4377351314603874
1,6091.680926084518,0.0,79.14245867729187,0.0,mad_scaling_clipping_channel_trial,power_phase_stft,HistGradientBoostingRegressor,,FunctionTransformer(func=<function reshape at 0x7fb1ce140040>),RobustScaler(copy=False),0.001,0.05,0.05,63.0,20.0,"{'first_scale': FunctionTransformer(func=<function mad_scaling_clipping_channel_trial at 0x7fb1ce0fbd80>), 'frequency': FunctionTransformer(func=<function power_phase_stft at 0x7fb1ce0fb6a0>), 'model': HistGradientBoostingRegressor(early_stopping=True, max_iter=300,
                              n_iter_no_change=15, random_state=42,
                              scoring=None), 'model__l2_regularization': 0.001, 'model__learning_rate': 0.05, 'model__max_features': 0.05, 'model__max_leaf_nodes': 63, 'model__min_samples_leaf': 20, 'reshape': FunctionTransformer(func=<function reshape at 0x7fb1ce140040>), 'second_scale': RobustScaler(copy=False)}",0.0930234082378435,0.0930234082378435,0.0,1,0.9523531864608615
0,1240.9570903778076,0.0,32.946232318878174,0.0,passthrough,power_phase_stft,Ridge,3511191.7342151417,FunctionTransformer(func=<function reshape at 0x7fb1ce140040>),RobustScaler(copy=False),,,,,,"{'first_scale': 'passthrough', 'frequency': FunctionTransformer(func=<function power_phase_stft at 0x7fb1ce0fb6a0>), 'model': Ridge(solver='lsqr'), 'model__alpha': 3511191.7342151417, 'reshape': FunctionTransformer(func=<function reshape at 0x7fb1ce140040>), 'second_scale': RobustScaler(copy=False)}",-2.626061359093676,-2.626061359093676,0.0,2,1.9042219826201137
1,3738.5792138576508,0.0,57.336238622665405,0.0,mad_scaling_clipping_channel_trial,power_phase_stft,HistGradientBoostingRegressor,,FunctionTransformer(func=<function reshape at 0x7fb1ce140040>),RobustScaler(copy=False),0.0,0.05,0.2,31.0,20.0,"{'first_scale': FunctionTransformer(func=<function mad_scaling_clipping_channel_trial at 0x7fb1ce0fbd80>), 'frequency': FunctionTransformer(func=<function power_phase_stft at 0x7fb1ce0fb6a0>), 'model': HistGradientBoostingRegressor(early_stopping=True, max_iter=300,
                              n_iter_no_change=15, random_state=42,
                              scoring=None), 'model__l2_regularization': 0.0, 'model__learning_rate': 0.05, 'model__max_features': 0.2, 'model__max_leaf_nodes': 31, 'model__min_samples_leaf': 20, 'reshape': FunctionTransformer(func=<function reshape at 0x7fb1ce140040>), 'second_scale': RobustScaler(copy=False)}",0.09621640527577613,0.09621640527577613,0.0,1,0.9506753361291245
0,2883.174518585205,0.0,24.099275588989258,0.0,passthrough,power_phase_stft,HistGradientBoostingRegressor,,FunctionTransformer(func=<function reshape at 0x7fb1ce140040>),passthrough,0.001,0.05,0.05,63.0,20.0,"{'first_scale': 'passthrough', 'frequency': FunctionTransformer(func=<function power_phase_stft at 0x7fb1ce0fb6a0>), 'model': HistGradientBoostingRegressor(early_stopping=True, max_iter=300,
                              n_iter_no_change=15, random_state=42,
                              scoring=None), 'model__l2_regularization': 0.001, 'model__learning_rate': 0.05, 'model__max_features': 0.05, 'model__max_leaf_nodes': 63, 'model__min_samples_leaf': 20, 'reshape': FunctionTransformer(func=<function reshape at 0x7fb1ce140040>), 'second_scale': 'passthrough'}",0.09695796757079767,0.09695796757079767,0.0,1,0.9502852374046449
1,2890.749314069748,0.0,37.30643892288208,0.0,mad_scaling_clipping_trial_time,power_phase_stft,HistGradientBoostingRegressor,,FunctionTransformer(func=<function reshape at 0x7fb1ce140040>),passthrough,0.001,0.1,0.05,63.0,20.0,"{'first_scale': FunctionTransformer(func=<function mad_scaling_clipping_trial_time at 0x7fb1ce0fbe20>), 'frequency': FunctionTransformer(func=<function power_phase_stft at 0x7fb1ce0fb6a0>), 'model': HistGradientBoostingRegressor(early_stopping=True, max_iter=300,
                              n_iter_no_change=15, random_state=42,
                              scoring=None), 'model__l2_regularization': 0.001, 'model__learning_rate': 0.1, 'model__max_features': 0.05, 'model__max_leaf_nodes': 63, 'model__min_samples_leaf': 20, 'reshape': FunctionTransformer(func=<function reshape at 0x7fb1ce140040>), 'second_scale': 'passthrough'}",0.07980358972467494,0.07980358972467494,0.0,2,0.959268685132234
0,4125.200735330582,0.0,72.22806334495544,0.0,mad_scaling_clipping_channel_trial,power_phase_stft,Ridge,0.18738174228603868,FunctionTransformer(func=<function reshape at 0x7fb1ce140040>),RobustScaler(copy=False),,,,,,"{'first_scale': FunctionTransformer(func=<function mad_scaling_clipping_channel_trial at 0x7fb1ce0fbd80>), 'frequency': FunctionTransformer(func=<function power_phase_stft at 0x7fb1ce0fb6a0>), 'model': Ridge(solver='lsqr'), 'model__alpha': 0.18738174228603868, 'reshape': FunctionTransformer(func=<function reshape at 0x7fb1ce140040>), 'second_scale': RobustScaler(copy=False)}",-1.3341870040385264,-1.3341870040385264,0.0,2,1.527804635429061
1,5550.542895317078,0.0,94.6135790348053,0.0,mad_scaling_clipping_channel_trial,power_phase_stft,HistGradientBoostingRegressor,,FunctionTransformer(func=<function reshape at 0x7fb1ce140040>),RobustScaler(copy=False),0.0,0.1,0.2,63.0,20.0,"{'first_scale': FunctionTransformer(func=<function mad_scaling_clipping_channel_trial at 0x7fb1ce0fbd80>), 'frequency': FunctionTransformer(func=<function power_phase_stft at 0x7fb1ce0fb6a0>), 'model': HistGradientBoostingRegressor(early_stopping=True, max_iter=300,
                              n_iter_no_change=15, random_state=42,
                              scoring=None), 'model__l2_regularization': 0.0, 'model__learning_rate': 0.1, 'model__max_features': 0.2, 'model__max_leaf_nodes': 63, 'model__min_samples_leaf': 20, 'reshape': FunctionTransformer(func=<function reshape at 0x7fb1ce140040>), 'second_scale': RobustScaler(copy=False)}",0.07795326922553358,0.07795326922553358,0.0,1,0.9602326440891636
0,4998.517766952515,0.0,45.57811093330383,0.0,passthrough,power_phase_stft,HistGradientBoostingRegressor,,FunctionTransformer(func=<function reshape at 0x7fb1ce140040>),passthrough,0.0,0.1,0.05,63.0,20.0,"{'first_scale': 'passthrough', 'frequency': FunctionTransformer(func=<function power_phase_stft at 0x7fb1ce0fb6a0>), 'model': HistGradientBoostingRegressor(early_stopping=True, max_iter=300,
                              n_iter_no_change=15, random_state=42,
                              scoring=None), 'model__l2_regularization': 0.0, 'model__learning_rate': 0.1, 'model__max_features': 0.05, 'model__max_leaf_nodes': 63, 'model__min_samples_leaf': 20, 'reshape': FunctionTransformer(func=<function reshape at 0x7fb1ce140040>), 'second_scale': 'passthrough'}",0.08098719385496855,0.08098719385496855,0.0,2,0.9586515561688884
1,5185.4191608428955,0.0,62.11528134346008,0.0,mad_scaling_clipping_trial_time,power_phase_stft,HistGradientBoostingRegressor,,FunctionTransformer(func=<function reshape at 0x7fb1ce140040>),passthrough,0.001,0.05,0.05,63.0,20.0,"{'first_scale': FunctionTransformer(func=<function mad_scaling_clipping_trial_time at 0x7fb1ce0fbe20>), 'frequency': FunctionTransformer(func=<function power_phase_stft at 0x7fb1ce0fb6a0>), 'model': HistGradientBoostingRegressor(early_stopping=True, max_iter=300,
                              n_iter_no_change=15, random_state=42,
                              scoring=None), 'model__l2_regularization': 0.001, 'model__learning_rate': 0.05, 'model__max_features': 0.05, 'model__max_leaf_nodes': 63, 'model__min_samples_leaf': 20, 'reshape': FunctionTransformer(func=<function reshape at 0x7fb1ce140040>), 'second_scale': 'passthrough'}",0.09281092501836308,0.09281092501836308,0.0,1,0.9524647368704192
0,5700.007374286652,0.0,49.30665636062622,0.0,passthrough,power_phase_stft,HistGradientBoostingRegressor,,FunctionTransformer(func=<function reshape at 0x7fb1ce140040>),passthrough,0.0,0.1,0.2,63.0,20.0,"{'first_scale': 'passthrough', 'frequency': FunctionTransformer(func=<function power_phase_stft at 0x7fb1ce0fb6a0>), 'model': HistGradientBoostingRegressor(early_stopping=True, max_iter=300,
                              n_iter_no_change=15, random_state=42,
                              scoring=None), 'model__l2_regularization': 0.0, 'model__learning_rate': 0.1, 'model__max_features': 0.2, 'model__max_leaf_nodes': 63, 'model__min_samples_leaf': 20, 'reshape': FunctionTransformer(func=<function reshape at 0x7fb1ce140040>), 'second_scale': 'passthrough'}",0.08496856740568115,0.08496856740568115,0.0,2,0.9565727534245991
1,6136.22450876236,0.0,63.39594054222107,0.0,mad_scaling_clipping_trial_time,power_phase_stft,HistGradientBoostingRegressor,,FunctionTransformer(func=<function reshape at 0x7fb1ce140040>),passthrough,0.001,0.05,0.2,63.0,20.0,"{'first_scale': FunctionTransformer(func=<function mad_scaling_clipping_trial_time at 0x7fb1ce0fbe20>), 'frequency': FunctionTransformer(func=<function power_phase_stft at 0x7fb1ce0fb6a0>), 'model': HistGradientBoostingRegressor(early_stopping=True, max_iter=300,
                              n_iter_no_change=15, random_state=42,
                              scoring=None), 'model__l2_regularization': 0.001, 'model__learning_rate': 0.05, 'model__max_features': 0.2, 'model__max_leaf_nodes': 63, 'model__min_samples_leaf': 20, 'reshape': FunctionTransformer(func=<function reshape at 0x7fb1ce140040>), 'second_scale': 'passthrough'}",0.09637788484276877,0.09637788484276877,0.0,1,0.9505904034636744
0,2920.4321637153625,0.0,45.46563172340393,0.0,passthrough,power_phase_stft,HistGradientBoostingRegressor,,FunctionTransformer(func=<function reshape at 0x7fb1ce140040>),passthrough,0.0,0.1,0.05,31.0,20.0,"{'first_scale': 'passthrough', 'frequency': FunctionTransformer(func=<function power_phase_stft at 0x7fb1ce0fb6a0>), 'model': HistGradientBoostingRegressor(early_stopping=True, max_iter=300,
                              n_iter_no_change=15, random_state=42,
                              scoring=None), 'model__l2_regularization': 0.0, 'model__learning_rate': 0.1, 'model__max_features': 0.05, 'model__max_leaf_nodes': 31, 'model__min_samples_leaf': 20, 'reshape': FunctionTransformer(func=<function reshape at 0x7fb1ce140040>), 'second_scale': 'passthrough'}",0.09391241823653851,0.09391241823653851,0.0,2,0.9518863281734125
1,3645.059787750244,0.0,67.86203503608704,0.0,mad_scaling_clipping_trial_time,power_phase_stft,HistGradientBoostingRegressor,,FunctionTransformer(func=<function reshape at 0x7fb1ce140040>),passthrough,0.001,0.05,0.05,31.0,20.0,"{'first_scale': FunctionTransformer(func=<function mad_scaling_clipping_trial_time at 0x7fb1ce0fbe20>), 'frequency': FunctionTransformer(func=<function power_phase_stft at 0x7fb1ce0fb6a0>), 'model': HistGradientBoostingRegressor(early_stopping=True, max_iter=300,
                              n_iter_no_change=15, random_state=42,
                              scoring=None), 'model__l2_regularization': 0.001, 'model__learning_rate': 0.05, 'model__max_features': 0.05, 'model__max_leaf_nodes': 31, 'model__min_samples_leaf': 20, 'reshape': FunctionTransformer(func=<function reshape at 0x7fb1ce140040>), 'second_scale': 'passthrough'}",0.09518036014382403,0.09518036014382403,0.0,1,0.9512200796115355
0,2197.278789997101,0.0,48.248422145843506,0.0,mad_scaling_clipping_channel_trial,power_phase_stft,Ridge,5.3366992312063015,FunctionTransformer(func=<function reshape at 0x7fb1ce140040>),RobustScaler(copy=False),,,,,,"{'first_scale': FunctionTransformer(func=<function mad_scaling_clipping_channel_trial at 0x7fb1ce0fbd80>), 'frequency': FunctionTransformer(func=<function power_phase_stft at 0x7fb1ce0fb6a0>), 'model': Ridge(solver='lsqr'), 'model__alpha': 5.3366992312063015, 'reshape': FunctionTransformer(func=<function reshape at 0x7fb1ce140040>), 'second_scale': RobustScaler(copy=False)}",-1.3159838218928859,-1.3159838218928859,0.0,2,1.5218356750624837
1,2962.2671353816986,0.0,49.356059074401855,0.0,mad_scaling_clipping_channel_trial,power_phase_stft,HistGradientBoostingRegressor,,FunctionTransformer(func=<function reshape at 0x7fb1ce140040>),RobustScaler(copy=False),0.001,0.05,0.05,31.0,20.0,"{'first_scale': FunctionTransformer(func=<function mad_scaling_clipping_channel_trial at 0x7fb1ce0fbd80>), 'frequency': FunctionTransformer(func=<function power_phase_stft at 0x7fb1ce0fb6a0>), 'model': HistGradientBoostingRegressor(early_stopping=True, max_iter=300,
                              n_iter_no_change=15, random_state=42,
                              scoring=None), 'model__l2_regularization': 0.001, 'model__learning_rate': 0.05, 'model__max_features': 0.05, 'model__max_leaf_nodes': 31, 'model__min_samples_leaf': 20, 'reshape': FunctionTransformer(func=<function reshape at 0x7fb1ce140040>), 'second_scale': RobustScaler(copy=False)}",0.09515163425096607,0.09515163425096607,0.0,1,0.9512351789904713
0,5389.104232549667,0.0,297.67418098449707,0.0,mad_scaling_clipping_channel_trial,power_phase_stft,Ridge,4328.7612810830615,FunctionTransformer(func=<function reshape at 0x7fb1ce140040>),passthrough,,,,,,"{'first_scale': FunctionTransformer(func=<function mad_scaling_clipping_channel_trial at 0x7fb1ce0fbd80>), 'frequency': FunctionTransformer(func=<function power_phase_stft at 0x7fb1ce0fb6a0>), 'model': Ridge(solver='lsqr'), 'model__alpha': 4328.7612810830615, 'reshape': FunctionTransformer(func=<function reshape at 0x7fb1ce140040>), 'second_scale': 'passthrough'}",-0.2692171887182695,-0.2692171887182695,0.0,2,1.1265953970784142
1,16066.359288454056,0.0,338.42510986328125,0.0,mad_scaling_clipping_channel_trial,power_phase_stft,HistGradientBoostingRegressor,,FunctionTransformer(func=<function reshape at 0x7fb1ce140040>),passthrough,0.001,0.05,0.1,31.0,20.0,"{'first_scale': FunctionTransformer(func=<function mad_scaling_clipping_channel_trial at 0x7fb1ce0fbd80>), 'frequency': FunctionTransformer(func=<function power_phase_stft at 0x7fb1ce0fb6a0>), 'model': HistGradientBoostingRegressor(early_stopping=True, max_iter=300,
                              n_iter_no_change=15, random_state=42,
                              scoring=None), 'model__l2_regularization': 0.001, 'model__learning_rate': 0.05, 'model__max_features': 0.1, 'model__max_leaf_nodes': 31, 'model__min_samples_leaf': 20, 'reshape': FunctionTransformer(func=<function reshape at 0x7fb1ce140040>), 'second_scale': 'passthrough'}",0.0963363357088034,0.0963363357088034,0.0,1,0.9506122575957017
0,1147.320937871933,0.0,44.921640157699585,0.0,mad_scaling_clipping_channel_trial,power_phase_stft,Ridge,3511191.7342151417,FunctionTransformer(func=<function reshape at 0x7fb1ce140040>),RobustScaler(copy=False),,,,,,"{'first_scale': FunctionTransformer(func=<function mad_scaling_clipping_channel_trial at 0x7fb1ce0fbd80>), 'frequency': FunctionTransformer(func=<function power_phase_stft at 0x7fb1ce0fb6a0>), 'model': Ridge(solver='lsqr'), 'model__alpha': 3511191.7342151417, 'reshape': FunctionTransformer(func=<function reshape at 0x7fb1ce140040>), 'second_scale': RobustScaler(copy=False)}",0.05996853553822368,0.05996853553822368,0.0,2,0.96955219790467
1,3878.1961019039154,0.0,48.103782415390015,0.0,mad_scaling_clipping_channel_trial,power_phase_stft,HistGradientBoostingRegressor,,FunctionTransformer(func=<function reshape at 0x7fb1ce140040>),RobustScaler(copy=False),0.001,0.05,0.2,31.0,20.0,"{'first_scale': FunctionTransformer(func=<function mad_scaling_clipping_channel_trial at 0x7fb1ce0fbd80>), 'frequency': FunctionTransformer(func=<function power_phase_stft at 0x7fb1ce0fb6a0>), 'model': HistGradientBoostingRegressor(early_stopping=True, max_iter=300,
                              n_iter_no_change=15, random_state=42,
                              scoring=None), 'model__l2_regularization': 0.001, 'model__learning_rate': 0.05, 'model__max_features': 0.2, 'model__max_leaf_nodes': 31, 'model__min_samples_leaf': 20, 'reshape': FunctionTransformer(func=<function reshape at 0x7fb1ce140040>), 'second_scale': RobustScaler(copy=False)}",0.0968539724058397,0.0968539724058397,0.0,1,0.9503399536977072
0,335.9061748981476,0.0,43.40658497810364,0.0,mad_scaling_clipping_channel_trial,power_phase_stft,Ridge,100000000.0,FunctionTransformer(func=<function reshape at 0x7fb1ce140040>),passthrough,,,,,,"{'first_scale': FunctionTransformer(func=<function mad_scaling_clipping_channel_trial at 0x7fb1ce0fbd80>), 'frequency': FunctionTransformer(func=<function power_phase_stft at 0x7fb1ce0fb6a0>), 'model': Ridge(solver='lsqr'), 'model__alpha': 100000000.0, 'reshape': FunctionTransformer(func=<function reshape at 0x7fb1ce140040>), 'second_scale': 'passthrough'}",0.016904912207906686,0.016904912207906686,0.0,2,0.9915115167218651
1,4333.850791931152,0.0,48.12579894065857,0.0,mad_scaling_clipping_channel_trial,power_phase_stft,HistGradientBoostingRegressor,,FunctionTransformer(func=<function reshape at 0x7fb1ce140040>),passthrough,0.001,0.05,0.2,63.0,20.0,"{'first_scale': FunctionTransformer(func=<function mad_scaling_clipping_channel_trial at 0x7fb1ce0fbd80>), 'frequency': FunctionTransformer(func=<function power_phase_stft at 0x7fb1ce0fb6a0>), 'model': HistGradientBoostingRegressor(early_stopping=True, max_iter=300,
                              n_iter_no_change=15, random_state=42,
                              scoring=None), 'model__l2_regularization': 0.001, 'model__learning_rate': 0.05, 'model__max_features': 0.2, 'model__max_leaf_nodes': 63, 'model__min_samples_leaf': 20, 'reshape': FunctionTransformer(func=<function reshape at 0x7fb1ce140040>), 'second_scale': 'passthrough'}",0.09507573014343107,0.09507573014343107,0.0,1,0.9512750758096046
0,5515.328141450882,0.0,50.47309970855713,0.0,passthrough,power_phase_stft,HistGradientBoostingRegressor,,FunctionTransformer(func=<function reshape at 0x7fb1ce140040>),passthrough,0.0,0.05,0.2,63.0,20.0,"{'first_scale': 'passthrough', 'frequency': FunctionTransformer(func=<function power_phase_stft at 0x7fb1ce0fb6a0>), 'model': HistGradientBoostingRegressor(early_stopping=True, max_iter=300,
                              n_iter_no_change=15, random_state=42,
                              scoring=None), 'model__l2_regularization': 0.0, 'model__learning_rate': 0.05, 'model__max_features': 0.2, 'model__max_leaf_nodes': 63, 'model__min_samples_leaf': 20, 'reshape': FunctionTransformer(func=<function reshape at 0x7fb1ce140040>), 'second_scale': 'passthrough'}",0.0993808827948286,0.0993808827948286,0.0,1,0.949009545370947
1,3642.3339993953705,0.0,66.96296262741089,0.0,mad_scaling_clipping_trial_time,power_phase_stft,HistGradientBoostingRegressor,,FunctionTransformer(func=<function reshape at 0x7fb1ce140040>),passthrough,0.0,0.1,0.2,63.0,20.0,"{'first_scale': FunctionTransformer(func=<function mad_scaling_clipping_trial_time at 0x7fb1ce0fbe20>), 'frequency': FunctionTransformer(func=<function power_phase_stft at 0x7fb1ce0fb6a0>), 'model': HistGradientBoostingRegressor(early_stopping=True, max_iter=300,
                              n_iter_no_change=15, random_state=42,
                              scoring=None), 'model__l2_regularization': 0.0, 'model__learning_rate': 0.1, 'model__max_features': 0.2, 'model__max_leaf_nodes': 63, 'model__min_samples_leaf': 20, 'reshape': FunctionTransformer(func=<function reshape at 0x7fb1ce140040>), 'second_scale': 'passthrough'}",0.08944244346879582,0.08944244346879582,0.0,2,0.9542313956956164
0,1887.603492975235,0.0,40.76737952232361,0.0,mad_scaling_clipping_channel_trial,power_phase_stft,Ridge,0.18738174228603868,FunctionTransformer(func=<function reshape at 0x7fb1ce140040>),passthrough,,,,,,"{'first_scale': FunctionTransformer(func=<function mad_scaling_clipping_channel_trial at 0x7fb1ce0fbd80>), 'frequency': FunctionTransformer(func=<function power_phase_stft at 0x7fb1ce0fb6a0>), 'model': Ridge(solver='lsqr'), 'model__alpha': 0.18738174228603868, 'reshape': FunctionTransformer(func=<function reshape at 0x7fb1ce140040>), 'second_scale': 'passthrough'}",-0.7098566681254608,-0.7098566681254608,0.0,2,1.307614877601758
1,3424.2144033908844,0.0,85.09806489944458,0.0,mad_scaling_clipping_channel_trial,power_phase_stft,HistGradientBoostingRegressor,,FunctionTransformer(func=<function reshape at 0x7fb1ce140040>),passthrough,0.0,0.1,0.2,63.0,20.0,"{'first_scale': FunctionTransformer(func=<function mad_scaling_clipping_channel_trial at 0x7fb1ce0fbd80>), 'frequency': FunctionTransformer(func=<function power_phase_stft at 0x7fb1ce0fb6a0>), 'model': HistGradientBoostingRegressor(early_stopping=True, max_iter=300,
                              n_iter_no_change=15, random_state=42,
                              scoring=None), 'model__l2_regularization': 0.0, 'model__learning_rate': 0.1, 'model__max_features': 0.2, 'model__max_leaf_nodes': 63, 'model__min_samples_leaf': 20, 'reshape': FunctionTransformer(func=<function reshape at 0x7fb1ce140040>), 'second_scale': 'passthrough'}",0.0790634776307132,0.0790634776307132,0.0,1,0.9596543765175496
0,3280.9253890514374,0.0,25.65142250061035,0.0,passthrough,power_phase_stft,HistGradientBoostingRegressor,,FunctionTransformer(func=<function reshape at 0x7fb1ce140040>),RobustScaler(copy=False),0.001,0.05,0.05,63.0,20.0,"{'first_scale': 'passthrough', 'frequency': FunctionTransformer(func=<function power_phase_stft at 0x7fb1ce0fb6a0>), 'model': HistGradientBoostingRegressor(early_stopping=True, max_iter=300,
                              n_iter_no_change=15, random_state=42,
                              scoring=None), 'model__l2_regularization': 0.001, 'model__learning_rate': 0.05, 'model__max_features': 0.05, 'model__max_leaf_nodes': 63, 'model__min_samples_leaf': 20, 'reshape': FunctionTransformer(func=<function reshape at 0x7fb1ce140040>), 'second_scale': RobustScaler(copy=False)}",0.10057692649780636,0.10057692649780636,0.0,1,0.948379182343325
1,2992.046976327896,0.0,39.33336567878723,0.0,mad_scaling_clipping_trial_time,power_phase_stft,HistGradientBoostingRegressor,,FunctionTransformer(func=<function reshape at 0x7fb1ce140040>),RobustScaler(copy=False),0.001,0.1,0.05,63.0,20.0,"{'first_scale': FunctionTransformer(func=<function mad_scaling_clipping_trial_time at 0x7fb1ce0fbe20>), 'frequency': FunctionTransformer(func=<function power_phase_stft at 0x7fb1ce0fb6a0>), 'model': HistGradientBoostingRegressor(early_stopping=True, max_iter=300,
                              n_iter_no_change=15, random_state=42,
                              scoring=None), 'model__l2_regularization': 0.001, 'model__learning_rate': 0.1, 'model__max_features': 0.05, 'model__max_leaf_nodes': 63, 'model__min_samples_leaf': 20, 'reshape': FunctionTransformer(func=<function reshape at 0x7fb1ce140040>), 'second_scale': RobustScaler(copy=False)}",0.07618197061354037,0.07618197061354037,0.0,2,0.9611545294001687
0,287.07168912887573,0.0,31.832934856414795,0.0,passthrough,power_phase_stft,Ridge,3511191.7342151417,FunctionTransformer(func=<function reshape at 0x7fb1ce140040>),passthrough,,,,,,"{'first_scale': 'passthrough', 'frequency': FunctionTransformer(func=<function power_phase_stft at 0x7fb1ce0fb6a0>), 'model': Ridge(solver='lsqr'), 'model__alpha': 3511191.7342151417, 'reshape': FunctionTransformer(func=<function reshape at 0x7fb1ce140040>), 'second_scale': 'passthrough'}",0.06370809912381703,0.06370809912381703,0.0,2,0.9676217757348079
1,3348.763260126114,0.0,56.63037395477295,0.0,mad_scaling_clipping_channel_trial,power_phase_stft,HistGradientBoostingRegressor,,FunctionTransformer(func=<function reshape at 0x7fb1ce140040>),passthrough,0.0,0.05,0.2,31.0,20.0,"{'first_scale': FunctionTransformer(func=<function mad_scaling_clipping_channel_trial at 0x7fb1ce0fbd80>), 'frequency': FunctionTransformer(func=<function power_phase_stft at 0x7fb1ce0fb6a0>), 'model': HistGradientBoostingRegressor(early_stopping=True, max_iter=300,
                              n_iter_no_change=15, random_state=42,
                              scoring=None), 'model__l2_regularization': 0.0, 'model__learning_rate': 0.05, 'model__max_features': 0.2, 'model__max_leaf_nodes': 31, 'model__min_samples_leaf': 20, 'reshape': FunctionTransformer(func=<function reshape at 0x7fb1ce140040>), 'second_scale': 'passthrough'}",0.09722603720988265,0.09722603720988265,0.0,1,0.9501441800011814
0,2226.337990283966,0.0,63.926677227020264,0.0,mad_scaling_clipping_trial_time,power_phase_stft,Ridge,151.99110829529332,FunctionTransformer(func=<function reshape at 0x7fb1ce140040>),RobustScaler(copy=False),,,,,,"{'first_scale': FunctionTransformer(func=<function mad_scaling_clipping_trial_time at 0x7fb1ce0fbe20>), 'frequency': FunctionTransformer(func=<function power_phase_stft at 0x7fb1ce0fb6a0>), 'model': Ridge(solver='lsqr'), 'model__alpha': 151.99110829529332, 'reshape': FunctionTransformer(func=<function reshape at 0x7fb1ce140040>), 'second_scale': RobustScaler(copy=False)}",-1.3972122433929286,-1.3972122433929286,0.0,2,1.548293332477063
1,6562.816345691681,0.0,68.72564649581909,0.0,mad_scaling_clipping_trial_time,power_phase_stft,HistGradientBoostingRegressor,,FunctionTransformer(func=<function reshape at 0x7fb1ce140040>),RobustScaler(copy=False),0.0,0.05,0.05,63.0,20.0,"{'first_scale': FunctionTransformer(func=<function mad_scaling_clipping_trial_time at 0x7fb1ce0fbe20>), 'frequency': FunctionTransformer(func=<function power_phase_stft at 0x7fb1ce0fb6a0>), 'model': HistGradientBoostingRegressor(early_stopping=True, max_iter=300,
                              n_iter_no_change=15, random_state=42,
                              scoring=None), 'model__l2_regularization': 0.0, 'model__learning_rate': 0.05, 'model__max_features': 0.05, 'model__max_leaf_nodes': 63, 'model__min_samples_leaf': 20, 'reshape': FunctionTransformer(func=<function reshape at 0x7fb1ce140040>), 'second_scale': RobustScaler(copy=False)}",0.0941846988777516,0.0941846988777516,0.0,1,0.9517432958115588
0,5537.47376871109,0.0,48.347588539123535,0.0,passthrough,power_phase_stft,HistGradientBoostingRegressor,,FunctionTransformer(func=<function reshape at 0x7fb1ce140040>),RobustScaler(copy=False),0.0,0.05,0.1,63.0,20.0,"{'first_scale': 'passthrough', 'frequency': FunctionTransformer(func=<function power_phase_stft at 0x7fb1ce0fb6a0>), 'model': HistGradientBoostingRegressor(early_stopping=True, max_iter=300,
                              n_iter_no_change=15, random_state=42,
                              scoring=None), 'model__l2_regularization': 0.0, 'model__learning_rate': 0.05, 'model__max_features': 0.1, 'model__max_leaf_nodes': 63, 'model__min_samples_leaf': 20, 'reshape': FunctionTransformer(func=<function reshape at 0x7fb1ce140040>), 'second_scale': RobustScaler(copy=False)}",0.10058328298338504,0.10058328298338504,0.0,1,0.9483758311010541
1,5287.559067964554,0.0,70.10930848121643,0.0,mad_scaling_clipping_trial_time,power_phase_stft,HistGradientBoostingRegressor,,FunctionTransformer(func=<function reshape at 0x7fb1ce140040>),RobustScaler(copy=False),0.0,0.1,0.1,63.0,20.0,"{'first_scale': FunctionTransformer(func=<function mad_scaling_clipping_trial_time at 0x7fb1ce0fbe20>), 'frequency': FunctionTransformer(func=<function power_phase_stft at 0x7fb1ce0fb6a0>), 'model': HistGradientBoostingRegressor(early_stopping=True, max_iter=300,
                              n_iter_no_change=15, random_state=42,
                              scoring=None), 'model__l2_regularization': 0.0, 'model__learning_rate': 0.1, 'model__max_features': 0.1, 'model__max_leaf_nodes': 63, 'model__min_samples_leaf': 20, 'reshape': FunctionTransformer(func=<function reshape at 0x7fb1ce140040>), 'second_scale': RobustScaler(copy=False)}",0.07437906464226818,0.07437906464226818,0.0,2,0.9620919578490051
0,4797.7293009758,0.0,33.099732875823975,0.0,passthrough,power_phase_stft,HistGradientBoostingRegressor,,FunctionTransformer(func=<function reshape at 0x7fb1ce140040>),RobustScaler(copy=False),0.0,0.1,0.1,63.0,20.0,"{'first_scale': 'passthrough', 'frequency': FunctionTransformer(func=<function power_phase_stft at 0x7fb1ce0fb6a0>), 'model': HistGradientBoostingRegressor(early_stopping=True, max_iter=300,
                              n_iter_no_change=15, random_state=42,
                              scoring=None), 'model__l2_regularization': 0.0, 'model__learning_rate': 0.1, 'model__max_features': 0.1, 'model__max_leaf_nodes': 63, 'model__min_samples_leaf': 20, 'reshape': FunctionTransformer(func=<function reshape at 0x7fb1ce140040>), 'second_scale': RobustScaler(copy=False)}",0.08546683130280874,0.08546683130280874,0.0,2,0.956312275722314
1,4813.0135107040405,0.0,49.050562143325806,0.0,mad_scaling_clipping_trial_time,power_phase_stft,HistGradientBoostingRegressor,,FunctionTransformer(func=<function reshape at 0x7fb1ce140040>),RobustScaler(copy=False),0.001,0.05,0.1,63.0,20.0,"{'first_scale': FunctionTransformer(func=<function mad_scaling_clipping_trial_time at 0x7fb1ce0fbe20>), 'frequency': FunctionTransformer(func=<function power_phase_stft at 0x7fb1ce0fb6a0>), 'model': HistGradientBoostingRegressor(early_stopping=True, max_iter=300,
                              n_iter_no_change=15, random_state=42,
                              scoring=None), 'model__l2_regularization': 0.001, 'model__learning_rate': 0.05, 'model__max_features': 0.1, 'model__max_leaf_nodes': 63, 'model__min_samples_leaf': 20, 'reshape': FunctionTransformer(func=<function reshape at 0x7fb1ce140040>), 'second_scale': RobustScaler(copy=False)}",0.09761819935465166,0.09761819935465166,0.0,1,0.9499377877763092
0,1665.9737956523895,0.0,48.768083810806274,0.0,mad_scaling_clipping_channel_trial,power_phase_stft,Ridge,2.848035868435805e-07,FunctionTransformer(func=<function reshape at 0x7fb1ce140040>),RobustScaler(copy=False),,,,,,"{'first_scale': FunctionTransformer(func=<function mad_scaling_clipping_channel_trial at 0x7fb1ce0fbd80>), 'frequency': FunctionTransformer(func=<function power_phase_stft at 0x7fb1ce0fb6a0>), 'model': Ridge(solver='lsqr'), 'model__alpha': 2.848035868435805e-07, 'reshape': FunctionTransformer(func=<function reshape at 0x7fb1ce140040>), 'second_scale': RobustScaler(copy=False)}",-1.3309275962496296,-1.3309275962496296,0.0,2,1.5267375662665899
1,5064.536116361618,0.0,61.82550621032715,0.0,mad_scaling_clipping_channel_trial,power_phase_stft,HistGradientBoostingRegressor,,FunctionTransformer(func=<function reshape at 0x7fb1ce140040>),RobustScaler(copy=False),0.0,0.1,0.05,63.0,20.0,"{'first_scale': FunctionTransformer(func=<function mad_scaling_clipping_channel_trial at 0x7fb1ce0fbd80>), 'frequency': FunctionTransformer(func=<function power_phase_stft at 0x7fb1ce0fb6a0>), 'model': HistGradientBoostingRegressor(early_stopping=True, max_iter=300,
                              n_iter_no_change=15, random_state=42,
                              scoring=None), 'model__l2_regularization': 0.0, 'model__learning_rate': 0.1, 'model__max_features': 0.05, 'model__max_leaf_nodes': 63, 'model__min_samples_leaf': 20, 'reshape': FunctionTransformer(func=<function reshape at 0x7fb1ce140040>), 'second_scale': RobustScaler(copy=False)}",0.07446880645050868,0.07446880645050868,0.0,1,0.9620453178252526
0,3024.609693288803,0.0,26.64835500717163,0.0,passthrough,power_phase_stft,HistGradientBoostingRegressor,,FunctionTransformer(func=<function reshape at 0x7fb1ce140040>),RobustScaler(copy=False),0.0,0.1,0.05,63.0,20.0,"{'first_scale': 'passthrough', 'frequency': FunctionTransformer(func=<function power_phase_stft at 0x7fb1ce0fb6a0>), 'model': HistGradientBoostingRegressor(early_stopping=True, max_iter=300,
                              n_iter_no_change=15, random_state=42,
                              scoring=None), 'model__l2_regularization': 0.0, 'model__learning_rate': 0.1, 'model__max_features': 0.05, 'model__max_leaf_nodes': 63, 'model__min_samples_leaf': 20, 'reshape': FunctionTransformer(func=<function reshape at 0x7fb1ce140040>), 'second_scale': RobustScaler(copy=False)}",0.08675350594276166,0.08675350594276166,0.0,2,0.9556393116951805
1,3036.2671313285828,0.0,39.96095323562622,0.0,mad_scaling_clipping_trial_time,power_phase_stft,HistGradientBoostingRegressor,,FunctionTransformer(func=<function reshape at 0x7fb1ce140040>),RobustScaler(copy=False),0.001,0.05,0.05,63.0,20.0,"{'first_scale': FunctionTransformer(func=<function mad_scaling_clipping_trial_time at 0x7fb1ce0fbe20>), 'frequency': FunctionTransformer(func=<function power_phase_stft at 0x7fb1ce0fb6a0>), 'model': HistGradientBoostingRegressor(early_stopping=True, max_iter=300,
                              n_iter_no_change=15, random_state=42,
                              scoring=None), 'model__l2_regularization': 0.001, 'model__learning_rate': 0.05, 'model__max_features': 0.05, 'model__max_leaf_nodes': 63, 'model__min_samples_leaf': 20, 'reshape': FunctionTransformer(func=<function reshape at 0x7fb1ce140040>), 'second_scale': RobustScaler(copy=False)}",0.09423209478463146,0.09423209478463146,0.0,1,0.9517183959635164
0,387.2674434185028,0.0,40.48649764060974,0.0,mad_scaling_clipping_channel_trial,power_phase_stft,Ridge,123284.67394420685,FunctionTransformer(func=<function reshape at 0x7fb1ce140040>),passthrough,,,,,,"{'first_scale': FunctionTransformer(func=<function mad_scaling_clipping_channel_trial at 0x7fb1ce0fbd80>), 'frequency': FunctionTransformer(func=<function power_phase_stft at 0x7fb1ce0fb6a0>), 'model': Ridge(solver='lsqr'), 'model__alpha': 123284.67394420685, 'reshape': FunctionTransformer(func=<function reshape at 0x7fb1ce140040>), 'second_scale': 'passthrough'}",0.012833392254401943,0.012833392254401943,0.0,2,0.9935625837085443
1,3977.9143323898315,0.0,46.27460312843323,0.0,mad_scaling_clipping_channel_trial,power_phase_stft,HistGradientBoostingRegressor,,FunctionTransformer(func=<function reshape at 0x7fb1ce140040>),passthrough,0.001,0.05,0.1,63.0,20.0,"{'first_scale': FunctionTransformer(func=<function mad_scaling_clipping_channel_trial at 0x7fb1ce0fbd80>), 'frequency': FunctionTransformer(func=<function power_phase_stft at 0x7fb1ce0fb6a0>), 'model': HistGradientBoostingRegressor(early_stopping=True, max_iter=300,
                              n_iter_no_change=15, random_state=42,
                              scoring=None), 'model__l2_regularization': 0.001, 'model__learning_rate': 0.05, 'model__max_features': 0.1, 'model__max_leaf_nodes': 63, 'model__min_samples_leaf': 20, 'reshape': FunctionTransformer(func=<function reshape at 0x7fb1ce140040>), 'second_scale': 'passthrough'}",0.09064749866932598,0.09064749866932598,0.0,1,0.9535997595064053
0,2058.434994459152,0.0,22.639872074127197,0.0,passthrough,power_phase_stft,HistGradientBoostingRegressor,,FunctionTransformer(func=<function reshape at 0x7fb1ce140040>),passthrough,0.001,0.05,0.1,31.0,20.0,"{'first_scale': 'passthrough', 'frequency': FunctionTransformer(func=<function power_phase_stft at 0x7fb1ce0fb6a0>), 'model': HistGradientBoostingRegressor(early_stopping=True, max_iter=300,
                              n_iter_no_change=15, random_state=42,
                              scoring=None), 'model__l2_regularization': 0.001, 'model__learning_rate': 0.05, 'model__max_features': 0.1, 'model__max_leaf_nodes': 31, 'model__min_samples_leaf': 20, 'reshape': FunctionTransformer(func=<function reshape at 0x7fb1ce140040>), 'second_scale': 'passthrough'}",0.10066851025598833,0.10066851025598833,0.0,1,0.94833089675704
1,1736.6002924442291,0.0,37.37985801696777,0.0,mad_scaling_clipping_trial_time,power_phase_stft,HistGradientBoostingRegressor,,FunctionTransformer(func=<function reshape at 0x7fb1ce140040>),passthrough,0.001,0.1,0.1,31.0,20.0,"{'first_scale': FunctionTransformer(func=<function mad_scaling_clipping_trial_time at 0x7fb1ce0fbe20>), 'frequency': FunctionTransformer(func=<function power_phase_stft at 0x7fb1ce0fb6a0>), 'model': HistGradientBoostingRegressor(early_stopping=True, max_iter=300,
                              n_iter_no_change=15, random_state=42,
                              scoring=None), 'model__l2_regularization': 0.001, 'model__learning_rate': 0.1, 'model__max_features': 0.1, 'model__max_leaf_nodes': 31, 'model__min_samples_leaf': 20, 'reshape': FunctionTransformer(func=<function reshape at 0x7fb1ce140040>), 'second_scale': 'passthrough'}",0.08908444578082497,0.08908444578082497,0.0,2,0.9544189615777627
0,381.105459690094,0.0,33.52139925956726,0.0,passthrough,power_phase_stft,Ridge,0.006579332246575682,FunctionTransformer(func=<function reshape at 0x7fb1ce140040>),passthrough,,,,,,"{'first_scale': 'passthrough', 'frequency': FunctionTransformer(func=<function power_phase_stft at 0x7fb1ce0fb6a0>), 'model': Ridge(solver='lsqr'), 'model__alpha': 0.006579332246575682, 'reshape': FunctionTransformer(func=<function reshape at 0x7fb1ce140040>), 'second_scale': 'passthrough'}",-0.33228537226145605,-0.33228537226145605,0.0,2,1.1542466687244353
1,3080.8935770988464,0.0,38.28210401535034,0.0,passthrough,power_phase_stft,HistGradientBoostingRegressor,,FunctionTransformer(func=<function reshape at 0x7fb1ce140040>),passthrough,0.001,0.1,0.2,31.0,20.0,"{'first_scale': 'passthrough', 'frequency': FunctionTransformer(func=<function power_phase_stft at 0x7fb1ce0fb6a0>), 'model': HistGradientBoostingRegressor(early_stopping=True, max_iter=300,
                              n_iter_no_change=15, random_state=42,
                              scoring=None), 'model__l2_regularization': 0.001, 'model__learning_rate': 0.1, 'model__max_features': 0.2, 'model__max_leaf_nodes': 31, 'model__min_samples_leaf': 20, 'reshape': FunctionTransformer(func=<function reshape at 0x7fb1ce140040>), 'second_scale': 'passthrough'}",0.08927638031528129,0.08927638031528129,0.0,1,0.9543184058188958
0,3643.7864804267883,0.0,45.987387895584106,0.0,mad_scaling_clipping_trial_time,power_phase_stft,Ridge,5.3366992312063015,FunctionTransformer(func=<function reshape at 0x7fb1ce140040>),passthrough,,,,,,"{'first_scale': FunctionTransformer(func=<function mad_scaling_clipping_trial_time at 0x7fb1ce0fbe20>), 'frequency': FunctionTransformer(func=<function power_phase_stft at 0x7fb1ce0fb6a0>), 'model': Ridge(solver='lsqr'), 'model__alpha': 5.3366992312063015, 'reshape': FunctionTransformer(func=<function reshape at 0x7fb1ce140040>), 'second_scale': 'passthrough'}",-1.0262958157032291,-1.0262958157032291,0.0,2,1.423480177488689
1,5380.8764045238495,0.0,65.9760012626648,0.0,mad_scaling_clipping_trial_time,power_phase_stft,HistGradientBoostingRegressor,,FunctionTransformer(func=<function reshape at 0x7fb1ce140040>),passthrough,0.0,0.05,0.05,31.0,20.0,"{'first_scale': FunctionTransformer(func=<function mad_scaling_clipping_trial_time at 0x7fb1ce0fbe20>), 'frequency': FunctionTransformer(func=<function power_phase_stft at 0x7fb1ce0fb6a0>), 'model': HistGradientBoostingRegressor(early_stopping=True, max_iter=300,
                              n_iter_no_change=15, random_state=42,
                              scoring=None), 'model__l2_regularization': 0.0, 'model__learning_rate': 0.05, 'model__max_features': 0.05, 'model__max_leaf_nodes': 31, 'model__min_samples_leaf': 20, 'reshape': FunctionTransformer(func=<function reshape at 0x7fb1ce140040>), 'second_scale': 'passthrough'}",0.09544839806931305,0.09544839806931305,0.0,1,0.9510791775297611
0,3145.6941266059875,0.0,40.0634548664093,0.0,passthrough,power_phase_stft,HistGradientBoostingRegressor,,FunctionTransformer(func=<function reshape at 0x7fb1ce140040>),passthrough,0.0,0.05,0.05,31.0,20.0,"{'first_scale': 'passthrough', 'frequency': FunctionTransformer(func=<function power_phase_stft at 0x7fb1ce0fb6a0>), 'model': HistGradientBoostingRegressor(early_stopping=True, max_iter=300,
                              n_iter_no_change=15, random_state=42,
                              scoring=None), 'model__l2_regularization': 0.0, 'model__learning_rate': 0.05, 'model__max_features': 0.05, 'model__max_leaf_nodes': 31, 'model__min_samples_leaf': 20, 'reshape': FunctionTransformer(func=<function reshape at 0x7fb1ce140040>), 'second_scale': 'passthrough'}",0.0970058426414826,0.0970058426414826,0.0,1,0.9502600472283981
1,2888.4160447120667,0.0,61.119025468826294,0.0,mad_scaling_clipping_trial_time,power_phase_stft,HistGradientBoostingRegressor,,FunctionTransformer(func=<function reshape at 0x7fb1ce140040>),passthrough,0.0,0.1,0.05,31.0,20.0,"{'first_scale': FunctionTransformer(func=<function mad_scaling_clipping_trial_time at 0x7fb1ce0fbe20>), 'frequency': FunctionTransformer(func=<function power_phase_stft at 0x7fb1ce0fb6a0>), 'model': HistGradientBoostingRegressor(early_stopping=True, max_iter=300,
                              n_iter_no_change=15, random_state=42,
                              scoring=None), 'model__l2_regularization': 0.0, 'model__learning_rate': 0.1, 'model__max_features': 0.05, 'model__max_leaf_nodes': 31, 'model__min_samples_leaf': 20, 'reshape': FunctionTransformer(func=<function reshape at 0x7fb1ce140040>), 'second_scale': 'passthrough'}",0.08860599759188992,0.08860599759188992,0.0,2,0.954669577606886
0,3345.424978494644,0.0,29.038809537887573,0.0,passthrough,power_phase_stft,HistGradientBoostingRegressor,,FunctionTransformer(func=<function reshape at 0x7fb1ce140040>),passthrough,0.001,0.05,0.2,63.0,20.0,"{'first_scale': 'passthrough', 'frequency': FunctionTransformer(func=<function power_phase_stft at 0x7fb1ce0fb6a0>), 'model': HistGradientBoostingRegressor(early_stopping=True, max_iter=300,
                              n_iter_no_change=15, random_state=42,
                              scoring=None), 'model__l2_regularization': 0.001, 'model__learning_rate': 0.05, 'model__max_features': 0.2, 'model__max_leaf_nodes': 63, 'model__min_samples_leaf': 20, 'reshape': FunctionTransformer(func=<function reshape at 0x7fb1ce140040>), 'second_scale': 'passthrough'}",0.0986023878191793,0.0986023878191793,0.0,1,0.9494196185990791
1,3647.5255925655365,0.0,46.485268115997314,0.0,mad_scaling_clipping_trial_time,power_phase_stft,HistGradientBoostingRegressor,,FunctionTransformer(func=<function reshape at 0x7fb1ce140040>),passthrough,0.001,0.1,0.2,63.0,20.0,"{'first_scale': FunctionTransformer(func=<function mad_scaling_clipping_trial_time at 0x7fb1ce0fbe20>), 'frequency': FunctionTransformer(func=<function power_phase_stft at 0x7fb1ce0fb6a0>), 'model': HistGradientBoostingRegressor(early_stopping=True, max_iter=300,
                              n_iter_no_change=15, random_state=42,
                              scoring=None), 'model__l2_regularization': 0.001, 'model__learning_rate': 0.1, 'model__max_features': 0.2, 'model__max_leaf_nodes': 63, 'model__min_samples_leaf': 20, 'reshape': FunctionTransformer(func=<function reshape at 0x7fb1ce140040>), 'second_scale': 'passthrough'}",0.08032351051658915,0.08032351051658915,0.0,2,0.9589976483200628
0,376.87538051605225,0.0,33.57850956916809,0.0,passthrough,power_phase_stft,Ridge,2.848035868435805e-07,FunctionTransformer(func=<function reshape at 0x7fb1ce140040>),passthrough,,,,,,"{'first_scale': 'passthrough', 'frequency': FunctionTransformer(func=<function power_phase_stft at 0x7fb1ce0fb6a0>), 'model': Ridge(solver='lsqr'), 'model__alpha': 2.848035868435805e-07, 'reshape': FunctionTransformer(func=<function reshape at 0x7fb1ce140040>), 'second_scale': 'passthrough'}",-0.33227249115584967,-0.33227249115584967,0.0,2,1.1542410888353654
1,4494.291004896164,0.0,38.63668656349182,0.0,passthrough,power_phase_stft,HistGradientBoostingRegressor,,FunctionTransformer(func=<function reshape at 0x7fb1ce140040>),passthrough,0.001,0.1,0.05,63.0,20.0,"{'first_scale': 'passthrough', 'frequency': FunctionTransformer(func=<function power_phase_stft at 0x7fb1ce0fb6a0>), 'model': HistGradientBoostingRegressor(early_stopping=True, max_iter=300,
                              n_iter_no_change=15, random_state=42,
                              scoring=None), 'model__l2_regularization': 0.001, 'model__learning_rate': 0.1, 'model__max_features': 0.05, 'model__max_leaf_nodes': 63, 'model__min_samples_leaf': 20, 'reshape': FunctionTransformer(func=<function reshape at 0x7fb1ce140040>), 'second_scale': 'passthrough'}",0.08408956559014136,0.08408956559014136,0.0,1,0.9570320968545719
0,991.4256091117859,0.0,32.81575322151184,0.0,passthrough,power_phase_stft,Ridge,100000000.0,FunctionTransformer(func=<function reshape at 0x7fb1ce140040>),RobustScaler(copy=False),,,,,,"{'first_scale': 'passthrough', 'frequency': FunctionTransformer(func=<function power_phase_stft at 0x7fb1ce0fb6a0>), 'model': Ridge(solver='lsqr'), 'model__alpha': 100000000.0, 'reshape': FunctionTransformer(func=<function reshape at 0x7fb1ce140040>), 'second_scale': RobustScaler(copy=False)}",-0.200441293434646,-0.200441293434646,0.0,2,1.0956465184696413
1,5182.349504947662,0.0,59.01931929588318,0.0,mad_scaling_clipping_channel_trial,power_phase_stft,HistGradientBoostingRegressor,,FunctionTransformer(func=<function reshape at 0x7fb1ce140040>),RobustScaler(copy=False),0.0,0.05,0.2,63.0,20.0,"{'first_scale': FunctionTransformer(func=<function mad_scaling_clipping_channel_trial at 0x7fb1ce0fbd80>), 'frequency': FunctionTransformer(func=<function power_phase_stft at 0x7fb1ce0fb6a0>), 'model': HistGradientBoostingRegressor(early_stopping=True, max_iter=300,
                              n_iter_no_change=15, random_state=42,
                              scoring=None), 'model__l2_regularization': 0.0, 'model__learning_rate': 0.05, 'model__max_features': 0.2, 'model__max_leaf_nodes': 63, 'model__min_samples_leaf': 20, 'reshape': FunctionTransformer(func=<function reshape at 0x7fb1ce140040>), 'second_scale': RobustScaler(copy=False)}",0.09532506240811567,0.09532506240811567,0.0,1,0.9511440151690407
0,2883.3012478351593,0.0,25.17923402786255,0.0,passthrough,power_phase_stft,HistGradientBoostingRegressor,,FunctionTransformer(func=<function reshape at 0x7fb1ce140040>),passthrough,0.001,0.05,0.1,63.0,20.0,"{'first_scale': 'passthrough', 'frequency': FunctionTransformer(func=<function power_phase_stft at 0x7fb1ce0fb6a0>), 'model': HistGradientBoostingRegressor(early_stopping=True, max_iter=300,
                              n_iter_no_change=15, random_state=42,
                              scoring=None), 'model__l2_regularization': 0.001, 'model__learning_rate': 0.05, 'model__max_features': 0.1, 'model__max_leaf_nodes': 63, 'model__min_samples_leaf': 20, 'reshape': FunctionTransformer(func=<function reshape at 0x7fb1ce140040>), 'second_scale': 'passthrough'}",0.09886551941294175,0.09886551941294175,0.0,1,0.9492810335127624
1,2285.9121396541595,0.0,38.599005937576294,0.0,mad_scaling_clipping_trial_time,power_phase_stft,HistGradientBoostingRegressor,,FunctionTransformer(func=<function reshape at 0x7fb1ce140040>),passthrough,0.001,0.1,0.1,63.0,20.0,"{'first_scale': FunctionTransformer(func=<function mad_scaling_clipping_trial_time at 0x7fb1ce0fbe20>), 'frequency': FunctionTransformer(func=<function power_phase_stft at 0x7fb1ce0fb6a0>), 'model': HistGradientBoostingRegressor(early_stopping=True, max_iter=300,
                              n_iter_no_change=15, random_state=42,
                              scoring=None), 'model__l2_regularization': 0.001, 'model__learning_rate': 0.1, 'model__max_features': 0.1, 'model__max_leaf_nodes': 63, 'model__min_samples_leaf': 20, 'reshape': FunctionTransformer(func=<function reshape at 0x7fb1ce140040>), 'second_scale': 'passthrough'}",0.07796149727544055,0.07796149727544055,0.0,2,0.9602283596752178
0,1840.4295682907104,0.0,64.40090560913086,0.0,mad_scaling_clipping_channel_trial,power_phase_stft,Ridge,1e-08,FunctionTransformer(func=<function reshape at 0x7fb1ce140040>),RobustScaler(copy=False),,,,,,"{'first_scale': FunctionTransformer(func=<function mad_scaling_clipping_channel_trial at 0x7fb1ce0fbd80>), 'frequency': FunctionTransformer(func=<function power_phase_stft at 0x7fb1ce0fb6a0>), 'model': Ridge(solver='lsqr'), 'model__alpha': 1e-08, 'reshape': FunctionTransformer(func=<function reshape at 0x7fb1ce140040>), 'second_scale': RobustScaler(copy=False)}",-1.3313597648176811,-1.3313597648176811,0.0,2,1.5268790930580198
1,4022.8181805610657,0.0,67.443354845047,0.0,mad_scaling_clipping_channel_trial,power_phase_stft,HistGradientBoostingRegressor,,FunctionTransformer(func=<function reshape at 0x7fb1ce140040>),RobustScaler(copy=False),0.0,0.1,0.05,31.0,20.0,"{'first_scale': FunctionTransformer(func=<function mad_scaling_clipping_channel_trial at 0x7fb1ce0fbd80>), 'frequency': FunctionTransformer(func=<function power_phase_stft at 0x7fb1ce0fb6a0>), 'model': HistGradientBoostingRegressor(early_stopping=True, max_iter=300,
                              n_iter_no_change=15, random_state=42,
                              scoring=None), 'model__l2_regularization': 0.0, 'model__learning_rate': 0.1, 'model__max_features': 0.05, 'model__max_leaf_nodes': 31, 'model__min_samples_leaf': 20, 'reshape': FunctionTransformer(func=<function reshape at 0x7fb1ce140040>), 'second_scale': RobustScaler(copy=False)}",0.08608132026130033,0.08608132026130033,0.0,1,0.9559909412430118
0,1920.136220216751,0.0,40.626413345336914,0.0,mad_scaling_clipping_channel_trial,power_phase_stft,Ridge,0.006579332246575682,FunctionTransformer(func=<function reshape at 0x7fb1ce140040>),RobustScaler(copy=False),,,,,,"{'first_scale': FunctionTransformer(func=<function mad_scaling_clipping_channel_trial at 0x7fb1ce0fbd80>), 'frequency': FunctionTransformer(func=<function power_phase_stft at 0x7fb1ce0fb6a0>), 'model': Ridge(solver='lsqr'), 'model__alpha': 0.006579332246575682, 'reshape': FunctionTransformer(func=<function reshape at 0x7fb1ce140040>), 'second_scale': RobustScaler(copy=False)}",-1.334584281010771,-1.334584281010771,0.0,2,1.527934645529962
1,2663.8727748394012,0.0,50.113078355789185,0.0,mad_scaling_clipping_channel_trial,power_phase_stft,HistGradientBoostingRegressor,,FunctionTransformer(func=<function reshape at 0x7fb1ce140040>),RobustScaler(copy=False),0.0,0.1,0.2,31.0,20.0,"{'first_scale': FunctionTransformer(func=<function mad_scaling_clipping_channel_trial at 0x7fb1ce0fbd80>), 'frequency': FunctionTransformer(func=<function power_phase_stft at 0x7fb1ce0fb6a0>), 'model': HistGradientBoostingRegressor(early_stopping=True, max_iter=300,
                              n_iter_no_change=15, random_state=42,
                              scoring=None), 'model__l2_regularization': 0.0, 'model__learning_rate': 0.1, 'model__max_features': 0.2, 'model__max_leaf_nodes': 31, 'model__min_samples_leaf': 20, 'reshape': FunctionTransformer(func=<function reshape at 0x7fb1ce140040>), 'second_scale': RobustScaler(copy=False)}",0.08470912819920662,0.08470912819920662,0.0,1,0.9567083525300661
0,1096.6689965724945,0.0,43.53105449676514,0.0,mad_scaling_clipping_trial_time,power_phase_stft,Ridge,0.18738174228603868,FunctionTransformer(func=<function reshape at 0x7fb1ce140040>),passthrough,,,,,,"{'first_scale': FunctionTransformer(func=<function mad_scaling_clipping_trial_time at 0x7fb1ce0fbe20>), 'frequency': FunctionTransformer(func=<function power_phase_stft at 0x7fb1ce0fb6a0>), 'model': Ridge(solver='lsqr'), 'model__alpha': 0.18738174228603868, 'reshape': FunctionTransformer(func=<function reshape at 0x7fb1ce140040>), 'second_scale': 'passthrough'}",-1.1032120599157227,-1.1032120599157227,0.0,2,1.4502455171162305
1,2389.359748840332,0.0,42.641488552093506,0.0,mad_scaling_clipping_channel_trial,power_phase_stft,HistGradientBoostingRegressor,,FunctionTransformer(func=<function reshape at 0x7fb1ce140040>),passthrough,0.001,0.1,0.2,63.0,20.0,"{'first_scale': FunctionTransformer(func=<function mad_scaling_clipping_channel_trial at 0x7fb1ce0fbd80>), 'frequency': FunctionTransformer(func=<function power_phase_stft at 0x7fb1ce0fb6a0>), 'model': HistGradientBoostingRegressor(early_stopping=True, max_iter=300,
                              n_iter_no_change=15, random_state=42,
                              scoring=None), 'model__l2_regularization': 0.001, 'model__learning_rate': 0.1, 'model__max_features': 0.2, 'model__max_leaf_nodes': 63, 'model__min_samples_leaf': 20, 'reshape': FunctionTransformer(func=<function reshape at 0x7fb1ce140040>), 'second_scale': 'passthrough'}",0.0823346013971209,0.0823346013971209,0.0,1,0.9579485365106412
0,2094.065857410431,0.0,40.89053678512573,0.0,mad_scaling_clipping_channel_trial,power_phase_stft,Ridge,0.006579332246575682,FunctionTransformer(func=<function reshape at 0x7fb1ce140040>),passthrough,,,,,,"{'first_scale': FunctionTransformer(func=<function mad_scaling_clipping_channel_trial at 0x7fb1ce0fbd80>), 'frequency': FunctionTransformer(func=<function power_phase_stft at 0x7fb1ce0fb6a0>), 'model': Ridge(solver='lsqr'), 'model__alpha': 0.006579332246575682, 'reshape': FunctionTransformer(func=<function reshape at 0x7fb1ce140040>), 'second_scale': 'passthrough'}",-0.7102706374976522,-0.7102706374976522,0.0,2,1.307773159801673
1,2345.0188233852386,0.0,48.67583250999451,0.0,mad_scaling_clipping_channel_trial,power_phase_stft,HistGradientBoostingRegressor,,FunctionTransformer(func=<function reshape at 0x7fb1ce140040>),passthrough,0.0,0.1,0.2,31.0,20.0,"{'first_scale': FunctionTransformer(func=<function mad_scaling_clipping_channel_trial at 0x7fb1ce0fbd80>), 'frequency': FunctionTransformer(func=<function power_phase_stft at 0x7fb1ce0fb6a0>), 'model': HistGradientBoostingRegressor(early_stopping=True, max_iter=300,
                              n_iter_no_change=15, random_state=42,
                              scoring=None), 'model__l2_regularization': 0.0, 'model__learning_rate': 0.1, 'model__max_features': 0.2, 'model__max_leaf_nodes': 31, 'model__min_samples_leaf': 20, 'reshape': FunctionTransformer(func=<function reshape at 0x7fb1ce140040>), 'second_scale': 'passthrough'}",0.0896598375830876,0.0896598375830876,0.0,1,0.9541174783101463
0,2840.3059079647064,0.0,46.365782737731934,0.0,mad_scaling_clipping_trial_time,power_phase_stft,Ridge,2.848035868435805e-07,FunctionTransformer(func=<function reshape at 0x7fb1ce140040>),RobustScaler(copy=False),,,,,,"{'first_scale': FunctionTransformer(func=<function mad_scaling_clipping_trial_time at 0x7fb1ce0fbe20>), 'frequency': FunctionTransformer(func=<function power_phase_stft at 0x7fb1ce0fb6a0>), 'model': Ridge(solver='lsqr'), 'model__alpha': 2.848035868435805e-07, 'reshape': FunctionTransformer(func=<function reshape at 0x7fb1ce140040>), 'second_scale': RobustScaler(copy=False)}",-1.607778500660407,-1.607778500660407,0.0,2,1.6148617589937557
1,5739.573057174683,0.0,49.970760345458984,0.0,mad_scaling_clipping_channel_trial,power_phase_stft,HistGradientBoostingRegressor,,FunctionTransformer(func=<function reshape at 0x7fb1ce140040>),RobustScaler(copy=False),0.001,0.1,0.05,63.0,20.0,"{'first_scale': FunctionTransformer(func=<function mad_scaling_clipping_channel_trial at 0x7fb1ce0fbd80>), 'frequency': FunctionTransformer(func=<function power_phase_stft at 0x7fb1ce0fb6a0>), 'model': HistGradientBoostingRegressor(early_stopping=True, max_iter=300,
                              n_iter_no_change=15, random_state=42,
                              scoring=None), 'model__l2_regularization': 0.001, 'model__learning_rate': 0.1, 'model__max_features': 0.05, 'model__max_leaf_nodes': 63, 'model__min_samples_leaf': 20, 'reshape': FunctionTransformer(func=<function reshape at 0x7fb1ce140040>), 'second_scale': RobustScaler(copy=False)}",0.07460317173197495,0.07460317173197495,0.0,1,0.9619754821553536
0,1516.5183410644531,0.0,32.077430963516235,0.0,passthrough,power_phase_stft,Ridge,151.99110829529332,FunctionTransformer(func=<function reshape at 0x7fb1ce140040>),RobustScaler(copy=False),,,,,,"{'first_scale': 'passthrough', 'frequency': FunctionTransformer(func=<function power_phase_stft at 0x7fb1ce0fb6a0>), 'model': Ridge(solver='lsqr'), 'model__alpha': 151.99110829529332, 'reshape': FunctionTransformer(func=<function reshape at 0x7fb1ce140040>), 'second_scale': RobustScaler(copy=False)}",-12.193533757569993,-12.193533757569993,0.0,2,3.632290428582218
1,5002.112539768219,0.0,55.935561180114746,0.0,mad_scaling_clipping_channel_trial,power_phase_stft,HistGradientBoostingRegressor,,FunctionTransformer(func=<function reshape at 0x7fb1ce140040>),RobustScaler(copy=False),0.0,0.05,0.05,63.0,20.0,"{'first_scale': FunctionTransformer(func=<function mad_scaling_clipping_channel_trial at 0x7fb1ce0fbd80>), 'frequency': FunctionTransformer(func=<function power_phase_stft at 0x7fb1ce0fb6a0>), 'model': HistGradientBoostingRegressor(early_stopping=True, max_iter=300,
                              n_iter_no_change=15, random_state=42,
                              scoring=None), 'model__l2_regularization': 0.0, 'model__learning_rate': 0.05, 'model__max_features': 0.05, 'model__max_leaf_nodes': 63, 'model__min_samples_leaf': 20, 'reshape': FunctionTransformer(func=<function reshape at 0x7fb1ce140040>), 'second_scale': RobustScaler(copy=False)}",0.09109860817402848,0.09109860817402848,0.0,1,0.953363200373274
0,4137.696169376373,0.0,70.40014600753784,0.0,mad_scaling_clipping_channel_trial,power_phase_stft,Ridge,5.3366992312063015,FunctionTransformer(func=<function reshape at 0x7fb1ce140040>),passthrough,,,,,,"{'first_scale': FunctionTransformer(func=<function mad_scaling_clipping_channel_trial at 0x7fb1ce0fbd80>), 'frequency': FunctionTransformer(func=<function power_phase_stft at 0x7fb1ce0fb6a0>), 'model': Ridge(solver='lsqr'), 'model__alpha': 5.3366992312063015, 'reshape': FunctionTransformer(func=<function reshape at 0x7fb1ce140040>), 'second_scale': 'passthrough'}",-0.6787012817130849,-0.6787012817130849,0.0,2,1.2956470513658744
1,4260.406949520111,0.0,51.82173442840576,0.0,mad_scaling_clipping_channel_trial,power_phase_stft,HistGradientBoostingRegressor,,FunctionTransformer(func=<function reshape at 0x7fb1ce140040>),passthrough,0.001,0.05,0.05,31.0,20.0,"{'first_scale': FunctionTransformer(func=<function mad_scaling_clipping_channel_trial at 0x7fb1ce0fbd80>), 'frequency': FunctionTransformer(func=<function power_phase_stft at 0x7fb1ce0fb6a0>), 'model': HistGradientBoostingRegressor(early_stopping=True, max_iter=300,
                              n_iter_no_change=15, random_state=42,
                              scoring=None), 'model__l2_regularization': 0.001, 'model__learning_rate': 0.05, 'model__max_features': 0.05, 'model__max_leaf_nodes': 31, 'model__min_samples_leaf': 20, 'reshape': FunctionTransformer(func=<function reshape at 0x7fb1ce140040>), 'second_scale': 'passthrough'}",0.09529541624594173,0.09529541624594173,0.0,1,0.9511595995173777
0,263.06914615631104,0.0,32.00126910209656,0.0,passthrough,power_phase_stft,Ridge,100000000.0,FunctionTransformer(func=<function reshape at 0x7fb1ce140040>),passthrough,,,,,,"{'first_scale': 'passthrough', 'frequency': FunctionTransformer(func=<function power_phase_stft at 0x7fb1ce0fb6a0>), 'model': Ridge(solver='lsqr'), 'model__alpha': 100000000.0, 'reshape': FunctionTransformer(func=<function reshape at 0x7fb1ce140040>), 'second_scale': 'passthrough'}",0.015945988599450955,0.015945988599450955,0.0,2,0.991994965410888
1,4590.797852039337,0.0,57.960973501205444,0.0,mad_scaling_clipping_channel_trial,power_phase_stft,HistGradientBoostingRegressor,,FunctionTransformer(func=<function reshape at 0x7fb1ce140040>),passthrough,0.0,0.05,0.2,63.0,20.0,"{'first_scale': FunctionTransformer(func=<function mad_scaling_clipping_channel_trial at 0x7fb1ce0fbd80>), 'frequency': FunctionTransformer(func=<function power_phase_stft at 0x7fb1ce0fb6a0>), 'model': HistGradientBoostingRegressor(early_stopping=True, max_iter=300,
                              n_iter_no_change=15, random_state=42,
                              scoring=None), 'model__l2_regularization': 0.0, 'model__learning_rate': 0.05, 'model__max_features': 0.2, 'model__max_leaf_nodes': 63, 'model__min_samples_leaf': 20, 'reshape': FunctionTransformer(func=<function reshape at 0x7fb1ce140040>), 'second_scale': 'passthrough'}",0.09491807889813186,0.09491807889813186,0.0,1,0.9513579353229089
0,1839.6012032032013,0.0,121.84542107582092,0.0,mad_scaling_clipping_channel_trial,power_phase_stft,Ridge,8.111308307896873e-06,FunctionTransformer(func=<function reshape at 0x7fb1ce140040>),passthrough,,,,,,"{'first_scale': FunctionTransformer(func=<function mad_scaling_clipping_channel_trial at 0x7fb1ce0fbd80>), 'frequency': FunctionTransformer(func=<function power_phase_stft at 0x7fb1ce0fb6a0>), 'model': Ridge(solver='lsqr'), 'model__alpha': 8.111308307896873e-06, 'reshape': FunctionTransformer(func=<function reshape at 0x7fb1ce140040>), 'second_scale': 'passthrough'}",-0.7131424965676607,-0.7131424965676607,0.0,2,1.3088706951290723
1,4795.650249481201,0.0,79.62269258499146,0.0,mad_scaling_clipping_channel_trial,power_phase_stft,HistGradientBoostingRegressor,,FunctionTransformer(func=<function reshape at 0x7fb1ce140040>),passthrough,0.0,0.1,0.1,31.0,20.0,"{'first_scale': FunctionTransformer(func=<function mad_scaling_clipping_channel_trial at 0x7fb1ce0fbd80>), 'frequency': FunctionTransformer(func=<function power_phase_stft at 0x7fb1ce0fb6a0>), 'model': HistGradientBoostingRegressor(early_stopping=True, max_iter=300,
                              n_iter_no_change=15, random_state=42,
                              scoring=None), 'model__l2_regularization': 0.0, 'model__learning_rate': 0.1, 'model__max_features': 0.1, 'model__max_leaf_nodes': 31, 'model__min_samples_leaf': 20, 'reshape': FunctionTransformer(func=<function reshape at 0x7fb1ce140040>), 'second_scale': 'passthrough'}",0.09231040593824191,0.09231040593824191,0.0,1,0.9527274500410693
0,2032.3621985912323,0.0,41.085155963897705,0.0,passthrough,power_phase_stft,Ridge,4328.7612810830615,FunctionTransformer(func=<function reshape at 0x7fb1ce140040>),RobustScaler(copy=False),,,,,,"{'first_scale': 'passthrough', 'frequency': FunctionTransformer(func=<function power_phase_stft at 0x7fb1ce0fb6a0>), 'model': Ridge(solver='lsqr'), 'model__alpha': 4328.7612810830615, 'reshape': FunctionTransformer(func=<function reshape at 0x7fb1ce140040>), 'second_scale': RobustScaler(copy=False)}",-15.418925605446589,-15.418925605446589,0.0,2,4.052027345101041
1,4549.955032110214,0.0,62.550302028656006,0.0,mad_scaling_clipping_channel_trial,power_phase_stft,HistGradientBoostingRegressor,,FunctionTransformer(func=<function reshape at 0x7fb1ce140040>),RobustScaler(copy=False),0.0,0.05,0.1,31.0,20.0,"{'first_scale': FunctionTransformer(func=<function mad_scaling_clipping_channel_trial at 0x7fb1ce0fbd80>), 'frequency': FunctionTransformer(func=<function power_phase_stft at 0x7fb1ce0fb6a0>), 'model': HistGradientBoostingRegressor(early_stopping=True, max_iter=300,
                              n_iter_no_change=15, random_state=42,
                              scoring=None), 'model__l2_regularization': 0.0, 'model__learning_rate': 0.05, 'model__max_features': 0.1, 'model__max_leaf_nodes': 31, 'model__min_samples_leaf': 20, 'reshape': FunctionTransformer(func=<function reshape at 0x7fb1ce140040>), 'second_scale': RobustScaler(copy=False)}",0.09495832549086736,0.09495832549086736,0.0,1,0.9513367829055769
0,3442.9684364795685,0.0,68.14341855049133,0.0,mad_scaling_clipping_channel_trial,power_phase_stft,Ridge,0.0002310129700083158,FunctionTransformer(func=<function reshape at 0x7fb1ce140040>),RobustScaler(copy=False),,,,,,"{'first_scale': FunctionTransformer(func=<function mad_scaling_clipping_channel_trial at 0x7fb1ce0fbd80>), 'frequency': FunctionTransformer(func=<function power_phase_stft at 0x7fb1ce0fb6a0>), 'model': Ridge(solver='lsqr'), 'model__alpha': 0.0002310129700083158, 'reshape': FunctionTransformer(func=<function reshape at 0x7fb1ce140040>), 'second_scale': RobustScaler(copy=False)}",-1.331359559261788,-1.331359559261788,0.0,2,1.5268790257455853
1,6748.8061170578,0.0,78.98956346511841,0.0,mad_scaling_clipping_channel_trial,power_phase_stft,HistGradientBoostingRegressor,,FunctionTransformer(func=<function reshape at 0x7fb1ce140040>),RobustScaler(copy=False),0.0,0.1,0.1,63.0,20.0,"{'first_scale': FunctionTransformer(func=<function mad_scaling_clipping_channel_trial at 0x7fb1ce0fbd80>), 'frequency': FunctionTransformer(func=<function power_phase_stft at 0x7fb1ce0fb6a0>), 'model': HistGradientBoostingRegressor(early_stopping=True, max_iter=300,
                              n_iter_no_change=15, random_state=42,
                              scoring=None), 'model__l2_regularization': 0.0, 'model__learning_rate': 0.1, 'model__max_features': 0.1, 'model__max_leaf_nodes': 63, 'model__min_samples_leaf': 20, 'reshape': FunctionTransformer(func=<function reshape at 0x7fb1ce140040>), 'second_scale': RobustScaler(copy=False)}",0.07909209659157701,0.07909209659157701,0.0,1,0.9596394653245681
0,3327.565685749054,0.0,110.30299592018127,0.0,mad_scaling_clipping_channel_trial,power_phase_stft,Ridge,151.99110829529332,FunctionTransformer(func=<function reshape at 0x7fb1ce140040>),passthrough,,,,,,"{'first_scale': FunctionTransformer(func=<function mad_scaling_clipping_channel_trial at 0x7fb1ce0fbd80>), 'frequency': FunctionTransformer(func=<function power_phase_stft at 0x7fb1ce0fb6a0>), 'model': Ridge(solver='lsqr'), 'model__alpha': 151.99110829529332, 'reshape': FunctionTransformer(func=<function reshape at 0x7fb1ce140040>), 'second_scale': 'passthrough'}",-0.42400367645784165,-0.42400367645784165,0.0,2,1.1933162516524451
1,8244.103448152542,0.0,117.47732043266296,0.0,mad_scaling_clipping_channel_trial,power_phase_stft,HistGradientBoostingRegressor,,FunctionTransformer(func=<function reshape at 0x7fb1ce140040>),passthrough,0.001,0.05,0.05,63.0,20.0,"{'first_scale': FunctionTransformer(func=<function mad_scaling_clipping_channel_trial at 0x7fb1ce0fbd80>), 'frequency': FunctionTransformer(func=<function power_phase_stft at 0x7fb1ce0fb6a0>), 'model': HistGradientBoostingRegressor(early_stopping=True, max_iter=300,
                              n_iter_no_change=15, random_state=42,
                              scoring=None), 'model__l2_regularization': 0.001, 'model__learning_rate': 0.05, 'model__max_features': 0.05, 'model__max_leaf_nodes': 63, 'model__min_samples_leaf': 20, 'reshape': FunctionTransformer(func=<function reshape at 0x7fb1ce140040>), 'second_scale': 'passthrough'}",0.09223804555448367,0.09223804555448367,0.0,1,0.9527654246694285
0,13581.60110783577,0.0,201.83814692497253,0.0,passthrough,power_phase_stft,HistGradientBoostingRegressor,,FunctionTransformer(func=<function reshape at 0x7fb1ce140040>),passthrough,0.0,0.1,0.1,31.0,20.0,"{'first_scale': 'passthrough', 'frequency': FunctionTransformer(func=<function power_phase_stft at 0x7fb1ce0fb6a0>), 'model': HistGradientBoostingRegressor(early_stopping=True, max_iter=300,
                              n_iter_no_change=15, random_state=42,
                              scoring=None), 'model__l2_regularization': 0.0, 'model__learning_rate': 0.1, 'model__max_features': 0.1, 'model__max_leaf_nodes': 31, 'model__min_samples_leaf': 20, 'reshape': FunctionTransformer(func=<function reshape at 0x7fb1ce140040>), 'second_scale': 'passthrough'}",0.09409211467969814,0.09409211467969814,0.0,2,0.951791933838642
1,14789.349487543106,0.0,318.8240969181061,0.0,mad_scaling_clipping_trial_time,power_phase_stft,HistGradientBoostingRegressor,,FunctionTransformer(func=<function reshape at 0x7fb1ce140040>),passthrough,0.001,0.05,0.1,31.0,20.0,"{'first_scale': FunctionTransformer(func=<function mad_scaling_clipping_trial_time at 0x7fb1ce0fbe20>), 'frequency': FunctionTransformer(func=<function power_phase_stft at 0x7fb1ce0fb6a0>), 'model': HistGradientBoostingRegressor(early_stopping=True, max_iter=300,
                              n_iter_no_change=15, random_state=42,
                              scoring=None), 'model__l2_regularization': 0.001, 'model__learning_rate': 0.05, 'model__max_features': 0.1, 'model__max_leaf_nodes': 31, 'model__min_samples_leaf': 20, 'reshape': FunctionTransformer(func=<function reshape at 0x7fb1ce140040>), 'second_scale': 'passthrough'}",0.09639285910989792,0.09639285910989792,0.0,1,0.9505825271327588
0,3040.386771440506,0.0,76.08489465713501,0.0,mad_scaling_clipping_trial_time,power_phase_stft,Ridge,5.3366992312063015,FunctionTransformer(func=<function reshape at 0x7fb1ce140040>),RobustScaler(copy=False),,,,,,"{'first_scale': FunctionTransformer(func=<function mad_scaling_clipping_trial_time at 0x7fb1ce0fbe20>), 'frequency': FunctionTransformer(func=<function power_phase_stft at 0x7fb1ce0fb6a0>), 'model': Ridge(solver='lsqr'), 'model__alpha': 5.3366992312063015, 'reshape': FunctionTransformer(func=<function reshape at 0x7fb1ce140040>), 'second_scale': RobustScaler(copy=False)}",-1.6003614511245274,-1.6003614511245274,0.0,2,1.6125636270003512
1,5825.817689180374,0.0,124.84317588806152,0.0,mad_scaling_clipping_trial_time,power_phase_stft,HistGradientBoostingRegressor,,FunctionTransformer(func=<function reshape at 0x7fb1ce140040>),RobustScaler(copy=False),0.0,0.05,0.05,31.0,20.0,"{'first_scale': FunctionTransformer(func=<function mad_scaling_clipping_trial_time at 0x7fb1ce0fbe20>), 'frequency': FunctionTransformer(func=<function power_phase_stft at 0x7fb1ce0fb6a0>), 'model': HistGradientBoostingRegressor(early_stopping=True, max_iter=300,
                              n_iter_no_change=15, random_state=42,
                              scoring=None), 'model__l2_regularization': 0.0, 'model__learning_rate': 0.05, 'model__max_features': 0.05, 'model__max_leaf_nodes': 31, 'model__min_samples_leaf': 20, 'reshape': FunctionTransformer(func=<function reshape at 0x7fb1ce140040>), 'second_scale': RobustScaler(copy=False)}",0.09499369272591707,0.09499369272591707,0.0,1,0.9513181945459064
0,2521.5328826904297,0.0,55.169301986694336,0.0,mad_scaling_clipping_trial_time,power_phase_stft,Ridge,0.0002310129700083158,FunctionTransformer(func=<function reshape at 0x7fb1ce140040>),passthrough,,,,,,"{'first_scale': FunctionTransformer(func=<function mad_scaling_clipping_trial_time at 0x7fb1ce0fbe20>), 'frequency': FunctionTransformer(func=<function power_phase_stft at 0x7fb1ce0fb6a0>), 'model': Ridge(solver='lsqr'), 'model__alpha': 0.0002310129700083158, 'reshape': FunctionTransformer(func=<function reshape at 0x7fb1ce140040>), 'second_scale': 'passthrough'}",-1.1074541113966925,-1.1074541113966925,0.0,2,1.4517073091352446
1,4211.952176570892,0.0,59.24150824546814,0.0,mad_scaling_clipping_channel_trial,power_phase_stft,HistGradientBoostingRegressor,,FunctionTransformer(func=<function reshape at 0x7fb1ce140040>),passthrough,0.001,0.1,0.1,63.0,20.0,"{'first_scale': FunctionTransformer(func=<function mad_scaling_clipping_channel_trial at 0x7fb1ce0fbd80>), 'frequency': FunctionTransformer(func=<function power_phase_stft at 0x7fb1ce0fb6a0>), 'model': HistGradientBoostingRegressor(early_stopping=True, max_iter=300,
                              n_iter_no_change=15, random_state=42,
                              scoring=None), 'model__l2_regularization': 0.001, 'model__learning_rate': 0.1, 'model__max_features': 0.1, 'model__max_leaf_nodes': 63, 'model__min_samples_leaf': 20, 'reshape': FunctionTransformer(func=<function reshape at 0x7fb1ce140040>), 'second_scale': 'passthrough'}",0.08369401388246112,0.08369401388246112,0.0,1,0.9572387299506528
0,1585.9284710884094,0.0,31.471017122268677,0.0,passthrough,power_phase_stft,Ridge,1e-08,FunctionTransformer(func=<function reshape at 0x7fb1ce140040>),RobustScaler(copy=False),,,,,,"{'first_scale': 'passthrough', 'frequency': FunctionTransformer(func=<function power_phase_stft at 0x7fb1ce0fb6a0>), 'model': Ridge(solver='lsqr'), 'model__alpha': 1e-08, 'reshape': FunctionTransformer(func=<function reshape at 0x7fb1ce140040>), 'second_scale': RobustScaler(copy=False)}",-18.196867388286968,-18.196867388286968,0.0,2,4.381422986689024
1,3448.2588126659393,0.0,41.80614399909973,0.0,passthrough,power_phase_stft,HistGradientBoostingRegressor,,FunctionTransformer(func=<function reshape at 0x7fb1ce140040>),RobustScaler(copy=False),0.001,0.1,0.05,31.0,20.0,"{'first_scale': 'passthrough', 'frequency': FunctionTransformer(func=<function power_phase_stft at 0x7fb1ce0fb6a0>), 'model': HistGradientBoostingRegressor(early_stopping=True, max_iter=300,
                              n_iter_no_change=15, random_state=42,
                              scoring=None), 'model__l2_regularization': 0.001, 'model__learning_rate': 0.1, 'model__max_features': 0.05, 'model__max_leaf_nodes': 31, 'model__min_samples_leaf': 20, 'reshape': FunctionTransformer(func=<function reshape at 0x7fb1ce140040>), 'second_scale': RobustScaler(copy=False)}",0.0917849962928099,0.0917849962928099,0.0,1,0.953003149893635
0,2610.6432116031647,0.0,53.768452167510986,0.0,mad_scaling_clipping_trial_time,power_phase_stft,Ridge,0.006579332246575682,FunctionTransformer(func=<function reshape at 0x7fb1ce140040>),passthrough,,,,,,"{'first_scale': FunctionTransformer(func=<function mad_scaling_clipping_trial_time at 0x7fb1ce0fbe20>), 'frequency': FunctionTransformer(func=<function power_phase_stft at 0x7fb1ce0fb6a0>), 'model': Ridge(solver='lsqr'), 'model__alpha': 0.006579332246575682, 'reshape': FunctionTransformer(func=<function reshape at 0x7fb1ce140040>), 'second_scale': 'passthrough'}",-1.1072974459943463,-1.1072974459943463,0.0,2,1.451653349114156
1,3459.862698316574,0.0,70.4942684173584,0.0,mad_scaling_clipping_channel_trial,power_phase_stft,HistGradientBoostingRegressor,,FunctionTransformer(func=<function reshape at 0x7fb1ce140040>),passthrough,0.001,0.1,0.2,31.0,20.0,"{'first_scale': FunctionTransformer(func=<function mad_scaling_clipping_channel_trial at 0x7fb1ce0fbd80>), 'frequency': FunctionTransformer(func=<function power_phase_stft at 0x7fb1ce0fb6a0>), 'model': HistGradientBoostingRegressor(early_stopping=True, max_iter=300,
                              n_iter_no_change=15, random_state=42,
                              scoring=None), 'model__l2_regularization': 0.001, 'model__learning_rate': 0.1, 'model__max_features': 0.2, 'model__max_leaf_nodes': 31, 'model__min_samples_leaf': 20, 'reshape': FunctionTransformer(func=<function reshape at 0x7fb1ce140040>), 'second_scale': 'passthrough'}",0.09038868271980494,0.09038868271980494,0.0,1,0.9537354545576017
0,2616.66868019104,0.0,46.04068112373352,0.0,mad_scaling_clipping_trial_time,power_phase_stft,Ridge,1e-08,FunctionTransformer(func=<function reshape at 0x7fb1ce140040>),RobustScaler(copy=False),,,,,,"{'first_scale': FunctionTransformer(func=<function mad_scaling_clipping_trial_time at 0x7fb1ce0fbe20>), 'frequency': FunctionTransformer(func=<function power_phase_stft at 0x7fb1ce0fb6a0>), 'model': Ridge(solver='lsqr'), 'model__alpha': 1e-08, 'reshape': FunctionTransformer(func=<function reshape at 0x7fb1ce140040>), 'second_scale': RobustScaler(copy=False)}",-1.607778500660407,-1.607778500660407,0.0,2,1.6148617589937557
1,3696.9300153255463,0.0,53.307764530181885,0.0,mad_scaling_clipping_channel_trial,power_phase_stft,HistGradientBoostingRegressor,,FunctionTransformer(func=<function reshape at 0x7fb1ce140040>),RobustScaler(copy=False),0.001,0.1,0.05,31.0,20.0,"{'first_scale': FunctionTransformer(func=<function mad_scaling_clipping_channel_trial at 0x7fb1ce0fbd80>), 'frequency': FunctionTransformer(func=<function power_phase_stft at 0x7fb1ce0fb6a0>), 'model': HistGradientBoostingRegressor(early_stopping=True, max_iter=300,
                              n_iter_no_change=15, random_state=42,
                              scoring=None), 'model__l2_regularization': 0.001, 'model__learning_rate': 0.1, 'model__max_features': 0.05, 'model__max_leaf_nodes': 31, 'model__min_samples_leaf': 20, 'reshape': FunctionTransformer(func=<function reshape at 0x7fb1ce140040>), 'second_scale': RobustScaler(copy=False)}",0.08425230853444843,0.08425230853444843,0.0,1,0.9569470682673894
0,2584.8025443553925,0.0,58.63664245605469,0.0,mad_scaling_clipping_trial_time,power_phase_stft,Ridge,1e-08,FunctionTransformer(func=<function reshape at 0x7fb1ce140040>),passthrough,,,,,,"{'first_scale': FunctionTransformer(func=<function mad_scaling_clipping_trial_time at 0x7fb1ce0fbe20>), 'frequency': FunctionTransformer(func=<function power_phase_stft at 0x7fb1ce0fb6a0>), 'model': Ridge(solver='lsqr'), 'model__alpha': 1e-08, 'reshape': FunctionTransformer(func=<function reshape at 0x7fb1ce140040>), 'second_scale': 'passthrough'}",-1.1074570804563169,-1.1074570804563169,0.0,2,1.4517083317444717
1,3474.9419062137604,0.0,58.59279489517212,0.0,mad_scaling_clipping_channel_trial,power_phase_stft,HistGradientBoostingRegressor,,FunctionTransformer(func=<function reshape at 0x7fb1ce140040>),passthrough,0.001,0.1,0.05,31.0,20.0,"{'first_scale': FunctionTransformer(func=<function mad_scaling_clipping_channel_trial at 0x7fb1ce0fbd80>), 'frequency': FunctionTransformer(func=<function power_phase_stft at 0x7fb1ce0fb6a0>), 'model': HistGradientBoostingRegressor(early_stopping=True, max_iter=300,
                              n_iter_no_change=15, random_state=42,
                              scoring=None), 'model__l2_regularization': 0.001, 'model__learning_rate': 0.1, 'model__max_features': 0.05, 'model__max_leaf_nodes': 31, 'model__min_samples_leaf': 20, 'reshape': FunctionTransformer(func=<function reshape at 0x7fb1ce140040>), 'second_scale': 'passthrough'}",0.08592118576670882,0.08592118576670882,0.0,1,0.9560746907189266
0,3789.6939747333527,0.0,49.99437975883484,0.0,passthrough,power_phase_stft,HistGradientBoostingRegressor,,FunctionTransformer(func=<function reshape at 0x7fb1ce140040>),passthrough,0.0,0.05,0.1,31.0,20.0,"{'first_scale': 'passthrough', 'frequency': FunctionTransformer(func=<function power_phase_stft at 0x7fb1ce0fb6a0>), 'model': HistGradientBoostingRegressor(early_stopping=True, max_iter=300,
                              n_iter_no_change=15, random_state=42,
                              scoring=None), 'model__l2_regularization': 0.0, 'model__learning_rate': 0.05, 'model__max_features': 0.1, 'model__max_leaf_nodes': 31, 'model__min_samples_leaf': 20, 'reshape': FunctionTransformer(func=<function reshape at 0x7fb1ce140040>), 'second_scale': 'passthrough'}",0.09974553262653263,0.09974553262653263,0.0,1,0.9488174046535336
1,3638.1941962242126,0.0,71.97340512275696,0.0,mad_scaling_clipping_trial_time,power_phase_stft,HistGradientBoostingRegressor,,FunctionTransformer(func=<function reshape at 0x7fb1ce140040>),passthrough,0.0,0.1,0.1,31.0,20.0,"{'first_scale': FunctionTransformer(func=<function mad_scaling_clipping_trial_time at 0x7fb1ce0fbe20>), 'frequency': FunctionTransformer(func=<function power_phase_stft at 0x7fb1ce0fb6a0>), 'model': HistGradientBoostingRegressor(early_stopping=True, max_iter=300,
                              n_iter_no_change=15, random_state=42,
                              scoring=None), 'model__l2_regularization': 0.0, 'model__learning_rate': 0.1, 'model__max_features': 0.1, 'model__max_leaf_nodes': 31, 'model__min_samples_leaf': 20, 'reshape': FunctionTransformer(func=<function reshape at 0x7fb1ce140040>), 'second_scale': 'passthrough'}",0.08622020968138122,0.08622020968138122,0.0,2,0.9559182968845291
0,4141.530382633209,0.0,51.39948272705078,0.0,passthrough,power_phase_stft,HistGradientBoostingRegressor,,FunctionTransformer(func=<function reshape at 0x7fb1ce140040>),RobustScaler(copy=False),0.0,0.05,0.1,31.0,20.0,"{'first_scale': 'passthrough', 'frequency': FunctionTransformer(func=<function power_phase_stft at 0x7fb1ce0fb6a0>), 'model': HistGradientBoostingRegressor(early_stopping=True, max_iter=300,
                              n_iter_no_change=15, random_state=42,
                              scoring=None), 'model__l2_regularization': 0.0, 'model__learning_rate': 0.05, 'model__max_features': 0.1, 'model__max_leaf_nodes': 31, 'model__min_samples_leaf': 20, 'reshape': FunctionTransformer(func=<function reshape at 0x7fb1ce140040>), 'second_scale': RobustScaler(copy=False)}",0.1008294357343057,0.1008294357343057,0.0,1,0.9482460462694766
1,4028.422250032425,0.0,70.39988541603088,0.0,mad_scaling_clipping_trial_time,power_phase_stft,HistGradientBoostingRegressor,,FunctionTransformer(func=<function reshape at 0x7fb1ce140040>),RobustScaler(copy=False),0.0,0.1,0.1,31.0,20.0,"{'first_scale': FunctionTransformer(func=<function mad_scaling_clipping_trial_time at 0x7fb1ce0fbe20>), 'frequency': FunctionTransformer(func=<function power_phase_stft at 0x7fb1ce0fb6a0>), 'model': HistGradientBoostingRegressor(early_stopping=True, max_iter=300,
                              n_iter_no_change=15, random_state=42,
                              scoring=None), 'model__l2_regularization': 0.0, 'model__learning_rate': 0.1, 'model__max_features': 0.1, 'model__max_leaf_nodes': 31, 'model__min_samples_leaf': 20, 'reshape': FunctionTransformer(func=<function reshape at 0x7fb1ce140040>), 'second_scale': RobustScaler(copy=False)}",0.08733016152922357,0.08733016152922357,0.0,2,0.9553375521096071
0,344.78642416000366,0.0,29.74047303199768,0.0,passthrough,power_phase_stft,Ridge,0.0002310129700083158,FunctionTransformer(func=<function reshape at 0x7fb1ce140040>),passthrough,,,,,,"{'first_scale': 'passthrough', 'frequency': FunctionTransformer(func=<function power_phase_stft at 0x7fb1ce0fb6a0>), 'model': Ridge(solver='lsqr'), 'model__alpha': 0.0002310129700083158, 'reshape': FunctionTransformer(func=<function reshape at 0x7fb1ce140040>), 'second_scale': 'passthrough'}",-0.33229929304394923,-0.33229929304394923,0.0,2,1.1542526989545874
1,4197.144686460495,0.0,37.001405239105225,0.0,passthrough,power_phase_stft,HistGradientBoostingRegressor,,FunctionTransformer(func=<function reshape at 0x7fb1ce140040>),passthrough,0.001,0.1,0.1,63.0,20.0,"{'first_scale': 'passthrough', 'frequency': FunctionTransformer(func=<function power_phase_stft at 0x7fb1ce0fb6a0>), 'model': HistGradientBoostingRegressor(early_stopping=True, max_iter=300,
                              n_iter_no_change=15, random_state=42,
                              scoring=None), 'model__l2_regularization': 0.001, 'model__learning_rate': 0.1, 'model__max_features': 0.1, 'model__max_leaf_nodes': 63, 'model__min_samples_leaf': 20, 'reshape': FunctionTransformer(func=<function reshape at 0x7fb1ce140040>), 'second_scale': 'passthrough'}",0.08428747763327671,0.08428747763327671,0.0,1,0.9569286924148127
0,372.1004545688629,0.0,33.29901432991028,0.0,passthrough,power_phase_stft,Ridge,5.3366992312063015,FunctionTransformer(func=<function reshape at 0x7fb1ce140040>),passthrough,,,,,,"{'first_scale': 'passthrough', 'frequency': FunctionTransformer(func=<function power_phase_stft at 0x7fb1ce0fb6a0>), 'model': Ridge(solver='lsqr'), 'model__alpha': 5.3366992312063015, 'reshape': FunctionTransformer(func=<function reshape at 0x7fb1ce140040>), 'second_scale': 'passthrough'}",-0.3322801147304124,-0.3322801147304124,0.0,2,1.1542443912492764
1,3294.3500351905823,0.0,57.3098304271698,0.0,mad_scaling_clipping_channel_trial,power_phase_stft,HistGradientBoostingRegressor,,FunctionTransformer(func=<function reshape at 0x7fb1ce140040>),passthrough,0.0,0.05,0.05,31.0,20.0,"{'first_scale': FunctionTransformer(func=<function mad_scaling_clipping_channel_trial at 0x7fb1ce0fbd80>), 'frequency': FunctionTransformer(func=<function power_phase_stft at 0x7fb1ce0fb6a0>), 'model': HistGradientBoostingRegressor(early_stopping=True, max_iter=300,
                              n_iter_no_change=15, random_state=42,
                              scoring=None), 'model__l2_regularization': 0.0, 'model__learning_rate': 0.05, 'model__max_features': 0.05, 'model__max_leaf_nodes': 31, 'model__min_samples_leaf': 20, 'reshape': FunctionTransformer(func=<function reshape at 0x7fb1ce140040>), 'second_scale': 'passthrough'}",0.09436406631722616,0.09436406631722616,0.0,1,0.951649060149157
0,2154.276638031006,0.0,25.648115158081055,0.0,passthrough,power_phase_stft,HistGradientBoostingRegressor,,FunctionTransformer(func=<function reshape at 0x7fb1ce140040>),RobustScaler(copy=False),0.0,0.1,0.1,31.0,20.0,"{'first_scale': 'passthrough', 'frequency': FunctionTransformer(func=<function power_phase_stft at 0x7fb1ce0fb6a0>), 'model': HistGradientBoostingRegressor(early_stopping=True, max_iter=300,
                              n_iter_no_change=15, random_state=42,
                              scoring=None), 'model__l2_regularization': 0.0, 'model__learning_rate': 0.1, 'model__max_features': 0.1, 'model__max_leaf_nodes': 31, 'model__min_samples_leaf': 20, 'reshape': FunctionTransformer(func=<function reshape at 0x7fb1ce140040>), 'second_scale': RobustScaler(copy=False)}",0.09392119118577602,0.09392119118577602,0.0,2,0.951881719970619
1,2286.738269329071,0.0,39.65994477272034,0.0,mad_scaling_clipping_trial_time,power_phase_stft,HistGradientBoostingRegressor,,FunctionTransformer(func=<function reshape at 0x7fb1ce140040>),RobustScaler(copy=False),0.001,0.05,0.1,31.0,20.0,"{'first_scale': FunctionTransformer(func=<function mad_scaling_clipping_trial_time at 0x7fb1ce0fbe20>), 'frequency': FunctionTransformer(func=<function power_phase_stft at 0x7fb1ce0fb6a0>), 'model': HistGradientBoostingRegressor(early_stopping=True, max_iter=300,
                              n_iter_no_change=15, random_state=42,
                              scoring=None), 'model__l2_regularization': 0.001, 'model__learning_rate': 0.05, 'model__max_features': 0.1, 'model__max_leaf_nodes': 31, 'model__min_samples_leaf': 20, 'reshape': FunctionTransformer(func=<function reshape at 0x7fb1ce140040>), 'second_scale': RobustScaler(copy=False)}",0.09639285910989792,0.09639285910989792,0.0,1,0.9505825271327588
0,3885.184475660324,0.0,81.57923364639282,0.0,mad_scaling_clipping_trial_time,power_phase_stft,Ridge,8.111308307896873e-06,FunctionTransformer(func=<function reshape at 0x7fb1ce140040>),RobustScaler(copy=False),,,,,,"{'first_scale': FunctionTransformer(func=<function mad_scaling_clipping_trial_time at 0x7fb1ce0fbe20>), 'frequency': FunctionTransformer(func=<function power_phase_stft at 0x7fb1ce0fb6a0>), 'model': Ridge(solver='lsqr'), 'model__alpha': 8.111308307896873e-06, 'reshape': FunctionTransformer(func=<function reshape at 0x7fb1ce140040>), 'second_scale': RobustScaler(copy=False)}",-1.607778500660407,-1.607778500660407,0.0,2,1.6148617589937557
1,5982.754982709885,0.0,65.53579092025757,0.0,mad_scaling_clipping_channel_trial,power_phase_stft,HistGradientBoostingRegressor,,FunctionTransformer(func=<function reshape at 0x7fb1ce140040>),RobustScaler(copy=False),0.001,0.1,0.1,31.0,20.0,"{'first_scale': FunctionTransformer(func=<function mad_scaling_clipping_channel_trial at 0x7fb1ce0fbd80>), 'frequency': FunctionTransformer(func=<function power_phase_stft at 0x7fb1ce0fb6a0>), 'model': HistGradientBoostingRegressor(early_stopping=True, max_iter=300,
                              n_iter_no_change=15, random_state=42,
                              scoring=None), 'model__l2_regularization': 0.001, 'model__learning_rate': 0.1, 'model__max_features': 0.1, 'model__max_leaf_nodes': 31, 'model__min_samples_leaf': 20, 'reshape': FunctionTransformer(func=<function reshape at 0x7fb1ce140040>), 'second_scale': RobustScaler(copy=False)}",0.08639118268792101,0.08639118268792101,0.0,1,0.9558288640295809
0,1534.6541442871094,0.0,30.795815467834473,0.0,passthrough,power_phase_stft,Ridge,5.3366992312063015,FunctionTransformer(func=<function reshape at 0x7fb1ce140040>),RobustScaler(copy=False),,,,,,"{'first_scale': 'passthrough', 'frequency': FunctionTransformer(func=<function power_phase_stft at 0x7fb1ce0fb6a0>), 'model': Ridge(solver='lsqr'), 'model__alpha': 5.3366992312063015, 'reshape': FunctionTransformer(func=<function reshape at 0x7fb1ce140040>), 'second_scale': RobustScaler(copy=False)}",-12.194580519346122,-12.194580519346122,0.0,2,3.6324345168696603
1,3665.3139338493347,0.0,55.088879346847534,0.0,mad_scaling_clipping_channel_trial,power_phase_stft,HistGradientBoostingRegressor,,FunctionTransformer(func=<function reshape at 0x7fb1ce140040>),RobustScaler(copy=False),0.0,0.05,0.05,31.0,20.0,"{'first_scale': FunctionTransformer(func=<function mad_scaling_clipping_channel_trial at 0x7fb1ce0fbd80>), 'frequency': FunctionTransformer(func=<function power_phase_stft at 0x7fb1ce0fb6a0>), 'model': HistGradientBoostingRegressor(early_stopping=True, max_iter=300,
                              n_iter_no_change=15, random_state=42,
                              scoring=None), 'model__l2_regularization': 0.0, 'model__learning_rate': 0.05, 'model__max_features': 0.05, 'model__max_leaf_nodes': 31, 'model__min_samples_leaf': 20, 'reshape': FunctionTransformer(func=<function reshape at 0x7fb1ce140040>), 'second_scale': RobustScaler(copy=False)}",0.09508604258367281,0.09508604258367281,0.0,1,0.9512696554691141
0,4008.4324522018433,0.0,29.813015937805176,0.0,passthrough,power_phase_stft,HistGradientBoostingRegressor,,FunctionTransformer(func=<function reshape at 0x7fb1ce140040>),passthrough,0.0,0.1,0.1,63.0,20.0,"{'first_scale': 'passthrough', 'frequency': FunctionTransformer(func=<function power_phase_stft at 0x7fb1ce0fb6a0>), 'model': HistGradientBoostingRegressor(early_stopping=True, max_iter=300,
                              n_iter_no_change=15, random_state=42,
                              scoring=None), 'model__l2_regularization': 0.0, 'model__learning_rate': 0.1, 'model__max_features': 0.1, 'model__max_leaf_nodes': 63, 'model__min_samples_leaf': 20, 'reshape': FunctionTransformer(func=<function reshape at 0x7fb1ce140040>), 'second_scale': 'passthrough'}",0.08512798948803368,0.08512798948803368,0.0,2,0.9564894199686509
1,4057.649345397949,0.0,47.70380210876465,0.0,mad_scaling_clipping_trial_time,power_phase_stft,HistGradientBoostingRegressor,,FunctionTransformer(func=<function reshape at 0x7fb1ce140040>),passthrough,0.001,0.05,0.1,63.0,20.0,"{'first_scale': FunctionTransformer(func=<function mad_scaling_clipping_trial_time at 0x7fb1ce0fbe20>), 'frequency': FunctionTransformer(func=<function power_phase_stft at 0x7fb1ce0fb6a0>), 'model': HistGradientBoostingRegressor(early_stopping=True, max_iter=300,
                              n_iter_no_change=15, random_state=42,
                              scoring=None), 'model__l2_regularization': 0.001, 'model__learning_rate': 0.05, 'model__max_features': 0.1, 'model__max_leaf_nodes': 63, 'model__min_samples_leaf': 20, 'reshape': FunctionTransformer(func=<function reshape at 0x7fb1ce140040>), 'second_scale': 'passthrough'}",0.09571938262898738,0.09571938262898738,0.0,1,0.9509367052391093
0,1582.9489290714264,0.0,33.22430443763733,0.0,mad_scaling_clipping_trial_time,power_phase_stft,Ridge,0.006579332246575682,FunctionTransformer(func=<function reshape at 0x7fb1ce140040>),RobustScaler(copy=False),,,,,,"{'first_scale': FunctionTransformer(func=<function mad_scaling_clipping_trial_time at 0x7fb1ce0fbe20>), 'frequency': FunctionTransformer(func=<function power_phase_stft at 0x7fb1ce0fb6a0>), 'model': Ridge(solver='lsqr'), 'model__alpha': 0.006579332246575682, 'reshape': FunctionTransformer(func=<function reshape at 0x7fb1ce140040>), 'second_scale': RobustScaler(copy=False)}",-1.587414017418241,-1.587414017418241,0.0,2,1.6085440676022031
1,2352.6382162570953,0.0,36.288233518600464,0.0,mad_scaling_clipping_channel_trial,power_phase_stft,HistGradientBoostingRegressor,,FunctionTransformer(func=<function reshape at 0x7fb1ce140040>),RobustScaler(copy=False),0.001,0.1,0.2,31.0,20.0,"{'first_scale': FunctionTransformer(func=<function mad_scaling_clipping_channel_trial at 0x7fb1ce0fbd80>), 'frequency': FunctionTransformer(func=<function power_phase_stft at 0x7fb1ce0fb6a0>), 'model': HistGradientBoostingRegressor(early_stopping=True, max_iter=300,
                              n_iter_no_change=15, random_state=42,
                              scoring=None), 'model__l2_regularization': 0.001, 'model__learning_rate': 0.1, 'model__max_features': 0.2, 'model__max_leaf_nodes': 31, 'model__min_samples_leaf': 20, 'reshape': FunctionTransformer(func=<function reshape at 0x7fb1ce140040>), 'second_scale': RobustScaler(copy=False)}",0.08542630299085519,0.08542630299085519,0.0,1,0.9563334653817908
0,879.7638120651245,0.0,65.7328577041626,0.0,mad_scaling_clipping_trial_time,power_phase_stft,Ridge,4328.7612810830615,FunctionTransformer(func=<function reshape at 0x7fb1ce140040>),passthrough,,,,,,"{'first_scale': FunctionTransformer(func=<function mad_scaling_clipping_trial_time at 0x7fb1ce0fbe20>), 'frequency': FunctionTransformer(func=<function power_phase_stft at 0x7fb1ce0fb6a0>), 'model': Ridge(solver='lsqr'), 'model__alpha': 4328.7612810830615, 'reshape': FunctionTransformer(func=<function reshape at 0x7fb1ce140040>), 'second_scale': 'passthrough'}",-0.2683865378919128,-0.2683865378919128,0.0,2,1.1262266813976274
1,4887.08048915863,0.0,76.19494986534119,0.0,mad_scaling_clipping_trial_time,power_phase_stft,HistGradientBoostingRegressor,,FunctionTransformer(func=<function reshape at 0x7fb1ce140040>),passthrough,0.0,0.05,0.1,31.0,20.0,"{'first_scale': FunctionTransformer(func=<function mad_scaling_clipping_trial_time at 0x7fb1ce0fbe20>), 'frequency': FunctionTransformer(func=<function power_phase_stft at 0x7fb1ce0fb6a0>), 'model': HistGradientBoostingRegressor(early_stopping=True, max_iter=300,
                              n_iter_no_change=15, random_state=42,
                              scoring=None), 'model__l2_regularization': 0.0, 'model__learning_rate': 0.05, 'model__max_features': 0.1, 'model__max_leaf_nodes': 31, 'model__min_samples_leaf': 20, 'reshape': FunctionTransformer(func=<function reshape at 0x7fb1ce140040>), 'second_scale': 'passthrough'}",0.09639232365775263,0.09639232365775263,0.0,1,0.9505828087769352
0,6106.365762472153,0.0,54.81544375419617,0.0,passthrough,power_phase_stft,HistGradientBoostingRegressor,,FunctionTransformer(func=<function reshape at 0x7fb1ce140040>),RobustScaler(copy=False),0.0,0.1,0.2,63.0,20.0,"{'first_scale': 'passthrough', 'frequency': FunctionTransformer(func=<function power_phase_stft at 0x7fb1ce0fb6a0>), 'model': HistGradientBoostingRegressor(early_stopping=True, max_iter=300,
                              n_iter_no_change=15, random_state=42,
                              scoring=None), 'model__l2_regularization': 0.0, 'model__learning_rate': 0.1, 'model__max_features': 0.2, 'model__max_leaf_nodes': 63, 'model__min_samples_leaf': 20, 'reshape': FunctionTransformer(func=<function reshape at 0x7fb1ce140040>), 'second_scale': RobustScaler(copy=False)}",0.07870096824490846,0.07870096824490846,0.0,2,0.9598432329058175
1,6293.868696928024,0.0,69.65001225471497,0.0,mad_scaling_clipping_trial_time,power_phase_stft,HistGradientBoostingRegressor,,FunctionTransformer(func=<function reshape at 0x7fb1ce140040>),RobustScaler(copy=False),0.001,0.05,0.2,63.0,20.0,"{'first_scale': FunctionTransformer(func=<function mad_scaling_clipping_trial_time at 0x7fb1ce0fbe20>), 'frequency': FunctionTransformer(func=<function power_phase_stft at 0x7fb1ce0fb6a0>), 'model': HistGradientBoostingRegressor(early_stopping=True, max_iter=300,
                              n_iter_no_change=15, random_state=42,
                              scoring=None), 'model__l2_regularization': 0.001, 'model__learning_rate': 0.05, 'model__max_features': 0.2, 'model__max_leaf_nodes': 63, 'model__min_samples_leaf': 20, 'reshape': FunctionTransformer(func=<function reshape at 0x7fb1ce140040>), 'second_scale': RobustScaler(copy=False)}",0.09409896403061657,0.09409896403061657,0.0,1,0.9517883356972723
0,2577.544033050537,0.0,27.116556882858276,0.0,passthrough,power_phase_stft,HistGradientBoostingRegressor,,FunctionTransformer(func=<function reshape at 0x7fb1ce140040>),RobustScaler(copy=False),0.001,0.05,0.2,31.0,20.0,"{'first_scale': 'passthrough', 'frequency': FunctionTransformer(func=<function power_phase_stft at 0x7fb1ce0fb6a0>), 'model': HistGradientBoostingRegressor(early_stopping=True, max_iter=300,
                              n_iter_no_change=15, random_state=42,
                              scoring=None), 'model__l2_regularization': 0.001, 'model__learning_rate': 0.05, 'model__max_features': 0.2, 'model__max_leaf_nodes': 31, 'model__min_samples_leaf': 20, 'reshape': FunctionTransformer(func=<function reshape at 0x7fb1ce140040>), 'second_scale': RobustScaler(copy=False)}",0.10110472182170627,0.10110472182170627,0.0,1,0.9481008797476637
1,2815.2823371887207,0.0,42.33768582344055,0.0,mad_scaling_clipping_trial_time,power_phase_stft,HistGradientBoostingRegressor,,FunctionTransformer(func=<function reshape at 0x7fb1ce140040>),RobustScaler(copy=False),0.001,0.1,0.2,31.0,20.0,"{'first_scale': FunctionTransformer(func=<function mad_scaling_clipping_trial_time at 0x7fb1ce0fbe20>), 'frequency': FunctionTransformer(func=<function power_phase_stft at 0x7fb1ce0fb6a0>), 'model': HistGradientBoostingRegressor(early_stopping=True, max_iter=300,
                              n_iter_no_change=15, random_state=42,
                              scoring=None), 'model__l2_regularization': 0.001, 'model__learning_rate': 0.1, 'model__max_features': 0.2, 'model__max_leaf_nodes': 31, 'model__min_samples_leaf': 20, 'reshape': FunctionTransformer(func=<function reshape at 0x7fb1ce140040>), 'second_scale': RobustScaler(copy=False)}",0.08830228413733476,0.08830228413733476,0.0,2,0.954828631673069
0,3523.390069961548,0.0,46.824501276016235,0.0,passthrough,power_phase_stft,HistGradientBoostingRegressor,,FunctionTransformer(func=<function reshape at 0x7fb1ce140040>),passthrough,0.0,0.1,0.2,31.0,20.0,"{'first_scale': 'passthrough', 'frequency': FunctionTransformer(func=<function power_phase_stft at 0x7fb1ce0fb6a0>), 'model': HistGradientBoostingRegressor(early_stopping=True, max_iter=300,
                              n_iter_no_change=15, random_state=42,
                              scoring=None), 'model__l2_regularization': 0.0, 'model__learning_rate': 0.1, 'model__max_features': 0.2, 'model__max_leaf_nodes': 31, 'model__min_samples_leaf': 20, 'reshape': FunctionTransformer(func=<function reshape at 0x7fb1ce140040>), 'second_scale': 'passthrough'}",0.09215689407018768,0.09215689407018768,0.0,2,0.9528080110545946
1,3762.570088863373,0.0,66.35745930671692,0.0,mad_scaling_clipping_trial_time,power_phase_stft,HistGradientBoostingRegressor,,FunctionTransformer(func=<function reshape at 0x7fb1ce140040>),passthrough,0.001,0.05,0.2,31.0,20.0,"{'first_scale': FunctionTransformer(func=<function mad_scaling_clipping_trial_time at 0x7fb1ce0fbe20>), 'frequency': FunctionTransformer(func=<function power_phase_stft at 0x7fb1ce0fb6a0>), 'model': HistGradientBoostingRegressor(early_stopping=True, max_iter=300,
                              n_iter_no_change=15, random_state=42,
                              scoring=None), 'model__l2_regularization': 0.001, 'model__learning_rate': 0.05, 'model__max_features': 0.2, 'model__max_leaf_nodes': 31, 'model__min_samples_leaf': 20, 'reshape': FunctionTransformer(func=<function reshape at 0x7fb1ce140040>), 'second_scale': 'passthrough'}",0.09398283716932221,0.09398283716932221,0.0,1,0.9518493383044807
0,3916.9533104896545,0.0,50.934300661087036,0.0,passthrough,power_phase_stft,HistGradientBoostingRegressor,,FunctionTransformer(func=<function reshape at 0x7fb1ce140040>),passthrough,0.001,0.05,0.05,31.0,20.0,"{'first_scale': 'passthrough', 'frequency': FunctionTransformer(func=<function power_phase_stft at 0x7fb1ce0fb6a0>), 'model': HistGradientBoostingRegressor(early_stopping=True, max_iter=300,
                              n_iter_no_change=15, random_state=42,
                              scoring=None), 'model__l2_regularization': 0.001, 'model__learning_rate': 0.05, 'model__max_features': 0.05, 'model__max_leaf_nodes': 31, 'model__min_samples_leaf': 20, 'reshape': FunctionTransformer(func=<function reshape at 0x7fb1ce140040>), 'second_scale': 'passthrough'}",0.09866960680963566,0.09866960680963566,0.0,1,0.9493842178961921
1,3964.746884584427,0.0,66.5155131816864,0.0,mad_scaling_clipping_trial_time,power_phase_stft,HistGradientBoostingRegressor,,FunctionTransformer(func=<function reshape at 0x7fb1ce140040>),passthrough,0.001,0.1,0.05,31.0,20.0,"{'first_scale': FunctionTransformer(func=<function mad_scaling_clipping_trial_time at 0x7fb1ce0fbe20>), 'frequency': FunctionTransformer(func=<function power_phase_stft at 0x7fb1ce0fb6a0>), 'model': HistGradientBoostingRegressor(early_stopping=True, max_iter=300,
                              n_iter_no_change=15, random_state=42,
                              scoring=None), 'model__l2_regularization': 0.001, 'model__learning_rate': 0.1, 'model__max_features': 0.05, 'model__max_leaf_nodes': 31, 'model__min_samples_leaf': 20, 'reshape': FunctionTransformer(func=<function reshape at 0x7fb1ce140040>), 'second_scale': 'passthrough'}",0.08622295924086354,0.08622295924086354,0.0,2,0.9559168587064131
0,2237.0029921531677,0.0,37.579227924346924,0.0,passthrough,power_phase_stft,Ridge,2.848035868435805e-07,FunctionTransformer(func=<function reshape at 0x7fb1ce140040>),RobustScaler(copy=False),,,,,,"{'first_scale': 'passthrough', 'frequency': FunctionTransformer(func=<function power_phase_stft at 0x7fb1ce0fb6a0>), 'model': Ridge(solver='lsqr'), 'model__alpha': 2.848035868435805e-07, 'reshape': FunctionTransformer(func=<function reshape at 0x7fb1ce140040>), 'second_scale': RobustScaler(copy=False)}",-12.897646445340076,-12.897646445340076,0.0,2,3.727954726836161
1,5954.221406459808,0.0,40.73887777328491,0.0,passthrough,power_phase_stft,HistGradientBoostingRegressor,,FunctionTransformer(func=<function reshape at 0x7fb1ce140040>),RobustScaler(copy=False),0.001,0.1,0.05,63.0,20.0,"{'first_scale': 'passthrough', 'frequency': FunctionTransformer(func=<function power_phase_stft at 0x7fb1ce0fb6a0>), 'model': HistGradientBoostingRegressor(early_stopping=True, max_iter=300,
                              n_iter_no_change=15, random_state=42,
                              scoring=None), 'model__l2_regularization': 0.001, 'model__learning_rate': 0.1, 'model__max_features': 0.05, 'model__max_leaf_nodes': 63, 'model__min_samples_leaf': 20, 'reshape': FunctionTransformer(func=<function reshape at 0x7fb1ce140040>), 'second_scale': RobustScaler(copy=False)}",0.08572841985675705,0.08572841985675705,0.0,1,0.9561754965189407
0,957.1207880973816,0.0,57.76849937438965,0.0,mad_scaling_clipping_trial_time,power_phase_stft,Ridge,100000000.0,FunctionTransformer(func=<function reshape at 0x7fb1ce140040>),RobustScaler(copy=False),,,,,,"{'first_scale': FunctionTransformer(func=<function mad_scaling_clipping_trial_time at 0x7fb1ce0fbe20>), 'frequency': FunctionTransformer(func=<function power_phase_stft at 0x7fb1ce0fb6a0>), 'model': Ridge(solver='lsqr'), 'model__alpha': 100000000.0, 'reshape': FunctionTransformer(func=<function reshape at 0x7fb1ce140040>), 'second_scale': RobustScaler(copy=False)}",0.013624235234133142,0.013624235234133142,0.0,2,0.9931645204928874
1,5396.988292217255,0.0,61.86850643157959,0.0,mad_scaling_clipping_trial_time,power_phase_stft,HistGradientBoostingRegressor,,FunctionTransformer(func=<function reshape at 0x7fb1ce140040>),RobustScaler(copy=False),0.0,0.05,0.2,63.0,20.0,"{'first_scale': FunctionTransformer(func=<function mad_scaling_clipping_trial_time at 0x7fb1ce0fbe20>), 'frequency': FunctionTransformer(func=<function power_phase_stft at 0x7fb1ce0fb6a0>), 'model': HistGradientBoostingRegressor(early_stopping=True, max_iter=300,
                              n_iter_no_change=15, random_state=42,
                              scoring=None), 'model__l2_regularization': 0.0, 'model__learning_rate': 0.05, 'model__max_features': 0.2, 'model__max_leaf_nodes': 63, 'model__min_samples_leaf': 20, 'reshape': FunctionTransformer(func=<function reshape at 0x7fb1ce140040>), 'second_scale': RobustScaler(copy=False)}",0.09666686554048365,0.09666686554048365,0.0,1,0.950438390670072
0,3676.384153842926,0.0,73.46543407440186,0.0,mad_scaling_clipping_trial_time,power_phase_stft,Ridge,8.111308307896873e-06,FunctionTransformer(func=<function reshape at 0x7fb1ce140040>),passthrough,,,,,,"{'first_scale': FunctionTransformer(func=<function mad_scaling_clipping_trial_time at 0x7fb1ce0fbe20>), 'frequency': FunctionTransformer(func=<function power_phase_stft at 0x7fb1ce0fb6a0>), 'model': Ridge(solver='lsqr'), 'model__alpha': 8.111308307896873e-06, 'reshape': FunctionTransformer(func=<function reshape at 0x7fb1ce140040>), 'second_scale': 'passthrough'}",-1.1074570804563169,-1.1074570804563169,0.0,2,1.4517083317444717
1,4360.065177679062,0.0,80.62748003005981,0.0,mad_scaling_clipping_channel_trial,power_phase_stft,HistGradientBoostingRegressor,,FunctionTransformer(func=<function reshape at 0x7fb1ce140040>),passthrough,0.001,0.1,0.1,31.0,20.0,"{'first_scale': FunctionTransformer(func=<function mad_scaling_clipping_channel_trial at 0x7fb1ce0fbd80>), 'frequency': FunctionTransformer(func=<function power_phase_stft at 0x7fb1ce0fb6a0>), 'model': HistGradientBoostingRegressor(early_stopping=True, max_iter=300,
                              n_iter_no_change=15, random_state=42,
                              scoring=None), 'model__l2_regularization': 0.001, 'model__learning_rate': 0.1, 'model__max_features': 0.1, 'model__max_leaf_nodes': 31, 'model__min_samples_leaf': 20, 'reshape': FunctionTransformer(func=<function reshape at 0x7fb1ce140040>), 'second_scale': 'passthrough'}",0.08773701984683058,0.08773701984683058,0.0,1,0.9551245888119357
0,5298.63759469986,0.0,43.11330604553223,0.0,passthrough,power_phase_stft,HistGradientBoostingRegressor,,FunctionTransformer(func=<function reshape at 0x7fb1ce140040>),RobustScaler(copy=False),0.0,0.05,0.05,63.0,20.0,"{'first_scale': 'passthrough', 'frequency': FunctionTransformer(func=<function power_phase_stft at 0x7fb1ce0fb6a0>), 'model': HistGradientBoostingRegressor(early_stopping=True, max_iter=300,
                              n_iter_no_change=15, random_state=42,
                              scoring=None), 'model__l2_regularization': 0.0, 'model__learning_rate': 0.05, 'model__max_features': 0.05, 'model__max_leaf_nodes': 63, 'model__min_samples_leaf': 20, 'reshape': FunctionTransformer(func=<function reshape at 0x7fb1ce140040>), 'second_scale': RobustScaler(copy=False)}",0.09357335207359485,0.09357335207359485,0.0,1,0.9520644137485683
1,5105.2661192417145,0.0,61.12855315208435,0.0,mad_scaling_clipping_trial_time,power_phase_stft,HistGradientBoostingRegressor,,FunctionTransformer(func=<function reshape at 0x7fb1ce140040>),RobustScaler(copy=False),0.0,0.1,0.05,63.0,20.0,"{'first_scale': FunctionTransformer(func=<function mad_scaling_clipping_trial_time at 0x7fb1ce0fbe20>), 'frequency': FunctionTransformer(func=<function power_phase_stft at 0x7fb1ce0fb6a0>), 'model': HistGradientBoostingRegressor(early_stopping=True, max_iter=300,
                              n_iter_no_change=15, random_state=42,
                              scoring=None), 'model__l2_regularization': 0.0, 'model__learning_rate': 0.1, 'model__max_features': 0.05, 'model__max_leaf_nodes': 63, 'model__min_samples_leaf': 20, 'reshape': FunctionTransformer(func=<function reshape at 0x7fb1ce140040>), 'second_scale': RobustScaler(copy=False)}",0.0765270494720186,0.0765270494720186,0.0,2,0.9609749999495207
