,mean_fit_time,std_fit_time,mean_score_time,std_score_time,param_first_scale,param_frequency,param_model,param_model__l2_regularization,param_model__learning_rate,param_model__max_features,param_model__max_leaf_nodes,param_model__min_samples_leaf,param_reshape,param_second_scale,params,split0_test_score,mean_test_score,std_test_score,rank_test_score,nrmse
0,2930.5893170833588,0.0,33.3524432182312,0.0,mad_scaling_clipping_channel_trial,power_phase,HistGradientBoostingRegressor,0.0,0.05,0.2,31,20,FunctionTransformer(func=<function reshape at 0x7f96934342c0>),RobustScaler(copy=False),"{'first_scale': FunctionTransformer(func=<function mad_scaling_clipping_channel_trial at 0x7f9693434040>), 'frequency': FunctionTransformer(func=<function power_phase at 0x7f96933c7ba0>), 'model': HistGradientBoostingRegressor(early_stopping=True, max_iter=300,
                              n_iter_no_change=15, random_state=42,
                              scoring=None), 'model__l2_regularization': 0.0, 'model__learning_rate': 0.05, 'model__max_features': 0.2, 'model__max_leaf_nodes': 31, 'model__min_samples_leaf': 20, 'reshape': FunctionTransformer(func=<function reshape at 0x7f96934342c0>), 'second_scale': RobustScaler(copy=False)}",0.07549474391316302,0.07549474391316302,0.0,1,0.9615119635692719
1,2967.36461687088,0.0,47.18550705909729,0.0,mad_scaling_clipping_trial_time,complex_cepstrum,HistGradientBoostingRegressor,0.001,0.05,0.2,31,20,FunctionTransformer(func=<function reshape at 0x7f96934342c0>),RobustScaler(copy=False),"{'first_scale': FunctionTransformer(func=<function mad_scaling_clipping_trial_time at 0x7f96934340e0>), 'frequency': FunctionTransformer(func=<function complex_cepstrum at 0x7f96933c77e0>), 'model': HistGradientBoostingRegressor(early_stopping=True, max_iter=300,
                              n_iter_no_change=15, random_state=42,
                              scoring=None), 'model__l2_regularization': 0.001, 'model__learning_rate': 0.05, 'model__max_features': 0.2, 'model__max_leaf_nodes': 31, 'model__min_samples_leaf': 20, 'reshape': FunctionTransformer(func=<function reshape at 0x7f96934342c0>), 'second_scale': RobustScaler(copy=False)}",0.019315174626399312,0.019315174626399312,0.0,2,0.9902953223021912
0,2129.5494854450226,0.0,4.030065059661865,0.0,passthrough,passthrough,HistGradientBoostingRegressor,0.001,0.1,0.1,31,20,FunctionTransformer(func=<function reshape at 0x7f96934342c0>),RobustScaler(copy=False),"{'first_scale': 'passthrough', 'frequency': 'passthrough', 'model': HistGradientBoostingRegressor(early_stopping=True, max_iter=300,
                              n_iter_no_change=15, random_state=42,
                              scoring=None), 'model__l2_regularization': 0.001, 'model__learning_rate': 0.1, 'model__max_features': 0.1, 'model__max_leaf_nodes': 31, 'model__min_samples_leaf': 20, 'reshape': FunctionTransformer(func=<function reshape at 0x7f96934342c0>), 'second_scale': RobustScaler(copy=False)}",0.08846591069101706,0.08846591069101706,0.0,1,0.9547429441001295
1,1932.3784387111664,0.0,39.280640602111816,0.0,mad_scaling_clipping_channel_trial,complex_cepstrum,HistGradientBoostingRegressor,0.0,0.1,0.1,31,20,FunctionTransformer(func=<function reshape at 0x7f96934342c0>),RobustScaler(copy=False),"{'first_scale': FunctionTransformer(func=<function mad_scaling_clipping_channel_trial at 0x7f9693434040>), 'frequency': FunctionTransformer(func=<function complex_cepstrum at 0x7f96933c77e0>), 'model': HistGradientBoostingRegressor(early_stopping=True, max_iter=300,
                              n_iter_no_change=15, random_state=42,
                              scoring=None), 'model__l2_regularization': 0.0, 'model__learning_rate': 0.1, 'model__max_features': 0.1, 'model__max_leaf_nodes': 31, 'model__min_samples_leaf': 20, 'reshape': FunctionTransformer(func=<function reshape at 0x7f96934342c0>), 'second_scale': RobustScaler(copy=False)}",0.026558811749317957,0.026558811749317957,0.0,2,0.9866312321484061
0,1391.260512828827,0.0,7.914168119430542,0.0,passthrough,real_cepstrum,HistGradientBoostingRegressor,0.001,0.05,0.2,31,20,FunctionTransformer(func=<function reshape at 0x7f96934342c0>),passthrough,"{'first_scale': 'passthrough', 'frequency': FunctionTransformer(func=<function real_cepstrum at 0x7f96933c7880>), 'model': HistGradientBoostingRegressor(early_stopping=True, max_iter=300,
                              n_iter_no_change=15, random_state=42,
                              scoring=None), 'model__l2_regularization': 0.001, 'model__learning_rate': 0.05, 'model__max_features': 0.2, 'model__max_leaf_nodes': 31, 'model__min_samples_leaf': 20, 'reshape': FunctionTransformer(func=<function reshape at 0x7f96934342c0>), 'second_scale': 'passthrough'}",0.013348461578499782,0.013348461578499782,0.0,2,0.9933033466275548
1,1641.499113559723,0.0,17.907686710357666,0.0,mad_scaling_clipping_trial_time,passthrough,HistGradientBoostingRegressor,0.0,0.05,0.2,31,20,FunctionTransformer(func=<function reshape at 0x7f96934342c0>),passthrough,"{'first_scale': FunctionTransformer(func=<function mad_scaling_clipping_trial_time at 0x7f96934340e0>), 'frequency': 'passthrough', 'model': HistGradientBoostingRegressor(early_stopping=True, max_iter=300,
                              n_iter_no_change=15, random_state=42,
                              scoring=None), 'model__l2_regularization': 0.0, 'model__learning_rate': 0.05, 'model__max_features': 0.2, 'model__max_leaf_nodes': 31, 'model__min_samples_leaf': 20, 'reshape': FunctionTransformer(func=<function reshape at 0x7f96934342c0>), 'second_scale': 'passthrough'}",0.09033871503634039,0.09033871503634039,0.0,1,0.9537616499753278
0,2958.6115589141846,0.0,19.67906093597412,0.0,passthrough,enveloppe,HistGradientBoostingRegressor,0.001,0.1,0.1,31,20,FunctionTransformer(func=<function reshape at 0x7f96934342c0>),passthrough,"{'first_scale': 'passthrough', 'frequency': FunctionTransformer(func=<function enveloppe at 0x7f96933c7740>), 'model': HistGradientBoostingRegressor(early_stopping=True, max_iter=300,
                              n_iter_no_change=15, random_state=42,
                              scoring=None), 'model__l2_regularization': 0.001, 'model__learning_rate': 0.1, 'model__max_features': 0.1, 'model__max_leaf_nodes': 31, 'model__min_samples_leaf': 20, 'reshape': FunctionTransformer(func=<function reshape at 0x7f96934342c0>), 'second_scale': 'passthrough'}",0.08531378336937856,0.08531378336937856,0.0,1,0.9563922922266895
1,754.4831976890564,0.0,23.010868787765503,0.0,mad_scaling_clipping_trial_time,real_cepstrum,HistGradientBoostingRegressor,0.0,0.1,0.1,31,20,FunctionTransformer(func=<function reshape at 0x7f96934342c0>),passthrough,"{'first_scale': FunctionTransformer(func=<function mad_scaling_clipping_trial_time at 0x7f96934340e0>), 'frequency': FunctionTransformer(func=<function real_cepstrum at 0x7f96933c7880>), 'model': HistGradientBoostingRegressor(early_stopping=True, max_iter=300,
                              n_iter_no_change=15, random_state=42,
                              scoring=None), 'model__l2_regularization': 0.0, 'model__learning_rate': 0.1, 'model__max_features': 0.1, 'model__max_leaf_nodes': 31, 'model__min_samples_leaf': 20, 'reshape': FunctionTransformer(func=<function reshape at 0x7f96934342c0>), 'second_scale': 'passthrough'}",0.010693417083319279,0.010693417083319279,0.0,2,0.9946389208736408
0,1775.6917588710785,0.0,25.656800746917725,0.0,mad_scaling_clipping_channel_trial,power_phase,HistGradientBoostingRegressor,0.0,0.1,0.2,63,20,FunctionTransformer(func=<function reshape at 0x7f96934342c0>),RobustScaler(copy=False),"{'first_scale': FunctionTransformer(func=<function mad_scaling_clipping_channel_trial at 0x7f9693434040>), 'frequency': FunctionTransformer(func=<function power_phase at 0x7f96933c7ba0>), 'model': HistGradientBoostingRegressor(early_stopping=True, max_iter=300,
                              n_iter_no_change=15, random_state=42,
                              scoring=None), 'model__l2_regularization': 0.0, 'model__learning_rate': 0.1, 'model__max_features': 0.2, 'model__max_leaf_nodes': 63, 'model__min_samples_leaf': 20, 'reshape': FunctionTransformer(func=<function reshape at 0x7f96934342c0>), 'second_scale': RobustScaler(copy=False)}",0.061152999783521844,0.061152999783521844,0.0,1,0.9689411747967356
1,1156.5875358581543,0.0,34.07022500038147,0.0,mad_scaling_clipping_trial_time,complex_cepstrum,HistGradientBoostingRegressor,0.001,0.1,0.2,63,20,FunctionTransformer(func=<function reshape at 0x7f96934342c0>),RobustScaler(copy=False),"{'first_scale': FunctionTransformer(func=<function mad_scaling_clipping_trial_time at 0x7f96934340e0>), 'frequency': FunctionTransformer(func=<function complex_cepstrum at 0x7f96933c77e0>), 'model': HistGradientBoostingRegressor(early_stopping=True, max_iter=300,
                              n_iter_no_change=15, random_state=42,
                              scoring=None), 'model__l2_regularization': 0.001, 'model__learning_rate': 0.1, 'model__max_features': 0.2, 'model__max_leaf_nodes': 63, 'model__min_samples_leaf': 20, 'reshape': FunctionTransformer(func=<function reshape at 0x7f96934342c0>), 'second_scale': RobustScaler(copy=False)}",0.009482641443175788,0.009482641443175788,0.0,2,0.9952473856066261
0,3295.9205095767975,0.0,29.914377212524414,0.0,mad_scaling_clipping_channel_trial,real_cepstrum,HistGradientBoostingRegressor,0.0,0.05,0.1,63,20,FunctionTransformer(func=<function reshape at 0x7f96934342c0>),passthrough,"{'first_scale': FunctionTransformer(func=<function mad_scaling_clipping_channel_trial at 0x7f9693434040>), 'frequency': FunctionTransformer(func=<function real_cepstrum at 0x7f96933c7880>), 'model': HistGradientBoostingRegressor(early_stopping=True, max_iter=300,
                              n_iter_no_change=15, random_state=42,
                              scoring=None), 'model__l2_regularization': 0.0, 'model__learning_rate': 0.05, 'model__max_features': 0.1, 'model__max_leaf_nodes': 63, 'model__min_samples_leaf': 20, 'reshape': FunctionTransformer(func=<function reshape at 0x7f96934342c0>), 'second_scale': 'passthrough'}",0.009395712473796891,0.009395712473796891,0.0,2,0.9952910566895511
1,7440.838890314102,0.0,45.76694369316101,0.0,mad_scaling_clipping_trial_time,enveloppe,HistGradientBoostingRegressor,0.001,0.05,0.1,63,20,FunctionTransformer(func=<function reshape at 0x7f96934342c0>),passthrough,"{'first_scale': FunctionTransformer(func=<function mad_scaling_clipping_trial_time at 0x7f96934340e0>), 'frequency': FunctionTransformer(func=<function enveloppe at 0x7f96933c7740>), 'model': HistGradientBoostingRegressor(early_stopping=True, max_iter=300,
                              n_iter_no_change=15, random_state=42,
                              scoring=None), 'model__l2_regularization': 0.001, 'model__learning_rate': 0.05, 'model__max_features': 0.1, 'model__max_leaf_nodes': 63, 'model__min_samples_leaf': 20, 'reshape': FunctionTransformer(func=<function reshape at 0x7f96934342c0>), 'second_scale': 'passthrough'}",0.08656834786264944,0.08656834786264944,0.0,1,0.9557361833358359
0,1859.998521566391,0.0,5.914669752120972,0.0,passthrough,power_phase,HistGradientBoostingRegressor,0.0,0.1,0.2,63,20,FunctionTransformer(func=<function reshape at 0x7f96934342c0>),passthrough,"{'first_scale': 'passthrough', 'frequency': FunctionTransformer(func=<function power_phase at 0x7f96933c7ba0>), 'model': HistGradientBoostingRegressor(early_stopping=True, max_iter=300,
                              n_iter_no_change=15, random_state=42,
                              scoring=None), 'model__l2_regularization': 0.0, 'model__learning_rate': 0.1, 'model__max_features': 0.2, 'model__max_leaf_nodes': 63, 'model__min_samples_leaf': 20, 'reshape': FunctionTransformer(func=<function reshape at 0x7f96934342c0>), 'second_scale': 'passthrough'}",0.06105982644213681,0.06105982644213681,0.0,1,0.9689892535822382
1,2264.9722237586975,0.0,33.2273154258728,0.0,mad_scaling_clipping_channel_trial,complex_cepstrum,HistGradientBoostingRegressor,0.001,0.1,0.2,63,20,FunctionTransformer(func=<function reshape at 0x7f96934342c0>),passthrough,"{'first_scale': FunctionTransformer(func=<function mad_scaling_clipping_channel_trial at 0x7f9693434040>), 'frequency': FunctionTransformer(func=<function complex_cepstrum at 0x7f96933c77e0>), 'model': HistGradientBoostingRegressor(early_stopping=True, max_iter=300,
                              n_iter_no_change=15, random_state=42,
                              scoring=None), 'model__l2_regularization': 0.001, 'model__learning_rate': 0.1, 'model__max_features': 0.2, 'model__max_leaf_nodes': 63, 'model__min_samples_leaf': 20, 'reshape': FunctionTransformer(func=<function reshape at 0x7f96934342c0>), 'second_scale': 'passthrough'}",0.008864078345411808,0.008864078345411808,0.0,2,0.9955580955698107
0,1588.0687229633331,0.0,22.524923086166382,0.0,mad_scaling_clipping_channel_trial,power_phase,HistGradientBoostingRegressor,0.001,0.1,0.2,31,20,FunctionTransformer(func=<function reshape at 0x7f96934342c0>),passthrough,"{'first_scale': FunctionTransformer(func=<function mad_scaling_clipping_channel_trial at 0x7f9693434040>), 'frequency': FunctionTransformer(func=<function power_phase at 0x7f96933c7ba0>), 'model': HistGradientBoostingRegressor(early_stopping=True, max_iter=300,
                              n_iter_no_change=15, random_state=42,
                              scoring=None), 'model__l2_regularization': 0.001, 'model__learning_rate': 0.1, 'model__max_features': 0.2, 'model__max_leaf_nodes': 31, 'model__min_samples_leaf': 20, 'reshape': FunctionTransformer(func=<function reshape at 0x7f96934342c0>), 'second_scale': 'passthrough'}",0.06601365077006627,0.06601365077006627,0.0,2,0.9664296918192931
1,2571.0289583206177,0.0,34.682249546051025,0.0,mad_scaling_clipping_trial_time,enveloppe,HistGradientBoostingRegressor,0.0,0.1,0.2,31,20,FunctionTransformer(func=<function reshape at 0x7f96934342c0>),passthrough,"{'first_scale': FunctionTransformer(func=<function mad_scaling_clipping_trial_time at 0x7f96934340e0>), 'frequency': FunctionTransformer(func=<function enveloppe at 0x7f96933c7740>), 'model': HistGradientBoostingRegressor(early_stopping=True, max_iter=300,
                              n_iter_no_change=15, random_state=42,
                              scoring=None), 'model__l2_regularization': 0.0, 'model__learning_rate': 0.1, 'model__max_features': 0.2, 'model__max_leaf_nodes': 31, 'model__min_samples_leaf': 20, 'reshape': FunctionTransformer(func=<function reshape at 0x7f96934342c0>), 'second_scale': 'passthrough'}",0.07842826848838624,0.07842826848838624,0.0,1,0.9599852767160618
0,3824.610028743744,0.0,31.85157084465027,0.0,mad_scaling_clipping_channel_trial,power_phase,HistGradientBoostingRegressor,0.0,0.05,0.05,63,20,FunctionTransformer(func=<function reshape at 0x7f96934342c0>),RobustScaler(copy=False),"{'first_scale': FunctionTransformer(func=<function mad_scaling_clipping_channel_trial at 0x7f9693434040>), 'frequency': FunctionTransformer(func=<function power_phase at 0x7f96933c7ba0>), 'model': HistGradientBoostingRegressor(early_stopping=True, max_iter=300,
                              n_iter_no_change=15, random_state=42,
                              scoring=None), 'model__l2_regularization': 0.0, 'model__learning_rate': 0.05, 'model__max_features': 0.05, 'model__max_leaf_nodes': 63, 'model__min_samples_leaf': 20, 'reshape': FunctionTransformer(func=<function reshape at 0x7f96934342c0>), 'second_scale': RobustScaler(copy=False)}",0.0745873057657439,0.0745873057657439,0.0,1,0.9619837286743763
1,3710.932277917862,0.0,41.63957715034485,0.0,mad_scaling_clipping_trial_time,complex_cepstrum,HistGradientBoostingRegressor,0.001,0.05,0.05,63,20,FunctionTransformer(func=<function reshape at 0x7f96934342c0>),RobustScaler(copy=False),"{'first_scale': FunctionTransformer(func=<function mad_scaling_clipping_trial_time at 0x7f96934340e0>), 'frequency': FunctionTransformer(func=<function complex_cepstrum at 0x7f96933c77e0>), 'model': HistGradientBoostingRegressor(early_stopping=True, max_iter=300,
                              n_iter_no_change=15, random_state=42,
                              scoring=None), 'model__l2_regularization': 0.001, 'model__learning_rate': 0.05, 'model__max_features': 0.05, 'model__max_leaf_nodes': 63, 'model__min_samples_leaf': 20, 'reshape': FunctionTransformer(func=<function reshape at 0x7f96934342c0>), 'second_scale': RobustScaler(copy=False)}",0.015928442223166583,0.015928442223166583,0.0,2,0.9920038093560092
0,4710.042041301727,0.0,21.478386402130127,0.0,passthrough,enveloppe,HistGradientBoostingRegressor,0.0,0.05,0.1,31,20,FunctionTransformer(func=<function reshape at 0x7f96934342c0>),RobustScaler(copy=False),"{'first_scale': 'passthrough', 'frequency': FunctionTransformer(func=<function enveloppe at 0x7f96933c7740>), 'model': HistGradientBoostingRegressor(early_stopping=True, max_iter=300,
                              n_iter_no_change=15, random_state=42,
                              scoring=None), 'model__l2_regularization': 0.0, 'model__learning_rate': 0.05, 'model__max_features': 0.1, 'model__max_leaf_nodes': 31, 'model__min_samples_leaf': 20, 'reshape': FunctionTransformer(func=<function reshape at 0x7f96934342c0>), 'second_scale': RobustScaler(copy=False)}",0.09452576633754872,0.09452576633754872,0.0,1,0.9515640985569239
1,2305.458669424057,0.0,29.201560735702515,0.0,mad_scaling_clipping_trial_time,power_phase,HistGradientBoostingRegressor,0.001,0.05,0.1,31,20,FunctionTransformer(func=<function reshape at 0x7f96934342c0>),RobustScaler(copy=False),"{'first_scale': FunctionTransformer(func=<function mad_scaling_clipping_trial_time at 0x7f96934340e0>), 'frequency': FunctionTransformer(func=<function power_phase at 0x7f96933c7ba0>), 'model': HistGradientBoostingRegressor(early_stopping=True, max_iter=300,
                              n_iter_no_change=15, random_state=42,
                              scoring=None), 'model__l2_regularization': 0.001, 'model__learning_rate': 0.05, 'model__max_features': 0.1, 'model__max_leaf_nodes': 31, 'model__min_samples_leaf': 20, 'reshape': FunctionTransformer(func=<function reshape at 0x7f96934342c0>), 'second_scale': RobustScaler(copy=False)}",0.08913413603810283,0.08913413603810283,0.0,2,0.9543929295431192
0,1640.4412369728088,0.0,2.236417770385742,0.0,passthrough,passthrough,HistGradientBoostingRegressor,0.001,0.05,0.05,31,20,FunctionTransformer(func=<function reshape at 0x7f96934342c0>),passthrough,"{'first_scale': 'passthrough', 'frequency': 'passthrough', 'model': HistGradientBoostingRegressor(early_stopping=True, max_iter=300,
                              n_iter_no_change=15, random_state=42,
                              scoring=None), 'model__l2_regularization': 0.001, 'model__learning_rate': 0.05, 'model__max_features': 0.05, 'model__max_leaf_nodes': 31, 'model__min_samples_leaf': 20, 'reshape': FunctionTransformer(func=<function reshape at 0x7f96934342c0>), 'second_scale': 'passthrough'}",0.0909156666304668,0.0909156666304668,0.0,1,0.9534591409019755
1,1711.760532617569,0.0,31.0121488571167,0.0,mad_scaling_clipping_channel_trial,complex_cepstrum,HistGradientBoostingRegressor,0.0,0.05,0.05,31,20,FunctionTransformer(func=<function reshape at 0x7f96934342c0>),passthrough,"{'first_scale': FunctionTransformer(func=<function mad_scaling_clipping_channel_trial at 0x7f9693434040>), 'frequency': FunctionTransformer(func=<function complex_cepstrum at 0x7f96933c77e0>), 'model': HistGradientBoostingRegressor(early_stopping=True, max_iter=300,
                              n_iter_no_change=15, random_state=42,
                              scoring=None), 'model__l2_regularization': 0.0, 'model__learning_rate': 0.05, 'model__max_features': 0.05, 'model__max_leaf_nodes': 31, 'model__min_samples_leaf': 20, 'reshape': FunctionTransformer(func=<function reshape at 0x7f96934342c0>), 'second_scale': 'passthrough'}",0.03524401523167697,0.03524401523167697,0.0,2,0.9822199268841592
0,1156.0822627544403,0.0,15.023522853851318,0.0,passthrough,complex_cepstrum,HistGradientBoostingRegressor,0.001,0.1,0.1,31,20,FunctionTransformer(func=<function reshape at 0x7f96934342c0>),RobustScaler(copy=False),"{'first_scale': 'passthrough', 'frequency': FunctionTransformer(func=<function complex_cepstrum at 0x7f96933c77e0>), 'model': HistGradientBoostingRegressor(early_stopping=True, max_iter=300,
                              n_iter_no_change=15, random_state=42,
                              scoring=None), 'model__l2_regularization': 0.001, 'model__learning_rate': 0.1, 'model__max_features': 0.1, 'model__max_leaf_nodes': 31, 'model__min_samples_leaf': 20, 'reshape': FunctionTransformer(func=<function reshape at 0x7f96934342c0>), 'second_scale': RobustScaler(copy=False)}",0.03144858204312884,0.03144858204312884,0.0,2,0.9841500993023733
1,1813.9096939563751,0.0,26.72830295562744,0.0,mad_scaling_clipping_trial_time,power_phase,HistGradientBoostingRegressor,0.0,0.1,0.1,31,20,FunctionTransformer(func=<function reshape at 0x7f96934342c0>),RobustScaler(copy=False),"{'first_scale': FunctionTransformer(func=<function mad_scaling_clipping_trial_time at 0x7f96934340e0>), 'frequency': FunctionTransformer(func=<function power_phase at 0x7f96933c7ba0>), 'model': HistGradientBoostingRegressor(early_stopping=True, max_iter=300,
                              n_iter_no_change=15, random_state=42,
                              scoring=None), 'model__l2_regularization': 0.0, 'model__learning_rate': 0.1, 'model__max_features': 0.1, 'model__max_leaf_nodes': 31, 'model__min_samples_leaf': 20, 'reshape': FunctionTransformer(func=<function reshape at 0x7f96934342c0>), 'second_scale': RobustScaler(copy=False)}",0.0794295449257485,0.0794295449257485,0.0,1,0.959463628843872
0,4480.7849843502045,0.0,6.632793426513672,0.0,passthrough,passthrough,HistGradientBoostingRegressor,0.001,0.1,0.2,63,20,FunctionTransformer(func=<function reshape at 0x7f96934342c0>),RobustScaler(copy=False),"{'first_scale': 'passthrough', 'frequency': 'passthrough', 'model': HistGradientBoostingRegressor(early_stopping=True, max_iter=300,
                              n_iter_no_change=15, random_state=42,
                              scoring=None), 'model__l2_regularization': 0.001, 'model__learning_rate': 0.1, 'model__max_features': 0.2, 'model__max_leaf_nodes': 63, 'model__min_samples_leaf': 20, 'reshape': FunctionTransformer(func=<function reshape at 0x7f96934342c0>), 'second_scale': RobustScaler(copy=False)}",0.07877404366124441,0.07877404366124441,0.0,1,0.9598051658220826
1,3807.4506986141205,0.0,79.02380299568176,0.0,mad_scaling_clipping_channel_trial,complex_cepstrum,HistGradientBoostingRegressor,0.0,0.1,0.2,63,20,FunctionTransformer(func=<function reshape at 0x7f96934342c0>),RobustScaler(copy=False),"{'first_scale': FunctionTransformer(func=<function mad_scaling_clipping_channel_trial at 0x7f9693434040>), 'frequency': FunctionTransformer(func=<function complex_cepstrum at 0x7f96933c77e0>), 'model': HistGradientBoostingRegressor(early_stopping=True, max_iter=300,
                              n_iter_no_change=15, random_state=42,
                              scoring=None), 'model__l2_regularization': 0.0, 'model__learning_rate': 0.1, 'model__max_features': 0.2, 'model__max_leaf_nodes': 63, 'model__min_samples_leaf': 20, 'reshape': FunctionTransformer(func=<function reshape at 0x7f96934342c0>), 'second_scale': RobustScaler(copy=False)}",0.012840291059252107,0.012840291059252107,0.0,2,0.9935591119509437
0,3079.3759911060333,0.0,10.77331805229187,0.0,passthrough,power_phase,HistGradientBoostingRegressor,0.001,0.05,0.2,31,20,FunctionTransformer(func=<function reshape at 0x7f96934342c0>),RobustScaler(copy=False),"{'first_scale': 'passthrough', 'frequency': FunctionTransformer(func=<function power_phase at 0x7f96933c7ba0>), 'model': HistGradientBoostingRegressor(early_stopping=True, max_iter=300,
                              n_iter_no_change=15, random_state=42,
                              scoring=None), 'model__l2_regularization': 0.001, 'model__learning_rate': 0.05, 'model__max_features': 0.2, 'model__max_leaf_nodes': 31, 'model__min_samples_leaf': 20, 'reshape': FunctionTransformer(func=<function reshape at 0x7f96934342c0>), 'second_scale': RobustScaler(copy=False)}",0.08584851913144276,0.08584851913144276,0.0,1,0.9561126925569795
1,5916.767226457596,0.0,50.769203662872314,0.0,mad_scaling_clipping_channel_trial,enveloppe,HistGradientBoostingRegressor,0.0,0.05,0.2,31,20,FunctionTransformer(func=<function reshape at 0x7f96934342c0>),RobustScaler(copy=False),"{'first_scale': FunctionTransformer(func=<function mad_scaling_clipping_channel_trial at 0x7f9693434040>), 'frequency': FunctionTransformer(func=<function enveloppe at 0x7f96933c7740>), 'model': HistGradientBoostingRegressor(early_stopping=True, max_iter=300,
                              n_iter_no_change=15, random_state=42,
                              scoring=None), 'model__l2_regularization': 0.0, 'model__learning_rate': 0.05, 'model__max_features': 0.2, 'model__max_leaf_nodes': 31, 'model__min_samples_leaf': 20, 'reshape': FunctionTransformer(func=<function reshape at 0x7f96934342c0>), 'second_scale': RobustScaler(copy=False)}",0.07904801404417605,0.07904801404417605,0.0,2,0.9596624333357141
0,3636.5182750225067,0.0,21.17308020591736,0.0,mad_scaling_clipping_channel_trial,passthrough,HistGradientBoostingRegressor,0.0,0.05,0.1,63,20,FunctionTransformer(func=<function reshape at 0x7f96934342c0>),passthrough,"{'first_scale': FunctionTransformer(func=<function mad_scaling_clipping_channel_trial at 0x7f9693434040>), 'frequency': 'passthrough', 'model': HistGradientBoostingRegressor(early_stopping=True, max_iter=300,
                              n_iter_no_change=15, random_state=42,
                              scoring=None), 'model__l2_regularization': 0.0, 'model__learning_rate': 0.05, 'model__max_features': 0.1, 'model__max_leaf_nodes': 63, 'model__min_samples_leaf': 20, 'reshape': FunctionTransformer(func=<function reshape at 0x7f96934342c0>), 'second_scale': 'passthrough'}",0.08699541376385245,0.08699541376385245,0.0,1,0.9555127347325872
1,3537.873366355896,0.0,32.24731087684631,0.0,mad_scaling_clipping_trial_time,real_cepstrum,HistGradientBoostingRegressor,0.001,0.05,0.1,63,20,FunctionTransformer(func=<function reshape at 0x7f96934342c0>),passthrough,"{'first_scale': FunctionTransformer(func=<function mad_scaling_clipping_trial_time at 0x7f96934340e0>), 'frequency': FunctionTransformer(func=<function real_cepstrum at 0x7f96933c7880>), 'model': HistGradientBoostingRegressor(early_stopping=True, max_iter=300,
                              n_iter_no_change=15, random_state=42,
                              scoring=None), 'model__l2_regularization': 0.001, 'model__learning_rate': 0.05, 'model__max_features': 0.1, 'model__max_leaf_nodes': 63, 'model__min_samples_leaf': 20, 'reshape': FunctionTransformer(func=<function reshape at 0x7f96934342c0>), 'second_scale': 'passthrough'}",0.00795559952140501,0.00795559952140501,0.0,2,0.9960142571663294
0,1613.597841501236,0.0,1.9238002300262451,0.0,passthrough,passthrough,HistGradientBoostingRegressor,0.0,0.1,0.1,63,20,FunctionTransformer(func=<function reshape at 0x7f96934342c0>),passthrough,"{'first_scale': 'passthrough', 'frequency': 'passthrough', 'model': HistGradientBoostingRegressor(early_stopping=True, max_iter=300,
                              n_iter_no_change=15, random_state=42,
                              scoring=None), 'model__l2_regularization': 0.0, 'model__learning_rate': 0.1, 'model__max_features': 0.1, 'model__max_leaf_nodes': 63, 'model__min_samples_leaf': 20, 'reshape': FunctionTransformer(func=<function reshape at 0x7f96934342c0>), 'second_scale': 'passthrough'}",0.07509125825852025,0.07509125825852025,0.0,1,0.9617217590038606
1,777.5033361911774,0.0,18.58126211166382,0.0,mad_scaling_clipping_channel_trial,real_cepstrum,HistGradientBoostingRegressor,0.001,0.1,0.1,63,20,FunctionTransformer(func=<function reshape at 0x7f96934342c0>),passthrough,"{'first_scale': FunctionTransformer(func=<function mad_scaling_clipping_channel_trial at 0x7f9693434040>), 'frequency': FunctionTransformer(func=<function real_cepstrum at 0x7f96933c7880>), 'model': HistGradientBoostingRegressor(early_stopping=True, max_iter=300,
                              n_iter_no_change=15, random_state=42,
                              scoring=None), 'model__l2_regularization': 0.001, 'model__learning_rate': 0.1, 'model__max_features': 0.1, 'model__max_leaf_nodes': 63, 'model__min_samples_leaf': 20, 'reshape': FunctionTransformer(func=<function reshape at 0x7f96934342c0>), 'second_scale': 'passthrough'}",0.002045703630957685,0.002045703630957685,0.0,2,0.9989766245358509
0,1898.4726169109344,0.0,12.852553844451904,0.0,passthrough,power_phase,HistGradientBoostingRegressor,0.001,0.1,0.05,31,20,FunctionTransformer(func=<function reshape at 0x7f96934342c0>),RobustScaler(copy=False),"{'first_scale': 'passthrough', 'frequency': FunctionTransformer(func=<function power_phase at 0x7f96933c7ba0>), 'model': HistGradientBoostingRegressor(early_stopping=True, max_iter=300,
                              n_iter_no_change=15, random_state=42,
                              scoring=None), 'model__l2_regularization': 0.001, 'model__learning_rate': 0.1, 'model__max_features': 0.05, 'model__max_leaf_nodes': 31, 'model__min_samples_leaf': 20, 'reshape': FunctionTransformer(func=<function reshape at 0x7f96934342c0>), 'second_scale': RobustScaler(copy=False)}",0.07703106231824786,0.07703106231824786,0.0,1,0.960712723805484
1,4778.809575557709,0.0,48.67901134490967,0.0,mad_scaling_clipping_channel_trial,enveloppe,HistGradientBoostingRegressor,0.0,0.1,0.05,31,20,FunctionTransformer(func=<function reshape at 0x7f96934342c0>),RobustScaler(copy=False),"{'first_scale': FunctionTransformer(func=<function mad_scaling_clipping_channel_trial at 0x7f9693434040>), 'frequency': FunctionTransformer(func=<function enveloppe at 0x7f96933c7740>), 'model': HistGradientBoostingRegressor(early_stopping=True, max_iter=300,
                              n_iter_no_change=15, random_state=42,
                              scoring=None), 'model__l2_regularization': 0.0, 'model__learning_rate': 0.1, 'model__max_features': 0.05, 'model__max_leaf_nodes': 31, 'model__min_samples_leaf': 20, 'reshape': FunctionTransformer(func=<function reshape at 0x7f96934342c0>), 'second_scale': RobustScaler(copy=False)}",0.07055482730426021,0.07055482730426021,0.0,2,0.9640773686254334
0,1845.0312597751617,0.0,13.153645515441895,0.0,passthrough,real_cepstrum,HistGradientBoostingRegressor,0.001,0.1,0.2,63,20,FunctionTransformer(func=<function reshape at 0x7f96934342c0>),RobustScaler(copy=False),"{'first_scale': 'passthrough', 'frequency': FunctionTransformer(func=<function real_cepstrum at 0x7f96933c7880>), 'model': HistGradientBoostingRegressor(early_stopping=True, max_iter=300,
                              n_iter_no_change=15, random_state=42,
                              scoring=None), 'model__l2_regularization': 0.001, 'model__learning_rate': 0.1, 'model__max_features': 0.2, 'model__max_leaf_nodes': 63, 'model__min_samples_leaf': 20, 'reshape': FunctionTransformer(func=<function reshape at 0x7f96934342c0>), 'second_scale': RobustScaler(copy=False)}",0.005486757214937854,0.005486757214937854,0.0,2,0.9972528479703942
1,3741.0563158988953,0.0,24.320220470428467,0.0,mad_scaling_clipping_trial_time,passthrough,HistGradientBoostingRegressor,0.0,0.1,0.2,63,20,FunctionTransformer(func=<function reshape at 0x7f96934342c0>),RobustScaler(copy=False),"{'first_scale': FunctionTransformer(func=<function mad_scaling_clipping_trial_time at 0x7f96934340e0>), 'frequency': 'passthrough', 'model': HistGradientBoostingRegressor(early_stopping=True, max_iter=300,
                              n_iter_no_change=15, random_state=42,
                              scoring=None), 'model__l2_regularization': 0.0, 'model__learning_rate': 0.1, 'model__max_features': 0.2, 'model__max_leaf_nodes': 63, 'model__min_samples_leaf': 20, 'reshape': FunctionTransformer(func=<function reshape at 0x7f96934342c0>), 'second_scale': RobustScaler(copy=False)}",0.07692578172143316,0.07692578172143316,0.0,1,0.9607675152077982
0,1049.2903835773468,0.0,1.722637414932251,0.0,passthrough,passthrough,HistGradientBoostingRegressor,0.0,0.1,0.1,31,20,FunctionTransformer(func=<function reshape at 0x7f96934342c0>),passthrough,"{'first_scale': 'passthrough', 'frequency': 'passthrough', 'model': HistGradientBoostingRegressor(early_stopping=True, max_iter=300,
                              n_iter_no_change=15, random_state=42,
                              scoring=None), 'model__l2_regularization': 0.0, 'model__learning_rate': 0.1, 'model__max_features': 0.1, 'model__max_leaf_nodes': 31, 'model__min_samples_leaf': 20, 'reshape': FunctionTransformer(func=<function reshape at 0x7f96934342c0>), 'second_scale': 'passthrough'}",0.08436651008483576,0.08436651008483576,0.0,1,0.9568873966748461
1,762.8226120471954,0.0,17.96059560775757,0.0,mad_scaling_clipping_channel_trial,real_cepstrum,HistGradientBoostingRegressor,0.001,0.1,0.1,31,20,FunctionTransformer(func=<function reshape at 0x7f96934342c0>),passthrough,"{'first_scale': FunctionTransformer(func=<function mad_scaling_clipping_channel_trial at 0x7f9693434040>), 'frequency': FunctionTransformer(func=<function real_cepstrum at 0x7f96933c7880>), 'model': HistGradientBoostingRegressor(early_stopping=True, max_iter=300,
                              n_iter_no_change=15, random_state=42,
                              scoring=None), 'model__l2_regularization': 0.001, 'model__learning_rate': 0.1, 'model__max_features': 0.1, 'model__max_leaf_nodes': 31, 'model__min_samples_leaf': 20, 'reshape': FunctionTransformer(func=<function reshape at 0x7f96934342c0>), 'second_scale': 'passthrough'}",0.0057032287355777145,0.0057032287355777145,0.0,2,0.9971443081442236
0,3374.572844982147,0.0,13.803014516830444,0.0,passthrough,power_phase,HistGradientBoostingRegressor,0.0,0.05,0.1,63,20,FunctionTransformer(func=<function reshape at 0x7f96934342c0>),RobustScaler(copy=False),"{'first_scale': 'passthrough', 'frequency': FunctionTransformer(func=<function power_phase at 0x7f96933c7ba0>), 'model': HistGradientBoostingRegressor(early_stopping=True, max_iter=300,
                              n_iter_no_change=15, random_state=42,
                              scoring=None), 'model__l2_regularization': 0.0, 'model__learning_rate': 0.05, 'model__max_features': 0.1, 'model__max_leaf_nodes': 63, 'model__min_samples_leaf': 20, 'reshape': FunctionTransformer(func=<function reshape at 0x7f96934342c0>), 'second_scale': RobustScaler(copy=False)}",0.08452880657476958,0.08452880657476958,0.0,1,0.9568025885339307
1,3313.7889409065247,0.0,40.626078367233276,0.0,mad_scaling_clipping_channel_trial,complex_cepstrum,HistGradientBoostingRegressor,0.001,0.05,0.1,63,20,FunctionTransformer(func=<function reshape at 0x7f96934342c0>),RobustScaler(copy=False),"{'first_scale': FunctionTransformer(func=<function mad_scaling_clipping_channel_trial at 0x7f9693434040>), 'frequency': FunctionTransformer(func=<function complex_cepstrum at 0x7f96933c77e0>), 'model': HistGradientBoostingRegressor(early_stopping=True, max_iter=300,
                              n_iter_no_change=15, random_state=42,
                              scoring=None), 'model__l2_regularization': 0.001, 'model__learning_rate': 0.05, 'model__max_features': 0.1, 'model__max_leaf_nodes': 63, 'model__min_samples_leaf': 20, 'reshape': FunctionTransformer(func=<function reshape at 0x7f96934342c0>), 'second_scale': RobustScaler(copy=False)}",0.03172909250030165,0.03172909250030165,0.0,2,0.9840075749198776
0,1660.380848646164,0.0,12.662340641021729,0.0,passthrough,real_cepstrum,HistGradientBoostingRegressor,0.001,0.1,0.05,31,20,FunctionTransformer(func=<function reshape at 0x7f96934342c0>),passthrough,"{'first_scale': 'passthrough', 'frequency': FunctionTransformer(func=<function real_cepstrum at 0x7f96933c7880>), 'model': HistGradientBoostingRegressor(early_stopping=True, max_iter=300,
                              n_iter_no_change=15, random_state=42,
                              scoring=None), 'model__l2_regularization': 0.001, 'model__learning_rate': 0.1, 'model__max_features': 0.05, 'model__max_leaf_nodes': 31, 'model__min_samples_leaf': 20, 'reshape': FunctionTransformer(func=<function reshape at 0x7f96934342c0>), 'second_scale': 'passthrough'}",0.0044614035673539165,0.0044614035673539165,0.0,2,0.9977668046355551
1,2161.5790786743164,0.0,25.48106813430786,0.0,mad_scaling_clipping_trial_time,passthrough,HistGradientBoostingRegressor,0.0,0.1,0.05,31,20,FunctionTransformer(func=<function reshape at 0x7f96934342c0>),passthrough,"{'first_scale': FunctionTransformer(func=<function mad_scaling_clipping_trial_time at 0x7f96934340e0>), 'frequency': 'passthrough', 'model': HistGradientBoostingRegressor(early_stopping=True, max_iter=300,
                              n_iter_no_change=15, random_state=42,
                              scoring=None), 'model__l2_regularization': 0.0, 'model__learning_rate': 0.1, 'model__max_features': 0.05, 'model__max_leaf_nodes': 31, 'model__min_samples_leaf': 20, 'reshape': FunctionTransformer(func=<function reshape at 0x7f96934342c0>), 'second_scale': 'passthrough'}",0.08238896348735292,0.08238896348735292,0.0,1,0.9579201618677033
0,1336.7774848937988,0.0,25.489519596099854,0.0,mad_scaling_clipping_channel_trial,real_cepstrum,HistGradientBoostingRegressor,0.0,0.1,0.05,63,20,FunctionTransformer(func=<function reshape at 0x7f96934342c0>),RobustScaler(copy=False),"{'first_scale': FunctionTransformer(func=<function mad_scaling_clipping_channel_trial at 0x7f9693434040>), 'frequency': FunctionTransformer(func=<function real_cepstrum at 0x7f96933c7880>), 'model': HistGradientBoostingRegressor(early_stopping=True, max_iter=300,
                              n_iter_no_change=15, random_state=42,
                              scoring=None), 'model__l2_regularization': 0.0, 'model__learning_rate': 0.1, 'model__max_features': 0.05, 'model__max_leaf_nodes': 63, 'model__min_samples_leaf': 20, 'reshape': FunctionTransformer(func=<function reshape at 0x7f96934342c0>), 'second_scale': RobustScaler(copy=False)}",0.010230385798425057,0.010230385798425057,0.0,2,0.994871657150597
1,6192.7547125816345,0.0,39.6984920501709,0.0,mad_scaling_clipping_trial_time,enveloppe,HistGradientBoostingRegressor,0.001,0.1,0.05,63,20,FunctionTransformer(func=<function reshape at 0x7f96934342c0>),RobustScaler(copy=False),"{'first_scale': FunctionTransformer(func=<function mad_scaling_clipping_trial_time at 0x7f96934340e0>), 'frequency': FunctionTransformer(func=<function enveloppe at 0x7f96933c7740>), 'model': HistGradientBoostingRegressor(early_stopping=True, max_iter=300,
                              n_iter_no_change=15, random_state=42,
                              scoring=None), 'model__l2_regularization': 0.001, 'model__learning_rate': 0.1, 'model__max_features': 0.05, 'model__max_leaf_nodes': 63, 'model__min_samples_leaf': 20, 'reshape': FunctionTransformer(func=<function reshape at 0x7f96934342c0>), 'second_scale': RobustScaler(copy=False)}",0.06706370544278795,0.06706370544278795,0.0,1,0.9658862741323183
0,3350.6288979053497,0.0,20.744159698486328,0.0,mad_scaling_clipping_channel_trial,passthrough,HistGradientBoostingRegressor,0.0,0.1,0.2,63,20,FunctionTransformer(func=<function reshape at 0x7f96934342c0>),passthrough,"{'first_scale': FunctionTransformer(func=<function mad_scaling_clipping_channel_trial at 0x7f9693434040>), 'frequency': 'passthrough', 'model': HistGradientBoostingRegressor(early_stopping=True, max_iter=300,
                              n_iter_no_change=15, random_state=42,
                              scoring=None), 'model__l2_regularization': 0.0, 'model__learning_rate': 0.1, 'model__max_features': 0.2, 'model__max_leaf_nodes': 63, 'model__min_samples_leaf': 20, 'reshape': FunctionTransformer(func=<function reshape at 0x7f96934342c0>), 'second_scale': 'passthrough'}",0.06796325036738449,0.06796325036738449,0.0,1,0.9654205040460947
1,1471.6571414470673,0.0,34.06412100791931,0.0,mad_scaling_clipping_trial_time,real_cepstrum,HistGradientBoostingRegressor,0.001,0.1,0.2,63,20,FunctionTransformer(func=<function reshape at 0x7f96934342c0>),passthrough,"{'first_scale': FunctionTransformer(func=<function mad_scaling_clipping_trial_time at 0x7f96934340e0>), 'frequency': FunctionTransformer(func=<function real_cepstrum at 0x7f96933c7880>), 'model': HistGradientBoostingRegressor(early_stopping=True, max_iter=300,
                              n_iter_no_change=15, random_state=42,
                              scoring=None), 'model__l2_regularization': 0.001, 'model__learning_rate': 0.1, 'model__max_features': 0.2, 'model__max_leaf_nodes': 63, 'model__min_samples_leaf': 20, 'reshape': FunctionTransformer(func=<function reshape at 0x7f96934342c0>), 'second_scale': 'passthrough'}",0.003052326830382035,0.003052326830382035,0.0,2,0.9984726702166755
0,1773.951311826706,0.0,22.167993783950806,0.0,mad_scaling_clipping_channel_trial,real_cepstrum,HistGradientBoostingRegressor,0.0,0.05,0.1,31,20,FunctionTransformer(func=<function reshape at 0x7f96934342c0>),RobustScaler(copy=False),"{'first_scale': FunctionTransformer(func=<function mad_scaling_clipping_channel_trial at 0x7f9693434040>), 'frequency': FunctionTransformer(func=<function real_cepstrum at 0x7f96933c7880>), 'model': HistGradientBoostingRegressor(early_stopping=True, max_iter=300,
                              n_iter_no_change=15, random_state=42,
                              scoring=None), 'model__l2_regularization': 0.0, 'model__learning_rate': 0.05, 'model__max_features': 0.1, 'model__max_leaf_nodes': 31, 'model__min_samples_leaf': 20, 'reshape': FunctionTransformer(func=<function reshape at 0x7f96934342c0>), 'second_scale': RobustScaler(copy=False)}",0.01372872458930563,0.01372872458930563,0.0,2,0.9931119148468084
1,3879.690858602524,0.0,36.01154112815857,0.0,mad_scaling_clipping_trial_time,enveloppe,HistGradientBoostingRegressor,0.001,0.05,0.1,31,20,FunctionTransformer(func=<function reshape at 0x7f96934342c0>),RobustScaler(copy=False),"{'first_scale': FunctionTransformer(func=<function mad_scaling_clipping_trial_time at 0x7f96934340e0>), 'frequency': FunctionTransformer(func=<function enveloppe at 0x7f96933c7740>), 'model': HistGradientBoostingRegressor(early_stopping=True, max_iter=300,
                              n_iter_no_change=15, random_state=42,
                              scoring=None), 'model__l2_regularization': 0.001, 'model__learning_rate': 0.05, 'model__max_features': 0.1, 'model__max_leaf_nodes': 31, 'model__min_samples_leaf': 20, 'reshape': FunctionTransformer(func=<function reshape at 0x7f96934342c0>), 'second_scale': RobustScaler(copy=False)}",0.0892097073988859,0.0892097073988859,0.0,1,0.9543533373971687
0,1428.7668550014496,0.0,8.262959241867065,0.0,passthrough,real_cepstrum,HistGradientBoostingRegressor,0.0,0.05,0.2,31,20,FunctionTransformer(func=<function reshape at 0x7f96934342c0>),passthrough,"{'first_scale': 'passthrough', 'frequency': FunctionTransformer(func=<function real_cepstrum at 0x7f96933c7880>), 'model': HistGradientBoostingRegressor(early_stopping=True, max_iter=300,
                              n_iter_no_change=15, random_state=42,
                              scoring=None), 'model__l2_regularization': 0.0, 'model__learning_rate': 0.05, 'model__max_features': 0.2, 'model__max_leaf_nodes': 31, 'model__min_samples_leaf': 20, 'reshape': FunctionTransformer(func=<function reshape at 0x7f96934342c0>), 'second_scale': 'passthrough'}",0.013348120231803984,0.013348120231803984,0.0,2,0.9933035184515335
1,3408.203939676285,0.0,34.791686058044434,0.0,mad_scaling_clipping_channel_trial,enveloppe,HistGradientBoostingRegressor,0.001,0.05,0.2,31,20,FunctionTransformer(func=<function reshape at 0x7f96934342c0>),passthrough,"{'first_scale': FunctionTransformer(func=<function mad_scaling_clipping_channel_trial at 0x7f9693434040>), 'frequency': FunctionTransformer(func=<function enveloppe at 0x7f96933c7740>), 'model': HistGradientBoostingRegressor(early_stopping=True, max_iter=300,
                              n_iter_no_change=15, random_state=42,
                              scoring=None), 'model__l2_regularization': 0.001, 'model__learning_rate': 0.05, 'model__max_features': 0.2, 'model__max_leaf_nodes': 31, 'model__min_samples_leaf': 20, 'reshape': FunctionTransformer(func=<function reshape at 0x7f96934342c0>), 'second_scale': 'passthrough'}",0.07523971917106687,0.07523971917106687,0.0,1,0.9616445709454887
0,1032.384408712387,0.0,35.14133310317993,0.0,mad_scaling_clipping_channel_trial,real_cepstrum,HistGradientBoostingRegressor,0.0,0.1,0.05,31,20,FunctionTransformer(func=<function reshape at 0x7f96934342c0>),passthrough,"{'first_scale': FunctionTransformer(func=<function mad_scaling_clipping_channel_trial at 0x7f9693434040>), 'frequency': FunctionTransformer(func=<function real_cepstrum at 0x7f96933c7880>), 'model': HistGradientBoostingRegressor(early_stopping=True, max_iter=300,
                              n_iter_no_change=15, random_state=42,
                              scoring=None), 'model__l2_regularization': 0.0, 'model__learning_rate': 0.1, 'model__max_features': 0.05, 'model__max_leaf_nodes': 31, 'model__min_samples_leaf': 20, 'reshape': FunctionTransformer(func=<function reshape at 0x7f96934342c0>), 'second_scale': 'passthrough'}",0.012755344482579756,0.012755344482579756,0.0,2,0.9936018596587972
1,4696.877101659775,0.0,44.340280294418335,0.0,mad_scaling_clipping_trial_time,enveloppe,HistGradientBoostingRegressor,0.001,0.1,0.05,31,20,FunctionTransformer(func=<function reshape at 0x7f96934342c0>),passthrough,"{'first_scale': FunctionTransformer(func=<function mad_scaling_clipping_trial_time at 0x7f96934340e0>), 'frequency': FunctionTransformer(func=<function enveloppe at 0x7f96933c7740>), 'model': HistGradientBoostingRegressor(early_stopping=True, max_iter=300,
                              n_iter_no_change=15, random_state=42,
                              scoring=None), 'model__l2_regularization': 0.001, 'model__learning_rate': 0.1, 'model__max_features': 0.05, 'model__max_leaf_nodes': 31, 'model__min_samples_leaf': 20, 'reshape': FunctionTransformer(func=<function reshape at 0x7f96934342c0>), 'second_scale': 'passthrough'}",0.07922237332057147,0.07922237332057147,0.0,1,0.9595715849687445
0,2038.8546364307404,0.0,32.20594620704651,0.0,mad_scaling_clipping_channel_trial,power_phase,HistGradientBoostingRegressor,0.0,0.1,0.1,31,20,FunctionTransformer(func=<function reshape at 0x7f96934342c0>),passthrough,"{'first_scale': FunctionTransformer(func=<function mad_scaling_clipping_channel_trial at 0x7f9693434040>), 'frequency': FunctionTransformer(func=<function power_phase at 0x7f96933c7ba0>), 'model': HistGradientBoostingRegressor(early_stopping=True, max_iter=300,
                              n_iter_no_change=15, random_state=42,
                              scoring=None), 'model__l2_regularization': 0.0, 'model__learning_rate': 0.1, 'model__max_features': 0.1, 'model__max_leaf_nodes': 31, 'model__min_samples_leaf': 20, 'reshape': FunctionTransformer(func=<function reshape at 0x7f96934342c0>), 'second_scale': 'passthrough'}",0.07136111689319924,0.07136111689319924,0.0,1,0.9636591114635926
1,1527.1801490783691,0.0,46.30147075653076,0.0,mad_scaling_clipping_trial_time,complex_cepstrum,HistGradientBoostingRegressor,0.001,0.1,0.1,31,20,FunctionTransformer(func=<function reshape at 0x7f96934342c0>),passthrough,"{'first_scale': FunctionTransformer(func=<function mad_scaling_clipping_trial_time at 0x7f96934340e0>), 'frequency': FunctionTransformer(func=<function complex_cepstrum at 0x7f96933c77e0>), 'model': HistGradientBoostingRegressor(early_stopping=True, max_iter=300,
                              n_iter_no_change=15, random_state=42,
                              scoring=None), 'model__l2_regularization': 0.001, 'model__learning_rate': 0.1, 'model__max_features': 0.1, 'model__max_leaf_nodes': 31, 'model__min_samples_leaf': 20, 'reshape': FunctionTransformer(func=<function reshape at 0x7f96934342c0>), 'second_scale': 'passthrough'}",0.014179055406591923,0.014179055406591923,0.0,2,0.9928851618356516
0,3718.7181918621063,0.0,22.154807806015015,0.0,passthrough,complex_cepstrum,HistGradientBoostingRegressor,0.0,0.05,0.2,63,20,FunctionTransformer(func=<function reshape at 0x7f96934342c0>),RobustScaler(copy=False),"{'first_scale': 'passthrough', 'frequency': FunctionTransformer(func=<function complex_cepstrum at 0x7f96933c77e0>), 'model': HistGradientBoostingRegressor(early_stopping=True, max_iter=300,
                              n_iter_no_change=15, random_state=42,
                              scoring=None), 'model__l2_regularization': 0.0, 'model__learning_rate': 0.05, 'model__max_features': 0.2, 'model__max_leaf_nodes': 63, 'model__min_samples_leaf': 20, 'reshape': FunctionTransformer(func=<function reshape at 0x7f96934342c0>), 'second_scale': RobustScaler(copy=False)}",0.035577544161145336,0.035577544161145336,0.0,2,0.9820501289846942
1,3776.514808654785,0.0,28.036297082901,0.0,mad_scaling_clipping_trial_time,passthrough,HistGradientBoostingRegressor,0.001,0.05,0.2,63,20,FunctionTransformer(func=<function reshape at 0x7f96934342c0>),RobustScaler(copy=False),"{'first_scale': FunctionTransformer(func=<function mad_scaling_clipping_trial_time at 0x7f96934340e0>), 'frequency': 'passthrough', 'model': HistGradientBoostingRegressor(early_stopping=True, max_iter=300,
                              n_iter_no_change=15, random_state=42,
                              scoring=None), 'model__l2_regularization': 0.001, 'model__learning_rate': 0.05, 'model__max_features': 0.2, 'model__max_leaf_nodes': 63, 'model__min_samples_leaf': 20, 'reshape': FunctionTransformer(func=<function reshape at 0x7f96934342c0>), 'second_scale': RobustScaler(copy=False)}",0.08848343902221867,0.08848343902221867,0.0,1,0.9547337644483834
0,1721.7473905086517,0.0,8.34474229812622,0.0,passthrough,real_cepstrum,HistGradientBoostingRegressor,0.001,0.05,0.2,31,20,FunctionTransformer(func=<function reshape at 0x7f96934342c0>),RobustScaler(copy=False),"{'first_scale': 'passthrough', 'frequency': FunctionTransformer(func=<function real_cepstrum at 0x7f96933c7880>), 'model': HistGradientBoostingRegressor(early_stopping=True, max_iter=300,
                              n_iter_no_change=15, random_state=42,
                              scoring=None), 'model__l2_regularization': 0.001, 'model__learning_rate': 0.05, 'model__max_features': 0.2, 'model__max_leaf_nodes': 31, 'model__min_samples_leaf': 20, 'reshape': FunctionTransformer(func=<function reshape at 0x7f96934342c0>), 'second_scale': RobustScaler(copy=False)}",0.013348461578499782,0.013348461578499782,0.0,2,0.9933033466275548
1,1989.0947375297546,0.0,18.474578857421875,0.0,mad_scaling_clipping_trial_time,passthrough,HistGradientBoostingRegressor,0.0,0.05,0.2,31,20,FunctionTransformer(func=<function reshape at 0x7f96934342c0>),RobustScaler(copy=False),"{'first_scale': FunctionTransformer(func=<function mad_scaling_clipping_trial_time at 0x7f96934340e0>), 'frequency': 'passthrough', 'model': HistGradientBoostingRegressor(early_stopping=True, max_iter=300,
                              n_iter_no_change=15, random_state=42,
                              scoring=None), 'model__l2_regularization': 0.0, 'model__learning_rate': 0.05, 'model__max_features': 0.2, 'model__max_leaf_nodes': 31, 'model__min_samples_leaf': 20, 'reshape': FunctionTransformer(func=<function reshape at 0x7f96934342c0>), 'second_scale': RobustScaler(copy=False)}",0.09191731419897398,0.09191731419897398,0.0,1,0.9529337258178168
0,3359.173487186432,0.0,3.4163002967834473,0.0,passthrough,passthrough,HistGradientBoostingRegressor,0.001,0.05,0.1,63,20,FunctionTransformer(func=<function reshape at 0x7f96934342c0>),passthrough,"{'first_scale': 'passthrough', 'frequency': 'passthrough', 'model': HistGradientBoostingRegressor(early_stopping=True, max_iter=300,
                              n_iter_no_change=15, random_state=42,
                              scoring=None), 'model__l2_regularization': 0.001, 'model__learning_rate': 0.05, 'model__max_features': 0.1, 'model__max_leaf_nodes': 63, 'model__min_samples_leaf': 20, 'reshape': FunctionTransformer(func=<function reshape at 0x7f96934342c0>), 'second_scale': 'passthrough'}",0.0900729305790876,0.0900729305790876,0.0,1,0.953900974640928
1,3384.1088371276855,0.0,41.60258889198303,0.0,mad_scaling_clipping_channel_trial,complex_cepstrum,HistGradientBoostingRegressor,0.0,0.05,0.1,63,20,FunctionTransformer(func=<function reshape at 0x7f96934342c0>),passthrough,"{'first_scale': FunctionTransformer(func=<function mad_scaling_clipping_channel_trial at 0x7f9693434040>), 'frequency': FunctionTransformer(func=<function complex_cepstrum at 0x7f96933c77e0>), 'model': HistGradientBoostingRegressor(early_stopping=True, max_iter=300,
                              n_iter_no_change=15, random_state=42,
                              scoring=None), 'model__l2_regularization': 0.0, 'model__learning_rate': 0.05, 'model__max_features': 0.1, 'model__max_leaf_nodes': 63, 'model__min_samples_leaf': 20, 'reshape': FunctionTransformer(func=<function reshape at 0x7f96934342c0>), 'second_scale': 'passthrough'}",0.031099505086832346,0.031099505086832346,0.0,2,0.9843274327748708
0,3300.16472363472,0.0,23.104833602905273,0.0,mad_scaling_clipping_channel_trial,passthrough,HistGradientBoostingRegressor,0.0,0.05,0.05,63,20,FunctionTransformer(func=<function reshape at 0x7f96934342c0>),passthrough,"{'first_scale': FunctionTransformer(func=<function mad_scaling_clipping_channel_trial at 0x7f9693434040>), 'frequency': 'passthrough', 'model': HistGradientBoostingRegressor(early_stopping=True, max_iter=300,
                              n_iter_no_change=15, random_state=42,
                              scoring=None), 'model__l2_regularization': 0.0, 'model__learning_rate': 0.05, 'model__max_features': 0.05, 'model__max_leaf_nodes': 63, 'model__min_samples_leaf': 20, 'reshape': FunctionTransformer(func=<function reshape at 0x7f96934342c0>), 'second_scale': 'passthrough'}",0.0883331954376475,0.0883331954376475,0.0,1,0.9548124447043789
1,2965.9118208885193,0.0,33.32575273513794,0.0,mad_scaling_clipping_trial_time,real_cepstrum,HistGradientBoostingRegressor,0.001,0.05,0.05,63,20,FunctionTransformer(func=<function reshape at 0x7f96934342c0>),passthrough,"{'first_scale': FunctionTransformer(func=<function mad_scaling_clipping_trial_time at 0x7f96934340e0>), 'frequency': FunctionTransformer(func=<function real_cepstrum at 0x7f96933c7880>), 'model': HistGradientBoostingRegressor(early_stopping=True, max_iter=300,
                              n_iter_no_change=15, random_state=42,
                              scoring=None), 'model__l2_regularization': 0.001, 'model__learning_rate': 0.05, 'model__max_features': 0.05, 'model__max_leaf_nodes': 63, 'model__min_samples_leaf': 20, 'reshape': FunctionTransformer(func=<function reshape at 0x7f96934342c0>), 'second_scale': 'passthrough'}",0.009081860677283227,0.009081860677283227,0.0,2,0.9954487125526441
0,2295.088324546814,0.0,22.2452392578125,0.0,mad_scaling_clipping_channel_trial,passthrough,HistGradientBoostingRegressor,0.0,0.1,0.05,63,20,FunctionTransformer(func=<function reshape at 0x7f96934342c0>),passthrough,"{'first_scale': FunctionTransformer(func=<function mad_scaling_clipping_channel_trial at 0x7f9693434040>), 'frequency': 'passthrough', 'model': HistGradientBoostingRegressor(early_stopping=True, max_iter=300,
                              n_iter_no_change=15, random_state=42,
                              scoring=None), 'model__l2_regularization': 0.0, 'model__learning_rate': 0.1, 'model__max_features': 0.05, 'model__max_leaf_nodes': 63, 'model__min_samples_leaf': 20, 'reshape': FunctionTransformer(func=<function reshape at 0x7f96934342c0>), 'second_scale': 'passthrough'}",0.07413477381042288,0.07413477381042288,0.0,1,0.9622189076242356
1,1164.584237575531,0.0,31.140034675598145,0.0,mad_scaling_clipping_trial_time,real_cepstrum,HistGradientBoostingRegressor,0.001,0.1,0.05,63,20,FunctionTransformer(func=<function reshape at 0x7f96934342c0>),passthrough,"{'first_scale': FunctionTransformer(func=<function mad_scaling_clipping_trial_time at 0x7f96934340e0>), 'frequency': FunctionTransformer(func=<function real_cepstrum at 0x7f96933c7880>), 'model': HistGradientBoostingRegressor(early_stopping=True, max_iter=300,
                              n_iter_no_change=15, random_state=42,
                              scoring=None), 'model__l2_regularization': 0.001, 'model__learning_rate': 0.1, 'model__max_features': 0.05, 'model__max_leaf_nodes': 63, 'model__min_samples_leaf': 20, 'reshape': FunctionTransformer(func=<function reshape at 0x7f96934342c0>), 'second_scale': 'passthrough'}",0.005800047820396448,0.005800047820396448,0.0,2,0.9970957587812735
0,4600.96820807457,0.0,28.8257577419281,0.0,mad_scaling_clipping_channel_trial,passthrough,HistGradientBoostingRegressor,0.0,0.05,0.1,63,20,FunctionTransformer(func=<function reshape at 0x7f96934342c0>),RobustScaler(copy=False),"{'first_scale': FunctionTransformer(func=<function mad_scaling_clipping_channel_trial at 0x7f9693434040>), 'frequency': 'passthrough', 'model': HistGradientBoostingRegressor(early_stopping=True, max_iter=300,
                              n_iter_no_change=15, random_state=42,
                              scoring=None), 'model__l2_regularization': 0.0, 'model__learning_rate': 0.05, 'model__max_features': 0.1, 'model__max_leaf_nodes': 63, 'model__min_samples_leaf': 20, 'reshape': FunctionTransformer(func=<function reshape at 0x7f96934342c0>), 'second_scale': RobustScaler(copy=False)}",0.08699541376385245,0.08699541376385245,0.0,1,0.9555127347325872
1,4349.580476760864,0.0,39.2759325504303,0.0,mad_scaling_clipping_trial_time,real_cepstrum,HistGradientBoostingRegressor,0.001,0.05,0.1,63,20,FunctionTransformer(func=<function reshape at 0x7f96934342c0>),RobustScaler(copy=False),"{'first_scale': FunctionTransformer(func=<function mad_scaling_clipping_trial_time at 0x7f96934340e0>), 'frequency': FunctionTransformer(func=<function real_cepstrum at 0x7f96933c7880>), 'model': HistGradientBoostingRegressor(early_stopping=True, max_iter=300,
                              n_iter_no_change=15, random_state=42,
                              scoring=None), 'model__l2_regularization': 0.001, 'model__learning_rate': 0.05, 'model__max_features': 0.1, 'model__max_leaf_nodes': 63, 'model__min_samples_leaf': 20, 'reshape': FunctionTransformer(func=<function reshape at 0x7f96934342c0>), 'second_scale': RobustScaler(copy=False)}",0.00795559952140501,0.00795559952140501,0.0,2,0.9960142571663294
0,2209.988971233368,0.0,16.818586587905884,0.0,passthrough,complex_cepstrum,HistGradientBoostingRegressor,0.0,0.05,0.1,63,20,FunctionTransformer(func=<function reshape at 0x7f96934342c0>),passthrough,"{'first_scale': 'passthrough', 'frequency': FunctionTransformer(func=<function complex_cepstrum at 0x7f96933c77e0>), 'model': HistGradientBoostingRegressor(early_stopping=True, max_iter=300,
                              n_iter_no_change=15, random_state=42,
                              scoring=None), 'model__l2_regularization': 0.0, 'model__learning_rate': 0.05, 'model__max_features': 0.1, 'model__max_leaf_nodes': 63, 'model__min_samples_leaf': 20, 'reshape': FunctionTransformer(func=<function reshape at 0x7f96934342c0>), 'second_scale': 'passthrough'}",0.03401103322032839,0.03401103322032839,0.0,2,0.9828473771545975
1,2398.0067160129547,0.0,19.85633945465088,0.0,mad_scaling_clipping_trial_time,passthrough,HistGradientBoostingRegressor,0.001,0.05,0.1,63,20,FunctionTransformer(func=<function reshape at 0x7f96934342c0>),passthrough,"{'first_scale': FunctionTransformer(func=<function mad_scaling_clipping_trial_time at 0x7f96934340e0>), 'frequency': 'passthrough', 'model': HistGradientBoostingRegressor(early_stopping=True, max_iter=300,
                              n_iter_no_change=15, random_state=42,
                              scoring=None), 'model__l2_regularization': 0.001, 'model__learning_rate': 0.05, 'model__max_features': 0.1, 'model__max_leaf_nodes': 63, 'model__min_samples_leaf': 20, 'reshape': FunctionTransformer(func=<function reshape at 0x7f96934342c0>), 'second_scale': 'passthrough'}",0.09262119659373325,0.09262119659373325,0.0,1,0.9525643303243444
0,2378.7615416049957,0.0,20.730488061904907,0.0,passthrough,complex_cepstrum,HistGradientBoostingRegressor,0.001,0.05,0.1,31,20,FunctionTransformer(func=<function reshape at 0x7f96934342c0>),RobustScaler(copy=False),"{'first_scale': 'passthrough', 'frequency': FunctionTransformer(func=<function complex_cepstrum at 0x7f96933c77e0>), 'model': HistGradientBoostingRegressor(early_stopping=True, max_iter=300,
                              n_iter_no_change=15, random_state=42,
                              scoring=None), 'model__l2_regularization': 0.001, 'model__learning_rate': 0.05, 'model__max_features': 0.1, 'model__max_leaf_nodes': 31, 'model__min_samples_leaf': 20, 'reshape': FunctionTransformer(func=<function reshape at 0x7f96934342c0>), 'second_scale': RobustScaler(copy=False)}",0.03679892787312611,0.03679892787312611,0.0,2,0.981428077918537
1,2335.532150030136,0.0,29.073244333267212,0.0,mad_scaling_clipping_trial_time,power_phase,HistGradientBoostingRegressor,0.0,0.05,0.1,31,20,FunctionTransformer(func=<function reshape at 0x7f96934342c0>),RobustScaler(copy=False),"{'first_scale': FunctionTransformer(func=<function mad_scaling_clipping_trial_time at 0x7f96934340e0>), 'frequency': FunctionTransformer(func=<function power_phase at 0x7f96933c7ba0>), 'model': HistGradientBoostingRegressor(early_stopping=True, max_iter=300,
                              n_iter_no_change=15, random_state=42,
                              scoring=None), 'model__l2_regularization': 0.0, 'model__learning_rate': 0.05, 'model__max_features': 0.1, 'model__max_leaf_nodes': 31, 'model__min_samples_leaf': 20, 'reshape': FunctionTransformer(func=<function reshape at 0x7f96934342c0>), 'second_scale': RobustScaler(copy=False)}",0.09150505713870993,0.09150505713870993,0.0,1,0.9531500106810523
0,1552.6198146343231,0.0,6.999228477478027,0.0,passthrough,power_phase,HistGradientBoostingRegressor,0.0,0.1,0.2,31,20,FunctionTransformer(func=<function reshape at 0x7f96934342c0>),RobustScaler(copy=False),"{'first_scale': 'passthrough', 'frequency': FunctionTransformer(func=<function power_phase at 0x7f96933c7ba0>), 'model': HistGradientBoostingRegressor(early_stopping=True, max_iter=300,
                              n_iter_no_change=15, random_state=42,
                              scoring=None), 'model__l2_regularization': 0.0, 'model__learning_rate': 0.1, 'model__max_features': 0.2, 'model__max_leaf_nodes': 31, 'model__min_samples_leaf': 20, 'reshape': FunctionTransformer(func=<function reshape at 0x7f96934342c0>), 'second_scale': RobustScaler(copy=False)}",0.07745733119637144,0.07745733119637144,0.0,1,0.9604908478500087
1,1602.6309568881989,0.0,38.795681953430176,0.0,mad_scaling_clipping_channel_trial,complex_cepstrum,HistGradientBoostingRegressor,0.001,0.1,0.2,31,20,FunctionTransformer(func=<function reshape at 0x7f96934342c0>),RobustScaler(copy=False),"{'first_scale': FunctionTransformer(func=<function mad_scaling_clipping_channel_trial at 0x7f9693434040>), 'frequency': FunctionTransformer(func=<function complex_cepstrum at 0x7f96933c77e0>), 'model': HistGradientBoostingRegressor(early_stopping=True, max_iter=300,
                              n_iter_no_change=15, random_state=42,
                              scoring=None), 'model__l2_regularization': 0.001, 'model__learning_rate': 0.1, 'model__max_features': 0.2, 'model__max_leaf_nodes': 31, 'model__min_samples_leaf': 20, 'reshape': FunctionTransformer(func=<function reshape at 0x7f96934342c0>), 'second_scale': RobustScaler(copy=False)}",0.02581613997973986,0.02581613997973986,0.0,2,0.9870075278437648
0,2329.0828959941864,0.0,10.676460027694702,0.0,passthrough,power_phase,HistGradientBoostingRegressor,0.0,0.05,0.05,63,20,FunctionTransformer(func=<function reshape at 0x7f96934342c0>),passthrough,"{'first_scale': 'passthrough', 'frequency': FunctionTransformer(func=<function power_phase at 0x7f96933c7ba0>), 'model': HistGradientBoostingRegressor(early_stopping=True, max_iter=300,
                              n_iter_no_change=15, random_state=42,
                              scoring=None), 'model__l2_regularization': 0.0, 'model__learning_rate': 0.05, 'model__max_features': 0.05, 'model__max_leaf_nodes': 63, 'model__min_samples_leaf': 20, 'reshape': FunctionTransformer(func=<function reshape at 0x7f96934342c0>), 'second_scale': 'passthrough'}",0.08263453110255747,0.08263453110255747,0.0,1,0.9577919757950797
1,2576.778713941574,0.0,35.24542570114136,0.0,mad_scaling_clipping_channel_trial,complex_cepstrum,HistGradientBoostingRegressor,0.001,0.05,0.05,63,20,FunctionTransformer(func=<function reshape at 0x7f96934342c0>),passthrough,"{'first_scale': FunctionTransformer(func=<function mad_scaling_clipping_channel_trial at 0x7f9693434040>), 'frequency': FunctionTransformer(func=<function complex_cepstrum at 0x7f96933c77e0>), 'model': HistGradientBoostingRegressor(early_stopping=True, max_iter=300,
                              n_iter_no_change=15, random_state=42,
                              scoring=None), 'model__l2_regularization': 0.001, 'model__learning_rate': 0.05, 'model__max_features': 0.05, 'model__max_leaf_nodes': 63, 'model__min_samples_leaf': 20, 'reshape': FunctionTransformer(func=<function reshape at 0x7f96934342c0>), 'second_scale': 'passthrough'}",0.03196752986407614,0.03196752986407614,0.0,2,0.9838864111958879
0,4018.8882234096527,0.0,4.109218597412109,0.0,passthrough,passthrough,HistGradientBoostingRegressor,0.0,0.05,0.2,63,20,FunctionTransformer(func=<function reshape at 0x7f96934342c0>),passthrough,"{'first_scale': 'passthrough', 'frequency': 'passthrough', 'model': HistGradientBoostingRegressor(early_stopping=True, max_iter=300,
                              n_iter_no_change=15, random_state=42,
                              scoring=None), 'model__l2_regularization': 0.0, 'model__learning_rate': 0.05, 'model__max_features': 0.2, 'model__max_leaf_nodes': 63, 'model__min_samples_leaf': 20, 'reshape': FunctionTransformer(func=<function reshape at 0x7f96934342c0>), 'second_scale': 'passthrough'}",0.09418892582130378,0.09418892582130378,0.0,1,0.9517410751768026
1,2961.3586971759796,0.0,33.258044481277466,0.0,mad_scaling_clipping_channel_trial,real_cepstrum,HistGradientBoostingRegressor,0.001,0.05,0.2,63,20,FunctionTransformer(func=<function reshape at 0x7f96934342c0>),passthrough,"{'first_scale': FunctionTransformer(func=<function mad_scaling_clipping_channel_trial at 0x7f9693434040>), 'frequency': FunctionTransformer(func=<function real_cepstrum at 0x7f96933c7880>), 'model': HistGradientBoostingRegressor(early_stopping=True, max_iter=300,
                              n_iter_no_change=15, random_state=42,
                              scoring=None), 'model__l2_regularization': 0.001, 'model__learning_rate': 0.05, 'model__max_features': 0.2, 'model__max_leaf_nodes': 63, 'model__min_samples_leaf': 20, 'reshape': FunctionTransformer(func=<function reshape at 0x7f96934342c0>), 'second_scale': 'passthrough'}",0.011699651342425454,0.011699651342425454,0.0,2,0.9941329632687845
0,5041.166217327118,0.0,20.597205638885498,0.0,passthrough,enveloppe,HistGradientBoostingRegressor,0.001,0.1,0.1,63,20,FunctionTransformer(func=<function reshape at 0x7f96934342c0>),RobustScaler(copy=False),"{'first_scale': 'passthrough', 'frequency': FunctionTransformer(func=<function enveloppe at 0x7f96933c7740>), 'model': HistGradientBoostingRegressor(early_stopping=True, max_iter=300,
                              n_iter_no_change=15, random_state=42,
                              scoring=None), 'model__l2_regularization': 0.001, 'model__learning_rate': 0.1, 'model__max_features': 0.1, 'model__max_leaf_nodes': 63, 'model__min_samples_leaf': 20, 'reshape': FunctionTransformer(func=<function reshape at 0x7f96934342c0>), 'second_scale': RobustScaler(copy=False)}",0.07450402703914005,0.07450402703914005,0.0,1,0.9620270125941682
1,1377.1478378772736,0.0,23.686792135238647,0.0,mad_scaling_clipping_trial_time,real_cepstrum,HistGradientBoostingRegressor,0.0,0.1,0.1,63,20,FunctionTransformer(func=<function reshape at 0x7f96934342c0>),RobustScaler(copy=False),"{'first_scale': FunctionTransformer(func=<function mad_scaling_clipping_trial_time at 0x7f96934340e0>), 'frequency': FunctionTransformer(func=<function real_cepstrum at 0x7f96933c7880>), 'model': HistGradientBoostingRegressor(early_stopping=True, max_iter=300,
                              n_iter_no_change=15, random_state=42,
                              scoring=None), 'model__l2_regularization': 0.0, 'model__learning_rate': 0.1, 'model__max_features': 0.1, 'model__max_leaf_nodes': 63, 'model__min_samples_leaf': 20, 'reshape': FunctionTransformer(func=<function reshape at 0x7f96934342c0>), 'second_scale': RobustScaler(copy=False)}",0.004074430034083809,0.004074430034083809,0.0,2,0.9979607056221784
0,4374.316659450531,0.0,23.22726559638977,0.0,passthrough,enveloppe,HistGradientBoostingRegressor,0.001,0.1,0.2,31,20,FunctionTransformer(func=<function reshape at 0x7f96934342c0>),RobustScaler(copy=False),"{'first_scale': 'passthrough', 'frequency': FunctionTransformer(func=<function enveloppe at 0x7f96933c7740>), 'model': HistGradientBoostingRegressor(early_stopping=True, max_iter=300,
                              n_iter_no_change=15, random_state=42,
                              scoring=None), 'model__l2_regularization': 0.001, 'model__learning_rate': 0.1, 'model__max_features': 0.2, 'model__max_leaf_nodes': 31, 'model__min_samples_leaf': 20, 'reshape': FunctionTransformer(func=<function reshape at 0x7f96934342c0>), 'second_scale': RobustScaler(copy=False)}",0.08813533172438681,0.08813533172438681,0.0,1,0.9549160529992221
1,1708.2088532447815,0.0,34.450448989868164,0.0,mad_scaling_clipping_trial_time,real_cepstrum,HistGradientBoostingRegressor,0.0,0.1,0.2,31,20,FunctionTransformer(func=<function reshape at 0x7f96934342c0>),RobustScaler(copy=False),"{'first_scale': FunctionTransformer(func=<function mad_scaling_clipping_trial_time at 0x7f96934340e0>), 'frequency': FunctionTransformer(func=<function real_cepstrum at 0x7f96933c7880>), 'model': HistGradientBoostingRegressor(early_stopping=True, max_iter=300,
                              n_iter_no_change=15, random_state=42,
                              scoring=None), 'model__l2_regularization': 0.0, 'model__learning_rate': 0.1, 'model__max_features': 0.2, 'model__max_leaf_nodes': 31, 'model__min_samples_leaf': 20, 'reshape': FunctionTransformer(func=<function reshape at 0x7f96934342c0>), 'second_scale': RobustScaler(copy=False)}",0.001157876881272446,0.001157876881272446,0.0,2,0.9994208938774132
0,3286.355274438858,0.0,5.378478050231934,0.0,passthrough,passthrough,HistGradientBoostingRegressor,0.0,0.05,0.05,31,20,FunctionTransformer(func=<function reshape at 0x7f96934342c0>),passthrough,"{'first_scale': 'passthrough', 'frequency': 'passthrough', 'model': HistGradientBoostingRegressor(early_stopping=True, max_iter=300,
                              n_iter_no_change=15, random_state=42,
                              scoring=None), 'model__l2_regularization': 0.0, 'model__learning_rate': 0.05, 'model__max_features': 0.05, 'model__max_leaf_nodes': 31, 'model__min_samples_leaf': 20, 'reshape': FunctionTransformer(func=<function reshape at 0x7f96934342c0>), 'second_scale': 'passthrough'}",0.0915233641539539,0.0915233641539539,0.0,1,0.9531404072045452
1,3021.558295249939,0.0,36.78240180015564,0.0,mad_scaling_clipping_channel_trial,real_cepstrum,HistGradientBoostingRegressor,0.001,0.05,0.05,31,20,FunctionTransformer(func=<function reshape at 0x7f96934342c0>),passthrough,"{'first_scale': FunctionTransformer(func=<function mad_scaling_clipping_channel_trial at 0x7f9693434040>), 'frequency': FunctionTransformer(func=<function real_cepstrum at 0x7f96933c7880>), 'model': HistGradientBoostingRegressor(early_stopping=True, max_iter=300,
                              n_iter_no_change=15, random_state=42,
                              scoring=None), 'model__l2_regularization': 0.001, 'model__learning_rate': 0.05, 'model__max_features': 0.05, 'model__max_leaf_nodes': 31, 'model__min_samples_leaf': 20, 'reshape': FunctionTransformer(func=<function reshape at 0x7f96934342c0>), 'second_scale': 'passthrough'}",0.012587949889117933,0.012587949889117933,0.0,2,0.9936860923404746
0,2546.141209125519,0.0,29.992809534072876,0.0,mad_scaling_clipping_channel_trial,power_phase,HistGradientBoostingRegressor,0.001,0.05,0.2,31,20,FunctionTransformer(func=<function reshape at 0x7f96934342c0>),RobustScaler(copy=False),"{'first_scale': FunctionTransformer(func=<function mad_scaling_clipping_channel_trial at 0x7f9693434040>), 'frequency': FunctionTransformer(func=<function power_phase at 0x7f96933c7ba0>), 'model': HistGradientBoostingRegressor(early_stopping=True, max_iter=300,
                              n_iter_no_change=15, random_state=42,
                              scoring=None), 'model__l2_regularization': 0.001, 'model__learning_rate': 0.05, 'model__max_features': 0.2, 'model__max_leaf_nodes': 31, 'model__min_samples_leaf': 20, 'reshape': FunctionTransformer(func=<function reshape at 0x7f96934342c0>), 'second_scale': RobustScaler(copy=False)}",0.07565569518042436,0.07565569518042436,0.0,2,0.9614282629606723
1,5885.093240737915,0.0,47.32545304298401,0.0,mad_scaling_clipping_trial_time,enveloppe,HistGradientBoostingRegressor,0.0,0.05,0.2,31,20,FunctionTransformer(func=<function reshape at 0x7f96934342c0>),RobustScaler(copy=False),"{'first_scale': FunctionTransformer(func=<function mad_scaling_clipping_trial_time at 0x7f96934340e0>), 'frequency': FunctionTransformer(func=<function enveloppe at 0x7f96933c7740>), 'model': HistGradientBoostingRegressor(early_stopping=True, max_iter=300,
                              n_iter_no_change=15, random_state=42,
                              scoring=None), 'model__l2_regularization': 0.0, 'model__learning_rate': 0.05, 'model__max_features': 0.2, 'model__max_leaf_nodes': 31, 'model__min_samples_leaf': 20, 'reshape': FunctionTransformer(func=<function reshape at 0x7f96934342c0>), 'second_scale': RobustScaler(copy=False)}",0.08803592651482783,0.08803592651482783,0.0,1,0.9549681007683828
0,3107.33008480072,0.0,23.641386032104492,0.0,mad_scaling_clipping_channel_trial,passthrough,HistGradientBoostingRegressor,0.0,0.1,0.2,63,20,FunctionTransformer(func=<function reshape at 0x7f96934342c0>),RobustScaler(copy=False),"{'first_scale': FunctionTransformer(func=<function mad_scaling_clipping_channel_trial at 0x7f9693434040>), 'frequency': 'passthrough', 'model': HistGradientBoostingRegressor(early_stopping=True, max_iter=300,
                              n_iter_no_change=15, random_state=42,
                              scoring=None), 'model__l2_regularization': 0.0, 'model__learning_rate': 0.1, 'model__max_features': 0.2, 'model__max_leaf_nodes': 63, 'model__min_samples_leaf': 20, 'reshape': FunctionTransformer(func=<function reshape at 0x7f96934342c0>), 'second_scale': RobustScaler(copy=False)}",0.06796325036738449,0.06796325036738449,0.0,1,0.9654205040460947
1,1499.063203573227,0.0,32.856120586395264,0.0,mad_scaling_clipping_trial_time,real_cepstrum,HistGradientBoostingRegressor,0.001,0.1,0.2,63,20,FunctionTransformer(func=<function reshape at 0x7f96934342c0>),RobustScaler(copy=False),"{'first_scale': FunctionTransformer(func=<function mad_scaling_clipping_trial_time at 0x7f96934340e0>), 'frequency': FunctionTransformer(func=<function real_cepstrum at 0x7f96933c7880>), 'model': HistGradientBoostingRegressor(early_stopping=True, max_iter=300,
                              n_iter_no_change=15, random_state=42,
                              scoring=None), 'model__l2_regularization': 0.001, 'model__learning_rate': 0.1, 'model__max_features': 0.2, 'model__max_leaf_nodes': 63, 'model__min_samples_leaf': 20, 'reshape': FunctionTransformer(func=<function reshape at 0x7f96934342c0>), 'second_scale': RobustScaler(copy=False)}",0.003052326830382035,0.003052326830382035,0.0,2,0.9984726702166755
0,2396.8403985500336,0.0,19.53013300895691,0.0,mad_scaling_clipping_channel_trial,passthrough,HistGradientBoostingRegressor,0.0,0.05,0.2,31,20,FunctionTransformer(func=<function reshape at 0x7f96934342c0>),RobustScaler(copy=False),"{'first_scale': FunctionTransformer(func=<function mad_scaling_clipping_channel_trial at 0x7f9693434040>), 'frequency': 'passthrough', 'model': HistGradientBoostingRegressor(early_stopping=True, max_iter=300,
                              n_iter_no_change=15, random_state=42,
                              scoring=None), 'model__l2_regularization': 0.0, 'model__learning_rate': 0.05, 'model__max_features': 0.2, 'model__max_leaf_nodes': 31, 'model__min_samples_leaf': 20, 'reshape': FunctionTransformer(func=<function reshape at 0x7f96934342c0>), 'second_scale': RobustScaler(copy=False)}",0.08662603736498387,0.08662603736498387,0.0,1,0.9557060021968138
1,2043.323903799057,0.0,29.074912786483765,0.0,mad_scaling_clipping_trial_time,real_cepstrum,HistGradientBoostingRegressor,0.001,0.05,0.2,31,20,FunctionTransformer(func=<function reshape at 0x7f96934342c0>),RobustScaler(copy=False),"{'first_scale': FunctionTransformer(func=<function mad_scaling_clipping_trial_time at 0x7f96934340e0>), 'frequency': FunctionTransformer(func=<function real_cepstrum at 0x7f96933c7880>), 'model': HistGradientBoostingRegressor(early_stopping=True, max_iter=300,
                              n_iter_no_change=15, random_state=42,
                              scoring=None), 'model__l2_regularization': 0.001, 'model__learning_rate': 0.05, 'model__max_features': 0.2, 'model__max_leaf_nodes': 31, 'model__min_samples_leaf': 20, 'reshape': FunctionTransformer(func=<function reshape at 0x7f96934342c0>), 'second_scale': RobustScaler(copy=False)}",0.011907465436494458,0.011907465436494458,0.0,2,0.9940284375024215
0,3386.624154806137,0.0,31.241608142852783,0.0,mad_scaling_clipping_channel_trial,power_phase,HistGradientBoostingRegressor,0.001,0.05,0.05,63,20,FunctionTransformer(func=<function reshape at 0x7f96934342c0>),passthrough,"{'first_scale': FunctionTransformer(func=<function mad_scaling_clipping_channel_trial at 0x7f9693434040>), 'frequency': FunctionTransformer(func=<function power_phase at 0x7f96933c7ba0>), 'model': HistGradientBoostingRegressor(early_stopping=True, max_iter=300,
                              n_iter_no_change=15, random_state=42,
                              scoring=None), 'model__l2_regularization': 0.001, 'model__learning_rate': 0.05, 'model__max_features': 0.05, 'model__max_leaf_nodes': 63, 'model__min_samples_leaf': 20, 'reshape': FunctionTransformer(func=<function reshape at 0x7f96934342c0>), 'second_scale': 'passthrough'}",0.07391395004535961,0.07391395004535961,0.0,2,0.9623336479385102
1,6701.257252693176,0.0,46.41624736785889,0.0,mad_scaling_clipping_trial_time,enveloppe,HistGradientBoostingRegressor,0.0,0.05,0.05,63,20,FunctionTransformer(func=<function reshape at 0x7f96934342c0>),passthrough,"{'first_scale': FunctionTransformer(func=<function mad_scaling_clipping_trial_time at 0x7f96934340e0>), 'frequency': FunctionTransformer(func=<function enveloppe at 0x7f96933c7740>), 'model': HistGradientBoostingRegressor(early_stopping=True, max_iter=300,
                              n_iter_no_change=15, random_state=42,
                              scoring=None), 'model__l2_regularization': 0.0, 'model__learning_rate': 0.05, 'model__max_features': 0.05, 'model__max_leaf_nodes': 63, 'model__min_samples_leaf': 20, 'reshape': FunctionTransformer(func=<function reshape at 0x7f96934342c0>), 'second_scale': 'passthrough'}",0.08696972654158563,0.08696972654158563,0.0,1,0.9555261762287909
0,1556.3306381702423,0.0,2.0736255645751953,0.0,passthrough,passthrough,HistGradientBoostingRegressor,0.0,0.1,0.05,63,20,FunctionTransformer(func=<function reshape at 0x7f96934342c0>),passthrough,"{'first_scale': 'passthrough', 'frequency': 'passthrough', 'model': HistGradientBoostingRegressor(early_stopping=True, max_iter=300,
                              n_iter_no_change=15, random_state=42,
                              scoring=None), 'model__l2_regularization': 0.0, 'model__learning_rate': 0.1, 'model__max_features': 0.05, 'model__max_leaf_nodes': 63, 'model__min_samples_leaf': 20, 'reshape': FunctionTransformer(func=<function reshape at 0x7f96934342c0>), 'second_scale': 'passthrough'}",0.07937645217625122,0.07937645217625122,0.0,1,0.9594912963772776
1,1036.9245901107788,0.0,18.381497859954834,0.0,mad_scaling_clipping_channel_trial,real_cepstrum,HistGradientBoostingRegressor,0.001,0.1,0.05,63,20,FunctionTransformer(func=<function reshape at 0x7f96934342c0>),passthrough,"{'first_scale': FunctionTransformer(func=<function mad_scaling_clipping_channel_trial at 0x7f9693434040>), 'frequency': FunctionTransformer(func=<function real_cepstrum at 0x7f96933c7880>), 'model': HistGradientBoostingRegressor(early_stopping=True, max_iter=300,
                              n_iter_no_change=15, random_state=42,
                              scoring=None), 'model__l2_regularization': 0.001, 'model__learning_rate': 0.1, 'model__max_features': 0.05, 'model__max_leaf_nodes': 63, 'model__min_samples_leaf': 20, 'reshape': FunctionTransformer(func=<function reshape at 0x7f96934342c0>), 'second_scale': 'passthrough'}",-0.005913028563417688,-0.005913028563417688,0.0,2,1.002952156667215
0,1214.2474374771118,0.0,35.64702653884888,0.0,mad_scaling_clipping_channel_trial,real_cepstrum,HistGradientBoostingRegressor,0.0,0.1,0.1,31,20,FunctionTransformer(func=<function reshape at 0x7f96934342c0>),RobustScaler(copy=False),"{'first_scale': FunctionTransformer(func=<function mad_scaling_clipping_channel_trial at 0x7f9693434040>), 'frequency': FunctionTransformer(func=<function real_cepstrum at 0x7f96933c7880>), 'model': HistGradientBoostingRegressor(early_stopping=True, max_iter=300,
                              n_iter_no_change=15, random_state=42,
                              scoring=None), 'model__l2_regularization': 0.0, 'model__learning_rate': 0.1, 'model__max_features': 0.1, 'model__max_leaf_nodes': 31, 'model__min_samples_leaf': 20, 'reshape': FunctionTransformer(func=<function reshape at 0x7f96934342c0>), 'second_scale': RobustScaler(copy=False)}",0.012137074139004,0.012137074139004,0.0,2,0.9939129367610606
1,5337.917334079742,0.0,52.12776970863342,0.0,mad_scaling_clipping_trial_time,enveloppe,HistGradientBoostingRegressor,0.001,0.1,0.1,31,20,FunctionTransformer(func=<function reshape at 0x7f96934342c0>),RobustScaler(copy=False),"{'first_scale': FunctionTransformer(func=<function mad_scaling_clipping_trial_time at 0x7f96934340e0>), 'frequency': FunctionTransformer(func=<function enveloppe at 0x7f96933c7740>), 'model': HistGradientBoostingRegressor(early_stopping=True, max_iter=300,
                              n_iter_no_change=15, random_state=42,
                              scoring=None), 'model__l2_regularization': 0.001, 'model__learning_rate': 0.1, 'model__max_features': 0.1, 'model__max_leaf_nodes': 31, 'model__min_samples_leaf': 20, 'reshape': FunctionTransformer(func=<function reshape at 0x7f96934342c0>), 'second_scale': RobustScaler(copy=False)}",0.0764559326044324,0.0764559326044324,0.0,1,0.9610120016917414
0,3097.592071533203,0.0,30.93755292892456,0.0,mad_scaling_clipping_channel_trial,power_phase,HistGradientBoostingRegressor,0.001,0.05,0.1,31,20,FunctionTransformer(func=<function reshape at 0x7f96934342c0>),passthrough,"{'first_scale': FunctionTransformer(func=<function mad_scaling_clipping_channel_trial at 0x7f9693434040>), 'frequency': FunctionTransformer(func=<function power_phase at 0x7f96933c7ba0>), 'model': HistGradientBoostingRegressor(early_stopping=True, max_iter=300,
                              n_iter_no_change=15, random_state=42,
                              scoring=None), 'model__l2_regularization': 0.001, 'model__learning_rate': 0.05, 'model__max_features': 0.1, 'model__max_leaf_nodes': 31, 'model__min_samples_leaf': 20, 'reshape': FunctionTransformer(func=<function reshape at 0x7f96934342c0>), 'second_scale': 'passthrough'}",0.07561488029177998,0.07561488029177998,0.0,2,0.9614494889011175
1,5655.0623116493225,0.0,45.99860739707947,0.0,mad_scaling_clipping_trial_time,enveloppe,HistGradientBoostingRegressor,0.0,0.05,0.1,31,20,FunctionTransformer(func=<function reshape at 0x7f96934342c0>),passthrough,"{'first_scale': FunctionTransformer(func=<function mad_scaling_clipping_trial_time at 0x7f96934340e0>), 'frequency': FunctionTransformer(func=<function enveloppe at 0x7f96933c7740>), 'model': HistGradientBoostingRegressor(early_stopping=True, max_iter=300,
                              n_iter_no_change=15, random_state=42,
                              scoring=None), 'model__l2_regularization': 0.0, 'model__learning_rate': 0.05, 'model__max_features': 0.1, 'model__max_leaf_nodes': 31, 'model__min_samples_leaf': 20, 'reshape': FunctionTransformer(func=<function reshape at 0x7f96934342c0>), 'second_scale': 'passthrough'}",0.08997163259768359,0.08997163259768359,0.0,1,0.9539540698599259
0,1736.9696817398071,0.0,2.5717761516571045,0.0,passthrough,passthrough,HistGradientBoostingRegressor,0.0,0.1,0.1,63,20,FunctionTransformer(func=<function reshape at 0x7f96934342c0>),RobustScaler(copy=False),"{'first_scale': 'passthrough', 'frequency': 'passthrough', 'model': HistGradientBoostingRegressor(early_stopping=True, max_iter=300,
                              n_iter_no_change=15, random_state=42,
                              scoring=None), 'model__l2_regularization': 0.0, 'model__learning_rate': 0.1, 'model__max_features': 0.1, 'model__max_leaf_nodes': 63, 'model__min_samples_leaf': 20, 'reshape': FunctionTransformer(func=<function reshape at 0x7f96934342c0>), 'second_scale': RobustScaler(copy=False)}",0.07743978056061951,0.07743978056061951,0.0,1,0.9604999840912963
1,1243.8152644634247,0.0,19.016056537628174,0.0,mad_scaling_clipping_channel_trial,real_cepstrum,HistGradientBoostingRegressor,0.001,0.1,0.1,63,20,FunctionTransformer(func=<function reshape at 0x7f96934342c0>),RobustScaler(copy=False),"{'first_scale': FunctionTransformer(func=<function mad_scaling_clipping_channel_trial at 0x7f9693434040>), 'frequency': FunctionTransformer(func=<function real_cepstrum at 0x7f96933c7880>), 'model': HistGradientBoostingRegressor(early_stopping=True, max_iter=300,
                              n_iter_no_change=15, random_state=42,
                              scoring=None), 'model__l2_regularization': 0.001, 'model__learning_rate': 0.1, 'model__max_features': 0.1, 'model__max_leaf_nodes': 63, 'model__min_samples_leaf': 20, 'reshape': FunctionTransformer(func=<function reshape at 0x7f96934342c0>), 'second_scale': RobustScaler(copy=False)}",-0.006322930512654645,-0.006322930512654645,0.0,2,1.0031564835620885
0,2627.7095024585724,0.0,8.356052160263062,0.0,passthrough,power_phase,HistGradientBoostingRegressor,0.0,0.1,0.1,63,20,FunctionTransformer(func=<function reshape at 0x7f96934342c0>),passthrough,"{'first_scale': 'passthrough', 'frequency': FunctionTransformer(func=<function power_phase at 0x7f96933c7ba0>), 'model': HistGradientBoostingRegressor(early_stopping=True, max_iter=300,
                              n_iter_no_change=15, random_state=42,
                              scoring=None), 'model__l2_regularization': 0.0, 'model__learning_rate': 0.1, 'model__max_features': 0.1, 'model__max_leaf_nodes': 63, 'model__min_samples_leaf': 20, 'reshape': FunctionTransformer(func=<function reshape at 0x7f96934342c0>), 'second_scale': 'passthrough'}",0.06900624202283723,0.06900624202283723,0.0,1,0.9648801780413787
1,2094.2688267230988,0.0,38.99911689758301,0.0,mad_scaling_clipping_channel_trial,complex_cepstrum,HistGradientBoostingRegressor,0.001,0.1,0.1,63,20,FunctionTransformer(func=<function reshape at 0x7f96934342c0>),passthrough,"{'first_scale': FunctionTransformer(func=<function mad_scaling_clipping_channel_trial at 0x7f9693434040>), 'frequency': FunctionTransformer(func=<function complex_cepstrum at 0x7f96933c77e0>), 'model': HistGradientBoostingRegressor(early_stopping=True, max_iter=300,
                              n_iter_no_change=15, random_state=42,
                              scoring=None), 'model__l2_regularization': 0.001, 'model__learning_rate': 0.1, 'model__max_features': 0.1, 'model__max_leaf_nodes': 63, 'model__min_samples_leaf': 20, 'reshape': FunctionTransformer(func=<function reshape at 0x7f96934342c0>), 'second_scale': 'passthrough'}",0.017853858345828866,0.017853858345828866,0.0,2,0.9910328660817315
0,2628.176609516144,0.0,9.229087114334106,0.0,passthrough,power_phase,HistGradientBoostingRegressor,0.0,0.1,0.1,63,20,FunctionTransformer(func=<function reshape at 0x7f96934342c0>),RobustScaler(copy=False),"{'first_scale': 'passthrough', 'frequency': FunctionTransformer(func=<function power_phase at 0x7f96933c7ba0>), 'model': HistGradientBoostingRegressor(early_stopping=True, max_iter=300,
                              n_iter_no_change=15, random_state=42,
                              scoring=None), 'model__l2_regularization': 0.0, 'model__learning_rate': 0.1, 'model__max_features': 0.1, 'model__max_leaf_nodes': 63, 'model__min_samples_leaf': 20, 'reshape': FunctionTransformer(func=<function reshape at 0x7f96934342c0>), 'second_scale': RobustScaler(copy=False)}",0.06934161672623773,0.06934161672623773,0.0,1,0.9647063715316502
1,2412.595065832138,0.0,39.742172718048096,0.0,mad_scaling_clipping_channel_trial,complex_cepstrum,HistGradientBoostingRegressor,0.001,0.1,0.1,63,20,FunctionTransformer(func=<function reshape at 0x7f96934342c0>),RobustScaler(copy=False),"{'first_scale': FunctionTransformer(func=<function mad_scaling_clipping_channel_trial at 0x7f9693434040>), 'frequency': FunctionTransformer(func=<function complex_cepstrum at 0x7f96933c77e0>), 'model': HistGradientBoostingRegressor(early_stopping=True, max_iter=300,
                              n_iter_no_change=15, random_state=42,
                              scoring=None), 'model__l2_regularization': 0.001, 'model__learning_rate': 0.1, 'model__max_features': 0.1, 'model__max_leaf_nodes': 63, 'model__min_samples_leaf': 20, 'reshape': FunctionTransformer(func=<function reshape at 0x7f96934342c0>), 'second_scale': RobustScaler(copy=False)}",0.017853858345828866,0.017853858345828866,0.0,2,0.9910328660817315
0,4486.514248371124,0.0,21.672641277313232,0.0,passthrough,enveloppe,HistGradientBoostingRegressor,0.0,0.05,0.1,31,20,FunctionTransformer(func=<function reshape at 0x7f96934342c0>),passthrough,"{'first_scale': 'passthrough', 'frequency': FunctionTransformer(func=<function enveloppe at 0x7f96933c7740>), 'model': HistGradientBoostingRegressor(early_stopping=True, max_iter=300,
                              n_iter_no_change=15, random_state=42,
                              scoring=None), 'model__l2_regularization': 0.0, 'model__learning_rate': 0.05, 'model__max_features': 0.1, 'model__max_leaf_nodes': 31, 'model__min_samples_leaf': 20, 'reshape': FunctionTransformer(func=<function reshape at 0x7f96934342c0>), 'second_scale': 'passthrough'}",0.09240439891453078,0.09240439891453078,0.0,1,0.9526781203982115
1,2079.008938550949,0.0,30.243225574493408,0.0,mad_scaling_clipping_trial_time,power_phase,HistGradientBoostingRegressor,0.001,0.05,0.1,31,20,FunctionTransformer(func=<function reshape at 0x7f96934342c0>),passthrough,"{'first_scale': FunctionTransformer(func=<function mad_scaling_clipping_trial_time at 0x7f96934340e0>), 'frequency': FunctionTransformer(func=<function power_phase at 0x7f96933c7ba0>), 'model': HistGradientBoostingRegressor(early_stopping=True, max_iter=300,
                              n_iter_no_change=15, random_state=42,
                              scoring=None), 'model__l2_regularization': 0.001, 'model__learning_rate': 0.05, 'model__max_features': 0.1, 'model__max_leaf_nodes': 31, 'model__min_samples_leaf': 20, 'reshape': FunctionTransformer(func=<function reshape at 0x7f96934342c0>), 'second_scale': 'passthrough'}",0.08892647573019552,0.08892647573019552,0.0,2,0.9545017151738411
0,2324.2908568382263,0.0,30.99431300163269,0.0,mad_scaling_clipping_channel_trial,power_phase,HistGradientBoostingRegressor,0.0,0.05,0.2,31,20,FunctionTransformer(func=<function reshape at 0x7f96934342c0>),passthrough,"{'first_scale': FunctionTransformer(func=<function mad_scaling_clipping_channel_trial at 0x7f9693434040>), 'frequency': FunctionTransformer(func=<function power_phase at 0x7f96933c7ba0>), 'model': HistGradientBoostingRegressor(early_stopping=True, max_iter=300,
                              n_iter_no_change=15, random_state=42,
                              scoring=None), 'model__l2_regularization': 0.0, 'model__learning_rate': 0.05, 'model__max_features': 0.2, 'model__max_leaf_nodes': 31, 'model__min_samples_leaf': 20, 'reshape': FunctionTransformer(func=<function reshape at 0x7f96934342c0>), 'second_scale': 'passthrough'}",0.078309218265741,0.078309218265741,0.0,1,0.9600472809889412
1,2104.8852322101593,0.0,44.62902021408081,0.0,mad_scaling_clipping_trial_time,complex_cepstrum,HistGradientBoostingRegressor,0.001,0.05,0.2,31,20,FunctionTransformer(func=<function reshape at 0x7f96934342c0>),passthrough,"{'first_scale': FunctionTransformer(func=<function mad_scaling_clipping_trial_time at 0x7f96934340e0>), 'frequency': FunctionTransformer(func=<function complex_cepstrum at 0x7f96933c77e0>), 'model': HistGradientBoostingRegressor(early_stopping=True, max_iter=300,
                              n_iter_no_change=15, random_state=42,
                              scoring=None), 'model__l2_regularization': 0.001, 'model__learning_rate': 0.05, 'model__max_features': 0.2, 'model__max_leaf_nodes': 31, 'model__min_samples_leaf': 20, 'reshape': FunctionTransformer(func=<function reshape at 0x7f96934342c0>), 'second_scale': 'passthrough'}",0.01963772244053763,0.01963772244053763,0.0,2,0.9901324545531585
0,2547.750272512436,0.0,23.35867977142334,0.0,mad_scaling_clipping_channel_trial,passthrough,HistGradientBoostingRegressor,0.0,0.1,0.05,63,20,FunctionTransformer(func=<function reshape at 0x7f96934342c0>),RobustScaler(copy=False),"{'first_scale': FunctionTransformer(func=<function mad_scaling_clipping_channel_trial at 0x7f9693434040>), 'frequency': 'passthrough', 'model': HistGradientBoostingRegressor(early_stopping=True, max_iter=300,
                              n_iter_no_change=15, random_state=42,
                              scoring=None), 'model__l2_regularization': 0.0, 'model__learning_rate': 0.1, 'model__max_features': 0.05, 'model__max_leaf_nodes': 63, 'model__min_samples_leaf': 20, 'reshape': FunctionTransformer(func=<function reshape at 0x7f96934342c0>), 'second_scale': RobustScaler(copy=False)}",0.07413477381042288,0.07413477381042288,0.0,1,0.9622189076242356
1,1376.949411869049,0.0,33.005725622177124,0.0,mad_scaling_clipping_trial_time,real_cepstrum,HistGradientBoostingRegressor,0.001,0.1,0.05,63,20,FunctionTransformer(func=<function reshape at 0x7f96934342c0>),RobustScaler(copy=False),"{'first_scale': FunctionTransformer(func=<function mad_scaling_clipping_trial_time at 0x7f96934340e0>), 'frequency': FunctionTransformer(func=<function real_cepstrum at 0x7f96933c7880>), 'model': HistGradientBoostingRegressor(early_stopping=True, max_iter=300,
                              n_iter_no_change=15, random_state=42,
                              scoring=None), 'model__l2_regularization': 0.001, 'model__learning_rate': 0.1, 'model__max_features': 0.05, 'model__max_leaf_nodes': 63, 'model__min_samples_leaf': 20, 'reshape': FunctionTransformer(func=<function reshape at 0x7f96934342c0>), 'second_scale': RobustScaler(copy=False)}",0.005800047820396448,0.005800047820396448,0.0,2,0.9970957587812735
0,3292.565447807312,0.0,18.47301435470581,0.0,passthrough,complex_cepstrum,HistGradientBoostingRegressor,0.001,0.1,0.1,63,20,FunctionTransformer(func=<function reshape at 0x7f96934342c0>),RobustScaler(copy=False),"{'first_scale': 'passthrough', 'frequency': FunctionTransformer(func=<function complex_cepstrum at 0x7f96933c77e0>), 'model': HistGradientBoostingRegressor(early_stopping=True, max_iter=300,
                              n_iter_no_change=15, random_state=42,
                              scoring=None), 'model__l2_regularization': 0.001, 'model__learning_rate': 0.1, 'model__max_features': 0.1, 'model__max_leaf_nodes': 63, 'model__min_samples_leaf': 20, 'reshape': FunctionTransformer(func=<function reshape at 0x7f96934342c0>), 'second_scale': RobustScaler(copy=False)}",0.01837983491150519,0.01837983491150519,0.0,2,0.9907674626714862
1,2509.5605890750885,0.0,27.360305070877075,0.0,mad_scaling_clipping_trial_time,power_phase,HistGradientBoostingRegressor,0.0,0.1,0.1,63,20,FunctionTransformer(func=<function reshape at 0x7f96934342c0>),RobustScaler(copy=False),"{'first_scale': FunctionTransformer(func=<function mad_scaling_clipping_trial_time at 0x7f96934340e0>), 'frequency': FunctionTransformer(func=<function power_phase at 0x7f96933c7ba0>), 'model': HistGradientBoostingRegressor(early_stopping=True, max_iter=300,
                              n_iter_no_change=15, random_state=42,
                              scoring=None), 'model__l2_regularization': 0.0, 'model__learning_rate': 0.1, 'model__max_features': 0.1, 'model__max_leaf_nodes': 63, 'model__min_samples_leaf': 20, 'reshape': FunctionTransformer(func=<function reshape at 0x7f96934342c0>), 'second_scale': RobustScaler(copy=False)}",0.07202307668095687,0.07202307668095687,0.0,1,0.9633155886411489
0,12105.823831558228,0.0,65.6402690410614,0.0,passthrough,power_phase,HistGradientBoostingRegressor,0.001,0.05,0.1,63,20,FunctionTransformer(func=<function reshape at 0x7f96934342c0>),passthrough,"{'first_scale': 'passthrough', 'frequency': FunctionTransformer(func=<function power_phase at 0x7f96933c7ba0>), 'model': HistGradientBoostingRegressor(early_stopping=True, max_iter=300,
                              n_iter_no_change=15, random_state=42,
                              scoring=None), 'model__l2_regularization': 0.001, 'model__learning_rate': 0.05, 'model__max_features': 0.1, 'model__max_leaf_nodes': 63, 'model__min_samples_leaf': 20, 'reshape': FunctionTransformer(func=<function reshape at 0x7f96934342c0>), 'second_scale': 'passthrough'}",0.08269920354608962,0.08269920354608962,0.0,1,0.9577582139840464
1,15991.857318639755,0.0,76.09919333457947,0.0,mad_scaling_clipping_channel_trial,enveloppe,HistGradientBoostingRegressor,0.0,0.05,0.1,63,20,FunctionTransformer(func=<function reshape at 0x7f96934342c0>),passthrough,"{'first_scale': FunctionTransformer(func=<function mad_scaling_clipping_channel_trial at 0x7f9693434040>), 'frequency': FunctionTransformer(func=<function enveloppe at 0x7f96933c7740>), 'model': HistGradientBoostingRegressor(early_stopping=True, max_iter=300,
                              n_iter_no_change=15, random_state=42,
                              scoring=None), 'model__l2_regularization': 0.0, 'model__learning_rate': 0.05, 'model__max_features': 0.1, 'model__max_leaf_nodes': 63, 'model__min_samples_leaf': 20, 'reshape': FunctionTransformer(func=<function reshape at 0x7f96934342c0>), 'second_scale': 'passthrough'}",0.07610087697394663,0.07610087697394663,0.0,2,0.9611967140112649
0,2435.0345330238342,0.0,2.5667788982391357,0.0,passthrough,passthrough,HistGradientBoostingRegressor,0.001,0.05,0.05,63,20,FunctionTransformer(func=<function reshape at 0x7f96934342c0>),passthrough,"{'first_scale': 'passthrough', 'frequency': 'passthrough', 'model': HistGradientBoostingRegressor(early_stopping=True, max_iter=300,
                              n_iter_no_change=15, random_state=42,
                              scoring=None), 'model__l2_regularization': 0.001, 'model__learning_rate': 0.05, 'model__max_features': 0.05, 'model__max_leaf_nodes': 63, 'model__min_samples_leaf': 20, 'reshape': FunctionTransformer(func=<function reshape at 0x7f96934342c0>), 'second_scale': 'passthrough'}",0.08796253011034261,0.08796253011034261,0.0,1,0.9550065287157242
1,2461.092934846878,0.0,31.222280502319336,0.0,mad_scaling_clipping_channel_trial,complex_cepstrum,HistGradientBoostingRegressor,0.0,0.05,0.05,63,20,FunctionTransformer(func=<function reshape at 0x7f96934342c0>),passthrough,"{'first_scale': FunctionTransformer(func=<function mad_scaling_clipping_channel_trial at 0x7f9693434040>), 'frequency': FunctionTransformer(func=<function complex_cepstrum at 0x7f96933c77e0>), 'model': HistGradientBoostingRegressor(early_stopping=True, max_iter=300,
                              n_iter_no_change=15, random_state=42,
                              scoring=None), 'model__l2_regularization': 0.0, 'model__learning_rate': 0.05, 'model__max_features': 0.05, 'model__max_leaf_nodes': 63, 'model__min_samples_leaf': 20, 'reshape': FunctionTransformer(func=<function reshape at 0x7f96934342c0>), 'second_scale': 'passthrough'}",0.03181861793909935,0.03181861793909935,0.0,2,0.9839620836500259
0,3205.708159685135,0.0,7.032443284988403,0.0,passthrough,power_phase,HistGradientBoostingRegressor,0.001,0.05,0.05,63,20,FunctionTransformer(func=<function reshape at 0x7f96934342c0>),passthrough,"{'first_scale': 'passthrough', 'frequency': FunctionTransformer(func=<function power_phase at 0x7f96933c7ba0>), 'model': HistGradientBoostingRegressor(early_stopping=True, max_iter=300,
                              n_iter_no_change=15, random_state=42,
                              scoring=None), 'model__l2_regularization': 0.001, 'model__learning_rate': 0.05, 'model__max_features': 0.05, 'model__max_leaf_nodes': 63, 'model__min_samples_leaf': 20, 'reshape': FunctionTransformer(func=<function reshape at 0x7f96934342c0>), 'second_scale': 'passthrough'}",0.08448330932366943,0.08448330932366943,0.0,1,0.9568263639116193
1,6385.397403001785,0.0,34.62472438812256,0.0,mad_scaling_clipping_channel_trial,enveloppe,HistGradientBoostingRegressor,0.0,0.05,0.05,63,20,FunctionTransformer(func=<function reshape at 0x7f96934342c0>),passthrough,"{'first_scale': FunctionTransformer(func=<function mad_scaling_clipping_channel_trial at 0x7f9693434040>), 'frequency': FunctionTransformer(func=<function enveloppe at 0x7f96933c7740>), 'model': HistGradientBoostingRegressor(early_stopping=True, max_iter=300,
                              n_iter_no_change=15, random_state=42,
                              scoring=None), 'model__l2_regularization': 0.0, 'model__learning_rate': 0.05, 'model__max_features': 0.05, 'model__max_leaf_nodes': 63, 'model__min_samples_leaf': 20, 'reshape': FunctionTransformer(func=<function reshape at 0x7f96934342c0>), 'second_scale': 'passthrough'}",0.07590269136072436,0.07590269136072436,0.0,2,0.9612998016432104
0,6016.062139511108,0.0,29.232138633728027,0.0,passthrough,enveloppe,HistGradientBoostingRegressor,0.0,0.05,0.2,31,20,FunctionTransformer(func=<function reshape at 0x7f96934342c0>),passthrough,"{'first_scale': 'passthrough', 'frequency': FunctionTransformer(func=<function enveloppe at 0x7f96933c7740>), 'model': HistGradientBoostingRegressor(early_stopping=True, max_iter=300,
                              n_iter_no_change=15, random_state=42,
                              scoring=None), 'model__l2_regularization': 0.0, 'model__learning_rate': 0.05, 'model__max_features': 0.2, 'model__max_leaf_nodes': 31, 'model__min_samples_leaf': 20, 'reshape': FunctionTransformer(func=<function reshape at 0x7f96934342c0>), 'second_scale': 'passthrough'}",0.09301404431955318,0.09301404431955318,0.0,1,0.9523581026486029
1,2696.6066250801086,0.0,32.809860706329346,0.0,mad_scaling_clipping_trial_time,power_phase,HistGradientBoostingRegressor,0.001,0.05,0.2,31,20,FunctionTransformer(func=<function reshape at 0x7f96934342c0>),passthrough,"{'first_scale': FunctionTransformer(func=<function mad_scaling_clipping_trial_time at 0x7f96934340e0>), 'frequency': FunctionTransformer(func=<function power_phase at 0x7f96933c7ba0>), 'model': HistGradientBoostingRegressor(early_stopping=True, max_iter=300,
                              n_iter_no_change=15, random_state=42,
                              scoring=None), 'model__l2_regularization': 0.001, 'model__learning_rate': 0.05, 'model__max_features': 0.2, 'model__max_leaf_nodes': 31, 'model__min_samples_leaf': 20, 'reshape': FunctionTransformer(func=<function reshape at 0x7f96934342c0>), 'second_scale': 'passthrough'}",0.08659682168320859,0.08659682168320859,0.0,2,0.9557212869434223
0,3647.2351801395416,0.0,30.458550453186035,0.0,mad_scaling_clipping_channel_trial,power_phase,HistGradientBoostingRegressor,0.001,0.05,0.05,63,20,FunctionTransformer(func=<function reshape at 0x7f96934342c0>),RobustScaler(copy=False),"{'first_scale': FunctionTransformer(func=<function mad_scaling_clipping_channel_trial at 0x7f9693434040>), 'frequency': FunctionTransformer(func=<function power_phase at 0x7f96933c7ba0>), 'model': HistGradientBoostingRegressor(early_stopping=True, max_iter=300,
                              n_iter_no_change=15, random_state=42,
                              scoring=None), 'model__l2_regularization': 0.001, 'model__learning_rate': 0.05, 'model__max_features': 0.05, 'model__max_leaf_nodes': 63, 'model__min_samples_leaf': 20, 'reshape': FunctionTransformer(func=<function reshape at 0x7f96934342c0>), 'second_scale': RobustScaler(copy=False)}",0.07539810384965684,0.07539810384965684,0.0,2,0.9615622164739748
1,6716.981113195419,0.0,45.8709180355072,0.0,mad_scaling_clipping_trial_time,enveloppe,HistGradientBoostingRegressor,0.0,0.05,0.05,63,20,FunctionTransformer(func=<function reshape at 0x7f96934342c0>),RobustScaler(copy=False),"{'first_scale': FunctionTransformer(func=<function mad_scaling_clipping_trial_time at 0x7f96934340e0>), 'frequency': FunctionTransformer(func=<function enveloppe at 0x7f96933c7740>), 'model': HistGradientBoostingRegressor(early_stopping=True, max_iter=300,
                              n_iter_no_change=15, random_state=42,
                              scoring=None), 'model__l2_regularization': 0.0, 'model__learning_rate': 0.05, 'model__max_features': 0.05, 'model__max_leaf_nodes': 63, 'model__min_samples_leaf': 20, 'reshape': FunctionTransformer(func=<function reshape at 0x7f96934342c0>), 'second_scale': RobustScaler(copy=False)}",0.08650361789249816,0.08650361789249816,0.0,1,0.9557700466678697
0,1173.7208557128906,0.0,13.082019567489624,0.0,passthrough,real_cepstrum,HistGradientBoostingRegressor,0.001,0.1,0.1,31,20,FunctionTransformer(func=<function reshape at 0x7f96934342c0>),passthrough,"{'first_scale': 'passthrough', 'frequency': FunctionTransformer(func=<function real_cepstrum at 0x7f96933c7880>), 'model': HistGradientBoostingRegressor(early_stopping=True, max_iter=300,
                              n_iter_no_change=15, random_state=42,
                              scoring=None), 'model__l2_regularization': 0.001, 'model__learning_rate': 0.1, 'model__max_features': 0.1, 'model__max_leaf_nodes': 31, 'model__min_samples_leaf': 20, 'reshape': FunctionTransformer(func=<function reshape at 0x7f96934342c0>), 'second_scale': 'passthrough'}",0.013196831763932826,0.013196831763932826,0.0,2,0.9933796697316023
1,2191.5724396705627,0.0,25.181832313537598,0.0,mad_scaling_clipping_trial_time,passthrough,HistGradientBoostingRegressor,0.0,0.1,0.1,31,20,FunctionTransformer(func=<function reshape at 0x7f96934342c0>),passthrough,"{'first_scale': FunctionTransformer(func=<function mad_scaling_clipping_trial_time at 0x7f96934340e0>), 'frequency': 'passthrough', 'model': HistGradientBoostingRegressor(early_stopping=True, max_iter=300,
                              n_iter_no_change=15, random_state=42,
                              scoring=None), 'model__l2_regularization': 0.0, 'model__learning_rate': 0.1, 'model__max_features': 0.1, 'model__max_leaf_nodes': 31, 'model__min_samples_leaf': 20, 'reshape': FunctionTransformer(func=<function reshape at 0x7f96934342c0>), 'second_scale': 'passthrough'}",0.07954267384040303,0.07954267384040303,0.0,1,0.9594046727839077
0,3104.423536300659,0.0,49.73985552787781,0.0,mad_scaling_clipping_channel_trial,power_phase,HistGradientBoostingRegressor,0.001,0.05,0.05,31,20,FunctionTransformer(func=<function reshape at 0x7f96934342c0>),RobustScaler(copy=False),"{'first_scale': FunctionTransformer(func=<function mad_scaling_clipping_channel_trial at 0x7f9693434040>), 'frequency': FunctionTransformer(func=<function power_phase at 0x7f96933c7ba0>), 'model': HistGradientBoostingRegressor(early_stopping=True, max_iter=300,
                              n_iter_no_change=15, random_state=42,
                              scoring=None), 'model__l2_regularization': 0.001, 'model__learning_rate': 0.05, 'model__max_features': 0.05, 'model__max_leaf_nodes': 31, 'model__min_samples_leaf': 20, 'reshape': FunctionTransformer(func=<function reshape at 0x7f96934342c0>), 'second_scale': RobustScaler(copy=False)}",0.07825995567792055,0.07825995567792055,0.0,2,0.9600729369803522
1,7617.316093444824,0.0,79.49118709564209,0.0,mad_scaling_clipping_trial_time,enveloppe,HistGradientBoostingRegressor,0.0,0.05,0.05,31,20,FunctionTransformer(func=<function reshape at 0x7f96934342c0>),RobustScaler(copy=False),"{'first_scale': FunctionTransformer(func=<function mad_scaling_clipping_trial_time at 0x7f96934340e0>), 'frequency': FunctionTransformer(func=<function enveloppe at 0x7f96933c7740>), 'model': HistGradientBoostingRegressor(early_stopping=True, max_iter=300,
                              n_iter_no_change=15, random_state=42,
                              scoring=None), 'model__l2_regularization': 0.0, 'model__learning_rate': 0.05, 'model__max_features': 0.05, 'model__max_leaf_nodes': 31, 'model__min_samples_leaf': 20, 'reshape': FunctionTransformer(func=<function reshape at 0x7f96934342c0>), 'second_scale': RobustScaler(copy=False)}",0.08585822409180144,0.08585822409180144,0.0,1,0.956107617325685
0,2255.2850573062897,0.0,31.69172215461731,0.0,mad_scaling_clipping_channel_trial,power_phase,HistGradientBoostingRegressor,0.001,0.1,0.05,31,20,FunctionTransformer(func=<function reshape at 0x7f96934342c0>),RobustScaler(copy=False),"{'first_scale': FunctionTransformer(func=<function mad_scaling_clipping_channel_trial at 0x7f9693434040>), 'frequency': FunctionTransformer(func=<function power_phase at 0x7f96933c7ba0>), 'model': HistGradientBoostingRegressor(early_stopping=True, max_iter=300,
                              n_iter_no_change=15, random_state=42,
                              scoring=None), 'model__l2_regularization': 0.001, 'model__learning_rate': 0.1, 'model__max_features': 0.05, 'model__max_leaf_nodes': 31, 'model__min_samples_leaf': 20, 'reshape': FunctionTransformer(func=<function reshape at 0x7f96934342c0>), 'second_scale': RobustScaler(copy=False)}",0.06642427027289166,0.06642427027289166,0.0,2,0.9662172269873418
1,5068.237510919571,0.0,49.24641823768616,0.0,mad_scaling_clipping_trial_time,enveloppe,HistGradientBoostingRegressor,0.0,0.1,0.05,31,20,FunctionTransformer(func=<function reshape at 0x7f96934342c0>),RobustScaler(copy=False),"{'first_scale': FunctionTransformer(func=<function mad_scaling_clipping_trial_time at 0x7f96934340e0>), 'frequency': FunctionTransformer(func=<function enveloppe at 0x7f96933c7740>), 'model': HistGradientBoostingRegressor(early_stopping=True, max_iter=300,
                              n_iter_no_change=15, random_state=42,
                              scoring=None), 'model__l2_regularization': 0.0, 'model__learning_rate': 0.1, 'model__max_features': 0.05, 'model__max_leaf_nodes': 31, 'model__min_samples_leaf': 20, 'reshape': FunctionTransformer(func=<function reshape at 0x7f96934342c0>), 'second_scale': RobustScaler(copy=False)}",0.07804690698045713,0.07804690698045713,0.0,1,0.9601838850030461
0,4479.261364936829,0.0,15.64120602607727,0.0,passthrough,power_phase,HistGradientBoostingRegressor,0.0,0.05,0.2,63,20,FunctionTransformer(func=<function reshape at 0x7f96934342c0>),RobustScaler(copy=False),"{'first_scale': 'passthrough', 'frequency': FunctionTransformer(func=<function power_phase at 0x7f96933c7ba0>), 'model': HistGradientBoostingRegressor(early_stopping=True, max_iter=300,
                              n_iter_no_change=15, random_state=42,
                              scoring=None), 'model__l2_regularization': 0.0, 'model__learning_rate': 0.05, 'model__max_features': 0.2, 'model__max_leaf_nodes': 63, 'model__min_samples_leaf': 20, 'reshape': FunctionTransformer(func=<function reshape at 0x7f96934342c0>), 'second_scale': RobustScaler(copy=False)}",0.08512317305374129,0.08512317305374129,0.0,1,0.9564919377319699
1,4725.772342920303,0.0,40.89842224121094,0.0,mad_scaling_clipping_channel_trial,complex_cepstrum,HistGradientBoostingRegressor,0.001,0.05,0.2,63,20,FunctionTransformer(func=<function reshape at 0x7f96934342c0>),RobustScaler(copy=False),"{'first_scale': FunctionTransformer(func=<function mad_scaling_clipping_channel_trial at 0x7f9693434040>), 'frequency': FunctionTransformer(func=<function complex_cepstrum at 0x7f96933c77e0>), 'model': HistGradientBoostingRegressor(early_stopping=True, max_iter=300,
                              n_iter_no_change=15, random_state=42,
                              scoring=None), 'model__l2_regularization': 0.001, 'model__learning_rate': 0.05, 'model__max_features': 0.2, 'model__max_leaf_nodes': 63, 'model__min_samples_leaf': 20, 'reshape': FunctionTransformer(func=<function reshape at 0x7f96934342c0>), 'second_scale': RobustScaler(copy=False)}",0.03472233414896331,0.03472233414896331,0.0,2,0.9824854532516177
0,938.6220440864563,0.0,6.50045919418335,0.0,passthrough,real_cepstrum,HistGradientBoostingRegressor,0.001,0.05,0.1,31,20,FunctionTransformer(func=<function reshape at 0x7f96934342c0>),passthrough,"{'first_scale': 'passthrough', 'frequency': FunctionTransformer(func=<function real_cepstrum at 0x7f96933c7880>), 'model': HistGradientBoostingRegressor(early_stopping=True, max_iter=300,
                              n_iter_no_change=15, random_state=42,
                              scoring=None), 'model__l2_regularization': 0.001, 'model__learning_rate': 0.05, 'model__max_features': 0.1, 'model__max_leaf_nodes': 31, 'model__min_samples_leaf': 20, 'reshape': FunctionTransformer(func=<function reshape at 0x7f96934342c0>), 'second_scale': 'passthrough'}",0.017027734358167734,0.017027734358167734,0.0,2,0.9914495779624056
1,1112.7330701351166,0.0,15.211390733718872,0.0,mad_scaling_clipping_trial_time,passthrough,HistGradientBoostingRegressor,0.0,0.05,0.1,31,20,FunctionTransformer(func=<function reshape at 0x7f96934342c0>),passthrough,"{'first_scale': FunctionTransformer(func=<function mad_scaling_clipping_trial_time at 0x7f96934340e0>), 'frequency': 'passthrough', 'model': HistGradientBoostingRegressor(early_stopping=True, max_iter=300,
                              n_iter_no_change=15, random_state=42,
                              scoring=None), 'model__l2_regularization': 0.0, 'model__learning_rate': 0.05, 'model__max_features': 0.1, 'model__max_leaf_nodes': 31, 'model__min_samples_leaf': 20, 'reshape': FunctionTransformer(func=<function reshape at 0x7f96934342c0>), 'second_scale': 'passthrough'}",0.09074315188636572,0.09074315188636572,0.0,1,0.9535496044326348
0,3853.503523349762,0.0,5.19625186920166,0.0,passthrough,passthrough,HistGradientBoostingRegressor,0.001,0.1,0.1,63,20,FunctionTransformer(func=<function reshape at 0x7f96934342c0>),RobustScaler(copy=False),"{'first_scale': 'passthrough', 'frequency': 'passthrough', 'model': HistGradientBoostingRegressor(early_stopping=True, max_iter=300,
                              n_iter_no_change=15, random_state=42,
                              scoring=None), 'model__l2_regularization': 0.001, 'model__learning_rate': 0.1, 'model__max_features': 0.1, 'model__max_leaf_nodes': 63, 'model__min_samples_leaf': 20, 'reshape': FunctionTransformer(func=<function reshape at 0x7f96934342c0>), 'second_scale': RobustScaler(copy=False)}",0.07666274141353147,0.07666274141353147,0.0,1,0.9609043961739735
1,2855.1591527462006,0.0,44.09438347816467,0.0,mad_scaling_clipping_channel_trial,complex_cepstrum,HistGradientBoostingRegressor,0.0,0.1,0.1,63,20,FunctionTransformer(func=<function reshape at 0x7f96934342c0>),RobustScaler(copy=False),"{'first_scale': FunctionTransformer(func=<function mad_scaling_clipping_channel_trial at 0x7f9693434040>), 'frequency': FunctionTransformer(func=<function complex_cepstrum at 0x7f96933c77e0>), 'model': HistGradientBoostingRegressor(early_stopping=True, max_iter=300,
                              n_iter_no_change=15, random_state=42,
                              scoring=None), 'model__l2_regularization': 0.0, 'model__learning_rate': 0.1, 'model__max_features': 0.1, 'model__max_leaf_nodes': 63, 'model__min_samples_leaf': 20, 'reshape': FunctionTransformer(func=<function reshape at 0x7f96934342c0>), 'second_scale': RobustScaler(copy=False)}",0.018027878223195848,0.018027878223195848,0.0,2,0.9909450649641504
0,2373.778701066971,0.0,10.164421081542969,0.0,passthrough,power_phase,HistGradientBoostingRegressor,0.0,0.1,0.1,31,20,FunctionTransformer(func=<function reshape at 0x7f96934342c0>),RobustScaler(copy=False),"{'first_scale': 'passthrough', 'frequency': FunctionTransformer(func=<function power_phase at 0x7f96933c7ba0>), 'model': HistGradientBoostingRegressor(early_stopping=True, max_iter=300,
                              n_iter_no_change=15, random_state=42,
                              scoring=None), 'model__l2_regularization': 0.0, 'model__learning_rate': 0.1, 'model__max_features': 0.1, 'model__max_leaf_nodes': 31, 'model__min_samples_leaf': 20, 'reshape': FunctionTransformer(func=<function reshape at 0x7f96934342c0>), 'second_scale': RobustScaler(copy=False)}",0.07142724634037756,0.07142724634037756,0.0,1,0.963624799213689
1,1783.5075504779816,0.0,40.003812313079834,0.0,mad_scaling_clipping_channel_trial,complex_cepstrum,HistGradientBoostingRegressor,0.001,0.1,0.1,31,20,FunctionTransformer(func=<function reshape at 0x7f96934342c0>),RobustScaler(copy=False),"{'first_scale': FunctionTransformer(func=<function mad_scaling_clipping_channel_trial at 0x7f9693434040>), 'frequency': FunctionTransformer(func=<function complex_cepstrum at 0x7f96933c77e0>), 'model': HistGradientBoostingRegressor(early_stopping=True, max_iter=300,
                              n_iter_no_change=15, random_state=42,
                              scoring=None), 'model__l2_regularization': 0.001, 'model__learning_rate': 0.1, 'model__max_features': 0.1, 'model__max_leaf_nodes': 31, 'model__min_samples_leaf': 20, 'reshape': FunctionTransformer(func=<function reshape at 0x7f96934342c0>), 'second_scale': RobustScaler(copy=False)}",0.028761970407233717,0.028761970407233717,0.0,2,0.9855140940609456
0,3211.1851551532745,0.0,19.64773726463318,0.0,passthrough,enveloppe,HistGradientBoostingRegressor,0.001,0.05,0.1,31,20,FunctionTransformer(func=<function reshape at 0x7f96934342c0>),passthrough,"{'first_scale': 'passthrough', 'frequency': FunctionTransformer(func=<function enveloppe at 0x7f96933c7740>), 'model': HistGradientBoostingRegressor(early_stopping=True, max_iter=300,
                              n_iter_no_change=15, random_state=42,
                              scoring=None), 'model__l2_regularization': 0.001, 'model__learning_rate': 0.05, 'model__max_features': 0.1, 'model__max_leaf_nodes': 31, 'model__min_samples_leaf': 20, 'reshape': FunctionTransformer(func=<function reshape at 0x7f96934342c0>), 'second_scale': 'passthrough'}",0.09302317588383169,0.09302317588383169,0.0,1,0.9523533084502664
1,1173.4486532211304,0.0,23.228452444076538,0.0,mad_scaling_clipping_trial_time,real_cepstrum,HistGradientBoostingRegressor,0.0,0.05,0.1,31,20,FunctionTransformer(func=<function reshape at 0x7f96934342c0>),passthrough,"{'first_scale': FunctionTransformer(func=<function mad_scaling_clipping_trial_time at 0x7f96934340e0>), 'frequency': FunctionTransformer(func=<function real_cepstrum at 0x7f96933c7880>), 'model': HistGradientBoostingRegressor(early_stopping=True, max_iter=300,
                              n_iter_no_change=15, random_state=42,
                              scoring=None), 'model__l2_regularization': 0.0, 'model__learning_rate': 0.05, 'model__max_features': 0.1, 'model__max_leaf_nodes': 31, 'model__min_samples_leaf': 20, 'reshape': FunctionTransformer(func=<function reshape at 0x7f96934342c0>), 'second_scale': 'passthrough'}",0.014909605644747637,0.014909605644747637,0.0,2,0.9925172010374693
0,8053.66969537735,0.0,24.449997425079346,0.0,passthrough,enveloppe,HistGradientBoostingRegressor,0.0,0.05,0.05,63,20,FunctionTransformer(func=<function reshape at 0x7f96934342c0>),RobustScaler(copy=False),"{'first_scale': 'passthrough', 'frequency': FunctionTransformer(func=<function enveloppe at 0x7f96933c7740>), 'model': HistGradientBoostingRegressor(early_stopping=True, max_iter=300,
                              n_iter_no_change=15, random_state=42,
                              scoring=None), 'model__l2_regularization': 0.0, 'model__learning_rate': 0.05, 'model__max_features': 0.05, 'model__max_leaf_nodes': 63, 'model__min_samples_leaf': 20, 'reshape': FunctionTransformer(func=<function reshape at 0x7f96934342c0>), 'second_scale': RobustScaler(copy=False)}",0.09406300454355954,0.09406300454355954,0.0,1,0.9518072259950754
1,3603.8624579906464,0.0,29.435153007507324,0.0,mad_scaling_clipping_trial_time,power_phase,HistGradientBoostingRegressor,0.001,0.05,0.05,63,20,FunctionTransformer(func=<function reshape at 0x7f96934342c0>),RobustScaler(copy=False),"{'first_scale': FunctionTransformer(func=<function mad_scaling_clipping_trial_time at 0x7f96934340e0>), 'frequency': FunctionTransformer(func=<function power_phase at 0x7f96933c7ba0>), 'model': HistGradientBoostingRegressor(early_stopping=True, max_iter=300,
                              n_iter_no_change=15, random_state=42,
                              scoring=None), 'model__l2_regularization': 0.001, 'model__learning_rate': 0.05, 'model__max_features': 0.05, 'model__max_leaf_nodes': 63, 'model__min_samples_leaf': 20, 'reshape': FunctionTransformer(func=<function reshape at 0x7f96934342c0>), 'second_scale': RobustScaler(copy=False)}",0.08635839077312668,0.08635839077312668,0.0,2,0.955846017529431
0,4313.943149805069,0.0,19.54770040512085,0.0,passthrough,enveloppe,HistGradientBoostingRegressor,0.0,0.1,0.2,63,20,FunctionTransformer(func=<function reshape at 0x7f96934342c0>),passthrough,"{'first_scale': 'passthrough', 'frequency': FunctionTransformer(func=<function enveloppe at 0x7f96933c7740>), 'model': HistGradientBoostingRegressor(early_stopping=True, max_iter=300,
                              n_iter_no_change=15, random_state=42,
                              scoring=None), 'model__l2_regularization': 0.0, 'model__learning_rate': 0.1, 'model__max_features': 0.2, 'model__max_leaf_nodes': 63, 'model__min_samples_leaf': 20, 'reshape': FunctionTransformer(func=<function reshape at 0x7f96934342c0>), 'second_scale': 'passthrough'}",0.07209886222416617,0.07209886222416617,0.0,1,0.9632762520564045
1,2009.0063216686249,0.0,24.790907382965088,0.0,mad_scaling_clipping_trial_time,power_phase,HistGradientBoostingRegressor,0.001,0.1,0.2,63,20,FunctionTransformer(func=<function reshape at 0x7f96934342c0>),passthrough,"{'first_scale': FunctionTransformer(func=<function mad_scaling_clipping_trial_time at 0x7f96934340e0>), 'frequency': FunctionTransformer(func=<function power_phase at 0x7f96933c7ba0>), 'model': HistGradientBoostingRegressor(early_stopping=True, max_iter=300,
                              n_iter_no_change=15, random_state=42,
                              scoring=None), 'model__l2_regularization': 0.001, 'model__learning_rate': 0.1, 'model__max_features': 0.2, 'model__max_leaf_nodes': 63, 'model__min_samples_leaf': 20, 'reshape': FunctionTransformer(func=<function reshape at 0x7f96934342c0>), 'second_scale': 'passthrough'}",0.06583236214868105,0.06583236214868105,0.0,2,0.9665234802379707
0,3903.58158493042,0.0,19.433761596679688,0.0,passthrough,enveloppe,HistGradientBoostingRegressor,0.001,0.05,0.05,31,20,FunctionTransformer(func=<function reshape at 0x7f96934342c0>),passthrough,"{'first_scale': 'passthrough', 'frequency': FunctionTransformer(func=<function enveloppe at 0x7f96933c7740>), 'model': HistGradientBoostingRegressor(early_stopping=True, max_iter=300,
                              n_iter_no_change=15, random_state=42,
                              scoring=None), 'model__l2_regularization': 0.001, 'model__learning_rate': 0.05, 'model__max_features': 0.05, 'model__max_leaf_nodes': 31, 'model__min_samples_leaf': 20, 'reshape': FunctionTransformer(func=<function reshape at 0x7f96934342c0>), 'second_scale': 'passthrough'}",0.09191195083729309,0.09191195083729309,0.0,1,0.952936539945188
1,1961.451639175415,0.0,33.30176639556885,0.0,mad_scaling_clipping_trial_time,real_cepstrum,HistGradientBoostingRegressor,0.0,0.05,0.05,31,20,FunctionTransformer(func=<function reshape at 0x7f96934342c0>),passthrough,"{'first_scale': FunctionTransformer(func=<function mad_scaling_clipping_trial_time at 0x7f96934340e0>), 'frequency': FunctionTransformer(func=<function real_cepstrum at 0x7f96933c7880>), 'model': HistGradientBoostingRegressor(early_stopping=True, max_iter=300,
                              n_iter_no_change=15, random_state=42,
                              scoring=None), 'model__l2_regularization': 0.0, 'model__learning_rate': 0.05, 'model__max_features': 0.05, 'model__max_leaf_nodes': 31, 'model__min_samples_leaf': 20, 'reshape': FunctionTransformer(func=<function reshape at 0x7f96934342c0>), 'second_scale': 'passthrough'}",0.013177592893230172,0.013177592893230172,0.0,2,0.9933893532280129
0,11345.276860952377,0.0,65.33576703071594,0.0,passthrough,power_phase,HistGradientBoostingRegressor,0.001,0.05,0.2,31,20,FunctionTransformer(func=<function reshape at 0x7f96934342c0>),passthrough,"{'first_scale': 'passthrough', 'frequency': FunctionTransformer(func=<function power_phase at 0x7f96933c7ba0>), 'model': HistGradientBoostingRegressor(early_stopping=True, max_iter=300,
                              n_iter_no_change=15, random_state=42,
                              scoring=None), 'model__l2_regularization': 0.001, 'model__learning_rate': 0.05, 'model__max_features': 0.2, 'model__max_leaf_nodes': 31, 'model__min_samples_leaf': 20, 'reshape': FunctionTransformer(func=<function reshape at 0x7f96934342c0>), 'second_scale': 'passthrough'}",0.08557662714232983,0.08557662714232983,0.0,1,0.9562548681484817
1,14047.025223016739,0.0,43.385658264160156,0.0,mad_scaling_clipping_channel_trial,enveloppe,HistGradientBoostingRegressor,0.0,0.05,0.2,31,20,FunctionTransformer(func=<function reshape at 0x7f96934342c0>),passthrough,"{'first_scale': FunctionTransformer(func=<function mad_scaling_clipping_channel_trial at 0x7f9693434040>), 'frequency': FunctionTransformer(func=<function enveloppe at 0x7f96933c7740>), 'model': HistGradientBoostingRegressor(early_stopping=True, max_iter=300,
                              n_iter_no_change=15, random_state=42,
                              scoring=None), 'model__l2_regularization': 0.0, 'model__learning_rate': 0.05, 'model__max_features': 0.2, 'model__max_leaf_nodes': 31, 'model__min_samples_leaf': 20, 'reshape': FunctionTransformer(func=<function reshape at 0x7f96934342c0>), 'second_scale': 'passthrough'}",0.07919196474862744,0.07919196474862744,0.0,2,0.9595874297068363
0,1696.3192932605743,0.0,6.235830783843994,0.0,passthrough,power_phase,HistGradientBoostingRegressor,0.001,0.05,0.05,31,20,FunctionTransformer(func=<function reshape at 0x7f96934342c0>),RobustScaler(copy=False),"{'first_scale': 'passthrough', 'frequency': FunctionTransformer(func=<function power_phase at 0x7f96933c7ba0>), 'model': HistGradientBoostingRegressor(early_stopping=True, max_iter=300,
                              n_iter_no_change=15, random_state=42,
                              scoring=None), 'model__l2_regularization': 0.001, 'model__learning_rate': 0.05, 'model__max_features': 0.05, 'model__max_leaf_nodes': 31, 'model__min_samples_leaf': 20, 'reshape': FunctionTransformer(func=<function reshape at 0x7f96934342c0>), 'second_scale': RobustScaler(copy=False)}",0.08368338648356488,0.08368338648356488,0.0,1,0.9572442810048202
1,3432.882313966751,0.0,30.838884115219116,0.0,mad_scaling_clipping_channel_trial,enveloppe,HistGradientBoostingRegressor,0.0,0.05,0.05,31,20,FunctionTransformer(func=<function reshape at 0x7f96934342c0>),RobustScaler(copy=False),"{'first_scale': FunctionTransformer(func=<function mad_scaling_clipping_channel_trial at 0x7f9693434040>), 'frequency': FunctionTransformer(func=<function enveloppe at 0x7f96933c7740>), 'model': HistGradientBoostingRegressor(early_stopping=True, max_iter=300,
                              n_iter_no_change=15, random_state=42,
                              scoring=None), 'model__l2_regularization': 0.0, 'model__learning_rate': 0.05, 'model__max_features': 0.05, 'model__max_leaf_nodes': 31, 'model__min_samples_leaf': 20, 'reshape': FunctionTransformer(func=<function reshape at 0x7f96934342c0>), 'second_scale': RobustScaler(copy=False)}",0.07688247410895965,0.07688247410895965,0.0,2,0.9607900529725734
0,2626.276607275009,0.0,14.435616731643677,0.0,passthrough,real_cepstrum,HistGradientBoostingRegressor,0.001,0.1,0.05,63,20,FunctionTransformer(func=<function reshape at 0x7f96934342c0>),RobustScaler(copy=False),"{'first_scale': 'passthrough', 'frequency': FunctionTransformer(func=<function real_cepstrum at 0x7f96933c7880>), 'model': HistGradientBoostingRegressor(early_stopping=True, max_iter=300,
                              n_iter_no_change=15, random_state=42,
                              scoring=None), 'model__l2_regularization': 0.001, 'model__learning_rate': 0.1, 'model__max_features': 0.05, 'model__max_leaf_nodes': 63, 'model__min_samples_leaf': 20, 'reshape': FunctionTransformer(func=<function reshape at 0x7f96934342c0>), 'second_scale': RobustScaler(copy=False)}",0.002566984404712702,0.002566984404712702,0.0,2,0.9987156830626459
1,3462.1464664936066,0.0,26.539509057998657,0.0,mad_scaling_clipping_trial_time,passthrough,HistGradientBoostingRegressor,0.0,0.1,0.05,63,20,FunctionTransformer(func=<function reshape at 0x7f96934342c0>),RobustScaler(copy=False),"{'first_scale': FunctionTransformer(func=<function mad_scaling_clipping_trial_time at 0x7f96934340e0>), 'frequency': 'passthrough', 'model': HistGradientBoostingRegressor(early_stopping=True, max_iter=300,
                              n_iter_no_change=15, random_state=42,
                              scoring=None), 'model__l2_regularization': 0.0, 'model__learning_rate': 0.1, 'model__max_features': 0.05, 'model__max_leaf_nodes': 63, 'model__min_samples_leaf': 20, 'reshape': FunctionTransformer(func=<function reshape at 0x7f96934342c0>), 'second_scale': RobustScaler(copy=False)}",0.07403630594714816,0.07403630594714816,0.0,1,0.9622700733436803
0,8527.084220647812,0.0,93.47188878059387,0.0,passthrough,complex_cepstrum,HistGradientBoostingRegressor,0.001,0.1,0.2,63,20,FunctionTransformer(func=<function reshape at 0x7f96934342c0>),RobustScaler(copy=False),"{'first_scale': 'passthrough', 'frequency': FunctionTransformer(func=<function complex_cepstrum at 0x7f96933c77e0>), 'model': HistGradientBoostingRegressor(early_stopping=True, max_iter=300,
                              n_iter_no_change=15, random_state=42,
                              scoring=None), 'model__l2_regularization': 0.001, 'model__learning_rate': 0.1, 'model__max_features': 0.2, 'model__max_leaf_nodes': 63, 'model__min_samples_leaf': 20, 'reshape': FunctionTransformer(func=<function reshape at 0x7f96934342c0>), 'second_scale': RobustScaler(copy=False)}",0.01770728603891847,0.01770728603891847,0.0,2,0.9911068125893806
1,7660.306890010834,0.0,153.77437901496887,0.0,mad_scaling_clipping_trial_time,power_phase,HistGradientBoostingRegressor,0.0,0.1,0.2,63,20,FunctionTransformer(func=<function reshape at 0x7f96934342c0>),RobustScaler(copy=False),"{'first_scale': FunctionTransformer(func=<function mad_scaling_clipping_trial_time at 0x7f96934340e0>), 'frequency': FunctionTransformer(func=<function power_phase at 0x7f96933c7ba0>), 'model': HistGradientBoostingRegressor(early_stopping=True, max_iter=300,
                              n_iter_no_change=15, random_state=42,
                              scoring=None), 'model__l2_regularization': 0.0, 'model__learning_rate': 0.1, 'model__max_features': 0.2, 'model__max_leaf_nodes': 63, 'model__min_samples_leaf': 20, 'reshape': FunctionTransformer(func=<function reshape at 0x7f96934342c0>), 'second_scale': RobustScaler(copy=False)}",0.07801654580168693,0.07801654580168693,0.0,1,0.9601996949584566
0,3340.843913793564,0.0,20.71044659614563,0.0,passthrough,complex_cepstrum,HistGradientBoostingRegressor,0.0,0.05,0.2,63,20,FunctionTransformer(func=<function reshape at 0x7f96934342c0>),passthrough,"{'first_scale': 'passthrough', 'frequency': FunctionTransformer(func=<function complex_cepstrum at 0x7f96933c77e0>), 'model': HistGradientBoostingRegressor(early_stopping=True, max_iter=300,
                              n_iter_no_change=15, random_state=42,
                              scoring=None), 'model__l2_regularization': 0.0, 'model__learning_rate': 0.05, 'model__max_features': 0.2, 'model__max_leaf_nodes': 63, 'model__min_samples_leaf': 20, 'reshape': FunctionTransformer(func=<function reshape at 0x7f96934342c0>), 'second_scale': 'passthrough'}",0.034175366678414476,0.034175366678414476,0.0,2,0.9827637728984445
1,3426.6033294200897,0.0,26.62225866317749,0.0,mad_scaling_clipping_trial_time,passthrough,HistGradientBoostingRegressor,0.001,0.05,0.2,63,20,FunctionTransformer(func=<function reshape at 0x7f96934342c0>),passthrough,"{'first_scale': FunctionTransformer(func=<function mad_scaling_clipping_trial_time at 0x7f96934340e0>), 'frequency': 'passthrough', 'model': HistGradientBoostingRegressor(early_stopping=True, max_iter=300,
                              n_iter_no_change=15, random_state=42,
                              scoring=None), 'model__l2_regularization': 0.001, 'model__learning_rate': 0.05, 'model__max_features': 0.2, 'model__max_leaf_nodes': 63, 'model__min_samples_leaf': 20, 'reshape': FunctionTransformer(func=<function reshape at 0x7f96934342c0>), 'second_scale': 'passthrough'}",0.09064453917766058,0.09064453917766058,0.0,1,0.9536013112524224
0,2591.556218624115,0.0,33.015140533447266,0.0,mad_scaling_clipping_channel_trial,power_phase,HistGradientBoostingRegressor,0.0,0.05,0.05,31,20,FunctionTransformer(func=<function reshape at 0x7f96934342c0>),RobustScaler(copy=False),"{'first_scale': FunctionTransformer(func=<function mad_scaling_clipping_channel_trial at 0x7f9693434040>), 'frequency': FunctionTransformer(func=<function power_phase at 0x7f96933c7ba0>), 'model': HistGradientBoostingRegressor(early_stopping=True, max_iter=300,
                              n_iter_no_change=15, random_state=42,
                              scoring=None), 'model__l2_regularization': 0.0, 'model__learning_rate': 0.05, 'model__max_features': 0.05, 'model__max_leaf_nodes': 31, 'model__min_samples_leaf': 20, 'reshape': FunctionTransformer(func=<function reshape at 0x7f96934342c0>), 'second_scale': RobustScaler(copy=False)}",0.0789807423068356,0.0789807423068356,0.0,1,0.9596974823834667
1,2069.7983136177063,0.0,43.638237953186035,0.0,mad_scaling_clipping_trial_time,complex_cepstrum,HistGradientBoostingRegressor,0.001,0.05,0.05,31,20,FunctionTransformer(func=<function reshape at 0x7f96934342c0>),RobustScaler(copy=False),"{'first_scale': FunctionTransformer(func=<function mad_scaling_clipping_trial_time at 0x7f96934340e0>), 'frequency': FunctionTransformer(func=<function complex_cepstrum at 0x7f96933c77e0>), 'model': HistGradientBoostingRegressor(early_stopping=True, max_iter=300,
                              n_iter_no_change=15, random_state=42,
                              scoring=None), 'model__l2_regularization': 0.001, 'model__learning_rate': 0.05, 'model__max_features': 0.05, 'model__max_leaf_nodes': 31, 'model__min_samples_leaf': 20, 'reshape': FunctionTransformer(func=<function reshape at 0x7f96934342c0>), 'second_scale': RobustScaler(copy=False)}",0.020525134491894526,0.020525134491894526,0.0,2,0.989684225148661
0,1718.0767843723297,0.0,26.593364238739014,0.0,mad_scaling_clipping_channel_trial,power_phase,HistGradientBoostingRegressor,0.0,0.1,0.2,31,20,FunctionTransformer(func=<function reshape at 0x7f96934342c0>),RobustScaler(copy=False),"{'first_scale': FunctionTransformer(func=<function mad_scaling_clipping_channel_trial at 0x7f9693434040>), 'frequency': FunctionTransformer(func=<function power_phase at 0x7f96933c7ba0>), 'model': HistGradientBoostingRegressor(early_stopping=True, max_iter=300,
                              n_iter_no_change=15, random_state=42,
                              scoring=None), 'model__l2_regularization': 0.0, 'model__learning_rate': 0.1, 'model__max_features': 0.2, 'model__max_leaf_nodes': 31, 'model__min_samples_leaf': 20, 'reshape': FunctionTransformer(func=<function reshape at 0x7f96934342c0>), 'second_scale': RobustScaler(copy=False)}",0.06421218890999492,0.06421218890999492,0.0,1,0.9673612619337231
1,1193.0838367938995,0.0,32.87598276138306,0.0,mad_scaling_clipping_trial_time,complex_cepstrum,HistGradientBoostingRegressor,0.001,0.1,0.2,31,20,FunctionTransformer(func=<function reshape at 0x7f96934342c0>),RobustScaler(copy=False),"{'first_scale': FunctionTransformer(func=<function mad_scaling_clipping_trial_time at 0x7f96934340e0>), 'frequency': FunctionTransformer(func=<function complex_cepstrum at 0x7f96933c77e0>), 'model': HistGradientBoostingRegressor(early_stopping=True, max_iter=300,
                              n_iter_no_change=15, random_state=42,
                              scoring=None), 'model__l2_regularization': 0.001, 'model__learning_rate': 0.1, 'model__max_features': 0.2, 'model__max_leaf_nodes': 31, 'model__min_samples_leaf': 20, 'reshape': FunctionTransformer(func=<function reshape at 0x7f96934342c0>), 'second_scale': RobustScaler(copy=False)}",0.011452997382456531,0.011452997382456531,0.0,2,0.9942570103436754
0,5932.538508415222,0.0,28.323559045791626,0.0,passthrough,enveloppe,HistGradientBoostingRegressor,0.001,0.05,0.2,31,20,FunctionTransformer(func=<function reshape at 0x7f96934342c0>),passthrough,"{'first_scale': 'passthrough', 'frequency': FunctionTransformer(func=<function enveloppe at 0x7f96933c7740>), 'model': HistGradientBoostingRegressor(early_stopping=True, max_iter=300,
                              n_iter_no_change=15, random_state=42,
                              scoring=None), 'model__l2_regularization': 0.001, 'model__learning_rate': 0.05, 'model__max_features': 0.2, 'model__max_leaf_nodes': 31, 'model__min_samples_leaf': 20, 'reshape': FunctionTransformer(func=<function reshape at 0x7f96934342c0>), 'second_scale': 'passthrough'}",0.0929936909585628,0.0929936909585628,0.0,1,0.95236878835955
1,2072.151833295822,0.0,32.9621684551239,0.0,mad_scaling_clipping_trial_time,real_cepstrum,HistGradientBoostingRegressor,0.0,0.05,0.2,31,20,FunctionTransformer(func=<function reshape at 0x7f96934342c0>),passthrough,"{'first_scale': FunctionTransformer(func=<function mad_scaling_clipping_trial_time at 0x7f96934340e0>), 'frequency': FunctionTransformer(func=<function real_cepstrum at 0x7f96933c7880>), 'model': HistGradientBoostingRegressor(early_stopping=True, max_iter=300,
                              n_iter_no_change=15, random_state=42,
                              scoring=None), 'model__l2_regularization': 0.0, 'model__learning_rate': 0.05, 'model__max_features': 0.2, 'model__max_leaf_nodes': 31, 'model__min_samples_leaf': 20, 'reshape': FunctionTransformer(func=<function reshape at 0x7f96934342c0>), 'second_scale': 'passthrough'}",0.011074315625853481,0.011074315625853481,0.0,2,0.9944474266516791
0,2175.39092874527,0.0,13.487569808959961,0.0,passthrough,real_cepstrum,HistGradientBoostingRegressor,0.0,0.1,0.1,31,20,FunctionTransformer(func=<function reshape at 0x7f96934342c0>),RobustScaler(copy=False),"{'first_scale': 'passthrough', 'frequency': FunctionTransformer(func=<function real_cepstrum at 0x7f96933c7880>), 'model': HistGradientBoostingRegressor(early_stopping=True, max_iter=300,
                              n_iter_no_change=15, random_state=42,
                              scoring=None), 'model__l2_regularization': 0.0, 'model__learning_rate': 0.1, 'model__max_features': 0.1, 'model__max_leaf_nodes': 31, 'model__min_samples_leaf': 20, 'reshape': FunctionTransformer(func=<function reshape at 0x7f96934342c0>), 'second_scale': RobustScaler(copy=False)}",0.006989935199914088,0.006989935199914088,0.0,2,0.9964989035619085
1,5049.733601331711,0.0,49.03220891952515,0.0,mad_scaling_clipping_channel_trial,enveloppe,HistGradientBoostingRegressor,0.001,0.1,0.1,31,20,FunctionTransformer(func=<function reshape at 0x7f96934342c0>),RobustScaler(copy=False),"{'first_scale': FunctionTransformer(func=<function mad_scaling_clipping_channel_trial at 0x7f9693434040>), 'frequency': FunctionTransformer(func=<function enveloppe at 0x7f96933c7740>), 'model': HistGradientBoostingRegressor(early_stopping=True, max_iter=300,
                              n_iter_no_change=15, random_state=42,
                              scoring=None), 'model__l2_regularization': 0.001, 'model__learning_rate': 0.1, 'model__max_features': 0.1, 'model__max_leaf_nodes': 31, 'model__min_samples_leaf': 20, 'reshape': FunctionTransformer(func=<function reshape at 0x7f96934342c0>), 'second_scale': RobustScaler(copy=False)}",0.0640160440287807,0.0640160440287807,0.0,1,0.9674626380234119
0,3918.9098932743073,0.0,5.4046242237091064,0.0,passthrough,passthrough,HistGradientBoostingRegressor,0.0,0.05,0.1,63,20,FunctionTransformer(func=<function reshape at 0x7f96934342c0>),RobustScaler(copy=False),"{'first_scale': 'passthrough', 'frequency': 'passthrough', 'model': HistGradientBoostingRegressor(early_stopping=True, max_iter=300,
                              n_iter_no_change=15, random_state=42,
                              scoring=None), 'model__l2_regularization': 0.0, 'model__learning_rate': 0.05, 'model__max_features': 0.1, 'model__max_leaf_nodes': 63, 'model__min_samples_leaf': 20, 'reshape': FunctionTransformer(func=<function reshape at 0x7f96934342c0>), 'second_scale': RobustScaler(copy=False)}",0.09260474665787788,0.09260474665787788,0.0,1,0.9525729648389787
1,3676.0298404693604,0.0,32.406755208969116,0.0,mad_scaling_clipping_channel_trial,real_cepstrum,HistGradientBoostingRegressor,0.001,0.05,0.1,63,20,FunctionTransformer(func=<function reshape at 0x7f96934342c0>),RobustScaler(copy=False),"{'first_scale': FunctionTransformer(func=<function mad_scaling_clipping_channel_trial at 0x7f9693434040>), 'frequency': FunctionTransformer(func=<function real_cepstrum at 0x7f96933c7880>), 'model': HistGradientBoostingRegressor(early_stopping=True, max_iter=300,
                              n_iter_no_change=15, random_state=42,
                              scoring=None), 'model__l2_regularization': 0.001, 'model__learning_rate': 0.05, 'model__max_features': 0.1, 'model__max_leaf_nodes': 63, 'model__min_samples_leaf': 20, 'reshape': FunctionTransformer(func=<function reshape at 0x7f96934342c0>), 'second_scale': RobustScaler(copy=False)}",0.010773226212423603,0.010773226212423603,0.0,2,0.9945988004153113
0,1212.7460629940033,0.0,19.562697172164917,0.0,mad_scaling_clipping_channel_trial,power_phase,HistGradientBoostingRegressor,0.0,0.05,0.1,31,20,FunctionTransformer(func=<function reshape at 0x7f96934342c0>),RobustScaler(copy=False),"{'first_scale': FunctionTransformer(func=<function mad_scaling_clipping_channel_trial at 0x7f9693434040>), 'frequency': FunctionTransformer(func=<function power_phase at 0x7f96933c7ba0>), 'model': HistGradientBoostingRegressor(early_stopping=True, max_iter=300,
                              n_iter_no_change=15, random_state=42,
                              scoring=None), 'model__l2_regularization': 0.0, 'model__learning_rate': 0.05, 'model__max_features': 0.1, 'model__max_leaf_nodes': 31, 'model__min_samples_leaf': 20, 'reshape': FunctionTransformer(func=<function reshape at 0x7f96934342c0>), 'second_scale': RobustScaler(copy=False)}",0.07917738856048973,0.07917738856048973,0.0,1,0.9595950247054797
1,1227.336008310318,0.0,28.295170307159424,0.0,mad_scaling_clipping_trial_time,complex_cepstrum,HistGradientBoostingRegressor,0.001,0.05,0.1,31,20,FunctionTransformer(func=<function reshape at 0x7f96934342c0>),RobustScaler(copy=False),"{'first_scale': FunctionTransformer(func=<function mad_scaling_clipping_trial_time at 0x7f96934340e0>), 'frequency': FunctionTransformer(func=<function complex_cepstrum at 0x7f96933c77e0>), 'model': HistGradientBoostingRegressor(early_stopping=True, max_iter=300,
                              n_iter_no_change=15, random_state=42,
                              scoring=None), 'model__l2_regularization': 0.001, 'model__learning_rate': 0.05, 'model__max_features': 0.1, 'model__max_leaf_nodes': 31, 'model__min_samples_leaf': 20, 'reshape': FunctionTransformer(func=<function reshape at 0x7f96934342c0>), 'second_scale': RobustScaler(copy=False)}",0.020617659433678215,0.020617659433678215,0.0,2,0.9896374793662182
0,862.2584278583527,0.0,8.206976175308228,0.0,passthrough,real_cepstrum,HistGradientBoostingRegressor,0.001,0.1,0.1,63,20,FunctionTransformer(func=<function reshape at 0x7f96934342c0>),RobustScaler(copy=False),"{'first_scale': 'passthrough', 'frequency': FunctionTransformer(func=<function real_cepstrum at 0x7f96933c7880>), 'model': HistGradientBoostingRegressor(early_stopping=True, max_iter=300,
                              n_iter_no_change=15, random_state=42,
                              scoring=None), 'model__l2_regularization': 0.001, 'model__learning_rate': 0.1, 'model__max_features': 0.1, 'model__max_leaf_nodes': 63, 'model__min_samples_leaf': 20, 'reshape': FunctionTransformer(func=<function reshape at 0x7f96934342c0>), 'second_scale': RobustScaler(copy=False)}",0.011003939702175725,0.011003939702175725,0.0,2,0.9944828104586948
1,2175.3183784484863,0.0,19.052265644073486,0.0,mad_scaling_clipping_trial_time,passthrough,HistGradientBoostingRegressor,0.0,0.1,0.1,63,20,FunctionTransformer(func=<function reshape at 0x7f96934342c0>),RobustScaler(copy=False),"{'first_scale': FunctionTransformer(func=<function mad_scaling_clipping_trial_time at 0x7f96934340e0>), 'frequency': 'passthrough', 'model': HistGradientBoostingRegressor(early_stopping=True, max_iter=300,
                              n_iter_no_change=15, random_state=42,
                              scoring=None), 'model__l2_regularization': 0.0, 'model__learning_rate': 0.1, 'model__max_features': 0.1, 'model__max_leaf_nodes': 63, 'model__min_samples_leaf': 20, 'reshape': FunctionTransformer(func=<function reshape at 0x7f96934342c0>), 'second_scale': RobustScaler(copy=False)}",0.06771330299777312,0.06771330299777312,0.0,1,0.9655499453690767
0,2412.898423433304,0.0,33.969359159469604,0.0,mad_scaling_clipping_channel_trial,power_phase,HistGradientBoostingRegressor,0.0,0.1,0.05,63,20,FunctionTransformer(func=<function reshape at 0x7f96934342c0>),RobustScaler(copy=False),"{'first_scale': FunctionTransformer(func=<function mad_scaling_clipping_channel_trial at 0x7f9693434040>), 'frequency': FunctionTransformer(func=<function power_phase at 0x7f96933c7ba0>), 'model': HistGradientBoostingRegressor(early_stopping=True, max_iter=300,
                              n_iter_no_change=15, random_state=42,
                              scoring=None), 'model__l2_regularization': 0.0, 'model__learning_rate': 0.1, 'model__max_features': 0.05, 'model__max_leaf_nodes': 63, 'model__min_samples_leaf': 20, 'reshape': FunctionTransformer(func=<function reshape at 0x7f96934342c0>), 'second_scale': RobustScaler(copy=False)}",0.0648036474066025,0.0648036474066025,0.0,1,0.9670555064697153
1,2106.05891084671,0.0,46.57119870185852,0.0,mad_scaling_clipping_trial_time,complex_cepstrum,HistGradientBoostingRegressor,0.001,0.1,0.05,63,20,FunctionTransformer(func=<function reshape at 0x7f96934342c0>),RobustScaler(copy=False),"{'first_scale': FunctionTransformer(func=<function mad_scaling_clipping_trial_time at 0x7f96934340e0>), 'frequency': FunctionTransformer(func=<function complex_cepstrum at 0x7f96933c77e0>), 'model': HistGradientBoostingRegressor(early_stopping=True, max_iter=300,
                              n_iter_no_change=15, random_state=42,
                              scoring=None), 'model__l2_regularization': 0.001, 'model__learning_rate': 0.1, 'model__max_features': 0.05, 'model__max_leaf_nodes': 63, 'model__min_samples_leaf': 20, 'reshape': FunctionTransformer(func=<function reshape at 0x7f96934342c0>), 'second_scale': RobustScaler(copy=False)}",0.007853413913927909,0.007853413913927909,0.0,2,0.9960655531068586
0,1799.3830387592316,0.0,2.589517116546631,0.0,passthrough,passthrough,HistGradientBoostingRegressor,0.0,0.05,0.2,63,20,FunctionTransformer(func=<function reshape at 0x7f96934342c0>),RobustScaler(copy=False),"{'first_scale': 'passthrough', 'frequency': 'passthrough', 'model': HistGradientBoostingRegressor(early_stopping=True, max_iter=300,
                              n_iter_no_change=15, random_state=42,
                              scoring=None), 'model__l2_regularization': 0.0, 'model__learning_rate': 0.05, 'model__max_features': 0.2, 'model__max_leaf_nodes': 63, 'model__min_samples_leaf': 20, 'reshape': FunctionTransformer(func=<function reshape at 0x7f96934342c0>), 'second_scale': RobustScaler(copy=False)}",0.09180128640724627,0.09180128640724627,0.0,1,0.9529946031288706
1,1645.4774446487427,0.0,19.94325613975525,0.0,mad_scaling_clipping_channel_trial,real_cepstrum,HistGradientBoostingRegressor,0.001,0.05,0.2,63,20,FunctionTransformer(func=<function reshape at 0x7f96934342c0>),RobustScaler(copy=False),"{'first_scale': FunctionTransformer(func=<function mad_scaling_clipping_channel_trial at 0x7f9693434040>), 'frequency': FunctionTransformer(func=<function real_cepstrum at 0x7f96933c7880>), 'model': HistGradientBoostingRegressor(early_stopping=True, max_iter=300,
                              n_iter_no_change=15, random_state=42,
                              scoring=None), 'model__l2_regularization': 0.001, 'model__learning_rate': 0.05, 'model__max_features': 0.2, 'model__max_leaf_nodes': 63, 'model__min_samples_leaf': 20, 'reshape': FunctionTransformer(func=<function reshape at 0x7f96934342c0>), 'second_scale': RobustScaler(copy=False)}",0.005623110805473286,0.005623110805473286,0.0,2,0.9971844810237104
0,2621.5842196941376,0.0,3.4893791675567627,0.0,passthrough,passthrough,HistGradientBoostingRegressor,0.001,0.1,0.2,31,20,FunctionTransformer(func=<function reshape at 0x7f96934342c0>),passthrough,"{'first_scale': 'passthrough', 'frequency': 'passthrough', 'model': HistGradientBoostingRegressor(early_stopping=True, max_iter=300,
                              n_iter_no_change=15, random_state=42,
                              scoring=None), 'model__l2_regularization': 0.001, 'model__learning_rate': 0.1, 'model__max_features': 0.2, 'model__max_leaf_nodes': 31, 'model__min_samples_leaf': 20, 'reshape': FunctionTransformer(func=<function reshape at 0x7f96934342c0>), 'second_scale': 'passthrough'}",0.08638078899468671,0.08638078899468671,0.0,1,0.9558343010194358
1,1376.852496623993,0.0,41.49867296218872,0.0,mad_scaling_clipping_channel_trial,complex_cepstrum,HistGradientBoostingRegressor,0.0,0.1,0.2,31,20,FunctionTransformer(func=<function reshape at 0x7f96934342c0>),passthrough,"{'first_scale': FunctionTransformer(func=<function mad_scaling_clipping_channel_trial at 0x7f9693434040>), 'frequency': FunctionTransformer(func=<function complex_cepstrum at 0x7f96933c77e0>), 'model': HistGradientBoostingRegressor(early_stopping=True, max_iter=300,
                              n_iter_no_change=15, random_state=42,
                              scoring=None), 'model__l2_regularization': 0.0, 'model__learning_rate': 0.1, 'model__max_features': 0.2, 'model__max_leaf_nodes': 31, 'model__min_samples_leaf': 20, 'reshape': FunctionTransformer(func=<function reshape at 0x7f96934342c0>), 'second_scale': 'passthrough'}",0.03173565429438696,0.03173565429438696,0.0,2,0.9840042406949338
0,1716.6008505821228,0.0,17.16860580444336,0.0,passthrough,complex_cepstrum,HistGradientBoostingRegressor,0.0,0.1,0.2,31,20,FunctionTransformer(func=<function reshape at 0x7f96934342c0>),RobustScaler(copy=False),"{'first_scale': 'passthrough', 'frequency': FunctionTransformer(func=<function complex_cepstrum at 0x7f96933c77e0>), 'model': HistGradientBoostingRegressor(early_stopping=True, max_iter=300,
                              n_iter_no_change=15, random_state=42,
                              scoring=None), 'model__l2_regularization': 0.0, 'model__learning_rate': 0.1, 'model__max_features': 0.2, 'model__max_leaf_nodes': 31, 'model__min_samples_leaf': 20, 'reshape': FunctionTransformer(func=<function reshape at 0x7f96934342c0>), 'second_scale': RobustScaler(copy=False)}",0.025134181094508268,0.025134181094508268,0.0,2,0.9873529353303669
1,1651.9973611831665,0.0,18.0007905960083,0.0,mad_scaling_clipping_trial_time,passthrough,HistGradientBoostingRegressor,0.001,0.1,0.2,31,20,FunctionTransformer(func=<function reshape at 0x7f96934342c0>),RobustScaler(copy=False),"{'first_scale': FunctionTransformer(func=<function mad_scaling_clipping_trial_time at 0x7f96934340e0>), 'frequency': 'passthrough', 'model': HistGradientBoostingRegressor(early_stopping=True, max_iter=300,
                              n_iter_no_change=15, random_state=42,
                              scoring=None), 'model__l2_regularization': 0.001, 'model__learning_rate': 0.1, 'model__max_features': 0.2, 'model__max_leaf_nodes': 31, 'model__min_samples_leaf': 20, 'reshape': FunctionTransformer(func=<function reshape at 0x7f96934342c0>), 'second_scale': RobustScaler(copy=False)}",0.08274415876658514,0.08274415876658514,0.0,1,0.9577347447145347
0,1539.1414563655853,0.0,9.373689651489258,0.0,passthrough,power_phase,HistGradientBoostingRegressor,0.001,0.1,0.2,31,20,FunctionTransformer(func=<function reshape at 0x7f96934342c0>),RobustScaler(copy=False),"{'first_scale': 'passthrough', 'frequency': FunctionTransformer(func=<function power_phase at 0x7f96933c7ba0>), 'model': HistGradientBoostingRegressor(early_stopping=True, max_iter=300,
                              n_iter_no_change=15, random_state=42,
                              scoring=None), 'model__l2_regularization': 0.001, 'model__learning_rate': 0.1, 'model__max_features': 0.2, 'model__max_leaf_nodes': 31, 'model__min_samples_leaf': 20, 'reshape': FunctionTransformer(func=<function reshape at 0x7f96934342c0>), 'second_scale': RobustScaler(copy=False)}",0.07745803955832409,0.07745803955832409,0.0,1,0.9604904790999628
1,3611.018271923065,0.0,34.89514398574829,0.0,mad_scaling_clipping_channel_trial,enveloppe,HistGradientBoostingRegressor,0.0,0.1,0.2,31,20,FunctionTransformer(func=<function reshape at 0x7f96934342c0>),RobustScaler(copy=False),"{'first_scale': FunctionTransformer(func=<function mad_scaling_clipping_channel_trial at 0x7f9693434040>), 'frequency': FunctionTransformer(func=<function enveloppe at 0x7f96933c7740>), 'model': HistGradientBoostingRegressor(early_stopping=True, max_iter=300,
                              n_iter_no_change=15, random_state=42,
                              scoring=None), 'model__l2_regularization': 0.0, 'model__learning_rate': 0.1, 'model__max_features': 0.2, 'model__max_leaf_nodes': 31, 'model__min_samples_leaf': 20, 'reshape': FunctionTransformer(func=<function reshape at 0x7f96934342c0>), 'second_scale': RobustScaler(copy=False)}",0.0647277834828015,0.0647277834828015,0.0,2,0.9670947298570076
0,1071.014282464981,0.0,13.225399494171143,0.0,passthrough,complex_cepstrum,HistGradientBoostingRegressor,0.0,0.05,0.05,31,20,FunctionTransformer(func=<function reshape at 0x7f96934342c0>),passthrough,"{'first_scale': 'passthrough', 'frequency': FunctionTransformer(func=<function complex_cepstrum at 0x7f96933c77e0>), 'model': HistGradientBoostingRegressor(early_stopping=True, max_iter=300,
                              n_iter_no_change=15, random_state=42,
                              scoring=None), 'model__l2_regularization': 0.0, 'model__learning_rate': 0.05, 'model__max_features': 0.05, 'model__max_leaf_nodes': 31, 'model__min_samples_leaf': 20, 'reshape': FunctionTransformer(func=<function reshape at 0x7f96934342c0>), 'second_scale': 'passthrough'}",0.03473572582093065,0.03473572582093065,0.0,2,0.9824786380268373
1,1111.070247888565,0.0,15.113432168960571,0.0,mad_scaling_clipping_trial_time,passthrough,HistGradientBoostingRegressor,0.001,0.05,0.05,31,20,FunctionTransformer(func=<function reshape at 0x7f96934342c0>),passthrough,"{'first_scale': FunctionTransformer(func=<function mad_scaling_clipping_trial_time at 0x7f96934340e0>), 'frequency': 'passthrough', 'model': HistGradientBoostingRegressor(early_stopping=True, max_iter=300,
                              n_iter_no_change=15, random_state=42,
                              scoring=None), 'model__l2_regularization': 0.001, 'model__learning_rate': 0.05, 'model__max_features': 0.05, 'model__max_leaf_nodes': 31, 'model__min_samples_leaf': 20, 'reshape': FunctionTransformer(func=<function reshape at 0x7f96934342c0>), 'second_scale': 'passthrough'}",0.09150226141558793,0.09150226141558793,0.0,1,0.953151477250291
0,7812.22745013237,0.0,24.553797006607056,0.0,passthrough,enveloppe,HistGradientBoostingRegressor,0.001,0.05,0.1,63,20,FunctionTransformer(func=<function reshape at 0x7f96934342c0>),RobustScaler(copy=False),"{'first_scale': 'passthrough', 'frequency': FunctionTransformer(func=<function enveloppe at 0x7f96933c7740>), 'model': HistGradientBoostingRegressor(early_stopping=True, max_iter=300,
                              n_iter_no_change=15, random_state=42,
                              scoring=None), 'model__l2_regularization': 0.001, 'model__learning_rate': 0.05, 'model__max_features': 0.1, 'model__max_leaf_nodes': 63, 'model__min_samples_leaf': 20, 'reshape': FunctionTransformer(func=<function reshape at 0x7f96934342c0>), 'second_scale': RobustScaler(copy=False)}",0.09271725527572283,0.09271725527572283,0.0,1,0.9525139078902088
1,3502.644126176834,0.0,35.45524525642395,0.0,mad_scaling_clipping_trial_time,real_cepstrum,HistGradientBoostingRegressor,0.0,0.05,0.1,63,20,FunctionTransformer(func=<function reshape at 0x7f96934342c0>),RobustScaler(copy=False),"{'first_scale': FunctionTransformer(func=<function mad_scaling_clipping_trial_time at 0x7f96934340e0>), 'frequency': FunctionTransformer(func=<function real_cepstrum at 0x7f96933c7880>), 'model': HistGradientBoostingRegressor(early_stopping=True, max_iter=300,
                              n_iter_no_change=15, random_state=42,
                              scoring=None), 'model__l2_regularization': 0.0, 'model__learning_rate': 0.05, 'model__max_features': 0.1, 'model__max_leaf_nodes': 63, 'model__min_samples_leaf': 20, 'reshape': FunctionTransformer(func=<function reshape at 0x7f96934342c0>), 'second_scale': RobustScaler(copy=False)}",0.007493623483874057,0.007493623483874057,0.0,2,0.9962461425351297
0,1752.0335326194763,0.0,11.24065637588501,0.0,passthrough,real_cepstrum,HistGradientBoostingRegressor,0.0,0.05,0.1,31,20,FunctionTransformer(func=<function reshape at 0x7f96934342c0>),RobustScaler(copy=False),"{'first_scale': 'passthrough', 'frequency': FunctionTransformer(func=<function real_cepstrum at 0x7f96933c7880>), 'model': HistGradientBoostingRegressor(early_stopping=True, max_iter=300,
                              n_iter_no_change=15, random_state=42,
                              scoring=None), 'model__l2_regularization': 0.0, 'model__learning_rate': 0.05, 'model__max_features': 0.1, 'model__max_leaf_nodes': 31, 'model__min_samples_leaf': 20, 'reshape': FunctionTransformer(func=<function reshape at 0x7f96934342c0>), 'second_scale': RobustScaler(copy=False)}",0.017027472989893266,0.017027472989893266,0.0,2,0.9914497097735753
1,3885.6208732128143,0.0,34.02739357948303,0.0,mad_scaling_clipping_channel_trial,enveloppe,HistGradientBoostingRegressor,0.001,0.05,0.1,31,20,FunctionTransformer(func=<function reshape at 0x7f96934342c0>),RobustScaler(copy=False),"{'first_scale': FunctionTransformer(func=<function mad_scaling_clipping_channel_trial at 0x7f9693434040>), 'frequency': FunctionTransformer(func=<function enveloppe at 0x7f96933c7740>), 'model': HistGradientBoostingRegressor(early_stopping=True, max_iter=300,
                              n_iter_no_change=15, random_state=42,
                              scoring=None), 'model__l2_regularization': 0.001, 'model__learning_rate': 0.05, 'model__max_features': 0.1, 'model__max_leaf_nodes': 31, 'model__min_samples_leaf': 20, 'reshape': FunctionTransformer(func=<function reshape at 0x7f96934342c0>), 'second_scale': RobustScaler(copy=False)}",0.07842703071405355,0.07842703071405355,0.0,1,0.9599859213998643
0,1387.0229058265686,0.0,16.418728828430176,0.0,passthrough,complex_cepstrum,HistGradientBoostingRegressor,0.0,0.1,0.2,63,20,FunctionTransformer(func=<function reshape at 0x7f96934342c0>),passthrough,"{'first_scale': 'passthrough', 'frequency': FunctionTransformer(func=<function complex_cepstrum at 0x7f96933c77e0>), 'model': HistGradientBoostingRegressor(early_stopping=True, max_iter=300,
                              n_iter_no_change=15, random_state=42,
                              scoring=None), 'model__l2_regularization': 0.0, 'model__learning_rate': 0.1, 'model__max_features': 0.2, 'model__max_leaf_nodes': 63, 'model__min_samples_leaf': 20, 'reshape': FunctionTransformer(func=<function reshape at 0x7f96934342c0>), 'second_scale': 'passthrough'}",0.022300886379396756,0.022300886379396756,0.0,2,0.9887866876230703
1,2195.9295859336853,0.0,17.926031351089478,0.0,mad_scaling_clipping_trial_time,passthrough,HistGradientBoostingRegressor,0.001,0.1,0.2,63,20,FunctionTransformer(func=<function reshape at 0x7f96934342c0>),passthrough,"{'first_scale': FunctionTransformer(func=<function mad_scaling_clipping_trial_time at 0x7f96934340e0>), 'frequency': 'passthrough', 'model': HistGradientBoostingRegressor(early_stopping=True, max_iter=300,
                              n_iter_no_change=15, random_state=42,
                              scoring=None), 'model__l2_regularization': 0.001, 'model__learning_rate': 0.1, 'model__max_features': 0.2, 'model__max_leaf_nodes': 63, 'model__min_samples_leaf': 20, 'reshape': FunctionTransformer(func=<function reshape at 0x7f96934342c0>), 'second_scale': 'passthrough'}",0.07181797298465842,0.07181797298465842,0.0,1,0.9634220399260863
0,2538.0279574394226,0.0,4.278027296066284,0.0,passthrough,passthrough,HistGradientBoostingRegressor,0.001,0.05,0.1,31,20,FunctionTransformer(func=<function reshape at 0x7f96934342c0>),RobustScaler(copy=False),"{'first_scale': 'passthrough', 'frequency': 'passthrough', 'model': HistGradientBoostingRegressor(early_stopping=True, max_iter=300,
                              n_iter_no_change=15, random_state=42,
                              scoring=None), 'model__l2_regularization': 0.001, 'model__learning_rate': 0.05, 'model__max_features': 0.1, 'model__max_leaf_nodes': 31, 'model__min_samples_leaf': 20, 'reshape': FunctionTransformer(func=<function reshape at 0x7f96934342c0>), 'second_scale': RobustScaler(copy=False)}",0.08955141166318037,0.08955141166318037,0.0,1,0.9541742966234312
1,2585.1916370391846,0.0,42.24613428115845,0.0,mad_scaling_clipping_channel_trial,complex_cepstrum,HistGradientBoostingRegressor,0.0,0.05,0.1,31,20,FunctionTransformer(func=<function reshape at 0x7f96934342c0>),RobustScaler(copy=False),"{'first_scale': FunctionTransformer(func=<function mad_scaling_clipping_channel_trial at 0x7f9693434040>), 'frequency': FunctionTransformer(func=<function complex_cepstrum at 0x7f96933c77e0>), 'model': HistGradientBoostingRegressor(early_stopping=True, max_iter=300,
                              n_iter_no_change=15, random_state=42,
                              scoring=None), 'model__l2_regularization': 0.0, 'model__learning_rate': 0.05, 'model__max_features': 0.1, 'model__max_leaf_nodes': 31, 'model__min_samples_leaf': 20, 'reshape': FunctionTransformer(func=<function reshape at 0x7f96934342c0>), 'second_scale': RobustScaler(copy=False)}",0.0319880121351509,0.0319880121351509,0.0,2,0.9838760022812068
0,3102.302065849304,0.0,38.7004132270813,0.0,passthrough,complex_cepstrum,HistGradientBoostingRegressor,0.001,0.1,0.05,63,20,FunctionTransformer(func=<function reshape at 0x7f96934342c0>),passthrough,"{'first_scale': 'passthrough', 'frequency': FunctionTransformer(func=<function complex_cepstrum at 0x7f96933c77e0>), 'model': HistGradientBoostingRegressor(early_stopping=True, max_iter=300,
                              n_iter_no_change=15, random_state=42,
                              scoring=None), 'model__l2_regularization': 0.001, 'model__learning_rate': 0.1, 'model__max_features': 0.05, 'model__max_leaf_nodes': 63, 'model__min_samples_leaf': 20, 'reshape': FunctionTransformer(func=<function reshape at 0x7f96934342c0>), 'second_scale': 'passthrough'}",0.02075835202501608,0.02075835202501608,0.0,2,0.9895663939195711
1,4621.021077156067,0.0,78.16238284111023,0.0,mad_scaling_clipping_trial_time,power_phase,HistGradientBoostingRegressor,0.0,0.1,0.05,63,20,FunctionTransformer(func=<function reshape at 0x7f96934342c0>),passthrough,"{'first_scale': FunctionTransformer(func=<function mad_scaling_clipping_trial_time at 0x7f96934340e0>), 'frequency': FunctionTransformer(func=<function power_phase at 0x7f96933c7ba0>), 'model': HistGradientBoostingRegressor(early_stopping=True, max_iter=300,
                              n_iter_no_change=15, random_state=42,
                              scoring=None), 'model__l2_regularization': 0.0, 'model__learning_rate': 0.1, 'model__max_features': 0.05, 'model__max_leaf_nodes': 63, 'model__min_samples_leaf': 20, 'reshape': FunctionTransformer(func=<function reshape at 0x7f96934342c0>), 'second_scale': 'passthrough'}",0.0675249830925988,0.0675249830925988,0.0,1,0.9656474599497485
0,2479.068281173706,0.0,16.417765855789185,0.0,passthrough,enveloppe,HistGradientBoostingRegressor,0.0,0.05,0.2,31,20,FunctionTransformer(func=<function reshape at 0x7f96934342c0>),RobustScaler(copy=False),"{'first_scale': 'passthrough', 'frequency': FunctionTransformer(func=<function enveloppe at 0x7f96933c7740>), 'model': HistGradientBoostingRegressor(early_stopping=True, max_iter=300,
                              n_iter_no_change=15, random_state=42,
                              scoring=None), 'model__l2_regularization': 0.0, 'model__learning_rate': 0.05, 'model__max_features': 0.2, 'model__max_leaf_nodes': 31, 'model__min_samples_leaf': 20, 'reshape': FunctionTransformer(func=<function reshape at 0x7f96934342c0>), 'second_scale': RobustScaler(copy=False)}",0.09526621268447044,0.09526621268447044,0.0,1,0.9511749509504177
1,1257.9802739620209,0.0,21.119554042816162,0.0,mad_scaling_clipping_trial_time,power_phase,HistGradientBoostingRegressor,0.001,0.05,0.2,31,20,FunctionTransformer(func=<function reshape at 0x7f96934342c0>),RobustScaler(copy=False),"{'first_scale': FunctionTransformer(func=<function mad_scaling_clipping_trial_time at 0x7f96934340e0>), 'frequency': FunctionTransformer(func=<function power_phase at 0x7f96933c7ba0>), 'model': HistGradientBoostingRegressor(early_stopping=True, max_iter=300,
                              n_iter_no_change=15, random_state=42,
                              scoring=None), 'model__l2_regularization': 0.001, 'model__learning_rate': 0.05, 'model__max_features': 0.2, 'model__max_leaf_nodes': 31, 'model__min_samples_leaf': 20, 'reshape': FunctionTransformer(func=<function reshape at 0x7f96934342c0>), 'second_scale': RobustScaler(copy=False)}",0.08850463900097638,0.08850463900097638,0.0,2,0.9547226618233295
0,2411.1279487609863,0.0,31.32073163986206,0.0,mad_scaling_clipping_channel_trial,power_phase,HistGradientBoostingRegressor,0.001,0.1,0.1,31,20,FunctionTransformer(func=<function reshape at 0x7f96934342c0>),RobustScaler(copy=False),"{'first_scale': FunctionTransformer(func=<function mad_scaling_clipping_channel_trial at 0x7f9693434040>), 'frequency': FunctionTransformer(func=<function power_phase at 0x7f96933c7ba0>), 'model': HistGradientBoostingRegressor(early_stopping=True, max_iter=300,
                              n_iter_no_change=15, random_state=42,
                              scoring=None), 'model__l2_regularization': 0.001, 'model__learning_rate': 0.1, 'model__max_features': 0.1, 'model__max_leaf_nodes': 31, 'model__min_samples_leaf': 20, 'reshape': FunctionTransformer(func=<function reshape at 0x7f96934342c0>), 'second_scale': RobustScaler(copy=False)}",0.0667425844534647,0.0667425844534647,0.0,2,0.9660524910927643
1,5552.825874090195,0.0,47.944411277770996,0.0,mad_scaling_clipping_trial_time,enveloppe,HistGradientBoostingRegressor,0.0,0.1,0.1,31,20,FunctionTransformer(func=<function reshape at 0x7f96934342c0>),RobustScaler(copy=False),"{'first_scale': FunctionTransformer(func=<function mad_scaling_clipping_trial_time at 0x7f96934340e0>), 'frequency': FunctionTransformer(func=<function enveloppe at 0x7f96933c7740>), 'model': HistGradientBoostingRegressor(early_stopping=True, max_iter=300,
                              n_iter_no_change=15, random_state=42,
                              scoring=None), 'model__l2_regularization': 0.0, 'model__learning_rate': 0.1, 'model__max_features': 0.1, 'model__max_leaf_nodes': 31, 'model__min_samples_leaf': 20, 'reshape': FunctionTransformer(func=<function reshape at 0x7f96934342c0>), 'second_scale': RobustScaler(copy=False)}",0.07708441170821678,0.07708441170821678,0.0,1,0.9606849578773383
0,1569.1540558338165,0.0,9.06055760383606,0.0,passthrough,power_phase,HistGradientBoostingRegressor,0.0,0.1,0.2,31,20,FunctionTransformer(func=<function reshape at 0x7f96934342c0>),passthrough,"{'first_scale': 'passthrough', 'frequency': FunctionTransformer(func=<function power_phase at 0x7f96933c7ba0>), 'model': HistGradientBoostingRegressor(early_stopping=True, max_iter=300,
                              n_iter_no_change=15, random_state=42,
                              scoring=None), 'model__l2_regularization': 0.0, 'model__learning_rate': 0.1, 'model__max_features': 0.2, 'model__max_leaf_nodes': 31, 'model__min_samples_leaf': 20, 'reshape': FunctionTransformer(func=<function reshape at 0x7f96934342c0>), 'second_scale': 'passthrough'}",0.07928602939223472,0.07928602939223472,0.0,1,0.9595384153892773
1,1359.3485779762268,0.0,32.81144332885742,0.0,mad_scaling_clipping_channel_trial,complex_cepstrum,HistGradientBoostingRegressor,0.001,0.1,0.2,31,20,FunctionTransformer(func=<function reshape at 0x7f96934342c0>),passthrough,"{'first_scale': FunctionTransformer(func=<function mad_scaling_clipping_channel_trial at 0x7f9693434040>), 'frequency': FunctionTransformer(func=<function complex_cepstrum at 0x7f96933c77e0>), 'model': HistGradientBoostingRegressor(early_stopping=True, max_iter=300,
                              n_iter_no_change=15, random_state=42,
                              scoring=None), 'model__l2_regularization': 0.001, 'model__learning_rate': 0.1, 'model__max_features': 0.2, 'model__max_leaf_nodes': 31, 'model__min_samples_leaf': 20, 'reshape': FunctionTransformer(func=<function reshape at 0x7f96934342c0>), 'second_scale': 'passthrough'}",0.02581613997973986,0.02581613997973986,0.0,2,0.9870075278437648
0,3930.660544395447,0.0,21.62757110595703,0.0,passthrough,enveloppe,HistGradientBoostingRegressor,0.001,0.05,0.2,31,20,FunctionTransformer(func=<function reshape at 0x7f96934342c0>),RobustScaler(copy=False),"{'first_scale': 'passthrough', 'frequency': FunctionTransformer(func=<function enveloppe at 0x7f96933c7740>), 'model': HistGradientBoostingRegressor(early_stopping=True, max_iter=300,
                              n_iter_no_change=15, random_state=42,
                              scoring=None), 'model__l2_regularization': 0.001, 'model__learning_rate': 0.05, 'model__max_features': 0.2, 'model__max_leaf_nodes': 31, 'model__min_samples_leaf': 20, 'reshape': FunctionTransformer(func=<function reshape at 0x7f96934342c0>), 'second_scale': RobustScaler(copy=False)}",0.09478079767584946,0.09478079767584946,0.0,1,0.9514300827302816
1,1922.3189804553986,0.0,26.21243405342102,0.0,mad_scaling_clipping_trial_time,real_cepstrum,HistGradientBoostingRegressor,0.0,0.05,0.2,31,20,FunctionTransformer(func=<function reshape at 0x7f96934342c0>),RobustScaler(copy=False),"{'first_scale': FunctionTransformer(func=<function mad_scaling_clipping_trial_time at 0x7f96934340e0>), 'frequency': FunctionTransformer(func=<function real_cepstrum at 0x7f96933c7880>), 'model': HistGradientBoostingRegressor(early_stopping=True, max_iter=300,
                              n_iter_no_change=15, random_state=42,
                              scoring=None), 'model__l2_regularization': 0.0, 'model__learning_rate': 0.05, 'model__max_features': 0.2, 'model__max_leaf_nodes': 31, 'model__min_samples_leaf': 20, 'reshape': FunctionTransformer(func=<function reshape at 0x7f96934342c0>), 'second_scale': RobustScaler(copy=False)}",0.011074315625853481,0.011074315625853481,0.0,2,0.9944474266516791
0,1911.3565344810486,0.0,8.814438104629517,0.0,passthrough,real_cepstrum,HistGradientBoostingRegressor,0.0,0.05,0.05,31,20,FunctionTransformer(func=<function reshape at 0x7f96934342c0>),RobustScaler(copy=False),"{'first_scale': 'passthrough', 'frequency': FunctionTransformer(func=<function real_cepstrum at 0x7f96933c7880>), 'model': HistGradientBoostingRegressor(early_stopping=True, max_iter=300,
                              n_iter_no_change=15, random_state=42,
                              scoring=None), 'model__l2_regularization': 0.0, 'model__learning_rate': 0.05, 'model__max_features': 0.05, 'model__max_leaf_nodes': 31, 'model__min_samples_leaf': 20, 'reshape': FunctionTransformer(func=<function reshape at 0x7f96934342c0>), 'second_scale': RobustScaler(copy=False)}",0.01887168878501644,0.01887168878501644,0.0,2,0.9905192129459093
1,4001.677629709244,0.0,34.86333227157593,0.0,mad_scaling_clipping_channel_trial,enveloppe,HistGradientBoostingRegressor,0.001,0.05,0.05,31,20,FunctionTransformer(func=<function reshape at 0x7f96934342c0>),RobustScaler(copy=False),"{'first_scale': FunctionTransformer(func=<function mad_scaling_clipping_channel_trial at 0x7f9693434040>), 'frequency': FunctionTransformer(func=<function enveloppe at 0x7f96933c7740>), 'model': HistGradientBoostingRegressor(early_stopping=True, max_iter=300,
                              n_iter_no_change=15, random_state=42,
                              scoring=None), 'model__l2_regularization': 0.001, 'model__learning_rate': 0.05, 'model__max_features': 0.05, 'model__max_leaf_nodes': 31, 'model__min_samples_leaf': 20, 'reshape': FunctionTransformer(func=<function reshape at 0x7f96934342c0>), 'second_scale': RobustScaler(copy=False)}",0.0762908480417388,0.0762908480417388,0.0,1,0.9610978888532953
0,2584.4460542201996,0.0,19.812747478485107,0.0,passthrough,complex_cepstrum,HistGradientBoostingRegressor,0.001,0.05,0.1,31,20,FunctionTransformer(func=<function reshape at 0x7f96934342c0>),passthrough,"{'first_scale': 'passthrough', 'frequency': FunctionTransformer(func=<function complex_cepstrum at 0x7f96933c77e0>), 'model': HistGradientBoostingRegressor(early_stopping=True, max_iter=300,
                              n_iter_no_change=15, random_state=42,
                              scoring=None), 'model__l2_regularization': 0.001, 'model__learning_rate': 0.05, 'model__max_features': 0.1, 'model__max_leaf_nodes': 31, 'model__min_samples_leaf': 20, 'reshape': FunctionTransformer(func=<function reshape at 0x7f96934342c0>), 'second_scale': 'passthrough'}",0.037401107141156964,0.037401107141156964,0.0,2,0.9811212426906488
1,2416.957457780838,0.0,30.15025782585144,0.0,mad_scaling_clipping_trial_time,power_phase,HistGradientBoostingRegressor,0.0,0.05,0.1,31,20,FunctionTransformer(func=<function reshape at 0x7f96934342c0>),passthrough,"{'first_scale': FunctionTransformer(func=<function mad_scaling_clipping_trial_time at 0x7f96934340e0>), 'frequency': FunctionTransformer(func=<function power_phase at 0x7f96933c7ba0>), 'model': HistGradientBoostingRegressor(early_stopping=True, max_iter=300,
                              n_iter_no_change=15, random_state=42,
                              scoring=None), 'model__l2_regularization': 0.0, 'model__learning_rate': 0.05, 'model__max_features': 0.1, 'model__max_leaf_nodes': 31, 'model__min_samples_leaf': 20, 'reshape': FunctionTransformer(func=<function reshape at 0x7f96934342c0>), 'second_scale': 'passthrough'}",0.08770141812883714,0.08770141812883714,0.0,1,0.9551432258416341
0,2439.5431501865387,0.0,31.431901454925537,0.0,mad_scaling_clipping_channel_trial,power_phase,HistGradientBoostingRegressor,0.0,0.05,0.1,31,20,FunctionTransformer(func=<function reshape at 0x7f96934342c0>),passthrough,"{'first_scale': FunctionTransformer(func=<function mad_scaling_clipping_channel_trial at 0x7f9693434040>), 'frequency': FunctionTransformer(func=<function power_phase at 0x7f96933c7ba0>), 'model': HistGradientBoostingRegressor(early_stopping=True, max_iter=300,
                              n_iter_no_change=15, random_state=42,
                              scoring=None), 'model__l2_regularization': 0.0, 'model__learning_rate': 0.05, 'model__max_features': 0.1, 'model__max_leaf_nodes': 31, 'model__min_samples_leaf': 20, 'reshape': FunctionTransformer(func=<function reshape at 0x7f96934342c0>), 'second_scale': 'passthrough'}",0.07719077300729849,0.07719077300729849,0.0,1,0.9606295992695111
1,2411.603673219681,0.0,43.16334891319275,0.0,mad_scaling_clipping_trial_time,complex_cepstrum,HistGradientBoostingRegressor,0.001,0.05,0.1,31,20,FunctionTransformer(func=<function reshape at 0x7f96934342c0>),passthrough,"{'first_scale': FunctionTransformer(func=<function mad_scaling_clipping_trial_time at 0x7f96934340e0>), 'frequency': FunctionTransformer(func=<function complex_cepstrum at 0x7f96933c77e0>), 'model': HistGradientBoostingRegressor(early_stopping=True, max_iter=300,
                              n_iter_no_change=15, random_state=42,
                              scoring=None), 'model__l2_regularization': 0.001, 'model__learning_rate': 0.05, 'model__max_features': 0.1, 'model__max_leaf_nodes': 31, 'model__min_samples_leaf': 20, 'reshape': FunctionTransformer(func=<function reshape at 0x7f96934342c0>), 'second_scale': 'passthrough'}",0.020617659433678215,0.020617659433678215,0.0,2,0.9896374793662182
0,2191.6248445510864,0.0,28.498636722564697,0.0,mad_scaling_clipping_channel_trial,power_phase,HistGradientBoostingRegressor,0.001,0.1,0.05,31,20,FunctionTransformer(func=<function reshape at 0x7f96934342c0>),passthrough,"{'first_scale': FunctionTransformer(func=<function mad_scaling_clipping_channel_trial at 0x7f9693434040>), 'frequency': FunctionTransformer(func=<function power_phase at 0x7f96933c7ba0>), 'model': HistGradientBoostingRegressor(early_stopping=True, max_iter=300,
                              n_iter_no_change=15, random_state=42,
                              scoring=None), 'model__l2_regularization': 0.001, 'model__learning_rate': 0.1, 'model__max_features': 0.05, 'model__max_leaf_nodes': 31, 'model__min_samples_leaf': 20, 'reshape': FunctionTransformer(func=<function reshape at 0x7f96934342c0>), 'second_scale': 'passthrough'}",0.06632628806491492,0.06632628806491492,0.0,2,0.9662679296836282
1,4611.714687347412,0.0,44.95297336578369,0.0,mad_scaling_clipping_trial_time,enveloppe,HistGradientBoostingRegressor,0.0,0.1,0.05,31,20,FunctionTransformer(func=<function reshape at 0x7f96934342c0>),passthrough,"{'first_scale': FunctionTransformer(func=<function mad_scaling_clipping_trial_time at 0x7f96934340e0>), 'frequency': FunctionTransformer(func=<function enveloppe at 0x7f96933c7740>), 'model': HistGradientBoostingRegressor(early_stopping=True, max_iter=300,
                              n_iter_no_change=15, random_state=42,
                              scoring=None), 'model__l2_regularization': 0.0, 'model__learning_rate': 0.1, 'model__max_features': 0.05, 'model__max_leaf_nodes': 31, 'model__min_samples_leaf': 20, 'reshape': FunctionTransformer(func=<function reshape at 0x7f96934342c0>), 'second_scale': 'passthrough'}",0.07834069941295074,0.07834069941295074,0.0,1,0.9600308852256001
0,2965.743881225586,0.0,19.155388355255127,0.0,passthrough,enveloppe,HistGradientBoostingRegressor,0.0,0.1,0.2,31,20,FunctionTransformer(func=<function reshape at 0x7f96934342c0>),passthrough,"{'first_scale': 'passthrough', 'frequency': FunctionTransformer(func=<function enveloppe at 0x7f96933c7740>), 'model': HistGradientBoostingRegressor(early_stopping=True, max_iter=300,
                              n_iter_no_change=15, random_state=42,
                              scoring=None), 'model__l2_regularization': 0.0, 'model__learning_rate': 0.1, 'model__max_features': 0.2, 'model__max_leaf_nodes': 31, 'model__min_samples_leaf': 20, 'reshape': FunctionTransformer(func=<function reshape at 0x7f96934342c0>), 'second_scale': 'passthrough'}",0.08307215793463629,0.08307215793463629,0.0,1,0.9575634924459911
1,1206.3035395145416,0.0,24.43511390686035,0.0,mad_scaling_clipping_trial_time,power_phase,HistGradientBoostingRegressor,0.001,0.1,0.2,31,20,FunctionTransformer(func=<function reshape at 0x7f96934342c0>),passthrough,"{'first_scale': FunctionTransformer(func=<function mad_scaling_clipping_trial_time at 0x7f96934340e0>), 'frequency': FunctionTransformer(func=<function power_phase at 0x7f96933c7ba0>), 'model': HistGradientBoostingRegressor(early_stopping=True, max_iter=300,
                              n_iter_no_change=15, random_state=42,
                              scoring=None), 'model__l2_regularization': 0.001, 'model__learning_rate': 0.1, 'model__max_features': 0.2, 'model__max_leaf_nodes': 31, 'model__min_samples_leaf': 20, 'reshape': FunctionTransformer(func=<function reshape at 0x7f96934342c0>), 'second_scale': 'passthrough'}",0.08199826389314868,0.08199826389314868,0.0,2,0.9581240713534189
0,2954.289677619934,0.0,19.692967414855957,0.0,passthrough,enveloppe,HistGradientBoostingRegressor,0.0,0.1,0.1,31,20,FunctionTransformer(func=<function reshape at 0x7f96934342c0>),passthrough,"{'first_scale': 'passthrough', 'frequency': FunctionTransformer(func=<function enveloppe at 0x7f96933c7740>), 'model': HistGradientBoostingRegressor(early_stopping=True, max_iter=300,
                              n_iter_no_change=15, random_state=42,
                              scoring=None), 'model__l2_regularization': 0.0, 'model__learning_rate': 0.1, 'model__max_features': 0.1, 'model__max_leaf_nodes': 31, 'model__min_samples_leaf': 20, 'reshape': FunctionTransformer(func=<function reshape at 0x7f96934342c0>), 'second_scale': 'passthrough'}",0.08291527512729391,0.08291527512729391,0.0,1,0.9576454066473175
1,1222.599411725998,0.0,24.532243013381958,0.0,mad_scaling_clipping_trial_time,power_phase,HistGradientBoostingRegressor,0.001,0.1,0.1,31,20,FunctionTransformer(func=<function reshape at 0x7f96934342c0>),passthrough,"{'first_scale': FunctionTransformer(func=<function mad_scaling_clipping_trial_time at 0x7f96934340e0>), 'frequency': FunctionTransformer(func=<function power_phase at 0x7f96933c7ba0>), 'model': HistGradientBoostingRegressor(early_stopping=True, max_iter=300,
                              n_iter_no_change=15, random_state=42,
                              scoring=None), 'model__l2_regularization': 0.001, 'model__learning_rate': 0.1, 'model__max_features': 0.1, 'model__max_leaf_nodes': 31, 'model__min_samples_leaf': 20, 'reshape': FunctionTransformer(func=<function reshape at 0x7f96934342c0>), 'second_scale': 'passthrough'}",0.07984859628902241,0.07984859628902241,0.0,2,0.9592452260558703
0,2897.9597194194794,0.0,4.8104636669158936,0.0,passthrough,passthrough,HistGradientBoostingRegressor,0.0,0.05,0.2,31,20,FunctionTransformer(func=<function reshape at 0x7f96934342c0>),RobustScaler(copy=False),"{'first_scale': 'passthrough', 'frequency': 'passthrough', 'model': HistGradientBoostingRegressor(early_stopping=True, max_iter=300,
                              n_iter_no_change=15, random_state=42,
                              scoring=None), 'model__l2_regularization': 0.0, 'model__learning_rate': 0.05, 'model__max_features': 0.2, 'model__max_leaf_nodes': 31, 'model__min_samples_leaf': 20, 'reshape': FunctionTransformer(func=<function reshape at 0x7f96934342c0>), 'second_scale': RobustScaler(copy=False)}",0.09200523839349417,0.09200523839349417,0.0,1,0.9528875912753328
1,2644.8869683742523,0.0,33.784648180007935,0.0,mad_scaling_clipping_channel_trial,real_cepstrum,HistGradientBoostingRegressor,0.001,0.05,0.2,31,20,FunctionTransformer(func=<function reshape at 0x7f96934342c0>),RobustScaler(copy=False),"{'first_scale': FunctionTransformer(func=<function mad_scaling_clipping_channel_trial at 0x7f9693434040>), 'frequency': FunctionTransformer(func=<function real_cepstrum at 0x7f96933c7880>), 'model': HistGradientBoostingRegressor(early_stopping=True, max_iter=300,
                              n_iter_no_change=15, random_state=42,
                              scoring=None), 'model__l2_regularization': 0.001, 'model__learning_rate': 0.05, 'model__max_features': 0.2, 'model__max_leaf_nodes': 31, 'model__min_samples_leaf': 20, 'reshape': FunctionTransformer(func=<function reshape at 0x7f96934342c0>), 'second_scale': RobustScaler(copy=False)}",0.014024954499405773,0.014024954499405773,0.0,2,0.9929627613866465
0,2681.071759223938,0.0,4.698917388916016,0.0,passthrough,passthrough,HistGradientBoostingRegressor,0.0,0.05,0.1,31,20,FunctionTransformer(func=<function reshape at 0x7f96934342c0>),RobustScaler(copy=False),"{'first_scale': 'passthrough', 'frequency': 'passthrough', 'model': HistGradientBoostingRegressor(early_stopping=True, max_iter=300,
                              n_iter_no_change=15, random_state=42,
                              scoring=None), 'model__l2_regularization': 0.0, 'model__learning_rate': 0.05, 'model__max_features': 0.1, 'model__max_leaf_nodes': 31, 'model__min_samples_leaf': 20, 'reshape': FunctionTransformer(func=<function reshape at 0x7f96934342c0>), 'second_scale': RobustScaler(copy=False)}",0.0895511516665638,0.0895511516665638,0.0,1,0.9541744328651005
1,2499.032879590988,0.0,33.9651358127594,0.0,mad_scaling_clipping_channel_trial,real_cepstrum,HistGradientBoostingRegressor,0.001,0.05,0.1,31,20,FunctionTransformer(func=<function reshape at 0x7f96934342c0>),RobustScaler(copy=False),"{'first_scale': FunctionTransformer(func=<function mad_scaling_clipping_channel_trial at 0x7f9693434040>), 'frequency': FunctionTransformer(func=<function real_cepstrum at 0x7f96933c7880>), 'model': HistGradientBoostingRegressor(early_stopping=True, max_iter=300,
                              n_iter_no_change=15, random_state=42,
                              scoring=None), 'model__l2_regularization': 0.001, 'model__learning_rate': 0.05, 'model__max_features': 0.1, 'model__max_leaf_nodes': 31, 'model__min_samples_leaf': 20, 'reshape': FunctionTransformer(func=<function reshape at 0x7f96934342c0>), 'second_scale': RobustScaler(copy=False)}",0.013729008785742014,0.013729008785742014,0.0,2,0.9931117717630066
0,690.7196192741394,0.0,6.61764121055603,0.0,passthrough,real_cepstrum,HistGradientBoostingRegressor,0.0,0.1,0.2,31,20,FunctionTransformer(func=<function reshape at 0x7f96934342c0>),passthrough,"{'first_scale': 'passthrough', 'frequency': FunctionTransformer(func=<function real_cepstrum at 0x7f96933c7880>), 'model': HistGradientBoostingRegressor(early_stopping=True, max_iter=300,
                              n_iter_no_change=15, random_state=42,
                              scoring=None), 'model__l2_regularization': 0.0, 'model__learning_rate': 0.1, 'model__max_features': 0.2, 'model__max_leaf_nodes': 31, 'model__min_samples_leaf': 20, 'reshape': FunctionTransformer(func=<function reshape at 0x7f96934342c0>), 'second_scale': 'passthrough'}",0.009591523498105214,0.009591523498105214,0.0,2,0.9951926831030736
1,1836.7930614948273,0.0,28.061593532562256,0.0,mad_scaling_clipping_channel_trial,enveloppe,HistGradientBoostingRegressor,0.001,0.1,0.2,31,20,FunctionTransformer(func=<function reshape at 0x7f96934342c0>),passthrough,"{'first_scale': FunctionTransformer(func=<function mad_scaling_clipping_channel_trial at 0x7f9693434040>), 'frequency': FunctionTransformer(func=<function enveloppe at 0x7f96933c7740>), 'model': HistGradientBoostingRegressor(early_stopping=True, max_iter=300,
                              n_iter_no_change=15, random_state=42,
                              scoring=None), 'model__l2_regularization': 0.001, 'model__learning_rate': 0.1, 'model__max_features': 0.2, 'model__max_leaf_nodes': 31, 'model__min_samples_leaf': 20, 'reshape': FunctionTransformer(func=<function reshape at 0x7f96934342c0>), 'second_scale': 'passthrough'}",0.06631379171640406,0.06631379171640406,0.0,1,0.9662743959577921
0,1104.0684669017792,0.0,19.11518692970276,0.0,mad_scaling_clipping_channel_trial,power_phase,HistGradientBoostingRegressor,0.001,0.1,0.1,63,20,FunctionTransformer(func=<function reshape at 0x7f96934342c0>),passthrough,"{'first_scale': FunctionTransformer(func=<function mad_scaling_clipping_channel_trial at 0x7f9693434040>), 'frequency': FunctionTransformer(func=<function power_phase at 0x7f96933c7ba0>), 'model': HistGradientBoostingRegressor(early_stopping=True, max_iter=300,
                              n_iter_no_change=15, random_state=42,
                              scoring=None), 'model__l2_regularization': 0.001, 'model__learning_rate': 0.1, 'model__max_features': 0.1, 'model__max_leaf_nodes': 63, 'model__min_samples_leaf': 20, 'reshape': FunctionTransformer(func=<function reshape at 0x7f96934342c0>), 'second_scale': 'passthrough'}",0.06111368871635259,0.06111368871635259,0.0,2,0.9689614601642562
1,3169.0788702964783,0.0,30.330246448516846,0.0,mad_scaling_clipping_trial_time,enveloppe,HistGradientBoostingRegressor,0.0,0.1,0.1,63,20,FunctionTransformer(func=<function reshape at 0x7f96934342c0>),passthrough,"{'first_scale': FunctionTransformer(func=<function mad_scaling_clipping_trial_time at 0x7f96934340e0>), 'frequency': FunctionTransformer(func=<function enveloppe at 0x7f96933c7740>), 'model': HistGradientBoostingRegressor(early_stopping=True, max_iter=300,
                              n_iter_no_change=15, random_state=42,
                              scoring=None), 'model__l2_regularization': 0.0, 'model__learning_rate': 0.1, 'model__max_features': 0.1, 'model__max_leaf_nodes': 63, 'model__min_samples_leaf': 20, 'reshape': FunctionTransformer(func=<function reshape at 0x7f96934342c0>), 'second_scale': 'passthrough'}",0.06740549520196071,0.06740549520196071,0.0,1,0.965709327281268
0,1924.1776280403137,0.0,13.035187005996704,0.0,passthrough,real_cepstrum,HistGradientBoostingRegressor,0.0,0.1,0.05,63,20,FunctionTransformer(func=<function reshape at 0x7f96934342c0>),RobustScaler(copy=False),"{'first_scale': 'passthrough', 'frequency': FunctionTransformer(func=<function real_cepstrum at 0x7f96933c7880>), 'model': HistGradientBoostingRegressor(early_stopping=True, max_iter=300,
                              n_iter_no_change=15, random_state=42,
                              scoring=None), 'model__l2_regularization': 0.0, 'model__learning_rate': 0.1, 'model__max_features': 0.05, 'model__max_leaf_nodes': 63, 'model__min_samples_leaf': 20, 'reshape': FunctionTransformer(func=<function reshape at 0x7f96934342c0>), 'second_scale': RobustScaler(copy=False)}",0.007835478991311318,0.007835478991311318,0.0,2,0.996074555948845
1,5782.382833242416,0.0,43.20478868484497,0.0,mad_scaling_clipping_channel_trial,enveloppe,HistGradientBoostingRegressor,0.001,0.1,0.05,63,20,FunctionTransformer(func=<function reshape at 0x7f96934342c0>),RobustScaler(copy=False),"{'first_scale': FunctionTransformer(func=<function mad_scaling_clipping_channel_trial at 0x7f9693434040>), 'frequency': FunctionTransformer(func=<function enveloppe at 0x7f96933c7740>), 'model': HistGradientBoostingRegressor(early_stopping=True, max_iter=300,
                              n_iter_no_change=15, random_state=42,
                              scoring=None), 'model__l2_regularization': 0.001, 'model__learning_rate': 0.1, 'model__max_features': 0.05, 'model__max_leaf_nodes': 63, 'model__min_samples_leaf': 20, 'reshape': FunctionTransformer(func=<function reshape at 0x7f96934342c0>), 'second_scale': RobustScaler(copy=False)}",0.061208433338864165,0.061208433338864165,0.0,1,0.9689125691522098
0,3544.405583381653,0.0,20.711879014968872,0.0,passthrough,enveloppe,HistGradientBoostingRegressor,0.0,0.1,0.1,31,20,FunctionTransformer(func=<function reshape at 0x7f96934342c0>),RobustScaler(copy=False),"{'first_scale': 'passthrough', 'frequency': FunctionTransformer(func=<function enveloppe at 0x7f96933c7740>), 'model': HistGradientBoostingRegressor(early_stopping=True, max_iter=300,
                              n_iter_no_change=15, random_state=42,
                              scoring=None), 'model__l2_regularization': 0.0, 'model__learning_rate': 0.1, 'model__max_features': 0.1, 'model__max_leaf_nodes': 31, 'model__min_samples_leaf': 20, 'reshape': FunctionTransformer(func=<function reshape at 0x7f96934342c0>), 'second_scale': RobustScaler(copy=False)}",0.08478405843076764,0.08478405843076764,0.0,1,0.9566691912930155
1,1536.1433563232422,0.0,24.72811508178711,0.0,mad_scaling_clipping_trial_time,power_phase,HistGradientBoostingRegressor,0.001,0.1,0.1,31,20,FunctionTransformer(func=<function reshape at 0x7f96934342c0>),RobustScaler(copy=False),"{'first_scale': FunctionTransformer(func=<function mad_scaling_clipping_trial_time at 0x7f96934340e0>), 'frequency': FunctionTransformer(func=<function power_phase at 0x7f96933c7ba0>), 'model': HistGradientBoostingRegressor(early_stopping=True, max_iter=300,
                              n_iter_no_change=15, random_state=42,
                              scoring=None), 'model__l2_regularization': 0.001, 'model__learning_rate': 0.1, 'model__max_features': 0.1, 'model__max_leaf_nodes': 31, 'model__min_samples_leaf': 20, 'reshape': FunctionTransformer(func=<function reshape at 0x7f96934342c0>), 'second_scale': RobustScaler(copy=False)}",0.08310307688431962,0.08310307688431962,0.0,2,0.9575473477148169
0,2571.9557638168335,0.0,3.3687946796417236,0.0,passthrough,passthrough,HistGradientBoostingRegressor,0.0,0.05,0.1,31,20,FunctionTransformer(func=<function reshape at 0x7f96934342c0>),passthrough,"{'first_scale': 'passthrough', 'frequency': 'passthrough', 'model': HistGradientBoostingRegressor(early_stopping=True, max_iter=300,
                              n_iter_no_change=15, random_state=42,
                              scoring=None), 'model__l2_regularization': 0.0, 'model__learning_rate': 0.05, 'model__max_features': 0.1, 'model__max_leaf_nodes': 31, 'model__min_samples_leaf': 20, 'reshape': FunctionTransformer(func=<function reshape at 0x7f96934342c0>), 'second_scale': 'passthrough'}",0.09072678049120275,0.09072678049120275,0.0,1,0.9535581888426092
1,2321.779156923294,0.0,32.6068696975708,0.0,mad_scaling_clipping_channel_trial,real_cepstrum,HistGradientBoostingRegressor,0.001,0.05,0.1,31,20,FunctionTransformer(func=<function reshape at 0x7f96934342c0>),passthrough,"{'first_scale': FunctionTransformer(func=<function mad_scaling_clipping_channel_trial at 0x7f9693434040>), 'frequency': FunctionTransformer(func=<function real_cepstrum at 0x7f96933c7880>), 'model': HistGradientBoostingRegressor(early_stopping=True, max_iter=300,
                              n_iter_no_change=15, random_state=42,
                              scoring=None), 'model__l2_regularization': 0.001, 'model__learning_rate': 0.05, 'model__max_features': 0.1, 'model__max_leaf_nodes': 31, 'model__min_samples_leaf': 20, 'reshape': FunctionTransformer(func=<function reshape at 0x7f96934342c0>), 'second_scale': 'passthrough'}",0.011779803397471422,0.011779803397471422,0.0,2,0.9940926499087138
0,1080.7332184314728,0.0,7.203197002410889,0.0,passthrough,real_cepstrum,HistGradientBoostingRegressor,0.001,0.05,0.1,31,20,FunctionTransformer(func=<function reshape at 0x7f96934342c0>),RobustScaler(copy=False),"{'first_scale': 'passthrough', 'frequency': FunctionTransformer(func=<function real_cepstrum at 0x7f96933c7880>), 'model': HistGradientBoostingRegressor(early_stopping=True, max_iter=300,
                              n_iter_no_change=15, random_state=42,
                              scoring=None), 'model__l2_regularization': 0.001, 'model__learning_rate': 0.05, 'model__max_features': 0.1, 'model__max_leaf_nodes': 31, 'model__min_samples_leaf': 20, 'reshape': FunctionTransformer(func=<function reshape at 0x7f96934342c0>), 'second_scale': RobustScaler(copy=False)}",0.017027734358167734,0.017027734358167734,0.0,2,0.9914495779624056
1,1266.9692504405975,0.0,15.920876502990723,0.0,mad_scaling_clipping_trial_time,passthrough,HistGradientBoostingRegressor,0.0,0.05,0.1,31,20,FunctionTransformer(func=<function reshape at 0x7f96934342c0>),RobustScaler(copy=False),"{'first_scale': FunctionTransformer(func=<function mad_scaling_clipping_trial_time at 0x7f96934340e0>), 'frequency': 'passthrough', 'model': HistGradientBoostingRegressor(early_stopping=True, max_iter=300,
                              n_iter_no_change=15, random_state=42,
                              scoring=None), 'model__l2_regularization': 0.0, 'model__learning_rate': 0.05, 'model__max_features': 0.1, 'model__max_leaf_nodes': 31, 'model__min_samples_leaf': 20, 'reshape': FunctionTransformer(func=<function reshape at 0x7f96934342c0>), 'second_scale': RobustScaler(copy=False)}",0.09088838103097252,0.09088838103097252,0.0,1,0.9534734495354485
0,2960.058042049408,0.0,11.96731448173523,0.0,passthrough,power_phase,HistGradientBoostingRegressor,0.0,0.1,0.05,63,20,FunctionTransformer(func=<function reshape at 0x7f96934342c0>),passthrough,"{'first_scale': 'passthrough', 'frequency': FunctionTransformer(func=<function power_phase at 0x7f96933c7ba0>), 'model': HistGradientBoostingRegressor(early_stopping=True, max_iter=300,
                              n_iter_no_change=15, random_state=42,
                              scoring=None), 'model__l2_regularization': 0.0, 'model__learning_rate': 0.1, 'model__max_features': 0.05, 'model__max_leaf_nodes': 63, 'model__min_samples_leaf': 20, 'reshape': FunctionTransformer(func=<function reshape at 0x7f96934342c0>), 'second_scale': 'passthrough'}",0.06307341103365505,0.06307341103365505,0.0,1,0.9679496830756984
1,2865.102027654648,0.0,40.90708780288696,0.0,mad_scaling_clipping_channel_trial,complex_cepstrum,HistGradientBoostingRegressor,0.001,0.1,0.05,63,20,FunctionTransformer(func=<function reshape at 0x7f96934342c0>),passthrough,"{'first_scale': FunctionTransformer(func=<function mad_scaling_clipping_channel_trial at 0x7f9693434040>), 'frequency': FunctionTransformer(func=<function complex_cepstrum at 0x7f96933c77e0>), 'model': HistGradientBoostingRegressor(early_stopping=True, max_iter=300,
                              n_iter_no_change=15, random_state=42,
                              scoring=None), 'model__l2_regularization': 0.001, 'model__learning_rate': 0.1, 'model__max_features': 0.05, 'model__max_leaf_nodes': 63, 'model__min_samples_leaf': 20, 'reshape': FunctionTransformer(func=<function reshape at 0x7f96934342c0>), 'second_scale': 'passthrough'}",0.01378967150513033,0.01378967150513033,0.0,2,0.993081229555201
0,1057.6379191875458,0.0,11.262770891189575,0.0,passthrough,real_cepstrum,HistGradientBoostingRegressor,0.0,0.1,0.05,31,20,FunctionTransformer(func=<function reshape at 0x7f96934342c0>),passthrough,"{'first_scale': 'passthrough', 'frequency': FunctionTransformer(func=<function real_cepstrum at 0x7f96933c7880>), 'model': HistGradientBoostingRegressor(early_stopping=True, max_iter=300,
                              n_iter_no_change=15, random_state=42,
                              scoring=None), 'model__l2_regularization': 0.0, 'model__learning_rate': 0.1, 'model__max_features': 0.05, 'model__max_leaf_nodes': 31, 'model__min_samples_leaf': 20, 'reshape': FunctionTransformer(func=<function reshape at 0x7f96934342c0>), 'second_scale': 'passthrough'}",0.007886315540859612,0.007886315540859612,0.0,2,0.9960490371759517
1,2932.66552400589,0.0,41.29221963882446,0.0,mad_scaling_clipping_channel_trial,enveloppe,HistGradientBoostingRegressor,0.001,0.1,0.05,31,20,FunctionTransformer(func=<function reshape at 0x7f96934342c0>),passthrough,"{'first_scale': FunctionTransformer(func=<function mad_scaling_clipping_channel_trial at 0x7f9693434040>), 'frequency': FunctionTransformer(func=<function enveloppe at 0x7f96933c7740>), 'model': HistGradientBoostingRegressor(early_stopping=True, max_iter=300,
                              n_iter_no_change=15, random_state=42,
                              scoring=None), 'model__l2_regularization': 0.001, 'model__learning_rate': 0.1, 'model__max_features': 0.05, 'model__max_leaf_nodes': 31, 'model__min_samples_leaf': 20, 'reshape': FunctionTransformer(func=<function reshape at 0x7f96934342c0>), 'second_scale': 'passthrough'}",0.06160587716115806,0.06160587716115806,0.0,1,0.9687074495629947
0,3021.3798880577087,0.0,12.8312246799469,0.0,passthrough,real_cepstrum,HistGradientBoostingRegressor,0.0,0.05,0.2,63,20,FunctionTransformer(func=<function reshape at 0x7f96934342c0>),RobustScaler(copy=False),"{'first_scale': 'passthrough', 'frequency': FunctionTransformer(func=<function real_cepstrum at 0x7f96933c7880>), 'model': HistGradientBoostingRegressor(early_stopping=True, max_iter=300,
                              n_iter_no_change=15, random_state=42,
                              scoring=None), 'model__l2_regularization': 0.0, 'model__learning_rate': 0.05, 'model__max_features': 0.2, 'model__max_leaf_nodes': 63, 'model__min_samples_leaf': 20, 'reshape': FunctionTransformer(func=<function reshape at 0x7f96934342c0>), 'second_scale': RobustScaler(copy=False)}",0.016999173716900517,0.016999173716900517,0.0,2,0.9914639813342184
1,6590.91553401947,0.0,41.29705095291138,0.0,mad_scaling_clipping_channel_trial,enveloppe,HistGradientBoostingRegressor,0.001,0.05,0.2,63,20,FunctionTransformer(func=<function reshape at 0x7f96934342c0>),RobustScaler(copy=False),"{'first_scale': FunctionTransformer(func=<function mad_scaling_clipping_channel_trial at 0x7f9693434040>), 'frequency': FunctionTransformer(func=<function enveloppe at 0x7f96933c7740>), 'model': HistGradientBoostingRegressor(early_stopping=True, max_iter=300,
                              n_iter_no_change=15, random_state=42,
                              scoring=None), 'model__l2_regularization': 0.001, 'model__learning_rate': 0.05, 'model__max_features': 0.2, 'model__max_leaf_nodes': 63, 'model__min_samples_leaf': 20, 'reshape': FunctionTransformer(func=<function reshape at 0x7f96934342c0>), 'second_scale': RobustScaler(copy=False)}",0.07501917861404672,0.07501917861404672,0.0,1,0.961759232545211
0,2477.0239186286926,0.0,9.316402196884155,0.0,passthrough,real_cepstrum,HistGradientBoostingRegressor,0.001,0.05,0.1,63,20,FunctionTransformer(func=<function reshape at 0x7f96934342c0>),RobustScaler(copy=False),"{'first_scale': 'passthrough', 'frequency': FunctionTransformer(func=<function real_cepstrum at 0x7f96933c7880>), 'model': HistGradientBoostingRegressor(early_stopping=True, max_iter=300,
                              n_iter_no_change=15, random_state=42,
                              scoring=None), 'model__l2_regularization': 0.001, 'model__learning_rate': 0.05, 'model__max_features': 0.1, 'model__max_leaf_nodes': 63, 'model__min_samples_leaf': 20, 'reshape': FunctionTransformer(func=<function reshape at 0x7f96934342c0>), 'second_scale': RobustScaler(copy=False)}",0.013564987870583911,0.013564987870583911,0.0,2,0.9931943476124983
1,2765.2117795944214,0.0,19.35239338874817,0.0,mad_scaling_clipping_trial_time,passthrough,HistGradientBoostingRegressor,0.0,0.05,0.1,63,20,FunctionTransformer(func=<function reshape at 0x7f96934342c0>),RobustScaler(copy=False),"{'first_scale': FunctionTransformer(func=<function mad_scaling_clipping_trial_time at 0x7f96934340e0>), 'frequency': 'passthrough', 'model': HistGradientBoostingRegressor(early_stopping=True, max_iter=300,
                              n_iter_no_change=15, random_state=42,
                              scoring=None), 'model__l2_regularization': 0.0, 'model__learning_rate': 0.05, 'model__max_features': 0.1, 'model__max_leaf_nodes': 63, 'model__min_samples_leaf': 20, 'reshape': FunctionTransformer(func=<function reshape at 0x7f96934342c0>), 'second_scale': RobustScaler(copy=False)}",0.08600592397849871,0.08600592397849871,0.0,1,0.9560303740057119
0,3010.409239292145,0.0,25.320612907409668,0.0,mad_scaling_clipping_channel_trial,passthrough,HistGradientBoostingRegressor,0.001,0.1,0.05,31,20,FunctionTransformer(func=<function reshape at 0x7f96934342c0>),RobustScaler(copy=False),"{'first_scale': FunctionTransformer(func=<function mad_scaling_clipping_channel_trial at 0x7f9693434040>), 'frequency': 'passthrough', 'model': HistGradientBoostingRegressor(early_stopping=True, max_iter=300,
                              n_iter_no_change=15, random_state=42,
                              scoring=None), 'model__l2_regularization': 0.001, 'model__learning_rate': 0.1, 'model__max_features': 0.05, 'model__max_leaf_nodes': 31, 'model__min_samples_leaf': 20, 'reshape': FunctionTransformer(func=<function reshape at 0x7f96934342c0>), 'second_scale': RobustScaler(copy=False)}",0.0758038791999941,0.0758038791999941,0.0,1,0.9613511953495486
1,1663.4641616344452,0.0,41.298197746276855,0.0,mad_scaling_clipping_trial_time,complex_cepstrum,HistGradientBoostingRegressor,0.0,0.1,0.05,31,20,FunctionTransformer(func=<function reshape at 0x7f96934342c0>),RobustScaler(copy=False),"{'first_scale': FunctionTransformer(func=<function mad_scaling_clipping_trial_time at 0x7f96934340e0>), 'frequency': FunctionTransformer(func=<function complex_cepstrum at 0x7f96933c77e0>), 'model': HistGradientBoostingRegressor(early_stopping=True, max_iter=300,
                              n_iter_no_change=15, random_state=42,
                              scoring=None), 'model__l2_regularization': 0.0, 'model__learning_rate': 0.1, 'model__max_features': 0.05, 'model__max_leaf_nodes': 31, 'model__min_samples_leaf': 20, 'reshape': FunctionTransformer(func=<function reshape at 0x7f96934342c0>), 'second_scale': RobustScaler(copy=False)}",0.015490957443119124,0.015490957443119124,0.0,2,0.9922242904489291
0,3934.1224493980408,0.0,12.250989198684692,0.0,passthrough,power_phase,HistGradientBoostingRegressor,0.001,0.05,0.2,63,20,FunctionTransformer(func=<function reshape at 0x7f96934342c0>),RobustScaler(copy=False),"{'first_scale': 'passthrough', 'frequency': FunctionTransformer(func=<function power_phase at 0x7f96933c7ba0>), 'model': HistGradientBoostingRegressor(early_stopping=True, max_iter=300,
                              n_iter_no_change=15, random_state=42,
                              scoring=None), 'model__l2_regularization': 0.001, 'model__learning_rate': 0.05, 'model__max_features': 0.2, 'model__max_leaf_nodes': 63, 'model__min_samples_leaf': 20, 'reshape': FunctionTransformer(func=<function reshape at 0x7f96934342c0>), 'second_scale': RobustScaler(copy=False)}",0.08309656973605717,0.08309656973605717,0.0,1,0.9575507455294173
1,8376.294127702713,0.0,42.454777002334595,0.0,mad_scaling_clipping_channel_trial,enveloppe,HistGradientBoostingRegressor,0.0,0.05,0.2,63,20,FunctionTransformer(func=<function reshape at 0x7f96934342c0>),RobustScaler(copy=False),"{'first_scale': FunctionTransformer(func=<function mad_scaling_clipping_channel_trial at 0x7f9693434040>), 'frequency': FunctionTransformer(func=<function enveloppe at 0x7f96933c7740>), 'model': HistGradientBoostingRegressor(early_stopping=True, max_iter=300,
                              n_iter_no_change=15, random_state=42,
                              scoring=None), 'model__l2_regularization': 0.0, 'model__learning_rate': 0.05, 'model__max_features': 0.2, 'model__max_leaf_nodes': 63, 'model__min_samples_leaf': 20, 'reshape': FunctionTransformer(func=<function reshape at 0x7f96934342c0>), 'second_scale': RobustScaler(copy=False)}",0.0743295604720664,0.0743295604720664,0.0,2,0.9621176848639327
0,6648.913735866547,0.0,20.422407388687134,0.0,passthrough,enveloppe,HistGradientBoostingRegressor,0.0,0.05,0.1,63,20,FunctionTransformer(func=<function reshape at 0x7f96934342c0>),passthrough,"{'first_scale': 'passthrough', 'frequency': FunctionTransformer(func=<function enveloppe at 0x7f96933c7740>), 'model': HistGradientBoostingRegressor(early_stopping=True, max_iter=300,
                              n_iter_no_change=15, random_state=42,
                              scoring=None), 'model__l2_regularization': 0.0, 'model__learning_rate': 0.05, 'model__max_features': 0.1, 'model__max_leaf_nodes': 63, 'model__min_samples_leaf': 20, 'reshape': FunctionTransformer(func=<function reshape at 0x7f96934342c0>), 'second_scale': 'passthrough'}",0.09127798621523542,0.09127798621523542,0.0,1,0.9532691192862405
1,3062.0879878997803,0.0,27.73060917854309,0.0,mad_scaling_clipping_trial_time,power_phase,HistGradientBoostingRegressor,0.001,0.05,0.1,63,20,FunctionTransformer(func=<function reshape at 0x7f96934342c0>),passthrough,"{'first_scale': FunctionTransformer(func=<function mad_scaling_clipping_trial_time at 0x7f96934340e0>), 'frequency': FunctionTransformer(func=<function power_phase at 0x7f96933c7ba0>), 'model': HistGradientBoostingRegressor(early_stopping=True, max_iter=300,
                              n_iter_no_change=15, random_state=42,
                              scoring=None), 'model__l2_regularization': 0.001, 'model__learning_rate': 0.05, 'model__max_features': 0.1, 'model__max_leaf_nodes': 63, 'model__min_samples_leaf': 20, 'reshape': FunctionTransformer(func=<function reshape at 0x7f96934342c0>), 'second_scale': 'passthrough'}",0.08783596949841477,0.08783596949841477,0.0,2,0.9550727880646507
0,3479.6634995937347,0.0,4.69124960899353,0.0,passthrough,passthrough,HistGradientBoostingRegressor,0.001,0.1,0.05,63,20,FunctionTransformer(func=<function reshape at 0x7f96934342c0>),RobustScaler(copy=False),"{'first_scale': 'passthrough', 'frequency': 'passthrough', 'model': HistGradientBoostingRegressor(early_stopping=True, max_iter=300,
                              n_iter_no_change=15, random_state=42,
                              scoring=None), 'model__l2_regularization': 0.001, 'model__learning_rate': 0.1, 'model__max_features': 0.05, 'model__max_leaf_nodes': 63, 'model__min_samples_leaf': 20, 'reshape': FunctionTransformer(func=<function reshape at 0x7f96934342c0>), 'second_scale': RobustScaler(copy=False)}",0.0789927018720068,0.0789927018720068,0.0,1,0.9596912514595479
1,3268.6936070919037,0.0,42.40336608886719,0.0,mad_scaling_clipping_channel_trial,complex_cepstrum,HistGradientBoostingRegressor,0.0,0.1,0.05,63,20,FunctionTransformer(func=<function reshape at 0x7f96934342c0>),RobustScaler(copy=False),"{'first_scale': FunctionTransformer(func=<function mad_scaling_clipping_channel_trial at 0x7f9693434040>), 'frequency': FunctionTransformer(func=<function complex_cepstrum at 0x7f96933c77e0>), 'model': HistGradientBoostingRegressor(early_stopping=True, max_iter=300,
                              n_iter_no_change=15, random_state=42,
                              scoring=None), 'model__l2_regularization': 0.0, 'model__learning_rate': 0.1, 'model__max_features': 0.05, 'model__max_leaf_nodes': 63, 'model__min_samples_leaf': 20, 'reshape': FunctionTransformer(func=<function reshape at 0x7f96934342c0>), 'second_scale': RobustScaler(copy=False)}",0.018337543329004613,0.018337543329004613,0.0,2,0.990788805281426
0,2484.5312933921814,0.0,21.562686681747437,0.0,passthrough,complex_cepstrum,HistGradientBoostingRegressor,0.001,0.05,0.05,31,20,FunctionTransformer(func=<function reshape at 0x7f96934342c0>),RobustScaler(copy=False),"{'first_scale': 'passthrough', 'frequency': FunctionTransformer(func=<function complex_cepstrum at 0x7f96933c77e0>), 'model': HistGradientBoostingRegressor(early_stopping=True, max_iter=300,
                              n_iter_no_change=15, random_state=42,
                              scoring=None), 'model__l2_regularization': 0.001, 'model__learning_rate': 0.05, 'model__max_features': 0.05, 'model__max_leaf_nodes': 31, 'model__min_samples_leaf': 20, 'reshape': FunctionTransformer(func=<function reshape at 0x7f96934342c0>), 'second_scale': RobustScaler(copy=False)}",0.03610760920599054,0.03610760920599054,0.0,2,0.9817802151164025
1,2595.887142896652,0.0,31.865665435791016,0.0,mad_scaling_clipping_trial_time,power_phase,HistGradientBoostingRegressor,0.0,0.05,0.05,31,20,FunctionTransformer(func=<function reshape at 0x7f96934342c0>),RobustScaler(copy=False),"{'first_scale': FunctionTransformer(func=<function mad_scaling_clipping_trial_time at 0x7f96934340e0>), 'frequency': FunctionTransformer(func=<function power_phase at 0x7f96933c7ba0>), 'model': HistGradientBoostingRegressor(early_stopping=True, max_iter=300,
                              n_iter_no_change=15, random_state=42,
                              scoring=None), 'model__l2_regularization': 0.0, 'model__learning_rate': 0.05, 'model__max_features': 0.05, 'model__max_leaf_nodes': 31, 'model__min_samples_leaf': 20, 'reshape': FunctionTransformer(func=<function reshape at 0x7f96934342c0>), 'second_scale': RobustScaler(copy=False)}",0.08987363985584074,0.08987363985584074,0.0,1,0.9540054298294949
0,1187.970228433609,0.0,36.021538496017456,0.0,mad_scaling_clipping_channel_trial,real_cepstrum,HistGradientBoostingRegressor,0.0,0.1,0.1,63,20,FunctionTransformer(func=<function reshape at 0x7f96934342c0>),passthrough,"{'first_scale': FunctionTransformer(func=<function mad_scaling_clipping_channel_trial at 0x7f9693434040>), 'frequency': FunctionTransformer(func=<function real_cepstrum at 0x7f96933c7880>), 'model': HistGradientBoostingRegressor(early_stopping=True, max_iter=300,
                              n_iter_no_change=15, random_state=42,
                              scoring=None), 'model__l2_regularization': 0.0, 'model__learning_rate': 0.1, 'model__max_features': 0.1, 'model__max_leaf_nodes': 63, 'model__min_samples_leaf': 20, 'reshape': FunctionTransformer(func=<function reshape at 0x7f96934342c0>), 'second_scale': 'passthrough'}",0.008025511397844132,0.008025511397844132,0.0,2,0.9959791607268477
1,6905.438949108124,0.0,54.5630259513855,0.0,mad_scaling_clipping_trial_time,enveloppe,HistGradientBoostingRegressor,0.001,0.1,0.1,63,20,FunctionTransformer(func=<function reshape at 0x7f96934342c0>),passthrough,"{'first_scale': FunctionTransformer(func=<function mad_scaling_clipping_trial_time at 0x7f96934340e0>), 'frequency': FunctionTransformer(func=<function enveloppe at 0x7f96933c7740>), 'model': HistGradientBoostingRegressor(early_stopping=True, max_iter=300,
                              n_iter_no_change=15, random_state=42,
                              scoring=None), 'model__l2_regularization': 0.001, 'model__learning_rate': 0.1, 'model__max_features': 0.1, 'model__max_leaf_nodes': 63, 'model__min_samples_leaf': 20, 'reshape': FunctionTransformer(func=<function reshape at 0x7f96934342c0>), 'second_scale': 'passthrough'}",0.06685577666352038,0.06685577666352038,0.0,1,0.9659939043992356
0,2356.4082927703857,0.0,17.00213050842285,0.0,passthrough,complex_cepstrum,HistGradientBoostingRegressor,0.0,0.05,0.05,63,20,FunctionTransformer(func=<function reshape at 0x7f96934342c0>),passthrough,"{'first_scale': 'passthrough', 'frequency': FunctionTransformer(func=<function complex_cepstrum at 0x7f96933c77e0>), 'model': HistGradientBoostingRegressor(early_stopping=True, max_iter=300,
                              n_iter_no_change=15, random_state=42,
                              scoring=None), 'model__l2_regularization': 0.0, 'model__learning_rate': 0.05, 'model__max_features': 0.05, 'model__max_leaf_nodes': 63, 'model__min_samples_leaf': 20, 'reshape': FunctionTransformer(func=<function reshape at 0x7f96934342c0>), 'second_scale': 'passthrough'}",0.034496279032035115,0.034496279032035115,0.0,2,0.9826004889923294
1,2419.375197172165,0.0,18.616896390914917,0.0,mad_scaling_clipping_trial_time,passthrough,HistGradientBoostingRegressor,0.001,0.05,0.05,63,20,FunctionTransformer(func=<function reshape at 0x7f96934342c0>),passthrough,"{'first_scale': FunctionTransformer(func=<function mad_scaling_clipping_trial_time at 0x7f96934340e0>), 'frequency': 'passthrough', 'model': HistGradientBoostingRegressor(early_stopping=True, max_iter=300,
                              n_iter_no_change=15, random_state=42,
                              scoring=None), 'model__l2_regularization': 0.001, 'model__learning_rate': 0.05, 'model__max_features': 0.05, 'model__max_leaf_nodes': 63, 'model__min_samples_leaf': 20, 'reshape': FunctionTransformer(func=<function reshape at 0x7f96934342c0>), 'second_scale': 'passthrough'}",0.08957058265624207,0.08957058265624207,0.0,1,0.95416425071565
0,2251.5832002162933,0.0,24.70232582092285,0.0,mad_scaling_clipping_channel_trial,passthrough,HistGradientBoostingRegressor,0.0,0.1,0.2,31,20,FunctionTransformer(func=<function reshape at 0x7f96934342c0>),RobustScaler(copy=False),"{'first_scale': FunctionTransformer(func=<function mad_scaling_clipping_channel_trial at 0x7f9693434040>), 'frequency': 'passthrough', 'model': HistGradientBoostingRegressor(early_stopping=True, max_iter=300,
                              n_iter_no_change=15, random_state=42,
                              scoring=None), 'model__l2_regularization': 0.0, 'model__learning_rate': 0.1, 'model__max_features': 0.2, 'model__max_leaf_nodes': 31, 'model__min_samples_leaf': 20, 'reshape': FunctionTransformer(func=<function reshape at 0x7f96934342c0>), 'second_scale': RobustScaler(copy=False)}",0.080257520574746,0.080257520574746,0.0,1,0.9590320533878177
1,1512.0590977668762,0.0,34.756465435028076,0.0,mad_scaling_clipping_trial_time,real_cepstrum,HistGradientBoostingRegressor,0.001,0.1,0.2,31,20,FunctionTransformer(func=<function reshape at 0x7f96934342c0>),RobustScaler(copy=False),"{'first_scale': FunctionTransformer(func=<function mad_scaling_clipping_trial_time at 0x7f96934340e0>), 'frequency': FunctionTransformer(func=<function real_cepstrum at 0x7f96933c7880>), 'model': HistGradientBoostingRegressor(early_stopping=True, max_iter=300,
                              n_iter_no_change=15, random_state=42,
                              scoring=None), 'model__l2_regularization': 0.001, 'model__learning_rate': 0.1, 'model__max_features': 0.2, 'model__max_leaf_nodes': 31, 'model__min_samples_leaf': 20, 'reshape': FunctionTransformer(func=<function reshape at 0x7f96934342c0>), 'second_scale': RobustScaler(copy=False)}",0.00712292001077075,0.00712292001077075,0.0,2,0.9964321753080986
0,2412.7951793670654,0.0,23.228808879852295,0.0,mad_scaling_clipping_channel_trial,passthrough,HistGradientBoostingRegressor,0.001,0.1,0.1,31,20,FunctionTransformer(func=<function reshape at 0x7f96934342c0>),RobustScaler(copy=False),"{'first_scale': FunctionTransformer(func=<function mad_scaling_clipping_channel_trial at 0x7f9693434040>), 'frequency': 'passthrough', 'model': HistGradientBoostingRegressor(early_stopping=True, max_iter=300,
                              n_iter_no_change=15, random_state=42,
                              scoring=None), 'model__l2_regularization': 0.001, 'model__learning_rate': 0.1, 'model__max_features': 0.1, 'model__max_leaf_nodes': 31, 'model__min_samples_leaf': 20, 'reshape': FunctionTransformer(func=<function reshape at 0x7f96934342c0>), 'second_scale': RobustScaler(copy=False)}",0.07886384802018453,0.07886384802018453,0.0,1,0.9597583820836447
1,1568.432748556137,0.0,42.32310628890991,0.0,mad_scaling_clipping_trial_time,complex_cepstrum,HistGradientBoostingRegressor,0.0,0.1,0.1,31,20,FunctionTransformer(func=<function reshape at 0x7f96934342c0>),RobustScaler(copy=False),"{'first_scale': FunctionTransformer(func=<function mad_scaling_clipping_trial_time at 0x7f96934340e0>), 'frequency': FunctionTransformer(func=<function complex_cepstrum at 0x7f96933c77e0>), 'model': HistGradientBoostingRegressor(early_stopping=True, max_iter=300,
                              n_iter_no_change=15, random_state=42,
                              scoring=None), 'model__l2_regularization': 0.0, 'model__learning_rate': 0.1, 'model__max_features': 0.1, 'model__max_leaf_nodes': 31, 'model__min_samples_leaf': 20, 'reshape': FunctionTransformer(func=<function reshape at 0x7f96934342c0>), 'second_scale': RobustScaler(copy=False)}",0.014178649594365766,0.014178649594365766,0.0,2,0.9928853661957328
0,1931.5958528518677,0.0,25.822850942611694,0.0,mad_scaling_clipping_channel_trial,power_phase,HistGradientBoostingRegressor,0.0,0.1,0.1,63,20,FunctionTransformer(func=<function reshape at 0x7f96934342c0>),passthrough,"{'first_scale': FunctionTransformer(func=<function mad_scaling_clipping_channel_trial at 0x7f9693434040>), 'frequency': FunctionTransformer(func=<function power_phase at 0x7f96933c7ba0>), 'model': HistGradientBoostingRegressor(early_stopping=True, max_iter=300,
                              n_iter_no_change=15, random_state=42,
                              scoring=None), 'model__l2_regularization': 0.0, 'model__learning_rate': 0.1, 'model__max_features': 0.1, 'model__max_leaf_nodes': 63, 'model__min_samples_leaf': 20, 'reshape': FunctionTransformer(func=<function reshape at 0x7f96934342c0>), 'second_scale': 'passthrough'}",0.05974811242592715,0.05974811242592715,0.0,1,0.9696658638799619
1,1501.5398404598236,0.0,37.42836618423462,0.0,mad_scaling_clipping_trial_time,complex_cepstrum,HistGradientBoostingRegressor,0.001,0.1,0.1,63,20,FunctionTransformer(func=<function reshape at 0x7f96934342c0>),passthrough,"{'first_scale': FunctionTransformer(func=<function mad_scaling_clipping_trial_time at 0x7f96934340e0>), 'frequency': FunctionTransformer(func=<function complex_cepstrum at 0x7f96933c77e0>), 'model': HistGradientBoostingRegressor(early_stopping=True, max_iter=300,
                              n_iter_no_change=15, random_state=42,
                              scoring=None), 'model__l2_regularization': 0.001, 'model__learning_rate': 0.1, 'model__max_features': 0.1, 'model__max_leaf_nodes': 63, 'model__min_samples_leaf': 20, 'reshape': FunctionTransformer(func=<function reshape at 0x7f96934342c0>), 'second_scale': 'passthrough'}",0.007019804146086606,0.007019804146086606,0.0,2,0.9964839165053861
0,1533.7031104564667,0.0,11.769348859786987,0.0,passthrough,real_cepstrum,HistGradientBoostingRegressor,0.001,0.1,0.2,63,20,FunctionTransformer(func=<function reshape at 0x7f96934342c0>),passthrough,"{'first_scale': 'passthrough', 'frequency': FunctionTransformer(func=<function real_cepstrum at 0x7f96933c7880>), 'model': HistGradientBoostingRegressor(early_stopping=True, max_iter=300,
                              n_iter_no_change=15, random_state=42,
                              scoring=None), 'model__l2_regularization': 0.001, 'model__learning_rate': 0.1, 'model__max_features': 0.2, 'model__max_leaf_nodes': 63, 'model__min_samples_leaf': 20, 'reshape': FunctionTransformer(func=<function reshape at 0x7f96934342c0>), 'second_scale': 'passthrough'}",0.005486757214937854,0.005486757214937854,0.0,2,0.9972528479703942
1,2776.655818462372,0.0,23.324559450149536,0.0,mad_scaling_clipping_trial_time,passthrough,HistGradientBoostingRegressor,0.0,0.1,0.2,63,20,FunctionTransformer(func=<function reshape at 0x7f96934342c0>),passthrough,"{'first_scale': FunctionTransformer(func=<function mad_scaling_clipping_trial_time at 0x7f96934340e0>), 'frequency': 'passthrough', 'model': HistGradientBoostingRegressor(early_stopping=True, max_iter=300,
                              n_iter_no_change=15, random_state=42,
                              scoring=None), 'model__l2_regularization': 0.0, 'model__learning_rate': 0.1, 'model__max_features': 0.2, 'model__max_leaf_nodes': 63, 'model__min_samples_leaf': 20, 'reshape': FunctionTransformer(func=<function reshape at 0x7f96934342c0>), 'second_scale': 'passthrough'}",0.07636112723952193,0.07636112723952193,0.0,1,0.9610613262224623
0,2332.9406638145447,0.0,25.516725301742554,0.0,mad_scaling_clipping_channel_trial,power_phase,HistGradientBoostingRegressor,0.001,0.1,0.2,63,20,FunctionTransformer(func=<function reshape at 0x7f96934342c0>),RobustScaler(copy=False),"{'first_scale': FunctionTransformer(func=<function mad_scaling_clipping_channel_trial at 0x7f9693434040>), 'frequency': FunctionTransformer(func=<function power_phase at 0x7f96933c7ba0>), 'model': HistGradientBoostingRegressor(early_stopping=True, max_iter=300,
                              n_iter_no_change=15, random_state=42,
                              scoring=None), 'model__l2_regularization': 0.001, 'model__learning_rate': 0.1, 'model__max_features': 0.2, 'model__max_leaf_nodes': 63, 'model__min_samples_leaf': 20, 'reshape': FunctionTransformer(func=<function reshape at 0x7f96934342c0>), 'second_scale': RobustScaler(copy=False)}",0.05727488610202347,0.05727488610202347,0.0,2,0.9709403245812672
1,5548.136920452118,0.0,41.23179793357849,0.0,mad_scaling_clipping_trial_time,enveloppe,HistGradientBoostingRegressor,0.0,0.1,0.2,63,20,FunctionTransformer(func=<function reshape at 0x7f96934342c0>),RobustScaler(copy=False),"{'first_scale': FunctionTransformer(func=<function mad_scaling_clipping_trial_time at 0x7f96934340e0>), 'frequency': FunctionTransformer(func=<function enveloppe at 0x7f96933c7740>), 'model': HistGradientBoostingRegressor(early_stopping=True, max_iter=300,
                              n_iter_no_change=15, random_state=42,
                              scoring=None), 'model__l2_regularization': 0.0, 'model__learning_rate': 0.1, 'model__max_features': 0.2, 'model__max_leaf_nodes': 63, 'model__min_samples_leaf': 20, 'reshape': FunctionTransformer(func=<function reshape at 0x7f96934342c0>), 'second_scale': RobustScaler(copy=False)}",0.07300356997447932,0.07300356997447932,0.0,1,0.9628065382129063
0,4355.552466869354,0.0,20.463722467422485,0.0,passthrough,enveloppe,HistGradientBoostingRegressor,0.0,0.1,0.1,63,20,FunctionTransformer(func=<function reshape at 0x7f96934342c0>),passthrough,"{'first_scale': 'passthrough', 'frequency': FunctionTransformer(func=<function enveloppe at 0x7f96933c7740>), 'model': HistGradientBoostingRegressor(early_stopping=True, max_iter=300,
                              n_iter_no_change=15, random_state=42,
                              scoring=None), 'model__l2_regularization': 0.0, 'model__learning_rate': 0.1, 'model__max_features': 0.1, 'model__max_leaf_nodes': 63, 'model__min_samples_leaf': 20, 'reshape': FunctionTransformer(func=<function reshape at 0x7f96934342c0>), 'second_scale': 'passthrough'}",0.07650492385261021,0.07650492385261021,0.0,1,0.9609865119487316
1,1627.845465183258,0.0,24.898296356201172,0.0,mad_scaling_clipping_trial_time,power_phase,HistGradientBoostingRegressor,0.001,0.1,0.1,63,20,FunctionTransformer(func=<function reshape at 0x7f96934342c0>),passthrough,"{'first_scale': FunctionTransformer(func=<function mad_scaling_clipping_trial_time at 0x7f96934340e0>), 'frequency': FunctionTransformer(func=<function power_phase at 0x7f96933c7ba0>), 'model': HistGradientBoostingRegressor(early_stopping=True, max_iter=300,
                              n_iter_no_change=15, random_state=42,
                              scoring=None), 'model__l2_regularization': 0.001, 'model__learning_rate': 0.1, 'model__max_features': 0.1, 'model__max_leaf_nodes': 63, 'model__min_samples_leaf': 20, 'reshape': FunctionTransformer(func=<function reshape at 0x7f96934342c0>), 'second_scale': 'passthrough'}",0.07569397137425649,0.07569397137425649,0.0,2,0.9614083568524582
0,936.6369979381561,0.0,8.509102821350098,0.0,passthrough,real_cepstrum,HistGradientBoostingRegressor,0.001,0.1,0.1,31,20,FunctionTransformer(func=<function reshape at 0x7f96934342c0>),RobustScaler(copy=False),"{'first_scale': 'passthrough', 'frequency': FunctionTransformer(func=<function real_cepstrum at 0x7f96933c7880>), 'model': HistGradientBoostingRegressor(early_stopping=True, max_iter=300,
                              n_iter_no_change=15, random_state=42,
                              scoring=None), 'model__l2_regularization': 0.001, 'model__learning_rate': 0.1, 'model__max_features': 0.1, 'model__max_leaf_nodes': 31, 'model__min_samples_leaf': 20, 'reshape': FunctionTransformer(func=<function reshape at 0x7f96934342c0>), 'second_scale': RobustScaler(copy=False)}",0.013196831763932826,0.013196831763932826,0.0,2,0.9933796697316023
1,1572.1205027103424,0.0,19.11214828491211,0.0,mad_scaling_clipping_trial_time,passthrough,HistGradientBoostingRegressor,0.0,0.1,0.1,31,20,FunctionTransformer(func=<function reshape at 0x7f96934342c0>),RobustScaler(copy=False),"{'first_scale': FunctionTransformer(func=<function mad_scaling_clipping_trial_time at 0x7f96934340e0>), 'frequency': 'passthrough', 'model': HistGradientBoostingRegressor(early_stopping=True, max_iter=300,
                              n_iter_no_change=15, random_state=42,
                              scoring=None), 'model__l2_regularization': 0.0, 'model__learning_rate': 0.1, 'model__max_features': 0.1, 'model__max_leaf_nodes': 31, 'model__min_samples_leaf': 20, 'reshape': FunctionTransformer(func=<function reshape at 0x7f96934342c0>), 'second_scale': RobustScaler(copy=False)}",0.07678168652426975,0.07678168652426975,0.0,1,0.9608425019095118
0,2208.872389316559,0.0,37.2696213722229,0.0,mad_scaling_clipping_channel_trial,real_cepstrum,HistGradientBoostingRegressor,0.0,0.05,0.05,31,20,FunctionTransformer(func=<function reshape at 0x7f96934342c0>),passthrough,"{'first_scale': FunctionTransformer(func=<function mad_scaling_clipping_channel_trial at 0x7f9693434040>), 'frequency': FunctionTransformer(func=<function real_cepstrum at 0x7f96933c7880>), 'model': HistGradientBoostingRegressor(early_stopping=True, max_iter=300,
                              n_iter_no_change=15, random_state=42,
                              scoring=None), 'model__l2_regularization': 0.0, 'model__learning_rate': 0.05, 'model__max_features': 0.05, 'model__max_leaf_nodes': 31, 'model__min_samples_leaf': 20, 'reshape': FunctionTransformer(func=<function reshape at 0x7f96934342c0>), 'second_scale': 'passthrough'}",0.013335705173381784,0.013335705173381784,0.0,2,0.9933097678099306
1,4524.984826564789,0.0,47.654061794281006,0.0,mad_scaling_clipping_trial_time,enveloppe,HistGradientBoostingRegressor,0.001,0.05,0.05,31,20,FunctionTransformer(func=<function reshape at 0x7f96934342c0>),passthrough,"{'first_scale': FunctionTransformer(func=<function mad_scaling_clipping_trial_time at 0x7f96934340e0>), 'frequency': FunctionTransformer(func=<function enveloppe at 0x7f96933c7740>), 'model': HistGradientBoostingRegressor(early_stopping=True, max_iter=300,
                              n_iter_no_change=15, random_state=42,
                              scoring=None), 'model__l2_regularization': 0.001, 'model__learning_rate': 0.05, 'model__max_features': 0.05, 'model__max_leaf_nodes': 31, 'model__min_samples_leaf': 20, 'reshape': FunctionTransformer(func=<function reshape at 0x7f96934342c0>), 'second_scale': 'passthrough'}",0.08817111628890673,0.08817111628890673,0.0,1,0.9548973157942655
0,1825.6797416210175,0.0,23.432863473892212,0.0,mad_scaling_clipping_channel_trial,real_cepstrum,HistGradientBoostingRegressor,0.0,0.05,0.05,31,20,FunctionTransformer(func=<function reshape at 0x7f96934342c0>),RobustScaler(copy=False),"{'first_scale': FunctionTransformer(func=<function mad_scaling_clipping_channel_trial at 0x7f9693434040>), 'frequency': FunctionTransformer(func=<function real_cepstrum at 0x7f96933c7880>), 'model': HistGradientBoostingRegressor(early_stopping=True, max_iter=300,
                              n_iter_no_change=15, random_state=42,
                              scoring=None), 'model__l2_regularization': 0.0, 'model__learning_rate': 0.05, 'model__max_features': 0.05, 'model__max_leaf_nodes': 31, 'model__min_samples_leaf': 20, 'reshape': FunctionTransformer(func=<function reshape at 0x7f96934342c0>), 'second_scale': RobustScaler(copy=False)}",0.012971576043876554,0.012971576043876554,0.0,2,0.9934930417250658
1,3913.0144515037537,0.0,37.34394955635071,0.0,mad_scaling_clipping_trial_time,enveloppe,HistGradientBoostingRegressor,0.001,0.05,0.05,31,20,FunctionTransformer(func=<function reshape at 0x7f96934342c0>),RobustScaler(copy=False),"{'first_scale': FunctionTransformer(func=<function mad_scaling_clipping_trial_time at 0x7f96934340e0>), 'frequency': FunctionTransformer(func=<function enveloppe at 0x7f96933c7740>), 'model': HistGradientBoostingRegressor(early_stopping=True, max_iter=300,
                              n_iter_no_change=15, random_state=42,
                              scoring=None), 'model__l2_regularization': 0.001, 'model__learning_rate': 0.05, 'model__max_features': 0.05, 'model__max_leaf_nodes': 31, 'model__min_samples_leaf': 20, 'reshape': FunctionTransformer(func=<function reshape at 0x7f96934342c0>), 'second_scale': RobustScaler(copy=False)}",0.09073888854158851,0.09073888854158851,0.0,1,0.9535518399428589
0,1901.4990484714508,0.0,2.961500644683838,0.0,passthrough,passthrough,HistGradientBoostingRegressor,0.0,0.1,0.2,31,20,FunctionTransformer(func=<function reshape at 0x7f96934342c0>),RobustScaler(copy=False),"{'first_scale': 'passthrough', 'frequency': 'passthrough', 'model': HistGradientBoostingRegressor(early_stopping=True, max_iter=300,
                              n_iter_no_change=15, random_state=42,
                              scoring=None), 'model__l2_regularization': 0.0, 'model__learning_rate': 0.1, 'model__max_features': 0.2, 'model__max_leaf_nodes': 31, 'model__min_samples_leaf': 20, 'reshape': FunctionTransformer(func=<function reshape at 0x7f96934342c0>), 'second_scale': RobustScaler(copy=False)}",0.08111758404525937,0.08111758404525937,0.0,1,0.9585835466743317
1,1159.7666177749634,0.0,21.99226427078247,0.0,mad_scaling_clipping_channel_trial,real_cepstrum,HistGradientBoostingRegressor,0.001,0.1,0.2,31,20,FunctionTransformer(func=<function reshape at 0x7f96934342c0>),RobustScaler(copy=False),"{'first_scale': FunctionTransformer(func=<function mad_scaling_clipping_channel_trial at 0x7f9693434040>), 'frequency': FunctionTransformer(func=<function real_cepstrum at 0x7f96933c7880>), 'model': HistGradientBoostingRegressor(early_stopping=True, max_iter=300,
                              n_iter_no_change=15, random_state=42,
                              scoring=None), 'model__l2_regularization': 0.001, 'model__learning_rate': 0.1, 'model__max_features': 0.2, 'model__max_leaf_nodes': 31, 'model__min_samples_leaf': 20, 'reshape': FunctionTransformer(func=<function reshape at 0x7f96934342c0>), 'second_scale': RobustScaler(copy=False)}",0.007817798281587796,0.007817798281587796,0.0,2,0.9960834311032446
0,3206.785705089569,0.0,13.091493129730225,0.0,passthrough,real_cepstrum,HistGradientBoostingRegressor,0.0,0.05,0.05,63,20,FunctionTransformer(func=<function reshape at 0x7f96934342c0>),passthrough,"{'first_scale': 'passthrough', 'frequency': FunctionTransformer(func=<function real_cepstrum at 0x7f96933c7880>), 'model': HistGradientBoostingRegressor(early_stopping=True, max_iter=300,
                              n_iter_no_change=15, random_state=42,
                              scoring=None), 'model__l2_regularization': 0.0, 'model__learning_rate': 0.05, 'model__max_features': 0.05, 'model__max_leaf_nodes': 63, 'model__min_samples_leaf': 20, 'reshape': FunctionTransformer(func=<function reshape at 0x7f96934342c0>), 'second_scale': 'passthrough'}",0.012542257649960087,0.012542257649960087,0.0,2,0.9937090833589275
1,7434.200730085373,0.0,47.009692430496216,0.0,mad_scaling_clipping_channel_trial,enveloppe,HistGradientBoostingRegressor,0.001,0.05,0.05,63,20,FunctionTransformer(func=<function reshape at 0x7f96934342c0>),passthrough,"{'first_scale': FunctionTransformer(func=<function mad_scaling_clipping_channel_trial at 0x7f9693434040>), 'frequency': FunctionTransformer(func=<function enveloppe at 0x7f96933c7740>), 'model': HistGradientBoostingRegressor(early_stopping=True, max_iter=300,
                              n_iter_no_change=15, random_state=42,
                              scoring=None), 'model__l2_regularization': 0.001, 'model__learning_rate': 0.05, 'model__max_features': 0.05, 'model__max_leaf_nodes': 63, 'model__min_samples_leaf': 20, 'reshape': FunctionTransformer(func=<function reshape at 0x7f96934342c0>), 'second_scale': 'passthrough'}",0.07285850726140897,0.07285850726140897,0.0,1,0.9628818685272825
0,4473.700358629227,0.0,19.17746114730835,0.0,passthrough,enveloppe,HistGradientBoostingRegressor,0.0,0.05,0.05,63,20,FunctionTransformer(func=<function reshape at 0x7f96934342c0>),passthrough,"{'first_scale': 'passthrough', 'frequency': FunctionTransformer(func=<function enveloppe at 0x7f96933c7740>), 'model': HistGradientBoostingRegressor(early_stopping=True, max_iter=300,
                              n_iter_no_change=15, random_state=42,
                              scoring=None), 'model__l2_regularization': 0.0, 'model__learning_rate': 0.05, 'model__max_features': 0.05, 'model__max_leaf_nodes': 63, 'model__min_samples_leaf': 20, 'reshape': FunctionTransformer(func=<function reshape at 0x7f96934342c0>), 'second_scale': 'passthrough'}",0.09145100288054508,0.09145100288054508,0.0,1,0.9531783658473659
1,2258.5661191940308,0.0,25.505841493606567,0.0,mad_scaling_clipping_trial_time,power_phase,HistGradientBoostingRegressor,0.001,0.05,0.05,63,20,FunctionTransformer(func=<function reshape at 0x7f96934342c0>),passthrough,"{'first_scale': FunctionTransformer(func=<function mad_scaling_clipping_trial_time at 0x7f96934340e0>), 'frequency': FunctionTransformer(func=<function power_phase at 0x7f96933c7ba0>), 'model': HistGradientBoostingRegressor(early_stopping=True, max_iter=300,
                              n_iter_no_change=15, random_state=42,
                              scoring=None), 'model__l2_regularization': 0.001, 'model__learning_rate': 0.05, 'model__max_features': 0.05, 'model__max_leaf_nodes': 63, 'model__min_samples_leaf': 20, 'reshape': FunctionTransformer(func=<function reshape at 0x7f96934342c0>), 'second_scale': 'passthrough'}",0.08543700535083731,0.08543700535083731,0.0,2,0.956327869848601
0,3410.679310798645,0.0,22.489978313446045,0.0,mad_scaling_clipping_channel_trial,passthrough,HistGradientBoostingRegressor,0.001,0.1,0.2,63,20,FunctionTransformer(func=<function reshape at 0x7f96934342c0>),passthrough,"{'first_scale': FunctionTransformer(func=<function mad_scaling_clipping_channel_trial at 0x7f9693434040>), 'frequency': 'passthrough', 'model': HistGradientBoostingRegressor(early_stopping=True, max_iter=300,
                              n_iter_no_change=15, random_state=42,
                              scoring=None), 'model__l2_regularization': 0.001, 'model__learning_rate': 0.1, 'model__max_features': 0.2, 'model__max_leaf_nodes': 63, 'model__min_samples_leaf': 20, 'reshape': FunctionTransformer(func=<function reshape at 0x7f96934342c0>), 'second_scale': 'passthrough'}",0.07894400159043391,0.07894400159043391,0.0,1,0.9597166240143837
1,1529.1317884922028,0.0,40.3941924571991,0.0,mad_scaling_clipping_trial_time,complex_cepstrum,HistGradientBoostingRegressor,0.0,0.1,0.2,63,20,FunctionTransformer(func=<function reshape at 0x7f96934342c0>),passthrough,"{'first_scale': FunctionTransformer(func=<function mad_scaling_clipping_trial_time at 0x7f96934340e0>), 'frequency': FunctionTransformer(func=<function complex_cepstrum at 0x7f96933c77e0>), 'model': HistGradientBoostingRegressor(early_stopping=True, max_iter=300,
                              n_iter_no_change=15, random_state=42,
                              scoring=None), 'model__l2_regularization': 0.0, 'model__learning_rate': 0.1, 'model__max_features': 0.2, 'model__max_leaf_nodes': 63, 'model__min_samples_leaf': 20, 'reshape': FunctionTransformer(func=<function reshape at 0x7f96934342c0>), 'second_scale': 'passthrough'}",0.009481971271944722,0.009481971271944722,0.0,2,0.9952477222923222
0,3691.96529173851,0.0,4.644082069396973,0.0,passthrough,passthrough,HistGradientBoostingRegressor,0.001,0.05,0.2,63,20,FunctionTransformer(func=<function reshape at 0x7f96934342c0>),RobustScaler(copy=False),"{'first_scale': 'passthrough', 'frequency': 'passthrough', 'model': HistGradientBoostingRegressor(early_stopping=True, max_iter=300,
                              n_iter_no_change=15, random_state=42,
                              scoring=None), 'model__l2_regularization': 0.001, 'model__learning_rate': 0.05, 'model__max_features': 0.2, 'model__max_leaf_nodes': 63, 'model__min_samples_leaf': 20, 'reshape': FunctionTransformer(func=<function reshape at 0x7f96934342c0>), 'second_scale': RobustScaler(copy=False)}",0.09296812249636932,0.09296812249636932,0.0,1,0.9523822118790495
1,3858.736817598343,0.0,43.526246309280396,0.0,mad_scaling_clipping_channel_trial,complex_cepstrum,HistGradientBoostingRegressor,0.0,0.05,0.2,63,20,FunctionTransformer(func=<function reshape at 0x7f96934342c0>),RobustScaler(copy=False),"{'first_scale': FunctionTransformer(func=<function mad_scaling_clipping_channel_trial at 0x7f9693434040>), 'frequency': FunctionTransformer(func=<function complex_cepstrum at 0x7f96933c77e0>), 'model': HistGradientBoostingRegressor(early_stopping=True, max_iter=300,
                              n_iter_no_change=15, random_state=42,
                              scoring=None), 'model__l2_regularization': 0.0, 'model__learning_rate': 0.05, 'model__max_features': 0.2, 'model__max_leaf_nodes': 63, 'model__min_samples_leaf': 20, 'reshape': FunctionTransformer(func=<function reshape at 0x7f96934342c0>), 'second_scale': RobustScaler(copy=False)}",0.036257215434158385,0.036257215434158385,0.0,2,0.9817040208565113
0,1059.5922944545746,0.0,7.140751361846924,0.0,passthrough,real_cepstrum,HistGradientBoostingRegressor,0.001,0.05,0.05,31,20,FunctionTransformer(func=<function reshape at 0x7f96934342c0>),RobustScaler(copy=False),"{'first_scale': 'passthrough', 'frequency': FunctionTransformer(func=<function real_cepstrum at 0x7f96933c7880>), 'model': HistGradientBoostingRegressor(early_stopping=True, max_iter=300,
                              n_iter_no_change=15, random_state=42,
                              scoring=None), 'model__l2_regularization': 0.001, 'model__learning_rate': 0.05, 'model__max_features': 0.05, 'model__max_leaf_nodes': 31, 'model__min_samples_leaf': 20, 'reshape': FunctionTransformer(func=<function reshape at 0x7f96934342c0>), 'second_scale': RobustScaler(copy=False)}",0.018157469148465943,0.018157469148465943,0.0,2,0.9908796752641231
1,1236.9647181034088,0.0,16.381139278411865,0.0,mad_scaling_clipping_trial_time,passthrough,HistGradientBoostingRegressor,0.0,0.05,0.05,31,20,FunctionTransformer(func=<function reshape at 0x7f96934342c0>),RobustScaler(copy=False),"{'first_scale': FunctionTransformer(func=<function mad_scaling_clipping_trial_time at 0x7f96934340e0>), 'frequency': 'passthrough', 'model': HistGradientBoostingRegressor(early_stopping=True, max_iter=300,
                              n_iter_no_change=15, random_state=42,
                              scoring=None), 'model__l2_regularization': 0.0, 'model__learning_rate': 0.05, 'model__max_features': 0.05, 'model__max_leaf_nodes': 31, 'model__min_samples_leaf': 20, 'reshape': FunctionTransformer(func=<function reshape at 0x7f96934342c0>), 'second_scale': RobustScaler(copy=False)}",0.09144842982084989,0.09144842982084989,0.0,1,0.9531797155726459
0,2378.9036598205566,0.0,28.89394998550415,0.0,mad_scaling_clipping_channel_trial,power_phase,HistGradientBoostingRegressor,0.001,0.1,0.2,63,20,FunctionTransformer(func=<function reshape at 0x7f96934342c0>),passthrough,"{'first_scale': FunctionTransformer(func=<function mad_scaling_clipping_channel_trial at 0x7f9693434040>), 'frequency': FunctionTransformer(func=<function power_phase at 0x7f96933c7ba0>), 'model': HistGradientBoostingRegressor(early_stopping=True, max_iter=300,
                              n_iter_no_change=15, random_state=42,
                              scoring=None), 'model__l2_regularization': 0.001, 'model__learning_rate': 0.1, 'model__max_features': 0.2, 'model__max_leaf_nodes': 63, 'model__min_samples_leaf': 20, 'reshape': FunctionTransformer(func=<function reshape at 0x7f96934342c0>), 'second_scale': 'passthrough'}",0.058144656116591587,0.058144656116591587,0.0,2,0.970492320362922
1,6010.18607211113,0.0,43.963863134384155,0.0,mad_scaling_clipping_trial_time,enveloppe,HistGradientBoostingRegressor,0.0,0.1,0.2,63,20,FunctionTransformer(func=<function reshape at 0x7f96934342c0>),passthrough,"{'first_scale': FunctionTransformer(func=<function mad_scaling_clipping_trial_time at 0x7f96934340e0>), 'frequency': FunctionTransformer(func=<function enveloppe at 0x7f96933c7740>), 'model': HistGradientBoostingRegressor(early_stopping=True, max_iter=300,
                              n_iter_no_change=15, random_state=42,
                              scoring=None), 'model__l2_regularization': 0.0, 'model__learning_rate': 0.1, 'model__max_features': 0.2, 'model__max_leaf_nodes': 63, 'model__min_samples_leaf': 20, 'reshape': FunctionTransformer(func=<function reshape at 0x7f96934342c0>), 'second_scale': 'passthrough'}",0.06982101445918898,0.06982101445918898,0.0,1,0.964457871314663
0,1967.2920434474945,0.0,30.384856462478638,0.0,mad_scaling_clipping_channel_trial,power_phase,HistGradientBoostingRegressor,0.001,0.1,0.1,31,20,FunctionTransformer(func=<function reshape at 0x7f96934342c0>),passthrough,"{'first_scale': FunctionTransformer(func=<function mad_scaling_clipping_channel_trial at 0x7f9693434040>), 'frequency': FunctionTransformer(func=<function power_phase at 0x7f96933c7ba0>), 'model': HistGradientBoostingRegressor(early_stopping=True, max_iter=300,
                              n_iter_no_change=15, random_state=42,
                              scoring=None), 'model__l2_regularization': 0.001, 'model__learning_rate': 0.1, 'model__max_features': 0.1, 'model__max_leaf_nodes': 31, 'model__min_samples_leaf': 20, 'reshape': FunctionTransformer(func=<function reshape at 0x7f96934342c0>), 'second_scale': 'passthrough'}",0.06839454506404241,0.06839454506404241,0.0,2,0.9651971067797279
1,4114.866468191147,0.0,45.736499547958374,0.0,mad_scaling_clipping_trial_time,enveloppe,HistGradientBoostingRegressor,0.0,0.1,0.1,31,20,FunctionTransformer(func=<function reshape at 0x7f96934342c0>),passthrough,"{'first_scale': FunctionTransformer(func=<function mad_scaling_clipping_trial_time at 0x7f96934340e0>), 'frequency': FunctionTransformer(func=<function enveloppe at 0x7f96933c7740>), 'model': HistGradientBoostingRegressor(early_stopping=True, max_iter=300,
                              n_iter_no_change=15, random_state=42,
                              scoring=None), 'model__l2_regularization': 0.0, 'model__learning_rate': 0.1, 'model__max_features': 0.1, 'model__max_leaf_nodes': 31, 'model__min_samples_leaf': 20, 'reshape': FunctionTransformer(func=<function reshape at 0x7f96934342c0>), 'second_scale': 'passthrough'}",0.076840865123457,0.076840865123457,0.0,1,0.9608117062549473
0,16205.373260736465,0.0,142.77300691604614,0.0,passthrough,enveloppe,HistGradientBoostingRegressor,0.0,0.05,0.05,31,20,FunctionTransformer(func=<function reshape at 0x7f96934342c0>),passthrough,"{'first_scale': 'passthrough', 'frequency': FunctionTransformer(func=<function enveloppe at 0x7f96933c7740>), 'model': HistGradientBoostingRegressor(early_stopping=True, max_iter=300,
                              n_iter_no_change=15, random_state=42,
                              scoring=None), 'model__l2_regularization': 0.0, 'model__learning_rate': 0.05, 'model__max_features': 0.05, 'model__max_leaf_nodes': 31, 'model__min_samples_leaf': 20, 'reshape': FunctionTransformer(func=<function reshape at 0x7f96934342c0>), 'second_scale': 'passthrough'}",0.09404925288105737,0.09404925288105737,0.0,1,0.9518144499422893
1,8794.32450222969,0.0,180.16334986686707,0.0,mad_scaling_clipping_trial_time,power_phase,HistGradientBoostingRegressor,0.001,0.05,0.05,31,20,FunctionTransformer(func=<function reshape at 0x7f96934342c0>),passthrough,"{'first_scale': FunctionTransformer(func=<function mad_scaling_clipping_trial_time at 0x7f96934340e0>), 'frequency': FunctionTransformer(func=<function power_phase at 0x7f96933c7ba0>), 'model': HistGradientBoostingRegressor(early_stopping=True, max_iter=300,
                              n_iter_no_change=15, random_state=42,
                              scoring=None), 'model__l2_regularization': 0.001, 'model__learning_rate': 0.05, 'model__max_features': 0.05, 'model__max_leaf_nodes': 31, 'model__min_samples_leaf': 20, 'reshape': FunctionTransformer(func=<function reshape at 0x7f96934342c0>), 'second_scale': 'passthrough'}",0.08906066070857177,0.08906066070857177,0.0,2,0.954431421995016
0,1709.107845544815,0.0,4.896213054656982,0.0,passthrough,power_phase,HistGradientBoostingRegressor,0.001,0.1,0.05,63,20,FunctionTransformer(func=<function reshape at 0x7f96934342c0>),passthrough,"{'first_scale': 'passthrough', 'frequency': FunctionTransformer(func=<function power_phase at 0x7f96933c7ba0>), 'model': HistGradientBoostingRegressor(early_stopping=True, max_iter=300,
                              n_iter_no_change=15, random_state=42,
                              scoring=None), 'model__l2_regularization': 0.001, 'model__learning_rate': 0.1, 'model__max_features': 0.05, 'model__max_leaf_nodes': 63, 'model__min_samples_leaf': 20, 'reshape': FunctionTransformer(func=<function reshape at 0x7f96934342c0>), 'second_scale': 'passthrough'}",0.06518961615755159,0.06518961615755159,0.0,1,0.9668559271382932
1,3264.226725101471,0.0,27.166093587875366,0.0,mad_scaling_clipping_channel_trial,enveloppe,HistGradientBoostingRegressor,0.0,0.1,0.05,63,20,FunctionTransformer(func=<function reshape at 0x7f96934342c0>),passthrough,"{'first_scale': FunctionTransformer(func=<function mad_scaling_clipping_channel_trial at 0x7f9693434040>), 'frequency': FunctionTransformer(func=<function enveloppe at 0x7f96933c7740>), 'model': HistGradientBoostingRegressor(early_stopping=True, max_iter=300,
                              n_iter_no_change=15, random_state=42,
                              scoring=None), 'model__l2_regularization': 0.0, 'model__learning_rate': 0.1, 'model__max_features': 0.05, 'model__max_leaf_nodes': 63, 'model__min_samples_leaf': 20, 'reshape': FunctionTransformer(func=<function reshape at 0x7f96934342c0>), 'second_scale': 'passthrough'}",0.05372713501235804,0.05372713501235804,0.0,2,0.9727655755564348
0,2877.5078608989716,0.0,22.883723974227905,0.0,mad_scaling_clipping_channel_trial,passthrough,HistGradientBoostingRegressor,0.0,0.1,0.1,63,20,FunctionTransformer(func=<function reshape at 0x7f96934342c0>),passthrough,"{'first_scale': FunctionTransformer(func=<function mad_scaling_clipping_channel_trial at 0x7f9693434040>), 'frequency': 'passthrough', 'model': HistGradientBoostingRegressor(early_stopping=True, max_iter=300,
                              n_iter_no_change=15, random_state=42,
                              scoring=None), 'model__l2_regularization': 0.0, 'model__learning_rate': 0.1, 'model__max_features': 0.1, 'model__max_leaf_nodes': 63, 'model__min_samples_leaf': 20, 'reshape': FunctionTransformer(func=<function reshape at 0x7f96934342c0>), 'second_scale': 'passthrough'}",0.06781585329461581,0.06781585329461581,0.0,1,0.9654968393036738
1,1724.7182130813599,0.0,34.16764497756958,0.0,mad_scaling_clipping_trial_time,real_cepstrum,HistGradientBoostingRegressor,0.001,0.1,0.1,63,20,FunctionTransformer(func=<function reshape at 0x7f96934342c0>),passthrough,"{'first_scale': FunctionTransformer(func=<function mad_scaling_clipping_trial_time at 0x7f96934340e0>), 'frequency': FunctionTransformer(func=<function real_cepstrum at 0x7f96933c7880>), 'model': HistGradientBoostingRegressor(early_stopping=True, max_iter=300,
                              n_iter_no_change=15, random_state=42,
                              scoring=None), 'model__l2_regularization': 0.001, 'model__learning_rate': 0.1, 'model__max_features': 0.1, 'model__max_leaf_nodes': 63, 'model__min_samples_leaf': 20, 'reshape': FunctionTransformer(func=<function reshape at 0x7f96934342c0>), 'second_scale': 'passthrough'}",-0.003770530659531257,-0.003770530659531257,0.0,2,1.0018834915595383
0,3571.9623045921326,0.0,22.179373264312744,0.0,mad_scaling_clipping_channel_trial,passthrough,HistGradientBoostingRegressor,0.001,0.05,0.05,63,20,FunctionTransformer(func=<function reshape at 0x7f96934342c0>),passthrough,"{'first_scale': FunctionTransformer(func=<function mad_scaling_clipping_channel_trial at 0x7f9693434040>), 'frequency': 'passthrough', 'model': HistGradientBoostingRegressor(early_stopping=True, max_iter=300,
                              n_iter_no_change=15, random_state=42,
                              scoring=None), 'model__l2_regularization': 0.001, 'model__learning_rate': 0.05, 'model__max_features': 0.05, 'model__max_leaf_nodes': 63, 'model__min_samples_leaf': 20, 'reshape': FunctionTransformer(func=<function reshape at 0x7f96934342c0>), 'second_scale': 'passthrough'}",0.0880423019245099,0.0880423019245099,0.0,1,0.9549647627402228
1,3452.3734736442566,0.0,40.37251305580139,0.0,mad_scaling_clipping_trial_time,complex_cepstrum,HistGradientBoostingRegressor,0.0,0.05,0.05,63,20,FunctionTransformer(func=<function reshape at 0x7f96934342c0>),passthrough,"{'first_scale': FunctionTransformer(func=<function mad_scaling_clipping_trial_time at 0x7f96934340e0>), 'frequency': FunctionTransformer(func=<function complex_cepstrum at 0x7f96933c77e0>), 'model': HistGradientBoostingRegressor(early_stopping=True, max_iter=300,
                              n_iter_no_change=15, random_state=42,
                              scoring=None), 'model__l2_regularization': 0.0, 'model__learning_rate': 0.05, 'model__max_features': 0.05, 'model__max_leaf_nodes': 63, 'model__min_samples_leaf': 20, 'reshape': FunctionTransformer(func=<function reshape at 0x7f96934342c0>), 'second_scale': 'passthrough'}",0.015350471528521759,0.015350471528521759,0.0,2,0.9922950813500379
0,1929.5395052433014,0.0,31.87395691871643,0.0,mad_scaling_clipping_channel_trial,real_cepstrum,HistGradientBoostingRegressor,0.0,0.1,0.2,63,20,FunctionTransformer(func=<function reshape at 0x7f96934342c0>),RobustScaler(copy=False),"{'first_scale': FunctionTransformer(func=<function mad_scaling_clipping_channel_trial at 0x7f9693434040>), 'frequency': FunctionTransformer(func=<function real_cepstrum at 0x7f96933c7880>), 'model': HistGradientBoostingRegressor(early_stopping=True, max_iter=300,
                              n_iter_no_change=15, random_state=42,
                              scoring=None), 'model__l2_regularization': 0.0, 'model__learning_rate': 0.1, 'model__max_features': 0.2, 'model__max_leaf_nodes': 63, 'model__min_samples_leaf': 20, 'reshape': FunctionTransformer(func=<function reshape at 0x7f96934342c0>), 'second_scale': RobustScaler(copy=False)}",-0.0026281336191105176,-0.0026281336191105176,0.0,2,1.0013132045564517
1,7160.036904096603,0.0,42.67196750640869,0.0,mad_scaling_clipping_trial_time,enveloppe,HistGradientBoostingRegressor,0.001,0.1,0.2,63,20,FunctionTransformer(func=<function reshape at 0x7f96934342c0>),RobustScaler(copy=False),"{'first_scale': FunctionTransformer(func=<function mad_scaling_clipping_trial_time at 0x7f96934340e0>), 'frequency': FunctionTransformer(func=<function enveloppe at 0x7f96933c7740>), 'model': HistGradientBoostingRegressor(early_stopping=True, max_iter=300,
                              n_iter_no_change=15, random_state=42,
                              scoring=None), 'model__l2_regularization': 0.001, 'model__learning_rate': 0.1, 'model__max_features': 0.2, 'model__max_leaf_nodes': 63, 'model__min_samples_leaf': 20, 'reshape': FunctionTransformer(func=<function reshape at 0x7f96934342c0>), 'second_scale': RobustScaler(copy=False)}",0.06506111911144918,0.06506111911144918,0.0,1,0.9669223758340433
0,1164.5201885700226,0.0,7.217430353164673,0.0,passthrough,real_cepstrum,HistGradientBoostingRegressor,0.0,0.1,0.2,63,20,FunctionTransformer(func=<function reshape at 0x7f96934342c0>),RobustScaler(copy=False),"{'first_scale': 'passthrough', 'frequency': FunctionTransformer(func=<function real_cepstrum at 0x7f96933c7880>), 'model': HistGradientBoostingRegressor(early_stopping=True, max_iter=300,
                              n_iter_no_change=15, random_state=42,
                              scoring=None), 'model__l2_regularization': 0.0, 'model__learning_rate': 0.1, 'model__max_features': 0.2, 'model__max_leaf_nodes': 63, 'model__min_samples_leaf': 20, 'reshape': FunctionTransformer(func=<function reshape at 0x7f96934342c0>), 'second_scale': RobustScaler(copy=False)}",0.002974330314925444,0.002974330314925444,0.0,2,0.998511727364819
1,3478.8050587177277,0.0,29.979827880859375,0.0,mad_scaling_clipping_channel_trial,enveloppe,HistGradientBoostingRegressor,0.001,0.1,0.2,63,20,FunctionTransformer(func=<function reshape at 0x7f96934342c0>),RobustScaler(copy=False),"{'first_scale': FunctionTransformer(func=<function mad_scaling_clipping_channel_trial at 0x7f9693434040>), 'frequency': FunctionTransformer(func=<function enveloppe at 0x7f96933c7740>), 'model': HistGradientBoostingRegressor(early_stopping=True, max_iter=300,
                              n_iter_no_change=15, random_state=42,
                              scoring=None), 'model__l2_regularization': 0.001, 'model__learning_rate': 0.1, 'model__max_features': 0.2, 'model__max_leaf_nodes': 63, 'model__min_samples_leaf': 20, 'reshape': FunctionTransformer(func=<function reshape at 0x7f96934342c0>), 'second_scale': RobustScaler(copy=False)}",0.054380039800300706,0.054380039800300706,0.0,1,0.9724299255986003
0,1646.920429468155,0.0,26.823083639144897,0.0,mad_scaling_clipping_channel_trial,real_cepstrum,HistGradientBoostingRegressor,0.0,0.1,0.1,63,20,FunctionTransformer(func=<function reshape at 0x7f96934342c0>),RobustScaler(copy=False),"{'first_scale': FunctionTransformer(func=<function mad_scaling_clipping_channel_trial at 0x7f9693434040>), 'frequency': FunctionTransformer(func=<function real_cepstrum at 0x7f96933c7880>), 'model': HistGradientBoostingRegressor(early_stopping=True, max_iter=300,
                              n_iter_no_change=15, random_state=42,
                              scoring=None), 'model__l2_regularization': 0.0, 'model__learning_rate': 0.1, 'model__max_features': 0.1, 'model__max_leaf_nodes': 63, 'model__min_samples_leaf': 20, 'reshape': FunctionTransformer(func=<function reshape at 0x7f96934342c0>), 'second_scale': RobustScaler(copy=False)}",-0.0022740191584971203,-0.0022740191584971203,0.0,2,1.0011363639177717
1,4279.5896944999695,0.0,39.33845639228821,0.0,mad_scaling_clipping_trial_time,enveloppe,HistGradientBoostingRegressor,0.001,0.1,0.1,63,20,FunctionTransformer(func=<function reshape at 0x7f96934342c0>),RobustScaler(copy=False),"{'first_scale': FunctionTransformer(func=<function mad_scaling_clipping_trial_time at 0x7f96934340e0>), 'frequency': FunctionTransformer(func=<function enveloppe at 0x7f96933c7740>), 'model': HistGradientBoostingRegressor(early_stopping=True, max_iter=300,
                              n_iter_no_change=15, random_state=42,
                              scoring=None), 'model__l2_regularization': 0.001, 'model__learning_rate': 0.1, 'model__max_features': 0.1, 'model__max_leaf_nodes': 63, 'model__min_samples_leaf': 20, 'reshape': FunctionTransformer(func=<function reshape at 0x7f96934342c0>), 'second_scale': RobustScaler(copy=False)}",0.06780676102354999,0.06780676102354999,0.0,1,0.9655015478892046
0,1895.9407620429993,0.0,19.619813442230225,0.0,mad_scaling_clipping_channel_trial,passthrough,HistGradientBoostingRegressor,0.001,0.05,0.2,31,20,FunctionTransformer(func=<function reshape at 0x7f96934342c0>),RobustScaler(copy=False),"{'first_scale': FunctionTransformer(func=<function mad_scaling_clipping_channel_trial at 0x7f9693434040>), 'frequency': 'passthrough', 'model': HistGradientBoostingRegressor(early_stopping=True, max_iter=300,
                              n_iter_no_change=15, random_state=42,
                              scoring=None), 'model__l2_regularization': 0.001, 'model__learning_rate': 0.05, 'model__max_features': 0.2, 'model__max_leaf_nodes': 31, 'model__min_samples_leaf': 20, 'reshape': FunctionTransformer(func=<function reshape at 0x7f96934342c0>), 'second_scale': RobustScaler(copy=False)}",0.08662610531274373,0.08662610531274373,0.0,1,0.9557059666483496
1,1861.4349389076233,0.0,31.98438787460327,0.0,mad_scaling_clipping_trial_time,complex_cepstrum,HistGradientBoostingRegressor,0.0,0.05,0.2,31,20,FunctionTransformer(func=<function reshape at 0x7f96934342c0>),RobustScaler(copy=False),"{'first_scale': FunctionTransformer(func=<function mad_scaling_clipping_trial_time at 0x7f96934340e0>), 'frequency': FunctionTransformer(func=<function complex_cepstrum at 0x7f96933c77e0>), 'model': HistGradientBoostingRegressor(early_stopping=True, max_iter=300,
                              n_iter_no_change=15, random_state=42,
                              scoring=None), 'model__l2_regularization': 0.0, 'model__learning_rate': 0.05, 'model__max_features': 0.2, 'model__max_leaf_nodes': 31, 'model__min_samples_leaf': 20, 'reshape': FunctionTransformer(func=<function reshape at 0x7f96934342c0>), 'second_scale': RobustScaler(copy=False)}",0.019607566326342085,0.019607566326342085,0.0,2,0.9901476827593235
0,1333.1325676441193,0.0,8.747085571289062,0.0,passthrough,power_phase,HistGradientBoostingRegressor,0.001,0.1,0.2,63,20,FunctionTransformer(func=<function reshape at 0x7f96934342c0>),passthrough,"{'first_scale': 'passthrough', 'frequency': FunctionTransformer(func=<function power_phase at 0x7f96933c7ba0>), 'model': HistGradientBoostingRegressor(early_stopping=True, max_iter=300,
                              n_iter_no_change=15, random_state=42,
                              scoring=None), 'model__l2_regularization': 0.001, 'model__learning_rate': 0.1, 'model__max_features': 0.2, 'model__max_leaf_nodes': 63, 'model__min_samples_leaf': 20, 'reshape': FunctionTransformer(func=<function reshape at 0x7f96934342c0>), 'second_scale': 'passthrough'}",0.06677200005430795,0.06677200005430795,0.0,1,0.9660372663338056
1,3900.3223345279694,0.0,33.81051850318909,0.0,mad_scaling_clipping_channel_trial,enveloppe,HistGradientBoostingRegressor,0.0,0.1,0.2,63,20,FunctionTransformer(func=<function reshape at 0x7f96934342c0>),passthrough,"{'first_scale': FunctionTransformer(func=<function mad_scaling_clipping_channel_trial at 0x7f9693434040>), 'frequency': FunctionTransformer(func=<function enveloppe at 0x7f96933c7740>), 'model': HistGradientBoostingRegressor(early_stopping=True, max_iter=300,
                              n_iter_no_change=15, random_state=42,
                              scoring=None), 'model__l2_regularization': 0.0, 'model__learning_rate': 0.1, 'model__max_features': 0.2, 'model__max_leaf_nodes': 63, 'model__min_samples_leaf': 20, 'reshape': FunctionTransformer(func=<function reshape at 0x7f96934342c0>), 'second_scale': 'passthrough'}",0.05362269047703494,0.05362269047703494,0.0,2,0.9728192584046458
0,6453.965326786041,0.0,23.955283403396606,0.0,passthrough,enveloppe,HistGradientBoostingRegressor,0.0,0.1,0.2,63,20,FunctionTransformer(func=<function reshape at 0x7f96934342c0>),RobustScaler(copy=False),"{'first_scale': 'passthrough', 'frequency': FunctionTransformer(func=<function enveloppe at 0x7f96933c7740>), 'model': HistGradientBoostingRegressor(early_stopping=True, max_iter=300,
                              n_iter_no_change=15, random_state=42,
                              scoring=None), 'model__l2_regularization': 0.0, 'model__learning_rate': 0.1, 'model__max_features': 0.2, 'model__max_leaf_nodes': 63, 'model__min_samples_leaf': 20, 'reshape': FunctionTransformer(func=<function reshape at 0x7f96934342c0>), 'second_scale': RobustScaler(copy=False)}",0.07782142430601957,0.07782142430601957,0.0,1,0.9603012942269631
1,2508.782049179077,0.0,31.7206814289093,0.0,mad_scaling_clipping_trial_time,power_phase,HistGradientBoostingRegressor,0.001,0.1,0.2,63,20,FunctionTransformer(func=<function reshape at 0x7f96934342c0>),RobustScaler(copy=False),"{'first_scale': FunctionTransformer(func=<function mad_scaling_clipping_trial_time at 0x7f96934340e0>), 'frequency': FunctionTransformer(func=<function power_phase at 0x7f96933c7ba0>), 'model': HistGradientBoostingRegressor(early_stopping=True, max_iter=300,
                              n_iter_no_change=15, random_state=42,
                              scoring=None), 'model__l2_regularization': 0.001, 'model__learning_rate': 0.1, 'model__max_features': 0.2, 'model__max_leaf_nodes': 63, 'model__min_samples_leaf': 20, 'reshape': FunctionTransformer(func=<function reshape at 0x7f96934342c0>), 'second_scale': RobustScaler(copy=False)}",0.07107524307026913,0.07107524307026913,0.0,2,0.9638074273057512
0,1755.555602312088,0.0,29.929481267929077,0.0,mad_scaling_clipping_channel_trial,power_phase,HistGradientBoostingRegressor,0.001,0.1,0.2,31,20,FunctionTransformer(func=<function reshape at 0x7f96934342c0>),RobustScaler(copy=False),"{'first_scale': FunctionTransformer(func=<function mad_scaling_clipping_channel_trial at 0x7f9693434040>), 'frequency': FunctionTransformer(func=<function power_phase at 0x7f96933c7ba0>), 'model': HistGradientBoostingRegressor(early_stopping=True, max_iter=300,
                              n_iter_no_change=15, random_state=42,
                              scoring=None), 'model__l2_regularization': 0.001, 'model__learning_rate': 0.1, 'model__max_features': 0.2, 'model__max_leaf_nodes': 31, 'model__min_samples_leaf': 20, 'reshape': FunctionTransformer(func=<function reshape at 0x7f96934342c0>), 'second_scale': RobustScaler(copy=False)}",0.07004741652534441,0.07004741652534441,0.0,2,0.9643404914627693
1,5185.478679418564,0.0,46.055129289627075,0.0,mad_scaling_clipping_trial_time,enveloppe,HistGradientBoostingRegressor,0.0,0.1,0.2,31,20,FunctionTransformer(func=<function reshape at 0x7f96934342c0>),RobustScaler(copy=False),"{'first_scale': FunctionTransformer(func=<function mad_scaling_clipping_trial_time at 0x7f96934340e0>), 'frequency': FunctionTransformer(func=<function enveloppe at 0x7f96933c7740>), 'model': HistGradientBoostingRegressor(early_stopping=True, max_iter=300,
                              n_iter_no_change=15, random_state=42,
                              scoring=None), 'model__l2_regularization': 0.0, 'model__learning_rate': 0.1, 'model__max_features': 0.2, 'model__max_leaf_nodes': 31, 'model__min_samples_leaf': 20, 'reshape': FunctionTransformer(func=<function reshape at 0x7f96934342c0>), 'second_scale': RobustScaler(copy=False)}",0.07288148715037812,0.07288148715037812,0.0,1,0.9628699355830058
0,1758.0986983776093,0.0,19.521588563919067,0.0,passthrough,complex_cepstrum,HistGradientBoostingRegressor,0.0,0.1,0.05,31,20,FunctionTransformer(func=<function reshape at 0x7f96934342c0>),RobustScaler(copy=False),"{'first_scale': 'passthrough', 'frequency': FunctionTransformer(func=<function complex_cepstrum at 0x7f96933c77e0>), 'model': HistGradientBoostingRegressor(early_stopping=True, max_iter=300,
                              n_iter_no_change=15, random_state=42,
                              scoring=None), 'model__l2_regularization': 0.0, 'model__learning_rate': 0.1, 'model__max_features': 0.05, 'model__max_leaf_nodes': 31, 'model__min_samples_leaf': 20, 'reshape': FunctionTransformer(func=<function reshape at 0x7f96934342c0>), 'second_scale': RobustScaler(copy=False)}",0.029400231544610578,0.029400231544610578,0.0,2,0.9851902194273903
1,1901.3924152851105,0.0,25.660602569580078,0.0,mad_scaling_clipping_trial_time,passthrough,HistGradientBoostingRegressor,0.001,0.1,0.05,31,20,FunctionTransformer(func=<function reshape at 0x7f96934342c0>),RobustScaler(copy=False),"{'first_scale': FunctionTransformer(func=<function mad_scaling_clipping_trial_time at 0x7f96934340e0>), 'frequency': 'passthrough', 'model': HistGradientBoostingRegressor(early_stopping=True, max_iter=300,
                              n_iter_no_change=15, random_state=42,
                              scoring=None), 'model__l2_regularization': 0.001, 'model__learning_rate': 0.1, 'model__max_features': 0.05, 'model__max_leaf_nodes': 31, 'model__min_samples_leaf': 20, 'reshape': FunctionTransformer(func=<function reshape at 0x7f96934342c0>), 'second_scale': RobustScaler(copy=False)}",0.08057043476610992,0.08057043476610992,0.0,1,0.9588688988771562
0,2645.25927901268,0.0,12.58975863456726,0.0,passthrough,power_phase,HistGradientBoostingRegressor,0.001,0.1,0.05,31,20,FunctionTransformer(func=<function reshape at 0x7f96934342c0>),passthrough,"{'first_scale': 'passthrough', 'frequency': FunctionTransformer(func=<function power_phase at 0x7f96933c7ba0>), 'model': HistGradientBoostingRegressor(early_stopping=True, max_iter=300,
                              n_iter_no_change=15, random_state=42,
                              scoring=None), 'model__l2_regularization': 0.001, 'model__learning_rate': 0.1, 'model__max_features': 0.05, 'model__max_leaf_nodes': 31, 'model__min_samples_leaf': 20, 'reshape': FunctionTransformer(func=<function reshape at 0x7f96934342c0>), 'second_scale': 'passthrough'}",0.07357173881775836,0.07357173881775836,0.0,1,0.9625114343124666
1,5404.974779129028,0.0,53.59484148025513,0.0,mad_scaling_clipping_channel_trial,enveloppe,HistGradientBoostingRegressor,0.0,0.1,0.05,31,20,FunctionTransformer(func=<function reshape at 0x7f96934342c0>),passthrough,"{'first_scale': FunctionTransformer(func=<function mad_scaling_clipping_channel_trial at 0x7f9693434040>), 'frequency': FunctionTransformer(func=<function enveloppe at 0x7f96933c7740>), 'model': HistGradientBoostingRegressor(early_stopping=True, max_iter=300,
                              n_iter_no_change=15, random_state=42,
                              scoring=None), 'model__l2_regularization': 0.0, 'model__learning_rate': 0.1, 'model__max_features': 0.05, 'model__max_leaf_nodes': 31, 'model__min_samples_leaf': 20, 'reshape': FunctionTransformer(func=<function reshape at 0x7f96934342c0>), 'second_scale': 'passthrough'}",0.06160506793795617,0.06160506793795617,0.0,2,0.9687078672448386
0,3640.7294290065765,0.0,24.25919532775879,0.0,passthrough,complex_cepstrum,HistGradientBoostingRegressor,0.001,0.1,0.05,63,20,FunctionTransformer(func=<function reshape at 0x7f96934342c0>),RobustScaler(copy=False),"{'first_scale': 'passthrough', 'frequency': FunctionTransformer(func=<function complex_cepstrum at 0x7f96933c77e0>), 'model': HistGradientBoostingRegressor(early_stopping=True, max_iter=300,
                              n_iter_no_change=15, random_state=42,
                              scoring=None), 'model__l2_regularization': 0.001, 'model__learning_rate': 0.1, 'model__max_features': 0.05, 'model__max_leaf_nodes': 63, 'model__min_samples_leaf': 20, 'reshape': FunctionTransformer(func=<function reshape at 0x7f96934342c0>), 'second_scale': RobustScaler(copy=False)}",0.015664489873631116,0.015664489873631116,0.0,2,0.992136840423925
1,3133.4628355503082,0.0,35.386582374572754,0.0,mad_scaling_clipping_trial_time,power_phase,HistGradientBoostingRegressor,0.0,0.1,0.05,63,20,FunctionTransformer(func=<function reshape at 0x7f96934342c0>),RobustScaler(copy=False),"{'first_scale': FunctionTransformer(func=<function mad_scaling_clipping_trial_time at 0x7f96934340e0>), 'frequency': FunctionTransformer(func=<function power_phase at 0x7f96933c7ba0>), 'model': HistGradientBoostingRegressor(early_stopping=True, max_iter=300,
                              n_iter_no_change=15, random_state=42,
                              scoring=None), 'model__l2_regularization': 0.0, 'model__learning_rate': 0.1, 'model__max_features': 0.05, 'model__max_leaf_nodes': 63, 'model__min_samples_leaf': 20, 'reshape': FunctionTransformer(func=<function reshape at 0x7f96934342c0>), 'second_scale': RobustScaler(copy=False)}",0.07503412798757358,0.07503412798757358,0.0,1,0.9617514606240151
0,2617.5708696842194,0.0,4.234883069992065,0.0,passthrough,passthrough,HistGradientBoostingRegressor,0.001,0.1,0.05,31,20,FunctionTransformer(func=<function reshape at 0x7f96934342c0>),RobustScaler(copy=False),"{'first_scale': 'passthrough', 'frequency': 'passthrough', 'model': HistGradientBoostingRegressor(early_stopping=True, max_iter=300,
                              n_iter_no_change=15, random_state=42,
                              scoring=None), 'model__l2_regularization': 0.001, 'model__learning_rate': 0.1, 'model__max_features': 0.05, 'model__max_leaf_nodes': 31, 'model__min_samples_leaf': 20, 'reshape': FunctionTransformer(func=<function reshape at 0x7f96934342c0>), 'second_scale': RobustScaler(copy=False)}",0.09147212761534218,0.09147212761534218,0.0,1,0.9531672845753036
1,1999.6820495128632,0.0,42.147586822509766,0.0,mad_scaling_clipping_channel_trial,complex_cepstrum,HistGradientBoostingRegressor,0.0,0.1,0.05,31,20,FunctionTransformer(func=<function reshape at 0x7f96934342c0>),RobustScaler(copy=False),"{'first_scale': FunctionTransformer(func=<function mad_scaling_clipping_channel_trial at 0x7f9693434040>), 'frequency': FunctionTransformer(func=<function complex_cepstrum at 0x7f96933c77e0>), 'model': HistGradientBoostingRegressor(early_stopping=True, max_iter=300,
                              n_iter_no_change=15, random_state=42,
                              scoring=None), 'model__l2_regularization': 0.0, 'model__learning_rate': 0.1, 'model__max_features': 0.05, 'model__max_leaf_nodes': 31, 'model__min_samples_leaf': 20, 'reshape': FunctionTransformer(func=<function reshape at 0x7f96934342c0>), 'second_scale': RobustScaler(copy=False)}",0.02795369454713803,0.02795369454713803,0.0,2,0.9859240870639392
0,2673.9048743247986,0.0,22.60068154335022,0.0,passthrough,complex_cepstrum,HistGradientBoostingRegressor,0.001,0.05,0.2,31,20,FunctionTransformer(func=<function reshape at 0x7f96934342c0>),RobustScaler(copy=False),"{'first_scale': 'passthrough', 'frequency': FunctionTransformer(func=<function complex_cepstrum at 0x7f96933c77e0>), 'model': HistGradientBoostingRegressor(early_stopping=True, max_iter=300,
                              n_iter_no_change=15, random_state=42,
                              scoring=None), 'model__l2_regularization': 0.001, 'model__learning_rate': 0.05, 'model__max_features': 0.2, 'model__max_leaf_nodes': 31, 'model__min_samples_leaf': 20, 'reshape': FunctionTransformer(func=<function reshape at 0x7f96934342c0>), 'second_scale': RobustScaler(copy=False)}",0.037071766169716525,0.037071766169716525,0.0,2,0.9812890674160614
1,2775.6630544662476,0.0,33.82204580307007,0.0,mad_scaling_clipping_trial_time,power_phase,HistGradientBoostingRegressor,0.0,0.05,0.2,31,20,FunctionTransformer(func=<function reshape at 0x7f96934342c0>),RobustScaler(copy=False),"{'first_scale': FunctionTransformer(func=<function mad_scaling_clipping_trial_time at 0x7f96934340e0>), 'frequency': FunctionTransformer(func=<function power_phase at 0x7f96933c7ba0>), 'model': HistGradientBoostingRegressor(early_stopping=True, max_iter=300,
                              n_iter_no_change=15, random_state=42,
                              scoring=None), 'model__l2_regularization': 0.0, 'model__learning_rate': 0.05, 'model__max_features': 0.2, 'model__max_leaf_nodes': 31, 'model__min_samples_leaf': 20, 'reshape': FunctionTransformer(func=<function reshape at 0x7f96934342c0>), 'second_scale': RobustScaler(copy=False)}",0.08629044514982032,0.08629044514982032,0.0,1,0.9558815590072756
0,3585.0529460906982,0.0,20.71214985847473,0.0,passthrough,enveloppe,HistGradientBoostingRegressor,0.0,0.1,0.2,31,20,FunctionTransformer(func=<function reshape at 0x7f96934342c0>),RobustScaler(copy=False),"{'first_scale': 'passthrough', 'frequency': FunctionTransformer(func=<function enveloppe at 0x7f96933c7740>), 'model': HistGradientBoostingRegressor(early_stopping=True, max_iter=300,
                              n_iter_no_change=15, random_state=42,
                              scoring=None), 'model__l2_regularization': 0.0, 'model__learning_rate': 0.1, 'model__max_features': 0.2, 'model__max_leaf_nodes': 31, 'model__min_samples_leaf': 20, 'reshape': FunctionTransformer(func=<function reshape at 0x7f96934342c0>), 'second_scale': RobustScaler(copy=False)}",0.08704369323399908,0.08704369323399908,0.0,1,0.9554874707530188
1,1495.926253080368,0.0,24.78186297416687,0.0,mad_scaling_clipping_trial_time,power_phase,HistGradientBoostingRegressor,0.001,0.1,0.2,31,20,FunctionTransformer(func=<function reshape at 0x7f96934342c0>),RobustScaler(copy=False),"{'first_scale': FunctionTransformer(func=<function mad_scaling_clipping_trial_time at 0x7f96934340e0>), 'frequency': FunctionTransformer(func=<function power_phase at 0x7f96933c7ba0>), 'model': HistGradientBoostingRegressor(early_stopping=True, max_iter=300,
                              n_iter_no_change=15, random_state=42,
                              scoring=None), 'model__l2_regularization': 0.001, 'model__learning_rate': 0.1, 'model__max_features': 0.2, 'model__max_leaf_nodes': 31, 'model__min_samples_leaf': 20, 'reshape': FunctionTransformer(func=<function reshape at 0x7f96934342c0>), 'second_scale': RobustScaler(copy=False)}",0.08136834527933623,0.08136834527933623,0.0,2,0.9584527399515658
0,1622.5135715007782,0.0,16.36275339126587,0.0,mad_scaling_clipping_channel_trial,passthrough,HistGradientBoostingRegressor,0.0,0.1,0.1,31,20,FunctionTransformer(func=<function reshape at 0x7f96934342c0>),RobustScaler(copy=False),"{'first_scale': FunctionTransformer(func=<function mad_scaling_clipping_channel_trial at 0x7f9693434040>), 'frequency': 'passthrough', 'model': HistGradientBoostingRegressor(early_stopping=True, max_iter=300,
                              n_iter_no_change=15, random_state=42,
                              scoring=None), 'model__l2_regularization': 0.0, 'model__learning_rate': 0.1, 'model__max_features': 0.1, 'model__max_leaf_nodes': 31, 'model__min_samples_leaf': 20, 'reshape': FunctionTransformer(func=<function reshape at 0x7f96934342c0>), 'second_scale': RobustScaler(copy=False)}",0.08205442313678601,0.08205442313678601,0.0,1,0.9580947640307894
1,1094.5457215309143,0.0,23.27983570098877,0.0,mad_scaling_clipping_trial_time,real_cepstrum,HistGradientBoostingRegressor,0.001,0.1,0.1,31,20,FunctionTransformer(func=<function reshape at 0x7f96934342c0>),RobustScaler(copy=False),"{'first_scale': FunctionTransformer(func=<function mad_scaling_clipping_trial_time at 0x7f96934340e0>), 'frequency': FunctionTransformer(func=<function real_cepstrum at 0x7f96933c7880>), 'model': HistGradientBoostingRegressor(early_stopping=True, max_iter=300,
                              n_iter_no_change=15, random_state=42,
                              scoring=None), 'model__l2_regularization': 0.001, 'model__learning_rate': 0.1, 'model__max_features': 0.1, 'model__max_leaf_nodes': 31, 'model__min_samples_leaf': 20, 'reshape': FunctionTransformer(func=<function reshape at 0x7f96934342c0>), 'second_scale': RobustScaler(copy=False)}",0.010693788157393636,0.010693788157393636,0.0,2,0.9946387343365461
0,1944.9218702316284,0.0,24.827030420303345,0.0,mad_scaling_clipping_channel_trial,power_phase,HistGradientBoostingRegressor,0.0,0.1,0.2,63,20,FunctionTransformer(func=<function reshape at 0x7f96934342c0>),passthrough,"{'first_scale': FunctionTransformer(func=<function mad_scaling_clipping_channel_trial at 0x7f9693434040>), 'frequency': FunctionTransformer(func=<function power_phase at 0x7f96933c7ba0>), 'model': HistGradientBoostingRegressor(early_stopping=True, max_iter=300,
                              n_iter_no_change=15, random_state=42,
                              scoring=None), 'model__l2_regularization': 0.0, 'model__learning_rate': 0.1, 'model__max_features': 0.2, 'model__max_leaf_nodes': 63, 'model__min_samples_leaf': 20, 'reshape': FunctionTransformer(func=<function reshape at 0x7f96934342c0>), 'second_scale': 'passthrough'}",0.05604470618543822,0.05604470618543822,0.0,1,0.9715736172903018
1,1009.6478548049927,0.0,32.30421805381775,0.0,mad_scaling_clipping_trial_time,complex_cepstrum,HistGradientBoostingRegressor,0.001,0.1,0.2,63,20,FunctionTransformer(func=<function reshape at 0x7f96934342c0>),passthrough,"{'first_scale': FunctionTransformer(func=<function mad_scaling_clipping_trial_time at 0x7f96934340e0>), 'frequency': FunctionTransformer(func=<function complex_cepstrum at 0x7f96933c77e0>), 'model': HistGradientBoostingRegressor(early_stopping=True, max_iter=300,
                              n_iter_no_change=15, random_state=42,
                              scoring=None), 'model__l2_regularization': 0.001, 'model__learning_rate': 0.1, 'model__max_features': 0.2, 'model__max_leaf_nodes': 63, 'model__min_samples_leaf': 20, 'reshape': FunctionTransformer(func=<function reshape at 0x7f96934342c0>), 'second_scale': 'passthrough'}",0.009482641443175788,0.009482641443175788,0.0,2,0.9952473856066261
0,1900.4131462574005,0.0,3.1151716709136963,0.0,passthrough,passthrough,HistGradientBoostingRegressor,0.001,0.1,0.1,31,20,FunctionTransformer(func=<function reshape at 0x7f96934342c0>),passthrough,"{'first_scale': 'passthrough', 'frequency': 'passthrough', 'model': HistGradientBoostingRegressor(early_stopping=True, max_iter=300,
                              n_iter_no_change=15, random_state=42,
                              scoring=None), 'model__l2_regularization': 0.001, 'model__learning_rate': 0.1, 'model__max_features': 0.1, 'model__max_leaf_nodes': 31, 'model__min_samples_leaf': 20, 'reshape': FunctionTransformer(func=<function reshape at 0x7f96934342c0>), 'second_scale': 'passthrough'}",0.08436724492728243,0.08436724492728243,0.0,1,0.9568870126993665
1,1702.599066734314,0.0,36.47434186935425,0.0,mad_scaling_clipping_channel_trial,complex_cepstrum,HistGradientBoostingRegressor,0.0,0.1,0.1,31,20,FunctionTransformer(func=<function reshape at 0x7f96934342c0>),passthrough,"{'first_scale': FunctionTransformer(func=<function mad_scaling_clipping_channel_trial at 0x7f9693434040>), 'frequency': FunctionTransformer(func=<function complex_cepstrum at 0x7f96933c77e0>), 'model': HistGradientBoostingRegressor(early_stopping=True, max_iter=300,
                              n_iter_no_change=15, random_state=42,
                              scoring=None), 'model__l2_regularization': 0.0, 'model__learning_rate': 0.1, 'model__max_features': 0.1, 'model__max_leaf_nodes': 31, 'model__min_samples_leaf': 20, 'reshape': FunctionTransformer(func=<function reshape at 0x7f96934342c0>), 'second_scale': 'passthrough'}",0.026558811749317957,0.026558811749317957,0.0,2,0.9866312321484061
0,2608.387749195099,0.0,4.381617784500122,0.0,passthrough,passthrough,HistGradientBoostingRegressor,0.001,0.1,0.2,31,20,FunctionTransformer(func=<function reshape at 0x7f96934342c0>),RobustScaler(copy=False),"{'first_scale': 'passthrough', 'frequency': 'passthrough', 'model': HistGradientBoostingRegressor(early_stopping=True, max_iter=300,
                              n_iter_no_change=15, random_state=42,
                              scoring=None), 'model__l2_regularization': 0.001, 'model__learning_rate': 0.1, 'model__max_features': 0.2, 'model__max_leaf_nodes': 31, 'model__min_samples_leaf': 20, 'reshape': FunctionTransformer(func=<function reshape at 0x7f96934342c0>), 'second_scale': RobustScaler(copy=False)}",0.07842064080037392,0.07842064080037392,0.0,1,0.9599892495229444
1,2466.992695093155,0.0,43.61418271064758,0.0,mad_scaling_clipping_channel_trial,complex_cepstrum,HistGradientBoostingRegressor,0.0,0.1,0.2,31,20,FunctionTransformer(func=<function reshape at 0x7f96934342c0>),RobustScaler(copy=False),"{'first_scale': FunctionTransformer(func=<function mad_scaling_clipping_channel_trial at 0x7f9693434040>), 'frequency': FunctionTransformer(func=<function complex_cepstrum at 0x7f96933c77e0>), 'model': HistGradientBoostingRegressor(early_stopping=True, max_iter=300,
                              n_iter_no_change=15, random_state=42,
                              scoring=None), 'model__l2_regularization': 0.0, 'model__learning_rate': 0.1, 'model__max_features': 0.2, 'model__max_leaf_nodes': 31, 'model__min_samples_leaf': 20, 'reshape': FunctionTransformer(func=<function reshape at 0x7f96934342c0>), 'second_scale': RobustScaler(copy=False)}",0.021588422416544906,0.021588422416544906,0.0,2,0.9891468938350133
0,1694.380532503128,0.0,30.30253839492798,0.0,mad_scaling_clipping_channel_trial,power_phase,HistGradientBoostingRegressor,0.0,0.1,0.05,63,20,FunctionTransformer(func=<function reshape at 0x7f96934342c0>),passthrough,"{'first_scale': FunctionTransformer(func=<function mad_scaling_clipping_channel_trial at 0x7f9693434040>), 'frequency': FunctionTransformer(func=<function power_phase at 0x7f96933c7ba0>), 'model': HistGradientBoostingRegressor(early_stopping=True, max_iter=300,
                              n_iter_no_change=15, random_state=42,
                              scoring=None), 'model__l2_regularization': 0.0, 'model__learning_rate': 0.1, 'model__max_features': 0.05, 'model__max_leaf_nodes': 63, 'model__min_samples_leaf': 20, 'reshape': FunctionTransformer(func=<function reshape at 0x7f96934342c0>), 'second_scale': 'passthrough'}",0.06923776901001333,0.06923776901001333,0.0,1,0.9647601935144229
1,1581.8170883655548,0.0,41.181657552719116,0.0,mad_scaling_clipping_trial_time,complex_cepstrum,HistGradientBoostingRegressor,0.001,0.1,0.05,63,20,FunctionTransformer(func=<function reshape at 0x7f96934342c0>),passthrough,"{'first_scale': FunctionTransformer(func=<function mad_scaling_clipping_trial_time at 0x7f96934340e0>), 'frequency': FunctionTransformer(func=<function complex_cepstrum at 0x7f96933c77e0>), 'model': HistGradientBoostingRegressor(early_stopping=True, max_iter=300,
                              n_iter_no_change=15, random_state=42,
                              scoring=None), 'model__l2_regularization': 0.001, 'model__learning_rate': 0.1, 'model__max_features': 0.05, 'model__max_leaf_nodes': 63, 'model__min_samples_leaf': 20, 'reshape': FunctionTransformer(func=<function reshape at 0x7f96934342c0>), 'second_scale': 'passthrough'}",0.007853413913927909,0.007853413913927909,0.0,2,0.9960655531068586
0,1983.9372663497925,0.0,16.807470560073853,0.0,mad_scaling_clipping_channel_trial,passthrough,HistGradientBoostingRegressor,0.001,0.05,0.1,31,20,FunctionTransformer(func=<function reshape at 0x7f96934342c0>),RobustScaler(copy=False),"{'first_scale': FunctionTransformer(func=<function mad_scaling_clipping_channel_trial at 0x7f9693434040>), 'frequency': 'passthrough', 'model': HistGradientBoostingRegressor(early_stopping=True, max_iter=300,
                              n_iter_no_change=15, random_state=42,
                              scoring=None), 'model__l2_regularization': 0.001, 'model__learning_rate': 0.05, 'model__max_features': 0.1, 'model__max_leaf_nodes': 31, 'model__min_samples_leaf': 20, 'reshape': FunctionTransformer(func=<function reshape at 0x7f96934342c0>), 'second_scale': RobustScaler(copy=False)}",0.08520461085468811,0.08520461085468811,0.0,1,0.9564493656986301
1,1925.5150964260101,0.0,33.770413398742676,0.0,mad_scaling_clipping_trial_time,complex_cepstrum,HistGradientBoostingRegressor,0.0,0.05,0.1,31,20,FunctionTransformer(func=<function reshape at 0x7f96934342c0>),RobustScaler(copy=False),"{'first_scale': FunctionTransformer(func=<function mad_scaling_clipping_trial_time at 0x7f96934340e0>), 'frequency': FunctionTransformer(func=<function complex_cepstrum at 0x7f96933c77e0>), 'model': HistGradientBoostingRegressor(early_stopping=True, max_iter=300,
                              n_iter_no_change=15, random_state=42,
                              scoring=None), 'model__l2_regularization': 0.0, 'model__learning_rate': 0.05, 'model__max_features': 0.1, 'model__max_leaf_nodes': 31, 'model__min_samples_leaf': 20, 'reshape': FunctionTransformer(func=<function reshape at 0x7f96934342c0>), 'second_scale': RobustScaler(copy=False)}",0.02229118667364427,0.02229118667364427,0.0,2,0.9887915924634249
0,1331.6674010753632,0.0,12.923790693283081,0.0,passthrough,real_cepstrum,HistGradientBoostingRegressor,0.001,0.1,0.1,63,20,FunctionTransformer(func=<function reshape at 0x7f96934342c0>),passthrough,"{'first_scale': 'passthrough', 'frequency': FunctionTransformer(func=<function real_cepstrum at 0x7f96933c7880>), 'model': HistGradientBoostingRegressor(early_stopping=True, max_iter=300,
                              n_iter_no_change=15, random_state=42,
                              scoring=None), 'model__l2_regularization': 0.001, 'model__learning_rate': 0.1, 'model__max_features': 0.1, 'model__max_leaf_nodes': 63, 'model__min_samples_leaf': 20, 'reshape': FunctionTransformer(func=<function reshape at 0x7f96934342c0>), 'second_scale': 'passthrough'}",0.011003939702175725,0.011003939702175725,0.0,2,0.9944828104586948
1,2932.7452671527863,0.0,26.91328263282776,0.0,mad_scaling_clipping_trial_time,passthrough,HistGradientBoostingRegressor,0.0,0.1,0.1,63,20,FunctionTransformer(func=<function reshape at 0x7f96934342c0>),passthrough,"{'first_scale': FunctionTransformer(func=<function mad_scaling_clipping_trial_time at 0x7f96934340e0>), 'frequency': 'passthrough', 'model': HistGradientBoostingRegressor(early_stopping=True, max_iter=300,
                              n_iter_no_change=15, random_state=42,
                              scoring=None), 'model__l2_regularization': 0.0, 'model__learning_rate': 0.1, 'model__max_features': 0.1, 'model__max_leaf_nodes': 63, 'model__min_samples_leaf': 20, 'reshape': FunctionTransformer(func=<function reshape at 0x7f96934342c0>), 'second_scale': 'passthrough'}",0.07389990907045585,0.07389990907045585,0.0,1,0.9623409431846617
0,1435.6281416416168,0.0,14.161598443984985,0.0,passthrough,complex_cepstrum,HistGradientBoostingRegressor,0.001,0.1,0.1,63,20,FunctionTransformer(func=<function reshape at 0x7f96934342c0>),passthrough,"{'first_scale': 'passthrough', 'frequency': FunctionTransformer(func=<function complex_cepstrum at 0x7f96933c77e0>), 'model': HistGradientBoostingRegressor(early_stopping=True, max_iter=300,
                              n_iter_no_change=15, random_state=42,
                              scoring=None), 'model__l2_regularization': 0.001, 'model__learning_rate': 0.1, 'model__max_features': 0.1, 'model__max_leaf_nodes': 63, 'model__min_samples_leaf': 20, 'reshape': FunctionTransformer(func=<function reshape at 0x7f96934342c0>), 'second_scale': 'passthrough'}",0.023334855146334488,0.023334855146334488,0.0,2,0.9882637020824278
1,1601.047908782959,0.0,25.074820041656494,0.0,mad_scaling_clipping_trial_time,power_phase,HistGradientBoostingRegressor,0.0,0.1,0.1,63,20,FunctionTransformer(func=<function reshape at 0x7f96934342c0>),passthrough,"{'first_scale': FunctionTransformer(func=<function mad_scaling_clipping_trial_time at 0x7f96934340e0>), 'frequency': FunctionTransformer(func=<function power_phase at 0x7f96933c7ba0>), 'model': HistGradientBoostingRegressor(early_stopping=True, max_iter=300,
                              n_iter_no_change=15, random_state=42,
                              scoring=None), 'model__l2_regularization': 0.0, 'model__learning_rate': 0.1, 'model__max_features': 0.1, 'model__max_leaf_nodes': 63, 'model__min_samples_leaf': 20, 'reshape': FunctionTransformer(func=<function reshape at 0x7f96934342c0>), 'second_scale': 'passthrough'}",0.07479075884353892,0.07479075884353892,0.0,1,0.9618779762300731
0,4291.250714302063,0.0,4.305080413818359,0.0,passthrough,passthrough,HistGradientBoostingRegressor,0.001,0.1,0.2,63,20,FunctionTransformer(func=<function reshape at 0x7f96934342c0>),passthrough,"{'first_scale': 'passthrough', 'frequency': 'passthrough', 'model': HistGradientBoostingRegressor(early_stopping=True, max_iter=300,
                              n_iter_no_change=15, random_state=42,
                              scoring=None), 'model__l2_regularization': 0.001, 'model__learning_rate': 0.1, 'model__max_features': 0.2, 'model__max_leaf_nodes': 63, 'model__min_samples_leaf': 20, 'reshape': FunctionTransformer(func=<function reshape at 0x7f96934342c0>), 'second_scale': 'passthrough'}",0.07571764954864835,0.07571764954864835,0.0,1,0.9613960424566723
1,2618.091799020767,0.0,46.90199089050293,0.0,mad_scaling_clipping_channel_trial,complex_cepstrum,HistGradientBoostingRegressor,0.0,0.1,0.2,63,20,FunctionTransformer(func=<function reshape at 0x7f96934342c0>),passthrough,"{'first_scale': FunctionTransformer(func=<function mad_scaling_clipping_channel_trial at 0x7f9693434040>), 'frequency': FunctionTransformer(func=<function complex_cepstrum at 0x7f96933c77e0>), 'model': HistGradientBoostingRegressor(early_stopping=True, max_iter=300,
                              n_iter_no_change=15, random_state=42,
                              scoring=None), 'model__l2_regularization': 0.0, 'model__learning_rate': 0.1, 'model__max_features': 0.2, 'model__max_leaf_nodes': 63, 'model__min_samples_leaf': 20, 'reshape': FunctionTransformer(func=<function reshape at 0x7f96934342c0>), 'second_scale': 'passthrough'}",0.01593041740767398,0.01593041740767398,0.0,2,0.9920028138026252
0,1000.0207989215851,0.0,7.620156526565552,0.0,passthrough,real_cepstrum,HistGradientBoostingRegressor,0.001,0.1,0.2,31,20,FunctionTransformer(func=<function reshape at 0x7f96934342c0>),passthrough,"{'first_scale': 'passthrough', 'frequency': FunctionTransformer(func=<function real_cepstrum at 0x7f96933c7880>), 'model': HistGradientBoostingRegressor(early_stopping=True, max_iter=300,
                              n_iter_no_change=15, random_state=42,
                              scoring=None), 'model__l2_regularization': 0.001, 'model__learning_rate': 0.1, 'model__max_features': 0.2, 'model__max_leaf_nodes': 31, 'model__min_samples_leaf': 20, 'reshape': FunctionTransformer(func=<function reshape at 0x7f96934342c0>), 'second_scale': 'passthrough'}",0.009592178440705035,0.009592178440705035,0.0,2,0.9951923540498565
1,1509.7689008712769,0.0,17.621460676193237,0.0,mad_scaling_clipping_trial_time,passthrough,HistGradientBoostingRegressor,0.0,0.1,0.2,31,20,FunctionTransformer(func=<function reshape at 0x7f96934342c0>),passthrough,"{'first_scale': FunctionTransformer(func=<function mad_scaling_clipping_trial_time at 0x7f96934340e0>), 'frequency': 'passthrough', 'model': HistGradientBoostingRegressor(early_stopping=True, max_iter=300,
                              n_iter_no_change=15, random_state=42,
                              scoring=None), 'model__l2_regularization': 0.0, 'model__learning_rate': 0.1, 'model__max_features': 0.2, 'model__max_leaf_nodes': 31, 'model__min_samples_leaf': 20, 'reshape': FunctionTransformer(func=<function reshape at 0x7f96934342c0>), 'second_scale': 'passthrough'}",0.08176397168167082,0.08176397168167082,0.0,1,0.9582463296659838
0,1336.0253632068634,0.0,8.182243347167969,0.0,passthrough,real_cepstrum,HistGradientBoostingRegressor,0.001,0.1,0.2,31,20,FunctionTransformer(func=<function reshape at 0x7f96934342c0>),RobustScaler(copy=False),"{'first_scale': 'passthrough', 'frequency': FunctionTransformer(func=<function real_cepstrum at 0x7f96933c7880>), 'model': HistGradientBoostingRegressor(early_stopping=True, max_iter=300,
                              n_iter_no_change=15, random_state=42,
                              scoring=None), 'model__l2_regularization': 0.001, 'model__learning_rate': 0.1, 'model__max_features': 0.2, 'model__max_leaf_nodes': 31, 'model__min_samples_leaf': 20, 'reshape': FunctionTransformer(func=<function reshape at 0x7f96934342c0>), 'second_scale': RobustScaler(copy=False)}",0.009592178440705035,0.009592178440705035,0.0,2,0.9951923540498565
1,1785.909816980362,0.0,18.7640597820282,0.0,mad_scaling_clipping_trial_time,passthrough,HistGradientBoostingRegressor,0.0,0.1,0.2,31,20,FunctionTransformer(func=<function reshape at 0x7f96934342c0>),RobustScaler(copy=False),"{'first_scale': FunctionTransformer(func=<function mad_scaling_clipping_trial_time at 0x7f96934340e0>), 'frequency': 'passthrough', 'model': HistGradientBoostingRegressor(early_stopping=True, max_iter=300,
                              n_iter_no_change=15, random_state=42,
                              scoring=None), 'model__l2_regularization': 0.0, 'model__learning_rate': 0.1, 'model__max_features': 0.2, 'model__max_leaf_nodes': 31, 'model__min_samples_leaf': 20, 'reshape': FunctionTransformer(func=<function reshape at 0x7f96934342c0>), 'second_scale': RobustScaler(copy=False)}",0.08059233747810601,0.08059233747810601,0.0,1,0.9588574776899297
0,3332.4291129112244,0.0,8.334526777267456,0.0,passthrough,power_phase,HistGradientBoostingRegressor,0.001,0.05,0.2,63,20,FunctionTransformer(func=<function reshape at 0x7f96934342c0>),passthrough,"{'first_scale': 'passthrough', 'frequency': FunctionTransformer(func=<function power_phase at 0x7f96933c7ba0>), 'model': HistGradientBoostingRegressor(early_stopping=True, max_iter=300,
                              n_iter_no_change=15, random_state=42,
                              scoring=None), 'model__l2_regularization': 0.001, 'model__learning_rate': 0.05, 'model__max_features': 0.2, 'model__max_leaf_nodes': 63, 'model__min_samples_leaf': 20, 'reshape': FunctionTransformer(func=<function reshape at 0x7f96934342c0>), 'second_scale': 'passthrough'}",0.08032361486226802,0.08032361486226802,0.0,1,0.9589975939165499
1,6666.005321741104,0.0,41.1917998790741,0.0,mad_scaling_clipping_channel_trial,enveloppe,HistGradientBoostingRegressor,0.0,0.05,0.2,63,20,FunctionTransformer(func=<function reshape at 0x7f96934342c0>),passthrough,"{'first_scale': FunctionTransformer(func=<function mad_scaling_clipping_channel_trial at 0x7f9693434040>), 'frequency': FunctionTransformer(func=<function enveloppe at 0x7f96933c7740>), 'model': HistGradientBoostingRegressor(early_stopping=True, max_iter=300,
                              n_iter_no_change=15, random_state=42,
                              scoring=None), 'model__l2_regularization': 0.0, 'model__learning_rate': 0.05, 'model__max_features': 0.2, 'model__max_leaf_nodes': 63, 'model__min_samples_leaf': 20, 'reshape': FunctionTransformer(func=<function reshape at 0x7f96934342c0>), 'second_scale': 'passthrough'}",0.07170130497959915,0.07170130497959915,0.0,2,0.963482586775911
0,3441.123030424118,0.0,4.032624959945679,0.0,passthrough,passthrough,HistGradientBoostingRegressor,0.001,0.05,0.2,63,20,FunctionTransformer(func=<function reshape at 0x7f96934342c0>),passthrough,"{'first_scale': 'passthrough', 'frequency': 'passthrough', 'model': HistGradientBoostingRegressor(early_stopping=True, max_iter=300,
                              n_iter_no_change=15, random_state=42,
                              scoring=None), 'model__l2_regularization': 0.001, 'model__learning_rate': 0.05, 'model__max_features': 0.2, 'model__max_leaf_nodes': 63, 'model__min_samples_leaf': 20, 'reshape': FunctionTransformer(func=<function reshape at 0x7f96934342c0>), 'second_scale': 'passthrough'}",0.09616531164140085,0.09616531164140085,0.0,1,0.950702208032883
1,3492.7219541072845,0.0,42.30451011657715,0.0,mad_scaling_clipping_channel_trial,complex_cepstrum,HistGradientBoostingRegressor,0.0,0.05,0.2,63,20,FunctionTransformer(func=<function reshape at 0x7f96934342c0>),passthrough,"{'first_scale': FunctionTransformer(func=<function mad_scaling_clipping_channel_trial at 0x7f9693434040>), 'frequency': FunctionTransformer(func=<function complex_cepstrum at 0x7f96933c77e0>), 'model': HistGradientBoostingRegressor(early_stopping=True, max_iter=300,
                              n_iter_no_change=15, random_state=42,
                              scoring=None), 'model__l2_regularization': 0.0, 'model__learning_rate': 0.05, 'model__max_features': 0.2, 'model__max_leaf_nodes': 63, 'model__min_samples_leaf': 20, 'reshape': FunctionTransformer(func=<function reshape at 0x7f96934342c0>), 'second_scale': 'passthrough'}",0.036257215434158385,0.036257215434158385,0.0,2,0.9817040208565113
0,5293.963568210602,0.0,20.971288442611694,0.0,passthrough,enveloppe,HistGradientBoostingRegressor,0.001,0.05,0.05,63,20,FunctionTransformer(func=<function reshape at 0x7f96934342c0>),RobustScaler(copy=False),"{'first_scale': 'passthrough', 'frequency': FunctionTransformer(func=<function enveloppe at 0x7f96933c7740>), 'model': HistGradientBoostingRegressor(early_stopping=True, max_iter=300,
                              n_iter_no_change=15, random_state=42,
                              scoring=None), 'model__l2_regularization': 0.001, 'model__learning_rate': 0.05, 'model__max_features': 0.05, 'model__max_leaf_nodes': 63, 'model__min_samples_leaf': 20, 'reshape': FunctionTransformer(func=<function reshape at 0x7f96934342c0>), 'second_scale': RobustScaler(copy=False)}",0.09391538722650428,0.09391538722650428,0.0,1,0.9518847686424527
1,2518.63334274292,0.0,24.759591341018677,0.0,mad_scaling_clipping_trial_time,real_cepstrum,HistGradientBoostingRegressor,0.0,0.05,0.05,63,20,FunctionTransformer(func=<function reshape at 0x7f96934342c0>),RobustScaler(copy=False),"{'first_scale': FunctionTransformer(func=<function mad_scaling_clipping_trial_time at 0x7f96934340e0>), 'frequency': FunctionTransformer(func=<function real_cepstrum at 0x7f96933c7880>), 'model': HistGradientBoostingRegressor(early_stopping=True, max_iter=300,
                              n_iter_no_change=15, random_state=42,
                              scoring=None), 'model__l2_regularization': 0.0, 'model__learning_rate': 0.05, 'model__max_features': 0.05, 'model__max_leaf_nodes': 63, 'model__min_samples_leaf': 20, 'reshape': FunctionTransformer(func=<function reshape at 0x7f96934342c0>), 'second_scale': RobustScaler(copy=False)}",0.010262197111801319,0.010262197111801319,0.0,2,0.9948556693753113
0,2502.8520011901855,0.0,21.48934316635132,0.0,passthrough,complex_cepstrum,HistGradientBoostingRegressor,0.0,0.05,0.2,31,20,FunctionTransformer(func=<function reshape at 0x7f96934342c0>),RobustScaler(copy=False),"{'first_scale': 'passthrough', 'frequency': FunctionTransformer(func=<function complex_cepstrum at 0x7f96933c77e0>), 'model': HistGradientBoostingRegressor(early_stopping=True, max_iter=300,
                              n_iter_no_change=15, random_state=42,
                              scoring=None), 'model__l2_regularization': 0.0, 'model__learning_rate': 0.05, 'model__max_features': 0.2, 'model__max_leaf_nodes': 31, 'model__min_samples_leaf': 20, 'reshape': FunctionTransformer(func=<function reshape at 0x7f96934342c0>), 'second_scale': RobustScaler(copy=False)}",0.03885718334289301,0.03885718334289301,0.0,2,0.980378914837068
1,2633.951849937439,0.0,27.531518697738647,0.0,mad_scaling_clipping_trial_time,passthrough,HistGradientBoostingRegressor,0.001,0.05,0.2,31,20,FunctionTransformer(func=<function reshape at 0x7f96934342c0>),RobustScaler(copy=False),"{'first_scale': FunctionTransformer(func=<function mad_scaling_clipping_trial_time at 0x7f96934340e0>), 'frequency': 'passthrough', 'model': HistGradientBoostingRegressor(early_stopping=True, max_iter=300,
                              n_iter_no_change=15, random_state=42,
                              scoring=None), 'model__l2_regularization': 0.001, 'model__learning_rate': 0.05, 'model__max_features': 0.2, 'model__max_leaf_nodes': 31, 'model__min_samples_leaf': 20, 'reshape': FunctionTransformer(func=<function reshape at 0x7f96934342c0>), 'second_scale': RobustScaler(copy=False)}",0.09028382145790326,0.09028382145790326,0.0,1,0.9537904269503321
0,3446.9314861297607,0.0,13.37880277633667,0.0,passthrough,real_cepstrum,HistGradientBoostingRegressor,0.0,0.05,0.05,63,20,FunctionTransformer(func=<function reshape at 0x7f96934342c0>),RobustScaler(copy=False),"{'first_scale': 'passthrough', 'frequency': FunctionTransformer(func=<function real_cepstrum at 0x7f96933c7880>), 'model': HistGradientBoostingRegressor(early_stopping=True, max_iter=300,
                              n_iter_no_change=15, random_state=42,
                              scoring=None), 'model__l2_regularization': 0.0, 'model__learning_rate': 0.05, 'model__max_features': 0.05, 'model__max_leaf_nodes': 63, 'model__min_samples_leaf': 20, 'reshape': FunctionTransformer(func=<function reshape at 0x7f96934342c0>), 'second_scale': RobustScaler(copy=False)}",0.013552471379950082,0.013552471379950082,0.0,2,0.9932006487211181
1,8086.872720479965,0.0,47.29854774475098,0.0,mad_scaling_clipping_channel_trial,enveloppe,HistGradientBoostingRegressor,0.001,0.05,0.05,63,20,FunctionTransformer(func=<function reshape at 0x7f96934342c0>),RobustScaler(copy=False),"{'first_scale': FunctionTransformer(func=<function mad_scaling_clipping_channel_trial at 0x7f9693434040>), 'frequency': FunctionTransformer(func=<function enveloppe at 0x7f96933c7740>), 'model': HistGradientBoostingRegressor(early_stopping=True, max_iter=300,
                              n_iter_no_change=15, random_state=42,
                              scoring=None), 'model__l2_regularization': 0.001, 'model__learning_rate': 0.05, 'model__max_features': 0.05, 'model__max_leaf_nodes': 63, 'model__min_samples_leaf': 20, 'reshape': FunctionTransformer(func=<function reshape at 0x7f96934342c0>), 'second_scale': RobustScaler(copy=False)}",0.074528770943037,0.074528770943037,0.0,1,0.9620141522124105
0,3574.9980640411377,0.0,21.15610384941101,0.0,passthrough,complex_cepstrum,HistGradientBoostingRegressor,0.001,0.05,0.05,63,20,FunctionTransformer(func=<function reshape at 0x7f96934342c0>),RobustScaler(copy=False),"{'first_scale': 'passthrough', 'frequency': FunctionTransformer(func=<function complex_cepstrum at 0x7f96933c77e0>), 'model': HistGradientBoostingRegressor(early_stopping=True, max_iter=300,
                              n_iter_no_change=15, random_state=42,
                              scoring=None), 'model__l2_regularization': 0.001, 'model__learning_rate': 0.05, 'model__max_features': 0.05, 'model__max_leaf_nodes': 63, 'model__min_samples_leaf': 20, 'reshape': FunctionTransformer(func=<function reshape at 0x7f96934342c0>), 'second_scale': RobustScaler(copy=False)}",0.03264325133017487,0.03264325133017487,0.0,2,0.9835429572061534
1,3861.3417694568634,0.0,32.54976177215576,0.0,mad_scaling_clipping_trial_time,power_phase,HistGradientBoostingRegressor,0.0,0.05,0.05,63,20,FunctionTransformer(func=<function reshape at 0x7f96934342c0>),RobustScaler(copy=False),"{'first_scale': FunctionTransformer(func=<function mad_scaling_clipping_trial_time at 0x7f96934340e0>), 'frequency': FunctionTransformer(func=<function power_phase at 0x7f96933c7ba0>), 'model': HistGradientBoostingRegressor(early_stopping=True, max_iter=300,
                              n_iter_no_change=15, random_state=42,
                              scoring=None), 'model__l2_regularization': 0.0, 'model__learning_rate': 0.05, 'model__max_features': 0.05, 'model__max_leaf_nodes': 63, 'model__min_samples_leaf': 20, 'reshape': FunctionTransformer(func=<function reshape at 0x7f96934342c0>), 'second_scale': RobustScaler(copy=False)}",0.08760507463966782,0.08760507463966782,0.0,1,0.9551936585637135
0,3479.845749616623,0.0,21.883562088012695,0.0,passthrough,complex_cepstrum,HistGradientBoostingRegressor,0.001,0.05,0.1,63,20,FunctionTransformer(func=<function reshape at 0x7f96934342c0>),passthrough,"{'first_scale': 'passthrough', 'frequency': FunctionTransformer(func=<function complex_cepstrum at 0x7f96933c77e0>), 'model': HistGradientBoostingRegressor(early_stopping=True, max_iter=300,
                              n_iter_no_change=15, random_state=42,
                              scoring=None), 'model__l2_regularization': 0.001, 'model__learning_rate': 0.05, 'model__max_features': 0.1, 'model__max_leaf_nodes': 63, 'model__min_samples_leaf': 20, 'reshape': FunctionTransformer(func=<function reshape at 0x7f96934342c0>), 'second_scale': 'passthrough'}",0.0318233131741219,0.0318233131741219,0.0,2,0.9839596977650447
1,3620.785162448883,0.0,31.24335503578186,0.0,mad_scaling_clipping_trial_time,power_phase,HistGradientBoostingRegressor,0.0,0.05,0.1,63,20,FunctionTransformer(func=<function reshape at 0x7f96934342c0>),passthrough,"{'first_scale': FunctionTransformer(func=<function mad_scaling_clipping_trial_time at 0x7f96934340e0>), 'frequency': FunctionTransformer(func=<function power_phase at 0x7f96933c7ba0>), 'model': HistGradientBoostingRegressor(early_stopping=True, max_iter=300,
                              n_iter_no_change=15, random_state=42,
                              scoring=None), 'model__l2_regularization': 0.0, 'model__learning_rate': 0.05, 'model__max_features': 0.1, 'model__max_leaf_nodes': 63, 'model__min_samples_leaf': 20, 'reshape': FunctionTransformer(func=<function reshape at 0x7f96934342c0>), 'second_scale': 'passthrough'}",0.08564005234062733,0.08564005234062733,0.0,1,0.956221704239855
0,2179.419443130493,0.0,20.75701904296875,0.0,mad_scaling_clipping_channel_trial,passthrough,HistGradientBoostingRegressor,0.001,0.1,0.1,31,20,FunctionTransformer(func=<function reshape at 0x7f96934342c0>),passthrough,"{'first_scale': FunctionTransformer(func=<function mad_scaling_clipping_channel_trial at 0x7f9693434040>), 'frequency': 'passthrough', 'model': HistGradientBoostingRegressor(early_stopping=True, max_iter=300,
                              n_iter_no_change=15, random_state=42,
                              scoring=None), 'model__l2_regularization': 0.001, 'model__learning_rate': 0.1, 'model__max_features': 0.1, 'model__max_leaf_nodes': 31, 'model__min_samples_leaf': 20, 'reshape': FunctionTransformer(func=<function reshape at 0x7f96934342c0>), 'second_scale': 'passthrough'}",0.07886384802018453,0.07886384802018453,0.0,1,0.9597583820836447
1,1401.1683740615845,0.0,40.96286630630493,0.0,mad_scaling_clipping_trial_time,complex_cepstrum,HistGradientBoostingRegressor,0.0,0.1,0.1,31,20,FunctionTransformer(func=<function reshape at 0x7f96934342c0>),passthrough,"{'first_scale': FunctionTransformer(func=<function mad_scaling_clipping_trial_time at 0x7f96934340e0>), 'frequency': FunctionTransformer(func=<function complex_cepstrum at 0x7f96933c77e0>), 'model': HistGradientBoostingRegressor(early_stopping=True, max_iter=300,
                              n_iter_no_change=15, random_state=42,
                              scoring=None), 'model__l2_regularization': 0.0, 'model__learning_rate': 0.1, 'model__max_features': 0.1, 'model__max_leaf_nodes': 31, 'model__min_samples_leaf': 20, 'reshape': FunctionTransformer(func=<function reshape at 0x7f96934342c0>), 'second_scale': 'passthrough'}",0.014178649594365766,0.014178649594365766,0.0,2,0.9928853661957328
0,2381.119640111923,0.0,35.81332015991211,0.0,mad_scaling_clipping_channel_trial,real_cepstrum,HistGradientBoostingRegressor,0.0,0.05,0.2,31,20,FunctionTransformer(func=<function reshape at 0x7f96934342c0>),RobustScaler(copy=False),"{'first_scale': FunctionTransformer(func=<function mad_scaling_clipping_channel_trial at 0x7f9693434040>), 'frequency': FunctionTransformer(func=<function real_cepstrum at 0x7f96933c7880>), 'model': HistGradientBoostingRegressor(early_stopping=True, max_iter=300,
                              n_iter_no_change=15, random_state=42,
                              scoring=None), 'model__l2_regularization': 0.0, 'model__learning_rate': 0.05, 'model__max_features': 0.2, 'model__max_leaf_nodes': 31, 'model__min_samples_leaf': 20, 'reshape': FunctionTransformer(func=<function reshape at 0x7f96934342c0>), 'second_scale': RobustScaler(copy=False)}",0.013445453294708143,0.013445453294708143,0.0,2,0.9932545226201046
1,5486.209088087082,0.0,46.20562553405762,0.0,mad_scaling_clipping_trial_time,enveloppe,HistGradientBoostingRegressor,0.001,0.05,0.2,31,20,FunctionTransformer(func=<function reshape at 0x7f96934342c0>),RobustScaler(copy=False),"{'first_scale': FunctionTransformer(func=<function mad_scaling_clipping_trial_time at 0x7f96934340e0>), 'frequency': FunctionTransformer(func=<function enveloppe at 0x7f96933c7740>), 'model': HistGradientBoostingRegressor(early_stopping=True, max_iter=300,
                              n_iter_no_change=15, random_state=42,
                              scoring=None), 'model__l2_regularization': 0.001, 'model__learning_rate': 0.05, 'model__max_features': 0.2, 'model__max_leaf_nodes': 31, 'model__min_samples_leaf': 20, 'reshape': FunctionTransformer(func=<function reshape at 0x7f96934342c0>), 'second_scale': RobustScaler(copy=False)}",0.08732375430682648,0.08732375430682648,0.0,1,0.9553409054851433
0,2438.4729795455933,0.0,31.32183051109314,0.0,mad_scaling_clipping_channel_trial,power_phase,HistGradientBoostingRegressor,0.0,0.05,0.05,31,20,FunctionTransformer(func=<function reshape at 0x7f96934342c0>),passthrough,"{'first_scale': FunctionTransformer(func=<function mad_scaling_clipping_channel_trial at 0x7f9693434040>), 'frequency': FunctionTransformer(func=<function power_phase at 0x7f96933c7ba0>), 'model': HistGradientBoostingRegressor(early_stopping=True, max_iter=300,
                              n_iter_no_change=15, random_state=42,
                              scoring=None), 'model__l2_regularization': 0.0, 'model__learning_rate': 0.05, 'model__max_features': 0.05, 'model__max_leaf_nodes': 31, 'model__min_samples_leaf': 20, 'reshape': FunctionTransformer(func=<function reshape at 0x7f96934342c0>), 'second_scale': 'passthrough'}",0.07670618325101741,0.07670618325101741,0.0,1,0.960881791246448
1,1872.4510090351105,0.0,41.854578733444214,0.0,mad_scaling_clipping_trial_time,complex_cepstrum,HistGradientBoostingRegressor,0.001,0.05,0.05,31,20,FunctionTransformer(func=<function reshape at 0x7f96934342c0>),passthrough,"{'first_scale': FunctionTransformer(func=<function mad_scaling_clipping_trial_time at 0x7f96934340e0>), 'frequency': FunctionTransformer(func=<function complex_cepstrum at 0x7f96933c77e0>), 'model': HistGradientBoostingRegressor(early_stopping=True, max_iter=300,
                              n_iter_no_change=15, random_state=42,
                              scoring=None), 'model__l2_regularization': 0.001, 'model__learning_rate': 0.05, 'model__max_features': 0.05, 'model__max_leaf_nodes': 31, 'model__min_samples_leaf': 20, 'reshape': FunctionTransformer(func=<function reshape at 0x7f96934342c0>), 'second_scale': 'passthrough'}",0.020525134491894526,0.020525134491894526,0.0,2,0.989684225148661
0,2183.975924730301,0.0,31.469498872756958,0.0,mad_scaling_clipping_channel_trial,power_phase,HistGradientBoostingRegressor,0.0,0.1,0.1,31,20,FunctionTransformer(func=<function reshape at 0x7f96934342c0>),RobustScaler(copy=False),"{'first_scale': FunctionTransformer(func=<function mad_scaling_clipping_channel_trial at 0x7f9693434040>), 'frequency': FunctionTransformer(func=<function power_phase at 0x7f96933c7ba0>), 'model': HistGradientBoostingRegressor(early_stopping=True, max_iter=300,
                              n_iter_no_change=15, random_state=42,
                              scoring=None), 'model__l2_regularization': 0.0, 'model__learning_rate': 0.1, 'model__max_features': 0.1, 'model__max_leaf_nodes': 31, 'model__min_samples_leaf': 20, 'reshape': FunctionTransformer(func=<function reshape at 0x7f96934342c0>), 'second_scale': RobustScaler(copy=False)}",0.06861325970170895,0.06861325970170895,0.0,1,0.9650837996248258
1,1611.1746866703033,0.0,42.79876184463501,0.0,mad_scaling_clipping_trial_time,complex_cepstrum,HistGradientBoostingRegressor,0.001,0.1,0.1,31,20,FunctionTransformer(func=<function reshape at 0x7f96934342c0>),RobustScaler(copy=False),"{'first_scale': FunctionTransformer(func=<function mad_scaling_clipping_trial_time at 0x7f96934340e0>), 'frequency': FunctionTransformer(func=<function complex_cepstrum at 0x7f96933c77e0>), 'model': HistGradientBoostingRegressor(early_stopping=True, max_iter=300,
                              n_iter_no_change=15, random_state=42,
                              scoring=None), 'model__l2_regularization': 0.001, 'model__learning_rate': 0.1, 'model__max_features': 0.1, 'model__max_leaf_nodes': 31, 'model__min_samples_leaf': 20, 'reshape': FunctionTransformer(func=<function reshape at 0x7f96934342c0>), 'second_scale': RobustScaler(copy=False)}",0.014179055406591923,0.014179055406591923,0.0,2,0.9928851618356516
0,2541.244090795517,0.0,18.232419967651367,0.0,mad_scaling_clipping_channel_trial,passthrough,HistGradientBoostingRegressor,0.001,0.05,0.2,63,20,FunctionTransformer(func=<function reshape at 0x7f96934342c0>),passthrough,"{'first_scale': FunctionTransformer(func=<function mad_scaling_clipping_channel_trial at 0x7f9693434040>), 'frequency': 'passthrough', 'model': HistGradientBoostingRegressor(early_stopping=True, max_iter=300,
                              n_iter_no_change=15, random_state=42,
                              scoring=None), 'model__l2_regularization': 0.001, 'model__learning_rate': 0.05, 'model__max_features': 0.2, 'model__max_leaf_nodes': 63, 'model__min_samples_leaf': 20, 'reshape': FunctionTransformer(func=<function reshape at 0x7f96934342c0>), 'second_scale': 'passthrough'}",0.085182830379808,0.085182830379808,0.0,1,0.9564607517405991
1,2428.3631658554077,0.0,31.596765279769897,0.0,mad_scaling_clipping_trial_time,complex_cepstrum,HistGradientBoostingRegressor,0.0,0.05,0.2,63,20,FunctionTransformer(func=<function reshape at 0x7f96934342c0>),passthrough,"{'first_scale': FunctionTransformer(func=<function mad_scaling_clipping_trial_time at 0x7f96934340e0>), 'frequency': FunctionTransformer(func=<function complex_cepstrum at 0x7f96933c77e0>), 'model': HistGradientBoostingRegressor(early_stopping=True, max_iter=300,
                              n_iter_no_change=15, random_state=42,
                              scoring=None), 'model__l2_regularization': 0.0, 'model__learning_rate': 0.05, 'model__max_features': 0.2, 'model__max_leaf_nodes': 63, 'model__min_samples_leaf': 20, 'reshape': FunctionTransformer(func=<function reshape at 0x7f96934342c0>), 'second_scale': 'passthrough'}",0.015853554710573037,0.015853554710573037,0.0,2,0.9920415542150576
0,1086.8963174819946,0.0,15.573664426803589,0.0,passthrough,complex_cepstrum,HistGradientBoostingRegressor,0.001,0.1,0.1,31,20,FunctionTransformer(func=<function reshape at 0x7f96934342c0>),passthrough,"{'first_scale': 'passthrough', 'frequency': FunctionTransformer(func=<function complex_cepstrum at 0x7f96933c77e0>), 'model': HistGradientBoostingRegressor(early_stopping=True, max_iter=300,
                              n_iter_no_change=15, random_state=42,
                              scoring=None), 'model__l2_regularization': 0.001, 'model__learning_rate': 0.1, 'model__max_features': 0.1, 'model__max_leaf_nodes': 31, 'model__min_samples_leaf': 20, 'reshape': FunctionTransformer(func=<function reshape at 0x7f96934342c0>), 'second_scale': 'passthrough'}",0.03144858204312884,0.03144858204312884,0.0,2,0.9841500993023733
1,1779.6047041416168,0.0,28.705477952957153,0.0,mad_scaling_clipping_trial_time,power_phase,HistGradientBoostingRegressor,0.0,0.1,0.1,31,20,FunctionTransformer(func=<function reshape at 0x7f96934342c0>),passthrough,"{'first_scale': FunctionTransformer(func=<function mad_scaling_clipping_trial_time at 0x7f96934340e0>), 'frequency': FunctionTransformer(func=<function power_phase at 0x7f96933c7ba0>), 'model': HistGradientBoostingRegressor(early_stopping=True, max_iter=300,
                              n_iter_no_change=15, random_state=42,
                              scoring=None), 'model__l2_regularization': 0.0, 'model__learning_rate': 0.1, 'model__max_features': 0.1, 'model__max_leaf_nodes': 31, 'model__min_samples_leaf': 20, 'reshape': FunctionTransformer(func=<function reshape at 0x7f96934342c0>), 'second_scale': 'passthrough'}",0.07731154259856599,0.07731154259856599,0.0,1,0.9605667376093313
0,3385.6486744880676,0.0,22.222113132476807,0.0,mad_scaling_clipping_channel_trial,passthrough,HistGradientBoostingRegressor,0.001,0.1,0.1,63,20,FunctionTransformer(func=<function reshape at 0x7f96934342c0>),passthrough,"{'first_scale': FunctionTransformer(func=<function mad_scaling_clipping_channel_trial at 0x7f9693434040>), 'frequency': 'passthrough', 'model': HistGradientBoostingRegressor(early_stopping=True, max_iter=300,
                              n_iter_no_change=15, random_state=42,
                              scoring=None), 'model__l2_regularization': 0.001, 'model__learning_rate': 0.1, 'model__max_features': 0.1, 'model__max_leaf_nodes': 63, 'model__min_samples_leaf': 20, 'reshape': FunctionTransformer(func=<function reshape at 0x7f96934342c0>), 'second_scale': 'passthrough'}",0.07282156700813014,0.07282156700813014,0.0,1,0.9629010504677362
1,2217.4013619422913,0.0,40.07510304450989,0.0,mad_scaling_clipping_trial_time,complex_cepstrum,HistGradientBoostingRegressor,0.0,0.1,0.1,63,20,FunctionTransformer(func=<function reshape at 0x7f96934342c0>),passthrough,"{'first_scale': FunctionTransformer(func=<function mad_scaling_clipping_trial_time at 0x7f96934340e0>), 'frequency': FunctionTransformer(func=<function complex_cepstrum at 0x7f96933c77e0>), 'model': HistGradientBoostingRegressor(early_stopping=True, max_iter=300,
                              n_iter_no_change=15, random_state=42,
                              scoring=None), 'model__l2_regularization': 0.0, 'model__learning_rate': 0.1, 'model__max_features': 0.1, 'model__max_leaf_nodes': 63, 'model__min_samples_leaf': 20, 'reshape': FunctionTransformer(func=<function reshape at 0x7f96934342c0>), 'second_scale': 'passthrough'}",0.00340709695679553,0.00340709695679553,0.0,2,0.998294998005702
0,1544.4793860912323,0.0,2.109290838241577,0.0,passthrough,passthrough,HistGradientBoostingRegressor,0.0,0.1,0.2,31,20,FunctionTransformer(func=<function reshape at 0x7f96934342c0>),passthrough,"{'first_scale': 'passthrough', 'frequency': 'passthrough', 'model': HistGradientBoostingRegressor(early_stopping=True, max_iter=300,
                              n_iter_no_change=15, random_state=42,
                              scoring=None), 'model__l2_regularization': 0.0, 'model__learning_rate': 0.1, 'model__max_features': 0.2, 'model__max_leaf_nodes': 31, 'model__min_samples_leaf': 20, 'reshape': FunctionTransformer(func=<function reshape at 0x7f96934342c0>), 'second_scale': 'passthrough'}",0.0863801558995575,0.0863801558995575,0.0,1,0.9558346321934786
1,1157.1626424789429,0.0,21.610281229019165,0.0,mad_scaling_clipping_channel_trial,real_cepstrum,HistGradientBoostingRegressor,0.001,0.1,0.2,31,20,FunctionTransformer(func=<function reshape at 0x7f96934342c0>),passthrough,"{'first_scale': FunctionTransformer(func=<function mad_scaling_clipping_channel_trial at 0x7f9693434040>), 'frequency': FunctionTransformer(func=<function real_cepstrum at 0x7f96933c7880>), 'model': HistGradientBoostingRegressor(early_stopping=True, max_iter=300,
                              n_iter_no_change=15, random_state=42,
                              scoring=None), 'model__l2_regularization': 0.001, 'model__learning_rate': 0.1, 'model__max_features': 0.2, 'model__max_leaf_nodes': 31, 'model__min_samples_leaf': 20, 'reshape': FunctionTransformer(func=<function reshape at 0x7f96934342c0>), 'second_scale': 'passthrough'}",0.003637759618212111,0.003637759618212111,0.0,2,0.9981794630134342
0,3564.904927253723,0.0,23.958626747131348,0.0,mad_scaling_clipping_channel_trial,passthrough,HistGradientBoostingRegressor,0.001,0.05,0.1,63,20,FunctionTransformer(func=<function reshape at 0x7f96934342c0>),RobustScaler(copy=False),"{'first_scale': FunctionTransformer(func=<function mad_scaling_clipping_channel_trial at 0x7f9693434040>), 'frequency': 'passthrough', 'model': HistGradientBoostingRegressor(early_stopping=True, max_iter=300,
                              n_iter_no_change=15, random_state=42,
                              scoring=None), 'model__l2_regularization': 0.001, 'model__learning_rate': 0.05, 'model__max_features': 0.1, 'model__max_leaf_nodes': 63, 'model__min_samples_leaf': 20, 'reshape': FunctionTransformer(func=<function reshape at 0x7f96934342c0>), 'second_scale': RobustScaler(copy=False)}",0.08439740097662574,0.08439740097662574,0.0,1,0.9568712551975705
1,3186.1263864040375,0.0,39.8496880531311,0.0,mad_scaling_clipping_trial_time,complex_cepstrum,HistGradientBoostingRegressor,0.0,0.05,0.1,63,20,FunctionTransformer(func=<function reshape at 0x7f96934342c0>),RobustScaler(copy=False),"{'first_scale': FunctionTransformer(func=<function mad_scaling_clipping_trial_time at 0x7f96934340e0>), 'frequency': FunctionTransformer(func=<function complex_cepstrum at 0x7f96933c77e0>), 'model': HistGradientBoostingRegressor(early_stopping=True, max_iter=300,
                              n_iter_no_change=15, random_state=42,
                              scoring=None), 'model__l2_regularization': 0.0, 'model__learning_rate': 0.05, 'model__max_features': 0.1, 'model__max_leaf_nodes': 63, 'model__min_samples_leaf': 20, 'reshape': FunctionTransformer(func=<function reshape at 0x7f96934342c0>), 'second_scale': RobustScaler(copy=False)}",0.01588523939655817,0.01588523939655817,0.0,2,0.9920255846516469
0,3386.3902423381805,0.0,15.517969369888306,0.0,passthrough,enveloppe,HistGradientBoostingRegressor,0.001,0.05,0.05,63,20,FunctionTransformer(func=<function reshape at 0x7f96934342c0>),passthrough,"{'first_scale': 'passthrough', 'frequency': FunctionTransformer(func=<function enveloppe at 0x7f96933c7740>), 'model': HistGradientBoostingRegressor(early_stopping=True, max_iter=300,
                              n_iter_no_change=15, random_state=42,
                              scoring=None), 'model__l2_regularization': 0.001, 'model__learning_rate': 0.05, 'model__max_features': 0.05, 'model__max_leaf_nodes': 63, 'model__min_samples_leaf': 20, 'reshape': FunctionTransformer(func=<function reshape at 0x7f96934342c0>), 'second_scale': 'passthrough'}",0.09272382541266833,0.09272382541266833,0.0,1,0.9525104590435381
1,1561.0971207618713,0.0,20.045482635498047,0.0,mad_scaling_clipping_trial_time,real_cepstrum,HistGradientBoostingRegressor,0.0,0.05,0.05,63,20,FunctionTransformer(func=<function reshape at 0x7f96934342c0>),passthrough,"{'first_scale': FunctionTransformer(func=<function mad_scaling_clipping_trial_time at 0x7f96934340e0>), 'frequency': FunctionTransformer(func=<function real_cepstrum at 0x7f96933c7880>), 'model': HistGradientBoostingRegressor(early_stopping=True, max_iter=300,
                              n_iter_no_change=15, random_state=42,
                              scoring=None), 'model__l2_regularization': 0.0, 'model__learning_rate': 0.05, 'model__max_features': 0.05, 'model__max_leaf_nodes': 63, 'model__min_samples_leaf': 20, 'reshape': FunctionTransformer(func=<function reshape at 0x7f96934342c0>), 'second_scale': 'passthrough'}",0.010262197111801319,0.010262197111801319,0.0,2,0.9948556693753113
0,1893.4558339118958,0.0,17.664220809936523,0.0,passthrough,complex_cepstrum,HistGradientBoostingRegressor,0.0,0.05,0.05,31,20,FunctionTransformer(func=<function reshape at 0x7f96934342c0>),RobustScaler(copy=False),"{'first_scale': 'passthrough', 'frequency': FunctionTransformer(func=<function complex_cepstrum at 0x7f96933c77e0>), 'model': HistGradientBoostingRegressor(early_stopping=True, max_iter=300,
                              n_iter_no_change=15, random_state=42,
                              scoring=None), 'model__l2_regularization': 0.0, 'model__learning_rate': 0.05, 'model__max_features': 0.05, 'model__max_leaf_nodes': 31, 'model__min_samples_leaf': 20, 'reshape': FunctionTransformer(func=<function reshape at 0x7f96934342c0>), 'second_scale': RobustScaler(copy=False)}",0.037642084867687164,0.037642084867687164,0.0,2,0.9809984276910503
1,2018.7766363620758,0.0,19.367270708084106,0.0,mad_scaling_clipping_trial_time,passthrough,HistGradientBoostingRegressor,0.001,0.05,0.05,31,20,FunctionTransformer(func=<function reshape at 0x7f96934342c0>),RobustScaler(copy=False),"{'first_scale': FunctionTransformer(func=<function mad_scaling_clipping_trial_time at 0x7f96934340e0>), 'frequency': 'passthrough', 'model': HistGradientBoostingRegressor(early_stopping=True, max_iter=300,
                              n_iter_no_change=15, random_state=42,
                              scoring=None), 'model__l2_regularization': 0.001, 'model__learning_rate': 0.05, 'model__max_features': 0.05, 'model__max_leaf_nodes': 31, 'model__min_samples_leaf': 20, 'reshape': FunctionTransformer(func=<function reshape at 0x7f96934342c0>), 'second_scale': RobustScaler(copy=False)}",0.09156495587100422,0.09156495587100422,0.0,1,0.9531185887018445
0,1643.9830536842346,0.0,20.500110387802124,0.0,passthrough,complex_cepstrum,HistGradientBoostingRegressor,0.001,0.1,0.05,31,20,FunctionTransformer(func=<function reshape at 0x7f96934342c0>),passthrough,"{'first_scale': 'passthrough', 'frequency': FunctionTransformer(func=<function complex_cepstrum at 0x7f96933c77e0>), 'model': HistGradientBoostingRegressor(early_stopping=True, max_iter=300,
                              n_iter_no_change=15, random_state=42,
                              scoring=None), 'model__l2_regularization': 0.001, 'model__learning_rate': 0.1, 'model__max_features': 0.05, 'model__max_leaf_nodes': 31, 'model__min_samples_leaf': 20, 'reshape': FunctionTransformer(func=<function reshape at 0x7f96934342c0>), 'second_scale': 'passthrough'}",0.030768427847410296,0.030768427847410296,0.0,2,0.9844955927542742
1,1759.7137818336487,0.0,31.02130103111267,0.0,mad_scaling_clipping_trial_time,power_phase,HistGradientBoostingRegressor,0.0,0.1,0.05,31,20,FunctionTransformer(func=<function reshape at 0x7f96934342c0>),passthrough,"{'first_scale': FunctionTransformer(func=<function mad_scaling_clipping_trial_time at 0x7f96934340e0>), 'frequency': FunctionTransformer(func=<function power_phase at 0x7f96933c7ba0>), 'model': HistGradientBoostingRegressor(early_stopping=True, max_iter=300,
                              n_iter_no_change=15, random_state=42,
                              scoring=None), 'model__l2_regularization': 0.0, 'model__learning_rate': 0.1, 'model__max_features': 0.05, 'model__max_leaf_nodes': 31, 'model__min_samples_leaf': 20, 'reshape': FunctionTransformer(func=<function reshape at 0x7f96934342c0>), 'second_scale': 'passthrough'}",0.08127661324756841,0.08127661324756841,0.0,1,0.9585005929849139
0,1860.0996408462524,0.0,6.340313911437988,0.0,passthrough,power_phase,HistGradientBoostingRegressor,0.0,0.1,0.05,63,20,FunctionTransformer(func=<function reshape at 0x7f96934342c0>),RobustScaler(copy=False),"{'first_scale': 'passthrough', 'frequency': FunctionTransformer(func=<function power_phase at 0x7f96933c7ba0>), 'model': HistGradientBoostingRegressor(early_stopping=True, max_iter=300,
                              n_iter_no_change=15, random_state=42,
                              scoring=None), 'model__l2_regularization': 0.0, 'model__learning_rate': 0.1, 'model__max_features': 0.05, 'model__max_leaf_nodes': 63, 'model__min_samples_leaf': 20, 'reshape': FunctionTransformer(func=<function reshape at 0x7f96934342c0>), 'second_scale': RobustScaler(copy=False)}",0.06591335071080318,0.06591335071080318,0.0,1,0.9664815824883559
1,1239.4577820301056,0.0,31.07374405860901,0.0,mad_scaling_clipping_channel_trial,complex_cepstrum,HistGradientBoostingRegressor,0.001,0.1,0.05,63,20,FunctionTransformer(func=<function reshape at 0x7f96934342c0>),RobustScaler(copy=False),"{'first_scale': FunctionTransformer(func=<function mad_scaling_clipping_channel_trial at 0x7f9693434040>), 'frequency': FunctionTransformer(func=<function complex_cepstrum at 0x7f96933c77e0>), 'model': HistGradientBoostingRegressor(early_stopping=True, max_iter=300,
                              n_iter_no_change=15, random_state=42,
                              scoring=None), 'model__l2_regularization': 0.001, 'model__learning_rate': 0.1, 'model__max_features': 0.05, 'model__max_leaf_nodes': 63, 'model__min_samples_leaf': 20, 'reshape': FunctionTransformer(func=<function reshape at 0x7f96934342c0>), 'second_scale': RobustScaler(copy=False)}",0.024941668847178966,0.024941668847178966,0.0,2,0.9874504195922047
0,5730.397768974304,0.0,33.72909688949585,0.0,passthrough,enveloppe,HistGradientBoostingRegressor,0.0,0.05,0.05,31,20,FunctionTransformer(func=<function reshape at 0x7f96934342c0>),RobustScaler(copy=False),"{'first_scale': 'passthrough', 'frequency': FunctionTransformer(func=<function enveloppe at 0x7f96933c7740>), 'model': HistGradientBoostingRegressor(early_stopping=True, max_iter=300,
                              n_iter_no_change=15, random_state=42,
                              scoring=None), 'model__l2_regularization': 0.0, 'model__learning_rate': 0.05, 'model__max_features': 0.05, 'model__max_leaf_nodes': 31, 'model__min_samples_leaf': 20, 'reshape': FunctionTransformer(func=<function reshape at 0x7f96934342c0>), 'second_scale': RobustScaler(copy=False)}",0.09419061171403831,0.09419061171403831,0.0,1,0.9517401894876362
1,3130.0910954475403,0.0,35.092068910598755,0.0,mad_scaling_clipping_trial_time,power_phase,HistGradientBoostingRegressor,0.001,0.05,0.05,31,20,FunctionTransformer(func=<function reshape at 0x7f96934342c0>),RobustScaler(copy=False),"{'first_scale': FunctionTransformer(func=<function mad_scaling_clipping_trial_time at 0x7f96934340e0>), 'frequency': FunctionTransformer(func=<function power_phase at 0x7f96933c7ba0>), 'model': HistGradientBoostingRegressor(early_stopping=True, max_iter=300,
                              n_iter_no_change=15, random_state=42,
                              scoring=None), 'model__l2_regularization': 0.001, 'model__learning_rate': 0.05, 'model__max_features': 0.05, 'model__max_leaf_nodes': 31, 'model__min_samples_leaf': 20, 'reshape': FunctionTransformer(func=<function reshape at 0x7f96934342c0>), 'second_scale': RobustScaler(copy=False)}",0.0893580931251472,0.0893580931251472,0.0,2,0.9542755927272021
0,2104.5717675685883,0.0,29.30250382423401,0.0,mad_scaling_clipping_channel_trial,power_phase,HistGradientBoostingRegressor,0.0,0.1,0.1,63,20,FunctionTransformer(func=<function reshape at 0x7f96934342c0>),RobustScaler(copy=False),"{'first_scale': FunctionTransformer(func=<function mad_scaling_clipping_channel_trial at 0x7f9693434040>), 'frequency': FunctionTransformer(func=<function power_phase at 0x7f96933c7ba0>), 'model': HistGradientBoostingRegressor(early_stopping=True, max_iter=300,
                              n_iter_no_change=15, random_state=42,
                              scoring=None), 'model__l2_regularization': 0.0, 'model__learning_rate': 0.1, 'model__max_features': 0.1, 'model__max_leaf_nodes': 63, 'model__min_samples_leaf': 20, 'reshape': FunctionTransformer(func=<function reshape at 0x7f96934342c0>), 'second_scale': RobustScaler(copy=False)}",0.05706519737713567,0.05706519737713567,0.0,1,0.9710483008701803
1,1562.696578502655,0.0,43.28713822364807,0.0,mad_scaling_clipping_trial_time,complex_cepstrum,HistGradientBoostingRegressor,0.001,0.1,0.1,63,20,FunctionTransformer(func=<function reshape at 0x7f96934342c0>),RobustScaler(copy=False),"{'first_scale': FunctionTransformer(func=<function mad_scaling_clipping_trial_time at 0x7f96934340e0>), 'frequency': FunctionTransformer(func=<function complex_cepstrum at 0x7f96933c77e0>), 'model': HistGradientBoostingRegressor(early_stopping=True, max_iter=300,
                              n_iter_no_change=15, random_state=42,
                              scoring=None), 'model__l2_regularization': 0.001, 'model__learning_rate': 0.1, 'model__max_features': 0.1, 'model__max_leaf_nodes': 63, 'model__min_samples_leaf': 20, 'reshape': FunctionTransformer(func=<function reshape at 0x7f96934342c0>), 'second_scale': RobustScaler(copy=False)}",0.008600649834270335,0.008600649834270335,0.0,2,0.9956903887081213
0,2517.670817375183,0.0,29.80658268928528,0.0,mad_scaling_clipping_channel_trial,power_phase,HistGradientBoostingRegressor,0.0,0.1,0.05,31,20,FunctionTransformer(func=<function reshape at 0x7f96934342c0>),passthrough,"{'first_scale': FunctionTransformer(func=<function mad_scaling_clipping_channel_trial at 0x7f9693434040>), 'frequency': FunctionTransformer(func=<function power_phase at 0x7f96933c7ba0>), 'model': HistGradientBoostingRegressor(early_stopping=True, max_iter=300,
                              n_iter_no_change=15, random_state=42,
                              scoring=None), 'model__l2_regularization': 0.0, 'model__learning_rate': 0.1, 'model__max_features': 0.05, 'model__max_leaf_nodes': 31, 'model__min_samples_leaf': 20, 'reshape': FunctionTransformer(func=<function reshape at 0x7f96934342c0>), 'second_scale': 'passthrough'}",0.0663255744016783,0.0663255744016783,0.0,1,0.966268298972041
1,1421.4552364349365,0.0,42.759735345840454,0.0,mad_scaling_clipping_trial_time,complex_cepstrum,HistGradientBoostingRegressor,0.001,0.1,0.05,31,20,FunctionTransformer(func=<function reshape at 0x7f96934342c0>),passthrough,"{'first_scale': FunctionTransformer(func=<function mad_scaling_clipping_trial_time at 0x7f96934340e0>), 'frequency': FunctionTransformer(func=<function complex_cepstrum at 0x7f96933c77e0>), 'model': HistGradientBoostingRegressor(early_stopping=True, max_iter=300,
                              n_iter_no_change=15, random_state=42,
                              scoring=None), 'model__l2_regularization': 0.001, 'model__learning_rate': 0.1, 'model__max_features': 0.05, 'model__max_leaf_nodes': 31, 'model__min_samples_leaf': 20, 'reshape': FunctionTransformer(func=<function reshape at 0x7f96934342c0>), 'second_scale': 'passthrough'}",0.016921521518516003,0.016921521518516003,0.0,2,0.9915031409337461
0,8641.372960090637,0.0,29.769730806350708,0.0,passthrough,enveloppe,HistGradientBoostingRegressor,0.001,0.05,0.2,63,20,FunctionTransformer(func=<function reshape at 0x7f96934342c0>),passthrough,"{'first_scale': 'passthrough', 'frequency': FunctionTransformer(func=<function enveloppe at 0x7f96933c7740>), 'model': HistGradientBoostingRegressor(early_stopping=True, max_iter=300,
                              n_iter_no_change=15, random_state=42,
                              scoring=None), 'model__l2_regularization': 0.001, 'model__learning_rate': 0.05, 'model__max_features': 0.2, 'model__max_leaf_nodes': 63, 'model__min_samples_leaf': 20, 'reshape': FunctionTransformer(func=<function reshape at 0x7f96934342c0>), 'second_scale': 'passthrough'}",0.09279312371746007,0.09279312371746007,0.0,1,0.9524740816854493
1,4365.709304332733,0.0,45.30830788612366,0.0,mad_scaling_clipping_trial_time,real_cepstrum,HistGradientBoostingRegressor,0.0,0.05,0.2,63,20,FunctionTransformer(func=<function reshape at 0x7f96934342c0>),passthrough,"{'first_scale': FunctionTransformer(func=<function mad_scaling_clipping_trial_time at 0x7f96934340e0>), 'frequency': FunctionTransformer(func=<function real_cepstrum at 0x7f96933c7880>), 'model': HistGradientBoostingRegressor(early_stopping=True, max_iter=300,
                              n_iter_no_change=15, random_state=42,
                              scoring=None), 'model__l2_regularization': 0.0, 'model__learning_rate': 0.05, 'model__max_features': 0.2, 'model__max_leaf_nodes': 63, 'model__min_samples_leaf': 20, 'reshape': FunctionTransformer(func=<function reshape at 0x7f96934342c0>), 'second_scale': 'passthrough'}",0.01024149883110903,0.01024149883110903,0.0,2,0.9948660719759675
0,7379.314171791077,0.0,112.10149121284485,0.0,passthrough,complex_cepstrum,HistGradientBoostingRegressor,0.001,0.1,0.2,63,20,FunctionTransformer(func=<function reshape at 0x7f96934342c0>),passthrough,"{'first_scale': 'passthrough', 'frequency': FunctionTransformer(func=<function complex_cepstrum at 0x7f96933c77e0>), 'model': HistGradientBoostingRegressor(early_stopping=True, max_iter=300,
                              n_iter_no_change=15, random_state=42,
                              scoring=None), 'model__l2_regularization': 0.001, 'model__learning_rate': 0.1, 'model__max_features': 0.2, 'model__max_leaf_nodes': 63, 'model__min_samples_leaf': 20, 'reshape': FunctionTransformer(func=<function reshape at 0x7f96934342c0>), 'second_scale': 'passthrough'}",0.017420473696647343,0.017420473696647343,0.0,2,0.9912514949816482
1,8253.360516786575,0.0,175.20767879486084,0.0,mad_scaling_clipping_trial_time,power_phase,HistGradientBoostingRegressor,0.0,0.1,0.2,63,20,FunctionTransformer(func=<function reshape at 0x7f96934342c0>),passthrough,"{'first_scale': FunctionTransformer(func=<function mad_scaling_clipping_trial_time at 0x7f96934340e0>), 'frequency': FunctionTransformer(func=<function power_phase at 0x7f96933c7ba0>), 'model': HistGradientBoostingRegressor(early_stopping=True, max_iter=300,
                              n_iter_no_change=15, random_state=42,
                              scoring=None), 'model__l2_regularization': 0.0, 'model__learning_rate': 0.1, 'model__max_features': 0.2, 'model__max_leaf_nodes': 63, 'model__min_samples_leaf': 20, 'reshape': FunctionTransformer(func=<function reshape at 0x7f96934342c0>), 'second_scale': 'passthrough'}",0.06995950824631991,0.06995950824631991,0.0,1,0.964386069867084
0,12277.32366347313,0.0,62.59291625022888,0.0,passthrough,power_phase,HistGradientBoostingRegressor,0.001,0.05,0.1,63,20,FunctionTransformer(func=<function reshape at 0x7f96934342c0>),RobustScaler(copy=False),"{'first_scale': 'passthrough', 'frequency': FunctionTransformer(func=<function power_phase at 0x7f96933c7ba0>), 'model': HistGradientBoostingRegressor(early_stopping=True, max_iter=300,
                              n_iter_no_change=15, random_state=42,
                              scoring=None), 'model__l2_regularization': 0.001, 'model__learning_rate': 0.05, 'model__max_features': 0.1, 'model__max_leaf_nodes': 63, 'model__min_samples_leaf': 20, 'reshape': FunctionTransformer(func=<function reshape at 0x7f96934342c0>), 'second_scale': RobustScaler(copy=False)}",0.08189474334407121,0.08189474334407121,0.0,1,0.9581780923481442
1,12214.10385107994,0.0,44.8516902923584,0.0,mad_scaling_clipping_channel_trial,enveloppe,HistGradientBoostingRegressor,0.0,0.05,0.1,63,20,FunctionTransformer(func=<function reshape at 0x7f96934342c0>),RobustScaler(copy=False),"{'first_scale': FunctionTransformer(func=<function mad_scaling_clipping_channel_trial at 0x7f9693434040>), 'frequency': FunctionTransformer(func=<function enveloppe at 0x7f96933c7740>), 'model': HistGradientBoostingRegressor(early_stopping=True, max_iter=300,
                              n_iter_no_change=15, random_state=42,
                              scoring=None), 'model__l2_regularization': 0.0, 'model__learning_rate': 0.05, 'model__max_features': 0.1, 'model__max_leaf_nodes': 63, 'model__min_samples_leaf': 20, 'reshape': FunctionTransformer(func=<function reshape at 0x7f96934342c0>), 'second_scale': RobustScaler(copy=False)}",0.07193016622348847,0.07193016622348847,0.0,2,0.9633638117432642
0,931.0455212593079,0.0,6.5545337200164795,0.0,passthrough,real_cepstrum,HistGradientBoostingRegressor,0.001,0.05,0.05,31,20,FunctionTransformer(func=<function reshape at 0x7f96934342c0>),passthrough,"{'first_scale': 'passthrough', 'frequency': FunctionTransformer(func=<function real_cepstrum at 0x7f96933c7880>), 'model': HistGradientBoostingRegressor(early_stopping=True, max_iter=300,
                              n_iter_no_change=15, random_state=42,
                              scoring=None), 'model__l2_regularization': 0.001, 'model__learning_rate': 0.05, 'model__max_features': 0.05, 'model__max_leaf_nodes': 31, 'model__min_samples_leaf': 20, 'reshape': FunctionTransformer(func=<function reshape at 0x7f96934342c0>), 'second_scale': 'passthrough'}",0.018157469148465943,0.018157469148465943,0.0,2,0.9908796752641231
1,1102.3862526416779,0.0,15.237006902694702,0.0,mad_scaling_clipping_trial_time,passthrough,HistGradientBoostingRegressor,0.0,0.05,0.05,31,20,FunctionTransformer(func=<function reshape at 0x7f96934342c0>),passthrough,"{'first_scale': FunctionTransformer(func=<function mad_scaling_clipping_trial_time at 0x7f96934340e0>), 'frequency': 'passthrough', 'model': HistGradientBoostingRegressor(early_stopping=True, max_iter=300,
                              n_iter_no_change=15, random_state=42,
                              scoring=None), 'model__l2_regularization': 0.0, 'model__learning_rate': 0.05, 'model__max_features': 0.05, 'model__max_leaf_nodes': 31, 'model__min_samples_leaf': 20, 'reshape': FunctionTransformer(func=<function reshape at 0x7f96934342c0>), 'second_scale': 'passthrough'}",0.08960055181090465,0.08960055181090465,0.0,1,0.9541485461861247
0,3628.1320230960846,0.0,20.819558143615723,0.0,passthrough,enveloppe,HistGradientBoostingRegressor,0.001,0.1,0.1,31,20,FunctionTransformer(func=<function reshape at 0x7f96934342c0>),RobustScaler(copy=False),"{'first_scale': 'passthrough', 'frequency': FunctionTransformer(func=<function enveloppe at 0x7f96933c7740>), 'model': HistGradientBoostingRegressor(early_stopping=True, max_iter=300,
                              n_iter_no_change=15, random_state=42,
                              scoring=None), 'model__l2_regularization': 0.001, 'model__learning_rate': 0.1, 'model__max_features': 0.1, 'model__max_leaf_nodes': 31, 'model__min_samples_leaf': 20, 'reshape': FunctionTransformer(func=<function reshape at 0x7f96934342c0>), 'second_scale': RobustScaler(copy=False)}",0.08793461027845995,0.08793461027845995,0.0,1,0.9550211462169516
1,994.6239233016968,0.0,23.407402753829956,0.0,mad_scaling_clipping_trial_time,real_cepstrum,HistGradientBoostingRegressor,0.0,0.1,0.1,31,20,FunctionTransformer(func=<function reshape at 0x7f96934342c0>),RobustScaler(copy=False),"{'first_scale': FunctionTransformer(func=<function mad_scaling_clipping_trial_time at 0x7f96934340e0>), 'frequency': FunctionTransformer(func=<function real_cepstrum at 0x7f96933c7880>), 'model': HistGradientBoostingRegressor(early_stopping=True, max_iter=300,
                              n_iter_no_change=15, random_state=42,
                              scoring=None), 'model__l2_regularization': 0.0, 'model__learning_rate': 0.1, 'model__max_features': 0.1, 'model__max_leaf_nodes': 31, 'model__min_samples_leaf': 20, 'reshape': FunctionTransformer(func=<function reshape at 0x7f96934342c0>), 'second_scale': RobustScaler(copy=False)}",0.010693417083319279,0.010693417083319279,0.0,2,0.9946389208736408
0,1783.523246049881,0.0,9.135879039764404,0.0,passthrough,power_phase,HistGradientBoostingRegressor,0.001,0.1,0.1,63,20,FunctionTransformer(func=<function reshape at 0x7f96934342c0>),RobustScaler(copy=False),"{'first_scale': 'passthrough', 'frequency': FunctionTransformer(func=<function power_phase at 0x7f96933c7ba0>), 'model': HistGradientBoostingRegressor(early_stopping=True, max_iter=300,
                              n_iter_no_change=15, random_state=42,
                              scoring=None), 'model__l2_regularization': 0.001, 'model__learning_rate': 0.1, 'model__max_features': 0.1, 'model__max_leaf_nodes': 63, 'model__min_samples_leaf': 20, 'reshape': FunctionTransformer(func=<function reshape at 0x7f96934342c0>), 'second_scale': RobustScaler(copy=False)}",0.0684913537865619,0.0684913537865619,0.0,1,0.9651469557603329
1,4381.426617383957,0.0,33.7989821434021,0.0,mad_scaling_clipping_channel_trial,enveloppe,HistGradientBoostingRegressor,0.0,0.1,0.1,63,20,FunctionTransformer(func=<function reshape at 0x7f96934342c0>),RobustScaler(copy=False),"{'first_scale': FunctionTransformer(func=<function mad_scaling_clipping_channel_trial at 0x7f9693434040>), 'frequency': FunctionTransformer(func=<function enveloppe at 0x7f96933c7740>), 'model': HistGradientBoostingRegressor(early_stopping=True, max_iter=300,
                              n_iter_no_change=15, random_state=42,
                              scoring=None), 'model__l2_regularization': 0.0, 'model__learning_rate': 0.1, 'model__max_features': 0.1, 'model__max_leaf_nodes': 63, 'model__min_samples_leaf': 20, 'reshape': FunctionTransformer(func=<function reshape at 0x7f96934342c0>), 'second_scale': RobustScaler(copy=False)}",0.050659995232131494,0.050659995232131494,0.0,2,0.9743408052462282
0,3479.1220786571503,0.0,25.48230218887329,0.0,mad_scaling_clipping_channel_trial,passthrough,HistGradientBoostingRegressor,0.0,0.05,0.2,63,20,FunctionTransformer(func=<function reshape at 0x7f96934342c0>),passthrough,"{'first_scale': FunctionTransformer(func=<function mad_scaling_clipping_channel_trial at 0x7f9693434040>), 'frequency': 'passthrough', 'model': HistGradientBoostingRegressor(early_stopping=True, max_iter=300,
                              n_iter_no_change=15, random_state=42,
                              scoring=None), 'model__l2_regularization': 0.0, 'model__learning_rate': 0.05, 'model__max_features': 0.2, 'model__max_leaf_nodes': 63, 'model__min_samples_leaf': 20, 'reshape': FunctionTransformer(func=<function reshape at 0x7f96934342c0>), 'second_scale': 'passthrough'}",0.08634615504630694,0.08634615504630694,0.0,1,0.9558524179776359
1,3336.844857931137,0.0,36.83487105369568,0.0,mad_scaling_clipping_trial_time,real_cepstrum,HistGradientBoostingRegressor,0.001,0.05,0.2,63,20,FunctionTransformer(func=<function reshape at 0x7f96934342c0>),passthrough,"{'first_scale': FunctionTransformer(func=<function mad_scaling_clipping_trial_time at 0x7f96934340e0>), 'frequency': FunctionTransformer(func=<function real_cepstrum at 0x7f96933c7880>), 'model': HistGradientBoostingRegressor(early_stopping=True, max_iter=300,
                              n_iter_no_change=15, random_state=42,
                              scoring=None), 'model__l2_regularization': 0.001, 'model__learning_rate': 0.05, 'model__max_features': 0.2, 'model__max_leaf_nodes': 63, 'model__min_samples_leaf': 20, 'reshape': FunctionTransformer(func=<function reshape at 0x7f96934342c0>), 'second_scale': 'passthrough'}",0.01199063306629522,0.01199063306629522,0.0,2,0.993986602995083
0,2692.8881583213806,0.0,3.321357011795044,0.0,passthrough,passthrough,HistGradientBoostingRegressor,0.001,0.05,0.05,63,20,FunctionTransformer(func=<function reshape at 0x7f96934342c0>),RobustScaler(copy=False),"{'first_scale': 'passthrough', 'frequency': 'passthrough', 'model': HistGradientBoostingRegressor(early_stopping=True, max_iter=300,
                              n_iter_no_change=15, random_state=42,
                              scoring=None), 'model__l2_regularization': 0.001, 'model__learning_rate': 0.05, 'model__max_features': 0.05, 'model__max_leaf_nodes': 63, 'model__min_samples_leaf': 20, 'reshape': FunctionTransformer(func=<function reshape at 0x7f96934342c0>), 'second_scale': RobustScaler(copy=False)}",0.09356939221649963,0.09356939221649963,0.0,1,0.9520664933624648
1,2710.2183961868286,0.0,32.115986824035645,0.0,mad_scaling_clipping_channel_trial,complex_cepstrum,HistGradientBoostingRegressor,0.0,0.05,0.05,63,20,FunctionTransformer(func=<function reshape at 0x7f96934342c0>),RobustScaler(copy=False),"{'first_scale': FunctionTransformer(func=<function mad_scaling_clipping_channel_trial at 0x7f9693434040>), 'frequency': FunctionTransformer(func=<function complex_cepstrum at 0x7f96933c77e0>), 'model': HistGradientBoostingRegressor(early_stopping=True, max_iter=300,
                              n_iter_no_change=15, random_state=42,
                              scoring=None), 'model__l2_regularization': 0.0, 'model__learning_rate': 0.05, 'model__max_features': 0.05, 'model__max_leaf_nodes': 63, 'model__min_samples_leaf': 20, 'reshape': FunctionTransformer(func=<function reshape at 0x7f96934342c0>), 'second_scale': RobustScaler(copy=False)}",0.03181861793909935,0.03181861793909935,0.0,2,0.9839620836500259
0,1510.8390135765076,0.0,5.627371072769165,0.0,passthrough,power_phase,HistGradientBoostingRegressor,0.001,0.1,0.05,63,20,FunctionTransformer(func=<function reshape at 0x7f96934342c0>),RobustScaler(copy=False),"{'first_scale': 'passthrough', 'frequency': FunctionTransformer(func=<function power_phase at 0x7f96933c7ba0>), 'model': HistGradientBoostingRegressor(early_stopping=True, max_iter=300,
                              n_iter_no_change=15, random_state=42,
                              scoring=None), 'model__l2_regularization': 0.001, 'model__learning_rate': 0.1, 'model__max_features': 0.05, 'model__max_leaf_nodes': 63, 'model__min_samples_leaf': 20, 'reshape': FunctionTransformer(func=<function reshape at 0x7f96934342c0>), 'second_scale': RobustScaler(copy=False)}",0.07095240215449516,0.07095240215449516,0.0,1,0.9638711520973666
1,4917.10177397728,0.0,29.108427047729492,0.0,mad_scaling_clipping_channel_trial,enveloppe,HistGradientBoostingRegressor,0.0,0.1,0.05,63,20,FunctionTransformer(func=<function reshape at 0x7f96934342c0>),RobustScaler(copy=False),"{'first_scale': FunctionTransformer(func=<function mad_scaling_clipping_channel_trial at 0x7f9693434040>), 'frequency': FunctionTransformer(func=<function enveloppe at 0x7f96933c7740>), 'model': HistGradientBoostingRegressor(early_stopping=True, max_iter=300,
                              n_iter_no_change=15, random_state=42,
                              scoring=None), 'model__l2_regularization': 0.0, 'model__learning_rate': 0.1, 'model__max_features': 0.05, 'model__max_leaf_nodes': 63, 'model__min_samples_leaf': 20, 'reshape': FunctionTransformer(func=<function reshape at 0x7f96934342c0>), 'second_scale': RobustScaler(copy=False)}",0.05684341743846755,0.05684341743846755,0.0,2,0.9711624902978556
0,2148.9216797351837,0.0,21.088237524032593,0.0,passthrough,complex_cepstrum,HistGradientBoostingRegressor,0.0,0.1,0.1,31,20,FunctionTransformer(func=<function reshape at 0x7f96934342c0>),passthrough,"{'first_scale': 'passthrough', 'frequency': FunctionTransformer(func=<function complex_cepstrum at 0x7f96933c77e0>), 'model': HistGradientBoostingRegressor(early_stopping=True, max_iter=300,
                              n_iter_no_change=15, random_state=42,
                              scoring=None), 'model__l2_regularization': 0.0, 'model__learning_rate': 0.1, 'model__max_features': 0.1, 'model__max_leaf_nodes': 31, 'model__min_samples_leaf': 20, 'reshape': FunctionTransformer(func=<function reshape at 0x7f96934342c0>), 'second_scale': 'passthrough'}",0.027655426152040197,0.027655426152040197,0.0,2,0.9860753388296251
1,2139.960344314575,0.0,22.05545949935913,0.0,mad_scaling_clipping_trial_time,passthrough,HistGradientBoostingRegressor,0.001,0.1,0.1,31,20,FunctionTransformer(func=<function reshape at 0x7f96934342c0>),passthrough,"{'first_scale': FunctionTransformer(func=<function mad_scaling_clipping_trial_time at 0x7f96934340e0>), 'frequency': 'passthrough', 'model': HistGradientBoostingRegressor(early_stopping=True, max_iter=300,
                              n_iter_no_change=15, random_state=42,
                              scoring=None), 'model__l2_regularization': 0.001, 'model__learning_rate': 0.1, 'model__max_features': 0.1, 'model__max_leaf_nodes': 31, 'model__min_samples_leaf': 20, 'reshape': FunctionTransformer(func=<function reshape at 0x7f96934342c0>), 'second_scale': 'passthrough'}",0.07954329931068083,0.07954329931068083,0.0,1,0.9594043468159393
0,3933.9069843292236,0.0,32.74426317214966,0.0,mad_scaling_clipping_channel_trial,power_phase,HistGradientBoostingRegressor,0.0,0.05,0.2,63,20,FunctionTransformer(func=<function reshape at 0x7f96934342c0>),passthrough,"{'first_scale': FunctionTransformer(func=<function mad_scaling_clipping_channel_trial at 0x7f9693434040>), 'frequency': FunctionTransformer(func=<function power_phase at 0x7f96933c7ba0>), 'model': HistGradientBoostingRegressor(early_stopping=True, max_iter=300,
                              n_iter_no_change=15, random_state=42,
                              scoring=None), 'model__l2_regularization': 0.0, 'model__learning_rate': 0.05, 'model__max_features': 0.2, 'model__max_leaf_nodes': 63, 'model__min_samples_leaf': 20, 'reshape': FunctionTransformer(func=<function reshape at 0x7f96934342c0>), 'second_scale': 'passthrough'}",0.07759729031951257,0.07759729031951257,0.0,1,0.9604179869621806
1,3353.2584023475647,0.0,45.39137578010559,0.0,mad_scaling_clipping_trial_time,complex_cepstrum,HistGradientBoostingRegressor,0.001,0.05,0.2,63,20,FunctionTransformer(func=<function reshape at 0x7f96934342c0>),passthrough,"{'first_scale': FunctionTransformer(func=<function mad_scaling_clipping_trial_time at 0x7f96934340e0>), 'frequency': FunctionTransformer(func=<function complex_cepstrum at 0x7f96933c77e0>), 'model': HistGradientBoostingRegressor(early_stopping=True, max_iter=300,
                              n_iter_no_change=15, random_state=42,
                              scoring=None), 'model__l2_regularization': 0.001, 'model__learning_rate': 0.05, 'model__max_features': 0.2, 'model__max_leaf_nodes': 63, 'model__min_samples_leaf': 20, 'reshape': FunctionTransformer(func=<function reshape at 0x7f96934342c0>), 'second_scale': 'passthrough'}",0.019353892833902653,0.019353892833902653,0.0,2,0.9902757732904998
0,2916.3370184898376,0.0,3.167396068572998,0.0,passthrough,passthrough,HistGradientBoostingRegressor,0.001,0.1,0.1,63,20,FunctionTransformer(func=<function reshape at 0x7f96934342c0>),passthrough,"{'first_scale': 'passthrough', 'frequency': 'passthrough', 'model': HistGradientBoostingRegressor(early_stopping=True, max_iter=300,
                              n_iter_no_change=15, random_state=42,
                              scoring=None), 'model__l2_regularization': 0.001, 'model__learning_rate': 0.1, 'model__max_features': 0.1, 'model__max_leaf_nodes': 63, 'model__min_samples_leaf': 20, 'reshape': FunctionTransformer(func=<function reshape at 0x7f96934342c0>), 'second_scale': 'passthrough'}",0.07954821991615135,0.07954821991615135,0.0,1,0.9594017824060203
1,1644.399572134018,0.0,37.02927207946777,0.0,mad_scaling_clipping_channel_trial,complex_cepstrum,HistGradientBoostingRegressor,0.0,0.1,0.1,63,20,FunctionTransformer(func=<function reshape at 0x7f96934342c0>),passthrough,"{'first_scale': FunctionTransformer(func=<function mad_scaling_clipping_channel_trial at 0x7f9693434040>), 'frequency': FunctionTransformer(func=<function complex_cepstrum at 0x7f96933c77e0>), 'model': HistGradientBoostingRegressor(early_stopping=True, max_iter=300,
                              n_iter_no_change=15, random_state=42,
                              scoring=None), 'model__l2_regularization': 0.0, 'model__learning_rate': 0.1, 'model__max_features': 0.1, 'model__max_leaf_nodes': 63, 'model__min_samples_leaf': 20, 'reshape': FunctionTransformer(func=<function reshape at 0x7f96934342c0>), 'second_scale': 'passthrough'}",0.019718076241862503,0.019718076241862503,0.0,2,0.9900918764226568
0,2948.7262704372406,0.0,23.221052646636963,0.0,mad_scaling_clipping_channel_trial,passthrough,HistGradientBoostingRegressor,0.001,0.1,0.05,63,20,FunctionTransformer(func=<function reshape at 0x7f96934342c0>),passthrough,"{'first_scale': FunctionTransformer(func=<function mad_scaling_clipping_channel_trial at 0x7f9693434040>), 'frequency': 'passthrough', 'model': HistGradientBoostingRegressor(early_stopping=True, max_iter=300,
                              n_iter_no_change=15, random_state=42,
                              scoring=None), 'model__l2_regularization': 0.001, 'model__learning_rate': 0.1, 'model__max_features': 0.05, 'model__max_leaf_nodes': 63, 'model__min_samples_leaf': 20, 'reshape': FunctionTransformer(func=<function reshape at 0x7f96934342c0>), 'second_scale': 'passthrough'}",0.06910173605493908,0.06910173605493908,0.0,1,0.9648306918548253
1,2053.727710723877,0.0,39.27073311805725,0.0,mad_scaling_clipping_trial_time,complex_cepstrum,HistGradientBoostingRegressor,0.0,0.1,0.05,63,20,FunctionTransformer(func=<function reshape at 0x7f96934342c0>),passthrough,"{'first_scale': FunctionTransformer(func=<function mad_scaling_clipping_trial_time at 0x7f96934340e0>), 'frequency': FunctionTransformer(func=<function complex_cepstrum at 0x7f96933c77e0>), 'model': HistGradientBoostingRegressor(early_stopping=True, max_iter=300,
                              n_iter_no_change=15, random_state=42,
                              scoring=None), 'model__l2_regularization': 0.0, 'model__learning_rate': 0.1, 'model__max_features': 0.05, 'model__max_leaf_nodes': 63, 'model__min_samples_leaf': 20, 'reshape': FunctionTransformer(func=<function reshape at 0x7f96934342c0>), 'second_scale': 'passthrough'}",0.006526645603029957,0.006526645603029957,0.0,2,0.9967313351134146
0,1523.425030708313,0.0,8.437873601913452,0.0,passthrough,real_cepstrum,HistGradientBoostingRegressor,0.0,0.05,0.1,31,20,FunctionTransformer(func=<function reshape at 0x7f96934342c0>),passthrough,"{'first_scale': 'passthrough', 'frequency': FunctionTransformer(func=<function real_cepstrum at 0x7f96933c7880>), 'model': HistGradientBoostingRegressor(early_stopping=True, max_iter=300,
                              n_iter_no_change=15, random_state=42,
                              scoring=None), 'model__l2_regularization': 0.0, 'model__learning_rate': 0.05, 'model__max_features': 0.1, 'model__max_leaf_nodes': 31, 'model__min_samples_leaf': 20, 'reshape': FunctionTransformer(func=<function reshape at 0x7f96934342c0>), 'second_scale': 'passthrough'}",0.017027472989893266,0.017027472989893266,0.0,2,0.9914497097735753
1,3405.0273616313934,0.0,34.517515420913696,0.0,mad_scaling_clipping_channel_trial,enveloppe,HistGradientBoostingRegressor,0.001,0.05,0.1,31,20,FunctionTransformer(func=<function reshape at 0x7f96934342c0>),passthrough,"{'first_scale': FunctionTransformer(func=<function mad_scaling_clipping_channel_trial at 0x7f9693434040>), 'frequency': FunctionTransformer(func=<function enveloppe at 0x7f96933c7740>), 'model': HistGradientBoostingRegressor(early_stopping=True, max_iter=300,
                              n_iter_no_change=15, random_state=42,
                              scoring=None), 'model__l2_regularization': 0.001, 'model__learning_rate': 0.05, 'model__max_features': 0.1, 'model__max_leaf_nodes': 31, 'model__min_samples_leaf': 20, 'reshape': FunctionTransformer(func=<function reshape at 0x7f96934342c0>), 'second_scale': 'passthrough'}",0.07391481575361913,0.07391481575361913,0.0,1,0.9623331981420888
0,2878.153603553772,0.0,20.67956280708313,0.0,passthrough,complex_cepstrum,HistGradientBoostingRegressor,0.0,0.1,0.2,63,20,FunctionTransformer(func=<function reshape at 0x7f96934342c0>),RobustScaler(copy=False),"{'first_scale': 'passthrough', 'frequency': FunctionTransformer(func=<function complex_cepstrum at 0x7f96933c77e0>), 'model': HistGradientBoostingRegressor(early_stopping=True, max_iter=300,
                              n_iter_no_change=15, random_state=42,
                              scoring=None), 'model__l2_regularization': 0.0, 'model__learning_rate': 0.1, 'model__max_features': 0.2, 'model__max_leaf_nodes': 63, 'model__min_samples_leaf': 20, 'reshape': FunctionTransformer(func=<function reshape at 0x7f96934342c0>), 'second_scale': RobustScaler(copy=False)}",0.020786723536731944,0.020786723536731944,0.0,2,0.9895520584907436
1,3270.2242221832275,0.0,26.061546087265015,0.0,mad_scaling_clipping_trial_time,passthrough,HistGradientBoostingRegressor,0.001,0.1,0.2,63,20,FunctionTransformer(func=<function reshape at 0x7f96934342c0>),RobustScaler(copy=False),"{'first_scale': FunctionTransformer(func=<function mad_scaling_clipping_trial_time at 0x7f96934340e0>), 'frequency': 'passthrough', 'model': HistGradientBoostingRegressor(early_stopping=True, max_iter=300,
                              n_iter_no_change=15, random_state=42,
                              scoring=None), 'model__l2_regularization': 0.001, 'model__learning_rate': 0.1, 'model__max_features': 0.2, 'model__max_leaf_nodes': 63, 'model__min_samples_leaf': 20, 'reshape': FunctionTransformer(func=<function reshape at 0x7f96934342c0>), 'second_scale': RobustScaler(copy=False)}",0.07140238719328185,0.07140238719328185,0.0,1,0.9636376978962157
0,2730.7266891002655,0.0,3.364180088043213,0.0,passthrough,passthrough,HistGradientBoostingRegressor,0.0,0.05,0.2,31,20,FunctionTransformer(func=<function reshape at 0x7f96934342c0>),passthrough,"{'first_scale': 'passthrough', 'frequency': 'passthrough', 'model': HistGradientBoostingRegressor(early_stopping=True, max_iter=300,
                              n_iter_no_change=15, random_state=42,
                              scoring=None), 'model__l2_regularization': 0.0, 'model__learning_rate': 0.05, 'model__max_features': 0.2, 'model__max_leaf_nodes': 31, 'model__min_samples_leaf': 20, 'reshape': FunctionTransformer(func=<function reshape at 0x7f96934342c0>), 'second_scale': 'passthrough'}",0.09211575817055662,0.09211575817055662,0.0,1,0.952829597477662
1,2521.4889652729034,0.0,34.31292772293091,0.0,mad_scaling_clipping_channel_trial,real_cepstrum,HistGradientBoostingRegressor,0.001,0.05,0.2,31,20,FunctionTransformer(func=<function reshape at 0x7f96934342c0>),passthrough,"{'first_scale': FunctionTransformer(func=<function mad_scaling_clipping_channel_trial at 0x7f9693434040>), 'frequency': FunctionTransformer(func=<function real_cepstrum at 0x7f96933c7880>), 'model': HistGradientBoostingRegressor(early_stopping=True, max_iter=300,
                              n_iter_no_change=15, random_state=42,
                              scoring=None), 'model__l2_regularization': 0.001, 'model__learning_rate': 0.05, 'model__max_features': 0.2, 'model__max_leaf_nodes': 31, 'model__min_samples_leaf': 20, 'reshape': FunctionTransformer(func=<function reshape at 0x7f96934342c0>), 'second_scale': 'passthrough'}",0.012382461297429703,0.012382461297429703,0.0,2,0.9937894840973969
0,2291.994435787201,0.0,8.833709001541138,0.0,passthrough,real_cepstrum,HistGradientBoostingRegressor,0.001,0.05,0.1,63,20,FunctionTransformer(func=<function reshape at 0x7f96934342c0>),passthrough,"{'first_scale': 'passthrough', 'frequency': FunctionTransformer(func=<function real_cepstrum at 0x7f96933c7880>), 'model': HistGradientBoostingRegressor(early_stopping=True, max_iter=300,
                              n_iter_no_change=15, random_state=42,
                              scoring=None), 'model__l2_regularization': 0.001, 'model__learning_rate': 0.05, 'model__max_features': 0.1, 'model__max_leaf_nodes': 63, 'model__min_samples_leaf': 20, 'reshape': FunctionTransformer(func=<function reshape at 0x7f96934342c0>), 'second_scale': 'passthrough'}",0.013564004493660686,0.013564004493660686,0.0,2,0.9931948426700268
1,2622.213698387146,0.0,19.178621530532837,0.0,mad_scaling_clipping_trial_time,passthrough,HistGradientBoostingRegressor,0.0,0.05,0.1,63,20,FunctionTransformer(func=<function reshape at 0x7f96934342c0>),passthrough,"{'first_scale': FunctionTransformer(func=<function mad_scaling_clipping_trial_time at 0x7f96934340e0>), 'frequency': 'passthrough', 'model': HistGradientBoostingRegressor(early_stopping=True, max_iter=300,
                              n_iter_no_change=15, random_state=42,
                              scoring=None), 'model__l2_regularization': 0.0, 'model__learning_rate': 0.05, 'model__max_features': 0.1, 'model__max_leaf_nodes': 63, 'model__min_samples_leaf': 20, 'reshape': FunctionTransformer(func=<function reshape at 0x7f96934342c0>), 'second_scale': 'passthrough'}",0.0885318907075473,0.0885318907075473,0.0,1,0.954708389662756
0,4827.8964874744415,0.0,20.346940994262695,0.0,passthrough,enveloppe,HistGradientBoostingRegressor,0.0,0.1,0.05,63,20,FunctionTransformer(func=<function reshape at 0x7f96934342c0>),RobustScaler(copy=False),"{'first_scale': 'passthrough', 'frequency': FunctionTransformer(func=<function enveloppe at 0x7f96933c7740>), 'model': HistGradientBoostingRegressor(early_stopping=True, max_iter=300,
                              n_iter_no_change=15, random_state=42,
                              scoring=None), 'model__l2_regularization': 0.0, 'model__learning_rate': 0.1, 'model__max_features': 0.05, 'model__max_leaf_nodes': 63, 'model__min_samples_leaf': 20, 'reshape': FunctionTransformer(func=<function reshape at 0x7f96934342c0>), 'second_scale': RobustScaler(copy=False)}",0.07492546109857712,0.07492546109857712,0.0,1,0.9618079532325686
1,2211.812844276428,0.0,25.149860382080078,0.0,mad_scaling_clipping_trial_time,power_phase,HistGradientBoostingRegressor,0.001,0.1,0.05,63,20,FunctionTransformer(func=<function reshape at 0x7f96934342c0>),RobustScaler(copy=False),"{'first_scale': FunctionTransformer(func=<function mad_scaling_clipping_trial_time at 0x7f96934340e0>), 'frequency': FunctionTransformer(func=<function power_phase at 0x7f96933c7ba0>), 'model': HistGradientBoostingRegressor(early_stopping=True, max_iter=300,
                              n_iter_no_change=15, random_state=42,
                              scoring=None), 'model__l2_regularization': 0.001, 'model__learning_rate': 0.1, 'model__max_features': 0.05, 'model__max_leaf_nodes': 63, 'model__min_samples_leaf': 20, 'reshape': FunctionTransformer(func=<function reshape at 0x7f96934342c0>), 'second_scale': RobustScaler(copy=False)}",0.07145657884632595,0.07145657884632595,0.0,2,0.963609579214359
0,1323.409484386444,0.0,13.660801887512207,0.0,passthrough,complex_cepstrum,HistGradientBoostingRegressor,0.001,0.1,0.2,31,20,FunctionTransformer(func=<function reshape at 0x7f96934342c0>),passthrough,"{'first_scale': 'passthrough', 'frequency': FunctionTransformer(func=<function complex_cepstrum at 0x7f96933c77e0>), 'model': HistGradientBoostingRegressor(early_stopping=True, max_iter=300,
                              n_iter_no_change=15, random_state=42,
                              scoring=None), 'model__l2_regularization': 0.001, 'model__learning_rate': 0.1, 'model__max_features': 0.2, 'model__max_leaf_nodes': 31, 'model__min_samples_leaf': 20, 'reshape': FunctionTransformer(func=<function reshape at 0x7f96934342c0>), 'second_scale': 'passthrough'}",0.032969638150875835,0.032969638150875835,0.0,2,0.9833770191788723
1,2096.9512536525726,0.0,32.55685615539551,0.0,mad_scaling_clipping_trial_time,power_phase,HistGradientBoostingRegressor,0.0,0.1,0.2,31,20,FunctionTransformer(func=<function reshape at 0x7f96934342c0>),passthrough,"{'first_scale': FunctionTransformer(func=<function mad_scaling_clipping_trial_time at 0x7f96934340e0>), 'frequency': FunctionTransformer(func=<function power_phase at 0x7f96933c7ba0>), 'model': HistGradientBoostingRegressor(early_stopping=True, max_iter=300,
                              n_iter_no_change=15, random_state=42,
                              scoring=None), 'model__l2_regularization': 0.0, 'model__learning_rate': 0.1, 'model__max_features': 0.2, 'model__max_leaf_nodes': 31, 'model__min_samples_leaf': 20, 'reshape': FunctionTransformer(func=<function reshape at 0x7f96934342c0>), 'second_scale': 'passthrough'}",0.08391936337999584,0.08391936337999584,0.0,1,0.9571210146162313
0,1263.2188551425934,0.0,19.451802492141724,0.0,mad_scaling_clipping_channel_trial,power_phase,HistGradientBoostingRegressor,0.001,0.1,0.1,63,20,FunctionTransformer(func=<function reshape at 0x7f96934342c0>),RobustScaler(copy=False),"{'first_scale': FunctionTransformer(func=<function mad_scaling_clipping_channel_trial at 0x7f9693434040>), 'frequency': FunctionTransformer(func=<function power_phase at 0x7f96933c7ba0>), 'model': HistGradientBoostingRegressor(early_stopping=True, max_iter=300,
                              n_iter_no_change=15, random_state=42,
                              scoring=None), 'model__l2_regularization': 0.001, 'model__learning_rate': 0.1, 'model__max_features': 0.1, 'model__max_leaf_nodes': 63, 'model__min_samples_leaf': 20, 'reshape': FunctionTransformer(func=<function reshape at 0x7f96934342c0>), 'second_scale': RobustScaler(copy=False)}",0.055505830402594825,0.055505830402594825,0.0,2,0.971850898850953
1,2834.817289829254,0.0,30.27694320678711,0.0,mad_scaling_clipping_trial_time,enveloppe,HistGradientBoostingRegressor,0.0,0.1,0.1,63,20,FunctionTransformer(func=<function reshape at 0x7f96934342c0>),RobustScaler(copy=False),"{'first_scale': FunctionTransformer(func=<function mad_scaling_clipping_trial_time at 0x7f96934340e0>), 'frequency': FunctionTransformer(func=<function enveloppe at 0x7f96933c7740>), 'model': HistGradientBoostingRegressor(early_stopping=True, max_iter=300,
                              n_iter_no_change=15, random_state=42,
                              scoring=None), 'model__l2_regularization': 0.0, 'model__learning_rate': 0.1, 'model__max_features': 0.1, 'model__max_leaf_nodes': 63, 'model__min_samples_leaf': 20, 'reshape': FunctionTransformer(func=<function reshape at 0x7f96934342c0>), 'second_scale': RobustScaler(copy=False)}",0.07295186558333033,0.07295186558333033,0.0,1,0.9628333887109803
0,3173.2176423072815,0.0,13.542635679244995,0.0,passthrough,real_cepstrum,HistGradientBoostingRegressor,0.001,0.05,0.2,63,20,FunctionTransformer(func=<function reshape at 0x7f96934342c0>),passthrough,"{'first_scale': 'passthrough', 'frequency': FunctionTransformer(func=<function real_cepstrum at 0x7f96933c7880>), 'model': HistGradientBoostingRegressor(early_stopping=True, max_iter=300,
                              n_iter_no_change=15, random_state=42,
                              scoring=None), 'model__l2_regularization': 0.001, 'model__learning_rate': 0.05, 'model__max_features': 0.2, 'model__max_leaf_nodes': 63, 'model__min_samples_leaf': 20, 'reshape': FunctionTransformer(func=<function reshape at 0x7f96934342c0>), 'second_scale': 'passthrough'}",0.018789809348453756,0.018789809348453756,0.0,2,0.9905605436577546
1,3432.6358585357666,0.0,26.687241077423096,0.0,mad_scaling_clipping_trial_time,passthrough,HistGradientBoostingRegressor,0.0,0.05,0.2,63,20,FunctionTransformer(func=<function reshape at 0x7f96934342c0>),passthrough,"{'first_scale': FunctionTransformer(func=<function mad_scaling_clipping_trial_time at 0x7f96934340e0>), 'frequency': 'passthrough', 'model': HistGradientBoostingRegressor(early_stopping=True, max_iter=300,
                              n_iter_no_change=15, random_state=42,
                              scoring=None), 'model__l2_regularization': 0.0, 'model__learning_rate': 0.05, 'model__max_features': 0.2, 'model__max_leaf_nodes': 63, 'model__min_samples_leaf': 20, 'reshape': FunctionTransformer(func=<function reshape at 0x7f96934342c0>), 'second_scale': 'passthrough'}",0.08791722502859056,0.08791722502859056,0.0,1,0.9550302481970974
0,3833.532784461975,0.0,30.12286639213562,0.0,mad_scaling_clipping_channel_trial,passthrough,HistGradientBoostingRegressor,0.001,0.05,0.1,63,20,FunctionTransformer(func=<function reshape at 0x7f96934342c0>),passthrough,"{'first_scale': FunctionTransformer(func=<function mad_scaling_clipping_channel_trial at 0x7f9693434040>), 'frequency': 'passthrough', 'model': HistGradientBoostingRegressor(early_stopping=True, max_iter=300,
                              n_iter_no_change=15, random_state=42,
                              scoring=None), 'model__l2_regularization': 0.001, 'model__learning_rate': 0.05, 'model__max_features': 0.1, 'model__max_leaf_nodes': 63, 'model__min_samples_leaf': 20, 'reshape': FunctionTransformer(func=<function reshape at 0x7f96934342c0>), 'second_scale': 'passthrough'}",0.08439740097662574,0.08439740097662574,0.0,1,0.9568712551975705
1,3681.244029521942,0.0,49.88567900657654,0.0,mad_scaling_clipping_trial_time,complex_cepstrum,HistGradientBoostingRegressor,0.0,0.05,0.1,63,20,FunctionTransformer(func=<function reshape at 0x7f96934342c0>),passthrough,"{'first_scale': FunctionTransformer(func=<function mad_scaling_clipping_trial_time at 0x7f96934340e0>), 'frequency': FunctionTransformer(func=<function complex_cepstrum at 0x7f96933c77e0>), 'model': HistGradientBoostingRegressor(early_stopping=True, max_iter=300,
                              n_iter_no_change=15, random_state=42,
                              scoring=None), 'model__l2_regularization': 0.0, 'model__learning_rate': 0.05, 'model__max_features': 0.1, 'model__max_leaf_nodes': 63, 'model__min_samples_leaf': 20, 'reshape': FunctionTransformer(func=<function reshape at 0x7f96934342c0>), 'second_scale': 'passthrough'}",0.01588523939655817,0.01588523939655817,0.0,2,0.9920255846516469
0,1669.6462061405182,0.0,19.70418071746826,0.0,mad_scaling_clipping_channel_trial,power_phase,HistGradientBoostingRegressor,0.0,0.05,0.1,63,20,FunctionTransformer(func=<function reshape at 0x7f96934342c0>),passthrough,"{'first_scale': FunctionTransformer(func=<function mad_scaling_clipping_channel_trial at 0x7f9693434040>), 'frequency': FunctionTransformer(func=<function power_phase at 0x7f96933c7ba0>), 'model': HistGradientBoostingRegressor(early_stopping=True, max_iter=300,
                              n_iter_no_change=15, random_state=42,
                              scoring=None), 'model__l2_regularization': 0.0, 'model__learning_rate': 0.05, 'model__max_features': 0.1, 'model__max_leaf_nodes': 63, 'model__min_samples_leaf': 20, 'reshape': FunctionTransformer(func=<function reshape at 0x7f96934342c0>), 'second_scale': 'passthrough'}",0.0725328481485713,0.0725328481485713,0.0,1,0.9630509601529031
1,1672.2311973571777,0.0,27.381662368774414,0.0,mad_scaling_clipping_trial_time,complex_cepstrum,HistGradientBoostingRegressor,0.001,0.05,0.1,63,20,FunctionTransformer(func=<function reshape at 0x7f96934342c0>),passthrough,"{'first_scale': FunctionTransformer(func=<function mad_scaling_clipping_trial_time at 0x7f96934340e0>), 'frequency': FunctionTransformer(func=<function complex_cepstrum at 0x7f96933c77e0>), 'model': HistGradientBoostingRegressor(early_stopping=True, max_iter=300,
                              n_iter_no_change=15, random_state=42,
                              scoring=None), 'model__l2_regularization': 0.001, 'model__learning_rate': 0.05, 'model__max_features': 0.1, 'model__max_leaf_nodes': 63, 'model__min_samples_leaf': 20, 'reshape': FunctionTransformer(func=<function reshape at 0x7f96934342c0>), 'second_scale': 'passthrough'}",0.014992829660234963,0.014992829660234963,0.0,2,0.9924752744223733
0,8704.330951452255,0.0,31.062143564224243,0.0,passthrough,enveloppe,HistGradientBoostingRegressor,0.0,0.05,0.1,63,20,FunctionTransformer(func=<function reshape at 0x7f96934342c0>),RobustScaler(copy=False),"{'first_scale': 'passthrough', 'frequency': FunctionTransformer(func=<function enveloppe at 0x7f96933c7740>), 'model': HistGradientBoostingRegressor(early_stopping=True, max_iter=300,
                              n_iter_no_change=15, random_state=42,
                              scoring=None), 'model__l2_regularization': 0.0, 'model__learning_rate': 0.05, 'model__max_features': 0.1, 'model__max_leaf_nodes': 63, 'model__min_samples_leaf': 20, 'reshape': FunctionTransformer(func=<function reshape at 0x7f96934342c0>), 'second_scale': RobustScaler(copy=False)}",0.08848301895825839,0.08848301895825839,0.0,1,0.9547339844384621
1,4104.995742321014,0.0,35.44934797286987,0.0,mad_scaling_clipping_trial_time,power_phase,HistGradientBoostingRegressor,0.001,0.05,0.1,63,20,FunctionTransformer(func=<function reshape at 0x7f96934342c0>),RobustScaler(copy=False),"{'first_scale': FunctionTransformer(func=<function mad_scaling_clipping_trial_time at 0x7f96934340e0>), 'frequency': FunctionTransformer(func=<function power_phase at 0x7f96933c7ba0>), 'model': HistGradientBoostingRegressor(early_stopping=True, max_iter=300,
                              n_iter_no_change=15, random_state=42,
                              scoring=None), 'model__l2_regularization': 0.001, 'model__learning_rate': 0.05, 'model__max_features': 0.1, 'model__max_leaf_nodes': 63, 'model__min_samples_leaf': 20, 'reshape': FunctionTransformer(func=<function reshape at 0x7f96934342c0>), 'second_scale': RobustScaler(copy=False)}",0.0860705527171628,0.0860705527171628,0.0,2,0.9559965728405292
0,2610.108744621277,0.0,23.95325016975403,0.0,mad_scaling_clipping_channel_trial,passthrough,HistGradientBoostingRegressor,0.001,0.05,0.05,31,20,FunctionTransformer(func=<function reshape at 0x7f96934342c0>),RobustScaler(copy=False),"{'first_scale': FunctionTransformer(func=<function mad_scaling_clipping_channel_trial at 0x7f9693434040>), 'frequency': 'passthrough', 'model': HistGradientBoostingRegressor(early_stopping=True, max_iter=300,
                              n_iter_no_change=15, random_state=42,
                              scoring=None), 'model__l2_regularization': 0.001, 'model__learning_rate': 0.05, 'model__max_features': 0.05, 'model__max_leaf_nodes': 31, 'model__min_samples_leaf': 20, 'reshape': FunctionTransformer(func=<function reshape at 0x7f96934342c0>), 'second_scale': RobustScaler(copy=False)}",0.08805375998660236,0.08805375998660236,0.0,1,0.9549587635146335
1,2074.4784729480743,0.0,43.39430856704712,0.0,mad_scaling_clipping_trial_time,complex_cepstrum,HistGradientBoostingRegressor,0.0,0.05,0.05,31,20,FunctionTransformer(func=<function reshape at 0x7f96934342c0>),RobustScaler(copy=False),"{'first_scale': FunctionTransformer(func=<function mad_scaling_clipping_trial_time at 0x7f96934340e0>), 'frequency': FunctionTransformer(func=<function complex_cepstrum at 0x7f96933c77e0>), 'model': HistGradientBoostingRegressor(early_stopping=True, max_iter=300,
                              n_iter_no_change=15, random_state=42,
                              scoring=None), 'model__l2_regularization': 0.0, 'model__learning_rate': 0.05, 'model__max_features': 0.05, 'model__max_leaf_nodes': 31, 'model__min_samples_leaf': 20, 'reshape': FunctionTransformer(func=<function reshape at 0x7f96934342c0>), 'second_scale': RobustScaler(copy=False)}",0.020525032124910858,0.020525032124910858,0.0,2,0.9896842768656523
0,2619.8765783309937,0.0,22.149365663528442,0.0,mad_scaling_clipping_channel_trial,passthrough,HistGradientBoostingRegressor,0.001,0.05,0.05,31,20,FunctionTransformer(func=<function reshape at 0x7f96934342c0>),passthrough,"{'first_scale': FunctionTransformer(func=<function mad_scaling_clipping_channel_trial at 0x7f9693434040>), 'frequency': 'passthrough', 'model': HistGradientBoostingRegressor(early_stopping=True, max_iter=300,
                              n_iter_no_change=15, random_state=42,
                              scoring=None), 'model__l2_regularization': 0.001, 'model__learning_rate': 0.05, 'model__max_features': 0.05, 'model__max_leaf_nodes': 31, 'model__min_samples_leaf': 20, 'reshape': FunctionTransformer(func=<function reshape at 0x7f96934342c0>), 'second_scale': 'passthrough'}",0.08805377317976792,0.08805377317976792,0.0,1,0.9549587566069186
1,2064.297997236252,0.0,44.641907930374146,0.0,mad_scaling_clipping_trial_time,complex_cepstrum,HistGradientBoostingRegressor,0.0,0.05,0.05,31,20,FunctionTransformer(func=<function reshape at 0x7f96934342c0>),passthrough,"{'first_scale': FunctionTransformer(func=<function mad_scaling_clipping_trial_time at 0x7f96934340e0>), 'frequency': FunctionTransformer(func=<function complex_cepstrum at 0x7f96933c77e0>), 'model': HistGradientBoostingRegressor(early_stopping=True, max_iter=300,
                              n_iter_no_change=15, random_state=42,
                              scoring=None), 'model__l2_regularization': 0.0, 'model__learning_rate': 0.05, 'model__max_features': 0.05, 'model__max_leaf_nodes': 31, 'model__min_samples_leaf': 20, 'reshape': FunctionTransformer(func=<function reshape at 0x7f96934342c0>), 'second_scale': 'passthrough'}",0.020525032124910858,0.020525032124910858,0.0,2,0.9896842768656523
0,2167.7706305980682,0.0,21.348092079162598,0.0,mad_scaling_clipping_channel_trial,passthrough,HistGradientBoostingRegressor,0.001,0.1,0.2,31,20,FunctionTransformer(func=<function reshape at 0x7f96934342c0>),passthrough,"{'first_scale': FunctionTransformer(func=<function mad_scaling_clipping_channel_trial at 0x7f9693434040>), 'frequency': 'passthrough', 'model': HistGradientBoostingRegressor(early_stopping=True, max_iter=300,
                              n_iter_no_change=15, random_state=42,
                              scoring=None), 'model__l2_regularization': 0.001, 'model__learning_rate': 0.1, 'model__max_features': 0.2, 'model__max_leaf_nodes': 31, 'model__min_samples_leaf': 20, 'reshape': FunctionTransformer(func=<function reshape at 0x7f96934342c0>), 'second_scale': 'passthrough'}",0.07849478021585865,0.07849478021585865,0.0,1,0.9599506340349703
1,1722.6445627212524,0.0,41.958130836486816,0.0,mad_scaling_clipping_trial_time,complex_cepstrum,HistGradientBoostingRegressor,0.0,0.1,0.2,31,20,FunctionTransformer(func=<function reshape at 0x7f96934342c0>),passthrough,"{'first_scale': FunctionTransformer(func=<function mad_scaling_clipping_trial_time at 0x7f96934340e0>), 'frequency': FunctionTransformer(func=<function complex_cepstrum at 0x7f96933c77e0>), 'model': HistGradientBoostingRegressor(early_stopping=True, max_iter=300,
                              n_iter_no_change=15, random_state=42,
                              scoring=None), 'model__l2_regularization': 0.0, 'model__learning_rate': 0.1, 'model__max_features': 0.2, 'model__max_leaf_nodes': 31, 'model__min_samples_leaf': 20, 'reshape': FunctionTransformer(func=<function reshape at 0x7f96934342c0>), 'second_scale': 'passthrough'}",0.011452420006890507,0.011452420006890507,0.0,2,0.9942573006989235
0,2518.7927339076996,0.0,27.9515438079834,0.0,mad_scaling_clipping_channel_trial,passthrough,HistGradientBoostingRegressor,0.0,0.05,0.05,31,20,FunctionTransformer(func=<function reshape at 0x7f96934342c0>),RobustScaler(copy=False),"{'first_scale': FunctionTransformer(func=<function mad_scaling_clipping_channel_trial at 0x7f9693434040>), 'frequency': 'passthrough', 'model': HistGradientBoostingRegressor(early_stopping=True, max_iter=300,
                              n_iter_no_change=15, random_state=42,
                              scoring=None), 'model__l2_regularization': 0.0, 'model__learning_rate': 0.05, 'model__max_features': 0.05, 'model__max_leaf_nodes': 31, 'model__min_samples_leaf': 20, 'reshape': FunctionTransformer(func=<function reshape at 0x7f96934342c0>), 'second_scale': RobustScaler(copy=False)}",0.08805402890334046,0.08805402890334046,0.0,1,0.9549586227144397
1,2317.1069588661194,0.0,38.21401500701904,0.0,mad_scaling_clipping_trial_time,real_cepstrum,HistGradientBoostingRegressor,0.001,0.05,0.05,31,20,FunctionTransformer(func=<function reshape at 0x7f96934342c0>),RobustScaler(copy=False),"{'first_scale': FunctionTransformer(func=<function mad_scaling_clipping_trial_time at 0x7f96934340e0>), 'frequency': FunctionTransformer(func=<function real_cepstrum at 0x7f96933c7880>), 'model': HistGradientBoostingRegressor(early_stopping=True, max_iter=300,
                              n_iter_no_change=15, random_state=42,
                              scoring=None), 'model__l2_regularization': 0.001, 'model__learning_rate': 0.05, 'model__max_features': 0.05, 'model__max_leaf_nodes': 31, 'model__min_samples_leaf': 20, 'reshape': FunctionTransformer(func=<function reshape at 0x7f96934342c0>), 'second_scale': RobustScaler(copy=False)}",0.013177822781562543,0.013177822781562543,0.0,2,0.9933892375189282
0,2098.974736213684,0.0,18.578367710113525,0.0,passthrough,complex_cepstrum,HistGradientBoostingRegressor,0.0,0.05,0.2,31,20,FunctionTransformer(func=<function reshape at 0x7f96934342c0>),passthrough,"{'first_scale': 'passthrough', 'frequency': FunctionTransformer(func=<function complex_cepstrum at 0x7f96933c77e0>), 'model': HistGradientBoostingRegressor(early_stopping=True, max_iter=300,
                              n_iter_no_change=15, random_state=42,
                              scoring=None), 'model__l2_regularization': 0.0, 'model__learning_rate': 0.05, 'model__max_features': 0.2, 'model__max_leaf_nodes': 31, 'model__min_samples_leaf': 20, 'reshape': FunctionTransformer(func=<function reshape at 0x7f96934342c0>), 'second_scale': 'passthrough'}",0.03815969910506656,0.03815969910506656,0.0,2,0.9807345720912124
1,2307.0309188365936,0.0,24.206838607788086,0.0,mad_scaling_clipping_trial_time,passthrough,HistGradientBoostingRegressor,0.001,0.05,0.2,31,20,FunctionTransformer(func=<function reshape at 0x7f96934342c0>),passthrough,"{'first_scale': FunctionTransformer(func=<function mad_scaling_clipping_trial_time at 0x7f96934340e0>), 'frequency': 'passthrough', 'model': HistGradientBoostingRegressor(early_stopping=True, max_iter=300,
                              n_iter_no_change=15, random_state=42,
                              scoring=None), 'model__l2_regularization': 0.001, 'model__learning_rate': 0.05, 'model__max_features': 0.2, 'model__max_leaf_nodes': 31, 'model__min_samples_leaf': 20, 'reshape': FunctionTransformer(func=<function reshape at 0x7f96934342c0>), 'second_scale': 'passthrough'}",0.0917069489788328,0.0917069489788328,0.0,1,0.9530440971021054
0,1833.1457252502441,0.0,24.43505549430847,0.0,mad_scaling_clipping_channel_trial,power_phase,HistGradientBoostingRegressor,0.001,0.05,0.05,31,20,FunctionTransformer(func=<function reshape at 0x7f96934342c0>),passthrough,"{'first_scale': FunctionTransformer(func=<function mad_scaling_clipping_channel_trial at 0x7f9693434040>), 'frequency': FunctionTransformer(func=<function power_phase at 0x7f96933c7ba0>), 'model': HistGradientBoostingRegressor(early_stopping=True, max_iter=300,
                              n_iter_no_change=15, random_state=42,
                              scoring=None), 'model__l2_regularization': 0.001, 'model__learning_rate': 0.05, 'model__max_features': 0.05, 'model__max_leaf_nodes': 31, 'model__min_samples_leaf': 20, 'reshape': FunctionTransformer(func=<function reshape at 0x7f96934342c0>), 'second_scale': 'passthrough'}",0.07716894452690237,0.07716894452690237,0.0,2,0.9606409607512567
1,3541.0886166095734,0.0,36.892335176467896,0.0,mad_scaling_clipping_trial_time,enveloppe,HistGradientBoostingRegressor,0.0,0.05,0.05,31,20,FunctionTransformer(func=<function reshape at 0x7f96934342c0>),passthrough,"{'first_scale': FunctionTransformer(func=<function mad_scaling_clipping_trial_time at 0x7f96934340e0>), 'frequency': FunctionTransformer(func=<function enveloppe at 0x7f96933c7740>), 'model': HistGradientBoostingRegressor(early_stopping=True, max_iter=300,
                              n_iter_no_change=15, random_state=42,
                              scoring=None), 'model__l2_regularization': 0.0, 'model__learning_rate': 0.05, 'model__max_features': 0.05, 'model__max_leaf_nodes': 31, 'model__min_samples_leaf': 20, 'reshape': FunctionTransformer(func=<function reshape at 0x7f96934342c0>), 'second_scale': 'passthrough'}",0.09003814241682151,0.09003814241682151,0.0,1,0.9539192091488558
0,8176.0137803554535,0.0,29.6228506565094,0.0,passthrough,enveloppe,HistGradientBoostingRegressor,0.001,0.1,0.05,63,20,FunctionTransformer(func=<function reshape at 0x7f96934342c0>),RobustScaler(copy=False),"{'first_scale': 'passthrough', 'frequency': FunctionTransformer(func=<function enveloppe at 0x7f96933c7740>), 'model': HistGradientBoostingRegressor(early_stopping=True, max_iter=300,
                              n_iter_no_change=15, random_state=42,
                              scoring=None), 'model__l2_regularization': 0.001, 'model__learning_rate': 0.1, 'model__max_features': 0.05, 'model__max_leaf_nodes': 63, 'model__min_samples_leaf': 20, 'reshape': FunctionTransformer(func=<function reshape at 0x7f96934342c0>), 'second_scale': RobustScaler(copy=False)}",0.07743028532111551,0.07743028532111551,0.0,1,0.9605049269414939
1,1595.2140972614288,0.0,32.93488168716431,0.0,mad_scaling_clipping_trial_time,real_cepstrum,HistGradientBoostingRegressor,0.0,0.1,0.05,63,20,FunctionTransformer(func=<function reshape at 0x7f96934342c0>),RobustScaler(copy=False),"{'first_scale': FunctionTransformer(func=<function mad_scaling_clipping_trial_time at 0x7f96934340e0>), 'frequency': FunctionTransformer(func=<function real_cepstrum at 0x7f96933c7880>), 'model': HistGradientBoostingRegressor(early_stopping=True, max_iter=300,
                              n_iter_no_change=15, random_state=42,
                              scoring=None), 'model__l2_regularization': 0.0, 'model__learning_rate': 0.1, 'model__max_features': 0.05, 'model__max_leaf_nodes': 63, 'model__min_samples_leaf': 20, 'reshape': FunctionTransformer(func=<function reshape at 0x7f96934342c0>), 'second_scale': RobustScaler(copy=False)}",0.005799489120467238,0.005799489120467238,0.0,2,0.9970960389448615
0,2565.059898376465,0.0,22.817662000656128,0.0,passthrough,complex_cepstrum,HistGradientBoostingRegressor,0.0,0.1,0.05,63,20,FunctionTransformer(func=<function reshape at 0x7f96934342c0>),passthrough,"{'first_scale': 'passthrough', 'frequency': FunctionTransformer(func=<function complex_cepstrum at 0x7f96933c77e0>), 'model': HistGradientBoostingRegressor(early_stopping=True, max_iter=300,
                              n_iter_no_change=15, random_state=42,
                              scoring=None), 'model__l2_regularization': 0.0, 'model__learning_rate': 0.1, 'model__max_features': 0.05, 'model__max_leaf_nodes': 63, 'model__min_samples_leaf': 20, 'reshape': FunctionTransformer(func=<function reshape at 0x7f96934342c0>), 'second_scale': 'passthrough'}",0.016601508153373246,0.016601508153373246,0.0,2,0.9916645056906226
1,3702.897613286972,0.0,28.776074409484863,0.0,mad_scaling_clipping_trial_time,passthrough,HistGradientBoostingRegressor,0.001,0.1,0.05,63,20,FunctionTransformer(func=<function reshape at 0x7f96934342c0>),passthrough,"{'first_scale': FunctionTransformer(func=<function mad_scaling_clipping_trial_time at 0x7f96934340e0>), 'frequency': 'passthrough', 'model': HistGradientBoostingRegressor(early_stopping=True, max_iter=300,
                              n_iter_no_change=15, random_state=42,
                              scoring=None), 'model__l2_regularization': 0.001, 'model__learning_rate': 0.1, 'model__max_features': 0.05, 'model__max_leaf_nodes': 63, 'model__min_samples_leaf': 20, 'reshape': FunctionTransformer(func=<function reshape at 0x7f96934342c0>), 'second_scale': 'passthrough'}",0.07190903145806171,0.07190903145806171,0.0,1,0.9633747809351967
0,1767.7232785224915,0.0,23.337388038635254,0.0,mad_scaling_clipping_channel_trial,passthrough,HistGradientBoostingRegressor,0.0,0.1,0.1,31,20,FunctionTransformer(func=<function reshape at 0x7f96934342c0>),passthrough,"{'first_scale': FunctionTransformer(func=<function mad_scaling_clipping_channel_trial at 0x7f9693434040>), 'frequency': 'passthrough', 'model': HistGradientBoostingRegressor(early_stopping=True, max_iter=300,
                              n_iter_no_change=15, random_state=42,
                              scoring=None), 'model__l2_regularization': 0.0, 'model__learning_rate': 0.1, 'model__max_features': 0.1, 'model__max_leaf_nodes': 31, 'model__min_samples_leaf': 20, 'reshape': FunctionTransformer(func=<function reshape at 0x7f96934342c0>), 'second_scale': 'passthrough'}",0.08205442313678601,0.08205442313678601,0.0,1,0.9580947640307894
1,982.3833966255188,0.0,32.24953556060791,0.0,mad_scaling_clipping_trial_time,real_cepstrum,HistGradientBoostingRegressor,0.001,0.1,0.1,31,20,FunctionTransformer(func=<function reshape at 0x7f96934342c0>),passthrough,"{'first_scale': FunctionTransformer(func=<function mad_scaling_clipping_trial_time at 0x7f96934340e0>), 'frequency': FunctionTransformer(func=<function real_cepstrum at 0x7f96933c7880>), 'model': HistGradientBoostingRegressor(early_stopping=True, max_iter=300,
                              n_iter_no_change=15, random_state=42,
                              scoring=None), 'model__l2_regularization': 0.001, 'model__learning_rate': 0.1, 'model__max_features': 0.1, 'model__max_leaf_nodes': 31, 'model__min_samples_leaf': 20, 'reshape': FunctionTransformer(func=<function reshape at 0x7f96934342c0>), 'second_scale': 'passthrough'}",0.010693788157393636,0.010693788157393636,0.0,2,0.9946387343365461
0,3112.4953978061676,0.0,24.61312460899353,0.0,mad_scaling_clipping_channel_trial,passthrough,HistGradientBoostingRegressor,0.001,0.1,0.05,63,20,FunctionTransformer(func=<function reshape at 0x7f96934342c0>),RobustScaler(copy=False),"{'first_scale': FunctionTransformer(func=<function mad_scaling_clipping_channel_trial at 0x7f9693434040>), 'frequency': 'passthrough', 'model': HistGradientBoostingRegressor(early_stopping=True, max_iter=300,
                              n_iter_no_change=15, random_state=42,
                              scoring=None), 'model__l2_regularization': 0.001, 'model__learning_rate': 0.1, 'model__max_features': 0.05, 'model__max_leaf_nodes': 63, 'model__min_samples_leaf': 20, 'reshape': FunctionTransformer(func=<function reshape at 0x7f96934342c0>), 'second_scale': RobustScaler(copy=False)}",0.06910173605493908,0.06910173605493908,0.0,1,0.9648306918548253
1,2302.046215772629,0.0,39.85175061225891,0.0,mad_scaling_clipping_trial_time,complex_cepstrum,HistGradientBoostingRegressor,0.0,0.1,0.05,63,20,FunctionTransformer(func=<function reshape at 0x7f96934342c0>),RobustScaler(copy=False),"{'first_scale': FunctionTransformer(func=<function mad_scaling_clipping_trial_time at 0x7f96934340e0>), 'frequency': FunctionTransformer(func=<function complex_cepstrum at 0x7f96933c77e0>), 'model': HistGradientBoostingRegressor(early_stopping=True, max_iter=300,
                              n_iter_no_change=15, random_state=42,
                              scoring=None), 'model__l2_regularization': 0.0, 'model__learning_rate': 0.1, 'model__max_features': 0.05, 'model__max_leaf_nodes': 63, 'model__min_samples_leaf': 20, 'reshape': FunctionTransformer(func=<function reshape at 0x7f96934342c0>), 'second_scale': RobustScaler(copy=False)}",0.006526645603029957,0.006526645603029957,0.0,2,0.9967313351134146
0,2021.9451978206635,0.0,10.395806312561035,0.0,passthrough,power_phase,HistGradientBoostingRegressor,0.0,0.1,0.05,31,20,FunctionTransformer(func=<function reshape at 0x7f96934342c0>),passthrough,"{'first_scale': 'passthrough', 'frequency': FunctionTransformer(func=<function power_phase at 0x7f96933c7ba0>), 'model': HistGradientBoostingRegressor(early_stopping=True, max_iter=300,
                              n_iter_no_change=15, random_state=42,
                              scoring=None), 'model__l2_regularization': 0.0, 'model__learning_rate': 0.1, 'model__max_features': 0.05, 'model__max_leaf_nodes': 31, 'model__min_samples_leaf': 20, 'reshape': FunctionTransformer(func=<function reshape at 0x7f96934342c0>), 'second_scale': 'passthrough'}",0.07200414779552755,0.07200414779552755,0.0,1,0.963325413453041
1,1841.136578798294,0.0,35.366119146347046,0.0,mad_scaling_clipping_channel_trial,complex_cepstrum,HistGradientBoostingRegressor,0.001,0.1,0.05,31,20,FunctionTransformer(func=<function reshape at 0x7f96934342c0>),passthrough,"{'first_scale': FunctionTransformer(func=<function mad_scaling_clipping_channel_trial at 0x7f9693434040>), 'frequency': FunctionTransformer(func=<function complex_cepstrum at 0x7f96933c77e0>), 'model': HistGradientBoostingRegressor(early_stopping=True, max_iter=300,
                              n_iter_no_change=15, random_state=42,
                              scoring=None), 'model__l2_regularization': 0.001, 'model__learning_rate': 0.1, 'model__max_features': 0.05, 'model__max_leaf_nodes': 31, 'model__min_samples_leaf': 20, 'reshape': FunctionTransformer(func=<function reshape at 0x7f96934342c0>), 'second_scale': 'passthrough'}",0.027072759270337587,0.027072759270337587,0.0,2,0.986370742028403
0,1952.674524307251,0.0,22.75433874130249,0.0,mad_scaling_clipping_channel_trial,passthrough,HistGradientBoostingRegressor,0.0,0.1,0.05,31,20,FunctionTransformer(func=<function reshape at 0x7f96934342c0>),passthrough,"{'first_scale': FunctionTransformer(func=<function mad_scaling_clipping_channel_trial at 0x7f9693434040>), 'frequency': 'passthrough', 'model': HistGradientBoostingRegressor(early_stopping=True, max_iter=300,
                              n_iter_no_change=15, random_state=42,
                              scoring=None), 'model__l2_regularization': 0.0, 'model__learning_rate': 0.1, 'model__max_features': 0.05, 'model__max_leaf_nodes': 31, 'model__min_samples_leaf': 20, 'reshape': FunctionTransformer(func=<function reshape at 0x7f96934342c0>), 'second_scale': 'passthrough'}",0.0758577027499826,0.0758577027499826,0.0,1,0.9613232012440027
1,999.8052818775177,0.0,32.39669322967529,0.0,mad_scaling_clipping_trial_time,real_cepstrum,HistGradientBoostingRegressor,0.001,0.1,0.05,31,20,FunctionTransformer(func=<function reshape at 0x7f96934342c0>),passthrough,"{'first_scale': FunctionTransformer(func=<function mad_scaling_clipping_trial_time at 0x7f96934340e0>), 'frequency': FunctionTransformer(func=<function real_cepstrum at 0x7f96933c7880>), 'model': HistGradientBoostingRegressor(early_stopping=True, max_iter=300,
                              n_iter_no_change=15, random_state=42,
                              scoring=None), 'model__l2_regularization': 0.001, 'model__learning_rate': 0.1, 'model__max_features': 0.05, 'model__max_leaf_nodes': 31, 'model__min_samples_leaf': 20, 'reshape': FunctionTransformer(func=<function reshape at 0x7f96934342c0>), 'second_scale': 'passthrough'}",0.010991599944999875,0.010991599944999875,0.0,2,0.9944890145471694
0,3354.109168291092,0.0,23.86169695854187,0.0,mad_scaling_clipping_channel_trial,passthrough,HistGradientBoostingRegressor,0.0,0.05,0.05,63,20,FunctionTransformer(func=<function reshape at 0x7f96934342c0>),RobustScaler(copy=False),"{'first_scale': FunctionTransformer(func=<function mad_scaling_clipping_channel_trial at 0x7f9693434040>), 'frequency': 'passthrough', 'model': HistGradientBoostingRegressor(early_stopping=True, max_iter=300,
                              n_iter_no_change=15, random_state=42,
                              scoring=None), 'model__l2_regularization': 0.0, 'model__learning_rate': 0.05, 'model__max_features': 0.05, 'model__max_leaf_nodes': 63, 'model__min_samples_leaf': 20, 'reshape': FunctionTransformer(func=<function reshape at 0x7f96934342c0>), 'second_scale': RobustScaler(copy=False)}",0.0883331954376475,0.0883331954376475,0.0,1,0.9548124447043789
1,3098.9064009189606,0.0,33.12365531921387,0.0,mad_scaling_clipping_trial_time,real_cepstrum,HistGradientBoostingRegressor,0.001,0.05,0.05,63,20,FunctionTransformer(func=<function reshape at 0x7f96934342c0>),RobustScaler(copy=False),"{'first_scale': FunctionTransformer(func=<function mad_scaling_clipping_trial_time at 0x7f96934340e0>), 'frequency': FunctionTransformer(func=<function real_cepstrum at 0x7f96933c7880>), 'model': HistGradientBoostingRegressor(early_stopping=True, max_iter=300,
                              n_iter_no_change=15, random_state=42,
                              scoring=None), 'model__l2_regularization': 0.001, 'model__learning_rate': 0.05, 'model__max_features': 0.05, 'model__max_leaf_nodes': 63, 'model__min_samples_leaf': 20, 'reshape': FunctionTransformer(func=<function reshape at 0x7f96934342c0>), 'second_scale': RobustScaler(copy=False)}",0.009081860677283227,0.009081860677283227,0.0,2,0.9954487125526441
0,1746.9159469604492,0.0,6.155392169952393,0.0,passthrough,power_phase,HistGradientBoostingRegressor,0.001,0.05,0.05,31,20,FunctionTransformer(func=<function reshape at 0x7f96934342c0>),passthrough,"{'first_scale': 'passthrough', 'frequency': FunctionTransformer(func=<function power_phase at 0x7f96933c7ba0>), 'model': HistGradientBoostingRegressor(early_stopping=True, max_iter=300,
                              n_iter_no_change=15, random_state=42,
                              scoring=None), 'model__l2_regularization': 0.001, 'model__learning_rate': 0.05, 'model__max_features': 0.05, 'model__max_leaf_nodes': 31, 'model__min_samples_leaf': 20, 'reshape': FunctionTransformer(func=<function reshape at 0x7f96934342c0>), 'second_scale': 'passthrough'}",0.08574364926019462,0.08574364926019462,0.0,1,0.9561675327785426
1,3497.1144840717316,0.0,39.096160888671875,0.0,mad_scaling_clipping_channel_trial,enveloppe,HistGradientBoostingRegressor,0.0,0.05,0.05,31,20,FunctionTransformer(func=<function reshape at 0x7f96934342c0>),passthrough,"{'first_scale': FunctionTransformer(func=<function mad_scaling_clipping_channel_trial at 0x7f9693434040>), 'frequency': FunctionTransformer(func=<function enveloppe at 0x7f96933c7740>), 'model': HistGradientBoostingRegressor(early_stopping=True, max_iter=300,
                              n_iter_no_change=15, random_state=42,
                              scoring=None), 'model__l2_regularization': 0.0, 'model__learning_rate': 0.05, 'model__max_features': 0.05, 'model__max_leaf_nodes': 31, 'model__min_samples_leaf': 20, 'reshape': FunctionTransformer(func=<function reshape at 0x7f96934342c0>), 'second_scale': 'passthrough'}",0.07850199744264186,0.07850199744264186,0.0,2,0.9599468748620197
0,5166.85590672493,0.0,21.051425457000732,0.0,passthrough,enveloppe,HistGradientBoostingRegressor,0.0,0.05,0.2,63,20,FunctionTransformer(func=<function reshape at 0x7f96934342c0>),RobustScaler(copy=False),"{'first_scale': 'passthrough', 'frequency': FunctionTransformer(func=<function enveloppe at 0x7f96933c7740>), 'model': HistGradientBoostingRegressor(early_stopping=True, max_iter=300,
                              n_iter_no_change=15, random_state=42,
                              scoring=None), 'model__l2_regularization': 0.0, 'model__learning_rate': 0.05, 'model__max_features': 0.2, 'model__max_leaf_nodes': 63, 'model__min_samples_leaf': 20, 'reshape': FunctionTransformer(func=<function reshape at 0x7f96934342c0>), 'second_scale': RobustScaler(copy=False)}",0.09443039279728882,0.09443039279728882,0.0,1,0.951614211328683
1,2728.6474390029907,0.0,25.46063995361328,0.0,mad_scaling_clipping_trial_time,power_phase,HistGradientBoostingRegressor,0.001,0.05,0.2,63,20,FunctionTransformer(func=<function reshape at 0x7f96934342c0>),RobustScaler(copy=False),"{'first_scale': FunctionTransformer(func=<function mad_scaling_clipping_trial_time at 0x7f96934340e0>), 'frequency': FunctionTransformer(func=<function power_phase at 0x7f96933c7ba0>), 'model': HistGradientBoostingRegressor(early_stopping=True, max_iter=300,
                              n_iter_no_change=15, random_state=42,
                              scoring=None), 'model__l2_regularization': 0.001, 'model__learning_rate': 0.05, 'model__max_features': 0.2, 'model__max_leaf_nodes': 63, 'model__min_samples_leaf': 20, 'reshape': FunctionTransformer(func=<function reshape at 0x7f96934342c0>), 'second_scale': RobustScaler(copy=False)}",0.08751566364221741,0.08751566364221741,0.0,2,0.9552404599669041
0,2334.091627597809,0.0,8.695781946182251,0.0,passthrough,real_cepstrum,HistGradientBoostingRegressor,0.0,0.05,0.2,63,20,FunctionTransformer(func=<function reshape at 0x7f96934342c0>),passthrough,"{'first_scale': 'passthrough', 'frequency': FunctionTransformer(func=<function real_cepstrum at 0x7f96933c7880>), 'model': HistGradientBoostingRegressor(early_stopping=True, max_iter=300,
                              n_iter_no_change=15, random_state=42,
                              scoring=None), 'model__l2_regularization': 0.0, 'model__learning_rate': 0.05, 'model__max_features': 0.2, 'model__max_leaf_nodes': 63, 'model__min_samples_leaf': 20, 'reshape': FunctionTransformer(func=<function reshape at 0x7f96934342c0>), 'second_scale': 'passthrough'}",0.016999173716900517,0.016999173716900517,0.0,2,0.9914639813342184
1,5202.750851154327,0.0,35.38044619560242,0.0,mad_scaling_clipping_channel_trial,enveloppe,HistGradientBoostingRegressor,0.001,0.05,0.2,63,20,FunctionTransformer(func=<function reshape at 0x7f96934342c0>),passthrough,"{'first_scale': FunctionTransformer(func=<function mad_scaling_clipping_channel_trial at 0x7f9693434040>), 'frequency': FunctionTransformer(func=<function enveloppe at 0x7f96933c7740>), 'model': HistGradientBoostingRegressor(early_stopping=True, max_iter=300,
                              n_iter_no_change=15, random_state=42,
                              scoring=None), 'model__l2_regularization': 0.001, 'model__learning_rate': 0.05, 'model__max_features': 0.2, 'model__max_leaf_nodes': 63, 'model__min_samples_leaf': 20, 'reshape': FunctionTransformer(func=<function reshape at 0x7f96934342c0>), 'second_scale': 'passthrough'}",0.0728567662466082,0.0728567662466082,0.0,1,0.9628827725914467
0,4889.922124385834,0.0,20.87668800354004,0.0,passthrough,enveloppe,HistGradientBoostingRegressor,0.0,0.1,0.1,63,20,FunctionTransformer(func=<function reshape at 0x7f96934342c0>),RobustScaler(copy=False),"{'first_scale': 'passthrough', 'frequency': FunctionTransformer(func=<function enveloppe at 0x7f96933c7740>), 'model': HistGradientBoostingRegressor(early_stopping=True, max_iter=300,
                              n_iter_no_change=15, random_state=42,
                              scoring=None), 'model__l2_regularization': 0.0, 'model__learning_rate': 0.1, 'model__max_features': 0.1, 'model__max_leaf_nodes': 63, 'model__min_samples_leaf': 20, 'reshape': FunctionTransformer(func=<function reshape at 0x7f96934342c0>), 'second_scale': RobustScaler(copy=False)}",0.07409231020823259,0.07409231020823259,0.0,2,0.9622409728294505
1,2218.654898405075,0.0,25.163283586502075,0.0,mad_scaling_clipping_trial_time,power_phase,HistGradientBoostingRegressor,0.001,0.1,0.1,63,20,FunctionTransformer(func=<function reshape at 0x7f96934342c0>),RobustScaler(copy=False),"{'first_scale': FunctionTransformer(func=<function mad_scaling_clipping_trial_time at 0x7f96934340e0>), 'frequency': FunctionTransformer(func=<function power_phase at 0x7f96933c7ba0>), 'model': HistGradientBoostingRegressor(early_stopping=True, max_iter=300,
                              n_iter_no_change=15, random_state=42,
                              scoring=None), 'model__l2_regularization': 0.001, 'model__learning_rate': 0.1, 'model__max_features': 0.1, 'model__max_leaf_nodes': 63, 'model__min_samples_leaf': 20, 'reshape': FunctionTransformer(func=<function reshape at 0x7f96934342c0>), 'second_scale': RobustScaler(copy=False)}",0.07442030590388704,0.07442030590388704,0.0,1,0.9620705244918966
0,2489.063581943512,0.0,24.591413736343384,0.0,mad_scaling_clipping_channel_trial,passthrough,HistGradientBoostingRegressor,0.0,0.05,0.05,31,20,FunctionTransformer(func=<function reshape at 0x7f96934342c0>),passthrough,"{'first_scale': FunctionTransformer(func=<function mad_scaling_clipping_channel_trial at 0x7f9693434040>), 'frequency': 'passthrough', 'model': HistGradientBoostingRegressor(early_stopping=True, max_iter=300,
                              n_iter_no_change=15, random_state=42,
                              scoring=None), 'model__l2_regularization': 0.0, 'model__learning_rate': 0.05, 'model__max_features': 0.05, 'model__max_leaf_nodes': 31, 'model__min_samples_leaf': 20, 'reshape': FunctionTransformer(func=<function reshape at 0x7f96934342c0>), 'second_scale': 'passthrough'}",0.08805404209574907,0.08805404209574907,0.0,1,0.9549586158071202
1,2495.682249069214,0.0,36.472466707229614,0.0,mad_scaling_clipping_trial_time,real_cepstrum,HistGradientBoostingRegressor,0.001,0.05,0.05,31,20,FunctionTransformer(func=<function reshape at 0x7f96934342c0>),passthrough,"{'first_scale': FunctionTransformer(func=<function mad_scaling_clipping_trial_time at 0x7f96934340e0>), 'frequency': FunctionTransformer(func=<function real_cepstrum at 0x7f96933c7880>), 'model': HistGradientBoostingRegressor(early_stopping=True, max_iter=300,
                              n_iter_no_change=15, random_state=42,
                              scoring=None), 'model__l2_regularization': 0.001, 'model__learning_rate': 0.05, 'model__max_features': 0.05, 'model__max_leaf_nodes': 31, 'model__min_samples_leaf': 20, 'reshape': FunctionTransformer(func=<function reshape at 0x7f96934342c0>), 'second_scale': 'passthrough'}",0.013177822781562543,0.013177822781562543,0.0,2,0.9933892375189282
0,2156.210791349411,0.0,23.68170666694641,0.0,mad_scaling_clipping_channel_trial,passthrough,HistGradientBoostingRegressor,0.0,0.1,0.05,31,20,FunctionTransformer(func=<function reshape at 0x7f96934342c0>),RobustScaler(copy=False),"{'first_scale': FunctionTransformer(func=<function mad_scaling_clipping_channel_trial at 0x7f9693434040>), 'frequency': 'passthrough', 'model': HistGradientBoostingRegressor(early_stopping=True, max_iter=300,
                              n_iter_no_change=15, random_state=42,
                              scoring=None), 'model__l2_regularization': 0.0, 'model__learning_rate': 0.1, 'model__max_features': 0.05, 'model__max_leaf_nodes': 31, 'model__min_samples_leaf': 20, 'reshape': FunctionTransformer(func=<function reshape at 0x7f96934342c0>), 'second_scale': RobustScaler(copy=False)}",0.0758577027499826,0.0758577027499826,0.0,1,0.9613232012440027
1,1212.9046292304993,0.0,32.67568564414978,0.0,mad_scaling_clipping_trial_time,real_cepstrum,HistGradientBoostingRegressor,0.001,0.1,0.05,31,20,FunctionTransformer(func=<function reshape at 0x7f96934342c0>),RobustScaler(copy=False),"{'first_scale': FunctionTransformer(func=<function mad_scaling_clipping_trial_time at 0x7f96934340e0>), 'frequency': FunctionTransformer(func=<function real_cepstrum at 0x7f96933c7880>), 'model': HistGradientBoostingRegressor(early_stopping=True, max_iter=300,
                              n_iter_no_change=15, random_state=42,
                              scoring=None), 'model__l2_regularization': 0.001, 'model__learning_rate': 0.1, 'model__max_features': 0.05, 'model__max_leaf_nodes': 31, 'model__min_samples_leaf': 20, 'reshape': FunctionTransformer(func=<function reshape at 0x7f96934342c0>), 'second_scale': RobustScaler(copy=False)}",0.010991599944999875,0.010991599944999875,0.0,2,0.9944890145471694
0,3888.7715995311737,0.0,32.41974663734436,0.0,mad_scaling_clipping_channel_trial,power_phase,HistGradientBoostingRegressor,0.0,0.05,0.2,63,20,FunctionTransformer(func=<function reshape at 0x7f96934342c0>),RobustScaler(copy=False),"{'first_scale': FunctionTransformer(func=<function mad_scaling_clipping_channel_trial at 0x7f9693434040>), 'frequency': FunctionTransformer(func=<function power_phase at 0x7f96933c7ba0>), 'model': HistGradientBoostingRegressor(early_stopping=True, max_iter=300,
                              n_iter_no_change=15, random_state=42,
                              scoring=None), 'model__l2_regularization': 0.0, 'model__learning_rate': 0.05, 'model__max_features': 0.2, 'model__max_leaf_nodes': 63, 'model__min_samples_leaf': 20, 'reshape': FunctionTransformer(func=<function reshape at 0x7f96934342c0>), 'second_scale': RobustScaler(copy=False)}",0.0757107479386041,0.0757107479386041,0.0,1,0.9613996318188373
1,3230.7679483890533,0.0,41.92074990272522,0.0,mad_scaling_clipping_trial_time,complex_cepstrum,HistGradientBoostingRegressor,0.001,0.05,0.2,63,20,FunctionTransformer(func=<function reshape at 0x7f96934342c0>),RobustScaler(copy=False),"{'first_scale': FunctionTransformer(func=<function mad_scaling_clipping_trial_time at 0x7f96934340e0>), 'frequency': FunctionTransformer(func=<function complex_cepstrum at 0x7f96933c77e0>), 'model': HistGradientBoostingRegressor(early_stopping=True, max_iter=300,
                              n_iter_no_change=15, random_state=42,
                              scoring=None), 'model__l2_regularization': 0.001, 'model__learning_rate': 0.05, 'model__max_features': 0.2, 'model__max_leaf_nodes': 63, 'model__min_samples_leaf': 20, 'reshape': FunctionTransformer(func=<function reshape at 0x7f96934342c0>), 'second_scale': RobustScaler(copy=False)}",0.019353892833902653,0.019353892833902653,0.0,2,0.9902757732904998
0,3779.8373289108276,0.0,23.715480089187622,0.0,mad_scaling_clipping_channel_trial,passthrough,HistGradientBoostingRegressor,0.001,0.05,0.05,63,20,FunctionTransformer(func=<function reshape at 0x7f96934342c0>),RobustScaler(copy=False),"{'first_scale': FunctionTransformer(func=<function mad_scaling_clipping_channel_trial at 0x7f9693434040>), 'frequency': 'passthrough', 'model': HistGradientBoostingRegressor(early_stopping=True, max_iter=300,
                              n_iter_no_change=15, random_state=42,
                              scoring=None), 'model__l2_regularization': 0.001, 'model__learning_rate': 0.05, 'model__max_features': 0.05, 'model__max_leaf_nodes': 63, 'model__min_samples_leaf': 20, 'reshape': FunctionTransformer(func=<function reshape at 0x7f96934342c0>), 'second_scale': RobustScaler(copy=False)}",0.0880423019245099,0.0880423019245099,0.0,1,0.9549647627402228
1,3688.19166970253,0.0,42.13133239746094,0.0,mad_scaling_clipping_trial_time,complex_cepstrum,HistGradientBoostingRegressor,0.0,0.05,0.05,63,20,FunctionTransformer(func=<function reshape at 0x7f96934342c0>),RobustScaler(copy=False),"{'first_scale': FunctionTransformer(func=<function mad_scaling_clipping_trial_time at 0x7f96934340e0>), 'frequency': FunctionTransformer(func=<function complex_cepstrum at 0x7f96933c77e0>), 'model': HistGradientBoostingRegressor(early_stopping=True, max_iter=300,
                              n_iter_no_change=15, random_state=42,
                              scoring=None), 'model__l2_regularization': 0.0, 'model__learning_rate': 0.05, 'model__max_features': 0.05, 'model__max_leaf_nodes': 63, 'model__min_samples_leaf': 20, 'reshape': FunctionTransformer(func=<function reshape at 0x7f96934342c0>), 'second_scale': RobustScaler(copy=False)}",0.015350471528521759,0.015350471528521759,0.0,2,0.9922950813500379
0,3153.981641769409,0.0,34.44979929924011,0.0,mad_scaling_clipping_channel_trial,real_cepstrum,HistGradientBoostingRegressor,0.0,0.05,0.2,63,20,FunctionTransformer(func=<function reshape at 0x7f96934342c0>),passthrough,"{'first_scale': FunctionTransformer(func=<function mad_scaling_clipping_channel_trial at 0x7f9693434040>), 'frequency': FunctionTransformer(func=<function real_cepstrum at 0x7f96933c7880>), 'model': HistGradientBoostingRegressor(early_stopping=True, max_iter=300,
                              n_iter_no_change=15, random_state=42,
                              scoring=None), 'model__l2_regularization': 0.0, 'model__learning_rate': 0.05, 'model__max_features': 0.2, 'model__max_leaf_nodes': 63, 'model__min_samples_leaf': 20, 'reshape': FunctionTransformer(func=<function reshape at 0x7f96934342c0>), 'second_scale': 'passthrough'}",0.010052305281613827,0.010052305281613827,0.0,2,0.9949611523664561
1,8033.286769151688,0.0,44.452478647232056,0.0,mad_scaling_clipping_trial_time,enveloppe,HistGradientBoostingRegressor,0.001,0.05,0.2,63,20,FunctionTransformer(func=<function reshape at 0x7f96934342c0>),passthrough,"{'first_scale': FunctionTransformer(func=<function mad_scaling_clipping_trial_time at 0x7f96934340e0>), 'frequency': FunctionTransformer(func=<function enveloppe at 0x7f96933c7740>), 'model': HistGradientBoostingRegressor(early_stopping=True, max_iter=300,
                              n_iter_no_change=15, random_state=42,
                              scoring=None), 'model__l2_regularization': 0.001, 'model__learning_rate': 0.05, 'model__max_features': 0.2, 'model__max_leaf_nodes': 63, 'model__min_samples_leaf': 20, 'reshape': FunctionTransformer(func=<function reshape at 0x7f96934342c0>), 'second_scale': 'passthrough'}",0.08641622745626953,0.08641622745626953,0.0,1,0.9558157628663227
0,3441.2803864479065,0.0,14.097193717956543,0.0,passthrough,real_cepstrum,HistGradientBoostingRegressor,0.001,0.05,0.2,63,20,FunctionTransformer(func=<function reshape at 0x7f96934342c0>),RobustScaler(copy=False),"{'first_scale': 'passthrough', 'frequency': FunctionTransformer(func=<function real_cepstrum at 0x7f96933c7880>), 'model': HistGradientBoostingRegressor(early_stopping=True, max_iter=300,
                              n_iter_no_change=15, random_state=42,
                              scoring=None), 'model__l2_regularization': 0.001, 'model__learning_rate': 0.05, 'model__max_features': 0.2, 'model__max_leaf_nodes': 63, 'model__min_samples_leaf': 20, 'reshape': FunctionTransformer(func=<function reshape at 0x7f96934342c0>), 'second_scale': RobustScaler(copy=False)}",0.018789809348453756,0.018789809348453756,0.0,2,0.9905605436577546
1,3772.7420082092285,0.0,27.615528106689453,0.0,mad_scaling_clipping_trial_time,passthrough,HistGradientBoostingRegressor,0.0,0.05,0.2,63,20,FunctionTransformer(func=<function reshape at 0x7f96934342c0>),RobustScaler(copy=False),"{'first_scale': FunctionTransformer(func=<function mad_scaling_clipping_trial_time at 0x7f96934340e0>), 'frequency': 'passthrough', 'model': HistGradientBoostingRegressor(early_stopping=True, max_iter=300,
                              n_iter_no_change=15, random_state=42,
                              scoring=None), 'model__l2_regularization': 0.0, 'model__learning_rate': 0.05, 'model__max_features': 0.2, 'model__max_leaf_nodes': 63, 'model__min_samples_leaf': 20, 'reshape': FunctionTransformer(func=<function reshape at 0x7f96934342c0>), 'second_scale': RobustScaler(copy=False)}",0.08803267261070113,0.08803267261070113,0.0,1,0.9549698044384958
0,3517.250132083893,0.0,3.083405017852783,0.0,passthrough,passthrough,HistGradientBoostingRegressor,0.0,0.05,0.05,63,20,FunctionTransformer(func=<function reshape at 0x7f96934342c0>),passthrough,"{'first_scale': 'passthrough', 'frequency': 'passthrough', 'model': HistGradientBoostingRegressor(early_stopping=True, max_iter=300,
                              n_iter_no_change=15, random_state=42,
                              scoring=None), 'model__l2_regularization': 0.0, 'model__learning_rate': 0.05, 'model__max_features': 0.05, 'model__max_leaf_nodes': 63, 'model__min_samples_leaf': 20, 'reshape': FunctionTransformer(func=<function reshape at 0x7f96934342c0>), 'second_scale': 'passthrough'}",0.0905374720761366,0.0905374720761366,0.0,1,0.953657447894087
1,3336.555515766144,0.0,29.757760524749756,0.0,mad_scaling_clipping_channel_trial,real_cepstrum,HistGradientBoostingRegressor,0.001,0.05,0.05,63,20,FunctionTransformer(func=<function reshape at 0x7f96934342c0>),passthrough,"{'first_scale': FunctionTransformer(func=<function mad_scaling_clipping_channel_trial at 0x7f9693434040>), 'frequency': FunctionTransformer(func=<function real_cepstrum at 0x7f96933c7880>), 'model': HistGradientBoostingRegressor(early_stopping=True, max_iter=300,
                              n_iter_no_change=15, random_state=42,
                              scoring=None), 'model__l2_regularization': 0.001, 'model__learning_rate': 0.05, 'model__max_features': 0.05, 'model__max_leaf_nodes': 63, 'model__min_samples_leaf': 20, 'reshape': FunctionTransformer(func=<function reshape at 0x7f96934342c0>), 'second_scale': 'passthrough'}",0.01011280121955871,0.01011280121955871,0.0,2,0.9949307507462222
0,2713.002860546112,0.0,3.0211360454559326,0.0,passthrough,passthrough,HistGradientBoostingRegressor,0.0,0.1,0.2,63,20,FunctionTransformer(func=<function reshape at 0x7f96934342c0>),RobustScaler(copy=False),"{'first_scale': 'passthrough', 'frequency': 'passthrough', 'model': HistGradientBoostingRegressor(early_stopping=True, max_iter=300,
                              n_iter_no_change=15, random_state=42,
                              scoring=None), 'model__l2_regularization': 0.0, 'model__learning_rate': 0.1, 'model__max_features': 0.2, 'model__max_leaf_nodes': 63, 'model__min_samples_leaf': 20, 'reshape': FunctionTransformer(func=<function reshape at 0x7f96934342c0>), 'second_scale': RobustScaler(copy=False)}",0.08101126451562501,0.08101126451562501,0.0,1,0.9586390016499302
1,1476.182603597641,0.0,23.03291964530945,0.0,mad_scaling_clipping_channel_trial,real_cepstrum,HistGradientBoostingRegressor,0.001,0.1,0.2,63,20,FunctionTransformer(func=<function reshape at 0x7f96934342c0>),RobustScaler(copy=False),"{'first_scale': FunctionTransformer(func=<function mad_scaling_clipping_channel_trial at 0x7f9693434040>), 'frequency': FunctionTransformer(func=<function real_cepstrum at 0x7f96933c7880>), 'model': HistGradientBoostingRegressor(early_stopping=True, max_iter=300,
                              n_iter_no_change=15, random_state=42,
                              scoring=None), 'model__l2_regularization': 0.001, 'model__learning_rate': 0.1, 'model__max_features': 0.2, 'model__max_leaf_nodes': 63, 'model__min_samples_leaf': 20, 'reshape': FunctionTransformer(func=<function reshape at 0x7f96934342c0>), 'second_scale': RobustScaler(copy=False)}",0.0010947048950582516,0.0010947048950582516,0.0,2,0.9994524976730719
0,2428.3145747184753,0.0,8.76178765296936,0.0,passthrough,real_cepstrum,HistGradientBoostingRegressor,0.0,0.05,0.1,63,20,FunctionTransformer(func=<function reshape at 0x7f96934342c0>),RobustScaler(copy=False),"{'first_scale': 'passthrough', 'frequency': FunctionTransformer(func=<function real_cepstrum at 0x7f96933c7880>), 'model': HistGradientBoostingRegressor(early_stopping=True, max_iter=300,
                              n_iter_no_change=15, random_state=42,
                              scoring=None), 'model__l2_regularization': 0.0, 'model__learning_rate': 0.05, 'model__max_features': 0.1, 'model__max_leaf_nodes': 63, 'model__min_samples_leaf': 20, 'reshape': FunctionTransformer(func=<function reshape at 0x7f96934342c0>), 'second_scale': RobustScaler(copy=False)}",0.015881150683975553,0.015881150683975553,0.0,2,0.9920276454393921
1,5440.819307565689,0.0,34.98519277572632,0.0,mad_scaling_clipping_channel_trial,enveloppe,HistGradientBoostingRegressor,0.001,0.05,0.1,63,20,FunctionTransformer(func=<function reshape at 0x7f96934342c0>),RobustScaler(copy=False),"{'first_scale': FunctionTransformer(func=<function mad_scaling_clipping_channel_trial at 0x7f9693434040>), 'frequency': FunctionTransformer(func=<function enveloppe at 0x7f96933c7740>), 'model': HistGradientBoostingRegressor(early_stopping=True, max_iter=300,
                              n_iter_no_change=15, random_state=42,
                              scoring=None), 'model__l2_regularization': 0.001, 'model__learning_rate': 0.05, 'model__max_features': 0.1, 'model__max_leaf_nodes': 63, 'model__min_samples_leaf': 20, 'reshape': FunctionTransformer(func=<function reshape at 0x7f96934342c0>), 'second_scale': RobustScaler(copy=False)}",0.07228310553908412,0.07228310553908412,0.0,1,0.9631806136239017
0,1694.7904260158539,0.0,20.015937089920044,0.0,passthrough,complex_cepstrum,HistGradientBoostingRegressor,0.001,0.1,0.05,31,20,FunctionTransformer(func=<function reshape at 0x7f96934342c0>),RobustScaler(copy=False),"{'first_scale': 'passthrough', 'frequency': FunctionTransformer(func=<function complex_cepstrum at 0x7f96933c77e0>), 'model': HistGradientBoostingRegressor(early_stopping=True, max_iter=300,
                              n_iter_no_change=15, random_state=42,
                              scoring=None), 'model__l2_regularization': 0.001, 'model__learning_rate': 0.1, 'model__max_features': 0.05, 'model__max_leaf_nodes': 31, 'model__min_samples_leaf': 20, 'reshape': FunctionTransformer(func=<function reshape at 0x7f96934342c0>), 'second_scale': RobustScaler(copy=False)}",0.02891553136956526,0.02891553136956526,0.0,2,0.9854361819166347
1,2445.72150182724,0.0,31.954927921295166,0.0,mad_scaling_clipping_trial_time,power_phase,HistGradientBoostingRegressor,0.0,0.1,0.05,31,20,FunctionTransformer(func=<function reshape at 0x7f96934342c0>),RobustScaler(copy=False),"{'first_scale': FunctionTransformer(func=<function mad_scaling_clipping_trial_time at 0x7f96934340e0>), 'frequency': FunctionTransformer(func=<function power_phase at 0x7f96933c7ba0>), 'model': HistGradientBoostingRegressor(early_stopping=True, max_iter=300,
                              n_iter_no_change=15, random_state=42,
                              scoring=None), 'model__l2_regularization': 0.0, 'model__learning_rate': 0.1, 'model__max_features': 0.05, 'model__max_leaf_nodes': 31, 'model__min_samples_leaf': 20, 'reshape': FunctionTransformer(func=<function reshape at 0x7f96934342c0>), 'second_scale': RobustScaler(copy=False)}",0.07931170233321982,0.07931170233321982,0.0,1,0.9595250375403345
0,7209.623389005661,0.0,22.33453059196472,0.0,passthrough,enveloppe,HistGradientBoostingRegressor,0.001,0.05,0.1,63,20,FunctionTransformer(func=<function reshape at 0x7f96934342c0>),passthrough,"{'first_scale': 'passthrough', 'frequency': FunctionTransformer(func=<function enveloppe at 0x7f96933c7740>), 'model': HistGradientBoostingRegressor(early_stopping=True, max_iter=300,
                              n_iter_no_change=15, random_state=42,
                              scoring=None), 'model__l2_regularization': 0.001, 'model__learning_rate': 0.05, 'model__max_features': 0.1, 'model__max_leaf_nodes': 63, 'model__min_samples_leaf': 20, 'reshape': FunctionTransformer(func=<function reshape at 0x7f96934342c0>), 'second_scale': 'passthrough'}",0.0914988422354911,0.0914988422354911,0.0,1,0.9531532708670253
1,3263.924198627472,0.0,34.865845918655396,0.0,mad_scaling_clipping_trial_time,real_cepstrum,HistGradientBoostingRegressor,0.0,0.05,0.1,63,20,FunctionTransformer(func=<function reshape at 0x7f96934342c0>),passthrough,"{'first_scale': FunctionTransformer(func=<function mad_scaling_clipping_trial_time at 0x7f96934340e0>), 'frequency': FunctionTransformer(func=<function real_cepstrum at 0x7f96933c7880>), 'model': HistGradientBoostingRegressor(early_stopping=True, max_iter=300,
                              n_iter_no_change=15, random_state=42,
                              scoring=None), 'model__l2_regularization': 0.0, 'model__learning_rate': 0.05, 'model__max_features': 0.1, 'model__max_leaf_nodes': 63, 'model__min_samples_leaf': 20, 'reshape': FunctionTransformer(func=<function reshape at 0x7f96934342c0>), 'second_scale': 'passthrough'}",0.007493634963113838,0.007493634963113838,0.0,2,0.9962461367738829
0,1413.8134064674377,0.0,25.909895420074463,0.0,mad_scaling_clipping_channel_trial,power_phase,HistGradientBoostingRegressor,0.0,0.1,0.2,31,20,FunctionTransformer(func=<function reshape at 0x7f96934342c0>),passthrough,"{'first_scale': FunctionTransformer(func=<function mad_scaling_clipping_channel_trial at 0x7f9693434040>), 'frequency': FunctionTransformer(func=<function power_phase at 0x7f96933c7ba0>), 'model': HistGradientBoostingRegressor(early_stopping=True, max_iter=300,
                              n_iter_no_change=15, random_state=42,
                              scoring=None), 'model__l2_regularization': 0.0, 'model__learning_rate': 0.1, 'model__max_features': 0.2, 'model__max_leaf_nodes': 31, 'model__min_samples_leaf': 20, 'reshape': FunctionTransformer(func=<function reshape at 0x7f96934342c0>), 'second_scale': 'passthrough'}",0.07065552903081873,0.07065552903081873,0.0,1,0.9640251402163645
1,1239.7821238040924,0.0,47.75755047798157,0.0,mad_scaling_clipping_trial_time,complex_cepstrum,HistGradientBoostingRegressor,0.001,0.1,0.2,31,20,FunctionTransformer(func=<function reshape at 0x7f96934342c0>),passthrough,"{'first_scale': FunctionTransformer(func=<function mad_scaling_clipping_trial_time at 0x7f96934340e0>), 'frequency': FunctionTransformer(func=<function complex_cepstrum at 0x7f96933c77e0>), 'model': HistGradientBoostingRegressor(early_stopping=True, max_iter=300,
                              n_iter_no_change=15, random_state=42,
                              scoring=None), 'model__l2_regularization': 0.001, 'model__learning_rate': 0.1, 'model__max_features': 0.2, 'model__max_leaf_nodes': 31, 'model__min_samples_leaf': 20, 'reshape': FunctionTransformer(func=<function reshape at 0x7f96934342c0>), 'second_scale': 'passthrough'}",0.011452997382456531,0.011452997382456531,0.0,2,0.9942570103436754
0,1787.8859407901764,0.0,7.891540050506592,0.0,passthrough,real_cepstrum,HistGradientBoostingRegressor,0.0,0.05,0.1,63,20,FunctionTransformer(func=<function reshape at 0x7f96934342c0>),passthrough,"{'first_scale': 'passthrough', 'frequency': FunctionTransformer(func=<function real_cepstrum at 0x7f96933c7880>), 'model': HistGradientBoostingRegressor(early_stopping=True, max_iter=300,
                              n_iter_no_change=15, random_state=42,
                              scoring=None), 'model__l2_regularization': 0.0, 'model__learning_rate': 0.05, 'model__max_features': 0.1, 'model__max_leaf_nodes': 63, 'model__min_samples_leaf': 20, 'reshape': FunctionTransformer(func=<function reshape at 0x7f96934342c0>), 'second_scale': 'passthrough'}",0.015879255204683473,0.015879255204683473,0.0,2,0.9920286007950156
1,4829.13286280632,0.0,28.024863958358765,0.0,mad_scaling_clipping_channel_trial,enveloppe,HistGradientBoostingRegressor,0.001,0.05,0.1,63,20,FunctionTransformer(func=<function reshape at 0x7f96934342c0>),passthrough,"{'first_scale': FunctionTransformer(func=<function mad_scaling_clipping_channel_trial at 0x7f9693434040>), 'frequency': FunctionTransformer(func=<function enveloppe at 0x7f96933c7740>), 'model': HistGradientBoostingRegressor(early_stopping=True, max_iter=300,
                              n_iter_no_change=15, random_state=42,
                              scoring=None), 'model__l2_regularization': 0.001, 'model__learning_rate': 0.05, 'model__max_features': 0.1, 'model__max_leaf_nodes': 63, 'model__min_samples_leaf': 20, 'reshape': FunctionTransformer(func=<function reshape at 0x7f96934342c0>), 'second_scale': 'passthrough'}",0.07664112955910773,0.07664112955910773,0.0,1,0.9609156416881205
0,1137.1995213031769,0.0,7.058550596237183,0.0,passthrough,real_cepstrum,HistGradientBoostingRegressor,0.0,0.1,0.1,63,20,FunctionTransformer(func=<function reshape at 0x7f96934342c0>),RobustScaler(copy=False),"{'first_scale': 'passthrough', 'frequency': FunctionTransformer(func=<function real_cepstrum at 0x7f96933c7880>), 'model': HistGradientBoostingRegressor(early_stopping=True, max_iter=300,
                              n_iter_no_change=15, random_state=42,
                              scoring=None), 'model__l2_regularization': 0.0, 'model__learning_rate': 0.1, 'model__max_features': 0.1, 'model__max_leaf_nodes': 63, 'model__min_samples_leaf': 20, 'reshape': FunctionTransformer(func=<function reshape at 0x7f96934342c0>), 'second_scale': RobustScaler(copy=False)}",-0.0005805263043461295,-0.0005805263043461295,0.0,2,1.0002902210380475
1,3493.265041589737,0.0,29.094565868377686,0.0,mad_scaling_clipping_channel_trial,enveloppe,HistGradientBoostingRegressor,0.001,0.1,0.1,63,20,FunctionTransformer(func=<function reshape at 0x7f96934342c0>),RobustScaler(copy=False),"{'first_scale': FunctionTransformer(func=<function mad_scaling_clipping_channel_trial at 0x7f9693434040>), 'frequency': FunctionTransformer(func=<function enveloppe at 0x7f96933c7740>), 'model': HistGradientBoostingRegressor(early_stopping=True, max_iter=300,
                              n_iter_no_change=15, random_state=42,
                              scoring=None), 'model__l2_regularization': 0.001, 'model__learning_rate': 0.1, 'model__max_features': 0.1, 'model__max_leaf_nodes': 63, 'model__min_samples_leaf': 20, 'reshape': FunctionTransformer(func=<function reshape at 0x7f96934342c0>), 'second_scale': RobustScaler(copy=False)}",0.05086895385326373,0.05086895385326373,0.0,1,0.974233568579289
0,1753.5786640644073,0.0,12.443733930587769,0.0,passthrough,real_cepstrum,HistGradientBoostingRegressor,0.0,0.1,0.1,31,20,FunctionTransformer(func=<function reshape at 0x7f96934342c0>),passthrough,"{'first_scale': 'passthrough', 'frequency': FunctionTransformer(func=<function real_cepstrum at 0x7f96933c7880>), 'model': HistGradientBoostingRegressor(early_stopping=True, max_iter=300,
                              n_iter_no_change=15, random_state=42,
                              scoring=None), 'model__l2_regularization': 0.0, 'model__learning_rate': 0.1, 'model__max_features': 0.1, 'model__max_leaf_nodes': 31, 'model__min_samples_leaf': 20, 'reshape': FunctionTransformer(func=<function reshape at 0x7f96934342c0>), 'second_scale': 'passthrough'}",0.006989935199914088,0.006989935199914088,0.0,2,0.9964989035619085
1,3526.5501761436462,0.0,40.069559812545776,0.0,mad_scaling_clipping_channel_trial,enveloppe,HistGradientBoostingRegressor,0.001,0.1,0.1,31,20,FunctionTransformer(func=<function reshape at 0x7f96934342c0>),passthrough,"{'first_scale': FunctionTransformer(func=<function mad_scaling_clipping_channel_trial at 0x7f9693434040>), 'frequency': FunctionTransformer(func=<function enveloppe at 0x7f96933c7740>), 'model': HistGradientBoostingRegressor(early_stopping=True, max_iter=300,
                              n_iter_no_change=15, random_state=42,
                              scoring=None), 'model__l2_regularization': 0.001, 'model__learning_rate': 0.1, 'model__max_features': 0.1, 'model__max_leaf_nodes': 31, 'model__min_samples_leaf': 20, 'reshape': FunctionTransformer(func=<function reshape at 0x7f96934342c0>), 'second_scale': 'passthrough'}",0.06744561865268384,0.06744561865268384,0.0,1,0.96568855297519
0,1008.256064414978,0.0,25.806868076324463,0.0,mad_scaling_clipping_channel_trial,real_cepstrum,HistGradientBoostingRegressor,0.0,0.1,0.05,63,20,FunctionTransformer(func=<function reshape at 0x7f96934342c0>),passthrough,"{'first_scale': FunctionTransformer(func=<function mad_scaling_clipping_channel_trial at 0x7f9693434040>), 'frequency': FunctionTransformer(func=<function real_cepstrum at 0x7f96933c7880>), 'model': HistGradientBoostingRegressor(early_stopping=True, max_iter=300,
                              n_iter_no_change=15, random_state=42,
                              scoring=None), 'model__l2_regularization': 0.0, 'model__learning_rate': 0.1, 'model__max_features': 0.05, 'model__max_leaf_nodes': 63, 'model__min_samples_leaf': 20, 'reshape': FunctionTransformer(func=<function reshape at 0x7f96934342c0>), 'second_scale': 'passthrough'}",0.005824838869683879,0.005824838869683879,0.0,2,0.9970833270746814
1,5044.4577803611755,0.0,40.218069314956665,0.0,mad_scaling_clipping_trial_time,enveloppe,HistGradientBoostingRegressor,0.001,0.1,0.05,63,20,FunctionTransformer(func=<function reshape at 0x7f96934342c0>),passthrough,"{'first_scale': FunctionTransformer(func=<function mad_scaling_clipping_trial_time at 0x7f96934340e0>), 'frequency': FunctionTransformer(func=<function enveloppe at 0x7f96933c7740>), 'model': HistGradientBoostingRegressor(early_stopping=True, max_iter=300,
                              n_iter_no_change=15, random_state=42,
                              scoring=None), 'model__l2_regularization': 0.001, 'model__learning_rate': 0.1, 'model__max_features': 0.05, 'model__max_leaf_nodes': 63, 'model__min_samples_leaf': 20, 'reshape': FunctionTransformer(func=<function reshape at 0x7f96934342c0>), 'second_scale': 'passthrough'}",0.07400460549713084,0.07400460549713084,0.0,1,0.9622865449037875
0,2214.12682557106,0.0,3.0635902881622314,0.0,passthrough,passthrough,HistGradientBoostingRegressor,0.001,0.05,0.05,31,20,FunctionTransformer(func=<function reshape at 0x7f96934342c0>),RobustScaler(copy=False),"{'first_scale': 'passthrough', 'frequency': 'passthrough', 'model': HistGradientBoostingRegressor(early_stopping=True, max_iter=300,
                              n_iter_no_change=15, random_state=42,
                              scoring=None), 'model__l2_regularization': 0.001, 'model__learning_rate': 0.05, 'model__max_features': 0.05, 'model__max_leaf_nodes': 31, 'model__min_samples_leaf': 20, 'reshape': FunctionTransformer(func=<function reshape at 0x7f96934342c0>), 'second_scale': RobustScaler(copy=False)}",0.09346442823511891,0.09346442823511891,0.0,1,0.9521216160579914
1,2223.9021003246307,0.0,32.19791316986084,0.0,mad_scaling_clipping_channel_trial,complex_cepstrum,HistGradientBoostingRegressor,0.0,0.05,0.05,31,20,FunctionTransformer(func=<function reshape at 0x7f96934342c0>),RobustScaler(copy=False),"{'first_scale': FunctionTransformer(func=<function mad_scaling_clipping_channel_trial at 0x7f9693434040>), 'frequency': FunctionTransformer(func=<function complex_cepstrum at 0x7f96933c77e0>), 'model': HistGradientBoostingRegressor(early_stopping=True, max_iter=300,
                              n_iter_no_change=15, random_state=42,
                              scoring=None), 'model__l2_regularization': 0.0, 'model__learning_rate': 0.05, 'model__max_features': 0.05, 'model__max_leaf_nodes': 31, 'model__min_samples_leaf': 20, 'reshape': FunctionTransformer(func=<function reshape at 0x7f96934342c0>), 'second_scale': RobustScaler(copy=False)}",0.03524401523167697,0.03524401523167697,0.0,2,0.9822199268841592
0,2503.387526512146,0.0,4.604104280471802,0.0,passthrough,passthrough,HistGradientBoostingRegressor,0.001,0.05,0.2,31,20,FunctionTransformer(func=<function reshape at 0x7f96934342c0>),RobustScaler(copy=False),"{'first_scale': 'passthrough', 'frequency': 'passthrough', 'model': HistGradientBoostingRegressor(early_stopping=True, max_iter=300,
                              n_iter_no_change=15, random_state=42,
                              scoring=None), 'model__l2_regularization': 0.001, 'model__learning_rate': 0.05, 'model__max_features': 0.2, 'model__max_leaf_nodes': 31, 'model__min_samples_leaf': 20, 'reshape': FunctionTransformer(func=<function reshape at 0x7f96934342c0>), 'second_scale': RobustScaler(copy=False)}",0.09200540911599242,0.09200540911599242,0.0,1,0.9528875016936719
1,2548.878922700882,0.0,41.0638906955719,0.0,mad_scaling_clipping_channel_trial,complex_cepstrum,HistGradientBoostingRegressor,0.0,0.05,0.2,31,20,FunctionTransformer(func=<function reshape at 0x7f96934342c0>),RobustScaler(copy=False),"{'first_scale': FunctionTransformer(func=<function mad_scaling_clipping_channel_trial at 0x7f9693434040>), 'frequency': FunctionTransformer(func=<function complex_cepstrum at 0x7f96933c77e0>), 'model': HistGradientBoostingRegressor(early_stopping=True, max_iter=300,
                              n_iter_no_change=15, random_state=42,
                              scoring=None), 'model__l2_regularization': 0.0, 'model__learning_rate': 0.05, 'model__max_features': 0.2, 'model__max_leaf_nodes': 31, 'model__min_samples_leaf': 20, 'reshape': FunctionTransformer(func=<function reshape at 0x7f96934342c0>), 'second_scale': RobustScaler(copy=False)}",0.03315585175511815,0.03315585175511815,0.0,2,0.9832823339432484
0,4331.806076526642,0.0,21.17564821243286,0.0,passthrough,enveloppe,HistGradientBoostingRegressor,0.001,0.1,0.05,31,20,FunctionTransformer(func=<function reshape at 0x7f96934342c0>),RobustScaler(copy=False),"{'first_scale': 'passthrough', 'frequency': FunctionTransformer(func=<function enveloppe at 0x7f96933c7740>), 'model': HistGradientBoostingRegressor(early_stopping=True, max_iter=300,
                              n_iter_no_change=15, random_state=42,
                              scoring=None), 'model__l2_regularization': 0.001, 'model__learning_rate': 0.1, 'model__max_features': 0.05, 'model__max_leaf_nodes': 31, 'model__min_samples_leaf': 20, 'reshape': FunctionTransformer(func=<function reshape at 0x7f96934342c0>), 'second_scale': RobustScaler(copy=False)}",0.09064021404194089,0.09064021404194089,0.0,1,0.9536035790400847
1,1208.4742138385773,0.0,32.0070424079895,0.0,mad_scaling_clipping_trial_time,real_cepstrum,HistGradientBoostingRegressor,0.0,0.1,0.05,31,20,FunctionTransformer(func=<function reshape at 0x7f96934342c0>),RobustScaler(copy=False),"{'first_scale': FunctionTransformer(func=<function mad_scaling_clipping_trial_time at 0x7f96934340e0>), 'frequency': FunctionTransformer(func=<function real_cepstrum at 0x7f96933c7880>), 'model': HistGradientBoostingRegressor(early_stopping=True, max_iter=300,
                              n_iter_no_change=15, random_state=42,
                              scoring=None), 'model__l2_regularization': 0.0, 'model__learning_rate': 0.1, 'model__max_features': 0.05, 'model__max_leaf_nodes': 31, 'model__min_samples_leaf': 20, 'reshape': FunctionTransformer(func=<function reshape at 0x7f96934342c0>), 'second_scale': RobustScaler(copy=False)}",0.0109912949873201,0.0109912949873201,0.0,2,0.9944891678709628
0,3005.7011473178864,0.0,12.960669994354248,0.0,passthrough,power_phase,HistGradientBoostingRegressor,0.0,0.05,0.2,63,20,FunctionTransformer(func=<function reshape at 0x7f96934342c0>),passthrough,"{'first_scale': 'passthrough', 'frequency': FunctionTransformer(func=<function power_phase at 0x7f96933c7ba0>), 'model': HistGradientBoostingRegressor(early_stopping=True, max_iter=300,
                              n_iter_no_change=15, random_state=42,
                              scoring=None), 'model__l2_regularization': 0.0, 'model__learning_rate': 0.05, 'model__max_features': 0.2, 'model__max_leaf_nodes': 63, 'model__min_samples_leaf': 20, 'reshape': FunctionTransformer(func=<function reshape at 0x7f96934342c0>), 'second_scale': 'passthrough'}",0.08567127882210801,0.08567127882210801,0.0,1,0.9562053760452782
1,3461.05397439003,0.0,45.56480002403259,0.0,mad_scaling_clipping_channel_trial,complex_cepstrum,HistGradientBoostingRegressor,0.001,0.05,0.2,63,20,FunctionTransformer(func=<function reshape at 0x7f96934342c0>),passthrough,"{'first_scale': FunctionTransformer(func=<function mad_scaling_clipping_channel_trial at 0x7f9693434040>), 'frequency': FunctionTransformer(func=<function complex_cepstrum at 0x7f96933c77e0>), 'model': HistGradientBoostingRegressor(early_stopping=True, max_iter=300,
                              n_iter_no_change=15, random_state=42,
                              scoring=None), 'model__l2_regularization': 0.001, 'model__learning_rate': 0.05, 'model__max_features': 0.2, 'model__max_leaf_nodes': 63, 'model__min_samples_leaf': 20, 'reshape': FunctionTransformer(func=<function reshape at 0x7f96934342c0>), 'second_scale': 'passthrough'}",0.034532891961744694,0.034532891961744694,0.0,2,0.982581858187019
0,2446.7102909088135,0.0,3.436464309692383,0.0,passthrough,passthrough,HistGradientBoostingRegressor,0.001,0.05,0.2,31,20,FunctionTransformer(func=<function reshape at 0x7f96934342c0>),passthrough,"{'first_scale': 'passthrough', 'frequency': 'passthrough', 'model': HistGradientBoostingRegressor(early_stopping=True, max_iter=300,
                              n_iter_no_change=15, random_state=42,
                              scoring=None), 'model__l2_regularization': 0.001, 'model__learning_rate': 0.05, 'model__max_features': 0.2, 'model__max_leaf_nodes': 31, 'model__min_samples_leaf': 20, 'reshape': FunctionTransformer(func=<function reshape at 0x7f96934342c0>), 'second_scale': 'passthrough'}",0.09181672720200218,0.09181672720200218,0.0,1,0.9529865018970614
1,2179.431198120117,0.0,38.79203152656555,0.0,mad_scaling_clipping_channel_trial,complex_cepstrum,HistGradientBoostingRegressor,0.0,0.05,0.2,31,20,FunctionTransformer(func=<function reshape at 0x7f96934342c0>),passthrough,"{'first_scale': FunctionTransformer(func=<function mad_scaling_clipping_channel_trial at 0x7f9693434040>), 'frequency': FunctionTransformer(func=<function complex_cepstrum at 0x7f96933c77e0>), 'model': HistGradientBoostingRegressor(early_stopping=True, max_iter=300,
                              n_iter_no_change=15, random_state=42,
                              scoring=None), 'model__l2_regularization': 0.0, 'model__learning_rate': 0.05, 'model__max_features': 0.2, 'model__max_leaf_nodes': 31, 'model__min_samples_leaf': 20, 'reshape': FunctionTransformer(func=<function reshape at 0x7f96934342c0>), 'second_scale': 'passthrough'}",0.03315585175511815,0.03315585175511815,0.0,2,0.9832823339432484
0,2329.1481664180756,0.0,10.853204250335693,0.0,passthrough,power_phase,HistGradientBoostingRegressor,0.0,0.05,0.05,63,20,FunctionTransformer(func=<function reshape at 0x7f96934342c0>),RobustScaler(copy=False),"{'first_scale': 'passthrough', 'frequency': FunctionTransformer(func=<function power_phase at 0x7f96933c7ba0>), 'model': HistGradientBoostingRegressor(early_stopping=True, max_iter=300,
                              n_iter_no_change=15, random_state=42,
                              scoring=None), 'model__l2_regularization': 0.0, 'model__learning_rate': 0.05, 'model__max_features': 0.05, 'model__max_leaf_nodes': 63, 'model__min_samples_leaf': 20, 'reshape': FunctionTransformer(func=<function reshape at 0x7f96934342c0>), 'second_scale': RobustScaler(copy=False)}",0.08285617713099946,0.08285617713099946,0.0,1,0.9576762620369164
1,2589.5620760917664,0.0,36.946823596954346,0.0,mad_scaling_clipping_channel_trial,complex_cepstrum,HistGradientBoostingRegressor,0.001,0.05,0.05,63,20,FunctionTransformer(func=<function reshape at 0x7f96934342c0>),RobustScaler(copy=False),"{'first_scale': FunctionTransformer(func=<function mad_scaling_clipping_channel_trial at 0x7f9693434040>), 'frequency': FunctionTransformer(func=<function complex_cepstrum at 0x7f96933c77e0>), 'model': HistGradientBoostingRegressor(early_stopping=True, max_iter=300,
                              n_iter_no_change=15, random_state=42,
                              scoring=None), 'model__l2_regularization': 0.001, 'model__learning_rate': 0.05, 'model__max_features': 0.05, 'model__max_leaf_nodes': 63, 'model__min_samples_leaf': 20, 'reshape': FunctionTransformer(func=<function reshape at 0x7f96934342c0>), 'second_scale': RobustScaler(copy=False)}",0.03196738093891438,0.03196738093891438,0.0,2,0.983886486877976
0,1697.0619587898254,0.0,2.478140115737915,0.0,passthrough,passthrough,HistGradientBoostingRegressor,0.0,0.1,0.05,63,20,FunctionTransformer(func=<function reshape at 0x7f96934342c0>),RobustScaler(copy=False),"{'first_scale': 'passthrough', 'frequency': 'passthrough', 'model': HistGradientBoostingRegressor(early_stopping=True, max_iter=300,
                              n_iter_no_change=15, random_state=42,
                              scoring=None), 'model__l2_regularization': 0.0, 'model__learning_rate': 0.1, 'model__max_features': 0.05, 'model__max_leaf_nodes': 63, 'model__min_samples_leaf': 20, 'reshape': FunctionTransformer(func=<function reshape at 0x7f96934342c0>), 'second_scale': RobustScaler(copy=False)}",0.07652053508838308,0.07652053508838308,0.0,1,0.9609783894092608
1,988.4179244041443,0.0,18.53032922744751,0.0,mad_scaling_clipping_channel_trial,real_cepstrum,HistGradientBoostingRegressor,0.001,0.1,0.05,63,20,FunctionTransformer(func=<function reshape at 0x7f96934342c0>),RobustScaler(copy=False),"{'first_scale': FunctionTransformer(func=<function mad_scaling_clipping_channel_trial at 0x7f9693434040>), 'frequency': FunctionTransformer(func=<function real_cepstrum at 0x7f96933c7880>), 'model': HistGradientBoostingRegressor(early_stopping=True, max_iter=300,
                              n_iter_no_change=15, random_state=42,
                              scoring=None), 'model__l2_regularization': 0.001, 'model__learning_rate': 0.1, 'model__max_features': 0.05, 'model__max_leaf_nodes': 63, 'model__min_samples_leaf': 20, 'reshape': FunctionTransformer(func=<function reshape at 0x7f96934342c0>), 'second_scale': RobustScaler(copy=False)}",-0.000521498903028883,-0.000521498903028883,0.0,2,1.0002607154652374
0,2308.024041414261,0.0,21.339394092559814,0.0,passthrough,complex_cepstrum,HistGradientBoostingRegressor,0.0,0.05,0.1,31,20,FunctionTransformer(func=<function reshape at 0x7f96934342c0>),passthrough,"{'first_scale': 'passthrough', 'frequency': FunctionTransformer(func=<function complex_cepstrum at 0x7f96933c77e0>), 'model': HistGradientBoostingRegressor(early_stopping=True, max_iter=300,
                              n_iter_no_change=15, random_state=42,
                              scoring=None), 'model__l2_regularization': 0.0, 'model__learning_rate': 0.05, 'model__max_features': 0.1, 'model__max_leaf_nodes': 31, 'model__min_samples_leaf': 20, 'reshape': FunctionTransformer(func=<function reshape at 0x7f96934342c0>), 'second_scale': 'passthrough'}",0.034613143445771155,0.034613143445771155,0.0,2,0.9825410202908725
1,2439.0607674121857,0.0,27.26090145111084,0.0,mad_scaling_clipping_trial_time,passthrough,HistGradientBoostingRegressor,0.001,0.05,0.1,31,20,FunctionTransformer(func=<function reshape at 0x7f96934342c0>),passthrough,"{'first_scale': FunctionTransformer(func=<function mad_scaling_clipping_trial_time at 0x7f96934340e0>), 'frequency': 'passthrough', 'model': HistGradientBoostingRegressor(early_stopping=True, max_iter=300,
                              n_iter_no_change=15, random_state=42,
                              scoring=None), 'model__l2_regularization': 0.001, 'model__learning_rate': 0.05, 'model__max_features': 0.1, 'model__max_leaf_nodes': 31, 'model__min_samples_leaf': 20, 'reshape': FunctionTransformer(func=<function reshape at 0x7f96934342c0>), 'second_scale': 'passthrough'}",0.09009281588610385,0.09009281588610385,0.0,1,0.9538905514333896
0,2437.2629973888397,0.0,30.808669328689575,0.0,mad_scaling_clipping_channel_trial,power_phase,HistGradientBoostingRegressor,0.001,0.1,0.05,63,20,FunctionTransformer(func=<function reshape at 0x7f96934342c0>),passthrough,"{'first_scale': FunctionTransformer(func=<function mad_scaling_clipping_channel_trial at 0x7f9693434040>), 'frequency': FunctionTransformer(func=<function power_phase at 0x7f96933c7ba0>), 'model': HistGradientBoostingRegressor(early_stopping=True, max_iter=300,
                              n_iter_no_change=15, random_state=42,
                              scoring=None), 'model__l2_regularization': 0.001, 'model__learning_rate': 0.1, 'model__max_features': 0.05, 'model__max_leaf_nodes': 63, 'model__min_samples_leaf': 20, 'reshape': FunctionTransformer(func=<function reshape at 0x7f96934342c0>), 'second_scale': 'passthrough'}",0.06991456148008535,0.06991456148008535,0.0,1,0.9644093728909496
1,7855.4632132053375,0.0,46.467344999313354,0.0,mad_scaling_clipping_trial_time,enveloppe,HistGradientBoostingRegressor,0.0,0.1,0.05,63,20,FunctionTransformer(func=<function reshape at 0x7f96934342c0>),passthrough,"{'first_scale': FunctionTransformer(func=<function mad_scaling_clipping_trial_time at 0x7f96934340e0>), 'frequency': FunctionTransformer(func=<function enveloppe at 0x7f96933c7740>), 'model': HistGradientBoostingRegressor(early_stopping=True, max_iter=300,
                              n_iter_no_change=15, random_state=42,
                              scoring=None), 'model__l2_regularization': 0.0, 'model__learning_rate': 0.1, 'model__max_features': 0.05, 'model__max_leaf_nodes': 63, 'model__min_samples_leaf': 20, 'reshape': FunctionTransformer(func=<function reshape at 0x7f96934342c0>), 'second_scale': 'passthrough'}",0.06507831201384662,0.06507831201384662,0.0,2,0.9669134852644022
0,2109.796262741089,0.0,33.54416060447693,0.0,mad_scaling_clipping_channel_trial,real_cepstrum,HistGradientBoostingRegressor,0.0,0.05,0.2,31,20,FunctionTransformer(func=<function reshape at 0x7f96934342c0>),passthrough,"{'first_scale': FunctionTransformer(func=<function mad_scaling_clipping_channel_trial at 0x7f9693434040>), 'frequency': FunctionTransformer(func=<function real_cepstrum at 0x7f96933c7880>), 'model': HistGradientBoostingRegressor(early_stopping=True, max_iter=300,
                              n_iter_no_change=15, random_state=42,
                              scoring=None), 'model__l2_regularization': 0.0, 'model__learning_rate': 0.05, 'model__max_features': 0.2, 'model__max_leaf_nodes': 31, 'model__min_samples_leaf': 20, 'reshape': FunctionTransformer(func=<function reshape at 0x7f96934342c0>), 'second_scale': 'passthrough'}",0.012805173414948579,0.012805173414948579,0.0,2,0.993576784443483
1,4608.021014213562,0.0,44.027748584747314,0.0,mad_scaling_clipping_trial_time,enveloppe,HistGradientBoostingRegressor,0.001,0.05,0.2,31,20,FunctionTransformer(func=<function reshape at 0x7f96934342c0>),passthrough,"{'first_scale': FunctionTransformer(func=<function mad_scaling_clipping_trial_time at 0x7f96934340e0>), 'frequency': FunctionTransformer(func=<function enveloppe at 0x7f96933c7740>), 'model': HistGradientBoostingRegressor(early_stopping=True, max_iter=300,
                              n_iter_no_change=15, random_state=42,
                              scoring=None), 'model__l2_regularization': 0.001, 'model__learning_rate': 0.05, 'model__max_features': 0.2, 'model__max_leaf_nodes': 31, 'model__min_samples_leaf': 20, 'reshape': FunctionTransformer(func=<function reshape at 0x7f96934342c0>), 'second_scale': 'passthrough'}",0.08584415291098679,0.08584415291098679,0.0,1,0.9561149758732018
0,2226.093090057373,0.0,3.3786773681640625,0.0,passthrough,passthrough,HistGradientBoostingRegressor,0.001,0.1,0.05,31,20,FunctionTransformer(func=<function reshape at 0x7f96934342c0>),passthrough,"{'first_scale': 'passthrough', 'frequency': 'passthrough', 'model': HistGradientBoostingRegressor(early_stopping=True, max_iter=300,
                              n_iter_no_change=15, random_state=42,
                              scoring=None), 'model__l2_regularization': 0.001, 'model__learning_rate': 0.1, 'model__max_features': 0.05, 'model__max_leaf_nodes': 31, 'model__min_samples_leaf': 20, 'reshape': FunctionTransformer(func=<function reshape at 0x7f96934342c0>), 'second_scale': 'passthrough'}",0.08868317541812998,0.08868317541812998,0.0,1,0.9546291555268308
1,1659.0723493099213,0.0,41.669342279434204,0.0,mad_scaling_clipping_channel_trial,complex_cepstrum,HistGradientBoostingRegressor,0.0,0.1,0.05,31,20,FunctionTransformer(func=<function reshape at 0x7f96934342c0>),passthrough,"{'first_scale': FunctionTransformer(func=<function mad_scaling_clipping_channel_trial at 0x7f9693434040>), 'frequency': FunctionTransformer(func=<function complex_cepstrum at 0x7f96933c77e0>), 'model': HistGradientBoostingRegressor(early_stopping=True, max_iter=300,
                              n_iter_no_change=15, random_state=42,
                              scoring=None), 'model__l2_regularization': 0.0, 'model__learning_rate': 0.1, 'model__max_features': 0.05, 'model__max_leaf_nodes': 31, 'model__min_samples_leaf': 20, 'reshape': FunctionTransformer(func=<function reshape at 0x7f96934342c0>), 'second_scale': 'passthrough'}",0.02795369454713803,0.02795369454713803,0.0,2,0.9859240870639392
0,1354.332211971283,0.0,11.061232566833496,0.0,passthrough,real_cepstrum,HistGradientBoostingRegressor,0.0,0.1,0.05,31,20,FunctionTransformer(func=<function reshape at 0x7f96934342c0>),RobustScaler(copy=False),"{'first_scale': 'passthrough', 'frequency': FunctionTransformer(func=<function real_cepstrum at 0x7f96933c7880>), 'model': HistGradientBoostingRegressor(early_stopping=True, max_iter=300,
                              n_iter_no_change=15, random_state=42,
                              scoring=None), 'model__l2_regularization': 0.0, 'model__learning_rate': 0.1, 'model__max_features': 0.05, 'model__max_leaf_nodes': 31, 'model__min_samples_leaf': 20, 'reshape': FunctionTransformer(func=<function reshape at 0x7f96934342c0>), 'second_scale': RobustScaler(copy=False)}",0.01539705107859246,0.01539705107859246,0.0,2,0.9922716104582493
1,3659.9174740314484,0.0,37.82394599914551,0.0,mad_scaling_clipping_channel_trial,enveloppe,HistGradientBoostingRegressor,0.001,0.1,0.05,31,20,FunctionTransformer(func=<function reshape at 0x7f96934342c0>),RobustScaler(copy=False),"{'first_scale': FunctionTransformer(func=<function mad_scaling_clipping_channel_trial at 0x7f9693434040>), 'frequency': FunctionTransformer(func=<function enveloppe at 0x7f96933c7740>), 'model': HistGradientBoostingRegressor(early_stopping=True, max_iter=300,
                              n_iter_no_change=15, random_state=42,
                              scoring=None), 'model__l2_regularization': 0.001, 'model__learning_rate': 0.1, 'model__max_features': 0.05, 'model__max_leaf_nodes': 31, 'model__min_samples_leaf': 20, 'reshape': FunctionTransformer(func=<function reshape at 0x7f96934342c0>), 'second_scale': RobustScaler(copy=False)}",0.06791958481751581,0.06791958481751581,0.0,1,0.9654431185639495
0,2352.7523453235626,0.0,22.58369469642639,0.0,passthrough,complex_cepstrum,HistGradientBoostingRegressor,0.0,0.1,0.1,31,20,FunctionTransformer(func=<function reshape at 0x7f96934342c0>),RobustScaler(copy=False),"{'first_scale': 'passthrough', 'frequency': FunctionTransformer(func=<function complex_cepstrum at 0x7f96933c77e0>), 'model': HistGradientBoostingRegressor(early_stopping=True, max_iter=300,
                              n_iter_no_change=15, random_state=42,
                              scoring=None), 'model__l2_regularization': 0.0, 'model__learning_rate': 0.1, 'model__max_features': 0.1, 'model__max_leaf_nodes': 31, 'model__min_samples_leaf': 20, 'reshape': FunctionTransformer(func=<function reshape at 0x7f96934342c0>), 'second_scale': RobustScaler(copy=False)}",0.027655426152040197,0.027655426152040197,0.0,2,0.9860753388296251
1,2384.0226607322693,0.0,23.514641761779785,0.0,mad_scaling_clipping_trial_time,passthrough,HistGradientBoostingRegressor,0.001,0.1,0.1,31,20,FunctionTransformer(func=<function reshape at 0x7f96934342c0>),RobustScaler(copy=False),"{'first_scale': FunctionTransformer(func=<function mad_scaling_clipping_trial_time at 0x7f96934340e0>), 'frequency': 'passthrough', 'model': HistGradientBoostingRegressor(early_stopping=True, max_iter=300,
                              n_iter_no_change=15, random_state=42,
                              scoring=None), 'model__l2_regularization': 0.001, 'model__learning_rate': 0.1, 'model__max_features': 0.1, 'model__max_leaf_nodes': 31, 'model__min_samples_leaf': 20, 'reshape': FunctionTransformer(func=<function reshape at 0x7f96934342c0>), 'second_scale': RobustScaler(copy=False)}",0.07681571924161945,0.07681571924161945,0.0,1,0.9608247919149363
0,2852.23952794075,0.0,27.278846740722656,0.0,mad_scaling_clipping_channel_trial,passthrough,HistGradientBoostingRegressor,0.001,0.1,0.05,31,20,FunctionTransformer(func=<function reshape at 0x7f96934342c0>),passthrough,"{'first_scale': FunctionTransformer(func=<function mad_scaling_clipping_channel_trial at 0x7f9693434040>), 'frequency': 'passthrough', 'model': HistGradientBoostingRegressor(early_stopping=True, max_iter=300,
                              n_iter_no_change=15, random_state=42,
                              scoring=None), 'model__l2_regularization': 0.001, 'model__learning_rate': 0.1, 'model__max_features': 0.05, 'model__max_leaf_nodes': 31, 'model__min_samples_leaf': 20, 'reshape': FunctionTransformer(func=<function reshape at 0x7f96934342c0>), 'second_scale': 'passthrough'}",0.0758038791999941,0.0758038791999941,0.0,1,0.9613511953495486
1,1549.8712749481201,0.0,42.39052057266235,0.0,mad_scaling_clipping_trial_time,complex_cepstrum,HistGradientBoostingRegressor,0.0,0.1,0.05,31,20,FunctionTransformer(func=<function reshape at 0x7f96934342c0>),passthrough,"{'first_scale': FunctionTransformer(func=<function mad_scaling_clipping_trial_time at 0x7f96934340e0>), 'frequency': FunctionTransformer(func=<function complex_cepstrum at 0x7f96933c77e0>), 'model': HistGradientBoostingRegressor(early_stopping=True, max_iter=300,
                              n_iter_no_change=15, random_state=42,
                              scoring=None), 'model__l2_regularization': 0.0, 'model__learning_rate': 0.1, 'model__max_features': 0.05, 'model__max_leaf_nodes': 31, 'model__min_samples_leaf': 20, 'reshape': FunctionTransformer(func=<function reshape at 0x7f96934342c0>), 'second_scale': 'passthrough'}",0.015490957443119124,0.015490957443119124,0.0,2,0.9922242904489291
0,1567.6337513923645,0.0,22.137804985046387,0.0,mad_scaling_clipping_channel_trial,real_cepstrum,HistGradientBoostingRegressor,0.0,0.05,0.1,31,20,FunctionTransformer(func=<function reshape at 0x7f96934342c0>),passthrough,"{'first_scale': FunctionTransformer(func=<function mad_scaling_clipping_channel_trial at 0x7f9693434040>), 'frequency': FunctionTransformer(func=<function real_cepstrum at 0x7f96933c7880>), 'model': HistGradientBoostingRegressor(early_stopping=True, max_iter=300,
                              n_iter_no_change=15, random_state=42,
                              scoring=None), 'model__l2_regularization': 0.0, 'model__learning_rate': 0.05, 'model__max_features': 0.1, 'model__max_leaf_nodes': 31, 'model__min_samples_leaf': 20, 'reshape': FunctionTransformer(func=<function reshape at 0x7f96934342c0>), 'second_scale': 'passthrough'}",0.01177949089059871,0.01177949089059871,0.0,2,0.9940928070906666
1,3595.6595692634583,0.0,35.379674434661865,0.0,mad_scaling_clipping_trial_time,enveloppe,HistGradientBoostingRegressor,0.001,0.05,0.1,31,20,FunctionTransformer(func=<function reshape at 0x7f96934342c0>),passthrough,"{'first_scale': FunctionTransformer(func=<function mad_scaling_clipping_trial_time at 0x7f96934340e0>), 'frequency': FunctionTransformer(func=<function enveloppe at 0x7f96933c7740>), 'model': HistGradientBoostingRegressor(early_stopping=True, max_iter=300,
                              n_iter_no_change=15, random_state=42,
                              scoring=None), 'model__l2_regularization': 0.001, 'model__learning_rate': 0.05, 'model__max_features': 0.1, 'model__max_leaf_nodes': 31, 'model__min_samples_leaf': 20, 'reshape': FunctionTransformer(func=<function reshape at 0x7f96934342c0>), 'second_scale': 'passthrough'}",0.08889976967841673,0.08889976967841673,0.0,1,0.9545157045966207
0,3167.9141008853912,0.0,19.797884941101074,0.0,passthrough,complex_cepstrum,HistGradientBoostingRegressor,0.001,0.05,0.05,63,20,FunctionTransformer(func=<function reshape at 0x7f96934342c0>),passthrough,"{'first_scale': 'passthrough', 'frequency': FunctionTransformer(func=<function complex_cepstrum at 0x7f96933c77e0>), 'model': HistGradientBoostingRegressor(early_stopping=True, max_iter=300,
                              n_iter_no_change=15, random_state=42,
                              scoring=None), 'model__l2_regularization': 0.001, 'model__learning_rate': 0.05, 'model__max_features': 0.05, 'model__max_leaf_nodes': 63, 'model__min_samples_leaf': 20, 'reshape': FunctionTransformer(func=<function reshape at 0x7f96934342c0>), 'second_scale': 'passthrough'}",0.03502002307922869,0.03502002307922869,0.0,2,0.9823339436875687
1,3328.7257311344147,0.0,30.83877396583557,0.0,mad_scaling_clipping_trial_time,power_phase,HistGradientBoostingRegressor,0.0,0.05,0.05,63,20,FunctionTransformer(func=<function reshape at 0x7f96934342c0>),passthrough,"{'first_scale': FunctionTransformer(func=<function mad_scaling_clipping_trial_time at 0x7f96934340e0>), 'frequency': FunctionTransformer(func=<function power_phase at 0x7f96933c7ba0>), 'model': HistGradientBoostingRegressor(early_stopping=True, max_iter=300,
                              n_iter_no_change=15, random_state=42,
                              scoring=None), 'model__l2_regularization': 0.0, 'model__learning_rate': 0.05, 'model__max_features': 0.05, 'model__max_leaf_nodes': 63, 'model__min_samples_leaf': 20, 'reshape': FunctionTransformer(func=<function reshape at 0x7f96934342c0>), 'second_scale': 'passthrough'}",0.08701006374619358,0.08701006374619358,0.0,1,0.9555050686698666
0,2241.890810251236,0.0,2.370213031768799,0.0,passthrough,passthrough,HistGradientBoostingRegressor,0.0,0.1,0.2,63,20,FunctionTransformer(func=<function reshape at 0x7f96934342c0>),passthrough,"{'first_scale': 'passthrough', 'frequency': 'passthrough', 'model': HistGradientBoostingRegressor(early_stopping=True, max_iter=300,
                              n_iter_no_change=15, random_state=42,
                              scoring=None), 'model__l2_regularization': 0.0, 'model__learning_rate': 0.1, 'model__max_features': 0.2, 'model__max_leaf_nodes': 63, 'model__min_samples_leaf': 20, 'reshape': FunctionTransformer(func=<function reshape at 0x7f96934342c0>), 'second_scale': 'passthrough'}",0.0761802787497865,0.0761802787497865,0.0,1,0.9611554095203405
1,821.7038905620575,0.0,21.423145055770874,0.0,mad_scaling_clipping_channel_trial,real_cepstrum,HistGradientBoostingRegressor,0.001,0.1,0.2,63,20,FunctionTransformer(func=<function reshape at 0x7f96934342c0>),passthrough,"{'first_scale': FunctionTransformer(func=<function mad_scaling_clipping_channel_trial at 0x7f9693434040>), 'frequency': FunctionTransformer(func=<function real_cepstrum at 0x7f96933c7880>), 'model': HistGradientBoostingRegressor(early_stopping=True, max_iter=300,
                              n_iter_no_change=15, random_state=42,
                              scoring=None), 'model__l2_regularization': 0.001, 'model__learning_rate': 0.1, 'model__max_features': 0.2, 'model__max_leaf_nodes': 63, 'model__min_samples_leaf': 20, 'reshape': FunctionTransformer(func=<function reshape at 0x7f96934342c0>), 'second_scale': 'passthrough'}",0.006797902360962893,0.006797902360962893,0.0,2,0.9965952526673189
0,3690.7042310237885,0.0,32.245869159698486,0.0,mad_scaling_clipping_channel_trial,power_phase,HistGradientBoostingRegressor,0.001,0.1,0.05,63,20,FunctionTransformer(func=<function reshape at 0x7f96934342c0>),RobustScaler(copy=False),"{'first_scale': FunctionTransformer(func=<function mad_scaling_clipping_channel_trial at 0x7f9693434040>), 'frequency': FunctionTransformer(func=<function power_phase at 0x7f96933c7ba0>), 'model': HistGradientBoostingRegressor(early_stopping=True, max_iter=300,
                              n_iter_no_change=15, random_state=42,
                              scoring=None), 'model__l2_regularization': 0.001, 'model__learning_rate': 0.1, 'model__max_features': 0.05, 'model__max_leaf_nodes': 63, 'model__min_samples_leaf': 20, 'reshape': FunctionTransformer(func=<function reshape at 0x7f96934342c0>), 'second_scale': RobustScaler(copy=False)}",0.05557736907531574,0.05557736907531574,0.0,2,0.9718140927794185
1,8235.736711025238,0.0,48.69509816169739,0.0,mad_scaling_clipping_trial_time,enveloppe,HistGradientBoostingRegressor,0.0,0.1,0.05,63,20,FunctionTransformer(func=<function reshape at 0x7f96934342c0>),RobustScaler(copy=False),"{'first_scale': FunctionTransformer(func=<function mad_scaling_clipping_trial_time at 0x7f96934340e0>), 'frequency': FunctionTransformer(func=<function enveloppe at 0x7f96933c7740>), 'model': HistGradientBoostingRegressor(early_stopping=True, max_iter=300,
                              n_iter_no_change=15, random_state=42,
                              scoring=None), 'model__l2_regularization': 0.0, 'model__learning_rate': 0.1, 'model__max_features': 0.05, 'model__max_leaf_nodes': 63, 'model__min_samples_leaf': 20, 'reshape': FunctionTransformer(func=<function reshape at 0x7f96934342c0>), 'second_scale': RobustScaler(copy=False)}",0.07089410376073024,0.07089410376073024,0.0,1,0.9639013934211682
0,2130.576165676117,0.0,22.425466537475586,0.0,passthrough,complex_cepstrum,HistGradientBoostingRegressor,0.0,0.1,0.1,63,20,FunctionTransformer(func=<function reshape at 0x7f96934342c0>),passthrough,"{'first_scale': 'passthrough', 'frequency': FunctionTransformer(func=<function complex_cepstrum at 0x7f96933c77e0>), 'model': HistGradientBoostingRegressor(early_stopping=True, max_iter=300,
                              n_iter_no_change=15, random_state=42,
                              scoring=None), 'model__l2_regularization': 0.0, 'model__learning_rate': 0.1, 'model__max_features': 0.1, 'model__max_leaf_nodes': 63, 'model__min_samples_leaf': 20, 'reshape': FunctionTransformer(func=<function reshape at 0x7f96934342c0>), 'second_scale': 'passthrough'}",0.023573245039427926,0.023573245039427926,0.0,2,0.9881430842547916
1,3022.42439866066,0.0,23.651888608932495,0.0,mad_scaling_clipping_trial_time,passthrough,HistGradientBoostingRegressor,0.001,0.1,0.1,63,20,FunctionTransformer(func=<function reshape at 0x7f96934342c0>),passthrough,"{'first_scale': FunctionTransformer(func=<function mad_scaling_clipping_trial_time at 0x7f96934340e0>), 'frequency': 'passthrough', 'model': HistGradientBoostingRegressor(early_stopping=True, max_iter=300,
                              n_iter_no_change=15, random_state=42,
                              scoring=None), 'model__l2_regularization': 0.001, 'model__learning_rate': 0.1, 'model__max_features': 0.1, 'model__max_leaf_nodes': 63, 'model__min_samples_leaf': 20, 'reshape': FunctionTransformer(func=<function reshape at 0x7f96934342c0>), 'second_scale': 'passthrough'}",0.0741858849004925,0.0741858849004925,0.0,1,0.962192348285678
0,1663.9942495822906,0.0,2.3974170684814453,0.0,passthrough,passthrough,HistGradientBoostingRegressor,0.001,0.05,0.1,31,20,FunctionTransformer(func=<function reshape at 0x7f96934342c0>),passthrough,"{'first_scale': 'passthrough', 'frequency': 'passthrough', 'model': HistGradientBoostingRegressor(early_stopping=True, max_iter=300,
                              n_iter_no_change=15, random_state=42,
                              scoring=None), 'model__l2_regularization': 0.001, 'model__learning_rate': 0.05, 'model__max_features': 0.1, 'model__max_leaf_nodes': 31, 'model__min_samples_leaf': 20, 'reshape': FunctionTransformer(func=<function reshape at 0x7f96934342c0>), 'second_scale': 'passthrough'}",0.09072698100534538,0.09072698100534538,0.0,1,0.953558083702642
1,1663.051601409912,0.0,30.316370964050293,0.0,mad_scaling_clipping_channel_trial,complex_cepstrum,HistGradientBoostingRegressor,0.0,0.05,0.1,31,20,FunctionTransformer(func=<function reshape at 0x7f96934342c0>),passthrough,"{'first_scale': FunctionTransformer(func=<function mad_scaling_clipping_channel_trial at 0x7f9693434040>), 'frequency': FunctionTransformer(func=<function complex_cepstrum at 0x7f96933c77e0>), 'model': HistGradientBoostingRegressor(early_stopping=True, max_iter=300,
                              n_iter_no_change=15, random_state=42,
                              scoring=None), 'model__l2_regularization': 0.0, 'model__learning_rate': 0.05, 'model__max_features': 0.1, 'model__max_leaf_nodes': 31, 'model__min_samples_leaf': 20, 'reshape': FunctionTransformer(func=<function reshape at 0x7f96934342c0>), 'second_scale': 'passthrough'}",0.03373599750422018,0.03373599750422018,0.0,2,0.982987285012263
0,1148.2626359462738,0.0,2.1771624088287354,0.0,passthrough,passthrough,HistGradientBoostingRegressor,0.0,0.1,0.1,31,20,FunctionTransformer(func=<function reshape at 0x7f96934342c0>),RobustScaler(copy=False),"{'first_scale': 'passthrough', 'frequency': 'passthrough', 'model': HistGradientBoostingRegressor(early_stopping=True, max_iter=300,
                              n_iter_no_change=15, random_state=42,
                              scoring=None), 'model__l2_regularization': 0.0, 'model__learning_rate': 0.1, 'model__max_features': 0.1, 'model__max_leaf_nodes': 31, 'model__min_samples_leaf': 20, 'reshape': FunctionTransformer(func=<function reshape at 0x7f96934342c0>), 'second_scale': RobustScaler(copy=False)}",0.08823076271847552,0.08823076271847552,0.0,1,0.9548660834282074
1,613.2783324718475,0.0,18.57092547416687,0.0,mad_scaling_clipping_channel_trial,real_cepstrum,HistGradientBoostingRegressor,0.001,0.1,0.1,31,20,FunctionTransformer(func=<function reshape at 0x7f96934342c0>),RobustScaler(copy=False),"{'first_scale': FunctionTransformer(func=<function mad_scaling_clipping_channel_trial at 0x7f9693434040>), 'frequency': FunctionTransformer(func=<function real_cepstrum at 0x7f96933c7880>), 'model': HistGradientBoostingRegressor(early_stopping=True, max_iter=300,
                              n_iter_no_change=15, random_state=42,
                              scoring=None), 'model__l2_regularization': 0.001, 'model__learning_rate': 0.1, 'model__max_features': 0.1, 'model__max_leaf_nodes': 31, 'model__min_samples_leaf': 20, 'reshape': FunctionTransformer(func=<function reshape at 0x7f96934342c0>), 'second_scale': RobustScaler(copy=False)}",0.012137375139544049,0.012137375139544049,0.0,2,0.9939127853390638
0,3312.711625099182,0.0,32.54094338417053,0.0,mad_scaling_clipping_channel_trial,real_cepstrum,HistGradientBoostingRegressor,0.0,0.05,0.1,63,20,FunctionTransformer(func=<function reshape at 0x7f96934342c0>),RobustScaler(copy=False),"{'first_scale': FunctionTransformer(func=<function mad_scaling_clipping_channel_trial at 0x7f9693434040>), 'frequency': FunctionTransformer(func=<function real_cepstrum at 0x7f96933c7880>), 'model': HistGradientBoostingRegressor(early_stopping=True, max_iter=300,
                              n_iter_no_change=15, random_state=42,
                              scoring=None), 'model__l2_regularization': 0.0, 'model__learning_rate': 0.05, 'model__max_features': 0.1, 'model__max_leaf_nodes': 63, 'model__min_samples_leaf': 20, 'reshape': FunctionTransformer(func=<function reshape at 0x7f96934342c0>), 'second_scale': RobustScaler(copy=False)}",0.01152991880149723,0.01152991880149723,0.0,2,0.9942183267263296
1,8468.260543346405,0.0,49.93026280403137,0.0,mad_scaling_clipping_trial_time,enveloppe,HistGradientBoostingRegressor,0.001,0.05,0.1,63,20,FunctionTransformer(func=<function reshape at 0x7f96934342c0>),RobustScaler(copy=False),"{'first_scale': FunctionTransformer(func=<function mad_scaling_clipping_trial_time at 0x7f96934340e0>), 'frequency': FunctionTransformer(func=<function enveloppe at 0x7f96933c7740>), 'model': HistGradientBoostingRegressor(early_stopping=True, max_iter=300,
                              n_iter_no_change=15, random_state=42,
                              scoring=None), 'model__l2_regularization': 0.001, 'model__learning_rate': 0.05, 'model__max_features': 0.1, 'model__max_leaf_nodes': 63, 'model__min_samples_leaf': 20, 'reshape': FunctionTransformer(func=<function reshape at 0x7f96934342c0>), 'second_scale': RobustScaler(copy=False)}",0.09004627524428355,0.09004627524428355,0.0,1,0.9539149462901377
0,3769.338662147522,0.0,31.272043228149414,0.0,mad_scaling_clipping_channel_trial,power_phase,HistGradientBoostingRegressor,0.001,0.05,0.2,63,20,FunctionTransformer(func=<function reshape at 0x7f96934342c0>),RobustScaler(copy=False),"{'first_scale': FunctionTransformer(func=<function mad_scaling_clipping_channel_trial at 0x7f9693434040>), 'frequency': FunctionTransformer(func=<function power_phase at 0x7f96933c7ba0>), 'model': HistGradientBoostingRegressor(early_stopping=True, max_iter=300,
                              n_iter_no_change=15, random_state=42,
                              scoring=None), 'model__l2_regularization': 0.001, 'model__learning_rate': 0.05, 'model__max_features': 0.2, 'model__max_leaf_nodes': 63, 'model__min_samples_leaf': 20, 'reshape': FunctionTransformer(func=<function reshape at 0x7f96934342c0>), 'second_scale': RobustScaler(copy=False)}",0.07484064069881624,0.07484064069881624,0.0,2,0.961852046471381
1,8624.800935268402,0.0,49.14932656288147,0.0,mad_scaling_clipping_trial_time,enveloppe,HistGradientBoostingRegressor,0.0,0.05,0.2,63,20,FunctionTransformer(func=<function reshape at 0x7f96934342c0>),RobustScaler(copy=False),"{'first_scale': FunctionTransformer(func=<function mad_scaling_clipping_trial_time at 0x7f96934340e0>), 'frequency': FunctionTransformer(func=<function enveloppe at 0x7f96933c7740>), 'model': HistGradientBoostingRegressor(early_stopping=True, max_iter=300,
                              n_iter_no_change=15, random_state=42,
                              scoring=None), 'model__l2_regularization': 0.0, 'model__learning_rate': 0.05, 'model__max_features': 0.2, 'model__max_leaf_nodes': 63, 'model__min_samples_leaf': 20, 'reshape': FunctionTransformer(func=<function reshape at 0x7f96934342c0>), 'second_scale': RobustScaler(copy=False)}",0.0853432223102254,0.0853432223102254,0.0,1,0.9563769014827651
0,1500.0368196964264,0.0,19.113232374191284,0.0,mad_scaling_clipping_channel_trial,real_cepstrum,HistGradientBoostingRegressor,0.0,0.05,0.05,63,20,FunctionTransformer(func=<function reshape at 0x7f96934342c0>),passthrough,"{'first_scale': FunctionTransformer(func=<function mad_scaling_clipping_channel_trial at 0x7f9693434040>), 'frequency': FunctionTransformer(func=<function real_cepstrum at 0x7f96933c7880>), 'model': HistGradientBoostingRegressor(early_stopping=True, max_iter=300,
                              n_iter_no_change=15, random_state=42,
                              scoring=None), 'model__l2_regularization': 0.0, 'model__learning_rate': 0.05, 'model__max_features': 0.05, 'model__max_leaf_nodes': 63, 'model__min_samples_leaf': 20, 'reshape': FunctionTransformer(func=<function reshape at 0x7f96934342c0>), 'second_scale': 'passthrough'}",0.011412436856721553,0.011412436856721553,0.0,2,0.9942774075394042
1,3410.4963748455048,0.0,30.93182897567749,0.0,mad_scaling_clipping_trial_time,enveloppe,HistGradientBoostingRegressor,0.001,0.05,0.05,63,20,FunctionTransformer(func=<function reshape at 0x7f96934342c0>),passthrough,"{'first_scale': FunctionTransformer(func=<function mad_scaling_clipping_trial_time at 0x7f96934340e0>), 'frequency': FunctionTransformer(func=<function enveloppe at 0x7f96933c7740>), 'model': HistGradientBoostingRegressor(early_stopping=True, max_iter=300,
                              n_iter_no_change=15, random_state=42,
                              scoring=None), 'model__l2_regularization': 0.001, 'model__learning_rate': 0.05, 'model__max_features': 0.05, 'model__max_leaf_nodes': 63, 'model__min_samples_leaf': 20, 'reshape': FunctionTransformer(func=<function reshape at 0x7f96934342c0>), 'second_scale': 'passthrough'}",0.08524384976641364,0.08524384976641364,0.0,1,0.9564288526772843
0,2269.674808740616,0.0,13.568091630935669,0.0,passthrough,real_cepstrum,HistGradientBoostingRegressor,0.001,0.1,0.05,63,20,FunctionTransformer(func=<function reshape at 0x7f96934342c0>),passthrough,"{'first_scale': 'passthrough', 'frequency': FunctionTransformer(func=<function real_cepstrum at 0x7f96933c7880>), 'model': HistGradientBoostingRegressor(early_stopping=True, max_iter=300,
                              n_iter_no_change=15, random_state=42,
                              scoring=None), 'model__l2_regularization': 0.001, 'model__learning_rate': 0.1, 'model__max_features': 0.05, 'model__max_leaf_nodes': 63, 'model__min_samples_leaf': 20, 'reshape': FunctionTransformer(func=<function reshape at 0x7f96934342c0>), 'second_scale': 'passthrough'}",0.0025669782769690563,0.0025669782769690563,0.0,2,0.9987156861304577
1,3337.295125722885,0.0,25.528066873550415,0.0,mad_scaling_clipping_trial_time,passthrough,HistGradientBoostingRegressor,0.0,0.1,0.05,63,20,FunctionTransformer(func=<function reshape at 0x7f96934342c0>),passthrough,"{'first_scale': FunctionTransformer(func=<function mad_scaling_clipping_trial_time at 0x7f96934340e0>), 'frequency': 'passthrough', 'model': HistGradientBoostingRegressor(early_stopping=True, max_iter=300,
                              n_iter_no_change=15, random_state=42,
                              scoring=None), 'model__l2_regularization': 0.0, 'model__learning_rate': 0.1, 'model__max_features': 0.05, 'model__max_leaf_nodes': 63, 'model__min_samples_leaf': 20, 'reshape': FunctionTransformer(func=<function reshape at 0x7f96934342c0>), 'second_scale': 'passthrough'}",0.07471589671318435,0.07471589671318435,0.0,1,0.9619168900101587
0,2925.3467769622803,0.0,22.397117376327515,0.0,mad_scaling_clipping_channel_trial,passthrough,HistGradientBoostingRegressor,0.001,0.05,0.2,31,20,FunctionTransformer(func=<function reshape at 0x7f96934342c0>),passthrough,"{'first_scale': FunctionTransformer(func=<function mad_scaling_clipping_channel_trial at 0x7f9693434040>), 'frequency': 'passthrough', 'model': HistGradientBoostingRegressor(early_stopping=True, max_iter=300,
                              n_iter_no_change=15, random_state=42,
                              scoring=None), 'model__l2_regularization': 0.001, 'model__learning_rate': 0.05, 'model__max_features': 0.2, 'model__max_leaf_nodes': 31, 'model__min_samples_leaf': 20, 'reshape': FunctionTransformer(func=<function reshape at 0x7f96934342c0>), 'second_scale': 'passthrough'}",0.08662610531274373,0.08662610531274373,0.0,1,0.9557059666483496
1,2826.038743495941,0.0,44.852301359176636,0.0,mad_scaling_clipping_trial_time,complex_cepstrum,HistGradientBoostingRegressor,0.0,0.05,0.2,31,20,FunctionTransformer(func=<function reshape at 0x7f96934342c0>),passthrough,"{'first_scale': FunctionTransformer(func=<function mad_scaling_clipping_trial_time at 0x7f96934340e0>), 'frequency': FunctionTransformer(func=<function complex_cepstrum at 0x7f96933c77e0>), 'model': HistGradientBoostingRegressor(early_stopping=True, max_iter=300,
                              n_iter_no_change=15, random_state=42,
                              scoring=None), 'model__l2_regularization': 0.0, 'model__learning_rate': 0.05, 'model__max_features': 0.2, 'model__max_leaf_nodes': 31, 'model__min_samples_leaf': 20, 'reshape': FunctionTransformer(func=<function reshape at 0x7f96934342c0>), 'second_scale': 'passthrough'}",0.019323957998940045,0.019323957998940045,0.0,2,0.9902908875684255
0,1687.386561870575,0.0,13.939438581466675,0.0,passthrough,complex_cepstrum,HistGradientBoostingRegressor,0.0,0.05,0.1,31,20,FunctionTransformer(func=<function reshape at 0x7f96934342c0>),RobustScaler(copy=False),"{'first_scale': 'passthrough', 'frequency': FunctionTransformer(func=<function complex_cepstrum at 0x7f96933c77e0>), 'model': HistGradientBoostingRegressor(early_stopping=True, max_iter=300,
                              n_iter_no_change=15, random_state=42,
                              scoring=None), 'model__l2_regularization': 0.0, 'model__learning_rate': 0.05, 'model__max_features': 0.1, 'model__max_leaf_nodes': 31, 'model__min_samples_leaf': 20, 'reshape': FunctionTransformer(func=<function reshape at 0x7f96934342c0>), 'second_scale': RobustScaler(copy=False)}",0.03744192596713691,0.03744192596713691,0.0,2,0.9811004403387367
1,1898.1758925914764,0.0,22.011043787002563,0.0,mad_scaling_clipping_trial_time,passthrough,HistGradientBoostingRegressor,0.001,0.05,0.1,31,20,FunctionTransformer(func=<function reshape at 0x7f96934342c0>),RobustScaler(copy=False),"{'first_scale': FunctionTransformer(func=<function mad_scaling_clipping_trial_time at 0x7f96934340e0>), 'frequency': 'passthrough', 'model': HistGradientBoostingRegressor(early_stopping=True, max_iter=300,
                              n_iter_no_change=15, random_state=42,
                              scoring=None), 'model__l2_regularization': 0.001, 'model__learning_rate': 0.05, 'model__max_features': 0.1, 'model__max_leaf_nodes': 31, 'model__min_samples_leaf': 20, 'reshape': FunctionTransformer(func=<function reshape at 0x7f96934342c0>), 'second_scale': RobustScaler(copy=False)}",0.09028787077024536,0.09028787077024536,0.0,1,0.9537883042005467
0,1088.460077047348,0.0,13.363171577453613,0.0,passthrough,complex_cepstrum,HistGradientBoostingRegressor,0.001,0.05,0.2,31,20,FunctionTransformer(func=<function reshape at 0x7f96934342c0>),passthrough,"{'first_scale': 'passthrough', 'frequency': FunctionTransformer(func=<function complex_cepstrum at 0x7f96933c77e0>), 'model': HistGradientBoostingRegressor(early_stopping=True, max_iter=300,
                              n_iter_no_change=15, random_state=42,
                              scoring=None), 'model__l2_regularization': 0.001, 'model__learning_rate': 0.05, 'model__max_features': 0.2, 'model__max_leaf_nodes': 31, 'model__min_samples_leaf': 20, 'reshape': FunctionTransformer(func=<function reshape at 0x7f96934342c0>), 'second_scale': 'passthrough'}",0.037334555373008005,0.037334555373008005,0.0,2,0.9811551582838425
1,1141.3250567913055,0.0,20.569934844970703,0.0,mad_scaling_clipping_trial_time,power_phase,HistGradientBoostingRegressor,0.0,0.05,0.2,31,20,FunctionTransformer(func=<function reshape at 0x7f96934342c0>),passthrough,"{'first_scale': FunctionTransformer(func=<function mad_scaling_clipping_trial_time at 0x7f96934340e0>), 'frequency': FunctionTransformer(func=<function power_phase at 0x7f96933c7ba0>), 'model': HistGradientBoostingRegressor(early_stopping=True, max_iter=300,
                              n_iter_no_change=15, random_state=42,
                              scoring=None), 'model__l2_regularization': 0.0, 'model__learning_rate': 0.05, 'model__max_features': 0.2, 'model__max_leaf_nodes': 31, 'model__min_samples_leaf': 20, 'reshape': FunctionTransformer(func=<function reshape at 0x7f96934342c0>), 'second_scale': 'passthrough'}",0.0862910203239019,0.0862910203239019,0.0,1,0.9558812581466896
0,3669.710297346115,0.0,21.625025033950806,0.0,passthrough,complex_cepstrum,HistGradientBoostingRegressor,0.0,0.05,0.05,63,20,FunctionTransformer(func=<function reshape at 0x7f96934342c0>),RobustScaler(copy=False),"{'first_scale': 'passthrough', 'frequency': FunctionTransformer(func=<function complex_cepstrum at 0x7f96933c77e0>), 'model': HistGradientBoostingRegressor(early_stopping=True, max_iter=300,
                              n_iter_no_change=15, random_state=42,
                              scoring=None), 'model__l2_regularization': 0.0, 'model__learning_rate': 0.05, 'model__max_features': 0.05, 'model__max_leaf_nodes': 63, 'model__min_samples_leaf': 20, 'reshape': FunctionTransformer(func=<function reshape at 0x7f96934342c0>), 'second_scale': RobustScaler(copy=False)}",0.034464244509216146,0.034464244509216146,0.0,2,0.982616789746025
1,3793.1850848197937,0.0,28.25467038154602,0.0,mad_scaling_clipping_trial_time,passthrough,HistGradientBoostingRegressor,0.001,0.05,0.05,63,20,FunctionTransformer(func=<function reshape at 0x7f96934342c0>),RobustScaler(copy=False),"{'first_scale': FunctionTransformer(func=<function mad_scaling_clipping_trial_time at 0x7f96934340e0>), 'frequency': 'passthrough', 'model': HistGradientBoostingRegressor(early_stopping=True, max_iter=300,
                              n_iter_no_change=15, random_state=42,
                              scoring=None), 'model__l2_regularization': 0.001, 'model__learning_rate': 0.05, 'model__max_features': 0.05, 'model__max_leaf_nodes': 63, 'model__min_samples_leaf': 20, 'reshape': FunctionTransformer(func=<function reshape at 0x7f96934342c0>), 'second_scale': RobustScaler(copy=False)}",0.08754695741045371,0.08754695741045371,0.0,1,0.9552240797789523
0,2348.894648551941,0.0,23.659106016159058,0.0,mad_scaling_clipping_channel_trial,passthrough,HistGradientBoostingRegressor,0.0,0.05,0.1,31,20,FunctionTransformer(func=<function reshape at 0x7f96934342c0>),RobustScaler(copy=False),"{'first_scale': FunctionTransformer(func=<function mad_scaling_clipping_channel_trial at 0x7f9693434040>), 'frequency': 'passthrough', 'model': HistGradientBoostingRegressor(early_stopping=True, max_iter=300,
                              n_iter_no_change=15, random_state=42,
                              scoring=None), 'model__l2_regularization': 0.0, 'model__learning_rate': 0.05, 'model__max_features': 0.1, 'model__max_leaf_nodes': 31, 'model__min_samples_leaf': 20, 'reshape': FunctionTransformer(func=<function reshape at 0x7f96934342c0>), 'second_scale': RobustScaler(copy=False)}",0.0849365396375189,0.0849365396375189,0.0,1,0.95658949417317
1,1722.948849439621,0.0,32.517470836639404,0.0,mad_scaling_clipping_trial_time,real_cepstrum,HistGradientBoostingRegressor,0.001,0.05,0.1,31,20,FunctionTransformer(func=<function reshape at 0x7f96934342c0>),RobustScaler(copy=False),"{'first_scale': FunctionTransformer(func=<function mad_scaling_clipping_trial_time at 0x7f96934340e0>), 'frequency': FunctionTransformer(func=<function real_cepstrum at 0x7f96933c7880>), 'model': HistGradientBoostingRegressor(early_stopping=True, max_iter=300,
                              n_iter_no_change=15, random_state=42,
                              scoring=None), 'model__l2_regularization': 0.001, 'model__learning_rate': 0.05, 'model__max_features': 0.1, 'model__max_leaf_nodes': 31, 'model__min_samples_leaf': 20, 'reshape': FunctionTransformer(func=<function reshape at 0x7f96934342c0>), 'second_scale': RobustScaler(copy=False)}",0.01490973740035173,0.01490973740035173,0.0,2,0.9925171346629983
0,2271.383008003235,0.0,33.342273235321045,0.0,mad_scaling_clipping_channel_trial,power_phase,HistGradientBoostingRegressor,0.0,0.1,0.05,31,20,FunctionTransformer(func=<function reshape at 0x7f96934342c0>),RobustScaler(copy=False),"{'first_scale': FunctionTransformer(func=<function mad_scaling_clipping_channel_trial at 0x7f9693434040>), 'frequency': FunctionTransformer(func=<function power_phase at 0x7f96933c7ba0>), 'model': HistGradientBoostingRegressor(early_stopping=True, max_iter=300,
                              n_iter_no_change=15, random_state=42,
                              scoring=None), 'model__l2_regularization': 0.0, 'model__learning_rate': 0.1, 'model__max_features': 0.05, 'model__max_leaf_nodes': 31, 'model__min_samples_leaf': 20, 'reshape': FunctionTransformer(func=<function reshape at 0x7f96934342c0>), 'second_scale': RobustScaler(copy=False)}",0.07000389470082391,0.07000389470082391,0.0,1,0.9643630567888715
1,1675.6822788715363,0.0,44.316526651382446,0.0,mad_scaling_clipping_trial_time,complex_cepstrum,HistGradientBoostingRegressor,0.001,0.1,0.05,31,20,FunctionTransformer(func=<function reshape at 0x7f96934342c0>),RobustScaler(copy=False),"{'first_scale': FunctionTransformer(func=<function mad_scaling_clipping_trial_time at 0x7f96934340e0>), 'frequency': FunctionTransformer(func=<function complex_cepstrum at 0x7f96933c77e0>), 'model': HistGradientBoostingRegressor(early_stopping=True, max_iter=300,
                              n_iter_no_change=15, random_state=42,
                              scoring=None), 'model__l2_regularization': 0.001, 'model__learning_rate': 0.1, 'model__max_features': 0.05, 'model__max_leaf_nodes': 31, 'model__min_samples_leaf': 20, 'reshape': FunctionTransformer(func=<function reshape at 0x7f96934342c0>), 'second_scale': RobustScaler(copy=False)}",0.016921521518516003,0.016921521518516003,0.0,2,0.9915031409337461
0,2726.7624089717865,0.0,18.939396381378174,0.0,passthrough,enveloppe,HistGradientBoostingRegressor,0.0,0.1,0.05,31,20,FunctionTransformer(func=<function reshape at 0x7f96934342c0>),passthrough,"{'first_scale': 'passthrough', 'frequency': FunctionTransformer(func=<function enveloppe at 0x7f96933c7740>), 'model': HistGradientBoostingRegressor(early_stopping=True, max_iter=300,
                              n_iter_no_change=15, random_state=42,
                              scoring=None), 'model__l2_regularization': 0.0, 'model__learning_rate': 0.1, 'model__max_features': 0.05, 'model__max_leaf_nodes': 31, 'model__min_samples_leaf': 20, 'reshape': FunctionTransformer(func=<function reshape at 0x7f96934342c0>), 'second_scale': 'passthrough'}",0.0887884205583982,0.0887884205583982,0.0,1,0.9545740303620258
1,1585.0624055862427,0.0,24.809572458267212,0.0,mad_scaling_clipping_trial_time,power_phase,HistGradientBoostingRegressor,0.001,0.1,0.05,31,20,FunctionTransformer(func=<function reshape at 0x7f96934342c0>),passthrough,"{'first_scale': FunctionTransformer(func=<function mad_scaling_clipping_trial_time at 0x7f96934340e0>), 'frequency': FunctionTransformer(func=<function power_phase at 0x7f96933c7ba0>), 'model': HistGradientBoostingRegressor(early_stopping=True, max_iter=300,
                              n_iter_no_change=15, random_state=42,
                              scoring=None), 'model__l2_regularization': 0.001, 'model__learning_rate': 0.1, 'model__max_features': 0.05, 'model__max_leaf_nodes': 31, 'model__min_samples_leaf': 20, 'reshape': FunctionTransformer(func=<function reshape at 0x7f96934342c0>), 'second_scale': 'passthrough'}",0.07729802418689213,0.07729802418689213,0.0,2,0.9605737742688523
0,3208.6141135692596,0.0,32.303768157958984,0.0,mad_scaling_clipping_channel_trial,power_phase,HistGradientBoostingRegressor,0.001,0.05,0.1,31,20,FunctionTransformer(func=<function reshape at 0x7f96934342c0>),RobustScaler(copy=False),"{'first_scale': FunctionTransformer(func=<function mad_scaling_clipping_channel_trial at 0x7f9693434040>), 'frequency': FunctionTransformer(func=<function power_phase at 0x7f96933c7ba0>), 'model': HistGradientBoostingRegressor(early_stopping=True, max_iter=300,
                              n_iter_no_change=15, random_state=42,
                              scoring=None), 'model__l2_regularization': 0.001, 'model__learning_rate': 0.05, 'model__max_features': 0.1, 'model__max_leaf_nodes': 31, 'model__min_samples_leaf': 20, 'reshape': FunctionTransformer(func=<function reshape at 0x7f96934342c0>), 'second_scale': RobustScaler(copy=False)}",0.07889771117340594,0.07889771117340594,0.0,2,0.95974074042243
1,5060.747133970261,0.0,49.78570604324341,0.0,mad_scaling_clipping_trial_time,enveloppe,HistGradientBoostingRegressor,0.0,0.05,0.1,31,20,FunctionTransformer(func=<function reshape at 0x7f96934342c0>),RobustScaler(copy=False),"{'first_scale': FunctionTransformer(func=<function mad_scaling_clipping_trial_time at 0x7f96934340e0>), 'frequency': FunctionTransformer(func=<function enveloppe at 0x7f96933c7740>), 'model': HistGradientBoostingRegressor(early_stopping=True, max_iter=300,
                              n_iter_no_change=15, random_state=42,
                              scoring=None), 'model__l2_regularization': 0.0, 'model__learning_rate': 0.05, 'model__max_features': 0.1, 'model__max_leaf_nodes': 31, 'model__min_samples_leaf': 20, 'reshape': FunctionTransformer(func=<function reshape at 0x7f96934342c0>), 'second_scale': RobustScaler(copy=False)}",0.08823574722380167,0.08823574722380167,0.0,1,0.9548634733699883
0,14164.753700256348,0.0,108.62551021575928,0.0,mad_scaling_clipping_channel_trial,passthrough,HistGradientBoostingRegressor,0.001,0.05,0.2,63,20,FunctionTransformer(func=<function reshape at 0x7f96934342c0>),RobustScaler(copy=False),"{'first_scale': FunctionTransformer(func=<function mad_scaling_clipping_channel_trial at 0x7f9693434040>), 'frequency': 'passthrough', 'model': HistGradientBoostingRegressor(early_stopping=True, max_iter=300,
                              n_iter_no_change=15, random_state=42,
                              scoring=None), 'model__l2_regularization': 0.001, 'model__learning_rate': 0.05, 'model__max_features': 0.2, 'model__max_leaf_nodes': 63, 'model__min_samples_leaf': 20, 'reshape': FunctionTransformer(func=<function reshape at 0x7f96934342c0>), 'second_scale': RobustScaler(copy=False)}",0.085182830379808,0.085182830379808,0.0,1,0.9564607517405991
1,5647.408006906509,0.0,41.71993851661682,0.0,mad_scaling_clipping_trial_time,complex_cepstrum,HistGradientBoostingRegressor,0.0,0.05,0.2,63,20,FunctionTransformer(func=<function reshape at 0x7f96934342c0>),RobustScaler(copy=False),"{'first_scale': FunctionTransformer(func=<function mad_scaling_clipping_trial_time at 0x7f96934340e0>), 'frequency': FunctionTransformer(func=<function complex_cepstrum at 0x7f96933c77e0>), 'model': HistGradientBoostingRegressor(early_stopping=True, max_iter=300,
                              n_iter_no_change=15, random_state=42,
                              scoring=None), 'model__l2_regularization': 0.0, 'model__learning_rate': 0.05, 'model__max_features': 0.2, 'model__max_leaf_nodes': 63, 'model__min_samples_leaf': 20, 'reshape': FunctionTransformer(func=<function reshape at 0x7f96934342c0>), 'second_scale': RobustScaler(copy=False)}",0.016897730202567796,0.016897730202567796,0.0,2,0.9915151384610486
0,4060.9589760303497,0.0,4.677402496337891,0.0,passthrough,passthrough,HistGradientBoostingRegressor,0.001,0.05,0.1,63,20,FunctionTransformer(func=<function reshape at 0x7f96934342c0>),RobustScaler(copy=False),"{'first_scale': 'passthrough', 'frequency': 'passthrough', 'model': HistGradientBoostingRegressor(early_stopping=True, max_iter=300,
                              n_iter_no_change=15, random_state=42,
                              scoring=None), 'model__l2_regularization': 0.001, 'model__learning_rate': 0.05, 'model__max_features': 0.1, 'model__max_leaf_nodes': 63, 'model__min_samples_leaf': 20, 'reshape': FunctionTransformer(func=<function reshape at 0x7f96934342c0>), 'second_scale': RobustScaler(copy=False)}",0.09260510998440097,0.09260510998440097,0.0,1,0.9525727741309842
1,4365.148758649826,0.0,43.32714653015137,0.0,mad_scaling_clipping_channel_trial,complex_cepstrum,HistGradientBoostingRegressor,0.0,0.05,0.1,63,20,FunctionTransformer(func=<function reshape at 0x7f96934342c0>),RobustScaler(copy=False),"{'first_scale': FunctionTransformer(func=<function mad_scaling_clipping_channel_trial at 0x7f9693434040>), 'frequency': FunctionTransformer(func=<function complex_cepstrum at 0x7f96933c77e0>), 'model': HistGradientBoostingRegressor(early_stopping=True, max_iter=300,
                              n_iter_no_change=15, random_state=42,
                              scoring=None), 'model__l2_regularization': 0.0, 'model__learning_rate': 0.05, 'model__max_features': 0.1, 'model__max_leaf_nodes': 63, 'model__min_samples_leaf': 20, 'reshape': FunctionTransformer(func=<function reshape at 0x7f96934342c0>), 'second_scale': RobustScaler(copy=False)}",0.031099798348346974,0.031099798348346974,0.0,2,0.9843272838094315
0,3056.0271413326263,0.0,3.3024258613586426,0.0,passthrough,passthrough,HistGradientBoostingRegressor,0.001,0.1,0.05,63,20,FunctionTransformer(func=<function reshape at 0x7f96934342c0>),passthrough,"{'first_scale': 'passthrough', 'frequency': 'passthrough', 'model': HistGradientBoostingRegressor(early_stopping=True, max_iter=300,
                              n_iter_no_change=15, random_state=42,
                              scoring=None), 'model__l2_regularization': 0.001, 'model__learning_rate': 0.1, 'model__max_features': 0.05, 'model__max_leaf_nodes': 63, 'model__min_samples_leaf': 20, 'reshape': FunctionTransformer(func=<function reshape at 0x7f96934342c0>), 'second_scale': 'passthrough'}",0.07778172605503209,0.07778172605503209,0.0,1,0.9603219636897659
1,3162.5556507110596,0.0,40.88007044792175,0.0,mad_scaling_clipping_channel_trial,complex_cepstrum,HistGradientBoostingRegressor,0.0,0.1,0.05,63,20,FunctionTransformer(func=<function reshape at 0x7f96934342c0>),passthrough,"{'first_scale': FunctionTransformer(func=<function mad_scaling_clipping_channel_trial at 0x7f9693434040>), 'frequency': FunctionTransformer(func=<function complex_cepstrum at 0x7f96933c77e0>), 'model': HistGradientBoostingRegressor(early_stopping=True, max_iter=300,
                              n_iter_no_change=15, random_state=42,
                              scoring=None), 'model__l2_regularization': 0.0, 'model__learning_rate': 0.1, 'model__max_features': 0.05, 'model__max_leaf_nodes': 63, 'model__min_samples_leaf': 20, 'reshape': FunctionTransformer(func=<function reshape at 0x7f96934342c0>), 'second_scale': 'passthrough'}",0.017768932895454004,0.017768932895454004,0.0,2,0.991075712094967
0,1377.9305410385132,0.0,4.965846061706543,0.0,passthrough,power_phase,HistGradientBoostingRegressor,0.001,0.1,0.1,31,20,FunctionTransformer(func=<function reshape at 0x7f96934342c0>),passthrough,"{'first_scale': 'passthrough', 'frequency': FunctionTransformer(func=<function power_phase at 0x7f96933c7ba0>), 'model': HistGradientBoostingRegressor(early_stopping=True, max_iter=300,
                              n_iter_no_change=15, random_state=42,
                              scoring=None), 'model__l2_regularization': 0.001, 'model__learning_rate': 0.1, 'model__max_features': 0.1, 'model__max_leaf_nodes': 31, 'model__min_samples_leaf': 20, 'reshape': FunctionTransformer(func=<function reshape at 0x7f96934342c0>), 'second_scale': 'passthrough'}",0.07437141240687384,0.07437141240687384,0.0,1,0.9620959347139588
1,2457.3125882148743,0.0,26.980161905288696,0.0,mad_scaling_clipping_channel_trial,enveloppe,HistGradientBoostingRegressor,0.0,0.1,0.1,31,20,FunctionTransformer(func=<function reshape at 0x7f96934342c0>),passthrough,"{'first_scale': FunctionTransformer(func=<function mad_scaling_clipping_channel_trial at 0x7f9693434040>), 'frequency': FunctionTransformer(func=<function enveloppe at 0x7f96933c7740>), 'model': HistGradientBoostingRegressor(early_stopping=True, max_iter=300,
                              n_iter_no_change=15, random_state=42,
                              scoring=None), 'model__l2_regularization': 0.0, 'model__learning_rate': 0.1, 'model__max_features': 0.1, 'model__max_leaf_nodes': 31, 'model__min_samples_leaf': 20, 'reshape': FunctionTransformer(func=<function reshape at 0x7f96934342c0>), 'second_scale': 'passthrough'}",0.06744501146969262,0.06744501146969262,0.0,2,0.9656888673534076
0,4584.103503704071,0.0,19.860867977142334,0.0,passthrough,enveloppe,HistGradientBoostingRegressor,0.001,0.1,0.1,63,20,FunctionTransformer(func=<function reshape at 0x7f96934342c0>),passthrough,"{'first_scale': 'passthrough', 'frequency': FunctionTransformer(func=<function enveloppe at 0x7f96933c7740>), 'model': HistGradientBoostingRegressor(early_stopping=True, max_iter=300,
                              n_iter_no_change=15, random_state=42,
                              scoring=None), 'model__l2_regularization': 0.001, 'model__learning_rate': 0.1, 'model__max_features': 0.1, 'model__max_leaf_nodes': 63, 'model__min_samples_leaf': 20, 'reshape': FunctionTransformer(func=<function reshape at 0x7f96934342c0>), 'second_scale': 'passthrough'}",0.07604553120734037,0.07604553120734037,0.0,1,0.9612255036112284
1,1048.9798159599304,0.0,23.15699601173401,0.0,mad_scaling_clipping_trial_time,real_cepstrum,HistGradientBoostingRegressor,0.0,0.1,0.1,63,20,FunctionTransformer(func=<function reshape at 0x7f96934342c0>),passthrough,"{'first_scale': FunctionTransformer(func=<function mad_scaling_clipping_trial_time at 0x7f96934340e0>), 'frequency': FunctionTransformer(func=<function real_cepstrum at 0x7f96933c7880>), 'model': HistGradientBoostingRegressor(early_stopping=True, max_iter=300,
                              n_iter_no_change=15, random_state=42,
                              scoring=None), 'model__l2_regularization': 0.0, 'model__learning_rate': 0.1, 'model__max_features': 0.1, 'model__max_leaf_nodes': 63, 'model__min_samples_leaf': 20, 'reshape': FunctionTransformer(func=<function reshape at 0x7f96934342c0>), 'second_scale': 'passthrough'}",0.004074430034083809,0.004074430034083809,0.0,2,0.9979607056221784
0,6233.603144407272,0.0,19.496180295944214,0.0,passthrough,enveloppe,HistGradientBoostingRegressor,0.001,0.1,0.05,63,20,FunctionTransformer(func=<function reshape at 0x7f96934342c0>),passthrough,"{'first_scale': 'passthrough', 'frequency': FunctionTransformer(func=<function enveloppe at 0x7f96933c7740>), 'model': HistGradientBoostingRegressor(early_stopping=True, max_iter=300,
                              n_iter_no_change=15, random_state=42,
                              scoring=None), 'model__l2_regularization': 0.001, 'model__learning_rate': 0.1, 'model__max_features': 0.05, 'model__max_leaf_nodes': 63, 'model__min_samples_leaf': 20, 'reshape': FunctionTransformer(func=<function reshape at 0x7f96934342c0>), 'second_scale': 'passthrough'}",0.07443900005054105,0.07443900005054105,0.0,1,0.9620608088626513
1,1155.3907353878021,0.0,31.243449211120605,0.0,mad_scaling_clipping_trial_time,real_cepstrum,HistGradientBoostingRegressor,0.0,0.1,0.05,63,20,FunctionTransformer(func=<function reshape at 0x7f96934342c0>),passthrough,"{'first_scale': FunctionTransformer(func=<function mad_scaling_clipping_trial_time at 0x7f96934340e0>), 'frequency': FunctionTransformer(func=<function real_cepstrum at 0x7f96933c7880>), 'model': HistGradientBoostingRegressor(early_stopping=True, max_iter=300,
                              n_iter_no_change=15, random_state=42,
                              scoring=None), 'model__l2_regularization': 0.0, 'model__learning_rate': 0.1, 'model__max_features': 0.05, 'model__max_leaf_nodes': 63, 'model__min_samples_leaf': 20, 'reshape': FunctionTransformer(func=<function reshape at 0x7f96934342c0>), 'second_scale': 'passthrough'}",0.005799489120467238,0.005799489120467238,0.0,2,0.9970960389448615
0,2415.512281179428,0.0,23.580145120620728,0.0,mad_scaling_clipping_channel_trial,passthrough,HistGradientBoostingRegressor,0.001,0.1,0.2,31,20,FunctionTransformer(func=<function reshape at 0x7f96934342c0>),RobustScaler(copy=False),"{'first_scale': FunctionTransformer(func=<function mad_scaling_clipping_channel_trial at 0x7f9693434040>), 'frequency': 'passthrough', 'model': HistGradientBoostingRegressor(early_stopping=True, max_iter=300,
                              n_iter_no_change=15, random_state=42,
                              scoring=None), 'model__l2_regularization': 0.001, 'model__learning_rate': 0.1, 'model__max_features': 0.2, 'model__max_leaf_nodes': 31, 'model__min_samples_leaf': 20, 'reshape': FunctionTransformer(func=<function reshape at 0x7f96934342c0>), 'second_scale': RobustScaler(copy=False)}",0.07849478021585865,0.07849478021585865,0.0,1,0.9599506340349703
1,1972.8358614444733,0.0,43.10374927520752,0.0,mad_scaling_clipping_trial_time,complex_cepstrum,HistGradientBoostingRegressor,0.0,0.1,0.2,31,20,FunctionTransformer(func=<function reshape at 0x7f96934342c0>),RobustScaler(copy=False),"{'first_scale': FunctionTransformer(func=<function mad_scaling_clipping_trial_time at 0x7f96934340e0>), 'frequency': FunctionTransformer(func=<function complex_cepstrum at 0x7f96933c77e0>), 'model': HistGradientBoostingRegressor(early_stopping=True, max_iter=300,
                              n_iter_no_change=15, random_state=42,
                              scoring=None), 'model__l2_regularization': 0.0, 'model__learning_rate': 0.1, 'model__max_features': 0.2, 'model__max_leaf_nodes': 31, 'model__min_samples_leaf': 20, 'reshape': FunctionTransformer(func=<function reshape at 0x7f96934342c0>), 'second_scale': RobustScaler(copy=False)}",0.011452420006890507,0.011452420006890507,0.0,2,0.9942573006989235
0,2334.6777935028076,0.0,15.49417495727539,0.0,passthrough,power_phase,HistGradientBoostingRegressor,0.0,0.1,0.05,31,20,FunctionTransformer(func=<function reshape at 0x7f96934342c0>),RobustScaler(copy=False),"{'first_scale': 'passthrough', 'frequency': FunctionTransformer(func=<function power_phase at 0x7f96933c7ba0>), 'model': HistGradientBoostingRegressor(early_stopping=True, max_iter=300,
                              n_iter_no_change=15, random_state=42,
                              scoring=None), 'model__l2_regularization': 0.0, 'model__learning_rate': 0.1, 'model__max_features': 0.05, 'model__max_leaf_nodes': 31, 'model__min_samples_leaf': 20, 'reshape': FunctionTransformer(func=<function reshape at 0x7f96934342c0>), 'second_scale': RobustScaler(copy=False)}",0.07703033901107625,0.07703033901107625,0.0,1,0.9607131002484164
1,2064.3625073432922,0.0,49.22352457046509,0.0,mad_scaling_clipping_channel_trial,complex_cepstrum,HistGradientBoostingRegressor,0.001,0.1,0.05,31,20,FunctionTransformer(func=<function reshape at 0x7f96934342c0>),RobustScaler(copy=False),"{'first_scale': FunctionTransformer(func=<function mad_scaling_clipping_channel_trial at 0x7f9693434040>), 'frequency': FunctionTransformer(func=<function complex_cepstrum at 0x7f96933c77e0>), 'model': HistGradientBoostingRegressor(early_stopping=True, max_iter=300,
                              n_iter_no_change=15, random_state=42,
                              scoring=None), 'model__l2_regularization': 0.001, 'model__learning_rate': 0.1, 'model__max_features': 0.05, 'model__max_leaf_nodes': 31, 'model__min_samples_leaf': 20, 'reshape': FunctionTransformer(func=<function reshape at 0x7f96934342c0>), 'second_scale': RobustScaler(copy=False)}",0.02993011715570104,0.02993011715570104,0.0,2,0.984921257179628
0,1976.277918100357,0.0,23.11003041267395,0.0,passthrough,complex_cepstrum,HistGradientBoostingRegressor,0.0,0.1,0.1,63,20,FunctionTransformer(func=<function reshape at 0x7f96934342c0>),RobustScaler(copy=False),"{'first_scale': 'passthrough', 'frequency': FunctionTransformer(func=<function complex_cepstrum at 0x7f96933c77e0>), 'model': HistGradientBoostingRegressor(early_stopping=True, max_iter=300,
                              n_iter_no_change=15, random_state=42,
                              scoring=None), 'model__l2_regularization': 0.0, 'model__learning_rate': 0.1, 'model__max_features': 0.1, 'model__max_leaf_nodes': 63, 'model__min_samples_leaf': 20, 'reshape': FunctionTransformer(func=<function reshape at 0x7f96934342c0>), 'second_scale': RobustScaler(copy=False)}",0.02645944511520104,0.02645944511520104,0.0,2,0.9866815873851092
1,3621.7476975917816,0.0,24.52758264541626,0.0,mad_scaling_clipping_trial_time,passthrough,HistGradientBoostingRegressor,0.001,0.1,0.1,63,20,FunctionTransformer(func=<function reshape at 0x7f96934342c0>),RobustScaler(copy=False),"{'first_scale': FunctionTransformer(func=<function mad_scaling_clipping_trial_time at 0x7f96934340e0>), 'frequency': 'passthrough', 'model': HistGradientBoostingRegressor(early_stopping=True, max_iter=300,
                              n_iter_no_change=15, random_state=42,
                              scoring=None), 'model__l2_regularization': 0.001, 'model__learning_rate': 0.1, 'model__max_features': 0.1, 'model__max_leaf_nodes': 63, 'model__min_samples_leaf': 20, 'reshape': FunctionTransformer(func=<function reshape at 0x7f96934342c0>), 'second_scale': RobustScaler(copy=False)}",0.07023443956839692,0.07023443956839692,0.0,1,0.9642435171841204
0,3226.0067167282104,0.0,27.716411113739014,0.0,mad_scaling_clipping_channel_trial,power_phase,HistGradientBoostingRegressor,0.001,0.05,0.1,63,20,FunctionTransformer(func=<function reshape at 0x7f96934342c0>),RobustScaler(copy=False),"{'first_scale': FunctionTransformer(func=<function mad_scaling_clipping_channel_trial at 0x7f9693434040>), 'frequency': FunctionTransformer(func=<function power_phase at 0x7f96933c7ba0>), 'model': HistGradientBoostingRegressor(early_stopping=True, max_iter=300,
                              n_iter_no_change=15, random_state=42,
                              scoring=None), 'model__l2_regularization': 0.001, 'model__learning_rate': 0.05, 'model__max_features': 0.1, 'model__max_leaf_nodes': 63, 'model__min_samples_leaf': 20, 'reshape': FunctionTransformer(func=<function reshape at 0x7f96934342c0>), 'second_scale': RobustScaler(copy=False)}",0.07301839133438581,0.07301839133438581,0.0,2,0.962798841225733
1,8581.138215303421,0.0,42.052353382110596,0.0,mad_scaling_clipping_trial_time,enveloppe,HistGradientBoostingRegressor,0.0,0.05,0.1,63,20,FunctionTransformer(func=<function reshape at 0x7f96934342c0>),RobustScaler(copy=False),"{'first_scale': FunctionTransformer(func=<function mad_scaling_clipping_trial_time at 0x7f96934340e0>), 'frequency': FunctionTransformer(func=<function enveloppe at 0x7f96933c7740>), 'model': HistGradientBoostingRegressor(early_stopping=True, max_iter=300,
                              n_iter_no_change=15, random_state=42,
                              scoring=None), 'model__l2_regularization': 0.0, 'model__learning_rate': 0.05, 'model__max_features': 0.1, 'model__max_leaf_nodes': 63, 'model__min_samples_leaf': 20, 'reshape': FunctionTransformer(func=<function reshape at 0x7f96934342c0>), 'second_scale': RobustScaler(copy=False)}",0.08972175515313796,0.08972175515313796,0.0,1,0.9540850301974463
0,2865.458568096161,0.0,10.362185001373291,0.0,passthrough,power_phase,HistGradientBoostingRegressor,0.0,0.05,0.1,63,20,FunctionTransformer(func=<function reshape at 0x7f96934342c0>),passthrough,"{'first_scale': 'passthrough', 'frequency': FunctionTransformer(func=<function power_phase at 0x7f96933c7ba0>), 'model': HistGradientBoostingRegressor(early_stopping=True, max_iter=300,
                              n_iter_no_change=15, random_state=42,
                              scoring=None), 'model__l2_regularization': 0.0, 'model__learning_rate': 0.05, 'model__max_features': 0.1, 'model__max_leaf_nodes': 63, 'model__min_samples_leaf': 20, 'reshape': FunctionTransformer(func=<function reshape at 0x7f96934342c0>), 'second_scale': 'passthrough'}",0.08314752278055704,0.08314752278055704,0.0,1,0.9575241392358957
1,2865.4809954166412,0.0,33.64099955558777,0.0,mad_scaling_clipping_channel_trial,complex_cepstrum,HistGradientBoostingRegressor,0.001,0.05,0.1,63,20,FunctionTransformer(func=<function reshape at 0x7f96934342c0>),passthrough,"{'first_scale': FunctionTransformer(func=<function mad_scaling_clipping_channel_trial at 0x7f9693434040>), 'frequency': FunctionTransformer(func=<function complex_cepstrum at 0x7f96933c77e0>), 'model': HistGradientBoostingRegressor(early_stopping=True, max_iter=300,
                              n_iter_no_change=15, random_state=42,
                              scoring=None), 'model__l2_regularization': 0.001, 'model__learning_rate': 0.05, 'model__max_features': 0.1, 'model__max_leaf_nodes': 63, 'model__min_samples_leaf': 20, 'reshape': FunctionTransformer(func=<function reshape at 0x7f96934342c0>), 'second_scale': 'passthrough'}",0.03157020963979862,0.03157020963979862,0.0,2,0.9840883041476519
0,2269.1720583438873,0.0,11.381519794464111,0.0,passthrough,real_cepstrum,HistGradientBoostingRegressor,0.0,0.1,0.1,63,20,FunctionTransformer(func=<function reshape at 0x7f96934342c0>),passthrough,"{'first_scale': 'passthrough', 'frequency': FunctionTransformer(func=<function real_cepstrum at 0x7f96933c7880>), 'model': HistGradientBoostingRegressor(early_stopping=True, max_iter=300,
                              n_iter_no_change=15, random_state=42,
                              scoring=None), 'model__l2_regularization': 0.0, 'model__learning_rate': 0.1, 'model__max_features': 0.1, 'model__max_leaf_nodes': 63, 'model__min_samples_leaf': 20, 'reshape': FunctionTransformer(func=<function reshape at 0x7f96934342c0>), 'second_scale': 'passthrough'}",-0.0005805263043461295,-0.0005805263043461295,0.0,2,1.0002902210380475
1,7072.224106550217,0.0,42.81049132347107,0.0,mad_scaling_clipping_channel_trial,enveloppe,HistGradientBoostingRegressor,0.001,0.1,0.1,63,20,FunctionTransformer(func=<function reshape at 0x7f96934342c0>),passthrough,"{'first_scale': FunctionTransformer(func=<function mad_scaling_clipping_channel_trial at 0x7f9693434040>), 'frequency': FunctionTransformer(func=<function enveloppe at 0x7f96933c7740>), 'model': HistGradientBoostingRegressor(early_stopping=True, max_iter=300,
                              n_iter_no_change=15, random_state=42,
                              scoring=None), 'model__l2_regularization': 0.001, 'model__learning_rate': 0.1, 'model__max_features': 0.1, 'model__max_leaf_nodes': 63, 'model__min_samples_leaf': 20, 'reshape': FunctionTransformer(func=<function reshape at 0x7f96934342c0>), 'second_scale': 'passthrough'}",0.04966681022563002,0.04966681022563002,0.0,1,0.9748503422445776
0,2773.737567424774,0.0,4.85526704788208,0.0,passthrough,passthrough,HistGradientBoostingRegressor,0.0,0.05,0.05,31,20,FunctionTransformer(func=<function reshape at 0x7f96934342c0>),RobustScaler(copy=False),"{'first_scale': 'passthrough', 'frequency': 'passthrough', 'model': HistGradientBoostingRegressor(early_stopping=True, max_iter=300,
                              n_iter_no_change=15, random_state=42,
                              scoring=None), 'model__l2_regularization': 0.0, 'model__learning_rate': 0.05, 'model__max_features': 0.05, 'model__max_leaf_nodes': 31, 'model__min_samples_leaf': 20, 'reshape': FunctionTransformer(func=<function reshape at 0x7f96934342c0>), 'second_scale': RobustScaler(copy=False)}",0.09346425267637992,0.09346425267637992,0.0,1,0.9521217082514294
1,2556.8491730690002,0.0,33.279526710510254,0.0,mad_scaling_clipping_channel_trial,real_cepstrum,HistGradientBoostingRegressor,0.001,0.05,0.05,31,20,FunctionTransformer(func=<function reshape at 0x7f96934342c0>),RobustScaler(copy=False),"{'first_scale': FunctionTransformer(func=<function mad_scaling_clipping_channel_trial at 0x7f9693434040>), 'frequency': FunctionTransformer(func=<function real_cepstrum at 0x7f96933c7880>), 'model': HistGradientBoostingRegressor(early_stopping=True, max_iter=300,
                              n_iter_no_change=15, random_state=42,
                              scoring=None), 'model__l2_regularization': 0.001, 'model__learning_rate': 0.05, 'model__max_features': 0.05, 'model__max_leaf_nodes': 31, 'model__min_samples_leaf': 20, 'reshape': FunctionTransformer(func=<function reshape at 0x7f96934342c0>), 'second_scale': RobustScaler(copy=False)}",0.011831100361969105,0.011831100361969105,0.0,2,0.9940668486767029
0,2144.8729434013367,0.0,23.03687024116516,0.0,mad_scaling_clipping_channel_trial,passthrough,HistGradientBoostingRegressor,0.0,0.05,0.1,31,20,FunctionTransformer(func=<function reshape at 0x7f96934342c0>),passthrough,"{'first_scale': FunctionTransformer(func=<function mad_scaling_clipping_channel_trial at 0x7f9693434040>), 'frequency': 'passthrough', 'model': HistGradientBoostingRegressor(early_stopping=True, max_iter=300,
                              n_iter_no_change=15, random_state=42,
                              scoring=None), 'model__l2_regularization': 0.0, 'model__learning_rate': 0.05, 'model__max_features': 0.1, 'model__max_leaf_nodes': 31, 'model__min_samples_leaf': 20, 'reshape': FunctionTransformer(func=<function reshape at 0x7f96934342c0>), 'second_scale': 'passthrough'}",0.0849365396375189,0.0849365396375189,0.0,1,0.95658949417317
1,1542.8268990516663,0.0,31.57404088973999,0.0,mad_scaling_clipping_trial_time,real_cepstrum,HistGradientBoostingRegressor,0.001,0.05,0.1,31,20,FunctionTransformer(func=<function reshape at 0x7f96934342c0>),passthrough,"{'first_scale': FunctionTransformer(func=<function mad_scaling_clipping_trial_time at 0x7f96934340e0>), 'frequency': FunctionTransformer(func=<function real_cepstrum at 0x7f96933c7880>), 'model': HistGradientBoostingRegressor(early_stopping=True, max_iter=300,
                              n_iter_no_change=15, random_state=42,
                              scoring=None), 'model__l2_regularization': 0.001, 'model__learning_rate': 0.05, 'model__max_features': 0.1, 'model__max_leaf_nodes': 31, 'model__min_samples_leaf': 20, 'reshape': FunctionTransformer(func=<function reshape at 0x7f96934342c0>), 'second_scale': 'passthrough'}",0.01490973740035173,0.01490973740035173,0.0,2,0.9925171346629983
0,4904.128450870514,0.0,26.183934211730957,0.0,passthrough,enveloppe,HistGradientBoostingRegressor,0.001,0.1,0.05,31,20,FunctionTransformer(func=<function reshape at 0x7f96934342c0>),passthrough,"{'first_scale': 'passthrough', 'frequency': FunctionTransformer(func=<function enveloppe at 0x7f96933c7740>), 'model': HistGradientBoostingRegressor(early_stopping=True, max_iter=300,
                              n_iter_no_change=15, random_state=42,
                              scoring=None), 'model__l2_regularization': 0.001, 'model__learning_rate': 0.1, 'model__max_features': 0.05, 'model__max_leaf_nodes': 31, 'model__min_samples_leaf': 20, 'reshape': FunctionTransformer(func=<function reshape at 0x7f96934342c0>), 'second_scale': 'passthrough'}",0.08542450469872709,0.08542450469872709,0.0,1,0.9563344055827296
1,1051.7253968715668,0.0,30.18960428237915,0.0,mad_scaling_clipping_trial_time,real_cepstrum,HistGradientBoostingRegressor,0.0,0.1,0.05,31,20,FunctionTransformer(func=<function reshape at 0x7f96934342c0>),passthrough,"{'first_scale': FunctionTransformer(func=<function mad_scaling_clipping_trial_time at 0x7f96934340e0>), 'frequency': FunctionTransformer(func=<function real_cepstrum at 0x7f96933c7880>), 'model': HistGradientBoostingRegressor(early_stopping=True, max_iter=300,
                              n_iter_no_change=15, random_state=42,
                              scoring=None), 'model__l2_regularization': 0.0, 'model__learning_rate': 0.1, 'model__max_features': 0.05, 'model__max_leaf_nodes': 31, 'model__min_samples_leaf': 20, 'reshape': FunctionTransformer(func=<function reshape at 0x7f96934342c0>), 'second_scale': 'passthrough'}",0.0109912949873201,0.0109912949873201,0.0,2,0.9944891678709628
0,2838.6915123462677,0.0,17.733436107635498,0.0,passthrough,complex_cepstrum,HistGradientBoostingRegressor,0.0,0.05,0.1,63,20,FunctionTransformer(func=<function reshape at 0x7f96934342c0>),RobustScaler(copy=False),"{'first_scale': 'passthrough', 'frequency': FunctionTransformer(func=<function complex_cepstrum at 0x7f96933c77e0>), 'model': HistGradientBoostingRegressor(early_stopping=True, max_iter=300,
                              n_iter_no_change=15, random_state=42,
                              scoring=None), 'model__l2_regularization': 0.0, 'model__learning_rate': 0.05, 'model__max_features': 0.1, 'model__max_leaf_nodes': 63, 'model__min_samples_leaf': 20, 'reshape': FunctionTransformer(func=<function reshape at 0x7f96934342c0>), 'second_scale': RobustScaler(copy=False)}",0.03269088057032554,0.03269088057032554,0.0,2,0.9835187438120712
1,2920.8799228668213,0.0,19.544910669326782,0.0,mad_scaling_clipping_trial_time,passthrough,HistGradientBoostingRegressor,0.001,0.05,0.1,63,20,FunctionTransformer(func=<function reshape at 0x7f96934342c0>),RobustScaler(copy=False),"{'first_scale': FunctionTransformer(func=<function mad_scaling_clipping_trial_time at 0x7f96934340e0>), 'frequency': 'passthrough', 'model': HistGradientBoostingRegressor(early_stopping=True, max_iter=300,
                              n_iter_no_change=15, random_state=42,
                              scoring=None), 'model__l2_regularization': 0.001, 'model__learning_rate': 0.05, 'model__max_features': 0.1, 'model__max_leaf_nodes': 63, 'model__min_samples_leaf': 20, 'reshape': FunctionTransformer(func=<function reshape at 0x7f96934342c0>), 'second_scale': RobustScaler(copy=False)}",0.08809961802026123,0.08809961802026123,0.0,1,0.9549347527343105
0,1088.620991230011,0.0,24.6532301902771,0.0,mad_scaling_clipping_channel_trial,real_cepstrum,HistGradientBoostingRegressor,0.0,0.1,0.05,31,20,FunctionTransformer(func=<function reshape at 0x7f96934342c0>),RobustScaler(copy=False),"{'first_scale': FunctionTransformer(func=<function mad_scaling_clipping_channel_trial at 0x7f9693434040>), 'frequency': FunctionTransformer(func=<function real_cepstrum at 0x7f96933c7880>), 'model': HistGradientBoostingRegressor(early_stopping=True, max_iter=300,
                              n_iter_no_change=15, random_state=42,
                              scoring=None), 'model__l2_regularization': 0.0, 'model__learning_rate': 0.1, 'model__max_features': 0.05, 'model__max_leaf_nodes': 31, 'model__min_samples_leaf': 20, 'reshape': FunctionTransformer(func=<function reshape at 0x7f96934342c0>), 'second_scale': RobustScaler(copy=False)}",0.009948183184065984,0.009948183184065984,0.0,2,0.995013475695648
1,4438.423336267471,0.0,40.99489951133728,0.0,mad_scaling_clipping_trial_time,enveloppe,HistGradientBoostingRegressor,0.001,0.1,0.05,31,20,FunctionTransformer(func=<function reshape at 0x7f96934342c0>),RobustScaler(copy=False),"{'first_scale': FunctionTransformer(func=<function mad_scaling_clipping_trial_time at 0x7f96934340e0>), 'frequency': FunctionTransformer(func=<function enveloppe at 0x7f96933c7740>), 'model': HistGradientBoostingRegressor(early_stopping=True, max_iter=300,
                              n_iter_no_change=15, random_state=42,
                              scoring=None), 'model__l2_regularization': 0.001, 'model__learning_rate': 0.1, 'model__max_features': 0.05, 'model__max_leaf_nodes': 31, 'model__min_samples_leaf': 20, 'reshape': FunctionTransformer(func=<function reshape at 0x7f96934342c0>), 'second_scale': RobustScaler(copy=False)}",0.07807000507048711,0.07807000507048711,0.0,1,0.9601718569764024
0,3447.4517719745636,0.0,21.698899269104004,0.0,passthrough,complex_cepstrum,HistGradientBoostingRegressor,0.001,0.05,0.2,63,20,FunctionTransformer(func=<function reshape at 0x7f96934342c0>),passthrough,"{'first_scale': 'passthrough', 'frequency': FunctionTransformer(func=<function complex_cepstrum at 0x7f96933c77e0>), 'model': HistGradientBoostingRegressor(early_stopping=True, max_iter=300,
                              n_iter_no_change=15, random_state=42,
                              scoring=None), 'model__l2_regularization': 0.001, 'model__learning_rate': 0.05, 'model__max_features': 0.2, 'model__max_leaf_nodes': 63, 'model__min_samples_leaf': 20, 'reshape': FunctionTransformer(func=<function reshape at 0x7f96934342c0>), 'second_scale': 'passthrough'}",0.03380344319272277,0.03380344319272277,0.0,2,0.9829529779227881
1,3551.8355593681335,0.0,31.801832675933838,0.0,mad_scaling_clipping_trial_time,power_phase,HistGradientBoostingRegressor,0.0,0.05,0.2,63,20,FunctionTransformer(func=<function reshape at 0x7f96934342c0>),passthrough,"{'first_scale': FunctionTransformer(func=<function mad_scaling_clipping_trial_time at 0x7f96934340e0>), 'frequency': FunctionTransformer(func=<function power_phase at 0x7f96933c7ba0>), 'model': HistGradientBoostingRegressor(early_stopping=True, max_iter=300,
                              n_iter_no_change=15, random_state=42,
                              scoring=None), 'model__l2_regularization': 0.0, 'model__learning_rate': 0.05, 'model__max_features': 0.2, 'model__max_leaf_nodes': 63, 'model__min_samples_leaf': 20, 'reshape': FunctionTransformer(func=<function reshape at 0x7f96934342c0>), 'second_scale': 'passthrough'}",0.08461197619218119,0.08461197619218119,0.0,1,0.9567591252806626
0,1883.933100938797,0.0,9.56742525100708,0.0,passthrough,power_phase,HistGradientBoostingRegressor,0.0,0.05,0.2,31,20,FunctionTransformer(func=<function reshape at 0x7f96934342c0>),passthrough,"{'first_scale': 'passthrough', 'frequency': FunctionTransformer(func=<function power_phase at 0x7f96933c7ba0>), 'model': HistGradientBoostingRegressor(early_stopping=True, max_iter=300,
                              n_iter_no_change=15, random_state=42,
                              scoring=None), 'model__l2_regularization': 0.0, 'model__learning_rate': 0.05, 'model__max_features': 0.2, 'model__max_leaf_nodes': 31, 'model__min_samples_leaf': 20, 'reshape': FunctionTransformer(func=<function reshape at 0x7f96934342c0>), 'second_scale': 'passthrough'}",0.08663561632368155,0.08663561632368155,0.0,1,0.9557009907268688
1,2144.1806075572968,0.0,36.45844912528992,0.0,mad_scaling_clipping_channel_trial,complex_cepstrum,HistGradientBoostingRegressor,0.001,0.05,0.2,31,20,FunctionTransformer(func=<function reshape at 0x7f96934342c0>),passthrough,"{'first_scale': FunctionTransformer(func=<function mad_scaling_clipping_channel_trial at 0x7f9693434040>), 'frequency': FunctionTransformer(func=<function complex_cepstrum at 0x7f96933c77e0>), 'model': HistGradientBoostingRegressor(early_stopping=True, max_iter=300,
                              n_iter_no_change=15, random_state=42,
                              scoring=None), 'model__l2_regularization': 0.001, 'model__learning_rate': 0.05, 'model__max_features': 0.2, 'model__max_leaf_nodes': 31, 'model__min_samples_leaf': 20, 'reshape': FunctionTransformer(func=<function reshape at 0x7f96934342c0>), 'second_scale': 'passthrough'}",0.03559562032662311,0.03559562032662311,0.0,2,0.982040925661134
0,4036.3260595798492,0.0,32.488513231277466,0.0,passthrough,power_phase,HistGradientBoostingRegressor,0.0,0.05,0.05,31,20,FunctionTransformer(func=<function reshape at 0x7f96934342c0>),RobustScaler(copy=False),"{'first_scale': 'passthrough', 'frequency': FunctionTransformer(func=<function power_phase at 0x7f96933c7ba0>), 'model': HistGradientBoostingRegressor(early_stopping=True, max_iter=300,
                              n_iter_no_change=15, random_state=42,
                              scoring=None), 'model__l2_regularization': 0.0, 'model__learning_rate': 0.05, 'model__max_features': 0.05, 'model__max_leaf_nodes': 31, 'model__min_samples_leaf': 20, 'reshape': FunctionTransformer(func=<function reshape at 0x7f96934342c0>), 'second_scale': RobustScaler(copy=False)}",0.08686625675708903,0.08686625675708903,0.0,1,0.9555803175259058
1,4670.232635974884,0.0,83.66480135917664,0.0,mad_scaling_clipping_channel_trial,complex_cepstrum,HistGradientBoostingRegressor,0.001,0.05,0.05,31,20,FunctionTransformer(func=<function reshape at 0x7f96934342c0>),RobustScaler(copy=False),"{'first_scale': FunctionTransformer(func=<function mad_scaling_clipping_channel_trial at 0x7f9693434040>), 'frequency': FunctionTransformer(func=<function complex_cepstrum at 0x7f96933c77e0>), 'model': HistGradientBoostingRegressor(early_stopping=True, max_iter=300,
                              n_iter_no_change=15, random_state=42,
                              scoring=None), 'model__l2_regularization': 0.001, 'model__learning_rate': 0.05, 'model__max_features': 0.05, 'model__max_leaf_nodes': 31, 'model__min_samples_leaf': 20, 'reshape': FunctionTransformer(func=<function reshape at 0x7f96934342c0>), 'second_scale': RobustScaler(copy=False)}",0.03552360289814438,0.03552360289814438,0.0,2,0.9820775922002577
0,2830.058418035507,0.0,20.204781532287598,0.0,passthrough,power_phase,HistGradientBoostingRegressor,0.0,0.05,0.05,31,20,FunctionTransformer(func=<function reshape at 0x7f96934342c0>),passthrough,"{'first_scale': 'passthrough', 'frequency': FunctionTransformer(func=<function power_phase at 0x7f96933c7ba0>), 'model': HistGradientBoostingRegressor(early_stopping=True, max_iter=300,
                              n_iter_no_change=15, random_state=42,
                              scoring=None), 'model__l2_regularization': 0.0, 'model__learning_rate': 0.05, 'model__max_features': 0.05, 'model__max_leaf_nodes': 31, 'model__min_samples_leaf': 20, 'reshape': FunctionTransformer(func=<function reshape at 0x7f96934342c0>), 'second_scale': 'passthrough'}",0.08520390810705103,0.08520390810705103,0.0,1,0.9564497330717119
1,3041.7216534614563,0.0,68.7939088344574,0.0,mad_scaling_clipping_channel_trial,complex_cepstrum,HistGradientBoostingRegressor,0.001,0.05,0.05,31,20,FunctionTransformer(func=<function reshape at 0x7f96934342c0>),passthrough,"{'first_scale': FunctionTransformer(func=<function mad_scaling_clipping_channel_trial at 0x7f9693434040>), 'frequency': FunctionTransformer(func=<function complex_cepstrum at 0x7f96933c77e0>), 'model': HistGradientBoostingRegressor(early_stopping=True, max_iter=300,
                              n_iter_no_change=15, random_state=42,
                              scoring=None), 'model__l2_regularization': 0.001, 'model__learning_rate': 0.05, 'model__max_features': 0.05, 'model__max_leaf_nodes': 31, 'model__min_samples_leaf': 20, 'reshape': FunctionTransformer(func=<function reshape at 0x7f96934342c0>), 'second_scale': 'passthrough'}",0.03552360289814438,0.03552360289814438,0.0,2,0.9820775922002577
0,7118.632667303085,0.0,61.8670220375061,0.0,passthrough,power_phase,HistGradientBoostingRegressor,0.001,0.05,0.1,31,20,FunctionTransformer(func=<function reshape at 0x7f96934342c0>),passthrough,"{'first_scale': 'passthrough', 'frequency': FunctionTransformer(func=<function power_phase at 0x7f96933c7ba0>), 'model': HistGradientBoostingRegressor(early_stopping=True, max_iter=300,
                              n_iter_no_change=15, random_state=42,
                              scoring=None), 'model__l2_regularization': 0.001, 'model__learning_rate': 0.05, 'model__max_features': 0.1, 'model__max_leaf_nodes': 31, 'model__min_samples_leaf': 20, 'reshape': FunctionTransformer(func=<function reshape at 0x7f96934342c0>), 'second_scale': 'passthrough'}",0.08778615937901246,0.08778615937901246,0.0,1,0.9550988643177143
1,15178.201716184616,0.0,228.89247703552246,0.0,mad_scaling_clipping_channel_trial,enveloppe,HistGradientBoostingRegressor,0.0,0.05,0.1,31,20,FunctionTransformer(func=<function reshape at 0x7f96934342c0>),passthrough,"{'first_scale': FunctionTransformer(func=<function mad_scaling_clipping_channel_trial at 0x7f9693434040>), 'frequency': FunctionTransformer(func=<function enveloppe at 0x7f96933c7740>), 'model': HistGradientBoostingRegressor(early_stopping=True, max_iter=300,
                              n_iter_no_change=15, random_state=42,
                              scoring=None), 'model__l2_regularization': 0.0, 'model__learning_rate': 0.05, 'model__max_features': 0.1, 'model__max_leaf_nodes': 31, 'model__min_samples_leaf': 20, 'reshape': FunctionTransformer(func=<function reshape at 0x7f96934342c0>), 'second_scale': 'passthrough'}",0.0766361529163645,0.0766361529163645,0.0,2,0.9609182312161818
0,9866.657557487488,0.0,74.62269639968872,0.0,passthrough,power_phase,HistGradientBoostingRegressor,0.001,0.05,0.1,31,20,FunctionTransformer(func=<function reshape at 0x7f96934342c0>),RobustScaler(copy=False),"{'first_scale': 'passthrough', 'frequency': FunctionTransformer(func=<function power_phase at 0x7f96933c7ba0>), 'model': HistGradientBoostingRegressor(early_stopping=True, max_iter=300,
                              n_iter_no_change=15, random_state=42,
                              scoring=None), 'model__l2_regularization': 0.001, 'model__learning_rate': 0.05, 'model__max_features': 0.1, 'model__max_leaf_nodes': 31, 'model__min_samples_leaf': 20, 'reshape': FunctionTransformer(func=<function reshape at 0x7f96934342c0>), 'second_scale': RobustScaler(copy=False)}",0.08729116437803153,0.08729116437803153,0.0,1,0.9553579620341103
1,12200.654818058014,0.0,50.0404007434845,0.0,mad_scaling_clipping_channel_trial,enveloppe,HistGradientBoostingRegressor,0.0,0.05,0.1,31,20,FunctionTransformer(func=<function reshape at 0x7f96934342c0>),RobustScaler(copy=False),"{'first_scale': FunctionTransformer(func=<function mad_scaling_clipping_channel_trial at 0x7f9693434040>), 'frequency': FunctionTransformer(func=<function enveloppe at 0x7f96933c7740>), 'model': HistGradientBoostingRegressor(early_stopping=True, max_iter=300,
                              n_iter_no_change=15, random_state=42,
                              scoring=None), 'model__l2_regularization': 0.0, 'model__learning_rate': 0.05, 'model__max_features': 0.1, 'model__max_leaf_nodes': 31, 'model__min_samples_leaf': 20, 'reshape': FunctionTransformer(func=<function reshape at 0x7f96934342c0>), 'second_scale': RobustScaler(copy=False)}",0.07660150734127225,0.07660150734127225,0.0,2,0.9609362583744708
0,3879.752079486847,0.0,3.767972707748413,0.0,passthrough,passthrough,HistGradientBoostingRegressor,0.0,0.05,0.1,63,20,FunctionTransformer(func=<function reshape at 0x7f96934342c0>),passthrough,"{'first_scale': 'passthrough', 'frequency': 'passthrough', 'model': HistGradientBoostingRegressor(early_stopping=True, max_iter=300,
                              n_iter_no_change=15, random_state=42,
                              scoring=None), 'model__l2_regularization': 0.0, 'model__learning_rate': 0.05, 'model__max_features': 0.1, 'model__max_leaf_nodes': 63, 'model__min_samples_leaf': 20, 'reshape': FunctionTransformer(func=<function reshape at 0x7f96934342c0>), 'second_scale': 'passthrough'}",0.09065651423212084,0.09065651423212084,0.0,1,0.9535950323737425
1,2931.331315279007,0.0,33.15924692153931,0.0,mad_scaling_clipping_channel_trial,real_cepstrum,HistGradientBoostingRegressor,0.001,0.05,0.1,63,20,FunctionTransformer(func=<function reshape at 0x7f96934342c0>),passthrough,"{'first_scale': FunctionTransformer(func=<function mad_scaling_clipping_channel_trial at 0x7f9693434040>), 'frequency': FunctionTransformer(func=<function real_cepstrum at 0x7f96933c7880>), 'model': HistGradientBoostingRegressor(early_stopping=True, max_iter=300,
                              n_iter_no_change=15, random_state=42,
                              scoring=None), 'model__l2_regularization': 0.001, 'model__learning_rate': 0.05, 'model__max_features': 0.1, 'model__max_leaf_nodes': 63, 'model__min_samples_leaf': 20, 'reshape': FunctionTransformer(func=<function reshape at 0x7f96934342c0>), 'second_scale': 'passthrough'}",0.012805551351797728,0.012805551351797728,0.0,2,0.9935765942534085
0,2607.6179831027985,0.0,11.56691026687622,0.0,passthrough,real_cepstrum,HistGradientBoostingRegressor,0.0,0.1,0.05,63,20,FunctionTransformer(func=<function reshape at 0x7f96934342c0>),passthrough,"{'first_scale': 'passthrough', 'frequency': FunctionTransformer(func=<function real_cepstrum at 0x7f96933c7880>), 'model': HistGradientBoostingRegressor(early_stopping=True, max_iter=300,
                              n_iter_no_change=15, random_state=42,
                              scoring=None), 'model__l2_regularization': 0.0, 'model__learning_rate': 0.1, 'model__max_features': 0.05, 'model__max_leaf_nodes': 63, 'model__min_samples_leaf': 20, 'reshape': FunctionTransformer(func=<function reshape at 0x7f96934342c0>), 'second_scale': 'passthrough'}",-0.005223752988607666,-0.005223752988607666,0.0,2,1.002608474424891
1,6076.646980762482,0.0,40.015265464782715,0.0,mad_scaling_clipping_channel_trial,enveloppe,HistGradientBoostingRegressor,0.001,0.1,0.05,63,20,FunctionTransformer(func=<function reshape at 0x7f96934342c0>),passthrough,"{'first_scale': FunctionTransformer(func=<function mad_scaling_clipping_channel_trial at 0x7f9693434040>), 'frequency': FunctionTransformer(func=<function enveloppe at 0x7f96933c7740>), 'model': HistGradientBoostingRegressor(early_stopping=True, max_iter=300,
                              n_iter_no_change=15, random_state=42,
                              scoring=None), 'model__l2_regularization': 0.001, 'model__learning_rate': 0.1, 'model__max_features': 0.05, 'model__max_leaf_nodes': 63, 'model__min_samples_leaf': 20, 'reshape': FunctionTransformer(func=<function reshape at 0x7f96934342c0>), 'second_scale': 'passthrough'}",0.05264341889950608,0.05264341889950608,0.0,1,0.9733224445683424
0,3605.6976046562195,0.0,24.57967758178711,0.0,mad_scaling_clipping_channel_trial,passthrough,HistGradientBoostingRegressor,0.001,0.1,0.1,63,20,FunctionTransformer(func=<function reshape at 0x7f96934342c0>),RobustScaler(copy=False),"{'first_scale': FunctionTransformer(func=<function mad_scaling_clipping_channel_trial at 0x7f9693434040>), 'frequency': 'passthrough', 'model': HistGradientBoostingRegressor(early_stopping=True, max_iter=300,
                              n_iter_no_change=15, random_state=42,
                              scoring=None), 'model__l2_regularization': 0.001, 'model__learning_rate': 0.1, 'model__max_features': 0.1, 'model__max_leaf_nodes': 63, 'model__min_samples_leaf': 20, 'reshape': FunctionTransformer(func=<function reshape at 0x7f96934342c0>), 'second_scale': RobustScaler(copy=False)}",0.07282156700813014,0.07282156700813014,0.0,1,0.9629010504677362
1,2427.3194646835327,0.0,42.33015012741089,0.0,mad_scaling_clipping_trial_time,complex_cepstrum,HistGradientBoostingRegressor,0.0,0.1,0.1,63,20,FunctionTransformer(func=<function reshape at 0x7f96934342c0>),RobustScaler(copy=False),"{'first_scale': FunctionTransformer(func=<function mad_scaling_clipping_trial_time at 0x7f96934340e0>), 'frequency': FunctionTransformer(func=<function complex_cepstrum at 0x7f96933c77e0>), 'model': HistGradientBoostingRegressor(early_stopping=True, max_iter=300,
                              n_iter_no_change=15, random_state=42,
                              scoring=None), 'model__l2_regularization': 0.0, 'model__learning_rate': 0.1, 'model__max_features': 0.1, 'model__max_leaf_nodes': 63, 'model__min_samples_leaf': 20, 'reshape': FunctionTransformer(func=<function reshape at 0x7f96934342c0>), 'second_scale': RobustScaler(copy=False)}",0.003408486567776814,0.003408486567776814,0.0,2,0.9982943020133007
0,1790.1821274757385,0.0,20.84135341644287,0.0,mad_scaling_clipping_channel_trial,real_cepstrum,HistGradientBoostingRegressor,0.0,0.05,0.05,63,20,FunctionTransformer(func=<function reshape at 0x7f96934342c0>),RobustScaler(copy=False),"{'first_scale': FunctionTransformer(func=<function mad_scaling_clipping_channel_trial at 0x7f9693434040>), 'frequency': FunctionTransformer(func=<function real_cepstrum at 0x7f96933c7880>), 'model': HistGradientBoostingRegressor(early_stopping=True, max_iter=300,
                              n_iter_no_change=15, random_state=42,
                              scoring=None), 'model__l2_regularization': 0.0, 'model__learning_rate': 0.05, 'model__max_features': 0.05, 'model__max_leaf_nodes': 63, 'model__min_samples_leaf': 20, 'reshape': FunctionTransformer(func=<function reshape at 0x7f96934342c0>), 'second_scale': RobustScaler(copy=False)}",0.008570273336763301,0.008570273336763301,0.0,2,0.9957056425787878
1,3937.5637636184692,0.0,32.77979254722595,0.0,mad_scaling_clipping_trial_time,enveloppe,HistGradientBoostingRegressor,0.001,0.05,0.05,63,20,FunctionTransformer(func=<function reshape at 0x7f96934342c0>),RobustScaler(copy=False),"{'first_scale': FunctionTransformer(func=<function mad_scaling_clipping_trial_time at 0x7f96934340e0>), 'frequency': FunctionTransformer(func=<function enveloppe at 0x7f96933c7740>), 'model': HistGradientBoostingRegressor(early_stopping=True, max_iter=300,
                              n_iter_no_change=15, random_state=42,
                              scoring=None), 'model__l2_regularization': 0.001, 'model__learning_rate': 0.05, 'model__max_features': 0.05, 'model__max_leaf_nodes': 63, 'model__min_samples_leaf': 20, 'reshape': FunctionTransformer(func=<function reshape at 0x7f96934342c0>), 'second_scale': RobustScaler(copy=False)}",0.08481623359900459,0.08481623359900459,0.0,1,0.9566523748995742
0,1032.0461790561676,0.0,6.714101791381836,0.0,passthrough,real_cepstrum,HistGradientBoostingRegressor,0.0,0.1,0.2,63,20,FunctionTransformer(func=<function reshape at 0x7f96934342c0>),passthrough,"{'first_scale': 'passthrough', 'frequency': FunctionTransformer(func=<function real_cepstrum at 0x7f96933c7880>), 'model': HistGradientBoostingRegressor(early_stopping=True, max_iter=300,
                              n_iter_no_change=15, random_state=42,
                              scoring=None), 'model__l2_regularization': 0.0, 'model__learning_rate': 0.1, 'model__max_features': 0.2, 'model__max_leaf_nodes': 63, 'model__min_samples_leaf': 20, 'reshape': FunctionTransformer(func=<function reshape at 0x7f96934342c0>), 'second_scale': 'passthrough'}",0.0029748840118815068,0.0029748840118815068,0.0,2,0.9985114501036623
1,2731.968606710434,0.0,28.186800241470337,0.0,mad_scaling_clipping_channel_trial,enveloppe,HistGradientBoostingRegressor,0.001,0.1,0.2,63,20,FunctionTransformer(func=<function reshape at 0x7f96934342c0>),passthrough,"{'first_scale': FunctionTransformer(func=<function mad_scaling_clipping_channel_trial at 0x7f9693434040>), 'frequency': FunctionTransformer(func=<function enveloppe at 0x7f96933c7740>), 'model': HistGradientBoostingRegressor(early_stopping=True, max_iter=300,
                              n_iter_no_change=15, random_state=42,
                              scoring=None), 'model__l2_regularization': 0.001, 'model__learning_rate': 0.1, 'model__max_features': 0.2, 'model__max_leaf_nodes': 63, 'model__min_samples_leaf': 20, 'reshape': FunctionTransformer(func=<function reshape at 0x7f96934342c0>), 'second_scale': 'passthrough'}",0.05329811674759899,0.05329811674759899,0.0,1,0.9729860652919964
0,2446.1096761226654,0.0,29.736745834350586,0.0,mad_scaling_clipping_channel_trial,power_phase,HistGradientBoostingRegressor,0.001,0.05,0.2,31,20,FunctionTransformer(func=<function reshape at 0x7f96934342c0>),passthrough,"{'first_scale': FunctionTransformer(func=<function mad_scaling_clipping_channel_trial at 0x7f9693434040>), 'frequency': FunctionTransformer(func=<function power_phase at 0x7f96933c7ba0>), 'model': HistGradientBoostingRegressor(early_stopping=True, max_iter=300,
                              n_iter_no_change=15, random_state=42,
                              scoring=None), 'model__l2_regularization': 0.001, 'model__learning_rate': 0.05, 'model__max_features': 0.2, 'model__max_leaf_nodes': 31, 'model__min_samples_leaf': 20, 'reshape': FunctionTransformer(func=<function reshape at 0x7f96934342c0>), 'second_scale': 'passthrough'}",0.07816683148472536,0.07816683148472536,0.0,2,0.9601214342546857
1,5135.221442461014,0.0,44.665061235427856,0.0,mad_scaling_clipping_trial_time,enveloppe,HistGradientBoostingRegressor,0.0,0.05,0.2,31,20,FunctionTransformer(func=<function reshape at 0x7f96934342c0>),passthrough,"{'first_scale': FunctionTransformer(func=<function mad_scaling_clipping_trial_time at 0x7f96934340e0>), 'frequency': FunctionTransformer(func=<function enveloppe at 0x7f96933c7740>), 'model': HistGradientBoostingRegressor(early_stopping=True, max_iter=300,
                              n_iter_no_change=15, random_state=42,
                              scoring=None), 'model__l2_regularization': 0.0, 'model__learning_rate': 0.05, 'model__max_features': 0.2, 'model__max_leaf_nodes': 31, 'model__min_samples_leaf': 20, 'reshape': FunctionTransformer(func=<function reshape at 0x7f96934342c0>), 'second_scale': 'passthrough'}",0.0877819759150581,0.0877819759150581,0.0,1,0.9551010543837453
0,1669.074758529663,0.0,16.874797344207764,0.0,mad_scaling_clipping_channel_trial,passthrough,HistGradientBoostingRegressor,0.001,0.05,0.1,31,20,FunctionTransformer(func=<function reshape at 0x7f96934342c0>),passthrough,"{'first_scale': FunctionTransformer(func=<function mad_scaling_clipping_channel_trial at 0x7f9693434040>), 'frequency': 'passthrough', 'model': HistGradientBoostingRegressor(early_stopping=True, max_iter=300,
                              n_iter_no_change=15, random_state=42,
                              scoring=None), 'model__l2_regularization': 0.001, 'model__learning_rate': 0.05, 'model__max_features': 0.1, 'model__max_leaf_nodes': 31, 'model__min_samples_leaf': 20, 'reshape': FunctionTransformer(func=<function reshape at 0x7f96934342c0>), 'second_scale': 'passthrough'}",0.08520461085468811,0.08520461085468811,0.0,1,0.9564493656986301
1,1610.9147367477417,0.0,32.82436561584473,0.0,mad_scaling_clipping_trial_time,complex_cepstrum,HistGradientBoostingRegressor,0.0,0.05,0.1,31,20,FunctionTransformer(func=<function reshape at 0x7f96934342c0>),passthrough,"{'first_scale': FunctionTransformer(func=<function mad_scaling_clipping_trial_time at 0x7f96934340e0>), 'frequency': FunctionTransformer(func=<function complex_cepstrum at 0x7f96933c77e0>), 'model': HistGradientBoostingRegressor(early_stopping=True, max_iter=300,
                              n_iter_no_change=15, random_state=42,
                              scoring=None), 'model__l2_regularization': 0.0, 'model__learning_rate': 0.05, 'model__max_features': 0.1, 'model__max_leaf_nodes': 31, 'model__min_samples_leaf': 20, 'reshape': FunctionTransformer(func=<function reshape at 0x7f96934342c0>), 'second_scale': 'passthrough'}",0.02229118667364427,0.02229118667364427,0.0,2,0.9887915924634249
0,1043.2570254802704,0.0,1.7971241474151611,0.0,passthrough,passthrough,HistGradientBoostingRegressor,0.0,0.1,0.05,31,20,FunctionTransformer(func=<function reshape at 0x7f96934342c0>),passthrough,"{'first_scale': 'passthrough', 'frequency': 'passthrough', 'model': HistGradientBoostingRegressor(early_stopping=True, max_iter=300,
                              n_iter_no_change=15, random_state=42,
                              scoring=None), 'model__l2_regularization': 0.0, 'model__learning_rate': 0.1, 'model__max_features': 0.05, 'model__max_leaf_nodes': 31, 'model__min_samples_leaf': 20, 'reshape': FunctionTransformer(func=<function reshape at 0x7f96934342c0>), 'second_scale': 'passthrough'}",0.09063931243608703,0.09063931243608703,0.0,1,0.9536040517761619
1,600.8563964366913,0.0,18.179221868515015,0.0,mad_scaling_clipping_channel_trial,real_cepstrum,HistGradientBoostingRegressor,0.001,0.1,0.05,31,20,FunctionTransformer(func=<function reshape at 0x7f96934342c0>),passthrough,"{'first_scale': FunctionTransformer(func=<function mad_scaling_clipping_channel_trial at 0x7f9693434040>), 'frequency': FunctionTransformer(func=<function real_cepstrum at 0x7f96933c7880>), 'model': HistGradientBoostingRegressor(early_stopping=True, max_iter=300,
                              n_iter_no_change=15, random_state=42,
                              scoring=None), 'model__l2_regularization': 0.001, 'model__learning_rate': 0.1, 'model__max_features': 0.05, 'model__max_leaf_nodes': 31, 'model__min_samples_leaf': 20, 'reshape': FunctionTransformer(func=<function reshape at 0x7f96934342c0>), 'second_scale': 'passthrough'}",0.008539749523423956,0.008539749523423956,0.0,2,0.9957209701902315
0,805.3462314605713,0.0,7.152666091918945,0.0,passthrough,real_cepstrum,HistGradientBoostingRegressor,0.0,0.1,0.2,31,20,FunctionTransformer(func=<function reshape at 0x7f96934342c0>),RobustScaler(copy=False),"{'first_scale': 'passthrough', 'frequency': FunctionTransformer(func=<function real_cepstrum at 0x7f96933c7880>), 'model': HistGradientBoostingRegressor(early_stopping=True, max_iter=300,
                              n_iter_no_change=15, random_state=42,
                              scoring=None), 'model__l2_regularization': 0.0, 'model__learning_rate': 0.1, 'model__max_features': 0.2, 'model__max_leaf_nodes': 31, 'model__min_samples_leaf': 20, 'reshape': FunctionTransformer(func=<function reshape at 0x7f96934342c0>), 'second_scale': RobustScaler(copy=False)}",0.009591523498105214,0.009591523498105214,0.0,2,0.9951926831030736
1,2328.955535173416,0.0,29.726118803024292,0.0,mad_scaling_clipping_channel_trial,enveloppe,HistGradientBoostingRegressor,0.001,0.1,0.2,31,20,FunctionTransformer(func=<function reshape at 0x7f96934342c0>),RobustScaler(copy=False),"{'first_scale': FunctionTransformer(func=<function mad_scaling_clipping_channel_trial at 0x7f9693434040>), 'frequency': FunctionTransformer(func=<function enveloppe at 0x7f96933c7740>), 'model': HistGradientBoostingRegressor(early_stopping=True, max_iter=300,
                              n_iter_no_change=15, random_state=42,
                              scoring=None), 'model__l2_regularization': 0.001, 'model__learning_rate': 0.1, 'model__max_features': 0.2, 'model__max_leaf_nodes': 31, 'model__min_samples_leaf': 20, 'reshape': FunctionTransformer(func=<function reshape at 0x7f96934342c0>), 'second_scale': RobustScaler(copy=False)}",0.0605998294893868,0.0605998294893868,0.0,1,0.9692265836792825
0,1327.8896896839142,0.0,32.571110248565674,0.0,mad_scaling_clipping_channel_trial,real_cepstrum,HistGradientBoostingRegressor,0.0,0.1,0.2,31,20,FunctionTransformer(func=<function reshape at 0x7f96934342c0>),RobustScaler(copy=False),"{'first_scale': FunctionTransformer(func=<function mad_scaling_clipping_channel_trial at 0x7f9693434040>), 'frequency': FunctionTransformer(func=<function real_cepstrum at 0x7f96933c7880>), 'model': HistGradientBoostingRegressor(early_stopping=True, max_iter=300,
                              n_iter_no_change=15, random_state=42,
                              scoring=None), 'model__l2_regularization': 0.0, 'model__learning_rate': 0.1, 'model__max_features': 0.2, 'model__max_leaf_nodes': 31, 'model__min_samples_leaf': 20, 'reshape': FunctionTransformer(func=<function reshape at 0x7f96934342c0>), 'second_scale': RobustScaler(copy=False)}",0.00781729585006008,0.00781729585006008,0.0,2,0.996083683306749
1,4877.473552942276,0.0,43.21212601661682,0.0,mad_scaling_clipping_trial_time,enveloppe,HistGradientBoostingRegressor,0.001,0.1,0.2,31,20,FunctionTransformer(func=<function reshape at 0x7f96934342c0>),RobustScaler(copy=False),"{'first_scale': FunctionTransformer(func=<function mad_scaling_clipping_trial_time at 0x7f96934340e0>), 'frequency': FunctionTransformer(func=<function enveloppe at 0x7f96933c7740>), 'model': HistGradientBoostingRegressor(early_stopping=True, max_iter=300,
                              n_iter_no_change=15, random_state=42,
                              scoring=None), 'model__l2_regularization': 0.001, 'model__learning_rate': 0.1, 'model__max_features': 0.2, 'model__max_leaf_nodes': 31, 'model__min_samples_leaf': 20, 'reshape': FunctionTransformer(func=<function reshape at 0x7f96934342c0>), 'second_scale': RobustScaler(copy=False)}",0.07516597967897609,0.07516597967897609,0.0,1,0.961682910486104
0,1257.5160081386566,0.0,21.461344003677368,0.0,passthrough,complex_cepstrum,HistGradientBoostingRegressor,0.0,0.1,0.2,31,20,FunctionTransformer(func=<function reshape at 0x7f96934342c0>),passthrough,"{'first_scale': 'passthrough', 'frequency': FunctionTransformer(func=<function complex_cepstrum at 0x7f96933c77e0>), 'model': HistGradientBoostingRegressor(early_stopping=True, max_iter=300,
                              n_iter_no_change=15, random_state=42,
                              scoring=None), 'model__l2_regularization': 0.0, 'model__learning_rate': 0.1, 'model__max_features': 0.2, 'model__max_leaf_nodes': 31, 'model__min_samples_leaf': 20, 'reshape': FunctionTransformer(func=<function reshape at 0x7f96934342c0>), 'second_scale': 'passthrough'}",0.030879899953961454,0.030879899953961454,0.0,2,0.9844389773094311
1,2171.326076745987,0.0,21.538755178451538,0.0,mad_scaling_clipping_trial_time,passthrough,HistGradientBoostingRegressor,0.001,0.1,0.2,31,20,FunctionTransformer(func=<function reshape at 0x7f96934342c0>),passthrough,"{'first_scale': FunctionTransformer(func=<function mad_scaling_clipping_trial_time at 0x7f96934340e0>), 'frequency': 'passthrough', 'model': HistGradientBoostingRegressor(early_stopping=True, max_iter=300,
                              n_iter_no_change=15, random_state=42,
                              scoring=None), 'model__l2_regularization': 0.001, 'model__learning_rate': 0.1, 'model__max_features': 0.2, 'model__max_leaf_nodes': 31, 'model__min_samples_leaf': 20, 'reshape': FunctionTransformer(func=<function reshape at 0x7f96934342c0>), 'second_scale': 'passthrough'}",0.08201434221057069,0.08201434221057069,0.0,1,0.9581156807971725
0,1427.3215804100037,0.0,5.740993976593018,0.0,passthrough,power_phase,HistGradientBoostingRegressor,0.001,0.1,0.1,31,20,FunctionTransformer(func=<function reshape at 0x7f96934342c0>),RobustScaler(copy=False),"{'first_scale': 'passthrough', 'frequency': FunctionTransformer(func=<function power_phase at 0x7f96933c7ba0>), 'model': HistGradientBoostingRegressor(early_stopping=True, max_iter=300,
                              n_iter_no_change=15, random_state=42,
                              scoring=None), 'model__l2_regularization': 0.001, 'model__learning_rate': 0.1, 'model__max_features': 0.1, 'model__max_leaf_nodes': 31, 'model__min_samples_leaf': 20, 'reshape': FunctionTransformer(func=<function reshape at 0x7f96934342c0>), 'second_scale': RobustScaler(copy=False)}",0.07242733484184694,0.07242733484184694,0.0,1,0.9631057393444155
1,3385.9342126846313,0.0,28.665558576583862,0.0,mad_scaling_clipping_channel_trial,enveloppe,HistGradientBoostingRegressor,0.0,0.1,0.1,31,20,FunctionTransformer(func=<function reshape at 0x7f96934342c0>),RobustScaler(copy=False),"{'first_scale': FunctionTransformer(func=<function mad_scaling_clipping_channel_trial at 0x7f9693434040>), 'frequency': FunctionTransformer(func=<function enveloppe at 0x7f96933c7740>), 'model': HistGradientBoostingRegressor(early_stopping=True, max_iter=300,
                              n_iter_no_change=15, random_state=42,
                              scoring=None), 'model__l2_regularization': 0.0, 'model__learning_rate': 0.1, 'model__max_features': 0.1, 'model__max_leaf_nodes': 31, 'model__min_samples_leaf': 20, 'reshape': FunctionTransformer(func=<function reshape at 0x7f96934342c0>), 'second_scale': RobustScaler(copy=False)}",0.0647155693555519,0.0647155693555519,0.0,2,0.9671010446920467
0,7661.315078735352,0.0,24.468144416809082,0.0,passthrough,enveloppe,HistGradientBoostingRegressor,0.001,0.1,0.2,63,20,FunctionTransformer(func=<function reshape at 0x7f96934342c0>),RobustScaler(copy=False),"{'first_scale': 'passthrough', 'frequency': FunctionTransformer(func=<function enveloppe at 0x7f96933c7740>), 'model': HistGradientBoostingRegressor(early_stopping=True, max_iter=300,
                              n_iter_no_change=15, random_state=42,
                              scoring=None), 'model__l2_regularization': 0.001, 'model__learning_rate': 0.1, 'model__max_features': 0.2, 'model__max_leaf_nodes': 63, 'model__min_samples_leaf': 20, 'reshape': FunctionTransformer(func=<function reshape at 0x7f96934342c0>), 'second_scale': RobustScaler(copy=False)}",0.07348404363742078,0.07348404363742078,0.0,1,0.962556988631104
1,1445.9522247314453,0.0,35.53900146484375,0.0,mad_scaling_clipping_trial_time,real_cepstrum,HistGradientBoostingRegressor,0.0,0.1,0.2,63,20,FunctionTransformer(func=<function reshape at 0x7f96934342c0>),RobustScaler(copy=False),"{'first_scale': FunctionTransformer(func=<function mad_scaling_clipping_trial_time at 0x7f96934340e0>), 'frequency': FunctionTransformer(func=<function real_cepstrum at 0x7f96933c7880>), 'model': HistGradientBoostingRegressor(early_stopping=True, max_iter=300,
                              n_iter_no_change=15, random_state=42,
                              scoring=None), 'model__l2_regularization': 0.0, 'model__learning_rate': 0.1, 'model__max_features': 0.2, 'model__max_leaf_nodes': 63, 'model__min_samples_leaf': 20, 'reshape': FunctionTransformer(func=<function reshape at 0x7f96934342c0>), 'second_scale': RobustScaler(copy=False)}",0.0032386976363993902,0.0032386976363993902,0.0,2,0.9983793379089937
0,3882.753331184387,0.0,24.77027440071106,0.0,passthrough,complex_cepstrum,HistGradientBoostingRegressor,0.001,0.05,0.1,63,20,FunctionTransformer(func=<function reshape at 0x7f96934342c0>),RobustScaler(copy=False),"{'first_scale': 'passthrough', 'frequency': FunctionTransformer(func=<function complex_cepstrum at 0x7f96933c77e0>), 'model': HistGradientBoostingRegressor(early_stopping=True, max_iter=300,
                              n_iter_no_change=15, random_state=42,
                              scoring=None), 'model__l2_regularization': 0.001, 'model__learning_rate': 0.05, 'model__max_features': 0.1, 'model__max_leaf_nodes': 63, 'model__min_samples_leaf': 20, 'reshape': FunctionTransformer(func=<function reshape at 0x7f96934342c0>), 'second_scale': RobustScaler(copy=False)}",0.03311700012962182,0.03311700012962182,0.0,2,0.9833020898332202
1,3816.256229877472,0.0,32.89616084098816,0.0,mad_scaling_clipping_trial_time,power_phase,HistGradientBoostingRegressor,0.0,0.05,0.1,63,20,FunctionTransformer(func=<function reshape at 0x7f96934342c0>),RobustScaler(copy=False),"{'first_scale': FunctionTransformer(func=<function mad_scaling_clipping_trial_time at 0x7f96934340e0>), 'frequency': FunctionTransformer(func=<function power_phase at 0x7f96933c7ba0>), 'model': HistGradientBoostingRegressor(early_stopping=True, max_iter=300,
                              n_iter_no_change=15, random_state=42,
                              scoring=None), 'model__l2_regularization': 0.0, 'model__learning_rate': 0.05, 'model__max_features': 0.1, 'model__max_leaf_nodes': 63, 'model__min_samples_leaf': 20, 'reshape': FunctionTransformer(func=<function reshape at 0x7f96934342c0>), 'second_scale': RobustScaler(copy=False)}",0.08835335146136702,0.08835335146136702,0.0,1,0.9548018896811176
0,2687.700340270996,0.0,19.015831232070923,0.0,passthrough,enveloppe,HistGradientBoostingRegressor,0.001,0.1,0.2,31,20,FunctionTransformer(func=<function reshape at 0x7f96934342c0>),passthrough,"{'first_scale': 'passthrough', 'frequency': FunctionTransformer(func=<function enveloppe at 0x7f96933c7740>), 'model': HistGradientBoostingRegressor(early_stopping=True, max_iter=300,
                              n_iter_no_change=15, random_state=42,
                              scoring=None), 'model__l2_regularization': 0.001, 'model__learning_rate': 0.1, 'model__max_features': 0.2, 'model__max_leaf_nodes': 31, 'model__min_samples_leaf': 20, 'reshape': FunctionTransformer(func=<function reshape at 0x7f96934342c0>), 'second_scale': 'passthrough'}",0.084648523757474,0.084648523757474,0.0,1,0.956740025420974
1,1068.314178943634,0.0,22.964529275894165,0.0,mad_scaling_clipping_trial_time,real_cepstrum,HistGradientBoostingRegressor,0.0,0.1,0.2,31,20,FunctionTransformer(func=<function reshape at 0x7f96934342c0>),passthrough,"{'first_scale': FunctionTransformer(func=<function mad_scaling_clipping_trial_time at 0x7f96934340e0>), 'frequency': FunctionTransformer(func=<function real_cepstrum at 0x7f96933c7880>), 'model': HistGradientBoostingRegressor(early_stopping=True, max_iter=300,
                              n_iter_no_change=15, random_state=42,
                              scoring=None), 'model__l2_regularization': 0.0, 'model__learning_rate': 0.1, 'model__max_features': 0.2, 'model__max_leaf_nodes': 31, 'model__min_samples_leaf': 20, 'reshape': FunctionTransformer(func=<function reshape at 0x7f96934342c0>), 'second_scale': 'passthrough'}",0.001157876881272446,0.001157876881272446,0.0,2,0.9994208938774132
0,3571.905723810196,0.0,29.26525330543518,0.0,mad_scaling_clipping_channel_trial,power_phase,HistGradientBoostingRegressor,0.001,0.05,0.2,63,20,FunctionTransformer(func=<function reshape at 0x7f96934342c0>),passthrough,"{'first_scale': FunctionTransformer(func=<function mad_scaling_clipping_channel_trial at 0x7f9693434040>), 'frequency': FunctionTransformer(func=<function power_phase at 0x7f96933c7ba0>), 'model': HistGradientBoostingRegressor(early_stopping=True, max_iter=300,
                              n_iter_no_change=15, random_state=42,
                              scoring=None), 'model__l2_regularization': 0.001, 'model__learning_rate': 0.05, 'model__max_features': 0.2, 'model__max_leaf_nodes': 63, 'model__min_samples_leaf': 20, 'reshape': FunctionTransformer(func=<function reshape at 0x7f96934342c0>), 'second_scale': 'passthrough'}",0.07206213768641068,0.07206213768641068,0.0,2,0.9632953141760783
1,8028.851774692535,0.0,46.07967162132263,0.0,mad_scaling_clipping_trial_time,enveloppe,HistGradientBoostingRegressor,0.0,0.05,0.2,63,20,FunctionTransformer(func=<function reshape at 0x7f96934342c0>),passthrough,"{'first_scale': FunctionTransformer(func=<function mad_scaling_clipping_trial_time at 0x7f96934340e0>), 'frequency': FunctionTransformer(func=<function enveloppe at 0x7f96933c7740>), 'model': HistGradientBoostingRegressor(early_stopping=True, max_iter=300,
                              n_iter_no_change=15, random_state=42,
                              scoring=None), 'model__l2_regularization': 0.0, 'model__learning_rate': 0.05, 'model__max_features': 0.2, 'model__max_leaf_nodes': 63, 'model__min_samples_leaf': 20, 'reshape': FunctionTransformer(func=<function reshape at 0x7f96934342c0>), 'second_scale': 'passthrough'}",0.08614148298288415,0.08614148298288415,0.0,1,0.9559594745684128
0,3322.3474609851837,0.0,15.955466270446777,0.0,passthrough,enveloppe,HistGradientBoostingRegressor,0.0,0.05,0.2,63,20,FunctionTransformer(func=<function reshape at 0x7f96934342c0>),passthrough,"{'first_scale': 'passthrough', 'frequency': FunctionTransformer(func=<function enveloppe at 0x7f96933c7740>), 'model': HistGradientBoostingRegressor(early_stopping=True, max_iter=300,
                              n_iter_no_change=15, random_state=42,
                              scoring=None), 'model__l2_regularization': 0.0, 'model__learning_rate': 0.05, 'model__max_features': 0.2, 'model__max_leaf_nodes': 63, 'model__min_samples_leaf': 20, 'reshape': FunctionTransformer(func=<function reshape at 0x7f96934342c0>), 'second_scale': 'passthrough'}",0.09424247846451428,0.09424247846451428,0.0,1,0.9517129407208277
1,1706.6233961582184,0.0,21.018829822540283,0.0,mad_scaling_clipping_trial_time,power_phase,HistGradientBoostingRegressor,0.001,0.05,0.2,63,20,FunctionTransformer(func=<function reshape at 0x7f96934342c0>),passthrough,"{'first_scale': FunctionTransformer(func=<function mad_scaling_clipping_trial_time at 0x7f96934340e0>), 'frequency': FunctionTransformer(func=<function power_phase at 0x7f96933c7ba0>), 'model': HistGradientBoostingRegressor(early_stopping=True, max_iter=300,
                              n_iter_no_change=15, random_state=42,
                              scoring=None), 'model__l2_regularization': 0.001, 'model__learning_rate': 0.05, 'model__max_features': 0.2, 'model__max_leaf_nodes': 63, 'model__min_samples_leaf': 20, 'reshape': FunctionTransformer(func=<function reshape at 0x7f96934342c0>), 'second_scale': 'passthrough'}",0.08721427636046053,0.08721427636046053,0.0,2,0.9553982016099567
0,1730.368450641632,0.0,8.580575942993164,0.0,passthrough,real_cepstrum,HistGradientBoostingRegressor,0.001,0.05,0.05,63,20,FunctionTransformer(func=<function reshape at 0x7f96934342c0>),RobustScaler(copy=False),"{'first_scale': 'passthrough', 'frequency': FunctionTransformer(func=<function real_cepstrum at 0x7f96933c7880>), 'model': HistGradientBoostingRegressor(early_stopping=True, max_iter=300,
                              n_iter_no_change=15, random_state=42,
                              scoring=None), 'model__l2_regularization': 0.001, 'model__learning_rate': 0.05, 'model__max_features': 0.05, 'model__max_leaf_nodes': 63, 'model__min_samples_leaf': 20, 'reshape': FunctionTransformer(func=<function reshape at 0x7f96934342c0>), 'second_scale': RobustScaler(copy=False)}",0.013292454704068368,0.013292454704068368,0.0,2,0.9933315384582992
1,1890.553766965866,0.0,17.52195119857788,0.0,mad_scaling_clipping_trial_time,passthrough,HistGradientBoostingRegressor,0.0,0.05,0.05,63,20,FunctionTransformer(func=<function reshape at 0x7f96934342c0>),RobustScaler(copy=False),"{'first_scale': FunctionTransformer(func=<function mad_scaling_clipping_trial_time at 0x7f96934340e0>), 'frequency': 'passthrough', 'model': HistGradientBoostingRegressor(early_stopping=True, max_iter=300,
                              n_iter_no_change=15, random_state=42,
                              scoring=None), 'model__l2_regularization': 0.0, 'model__learning_rate': 0.05, 'model__max_features': 0.05, 'model__max_leaf_nodes': 63, 'model__min_samples_leaf': 20, 'reshape': FunctionTransformer(func=<function reshape at 0x7f96934342c0>), 'second_scale': RobustScaler(copy=False)}",0.08880063285652662,0.08880063285652662,0.0,1,0.9545676336140219
0,3831.6618225574493,0.0,22.36563014984131,0.0,passthrough,power_phase,HistGradientBoostingRegressor,0.0,0.05,0.1,31,20,FunctionTransformer(func=<function reshape at 0x7f96934342c0>),RobustScaler(copy=False),"{'first_scale': 'passthrough', 'frequency': FunctionTransformer(func=<function power_phase at 0x7f96933c7ba0>), 'model': HistGradientBoostingRegressor(early_stopping=True, max_iter=300,
                              n_iter_no_change=15, random_state=42,
                              scoring=None), 'model__l2_regularization': 0.0, 'model__learning_rate': 0.05, 'model__max_features': 0.1, 'model__max_leaf_nodes': 31, 'model__min_samples_leaf': 20, 'reshape': FunctionTransformer(func=<function reshape at 0x7f96934342c0>), 'second_scale': RobustScaler(copy=False)}",0.0871964459309208,0.0871964459309208,0.0,1,0.9554075329769381
1,3292.908188343048,0.0,72.20664072036743,0.0,mad_scaling_clipping_channel_trial,complex_cepstrum,HistGradientBoostingRegressor,0.001,0.05,0.1,31,20,FunctionTransformer(func=<function reshape at 0x7f96934342c0>),RobustScaler(copy=False),"{'first_scale': FunctionTransformer(func=<function mad_scaling_clipping_channel_trial at 0x7f9693434040>), 'frequency': FunctionTransformer(func=<function complex_cepstrum at 0x7f96933c77e0>), 'model': HistGradientBoostingRegressor(early_stopping=True, max_iter=300,
                              n_iter_no_change=15, random_state=42,
                              scoring=None), 'model__l2_regularization': 0.001, 'model__learning_rate': 0.05, 'model__max_features': 0.1, 'model__max_leaf_nodes': 31, 'model__min_samples_leaf': 20, 'reshape': FunctionTransformer(func=<function reshape at 0x7f96934342c0>), 'second_scale': RobustScaler(copy=False)}",0.03346314148649876,0.03346314148649876,0.0,2,0.9831260644055274
0,1464.3850572109222,0.0,18.043973922729492,0.0,passthrough,complex_cepstrum,HistGradientBoostingRegressor,0.0,0.1,0.05,31,20,FunctionTransformer(func=<function reshape at 0x7f96934342c0>),passthrough,"{'first_scale': 'passthrough', 'frequency': FunctionTransformer(func=<function complex_cepstrum at 0x7f96933c77e0>), 'model': HistGradientBoostingRegressor(early_stopping=True, max_iter=300,
                              n_iter_no_change=15, random_state=42,
                              scoring=None), 'model__l2_regularization': 0.0, 'model__learning_rate': 0.1, 'model__max_features': 0.05, 'model__max_leaf_nodes': 31, 'model__min_samples_leaf': 20, 'reshape': FunctionTransformer(func=<function reshape at 0x7f96934342c0>), 'second_scale': 'passthrough'}",0.030767912263077513,0.030767912263077513,0.0,2,0.9844958546062662
1,1910.554885149002,0.0,23.55044460296631,0.0,mad_scaling_clipping_trial_time,passthrough,HistGradientBoostingRegressor,0.001,0.1,0.05,31,20,FunctionTransformer(func=<function reshape at 0x7f96934342c0>),passthrough,"{'first_scale': FunctionTransformer(func=<function mad_scaling_clipping_trial_time at 0x7f96934340e0>), 'frequency': 'passthrough', 'model': HistGradientBoostingRegressor(early_stopping=True, max_iter=300,
                              n_iter_no_change=15, random_state=42,
                              scoring=None), 'model__l2_regularization': 0.001, 'model__learning_rate': 0.1, 'model__max_features': 0.05, 'model__max_leaf_nodes': 31, 'model__min_samples_leaf': 20, 'reshape': FunctionTransformer(func=<function reshape at 0x7f96934342c0>), 'second_scale': 'passthrough'}",0.08238955949452031,0.08238955949452031,0.0,1,0.9579198507732678
0,1497.1651837825775,0.0,6.847655296325684,0.0,passthrough,real_cepstrum,HistGradientBoostingRegressor,0.001,0.05,0.05,63,20,FunctionTransformer(func=<function reshape at 0x7f96934342c0>),passthrough,"{'first_scale': 'passthrough', 'frequency': FunctionTransformer(func=<function real_cepstrum at 0x7f96933c7880>), 'model': HistGradientBoostingRegressor(early_stopping=True, max_iter=300,
                              n_iter_no_change=15, random_state=42,
                              scoring=None), 'model__l2_regularization': 0.001, 'model__learning_rate': 0.05, 'model__max_features': 0.05, 'model__max_leaf_nodes': 63, 'model__min_samples_leaf': 20, 'reshape': FunctionTransformer(func=<function reshape at 0x7f96934342c0>), 'second_scale': 'passthrough'}",0.012303863792448189,0.012303863792448189,0.0,2,0.9938290276539279
1,1658.141669511795,0.0,15.599490880966187,0.0,mad_scaling_clipping_trial_time,passthrough,HistGradientBoostingRegressor,0.0,0.05,0.05,63,20,FunctionTransformer(func=<function reshape at 0x7f96934342c0>),passthrough,"{'first_scale': FunctionTransformer(func=<function mad_scaling_clipping_trial_time at 0x7f96934340e0>), 'frequency': 'passthrough', 'model': HistGradientBoostingRegressor(early_stopping=True, max_iter=300,
                              n_iter_no_change=15, random_state=42,
                              scoring=None), 'model__l2_regularization': 0.0, 'model__learning_rate': 0.05, 'model__max_features': 0.05, 'model__max_leaf_nodes': 63, 'model__min_samples_leaf': 20, 'reshape': FunctionTransformer(func=<function reshape at 0x7f96934342c0>), 'second_scale': 'passthrough'}",0.08855081487434036,0.08855081487434036,0.0,1,0.9546984786442574
0,3450.0406622886658,0.0,25.680983304977417,0.0,mad_scaling_clipping_channel_trial,passthrough,HistGradientBoostingRegressor,0.0,0.1,0.1,63,20,FunctionTransformer(func=<function reshape at 0x7f96934342c0>),RobustScaler(copy=False),"{'first_scale': FunctionTransformer(func=<function mad_scaling_clipping_channel_trial at 0x7f9693434040>), 'frequency': 'passthrough', 'model': HistGradientBoostingRegressor(early_stopping=True, max_iter=300,
                              n_iter_no_change=15, random_state=42,
                              scoring=None), 'model__l2_regularization': 0.0, 'model__learning_rate': 0.1, 'model__max_features': 0.1, 'model__max_leaf_nodes': 63, 'model__min_samples_leaf': 20, 'reshape': FunctionTransformer(func=<function reshape at 0x7f96934342c0>), 'second_scale': RobustScaler(copy=False)}",0.06781585329461581,0.06781585329461581,0.0,1,0.9654968393036738
1,2156.1363096237183,0.0,36.23881506919861,0.0,mad_scaling_clipping_trial_time,real_cepstrum,HistGradientBoostingRegressor,0.001,0.1,0.1,63,20,FunctionTransformer(func=<function reshape at 0x7f96934342c0>),RobustScaler(copy=False),"{'first_scale': FunctionTransformer(func=<function mad_scaling_clipping_trial_time at 0x7f96934340e0>), 'frequency': FunctionTransformer(func=<function real_cepstrum at 0x7f96933c7880>), 'model': HistGradientBoostingRegressor(early_stopping=True, max_iter=300,
                              n_iter_no_change=15, random_state=42,
                              scoring=None), 'model__l2_regularization': 0.001, 'model__learning_rate': 0.1, 'model__max_features': 0.1, 'model__max_leaf_nodes': 63, 'model__min_samples_leaf': 20, 'reshape': FunctionTransformer(func=<function reshape at 0x7f96934342c0>), 'second_scale': RobustScaler(copy=False)}",-0.003770530659531257,-0.003770530659531257,0.0,2,1.0018834915595383
0,583.3789937496185,0.0,21.589695692062378,0.0,mad_scaling_clipping_channel_trial,real_cepstrum,HistGradientBoostingRegressor,0.0,0.1,0.2,31,20,FunctionTransformer(func=<function reshape at 0x7f96934342c0>),passthrough,"{'first_scale': FunctionTransformer(func=<function mad_scaling_clipping_channel_trial at 0x7f9693434040>), 'frequency': FunctionTransformer(func=<function real_cepstrum at 0x7f96933c7880>), 'model': HistGradientBoostingRegressor(early_stopping=True, max_iter=300,
                              n_iter_no_change=15, random_state=42,
                              scoring=None), 'model__l2_regularization': 0.0, 'model__learning_rate': 0.1, 'model__max_features': 0.2, 'model__max_leaf_nodes': 31, 'model__min_samples_leaf': 20, 'reshape': FunctionTransformer(func=<function reshape at 0x7f96934342c0>), 'second_scale': 'passthrough'}",0.009019752856759822,0.009019752856759822,0.0,2,0.9954799079555751
1,3089.297602891922,0.0,28.56427550315857,0.0,mad_scaling_clipping_trial_time,enveloppe,HistGradientBoostingRegressor,0.001,0.1,0.2,31,20,FunctionTransformer(func=<function reshape at 0x7f96934342c0>),passthrough,"{'first_scale': FunctionTransformer(func=<function mad_scaling_clipping_trial_time at 0x7f96934340e0>), 'frequency': FunctionTransformer(func=<function enveloppe at 0x7f96933c7740>), 'model': HistGradientBoostingRegressor(early_stopping=True, max_iter=300,
                              n_iter_no_change=15, random_state=42,
                              scoring=None), 'model__l2_regularization': 0.001, 'model__learning_rate': 0.1, 'model__max_features': 0.2, 'model__max_leaf_nodes': 31, 'model__min_samples_leaf': 20, 'reshape': FunctionTransformer(func=<function reshape at 0x7f96934342c0>), 'second_scale': 'passthrough'}",0.0789742743871843,0.0789742743871843,0.0,1,0.9597008521475927
0,1189.6229820251465,0.0,2.4129106998443604,0.0,passthrough,passthrough,HistGradientBoostingRegressor,0.0,0.1,0.05,31,20,FunctionTransformer(func=<function reshape at 0x7f96934342c0>),RobustScaler(copy=False),"{'first_scale': 'passthrough', 'frequency': 'passthrough', 'model': HistGradientBoostingRegressor(early_stopping=True, max_iter=300,
                              n_iter_no_change=15, random_state=42,
                              scoring=None), 'model__l2_regularization': 0.0, 'model__learning_rate': 0.1, 'model__max_features': 0.05, 'model__max_leaf_nodes': 31, 'model__min_samples_leaf': 20, 'reshape': FunctionTransformer(func=<function reshape at 0x7f96934342c0>), 'second_scale': RobustScaler(copy=False)}",0.09123942168106558,0.09123942168106558,0.0,1,0.9532893465883978
1,542.0425343513489,0.0,18.610050439834595,0.0,mad_scaling_clipping_channel_trial,real_cepstrum,HistGradientBoostingRegressor,0.001,0.1,0.05,31,20,FunctionTransformer(func=<function reshape at 0x7f96934342c0>),RobustScaler(copy=False),"{'first_scale': FunctionTransformer(func=<function mad_scaling_clipping_channel_trial at 0x7f9693434040>), 'frequency': FunctionTransformer(func=<function real_cepstrum at 0x7f96933c7880>), 'model': HistGradientBoostingRegressor(early_stopping=True, max_iter=300,
                              n_iter_no_change=15, random_state=42,
                              scoring=None), 'model__l2_regularization': 0.001, 'model__learning_rate': 0.1, 'model__max_features': 0.05, 'model__max_leaf_nodes': 31, 'model__min_samples_leaf': 20, 'reshape': FunctionTransformer(func=<function reshape at 0x7f96934342c0>), 'second_scale': RobustScaler(copy=False)}",0.009948482264978353,0.009948482264978353,0.0,2,0.9950133254057564
0,1133.6786222457886,0.0,22.030844688415527,0.0,mad_scaling_clipping_channel_trial,real_cepstrum,HistGradientBoostingRegressor,0.0,0.1,0.1,31,20,FunctionTransformer(func=<function reshape at 0x7f96934342c0>),passthrough,"{'first_scale': FunctionTransformer(func=<function mad_scaling_clipping_channel_trial at 0x7f9693434040>), 'frequency': FunctionTransformer(func=<function real_cepstrum at 0x7f96933c7880>), 'model': HistGradientBoostingRegressor(early_stopping=True, max_iter=300,
                              n_iter_no_change=15, random_state=42,
                              scoring=None), 'model__l2_regularization': 0.0, 'model__learning_rate': 0.1, 'model__max_features': 0.1, 'model__max_leaf_nodes': 31, 'model__min_samples_leaf': 20, 'reshape': FunctionTransformer(func=<function reshape at 0x7f96934342c0>), 'second_scale': 'passthrough'}",0.00570251376600972,0.00570251376600972,0.0,2,0.9971446666527332
1,2986.057860136032,0.0,39.46097731590271,0.0,mad_scaling_clipping_trial_time,enveloppe,HistGradientBoostingRegressor,0.001,0.1,0.1,31,20,FunctionTransformer(func=<function reshape at 0x7f96934342c0>),passthrough,"{'first_scale': FunctionTransformer(func=<function mad_scaling_clipping_trial_time at 0x7f96934340e0>), 'frequency': FunctionTransformer(func=<function enveloppe at 0x7f96933c7740>), 'model': HistGradientBoostingRegressor(early_stopping=True, max_iter=300,
                              n_iter_no_change=15, random_state=42,
                              scoring=None), 'model__l2_regularization': 0.001, 'model__learning_rate': 0.1, 'model__max_features': 0.1, 'model__max_leaf_nodes': 31, 'model__min_samples_leaf': 20, 'reshape': FunctionTransformer(func=<function reshape at 0x7f96934342c0>), 'second_scale': 'passthrough'}",0.0768415618729511,0.0768415618729511,0.0,1,0.9608113436710918
0,3751.3915932178497,0.0,36.594146490097046,0.0,mad_scaling_clipping_channel_trial,real_cepstrum,HistGradientBoostingRegressor,0.0,0.05,0.2,63,20,FunctionTransformer(func=<function reshape at 0x7f96934342c0>),RobustScaler(copy=False),"{'first_scale': FunctionTransformer(func=<function mad_scaling_clipping_channel_trial at 0x7f9693434040>), 'frequency': FunctionTransformer(func=<function real_cepstrum at 0x7f96933c7880>), 'model': HistGradientBoostingRegressor(early_stopping=True, max_iter=300,
                              n_iter_no_change=15, random_state=42,
                              scoring=None), 'model__l2_regularization': 0.0, 'model__learning_rate': 0.05, 'model__max_features': 0.2, 'model__max_leaf_nodes': 63, 'model__min_samples_leaf': 20, 'reshape': FunctionTransformer(func=<function reshape at 0x7f96934342c0>), 'second_scale': RobustScaler(copy=False)}",0.005798348656358754,0.005798348656358754,0.0,2,0.9970966108375062
1,8154.0458788871765,0.0,46.162848472595215,0.0,mad_scaling_clipping_trial_time,enveloppe,HistGradientBoostingRegressor,0.001,0.05,0.2,63,20,FunctionTransformer(func=<function reshape at 0x7f96934342c0>),RobustScaler(copy=False),"{'first_scale': FunctionTransformer(func=<function mad_scaling_clipping_trial_time at 0x7f96934340e0>), 'frequency': FunctionTransformer(func=<function enveloppe at 0x7f96933c7740>), 'model': HistGradientBoostingRegressor(early_stopping=True, max_iter=300,
                              n_iter_no_change=15, random_state=42,
                              scoring=None), 'model__l2_regularization': 0.001, 'model__learning_rate': 0.05, 'model__max_features': 0.2, 'model__max_leaf_nodes': 63, 'model__min_samples_leaf': 20, 'reshape': FunctionTransformer(func=<function reshape at 0x7f96934342c0>), 'second_scale': RobustScaler(copy=False)}",0.08991053400136784,0.08991053400136784,0.0,1,0.9539860931893254
0,1210.190306186676,0.0,7.262355327606201,0.0,passthrough,power_phase,HistGradientBoostingRegressor,0.001,0.1,0.1,63,20,FunctionTransformer(func=<function reshape at 0x7f96934342c0>),passthrough,"{'first_scale': 'passthrough', 'frequency': FunctionTransformer(func=<function power_phase at 0x7f96933c7ba0>), 'model': HistGradientBoostingRegressor(early_stopping=True, max_iter=300,
                              n_iter_no_change=15, random_state=42,
                              scoring=None), 'model__l2_regularization': 0.001, 'model__learning_rate': 0.1, 'model__max_features': 0.1, 'model__max_leaf_nodes': 63, 'model__min_samples_leaf': 20, 'reshape': FunctionTransformer(func=<function reshape at 0x7f96934342c0>), 'second_scale': 'passthrough'}",0.0670142459542944,0.0670142459542944,0.0,1,0.9659118769565398
1,3376.1750144958496,0.0,27.31973624229431,0.0,mad_scaling_clipping_channel_trial,enveloppe,HistGradientBoostingRegressor,0.0,0.1,0.1,63,20,FunctionTransformer(func=<function reshape at 0x7f96934342c0>),passthrough,"{'first_scale': FunctionTransformer(func=<function mad_scaling_clipping_channel_trial at 0x7f9693434040>), 'frequency': FunctionTransformer(func=<function enveloppe at 0x7f96933c7740>), 'model': HistGradientBoostingRegressor(early_stopping=True, max_iter=300,
                              n_iter_no_change=15, random_state=42,
                              scoring=None), 'model__l2_regularization': 0.0, 'model__learning_rate': 0.1, 'model__max_features': 0.1, 'model__max_leaf_nodes': 63, 'model__min_samples_leaf': 20, 'reshape': FunctionTransformer(func=<function reshape at 0x7f96934342c0>), 'second_scale': 'passthrough'}",0.052491752655785984,0.052491752655785984,0.0,2,0.9734003530635347
0,2224.821073293686,0.0,20.106065034866333,0.0,passthrough,complex_cepstrum,HistGradientBoostingRegressor,0.001,0.05,0.05,31,20,FunctionTransformer(func=<function reshape at 0x7f96934342c0>),passthrough,"{'first_scale': 'passthrough', 'frequency': FunctionTransformer(func=<function complex_cepstrum at 0x7f96933c77e0>), 'model': HistGradientBoostingRegressor(early_stopping=True, max_iter=300,
                              n_iter_no_change=15, random_state=42,
                              scoring=None), 'model__l2_regularization': 0.001, 'model__learning_rate': 0.05, 'model__max_features': 0.05, 'model__max_leaf_nodes': 31, 'model__min_samples_leaf': 20, 'reshape': FunctionTransformer(func=<function reshape at 0x7f96934342c0>), 'second_scale': 'passthrough'}",0.03558840987999079,0.03558840987999079,0.0,2,0.982044596808113
1,2252.234936237335,0.0,30.908918857574463,0.0,mad_scaling_clipping_trial_time,power_phase,HistGradientBoostingRegressor,0.0,0.05,0.05,31,20,FunctionTransformer(func=<function reshape at 0x7f96934342c0>),passthrough,"{'first_scale': FunctionTransformer(func=<function mad_scaling_clipping_trial_time at 0x7f96934340e0>), 'frequency': FunctionTransformer(func=<function power_phase at 0x7f96933c7ba0>), 'model': HistGradientBoostingRegressor(early_stopping=True, max_iter=300,
                              n_iter_no_change=15, random_state=42,
                              scoring=None), 'model__l2_regularization': 0.0, 'model__learning_rate': 0.05, 'model__max_features': 0.05, 'model__max_leaf_nodes': 31, 'model__min_samples_leaf': 20, 'reshape': FunctionTransformer(func=<function reshape at 0x7f96934342c0>), 'second_scale': 'passthrough'}",0.08906847190562239,0.08906847190562239,0.0,1,0.9544273299179868
0,3437.3462958335876,0.0,20.64151096343994,0.0,passthrough,complex_cepstrum,HistGradientBoostingRegressor,0.001,0.05,0.2,63,20,FunctionTransformer(func=<function reshape at 0x7f96934342c0>),RobustScaler(copy=False),"{'first_scale': 'passthrough', 'frequency': FunctionTransformer(func=<function complex_cepstrum at 0x7f96933c77e0>), 'model': HistGradientBoostingRegressor(early_stopping=True, max_iter=300,
                              n_iter_no_change=15, random_state=42,
                              scoring=None), 'model__l2_regularization': 0.001, 'model__learning_rate': 0.05, 'model__max_features': 0.2, 'model__max_leaf_nodes': 63, 'model__min_samples_leaf': 20, 'reshape': FunctionTransformer(func=<function reshape at 0x7f96934342c0>), 'second_scale': RobustScaler(copy=False)}",0.034524410853937204,0.034524410853937204,0.0,2,0.9825861739033696
1,3502.563439130783,0.0,31.211122035980225,0.0,mad_scaling_clipping_trial_time,power_phase,HistGradientBoostingRegressor,0.0,0.05,0.2,63,20,FunctionTransformer(func=<function reshape at 0x7f96934342c0>),RobustScaler(copy=False),"{'first_scale': FunctionTransformer(func=<function mad_scaling_clipping_trial_time at 0x7f96934340e0>), 'frequency': FunctionTransformer(func=<function power_phase at 0x7f96933c7ba0>), 'model': HistGradientBoostingRegressor(early_stopping=True, max_iter=300,
                              n_iter_no_change=15, random_state=42,
                              scoring=None), 'model__l2_regularization': 0.0, 'model__learning_rate': 0.05, 'model__max_features': 0.2, 'model__max_leaf_nodes': 63, 'model__min_samples_leaf': 20, 'reshape': FunctionTransformer(func=<function reshape at 0x7f96934342c0>), 'second_scale': RobustScaler(copy=False)}",0.08687861346342252,0.08687861346342252,0.0,1,0.9555738519531484
0,3229.853350162506,0.0,28.358698844909668,0.0,mad_scaling_clipping_channel_trial,power_phase,HistGradientBoostingRegressor,0.001,0.05,0.1,63,20,FunctionTransformer(func=<function reshape at 0x7f96934342c0>),passthrough,"{'first_scale': FunctionTransformer(func=<function mad_scaling_clipping_channel_trial at 0x7f9693434040>), 'frequency': FunctionTransformer(func=<function power_phase at 0x7f96933c7ba0>), 'model': HistGradientBoostingRegressor(early_stopping=True, max_iter=300,
                              n_iter_no_change=15, random_state=42,
                              scoring=None), 'model__l2_regularization': 0.001, 'model__learning_rate': 0.05, 'model__max_features': 0.1, 'model__max_leaf_nodes': 63, 'model__min_samples_leaf': 20, 'reshape': FunctionTransformer(func=<function reshape at 0x7f96934342c0>), 'second_scale': 'passthrough'}",0.07349623878971079,0.07349623878971079,0.0,2,0.962550653841287
1,7957.04616522789,0.0,43.5836763381958,0.0,mad_scaling_clipping_trial_time,enveloppe,HistGradientBoostingRegressor,0.0,0.05,0.1,63,20,FunctionTransformer(func=<function reshape at 0x7f96934342c0>),passthrough,"{'first_scale': FunctionTransformer(func=<function mad_scaling_clipping_trial_time at 0x7f96934340e0>), 'frequency': FunctionTransformer(func=<function enveloppe at 0x7f96933c7740>), 'model': HistGradientBoostingRegressor(early_stopping=True, max_iter=300,
                              n_iter_no_change=15, random_state=42,
                              scoring=None), 'model__l2_regularization': 0.0, 'model__learning_rate': 0.05, 'model__max_features': 0.1, 'model__max_leaf_nodes': 63, 'model__min_samples_leaf': 20, 'reshape': FunctionTransformer(func=<function reshape at 0x7f96934342c0>), 'second_scale': 'passthrough'}",0.08712645334266567,0.08712645334266567,0.0,1,0.955444161977734
0,2082.7761511802673,0.0,10.181265592575073,0.0,passthrough,power_phase,HistGradientBoostingRegressor,0.0,0.05,0.2,31,20,FunctionTransformer(func=<function reshape at 0x7f96934342c0>),RobustScaler(copy=False),"{'first_scale': 'passthrough', 'frequency': FunctionTransformer(func=<function power_phase at 0x7f96933c7ba0>), 'model': HistGradientBoostingRegressor(early_stopping=True, max_iter=300,
                              n_iter_no_change=15, random_state=42,
                              scoring=None), 'model__l2_regularization': 0.0, 'model__learning_rate': 0.05, 'model__max_features': 0.2, 'model__max_leaf_nodes': 31, 'model__min_samples_leaf': 20, 'reshape': FunctionTransformer(func=<function reshape at 0x7f96934342c0>), 'second_scale': RobustScaler(copy=False)}",0.0851780690274152,0.0851780690274152,0.0,1,0.9564632407848117
1,2191.647275686264,0.0,35.18718481063843,0.0,mad_scaling_clipping_channel_trial,complex_cepstrum,HistGradientBoostingRegressor,0.001,0.05,0.2,31,20,FunctionTransformer(func=<function reshape at 0x7f96934342c0>),RobustScaler(copy=False),"{'first_scale': FunctionTransformer(func=<function mad_scaling_clipping_channel_trial at 0x7f9693434040>), 'frequency': FunctionTransformer(func=<function complex_cepstrum at 0x7f96933c77e0>), 'model': HistGradientBoostingRegressor(early_stopping=True, max_iter=300,
                              n_iter_no_change=15, random_state=42,
                              scoring=None), 'model__l2_regularization': 0.001, 'model__learning_rate': 0.05, 'model__max_features': 0.2, 'model__max_leaf_nodes': 31, 'model__min_samples_leaf': 20, 'reshape': FunctionTransformer(func=<function reshape at 0x7f96934342c0>), 'second_scale': RobustScaler(copy=False)}",0.0355955943729418,0.0355955943729418,0.0,2,0.9820409388752885
0,2951.0584628582,0.0,19.951297760009766,0.0,passthrough,complex_cepstrum,HistGradientBoostingRegressor,0.0,0.1,0.05,63,20,FunctionTransformer(func=<function reshape at 0x7f96934342c0>),RobustScaler(copy=False),"{'first_scale': 'passthrough', 'frequency': FunctionTransformer(func=<function complex_cepstrum at 0x7f96933c77e0>), 'model': HistGradientBoostingRegressor(early_stopping=True, max_iter=300,
                              n_iter_no_change=15, random_state=42,
                              scoring=None), 'model__l2_regularization': 0.0, 'model__learning_rate': 0.1, 'model__max_features': 0.05, 'model__max_leaf_nodes': 63, 'model__min_samples_leaf': 20, 'reshape': FunctionTransformer(func=<function reshape at 0x7f96934342c0>), 'second_scale': RobustScaler(copy=False)}",0.02017367501943257,0.02017367501943257,0.0,2,0.9898617706430365
1,4009.1172449588776,0.0,26.085301160812378,0.0,mad_scaling_clipping_trial_time,passthrough,HistGradientBoostingRegressor,0.001,0.1,0.05,63,20,FunctionTransformer(func=<function reshape at 0x7f96934342c0>),RobustScaler(copy=False),"{'first_scale': FunctionTransformer(func=<function mad_scaling_clipping_trial_time at 0x7f96934340e0>), 'frequency': 'passthrough', 'model': HistGradientBoostingRegressor(early_stopping=True, max_iter=300,
                              n_iter_no_change=15, random_state=42,
                              scoring=None), 'model__l2_regularization': 0.001, 'model__learning_rate': 0.1, 'model__max_features': 0.05, 'model__max_leaf_nodes': 63, 'model__min_samples_leaf': 20, 'reshape': FunctionTransformer(func=<function reshape at 0x7f96934342c0>), 'second_scale': RobustScaler(copy=False)}",0.07030820356314049,0.07030820356314049,0.0,1,0.9642052667543667
0,1787.228613615036,0.0,7.443788766860962,0.0,passthrough,power_phase,HistGradientBoostingRegressor,0.0,0.1,0.1,31,20,FunctionTransformer(func=<function reshape at 0x7f96934342c0>),passthrough,"{'first_scale': 'passthrough', 'frequency': FunctionTransformer(func=<function power_phase at 0x7f96933c7ba0>), 'model': HistGradientBoostingRegressor(early_stopping=True, max_iter=300,
                              n_iter_no_change=15, random_state=42,
                              scoring=None), 'model__l2_regularization': 0.0, 'model__learning_rate': 0.1, 'model__max_features': 0.1, 'model__max_leaf_nodes': 31, 'model__min_samples_leaf': 20, 'reshape': FunctionTransformer(func=<function reshape at 0x7f96934342c0>), 'second_scale': 'passthrough'}",0.07437052732680327,0.07437052732680327,0.0,1,0.9620963946888049
1,1533.0334413051605,0.0,37.883683919906616,0.0,mad_scaling_clipping_channel_trial,complex_cepstrum,HistGradientBoostingRegressor,0.001,0.1,0.1,31,20,FunctionTransformer(func=<function reshape at 0x7f96934342c0>),passthrough,"{'first_scale': FunctionTransformer(func=<function mad_scaling_clipping_channel_trial at 0x7f9693434040>), 'frequency': FunctionTransformer(func=<function complex_cepstrum at 0x7f96933c77e0>), 'model': HistGradientBoostingRegressor(early_stopping=True, max_iter=300,
                              n_iter_no_change=15, random_state=42,
                              scoring=None), 'model__l2_regularization': 0.001, 'model__learning_rate': 0.1, 'model__max_features': 0.1, 'model__max_leaf_nodes': 31, 'model__min_samples_leaf': 20, 'reshape': FunctionTransformer(func=<function reshape at 0x7f96934342c0>), 'second_scale': 'passthrough'}",0.028761970407233717,0.028761970407233717,0.0,2,0.9855140940609456
0,2140.035454750061,0.0,9.967047214508057,0.0,passthrough,power_phase,HistGradientBoostingRegressor,0.001,0.1,0.2,63,20,FunctionTransformer(func=<function reshape at 0x7f96934342c0>),RobustScaler(copy=False),"{'first_scale': 'passthrough', 'frequency': FunctionTransformer(func=<function power_phase at 0x7f96933c7ba0>), 'model': HistGradientBoostingRegressor(early_stopping=True, max_iter=300,
                              n_iter_no_change=15, random_state=42,
                              scoring=None), 'model__l2_regularization': 0.001, 'model__learning_rate': 0.1, 'model__max_features': 0.2, 'model__max_leaf_nodes': 63, 'model__min_samples_leaf': 20, 'reshape': FunctionTransformer(func=<function reshape at 0x7f96934342c0>), 'second_scale': RobustScaler(copy=False)}",0.06822049072906189,0.06822049072906189,0.0,1,0.9652872677451714
1,3377.211906194687,0.0,35.468634605407715,0.0,mad_scaling_clipping_channel_trial,enveloppe,HistGradientBoostingRegressor,0.0,0.1,0.2,63,20,FunctionTransformer(func=<function reshape at 0x7f96934342c0>),RobustScaler(copy=False),"{'first_scale': FunctionTransformer(func=<function mad_scaling_clipping_channel_trial at 0x7f9693434040>), 'frequency': FunctionTransformer(func=<function enveloppe at 0x7f96933c7740>), 'model': HistGradientBoostingRegressor(early_stopping=True, max_iter=300,
                              n_iter_no_change=15, random_state=42,
                              scoring=None), 'model__l2_regularization': 0.0, 'model__learning_rate': 0.1, 'model__max_features': 0.2, 'model__max_leaf_nodes': 63, 'model__min_samples_leaf': 20, 'reshape': FunctionTransformer(func=<function reshape at 0x7f96934342c0>), 'second_scale': RobustScaler(copy=False)}",0.06605709549309136,0.06605709549309136,0.0,2,0.9664072146393096
0,1736.859797000885,0.0,8.87802529335022,0.0,passthrough,real_cepstrum,HistGradientBoostingRegressor,0.0,0.05,0.2,31,20,FunctionTransformer(func=<function reshape at 0x7f96934342c0>),RobustScaler(copy=False),"{'first_scale': 'passthrough', 'frequency': FunctionTransformer(func=<function real_cepstrum at 0x7f96933c7880>), 'model': HistGradientBoostingRegressor(early_stopping=True, max_iter=300,
                              n_iter_no_change=15, random_state=42,
                              scoring=None), 'model__l2_regularization': 0.0, 'model__learning_rate': 0.05, 'model__max_features': 0.2, 'model__max_leaf_nodes': 31, 'model__min_samples_leaf': 20, 'reshape': FunctionTransformer(func=<function reshape at 0x7f96934342c0>), 'second_scale': RobustScaler(copy=False)}",0.013348120231803984,0.013348120231803984,0.0,2,0.9933035184515335
1,3885.7442343235016,0.0,34.699689865112305,0.0,mad_scaling_clipping_channel_trial,enveloppe,HistGradientBoostingRegressor,0.001,0.05,0.2,31,20,FunctionTransformer(func=<function reshape at 0x7f96934342c0>),RobustScaler(copy=False),"{'first_scale': FunctionTransformer(func=<function mad_scaling_clipping_channel_trial at 0x7f9693434040>), 'frequency': FunctionTransformer(func=<function enveloppe at 0x7f96933c7740>), 'model': HistGradientBoostingRegressor(early_stopping=True, max_iter=300,
                              n_iter_no_change=15, random_state=42,
                              scoring=None), 'model__l2_regularization': 0.001, 'model__learning_rate': 0.05, 'model__max_features': 0.2, 'model__max_leaf_nodes': 31, 'model__min_samples_leaf': 20, 'reshape': FunctionTransformer(func=<function reshape at 0x7f96934342c0>), 'second_scale': RobustScaler(copy=False)}",0.07590263387454066,0.07590263387454066,0.0,1,0.9612998315434469
0,3609.6309509277344,0.0,23.319756984710693,0.0,mad_scaling_clipping_channel_trial,passthrough,HistGradientBoostingRegressor,0.001,0.1,0.2,63,20,FunctionTransformer(func=<function reshape at 0x7f96934342c0>),RobustScaler(copy=False),"{'first_scale': FunctionTransformer(func=<function mad_scaling_clipping_channel_trial at 0x7f9693434040>), 'frequency': 'passthrough', 'model': HistGradientBoostingRegressor(early_stopping=True, max_iter=300,
                              n_iter_no_change=15, random_state=42,
                              scoring=None), 'model__l2_regularization': 0.001, 'model__learning_rate': 0.1, 'model__max_features': 0.2, 'model__max_leaf_nodes': 63, 'model__min_samples_leaf': 20, 'reshape': FunctionTransformer(func=<function reshape at 0x7f96934342c0>), 'second_scale': RobustScaler(copy=False)}",0.07894400159043391,0.07894400159043391,0.0,1,0.9597166240143837
1,1744.5067825317383,0.0,41.71736264228821,0.0,mad_scaling_clipping_trial_time,complex_cepstrum,HistGradientBoostingRegressor,0.0,0.1,0.2,63,20,FunctionTransformer(func=<function reshape at 0x7f96934342c0>),RobustScaler(copy=False),"{'first_scale': FunctionTransformer(func=<function mad_scaling_clipping_trial_time at 0x7f96934340e0>), 'frequency': FunctionTransformer(func=<function complex_cepstrum at 0x7f96933c77e0>), 'model': HistGradientBoostingRegressor(early_stopping=True, max_iter=300,
                              n_iter_no_change=15, random_state=42,
                              scoring=None), 'model__l2_regularization': 0.0, 'model__learning_rate': 0.1, 'model__max_features': 0.2, 'model__max_leaf_nodes': 63, 'model__min_samples_leaf': 20, 'reshape': FunctionTransformer(func=<function reshape at 0x7f96934342c0>), 'second_scale': RobustScaler(copy=False)}",0.009481971271944722,0.009481971271944722,0.0,2,0.9952477222923222
0,1040.4431309700012,0.0,8.414547204971313,0.0,passthrough,power_phase,HistGradientBoostingRegressor,0.001,0.1,0.2,31,20,FunctionTransformer(func=<function reshape at 0x7f96934342c0>),passthrough,"{'first_scale': 'passthrough', 'frequency': FunctionTransformer(func=<function power_phase at 0x7f96933c7ba0>), 'model': HistGradientBoostingRegressor(early_stopping=True, max_iter=300,
                              n_iter_no_change=15, random_state=42,
                              scoring=None), 'model__l2_regularization': 0.001, 'model__learning_rate': 0.1, 'model__max_features': 0.2, 'model__max_leaf_nodes': 31, 'model__min_samples_leaf': 20, 'reshape': FunctionTransformer(func=<function reshape at 0x7f96934342c0>), 'second_scale': 'passthrough'}",0.0780082616333111,0.0780082616333111,0.0,1,0.9602040087224636
1,2697.7228729724884,0.0,33.58307409286499,0.0,mad_scaling_clipping_channel_trial,enveloppe,HistGradientBoostingRegressor,0.0,0.1,0.2,31,20,FunctionTransformer(func=<function reshape at 0x7f96934342c0>),passthrough,"{'first_scale': FunctionTransformer(func=<function mad_scaling_clipping_channel_trial at 0x7f9693434040>), 'frequency': FunctionTransformer(func=<function enveloppe at 0x7f96933c7740>), 'model': HistGradientBoostingRegressor(early_stopping=True, max_iter=300,
                              n_iter_no_change=15, random_state=42,
                              scoring=None), 'model__l2_regularization': 0.0, 'model__learning_rate': 0.1, 'model__max_features': 0.2, 'model__max_leaf_nodes': 31, 'model__min_samples_leaf': 20, 'reshape': FunctionTransformer(func=<function reshape at 0x7f96934342c0>), 'second_scale': 'passthrough'}",0.06541516160187633,0.06541516160187633,0.0,2,0.9667392815015451
0,3571.1619181632996,0.0,20.826948165893555,0.0,passthrough,enveloppe,HistGradientBoostingRegressor,0.0,0.1,0.05,31,20,FunctionTransformer(func=<function reshape at 0x7f96934342c0>),RobustScaler(copy=False),"{'first_scale': 'passthrough', 'frequency': FunctionTransformer(func=<function enveloppe at 0x7f96933c7740>), 'model': HistGradientBoostingRegressor(early_stopping=True, max_iter=300,
                              n_iter_no_change=15, random_state=42,
                              scoring=None), 'model__l2_regularization': 0.0, 'model__learning_rate': 0.1, 'model__max_features': 0.05, 'model__max_leaf_nodes': 31, 'model__min_samples_leaf': 20, 'reshape': FunctionTransformer(func=<function reshape at 0x7f96934342c0>), 'second_scale': RobustScaler(copy=False)}",0.08510750189333172,0.08510750189333172,0.0,1,0.9565001296950609
1,1585.4474804401398,0.0,24.911011457443237,0.0,mad_scaling_clipping_trial_time,power_phase,HistGradientBoostingRegressor,0.001,0.1,0.05,31,20,FunctionTransformer(func=<function reshape at 0x7f96934342c0>),RobustScaler(copy=False),"{'first_scale': FunctionTransformer(func=<function mad_scaling_clipping_trial_time at 0x7f96934340e0>), 'frequency': FunctionTransformer(func=<function power_phase at 0x7f96933c7ba0>), 'model': HistGradientBoostingRegressor(early_stopping=True, max_iter=300,
                              n_iter_no_change=15, random_state=42,
                              scoring=None), 'model__l2_regularization': 0.001, 'model__learning_rate': 0.1, 'model__max_features': 0.05, 'model__max_leaf_nodes': 31, 'model__min_samples_leaf': 20, 'reshape': FunctionTransformer(func=<function reshape at 0x7f96934342c0>), 'second_scale': RobustScaler(copy=False)}",0.08172714539480819,0.08172714539480819,0.0,2,0.9582655449327142
0,1503.824378490448,0.0,8.768545150756836,0.0,passthrough,real_cepstrum,HistGradientBoostingRegressor,0.0,0.05,0.05,31,20,FunctionTransformer(func=<function reshape at 0x7f96934342c0>),passthrough,"{'first_scale': 'passthrough', 'frequency': FunctionTransformer(func=<function real_cepstrum at 0x7f96933c7880>), 'model': HistGradientBoostingRegressor(early_stopping=True, max_iter=300,
                              n_iter_no_change=15, random_state=42,
                              scoring=None), 'model__l2_regularization': 0.0, 'model__learning_rate': 0.05, 'model__max_features': 0.05, 'model__max_leaf_nodes': 31, 'model__min_samples_leaf': 20, 'reshape': FunctionTransformer(func=<function reshape at 0x7f96934342c0>), 'second_scale': 'passthrough'}",0.01887168878501644,0.01887168878501644,0.0,2,0.9905192129459093
1,3283.365130662918,0.0,34.61961054801941,0.0,mad_scaling_clipping_channel_trial,enveloppe,HistGradientBoostingRegressor,0.001,0.05,0.05,31,20,FunctionTransformer(func=<function reshape at 0x7f96934342c0>),passthrough,"{'first_scale': FunctionTransformer(func=<function mad_scaling_clipping_channel_trial at 0x7f9693434040>), 'frequency': FunctionTransformer(func=<function enveloppe at 0x7f96933c7740>), 'model': HistGradientBoostingRegressor(early_stopping=True, max_iter=300,
                              n_iter_no_change=15, random_state=42,
                              scoring=None), 'model__l2_regularization': 0.001, 'model__learning_rate': 0.05, 'model__max_features': 0.05, 'model__max_leaf_nodes': 31, 'model__min_samples_leaf': 20, 'reshape': FunctionTransformer(func=<function reshape at 0x7f96934342c0>), 'second_scale': 'passthrough'}",0.07658688483540133,0.07658688483540133,0.0,1,0.9609438668125203
0,2104.5745792388916,0.0,24.083792209625244,0.0,mad_scaling_clipping_channel_trial,passthrough,HistGradientBoostingRegressor,0.0,0.1,0.2,31,20,FunctionTransformer(func=<function reshape at 0x7f96934342c0>),passthrough,"{'first_scale': FunctionTransformer(func=<function mad_scaling_clipping_channel_trial at 0x7f9693434040>), 'frequency': 'passthrough', 'model': HistGradientBoostingRegressor(early_stopping=True, max_iter=300,
                              n_iter_no_change=15, random_state=42,
                              scoring=None), 'model__l2_regularization': 0.0, 'model__learning_rate': 0.1, 'model__max_features': 0.2, 'model__max_leaf_nodes': 31, 'model__min_samples_leaf': 20, 'reshape': FunctionTransformer(func=<function reshape at 0x7f96934342c0>), 'second_scale': 'passthrough'}",0.080257520574746,0.080257520574746,0.0,1,0.9590320533878177
1,1391.156934261322,0.0,34.78456974029541,0.0,mad_scaling_clipping_trial_time,real_cepstrum,HistGradientBoostingRegressor,0.001,0.1,0.2,31,20,FunctionTransformer(func=<function reshape at 0x7f96934342c0>),passthrough,"{'first_scale': FunctionTransformer(func=<function mad_scaling_clipping_trial_time at 0x7f96934340e0>), 'frequency': FunctionTransformer(func=<function real_cepstrum at 0x7f96933c7880>), 'model': HistGradientBoostingRegressor(early_stopping=True, max_iter=300,
                              n_iter_no_change=15, random_state=42,
                              scoring=None), 'model__l2_regularization': 0.001, 'model__learning_rate': 0.1, 'model__max_features': 0.2, 'model__max_leaf_nodes': 31, 'model__min_samples_leaf': 20, 'reshape': FunctionTransformer(func=<function reshape at 0x7f96934342c0>), 'second_scale': 'passthrough'}",0.00712292001077075,0.00712292001077075,0.0,2,0.9964321753080986
0,9123.644123792648,0.0,30.75902509689331,0.0,passthrough,enveloppe,HistGradientBoostingRegressor,0.001,0.05,0.2,63,20,FunctionTransformer(func=<function reshape at 0x7f96934342c0>),RobustScaler(copy=False),"{'first_scale': 'passthrough', 'frequency': FunctionTransformer(func=<function enveloppe at 0x7f96933c7740>), 'model': HistGradientBoostingRegressor(early_stopping=True, max_iter=300,
                              n_iter_no_change=15, random_state=42,
                              scoring=None), 'model__l2_regularization': 0.001, 'model__learning_rate': 0.05, 'model__max_features': 0.2, 'model__max_leaf_nodes': 63, 'model__min_samples_leaf': 20, 'reshape': FunctionTransformer(func=<function reshape at 0x7f96934342c0>), 'second_scale': RobustScaler(copy=False)}",0.09199473313072926,0.09199473313072926,0.0,1,0.9528931035899414
1,3705.0668342113495,0.0,35.154908657073975,0.0,mad_scaling_clipping_trial_time,real_cepstrum,HistGradientBoostingRegressor,0.0,0.05,0.2,63,20,FunctionTransformer(func=<function reshape at 0x7f96934342c0>),RobustScaler(copy=False),"{'first_scale': FunctionTransformer(func=<function mad_scaling_clipping_trial_time at 0x7f96934340e0>), 'frequency': FunctionTransformer(func=<function real_cepstrum at 0x7f96933c7880>), 'model': HistGradientBoostingRegressor(early_stopping=True, max_iter=300,
                              n_iter_no_change=15, random_state=42,
                              scoring=None), 'model__l2_regularization': 0.0, 'model__learning_rate': 0.05, 'model__max_features': 0.2, 'model__max_leaf_nodes': 63, 'model__min_samples_leaf': 20, 'reshape': FunctionTransformer(func=<function reshape at 0x7f96934342c0>), 'second_scale': RobustScaler(copy=False)}",0.010234543349013192,0.010234543349013192,0.0,2,0.9948695676574828
0,2233.9084842205048,0.0,17.556530475616455,0.0,mad_scaling_clipping_channel_trial,passthrough,HistGradientBoostingRegressor,0.0,0.05,0.2,63,20,FunctionTransformer(func=<function reshape at 0x7f96934342c0>),RobustScaler(copy=False),"{'first_scale': FunctionTransformer(func=<function mad_scaling_clipping_channel_trial at 0x7f9693434040>), 'frequency': 'passthrough', 'model': HistGradientBoostingRegressor(early_stopping=True, max_iter=300,
                              n_iter_no_change=15, random_state=42,
                              scoring=None), 'model__l2_regularization': 0.0, 'model__learning_rate': 0.05, 'model__max_features': 0.2, 'model__max_leaf_nodes': 63, 'model__min_samples_leaf': 20, 'reshape': FunctionTransformer(func=<function reshape at 0x7f96934342c0>), 'second_scale': RobustScaler(copy=False)}",0.08634615504630694,0.08634615504630694,0.0,1,0.9558524179776359
1,2127.505388736725,0.0,24.243056535720825,0.0,mad_scaling_clipping_trial_time,real_cepstrum,HistGradientBoostingRegressor,0.001,0.05,0.2,63,20,FunctionTransformer(func=<function reshape at 0x7f96934342c0>),RobustScaler(copy=False),"{'first_scale': FunctionTransformer(func=<function mad_scaling_clipping_trial_time at 0x7f96934340e0>), 'frequency': FunctionTransformer(func=<function real_cepstrum at 0x7f96933c7880>), 'model': HistGradientBoostingRegressor(early_stopping=True, max_iter=300,
                              n_iter_no_change=15, random_state=42,
                              scoring=None), 'model__l2_regularization': 0.001, 'model__learning_rate': 0.05, 'model__max_features': 0.2, 'model__max_leaf_nodes': 63, 'model__min_samples_leaf': 20, 'reshape': FunctionTransformer(func=<function reshape at 0x7f96934342c0>), 'second_scale': RobustScaler(copy=False)}",0.01199063306629522,0.01199063306629522,0.0,2,0.993986602995083
0,4743.03236413002,0.0,5.905757427215576,0.0,passthrough,passthrough,HistGradientBoostingRegressor,0.0,0.05,0.05,63,20,FunctionTransformer(func=<function reshape at 0x7f96934342c0>),RobustScaler(copy=False),"{'first_scale': 'passthrough', 'frequency': 'passthrough', 'model': HistGradientBoostingRegressor(early_stopping=True, max_iter=300,
                              n_iter_no_change=15, random_state=42,
                              scoring=None), 'model__l2_regularization': 0.0, 'model__learning_rate': 0.05, 'model__max_features': 0.05, 'model__max_leaf_nodes': 63, 'model__min_samples_leaf': 20, 'reshape': FunctionTransformer(func=<function reshape at 0x7f96934342c0>), 'second_scale': RobustScaler(copy=False)}",0.09515636343276879,0.09515636343276879,0.0,1,0.9512326931761919
1,4413.343201875687,0.0,39.629040002822876,0.0,mad_scaling_clipping_channel_trial,real_cepstrum,HistGradientBoostingRegressor,0.001,0.05,0.05,63,20,FunctionTransformer(func=<function reshape at 0x7f96934342c0>),RobustScaler(copy=False),"{'first_scale': FunctionTransformer(func=<function mad_scaling_clipping_channel_trial at 0x7f9693434040>), 'frequency': FunctionTransformer(func=<function real_cepstrum at 0x7f96933c7880>), 'model': HistGradientBoostingRegressor(early_stopping=True, max_iter=300,
                              n_iter_no_change=15, random_state=42,
                              scoring=None), 'model__l2_regularization': 0.001, 'model__learning_rate': 0.05, 'model__max_features': 0.05, 'model__max_leaf_nodes': 63, 'model__min_samples_leaf': 20, 'reshape': FunctionTransformer(func=<function reshape at 0x7f96934342c0>), 'second_scale': RobustScaler(copy=False)}",0.01145278111509651,0.01145278111509651,0.0,2,0.9942571191019471
0,6287.035444021225,0.0,21.397372007369995,0.0,passthrough,enveloppe,HistGradientBoostingRegressor,0.001,0.1,0.2,63,20,FunctionTransformer(func=<function reshape at 0x7f96934342c0>),passthrough,"{'first_scale': 'passthrough', 'frequency': FunctionTransformer(func=<function enveloppe at 0x7f96933c7740>), 'model': HistGradientBoostingRegressor(early_stopping=True, max_iter=300,
                              n_iter_no_change=15, random_state=42,
                              scoring=None), 'model__l2_regularization': 0.001, 'model__learning_rate': 0.1, 'model__max_features': 0.2, 'model__max_leaf_nodes': 63, 'model__min_samples_leaf': 20, 'reshape': FunctionTransformer(func=<function reshape at 0x7f96934342c0>), 'second_scale': 'passthrough'}",0.07076339759988304,0.07076339759988304,0.0,1,0.9639691916239423
1,1375.4107086658478,0.0,34.791666746139526,0.0,mad_scaling_clipping_trial_time,real_cepstrum,HistGradientBoostingRegressor,0.0,0.1,0.2,63,20,FunctionTransformer(func=<function reshape at 0x7f96934342c0>),passthrough,"{'first_scale': FunctionTransformer(func=<function mad_scaling_clipping_trial_time at 0x7f96934340e0>), 'frequency': FunctionTransformer(func=<function real_cepstrum at 0x7f96933c7880>), 'model': HistGradientBoostingRegressor(early_stopping=True, max_iter=300,
                              n_iter_no_change=15, random_state=42,
                              scoring=None), 'model__l2_regularization': 0.0, 'model__learning_rate': 0.1, 'model__max_features': 0.2, 'model__max_leaf_nodes': 63, 'model__min_samples_leaf': 20, 'reshape': FunctionTransformer(func=<function reshape at 0x7f96934342c0>), 'second_scale': 'passthrough'}",0.0032386976363993902,0.0032386976363993902,0.0,2,0.9983793379089937
0,1523.4621322154999,0.0,14.153890132904053,0.0,passthrough,real_cepstrum,HistGradientBoostingRegressor,0.001,0.1,0.05,31,20,FunctionTransformer(func=<function reshape at 0x7f96934342c0>),RobustScaler(copy=False),"{'first_scale': 'passthrough', 'frequency': FunctionTransformer(func=<function real_cepstrum at 0x7f96933c7880>), 'model': HistGradientBoostingRegressor(early_stopping=True, max_iter=300,
                              n_iter_no_change=15, random_state=42,
                              scoring=None), 'model__l2_regularization': 0.001, 'model__learning_rate': 0.1, 'model__max_features': 0.05, 'model__max_leaf_nodes': 31, 'model__min_samples_leaf': 20, 'reshape': FunctionTransformer(func=<function reshape at 0x7f96934342c0>), 'second_scale': RobustScaler(copy=False)}",0.015398190449664062,0.015398190449664062,0.0,2,0.9922710363355044
1,2517.725209712982,0.0,25.247313976287842,0.0,mad_scaling_clipping_trial_time,passthrough,HistGradientBoostingRegressor,0.0,0.1,0.05,31,20,FunctionTransformer(func=<function reshape at 0x7f96934342c0>),RobustScaler(copy=False),"{'first_scale': FunctionTransformer(func=<function mad_scaling_clipping_trial_time at 0x7f96934340e0>), 'frequency': 'passthrough', 'model': HistGradientBoostingRegressor(early_stopping=True, max_iter=300,
                              n_iter_no_change=15, random_state=42,
                              scoring=None), 'model__l2_regularization': 0.0, 'model__learning_rate': 0.1, 'model__max_features': 0.05, 'model__max_leaf_nodes': 31, 'model__min_samples_leaf': 20, 'reshape': FunctionTransformer(func=<function reshape at 0x7f96934342c0>), 'second_scale': RobustScaler(copy=False)}",0.07973108808695584,0.07973108808695584,0.0,1,0.9593064744454944
0,1879.1860520839691,0.0,5.624475002288818,0.0,passthrough,power_phase,HistGradientBoostingRegressor,0.0,0.1,0.2,63,20,FunctionTransformer(func=<function reshape at 0x7f96934342c0>),RobustScaler(copy=False),"{'first_scale': 'passthrough', 'frequency': FunctionTransformer(func=<function power_phase at 0x7f96933c7ba0>), 'model': HistGradientBoostingRegressor(early_stopping=True, max_iter=300,
                              n_iter_no_change=15, random_state=42,
                              scoring=None), 'model__l2_regularization': 0.0, 'model__learning_rate': 0.1, 'model__max_features': 0.2, 'model__max_leaf_nodes': 63, 'model__min_samples_leaf': 20, 'reshape': FunctionTransformer(func=<function reshape at 0x7f96934342c0>), 'second_scale': RobustScaler(copy=False)}",0.07057640283590838,0.07057640283590838,0.0,1,0.964066178830111
1,2543.6894936561584,0.0,35.27524518966675,0.0,mad_scaling_clipping_channel_trial,complex_cepstrum,HistGradientBoostingRegressor,0.001,0.1,0.2,63,20,FunctionTransformer(func=<function reshape at 0x7f96934342c0>),RobustScaler(copy=False),"{'first_scale': FunctionTransformer(func=<function mad_scaling_clipping_channel_trial at 0x7f9693434040>), 'frequency': FunctionTransformer(func=<function complex_cepstrum at 0x7f96933c77e0>), 'model': HistGradientBoostingRegressor(early_stopping=True, max_iter=300,
                              n_iter_no_change=15, random_state=42,
                              scoring=None), 'model__l2_regularization': 0.001, 'model__learning_rate': 0.1, 'model__max_features': 0.2, 'model__max_leaf_nodes': 63, 'model__min_samples_leaf': 20, 'reshape': FunctionTransformer(func=<function reshape at 0x7f96934342c0>), 'second_scale': RobustScaler(copy=False)}",0.008864078345411808,0.008864078345411808,0.0,2,0.9955580955698107
0,2872.072300195694,0.0,28.8446307182312,0.0,mad_scaling_clipping_channel_trial,passthrough,HistGradientBoostingRegressor,0.0,0.05,0.2,31,20,FunctionTransformer(func=<function reshape at 0x7f96934342c0>),passthrough,"{'first_scale': FunctionTransformer(func=<function mad_scaling_clipping_channel_trial at 0x7f9693434040>), 'frequency': 'passthrough', 'model': HistGradientBoostingRegressor(early_stopping=True, max_iter=300,
                              n_iter_no_change=15, random_state=42,
                              scoring=None), 'model__l2_regularization': 0.0, 'model__learning_rate': 0.05, 'model__max_features': 0.2, 'model__max_leaf_nodes': 31, 'model__min_samples_leaf': 20, 'reshape': FunctionTransformer(func=<function reshape at 0x7f96934342c0>), 'second_scale': 'passthrough'}",0.08662603736498387,0.08662603736498387,0.0,1,0.9557060021968138
1,1970.294058561325,0.0,38.569809675216675,0.0,mad_scaling_clipping_trial_time,real_cepstrum,HistGradientBoostingRegressor,0.001,0.05,0.2,31,20,FunctionTransformer(func=<function reshape at 0x7f96934342c0>),passthrough,"{'first_scale': FunctionTransformer(func=<function mad_scaling_clipping_trial_time at 0x7f96934340e0>), 'frequency': FunctionTransformer(func=<function real_cepstrum at 0x7f96933c7880>), 'model': HistGradientBoostingRegressor(early_stopping=True, max_iter=300,
                              n_iter_no_change=15, random_state=42,
                              scoring=None), 'model__l2_regularization': 0.001, 'model__learning_rate': 0.05, 'model__max_features': 0.2, 'model__max_leaf_nodes': 31, 'model__min_samples_leaf': 20, 'reshape': FunctionTransformer(func=<function reshape at 0x7f96934342c0>), 'second_scale': 'passthrough'}",0.011907465436494458,0.011907465436494458,0.0,2,0.9940284375024215
0,5357.519502162933,0.0,23.365590810775757,0.0,passthrough,enveloppe,HistGradientBoostingRegressor,0.001,0.05,0.05,31,20,FunctionTransformer(func=<function reshape at 0x7f96934342c0>),RobustScaler(copy=False),"{'first_scale': 'passthrough', 'frequency': FunctionTransformer(func=<function enveloppe at 0x7f96933c7740>), 'model': HistGradientBoostingRegressor(early_stopping=True, max_iter=300,
                              n_iter_no_change=15, random_state=42,
                              scoring=None), 'model__l2_regularization': 0.001, 'model__learning_rate': 0.05, 'model__max_features': 0.05, 'model__max_leaf_nodes': 31, 'model__min_samples_leaf': 20, 'reshape': FunctionTransformer(func=<function reshape at 0x7f96934342c0>), 'second_scale': RobustScaler(copy=False)}",0.09461700373471316,0.09461700373471316,0.0,1,0.9515161565970842
1,2401.8202793598175,0.0,35.861934185028076,0.0,mad_scaling_clipping_trial_time,real_cepstrum,HistGradientBoostingRegressor,0.0,0.05,0.05,31,20,FunctionTransformer(func=<function reshape at 0x7f96934342c0>),RobustScaler(copy=False),"{'first_scale': FunctionTransformer(func=<function mad_scaling_clipping_trial_time at 0x7f96934340e0>), 'frequency': FunctionTransformer(func=<function real_cepstrum at 0x7f96933c7880>), 'model': HistGradientBoostingRegressor(early_stopping=True, max_iter=300,
                              n_iter_no_change=15, random_state=42,
                              scoring=None), 'model__l2_regularization': 0.0, 'model__learning_rate': 0.05, 'model__max_features': 0.05, 'model__max_leaf_nodes': 31, 'model__min_samples_leaf': 20, 'reshape': FunctionTransformer(func=<function reshape at 0x7f96934342c0>), 'second_scale': RobustScaler(copy=False)}",0.013177592893230172,0.013177592893230172,0.0,2,0.9933893532280129
0,3756.1321065425873,0.0,32.59006357192993,0.0,mad_scaling_clipping_channel_trial,power_phase,HistGradientBoostingRegressor,0.0,0.05,0.1,63,20,FunctionTransformer(func=<function reshape at 0x7f96934342c0>),RobustScaler(copy=False),"{'first_scale': FunctionTransformer(func=<function mad_scaling_clipping_channel_trial at 0x7f9693434040>), 'frequency': FunctionTransformer(func=<function power_phase at 0x7f96933c7ba0>), 'model': HistGradientBoostingRegressor(early_stopping=True, max_iter=300,
                              n_iter_no_change=15, random_state=42,
                              scoring=None), 'model__l2_regularization': 0.0, 'model__learning_rate': 0.05, 'model__max_features': 0.1, 'model__max_leaf_nodes': 63, 'model__min_samples_leaf': 20, 'reshape': FunctionTransformer(func=<function reshape at 0x7f96934342c0>), 'second_scale': RobustScaler(copy=False)}",0.07325670151356112,0.07325670151356112,0.0,1,0.9626750742002407
1,3753.6862947940826,0.0,44.70000433921814,0.0,mad_scaling_clipping_trial_time,complex_cepstrum,HistGradientBoostingRegressor,0.001,0.05,0.1,63,20,FunctionTransformer(func=<function reshape at 0x7f96934342c0>),RobustScaler(copy=False),"{'first_scale': FunctionTransformer(func=<function mad_scaling_clipping_trial_time at 0x7f96934340e0>), 'frequency': FunctionTransformer(func=<function complex_cepstrum at 0x7f96933c77e0>), 'model': HistGradientBoostingRegressor(early_stopping=True, max_iter=300,
                              n_iter_no_change=15, random_state=42,
                              scoring=None), 'model__l2_regularization': 0.001, 'model__learning_rate': 0.05, 'model__max_features': 0.1, 'model__max_leaf_nodes': 63, 'model__min_samples_leaf': 20, 'reshape': FunctionTransformer(func=<function reshape at 0x7f96934342c0>), 'second_scale': RobustScaler(copy=False)}",0.01405597716764273,0.01405597716764273,0.0,2,0.9929471399990824
0,4353.40517783165,0.0,19.591394662857056,0.0,passthrough,enveloppe,HistGradientBoostingRegressor,0.0,0.1,0.05,63,20,FunctionTransformer(func=<function reshape at 0x7f96934342c0>),passthrough,"{'first_scale': 'passthrough', 'frequency': FunctionTransformer(func=<function enveloppe at 0x7f96933c7740>), 'model': HistGradientBoostingRegressor(early_stopping=True, max_iter=300,
                              n_iter_no_change=15, random_state=42,
                              scoring=None), 'model__l2_regularization': 0.0, 'model__learning_rate': 0.1, 'model__max_features': 0.05, 'model__max_leaf_nodes': 63, 'model__min_samples_leaf': 20, 'reshape': FunctionTransformer(func=<function reshape at 0x7f96934342c0>), 'second_scale': 'passthrough'}",0.07470767919524479,0.07470767919524479,0.0,1,0.9619211614289163
1,2310.9732139110565,0.0,25.10919499397278,0.0,mad_scaling_clipping_trial_time,power_phase,HistGradientBoostingRegressor,0.001,0.1,0.05,63,20,FunctionTransformer(func=<function reshape at 0x7f96934342c0>),passthrough,"{'first_scale': FunctionTransformer(func=<function mad_scaling_clipping_trial_time at 0x7f96934340e0>), 'frequency': FunctionTransformer(func=<function power_phase at 0x7f96933c7ba0>), 'model': HistGradientBoostingRegressor(early_stopping=True, max_iter=300,
                              n_iter_no_change=15, random_state=42,
                              scoring=None), 'model__l2_regularization': 0.001, 'model__learning_rate': 0.1, 'model__max_features': 0.05, 'model__max_leaf_nodes': 63, 'model__min_samples_leaf': 20, 'reshape': FunctionTransformer(func=<function reshape at 0x7f96934342c0>), 'second_scale': 'passthrough'}",0.06910628585448075,0.06910628585448075,0.0,2,0.9648283340291781
0,3148.4900076389313,0.0,22.392695903778076,0.0,passthrough,power_phase,HistGradientBoostingRegressor,0.0,0.05,0.1,31,20,FunctionTransformer(func=<function reshape at 0x7f96934342c0>),passthrough,"{'first_scale': 'passthrough', 'frequency': FunctionTransformer(func=<function power_phase at 0x7f96933c7ba0>), 'model': HistGradientBoostingRegressor(early_stopping=True, max_iter=300,
                              n_iter_no_change=15, random_state=42,
                              scoring=None), 'model__l2_regularization': 0.0, 'model__learning_rate': 0.05, 'model__max_features': 0.1, 'model__max_leaf_nodes': 31, 'model__min_samples_leaf': 20, 'reshape': FunctionTransformer(func=<function reshape at 0x7f96934342c0>), 'second_scale': 'passthrough'}",0.08778595749742535,0.08778595749742535,0.0,1,0.9550989700039335
1,3269.4373342990875,0.0,80.56615257263184,0.0,mad_scaling_clipping_channel_trial,complex_cepstrum,HistGradientBoostingRegressor,0.001,0.05,0.1,31,20,FunctionTransformer(func=<function reshape at 0x7f96934342c0>),passthrough,"{'first_scale': FunctionTransformer(func=<function mad_scaling_clipping_channel_trial at 0x7f9693434040>), 'frequency': FunctionTransformer(func=<function complex_cepstrum at 0x7f96933c77e0>), 'model': HistGradientBoostingRegressor(early_stopping=True, max_iter=300,
                              n_iter_no_change=15, random_state=42,
                              scoring=None), 'model__l2_regularization': 0.001, 'model__learning_rate': 0.05, 'model__max_features': 0.1, 'model__max_leaf_nodes': 31, 'model__min_samples_leaf': 20, 'reshape': FunctionTransformer(func=<function reshape at 0x7f96934342c0>), 'second_scale': 'passthrough'}",0.03346314148649876,0.03346314148649876,0.0,2,0.9831260644055274
0,3578.526346921921,0.0,31.613959550857544,0.0,mad_scaling_clipping_channel_trial,power_phase,HistGradientBoostingRegressor,0.0,0.05,0.05,63,20,FunctionTransformer(func=<function reshape at 0x7f96934342c0>),passthrough,"{'first_scale': FunctionTransformer(func=<function mad_scaling_clipping_channel_trial at 0x7f9693434040>), 'frequency': FunctionTransformer(func=<function power_phase at 0x7f96933c7ba0>), 'model': HistGradientBoostingRegressor(early_stopping=True, max_iter=300,
                              n_iter_no_change=15, random_state=42,
                              scoring=None), 'model__l2_regularization': 0.0, 'model__learning_rate': 0.05, 'model__max_features': 0.05, 'model__max_leaf_nodes': 63, 'model__min_samples_leaf': 20, 'reshape': FunctionTransformer(func=<function reshape at 0x7f96934342c0>), 'second_scale': 'passthrough'}",0.07850180465018763,0.07850180465018763,0.0,1,0.959946975280308
1,3629.3770327568054,0.0,42.85390520095825,0.0,mad_scaling_clipping_trial_time,complex_cepstrum,HistGradientBoostingRegressor,0.001,0.05,0.05,63,20,FunctionTransformer(func=<function reshape at 0x7f96934342c0>),passthrough,"{'first_scale': FunctionTransformer(func=<function mad_scaling_clipping_trial_time at 0x7f96934340e0>), 'frequency': FunctionTransformer(func=<function complex_cepstrum at 0x7f96933c77e0>), 'model': HistGradientBoostingRegressor(early_stopping=True, max_iter=300,
                              n_iter_no_change=15, random_state=42,
                              scoring=None), 'model__l2_regularization': 0.001, 'model__learning_rate': 0.05, 'model__max_features': 0.05, 'model__max_leaf_nodes': 63, 'model__min_samples_leaf': 20, 'reshape': FunctionTransformer(func=<function reshape at 0x7f96934342c0>), 'second_scale': 'passthrough'}",0.015928442223166583,0.015928442223166583,0.0,2,0.9920038093560092
0,10029.1184694767,0.0,58.946062088012695,0.0,passthrough,power_phase,HistGradientBoostingRegressor,0.001,0.05,0.05,63,20,FunctionTransformer(func=<function reshape at 0x7f96934342c0>),RobustScaler(copy=False),"{'first_scale': 'passthrough', 'frequency': FunctionTransformer(func=<function power_phase at 0x7f96933c7ba0>), 'model': HistGradientBoostingRegressor(early_stopping=True, max_iter=300,
                              n_iter_no_change=15, random_state=42,
                              scoring=None), 'model__l2_regularization': 0.001, 'model__learning_rate': 0.05, 'model__max_features': 0.05, 'model__max_leaf_nodes': 63, 'model__min_samples_leaf': 20, 'reshape': FunctionTransformer(func=<function reshape at 0x7f96934342c0>), 'second_scale': RobustScaler(copy=False)}",0.08344369324801049,0.08344369324801049,0.0,1,0.9573694724357935
1,20304.709929943085,0.0,145.939444065094,0.0,mad_scaling_clipping_channel_trial,enveloppe,HistGradientBoostingRegressor,0.0,0.05,0.05,63,20,FunctionTransformer(func=<function reshape at 0x7f96934342c0>),RobustScaler(copy=False),"{'first_scale': FunctionTransformer(func=<function mad_scaling_clipping_channel_trial at 0x7f9693434040>), 'frequency': FunctionTransformer(func=<function enveloppe at 0x7f96933c7740>), 'model': HistGradientBoostingRegressor(early_stopping=True, max_iter=300,
                              n_iter_no_change=15, random_state=42,
                              scoring=None), 'model__l2_regularization': 0.0, 'model__learning_rate': 0.05, 'model__max_features': 0.05, 'model__max_leaf_nodes': 63, 'model__min_samples_leaf': 20, 'reshape': FunctionTransformer(func=<function reshape at 0x7f96934342c0>), 'second_scale': RobustScaler(copy=False)}",0.07315831111923543,0.07315831111923543,0.0,2,0.962726175441784
0,1155.109047651291,0.0,15.55269718170166,0.0,passthrough,complex_cepstrum,HistGradientBoostingRegressor,0.001,0.1,0.2,31,20,FunctionTransformer(func=<function reshape at 0x7f96934342c0>),RobustScaler(copy=False),"{'first_scale': 'passthrough', 'frequency': FunctionTransformer(func=<function complex_cepstrum at 0x7f96933c77e0>), 'model': HistGradientBoostingRegressor(early_stopping=True, max_iter=300,
                              n_iter_no_change=15, random_state=42,
                              scoring=None), 'model__l2_regularization': 0.001, 'model__learning_rate': 0.1, 'model__max_features': 0.2, 'model__max_leaf_nodes': 31, 'model__min_samples_leaf': 20, 'reshape': FunctionTransformer(func=<function reshape at 0x7f96934342c0>), 'second_scale': RobustScaler(copy=False)}",0.03377190188923562,0.03377190188923562,0.0,2,0.9829690219486901
1,1364.2970581054688,0.0,23.553252458572388,0.0,mad_scaling_clipping_trial_time,power_phase,HistGradientBoostingRegressor,0.0,0.1,0.2,31,20,FunctionTransformer(func=<function reshape at 0x7f96934342c0>),RobustScaler(copy=False),"{'first_scale': FunctionTransformer(func=<function mad_scaling_clipping_trial_time at 0x7f96934340e0>), 'frequency': FunctionTransformer(func=<function power_phase at 0x7f96933c7ba0>), 'model': HistGradientBoostingRegressor(early_stopping=True, max_iter=300,
                              n_iter_no_change=15, random_state=42,
                              scoring=None), 'model__l2_regularization': 0.0, 'model__learning_rate': 0.1, 'model__max_features': 0.2, 'model__max_leaf_nodes': 31, 'model__min_samples_leaf': 20, 'reshape': FunctionTransformer(func=<function reshape at 0x7f96934342c0>), 'second_scale': RobustScaler(copy=False)}",0.0851076332699493,0.0851076332699493,0.0,1,0.9565000610193659
0,1768.7435235977173,0.0,30.78216028213501,0.0,mad_scaling_clipping_channel_trial,real_cepstrum,HistGradientBoostingRegressor,0.0,0.1,0.2,63,20,FunctionTransformer(func=<function reshape at 0x7f96934342c0>),passthrough,"{'first_scale': FunctionTransformer(func=<function mad_scaling_clipping_channel_trial at 0x7f9693434040>), 'frequency': FunctionTransformer(func=<function real_cepstrum at 0x7f96933c7880>), 'model': HistGradientBoostingRegressor(early_stopping=True, max_iter=300,
                              n_iter_no_change=15, random_state=42,
                              scoring=None), 'model__l2_regularization': 0.0, 'model__learning_rate': 0.1, 'model__max_features': 0.2, 'model__max_leaf_nodes': 63, 'model__min_samples_leaf': 20, 'reshape': FunctionTransformer(func=<function reshape at 0x7f96934342c0>), 'second_scale': 'passthrough'}",-0.004732157303957374,-0.004732157303957374,0.0,2,1.0023632860914038
1,6540.24893450737,0.0,39.76045370101929,0.0,mad_scaling_clipping_trial_time,enveloppe,HistGradientBoostingRegressor,0.001,0.1,0.2,63,20,FunctionTransformer(func=<function reshape at 0x7f96934342c0>),passthrough,"{'first_scale': FunctionTransformer(func=<function mad_scaling_clipping_trial_time at 0x7f96934340e0>), 'frequency': FunctionTransformer(func=<function enveloppe at 0x7f96933c7740>), 'model': HistGradientBoostingRegressor(early_stopping=True, max_iter=300,
                              n_iter_no_change=15, random_state=42,
                              scoring=None), 'model__l2_regularization': 0.001, 'model__learning_rate': 0.1, 'model__max_features': 0.2, 'model__max_leaf_nodes': 63, 'model__min_samples_leaf': 20, 'reshape': FunctionTransformer(func=<function reshape at 0x7f96934342c0>), 'second_scale': 'passthrough'}",0.06506907223937874,0.06506907223937874,0.0,1,0.9669182632263295
0,3786.4607236385345,0.0,20.07815194129944,0.0,passthrough,enveloppe,HistGradientBoostingRegressor,0.001,0.05,0.1,31,20,FunctionTransformer(func=<function reshape at 0x7f96934342c0>),RobustScaler(copy=False),"{'first_scale': 'passthrough', 'frequency': FunctionTransformer(func=<function enveloppe at 0x7f96933c7740>), 'model': HistGradientBoostingRegressor(early_stopping=True, max_iter=300,
                              n_iter_no_change=15, random_state=42,
                              scoring=None), 'model__l2_regularization': 0.001, 'model__learning_rate': 0.05, 'model__max_features': 0.1, 'model__max_leaf_nodes': 31, 'model__min_samples_leaf': 20, 'reshape': FunctionTransformer(func=<function reshape at 0x7f96934342c0>), 'second_scale': RobustScaler(copy=False)}",0.09232694723716828,0.09232694723716828,0.0,1,0.952718768977935
1,1493.7735707759857,0.0,23.76185965538025,0.0,mad_scaling_clipping_trial_time,real_cepstrum,HistGradientBoostingRegressor,0.0,0.05,0.1,31,20,FunctionTransformer(func=<function reshape at 0x7f96934342c0>),RobustScaler(copy=False),"{'first_scale': FunctionTransformer(func=<function mad_scaling_clipping_trial_time at 0x7f96934340e0>), 'frequency': FunctionTransformer(func=<function real_cepstrum at 0x7f96933c7880>), 'model': HistGradientBoostingRegressor(early_stopping=True, max_iter=300,
                              n_iter_no_change=15, random_state=42,
                              scoring=None), 'model__l2_regularization': 0.0, 'model__learning_rate': 0.05, 'model__max_features': 0.1, 'model__max_leaf_nodes': 31, 'model__min_samples_leaf': 20, 'reshape': FunctionTransformer(func=<function reshape at 0x7f96934342c0>), 'second_scale': RobustScaler(copy=False)}",0.014909605644747637,0.014909605644747637,0.0,2,0.9925172010374693
