,mean_fit_time,std_fit_time,mean_score_time,std_score_time,param_first_scale,param_frequency,param_model,param_model__l2_regularization,param_model__learning_rate,param_model__loss,param_model__max_bins,param_model__max_features,param_model__max_leaf_nodes,param_model__min_samples_leaf,param_reshape,param_second_scale,params,split0_test_score,mean_test_score,std_test_score,rank_test_score,split0_train_score,mean_train_score,std_train_score,param_model__max_depth,nrmse_test,nrmse_train
0,13194.761507511139,0.0,45.824464082717896,0.0,passthrough,power_phase_stft,"HistGradientBoostingRegressor(early_stopping=True, max_iter=2000,
                              n_iter_no_change=20, random_state=42)",0.1,0.05,squared_error,127,0.02,63,400,FunctionTransformer(func=<function reshape at 0x7f58a4c93e20>),passthrough,"{'first_scale': 'passthrough', 'frequency': FunctionTransformer(func=<function power_phase_stft at 0x7f58a4c934c0>), 'model': HistGradientBoostingRegressor(early_stopping=True, max_iter=2000,
                              n_iter_no_change=20, random_state=42), 'model__l2_regularization': 0.1, 'model__learning_rate': 0.05, 'model__loss': 'squared_error', 'model__max_bins': 127, 'model__max_features': 0.02, 'model__max_leaf_nodes': 63, 'model__min_samples_leaf': 400, 'reshape': FunctionTransformer(func=<function reshape at 0x7f58a4c93e20>), 'second_scale': 'passthrough'}",0.07232559235664648,0.07232559235664648,0.0,2,0.813171000357421,0.813171000357421,0.0,,0.963158557893431,0.43223720298301377
1,7007.135210990906,0.0,44.48315954208374,0.0,passthrough,power_phase_stft,"HistGradientBoostingRegressor(early_stopping=True, max_iter=2000,
                              n_iter_no_change=20, random_state=42)",0.1,0.01,squared_error,63,0.01,127,3200,FunctionTransformer(func=<function reshape at 0x7f58a4c93e20>),passthrough,"{'first_scale': 'passthrough', 'frequency': FunctionTransformer(func=<function power_phase_stft at 0x7f58a4c934c0>), 'model': HistGradientBoostingRegressor(early_stopping=True, max_iter=2000,
                              n_iter_no_change=20, random_state=42), 'model__l2_regularization': 0.1, 'model__learning_rate': 0.01, 'model__loss': 'squared_error', 'model__max_bins': 63, 'model__max_features': 0.01, 'model__max_leaf_nodes': 127, 'model__min_samples_leaf': 3200, 'reshape': FunctionTransformer(func=<function reshape at 0x7f58a4c93e20>), 'second_scale': 'passthrough'}",0.0864867889158597,0.0864867889158597,0.0,1,0.20728905742244264,0.20728905742244264,0.0,,0.9557788505110062,0.8903431600105419
0,3242.392553806305,0.0,43.237011194229126,0.0,passthrough,power_phase_stft,"HistGradientBoostingRegressor(early_stopping=True, max_iter=2000,
                              n_iter_no_change=20, random_state=42)",0.0,0.05,squared_error,127,0.02,31,100,FunctionTransformer(func=<function reshape at 0x7f58a4c93e20>),passthrough,"{'first_scale': 'passthrough', 'frequency': FunctionTransformer(func=<function power_phase_stft at 0x7f58a4c934c0>), 'model': HistGradientBoostingRegressor(early_stopping=True, max_iter=2000,
                              n_iter_no_change=20, random_state=42), 'model__l2_regularization': 0.0, 'model__learning_rate': 0.05, 'model__loss': 'squared_error', 'model__max_bins': 127, 'model__max_features': 0.02, 'model__max_leaf_nodes': 31, 'model__min_samples_leaf': 100, 'reshape': FunctionTransformer(func=<function reshape at 0x7f58a4c93e20>), 'second_scale': 'passthrough'}",0.07787082344480412,0.07787082344480412,0.0,1,0.48794013827262195,0.48794013827262195,0.0,,0.960275573236764,0.7155835812309964
1,5448.272269487381,0.0,34.933128118515015,0.0,passthrough,power_phase_stft,"HistGradientBoostingRegressor(early_stopping=True, max_iter=2000,
                              n_iter_no_change=20, random_state=42)",1.0,0.05,squared_error,127,0.05,31,100,FunctionTransformer(func=<function reshape at 0x7f58a4c93e20>),passthrough,"{'first_scale': 'passthrough', 'frequency': FunctionTransformer(func=<function power_phase_stft at 0x7f58a4c934c0>), 'model': HistGradientBoostingRegressor(early_stopping=True, max_iter=2000,
                              n_iter_no_change=20, random_state=42), 'model__l2_regularization': 1.0, 'model__learning_rate': 0.05, 'model__loss': 'squared_error', 'model__max_bins': 127, 'model__max_features': 0.05, 'model__max_leaf_nodes': 31, 'model__min_samples_leaf': 100, 'reshape': FunctionTransformer(func=<function reshape at 0x7f58a4c93e20>), 'second_scale': 'passthrough'}",0.07629865361938015,0.07629865361938015,0.0,2,0.6801881491564503,0.6801881491564503,0.0,,0.9610938280837203,0.5655190985665733
0,4818.631051301956,0.0,24.716176748275757,0.0,passthrough,power_phase_stft,"HistGradientBoostingRegressor(early_stopping=True, max_iter=2000,
                              n_iter_no_change=20, random_state=42)",0.001,0.1,squared_error,127,0.05,127,200,FunctionTransformer(func=<function reshape at 0x7f58a4c93e20>),passthrough,"{'first_scale': 'passthrough', 'frequency': FunctionTransformer(func=<function power_phase_stft at 0x7f58a4c934c0>), 'model': HistGradientBoostingRegressor(early_stopping=True, max_iter=2000,
                              n_iter_no_change=20, random_state=42), 'model__l2_regularization': 0.001, 'model__learning_rate': 0.1, 'model__loss': 'squared_error', 'model__max_bins': 127, 'model__max_features': 0.05, 'model__max_leaf_nodes': 127, 'model__min_samples_leaf': 200, 'reshape': FunctionTransformer(func=<function reshape at 0x7f58a4c93e20>), 'second_scale': 'passthrough'}",0.05048846661008233,0.05048846661008233,0.0,2,0.8764191895192551,0.8764191895192551,0.0,,0.9744288241785121,0.3515406242253445
1,3284.66534948349,0.0,24.926541566848755,0.0,passthrough,power_phase_stft,"HistGradientBoostingRegressor(early_stopping=True, max_iter=2000,
                              n_iter_no_change=20, random_state=42)",0.1,0.02,squared_error,32,0.01,127,200,FunctionTransformer(func=<function reshape at 0x7f58a4c93e20>),passthrough,"{'first_scale': 'passthrough', 'frequency': FunctionTransformer(func=<function power_phase_stft at 0x7f58a4c934c0>), 'model': HistGradientBoostingRegressor(early_stopping=True, max_iter=2000,
                              n_iter_no_change=20, random_state=42), 'model__l2_regularization': 0.1, 'model__learning_rate': 0.02, 'model__loss': 'squared_error', 'model__max_bins': 32, 'model__max_depth': 3, 'model__max_features': 0.01, 'model__max_leaf_nodes': 127, 'model__min_samples_leaf': 200, 'reshape': FunctionTransformer(func=<function reshape at 0x7f58a4c93e20>), 'second_scale': 'passthrough'}",0.08379439583238846,0.08379439583238846,0.0,1,0.20359946926070027,0.20359946926070027,0.0,3.0,0.9571862954344946,0.892412758054982
0,18336.05037045479,0.0,48.99799036979675,0.0,passthrough,power_phase_stft,"HistGradientBoostingRegressor(early_stopping=True, max_iter=2000,
                              n_iter_no_change=20, random_state=42)",0.01,0.05,squared_error,127,0.05,127,100,FunctionTransformer(func=<function reshape at 0x7f58a4c93e20>),passthrough,"{'first_scale': 'passthrough', 'frequency': FunctionTransformer(func=<function power_phase_stft at 0x7f58a4c934c0>), 'model': HistGradientBoostingRegressor(early_stopping=True, max_iter=2000,
                              n_iter_no_change=20, random_state=42), 'model__l2_regularization': 0.01, 'model__learning_rate': 0.05, 'model__loss': 'squared_error', 'model__max_bins': 127, 'model__max_features': 0.05, 'model__max_leaf_nodes': 127, 'model__min_samples_leaf': 100, 'reshape': FunctionTransformer(func=<function reshape at 0x7f58a4c93e20>), 'second_scale': 'passthrough'}",0.0687585383273881,0.0687585383273881,0.0,2,0.8883864429157604,0.8883864429157604,0.0,,0.9650085293263536,0.3340861521886826
1,3907.7156007289886,0.0,47.786778926849365,0.0,passthrough,power_phase_stft,"HistGradientBoostingRegressor(early_stopping=True, max_iter=2000,
                              n_iter_no_change=20, random_state=42)",1.0,0.03,squared_error,63,0.02,127,200,FunctionTransformer(func=<function reshape at 0x7f58a4c93e20>),passthrough,"{'first_scale': 'passthrough', 'frequency': FunctionTransformer(func=<function power_phase_stft at 0x7f58a4c934c0>), 'model': HistGradientBoostingRegressor(early_stopping=True, max_iter=2000,
                              n_iter_no_change=20, random_state=42), 'model__l2_regularization': 1.0, 'model__learning_rate': 0.03, 'model__loss': 'squared_error', 'model__max_bins': 63, 'model__max_depth': 3, 'model__max_features': 0.02, 'model__max_leaf_nodes': 127, 'model__min_samples_leaf': 200, 'reshape': FunctionTransformer(func=<function reshape at 0x7f58a4c93e20>), 'second_scale': 'passthrough'}",0.08532916455184825,0.08532916455184825,0.0,1,0.2443082374707718,0.2443082374707718,0.0,3.0,0.956384250941091,0.8693053333146117
0,2406.253828048706,0.0,39.0115807056427,0.0,passthrough,power_phase_stft,"HistGradientBoostingRegressor(early_stopping=True, max_iter=2000,
                              n_iter_no_change=20, random_state=42)",0.01,0.1,squared_error,127,0.05,31,200,FunctionTransformer(func=<function reshape at 0x7f58a4c93e20>),passthrough,"{'first_scale': 'passthrough', 'frequency': FunctionTransformer(func=<function power_phase_stft at 0x7f58a4c934c0>), 'model': HistGradientBoostingRegressor(early_stopping=True, max_iter=2000,
                              n_iter_no_change=20, random_state=42), 'model__l2_regularization': 0.01, 'model__learning_rate': 0.1, 'model__loss': 'squared_error', 'model__max_bins': 127, 'model__max_features': 0.05, 'model__max_leaf_nodes': 31, 'model__min_samples_leaf': 200, 'reshape': FunctionTransformer(func=<function reshape at 0x7f58a4c93e20>), 'second_scale': 'passthrough'}",0.06715603400976666,0.06715603400976666,0.0,2,0.4843783409771404,0.4843783409771404,0.0,,0.9658384782095987,0.7180680044556084
1,10953.900088071823,0.0,46.27801442146301,0.0,passthrough,power_phase_stft,"HistGradientBoostingRegressor(early_stopping=True, max_iter=2000,
                              n_iter_no_change=20, random_state=42)",5.0,0.01,squared_error,32,0.01,127,200,FunctionTransformer(func=<function reshape at 0x7f58a4c93e20>),passthrough,"{'first_scale': 'passthrough', 'frequency': FunctionTransformer(func=<function power_phase_stft at 0x7f58a4c934c0>), 'model': HistGradientBoostingRegressor(early_stopping=True, max_iter=2000,
                              n_iter_no_change=20, random_state=42), 'model__l2_regularization': 5.0, 'model__learning_rate': 0.01, 'model__loss': 'squared_error', 'model__max_bins': 32, 'model__max_depth': 6, 'model__max_features': 0.01, 'model__max_leaf_nodes': 127, 'model__min_samples_leaf': 200, 'reshape': FunctionTransformer(func=<function reshape at 0x7f58a4c93e20>), 'second_scale': 'passthrough'}",0.0860279902403166,0.0860279902403166,0.0,1,0.39119649789360844,0.39119649789360844,0.0,6.0,0.9560188333708094,0.7802586123243956
0,11914.348377943039,0.0,44.72332835197449,0.0,passthrough,power_phase_stft,"HistGradientBoostingRegressor(early_stopping=True, max_iter=2000,
                              n_iter_no_change=20, random_state=42)",0.1,0.02,squared_error,127,0.05,31,400,FunctionTransformer(func=<function reshape at 0x7f58a4c93e20>),passthrough,"{'first_scale': 'passthrough', 'frequency': FunctionTransformer(func=<function power_phase_stft at 0x7f58a4c934c0>), 'model': HistGradientBoostingRegressor(early_stopping=True, max_iter=2000,
                              n_iter_no_change=20, random_state=42), 'model__l2_regularization': 0.1, 'model__learning_rate': 0.02, 'model__loss': 'squared_error', 'model__max_bins': 127, 'model__max_features': 0.05, 'model__max_leaf_nodes': 31, 'model__min_samples_leaf': 400, 'reshape': FunctionTransformer(func=<function reshape at 0x7f58a4c93e20>), 'second_scale': 'passthrough'}",0.08639801507014633,0.08639801507014633,0.0,1,0.5189908109103656,0.5189908109103656,0.0,,0.955825289961431,0.6935482601013677
1,3875.4954788684845,0.0,41.61108207702637,0.0,passthrough,power_phase_stft,"HistGradientBoostingRegressor(early_stopping=True, max_iter=2000,
                              n_iter_no_change=20, random_state=42)",5.0,0.05,squared_error,63,0.02,127,200,FunctionTransformer(func=<function reshape at 0x7f58a4c93e20>),passthrough,"{'first_scale': 'passthrough', 'frequency': FunctionTransformer(func=<function power_phase_stft at 0x7f58a4c934c0>), 'model': HistGradientBoostingRegressor(early_stopping=True, max_iter=2000,
                              n_iter_no_change=20, random_state=42), 'model__l2_regularization': 5.0, 'model__learning_rate': 0.05, 'model__loss': 'squared_error', 'model__max_bins': 63, 'model__max_depth': 3, 'model__max_features': 0.02, 'model__max_leaf_nodes': 127, 'model__min_samples_leaf': 200, 'reshape': FunctionTransformer(func=<function reshape at 0x7f58a4c93e20>), 'second_scale': 'passthrough'}",0.08171891653675833,0.08171891653675833,0.0,2,0.3208986135483495,0.3208986135483495,0.0,3.0,0.958269838544051,0.8240760804996409
0,14783.61765742302,0.0,63.14777636528015,0.0,passthrough,power_phase_stft,"HistGradientBoostingRegressor(early_stopping=True, max_iter=2000,
                              n_iter_no_change=20, random_state=42)",0.0,0.05,squared_error,127,0.05,127,50,FunctionTransformer(func=<function reshape at 0x7f58a4c93e20>),passthrough,"{'first_scale': 'passthrough', 'frequency': FunctionTransformer(func=<function power_phase_stft at 0x7f58a4c934c0>), 'model': HistGradientBoostingRegressor(early_stopping=True, max_iter=2000,
                              n_iter_no_change=20, random_state=42), 'model__l2_regularization': 0.0, 'model__learning_rate': 0.05, 'model__loss': 'squared_error', 'model__max_bins': 127, 'model__max_features': 0.05, 'model__max_leaf_nodes': 127, 'model__min_samples_leaf': 50, 'reshape': FunctionTransformer(func=<function reshape at 0x7f58a4c93e20>), 'second_scale': 'passthrough'}",0.06962684356905036,0.06962684356905036,0.0,1,0.8670335282337541,0.8670335282337541,0.0,,0.9645585292925203,0.3646456797580987
1,7267.590603590012,0.0,62.14080548286438,0.0,passthrough,power_phase_stft,"HistGradientBoostingRegressor(early_stopping=True, max_iter=2000,
                              n_iter_no_change=20, random_state=42)",1.0,0.1,squared_error,127,0.02,127,50,FunctionTransformer(func=<function reshape at 0x7f58a4c93e20>),passthrough,"{'first_scale': 'passthrough', 'frequency': FunctionTransformer(func=<function power_phase_stft at 0x7f58a4c934c0>), 'model': HistGradientBoostingRegressor(early_stopping=True, max_iter=2000,
                              n_iter_no_change=20, random_state=42), 'model__l2_regularization': 1.0, 'model__learning_rate': 0.1, 'model__loss': 'squared_error', 'model__max_bins': 127, 'model__max_features': 0.02, 'model__max_leaf_nodes': 127, 'model__min_samples_leaf': 50, 'reshape': FunctionTransformer(func=<function reshape at 0x7f58a4c93e20>), 'second_scale': 'passthrough'}",0.04846882905607808,0.04846882905607808,0.0,2,0.8410485747291694,0.8410485747291694,0.0,,0.9754645923578784,0.398687127044291
0,6495.443547010422,0.0,59.57503890991211,0.0,passthrough,power_phase_stft,"HistGradientBoostingRegressor(early_stopping=True, max_iter=2000,
                              n_iter_no_change=20, random_state=42)",0.01,0.1,squared_error,127,0.02,127,200,FunctionTransformer(func=<function reshape at 0x7f58a4c93e20>),passthrough,"{'first_scale': 'passthrough', 'frequency': FunctionTransformer(func=<function power_phase_stft at 0x7f58a4c934c0>), 'model': HistGradientBoostingRegressor(early_stopping=True, max_iter=2000,
                              n_iter_no_change=20, random_state=42), 'model__l2_regularization': 0.01, 'model__learning_rate': 0.1, 'model__loss': 'squared_error', 'model__max_bins': 127, 'model__max_features': 0.02, 'model__max_leaf_nodes': 127, 'model__min_samples_leaf': 200, 'reshape': FunctionTransformer(func=<function reshape at 0x7f58a4c93e20>), 'second_scale': 'passthrough'}",0.052079797823813,0.052079797823813,0.0,1,0.7988775160596641,0.7988775160596641,0.0,,0.9736119361307086,0.44846681475928174
1,6242.01441693306,0.0,60.01598620414734,0.0,passthrough,power_phase_stft,"HistGradientBoostingRegressor(early_stopping=True, max_iter=2000,
                              n_iter_no_change=20, random_state=42)",1.0,0.1,squared_error,32,0.01,127,200,FunctionTransformer(func=<function reshape at 0x7f58a4c93e20>),passthrough,"{'first_scale': 'passthrough', 'frequency': FunctionTransformer(func=<function power_phase_stft at 0x7f58a4c934c0>), 'model': HistGradientBoostingRegressor(early_stopping=True, max_iter=2000,
                              n_iter_no_change=20, random_state=42), 'model__l2_regularization': 1.0, 'model__learning_rate': 0.1, 'model__loss': 'squared_error', 'model__max_bins': 32, 'model__max_depth': 10, 'model__max_features': 0.01, 'model__max_leaf_nodes': 127, 'model__min_samples_leaf': 200, 'reshape': FunctionTransformer(func=<function reshape at 0x7f58a4c93e20>), 'second_scale': 'passthrough'}",0.04765992902934735,0.04765992902934735,0.0,2,0.8198738083129282,0.8198738083129282,0.0,10.0,0.9758791272338253,0.4244127609851897
0,7198.590438127518,0.0,47.239112854003906,0.0,passthrough,power_phase_stft,"HistGradientBoostingRegressor(early_stopping=True, max_iter=2000,
                              n_iter_no_change=20, random_state=42)",0.001,0.05,squared_error,127,0.05,63,50,FunctionTransformer(func=<function reshape at 0x7f58a4c93e20>),passthrough,"{'first_scale': 'passthrough', 'frequency': FunctionTransformer(func=<function power_phase_stft at 0x7f58a4c934c0>), 'model': HistGradientBoostingRegressor(early_stopping=True, max_iter=2000,
                              n_iter_no_change=20, random_state=42), 'model__l2_regularization': 0.001, 'model__learning_rate': 0.05, 'model__loss': 'squared_error', 'model__max_bins': 127, 'model__max_features': 0.05, 'model__max_leaf_nodes': 63, 'model__min_samples_leaf': 50, 'reshape': FunctionTransformer(func=<function reshape at 0x7f58a4c93e20>), 'second_scale': 'passthrough'}",0.0755978970654283,0.0755978970654283,0.0,2,0.7347498831657006,0.7347498831657006,0.0,,0.9614583209555013,0.5150243846987241
1,4226.96110868454,0.0,48.02664756774902,0.0,passthrough,power_phase_stft,"HistGradientBoostingRegressor(early_stopping=True, max_iter=2000,
                              n_iter_no_change=20, random_state=42)",0.05,0.03,squared_error,32,0.02,127,200,FunctionTransformer(func=<function reshape at 0x7f58a4c93e20>),passthrough,"{'first_scale': 'passthrough', 'frequency': FunctionTransformer(func=<function power_phase_stft at 0x7f58a4c934c0>), 'model': HistGradientBoostingRegressor(early_stopping=True, max_iter=2000,
                              n_iter_no_change=20, random_state=42), 'model__l2_regularization': 0.05, 'model__learning_rate': 0.03, 'model__loss': 'squared_error', 'model__max_bins': 32, 'model__max_depth': 3, 'model__max_features': 0.02, 'model__max_leaf_nodes': 127, 'model__min_samples_leaf': 200, 'reshape': FunctionTransformer(func=<function reshape at 0x7f58a4c93e20>), 'second_scale': 'passthrough'}",0.08617096808988822,0.08617096808988822,0.0,1,0.2445020094963315,0.2445020094963315,0.0,3.0,0.9559440527092116,0.8691938739450874
0,5994.0013201236725,0.0,47.21360421180725,0.0,passthrough,power_phase_stft,"HistGradientBoostingRegressor(early_stopping=True, max_iter=2000,
                              n_iter_no_change=20, random_state=42)",0.1,0.1,squared_error,127,0.05,63,800,FunctionTransformer(func=<function reshape at 0x7f58a4c93e20>),passthrough,"{'first_scale': 'passthrough', 'frequency': FunctionTransformer(func=<function power_phase_stft at 0x7f58a4c934c0>), 'model': HistGradientBoostingRegressor(early_stopping=True, max_iter=2000,
                              n_iter_no_change=20, random_state=42), 'model__l2_regularization': 0.1, 'model__learning_rate': 0.1, 'model__loss': 'squared_error', 'model__max_bins': 127, 'model__max_features': 0.05, 'model__max_leaf_nodes': 63, 'model__min_samples_leaf': 800, 'reshape': FunctionTransformer(func=<function reshape at 0x7f58a4c93e20>), 'second_scale': 'passthrough'}",0.053378747896618894,0.053378747896618894,0.0,2,0.800987579287511,0.800987579287511,0.0,,0.9729446295156683,0.44610808187309164
1,4863.083567619324,0.0,44.624507427215576,0.0,passthrough,power_phase_stft,"HistGradientBoostingRegressor(early_stopping=True, max_iter=2000,
                              n_iter_no_change=20, random_state=42)",5.0,0.01,squared_error,63,0.01,127,6400,FunctionTransformer(func=<function reshape at 0x7f58a4c93e20>),passthrough,"{'first_scale': 'passthrough', 'frequency': FunctionTransformer(func=<function power_phase_stft at 0x7f58a4c934c0>), 'model': HistGradientBoostingRegressor(early_stopping=True, max_iter=2000,
                              n_iter_no_change=20, random_state=42), 'model__l2_regularization': 5.0, 'model__learning_rate': 0.01, 'model__loss': 'squared_error', 'model__max_bins': 63, 'model__max_features': 0.01, 'model__max_leaf_nodes': 127, 'model__min_samples_leaf': 6400, 'reshape': FunctionTransformer(func=<function reshape at 0x7f58a4c93e20>), 'second_scale': 'passthrough'}",0.07962273418557198,0.07962273418557198,0.0,1,0.14721945411405635,0.14721945411405635,0.0,,0.9593629479057589,0.9234611772489105
0,2876.697111606598,0.0,35.03298878669739,0.0,passthrough,power_phase_stft,"HistGradientBoostingRegressor(early_stopping=True, max_iter=2000,
                              n_iter_no_change=20, random_state=42)",0.1,0.1,squared_error,127,0.05,31,200,FunctionTransformer(func=<function reshape at 0x7f58a4c93e20>),passthrough,"{'first_scale': 'passthrough', 'frequency': FunctionTransformer(func=<function power_phase_stft at 0x7f58a4c934c0>), 'model': HistGradientBoostingRegressor(early_stopping=True, max_iter=2000,
                              n_iter_no_change=20, random_state=42), 'model__l2_regularization': 0.1, 'model__learning_rate': 0.1, 'model__loss': 'squared_error', 'model__max_bins': 127, 'model__max_features': 0.05, 'model__max_leaf_nodes': 31, 'model__min_samples_leaf': 200, 'reshape': FunctionTransformer(func=<function reshape at 0x7f58a4c93e20>), 'second_scale': 'passthrough'}",0.06327869263814456,0.06327869263814456,0.0,2,0.5483469997802568,0.5483469997802568,0.0,,0.9678436378681504,0.6720513374882482
1,10549.10731124878,0.0,51.903372287750244,0.0,passthrough,power_phase_stft,"HistGradientBoostingRegressor(early_stopping=True, max_iter=2000,
                              n_iter_no_change=20, random_state=42)",5.0,0.01,squared_error,63,0.01,63,1600,FunctionTransformer(func=<function reshape at 0x7f58a4c93e20>),passthrough,"{'first_scale': 'passthrough', 'frequency': FunctionTransformer(func=<function power_phase_stft at 0x7f58a4c934c0>), 'model': HistGradientBoostingRegressor(early_stopping=True, max_iter=2000,
                              n_iter_no_change=20, random_state=42), 'model__l2_regularization': 5.0, 'model__learning_rate': 0.01, 'model__loss': 'squared_error', 'model__max_bins': 63, 'model__max_features': 0.01, 'model__max_leaf_nodes': 63, 'model__min_samples_leaf': 1600, 'reshape': FunctionTransformer(func=<function reshape at 0x7f58a4c93e20>), 'second_scale': 'passthrough'}",0.08807462923982656,0.08807462923982656,0.0,1,0.3055085951169927,0.3055085951169927,0.0,,0.9549478366697175,0.8333615091201461
0,6144.241936206818,0.0,31.738962173461914,0.0,passthrough,power_phase_stft,"HistGradientBoostingRegressor(early_stopping=True, max_iter=2000,
                              n_iter_no_change=20, random_state=42)",0.0,0.05,squared_error,127,0.02,63,200,FunctionTransformer(func=<function reshape at 0x7f58a4c93e20>),passthrough,"{'first_scale': 'passthrough', 'frequency': FunctionTransformer(func=<function power_phase_stft at 0x7f58a4c934c0>), 'model': HistGradientBoostingRegressor(early_stopping=True, max_iter=2000,
                              n_iter_no_change=20, random_state=42), 'model__l2_regularization': 0.0, 'model__learning_rate': 0.05, 'model__loss': 'squared_error', 'model__max_bins': 127, 'model__max_features': 0.02, 'model__max_leaf_nodes': 63, 'model__min_samples_leaf': 200, 'reshape': FunctionTransformer(func=<function reshape at 0x7f58a4c93e20>), 'second_scale': 'passthrough'}",0.07537573781289086,0.07537573781289086,0.0,1,0.7363807249429957,0.7363807249429957,0.0,,0.9615738464554395,0.5134386770170362
1,5288.339760541916,0.0,32.53413367271423,0.0,passthrough,power_phase_stft,"HistGradientBoostingRegressor(early_stopping=True, max_iter=2000,
                              n_iter_no_change=20, random_state=42)",1.0,0.05,squared_error,127,0.05,63,200,FunctionTransformer(func=<function reshape at 0x7f58a4c93e20>),passthrough,"{'first_scale': 'passthrough', 'frequency': FunctionTransformer(func=<function power_phase_stft at 0x7f58a4c934c0>), 'model': HistGradientBoostingRegressor(early_stopping=True, max_iter=2000,
                              n_iter_no_change=20, random_state=42), 'model__l2_regularization': 1.0, 'model__learning_rate': 0.05, 'model__loss': 'squared_error', 'model__max_bins': 127, 'model__max_features': 0.05, 'model__max_leaf_nodes': 63, 'model__min_samples_leaf': 200, 'reshape': FunctionTransformer(func=<function reshape at 0x7f58a4c93e20>), 'second_scale': 'passthrough'}",0.07263133152676593,0.07263133152676593,0.0,2,0.7119036931889479,0.7119036931889479,0.0,,0.9629998278677074,0.5367460356733453
0,1719.8029391765594,0.0,36.87576961517334,0.0,passthrough,power_phase_stft,"HistGradientBoostingRegressor(early_stopping=True, max_iter=2000,
                              n_iter_no_change=20, random_state=42)",0.0,0.1,squared_error,127,0.02,31,100,FunctionTransformer(func=<function reshape at 0x7f58a4c93e20>),passthrough,"{'first_scale': 'passthrough', 'frequency': FunctionTransformer(func=<function power_phase_stft at 0x7f58a4c934c0>), 'model': HistGradientBoostingRegressor(early_stopping=True, max_iter=2000,
                              n_iter_no_change=20, random_state=42), 'model__l2_regularization': 0.0, 'model__learning_rate': 0.1, 'model__loss': 'squared_error', 'model__max_bins': 127, 'model__max_features': 0.02, 'model__max_leaf_nodes': 31, 'model__min_samples_leaf': 100, 'reshape': FunctionTransformer(func=<function reshape at 0x7f58a4c93e20>), 'second_scale': 'passthrough'}",0.06644654357498614,0.06644654357498614,0.0,1,0.4314495279362899,0.4314495279362899,0.0,,0.9662057008862108,0.7540228591121825
1,1993.573723077774,0.0,34.73843431472778,0.0,passthrough,power_phase_stft,"HistGradientBoostingRegressor(early_stopping=True, max_iter=2000,
                              n_iter_no_change=20, random_state=42)",1.0,0.1,squared_error,127,0.05,31,100,FunctionTransformer(func=<function reshape at 0x7f58a4c93e20>),passthrough,"{'first_scale': 'passthrough', 'frequency': FunctionTransformer(func=<function power_phase_stft at 0x7f58a4c934c0>), 'model': HistGradientBoostingRegressor(early_stopping=True, max_iter=2000,
                              n_iter_no_change=20, random_state=42), 'model__l2_regularization': 1.0, 'model__learning_rate': 0.1, 'model__loss': 'squared_error', 'model__max_bins': 127, 'model__max_features': 0.05, 'model__max_leaf_nodes': 31, 'model__min_samples_leaf': 100, 'reshape': FunctionTransformer(func=<function reshape at 0x7f58a4c93e20>), 'second_scale': 'passthrough'}",0.0662469776284248,0.0662469776284248,0.0,2,0.5070827683253674,0.5070827683253674,0.0,,0.9663089683799769,0.7020806447087348
0,3454.0902853012085,0.0,35.296608209609985,0.0,passthrough,power_phase_stft,"HistGradientBoostingRegressor(early_stopping=True, max_iter=2000,
                              n_iter_no_change=20, random_state=42)",0.1,0.1,squared_error,127,0.05,255,800,FunctionTransformer(func=<function reshape at 0x7f58a4c93e20>),passthrough,"{'first_scale': 'passthrough', 'frequency': FunctionTransformer(func=<function power_phase_stft at 0x7f58a4c934c0>), 'model': HistGradientBoostingRegressor(early_stopping=True, max_iter=2000,
                              n_iter_no_change=20, random_state=42), 'model__l2_regularization': 0.1, 'model__learning_rate': 0.1, 'model__loss': 'squared_error', 'model__max_bins': 127, 'model__max_features': 0.05, 'model__max_leaf_nodes': 255, 'model__min_samples_leaf': 800, 'reshape': FunctionTransformer(func=<function reshape at 0x7f58a4c93e20>), 'second_scale': 'passthrough'}",0.057990345594531645,0.057990345594531645,0.0,2,0.7281798601599029,0.7281798601599029,0.0,,0.9705718182625479,0.5213637308445008
1,3787.336465358734,0.0,34.02155113220215,0.0,passthrough,power_phase_stft,"HistGradientBoostingRegressor(early_stopping=True, max_iter=2000,
                              n_iter_no_change=20, random_state=42)",5.0,0.02,squared_error,63,0.01,127,6400,FunctionTransformer(func=<function reshape at 0x7f58a4c93e20>),passthrough,"{'first_scale': 'passthrough', 'frequency': FunctionTransformer(func=<function power_phase_stft at 0x7f58a4c934c0>), 'model': HistGradientBoostingRegressor(early_stopping=True, max_iter=2000,
                              n_iter_no_change=20, random_state=42), 'model__l2_regularization': 5.0, 'model__learning_rate': 0.02, 'model__loss': 'squared_error', 'model__max_bins': 63, 'model__max_features': 0.01, 'model__max_leaf_nodes': 127, 'model__min_samples_leaf': 6400, 'reshape': FunctionTransformer(func=<function reshape at 0x7f58a4c93e20>), 'second_scale': 'passthrough'}",0.08756800092775108,0.08756800092775108,0.0,1,0.20075048938960816,0.20075048938960816,0.0,,0.9552130647516547,0.8940075562378608
0,12205.096911668777,0.0,35.10096025466919,0.0,passthrough,power_phase_stft,"HistGradientBoostingRegressor(early_stopping=True, max_iter=2000,
                              n_iter_no_change=20, random_state=42)",0.01,0.02,squared_error,127,0.02,63,100,FunctionTransformer(func=<function reshape at 0x7f58a4c93e20>),passthrough,"{'first_scale': 'passthrough', 'frequency': FunctionTransformer(func=<function power_phase_stft at 0x7f58a4c934c0>), 'model': HistGradientBoostingRegressor(early_stopping=True, max_iter=2000,
                              n_iter_no_change=20, random_state=42), 'model__l2_regularization': 0.01, 'model__learning_rate': 0.02, 'model__loss': 'squared_error', 'model__max_bins': 127, 'model__max_features': 0.02, 'model__max_leaf_nodes': 63, 'model__min_samples_leaf': 100, 'reshape': FunctionTransformer(func=<function reshape at 0x7f58a4c93e20>), 'second_scale': 'passthrough'}",0.08575506233062513,0.08575506233062513,0.0,1,0.697546816938615,0.697546816938615,0.0,,0.9561615646266979,0.5499574374998351
1,7082.133774518967,0.0,32.793182611465454,0.0,passthrough,power_phase_stft,"HistGradientBoostingRegressor(early_stopping=True, max_iter=2000,
                              n_iter_no_change=20, random_state=42)",0.1,0.03,squared_error,32,0.01,127,200,FunctionTransformer(func=<function reshape at 0x7f58a4c93e20>),passthrough,"{'first_scale': 'passthrough', 'frequency': FunctionTransformer(func=<function power_phase_stft at 0x7f58a4c934c0>), 'model': HistGradientBoostingRegressor(early_stopping=True, max_iter=2000,
                              n_iter_no_change=20, random_state=42), 'model__l2_regularization': 0.1, 'model__learning_rate': 0.03, 'model__loss': 'squared_error', 'model__max_bins': 32, 'model__max_depth': 6, 'model__max_features': 0.01, 'model__max_leaf_nodes': 127, 'model__min_samples_leaf': 200, 'reshape': FunctionTransformer(func=<function reshape at 0x7f58a4c93e20>), 'second_scale': 'passthrough'}",0.08171310365859596,0.08171310365859596,0.0,2,0.6245788877675846,0.6245788877675846,0.0,6.0,0.9582728715462021,0.6127161759186837
0,2573.60542178154,0.0,38.04572534561157,0.0,passthrough,power_phase_stft,"HistGradientBoostingRegressor(early_stopping=True, max_iter=2000,
                              n_iter_no_change=20, random_state=42)",0.0,0.1,squared_error,127,0.02,63,50,FunctionTransformer(func=<function reshape at 0x7f58a4c93e20>),passthrough,"{'first_scale': 'passthrough', 'frequency': FunctionTransformer(func=<function power_phase_stft at 0x7f58a4c934c0>), 'model': HistGradientBoostingRegressor(early_stopping=True, max_iter=2000,
                              n_iter_no_change=20, random_state=42), 'model__l2_regularization': 0.0, 'model__learning_rate': 0.1, 'model__loss': 'squared_error', 'model__max_bins': 127, 'model__max_features': 0.02, 'model__max_leaf_nodes': 63, 'model__min_samples_leaf': 50, 'reshape': FunctionTransformer(func=<function reshape at 0x7f58a4c93e20>), 'second_scale': 'passthrough'}",0.05609849363851649,0.05609849363851649,0.0,1,0.6476018126725787,0.6476018126725787,0.0,,0.9715459363105192,0.593631356421998
1,3104.823437690735,0.0,39.128058433532715,0.0,passthrough,power_phase_stft,"HistGradientBoostingRegressor(early_stopping=True, max_iter=2000,
                              n_iter_no_change=20, random_state=42)",1.0,0.1,squared_error,127,0.05,63,50,FunctionTransformer(func=<function reshape at 0x7f58a4c93e20>),passthrough,"{'first_scale': 'passthrough', 'frequency': FunctionTransformer(func=<function power_phase_stft at 0x7f58a4c934c0>), 'model': HistGradientBoostingRegressor(early_stopping=True, max_iter=2000,
                              n_iter_no_change=20, random_state=42), 'model__l2_regularization': 1.0, 'model__learning_rate': 0.1, 'model__loss': 'squared_error', 'model__max_bins': 127, 'model__max_features': 0.05, 'model__max_leaf_nodes': 63, 'model__min_samples_leaf': 50, 'reshape': FunctionTransformer(func=<function reshape at 0x7f58a4c93e20>), 'second_scale': 'passthrough'}",0.05215537714342111,0.05215537714342111,0.0,2,0.7217454445325409,0.7217454445325409,0.0,,0.9735731214739748,0.5274983938055727
0,3953.069414615631,0.0,39.791181564331055,0.0,passthrough,power_phase_stft,"HistGradientBoostingRegressor(early_stopping=True, max_iter=2000,
                              n_iter_no_change=20, random_state=42)",0.1,0.05,squared_error,127,0.05,31,200,FunctionTransformer(func=<function reshape at 0x7f58a4c93e20>),passthrough,"{'first_scale': 'passthrough', 'frequency': FunctionTransformer(func=<function power_phase_stft at 0x7f58a4c934c0>), 'model': HistGradientBoostingRegressor(early_stopping=True, max_iter=2000,
                              n_iter_no_change=20, random_state=42), 'model__l2_regularization': 0.1, 'model__learning_rate': 0.05, 'model__loss': 'squared_error', 'model__max_bins': 127, 'model__max_features': 0.05, 'model__max_leaf_nodes': 31, 'model__min_samples_leaf': 200, 'reshape': FunctionTransformer(func=<function reshape at 0x7f58a4c93e20>), 'second_scale': 'passthrough'}",0.08040595606662726,0.08040595606662726,0.0,2,0.4903926571164525,0.4903926571164525,0.0,,0.9589546620843827,0.7138678749485422
1,9477.359461545944,0.0,44.692749977111816,0.0,passthrough,power_phase_stft,"HistGradientBoostingRegressor(early_stopping=True, max_iter=2000,
                              n_iter_no_change=20, random_state=42)",0.5,0.01,squared_error,63,0.01,63,1600,FunctionTransformer(func=<function reshape at 0x7f58a4c93e20>),passthrough,"{'first_scale': 'passthrough', 'frequency': FunctionTransformer(func=<function power_phase_stft at 0x7f58a4c934c0>), 'model': HistGradientBoostingRegressor(early_stopping=True, max_iter=2000,
                              n_iter_no_change=20, random_state=42), 'model__l2_regularization': 0.5, 'model__learning_rate': 0.01, 'model__loss': 'squared_error', 'model__max_bins': 63, 'model__max_features': 0.01, 'model__max_leaf_nodes': 63, 'model__min_samples_leaf': 1600, 'reshape': FunctionTransformer(func=<function reshape at 0x7f58a4c93e20>), 'second_scale': 'passthrough'}",0.08957457119773238,0.08957457119773238,0.0,1,0.30559080250387227,0.30559080250387227,0.0,,0.9541621606426591,0.8333121848959895
0,12271.543985128403,0.0,51.33847761154175,0.0,passthrough,power_phase_stft,"HistGradientBoostingRegressor(early_stopping=True, max_iter=2000,
                              n_iter_no_change=20, random_state=42)",0.001,0.02,squared_error,127,0.05,31,400,FunctionTransformer(func=<function reshape at 0x7f58a4c93e20>),passthrough,"{'first_scale': 'passthrough', 'frequency': FunctionTransformer(func=<function power_phase_stft at 0x7f58a4c934c0>), 'model': HistGradientBoostingRegressor(early_stopping=True, max_iter=2000,
                              n_iter_no_change=20, random_state=42), 'model__l2_regularization': 0.001, 'model__learning_rate': 0.02, 'model__loss': 'squared_error', 'model__max_bins': 127, 'model__max_features': 0.05, 'model__max_leaf_nodes': 31, 'model__min_samples_leaf': 400, 'reshape': FunctionTransformer(func=<function reshape at 0x7f58a4c93e20>), 'second_scale': 'passthrough'}",0.08823813564319205,0.08823813564319205,0.0,1,0.518545382620802,0.518545382620802,0.0,,0.9548622227090189,0.6938693085727298
1,4466.883122444153,0.0,47.02348732948303,0.0,passthrough,power_phase_stft,"HistGradientBoostingRegressor(early_stopping=True, max_iter=2000,
                              n_iter_no_change=20, random_state=42)",0.01,0.05,squared_error,63,0.02,127,200,FunctionTransformer(func=<function reshape at 0x7f58a4c93e20>),passthrough,"{'first_scale': 'passthrough', 'frequency': FunctionTransformer(func=<function power_phase_stft at 0x7f58a4c934c0>), 'model': HistGradientBoostingRegressor(early_stopping=True, max_iter=2000,
                              n_iter_no_change=20, random_state=42), 'model__l2_regularization': 0.01, 'model__learning_rate': 0.05, 'model__loss': 'squared_error', 'model__max_bins': 63, 'model__max_depth': 3, 'model__max_features': 0.02, 'model__max_leaf_nodes': 127, 'model__min_samples_leaf': 200, 'reshape': FunctionTransformer(func=<function reshape at 0x7f58a4c93e20>), 'second_scale': 'passthrough'}",0.08315974353615774,0.08315974353615774,0.0,2,0.3353920868859883,0.3353920868859883,0.0,3.0,0.9575177577798974,0.8152348821744637
0,8949.77209353447,0.0,37.31008315086365,0.0,passthrough,power_phase_stft,"HistGradientBoostingRegressor(early_stopping=True, max_iter=2000,
                              n_iter_no_change=20, random_state=42)",1.0,0.02,squared_error,127,0.02,31,400,FunctionTransformer(func=<function reshape at 0x7f58a4c93e20>),passthrough,"{'first_scale': 'passthrough', 'frequency': FunctionTransformer(func=<function power_phase_stft at 0x7f58a4c934c0>), 'model': HistGradientBoostingRegressor(early_stopping=True, max_iter=2000,
                              n_iter_no_change=20, random_state=42), 'model__l2_regularization': 1.0, 'model__learning_rate': 0.02, 'model__loss': 'squared_error', 'model__max_bins': 127, 'model__max_features': 0.02, 'model__max_leaf_nodes': 31, 'model__min_samples_leaf': 400, 'reshape': FunctionTransformer(func=<function reshape at 0x7f58a4c93e20>), 'second_scale': 'passthrough'}",0.0877740435522466,0.0877740435522466,0.0,1,0.49536620748631843,0.49536620748631843,0.0,,0.9551052070048375,0.7103758107605309
1,5433.810071229935,0.0,36.767632246017456,0.0,passthrough,power_phase_stft,"HistGradientBoostingRegressor(early_stopping=True, max_iter=2000,
                              n_iter_no_change=20, random_state=42)",10.0,0.01,squared_error,63,0.01,63,3200,FunctionTransformer(func=<function reshape at 0x7f58a4c93e20>),passthrough,"{'first_scale': 'passthrough', 'frequency': FunctionTransformer(func=<function power_phase_stft at 0x7f58a4c934c0>), 'model': HistGradientBoostingRegressor(early_stopping=True, max_iter=2000,
                              n_iter_no_change=20, random_state=42), 'model__l2_regularization': 10.0, 'model__learning_rate': 0.01, 'model__loss': 'squared_error', 'model__max_bins': 63, 'model__max_features': 0.01, 'model__max_leaf_nodes': 63, 'model__min_samples_leaf': 3200, 'reshape': FunctionTransformer(func=<function reshape at 0x7f58a4c93e20>), 'second_scale': 'passthrough'}",0.08567783380712835,0.08567783380712835,0.0,2,0.2068814707521629,0.2068814707521629,0.0,,0.956201948436036,0.8905720236161908
0,2687.8811893463135,0.0,55.88902807235718,0.0,passthrough,power_phase_stft,"HistGradientBoostingRegressor(early_stopping=True, max_iter=2000,
                              n_iter_no_change=20, random_state=42)",0.01,0.1,squared_error,127,0.05,31,100,FunctionTransformer(func=<function reshape at 0x7f58a4c93e20>),passthrough,"{'first_scale': 'passthrough', 'frequency': FunctionTransformer(func=<function power_phase_stft at 0x7f58a4c934c0>), 'model': HistGradientBoostingRegressor(early_stopping=True, max_iter=2000,
                              n_iter_no_change=20, random_state=42), 'model__l2_regularization': 0.01, 'model__learning_rate': 0.1, 'model__loss': 'squared_error', 'model__max_bins': 127, 'model__max_features': 0.05, 'model__max_leaf_nodes': 31, 'model__min_samples_leaf': 100, 'reshape': FunctionTransformer(func=<function reshape at 0x7f58a4c93e20>), 'second_scale': 'passthrough'}",0.06924932197545142,0.06924932197545142,0.0,2,0.4883040752686981,0.4883040752686981,0.0,,0.9647542060154745,0.7153292421894284
1,5944.282249927521,0.0,58.554282903671265,0.0,passthrough,power_phase_stft,"HistGradientBoostingRegressor(early_stopping=True, max_iter=2000,
                              n_iter_no_change=20, random_state=42)",5.0,0.01,squared_error,32,0.02,127,200,FunctionTransformer(func=<function reshape at 0x7f58a4c93e20>),passthrough,"{'first_scale': 'passthrough', 'frequency': FunctionTransformer(func=<function power_phase_stft at 0x7f58a4c934c0>), 'model': HistGradientBoostingRegressor(early_stopping=True, max_iter=2000,
                              n_iter_no_change=20, random_state=42), 'model__l2_regularization': 5.0, 'model__learning_rate': 0.01, 'model__loss': 'squared_error', 'model__max_bins': 32, 'model__max_depth': 3, 'model__max_features': 0.02, 'model__max_leaf_nodes': 127, 'model__min_samples_leaf': 200, 'reshape': FunctionTransformer(func=<function reshape at 0x7f58a4c93e20>), 'second_scale': 'passthrough'}",0.07927268995434433,0.07927268995434433,0.0,1,0.15298083526611717,0.15298083526611717,0.0,3.0,0.9595453663301469,0.920336441055054
0,4060.942714691162,0.0,42.65622568130493,0.0,passthrough,power_phase_stft,"HistGradientBoostingRegressor(early_stopping=True, max_iter=2000,
                              n_iter_no_change=20, random_state=42)",0.01,0.1,squared_error,127,0.05,63,400,FunctionTransformer(func=<function reshape at 0x7f58a4c93e20>),passthrough,"{'first_scale': 'passthrough', 'frequency': FunctionTransformer(func=<function power_phase_stft at 0x7f58a4c934c0>), 'model': HistGradientBoostingRegressor(early_stopping=True, max_iter=2000,
                              n_iter_no_change=20, random_state=42), 'model__l2_regularization': 0.01, 'model__learning_rate': 0.1, 'model__loss': 'squared_error', 'model__max_bins': 127, 'model__max_features': 0.05, 'model__max_leaf_nodes': 63, 'model__min_samples_leaf': 400, 'reshape': FunctionTransformer(func=<function reshape at 0x7f58a4c93e20>), 'second_scale': 'passthrough'}",0.056516264418083995,0.056516264418083995,0.0,2,0.6792723131521274,0.6792723131521274,0.0,,0.9713309094134275,0.5663282500881204
1,11031.075599193573,0.0,53.08366656303406,0.0,passthrough,power_phase_stft,"HistGradientBoostingRegressor(early_stopping=True, max_iter=2000,
                              n_iter_no_change=20, random_state=42)",5.0,0.01,squared_error,63,0.01,127,200,FunctionTransformer(func=<function reshape at 0x7f58a4c93e20>),passthrough,"{'first_scale': 'passthrough', 'frequency': FunctionTransformer(func=<function power_phase_stft at 0x7f58a4c934c0>), 'model': HistGradientBoostingRegressor(early_stopping=True, max_iter=2000,
                              n_iter_no_change=20, random_state=42), 'model__l2_regularization': 5.0, 'model__learning_rate': 0.01, 'model__loss': 'squared_error', 'model__max_bins': 63, 'model__max_depth': 6, 'model__max_features': 0.01, 'model__max_leaf_nodes': 127, 'model__min_samples_leaf': 200, 'reshape': FunctionTransformer(func=<function reshape at 0x7f58a4c93e20>), 'second_scale': 'passthrough'}",0.08656828448392351,0.08656828448392351,0.0,1,0.3909353134164619,0.3909353134164619,0.0,6.0,0.9557362164928546,0.7804259648317309
0,8449.748016357422,0.0,33.2653386592865,0.0,passthrough,power_phase_stft,"HistGradientBoostingRegressor(early_stopping=True, max_iter=2000,
                              n_iter_no_change=20, random_state=42)",0.01,0.02,squared_error,127,0.02,31,200,FunctionTransformer(func=<function reshape at 0x7f58a4c93e20>),passthrough,"{'first_scale': 'passthrough', 'frequency': FunctionTransformer(func=<function power_phase_stft at 0x7f58a4c934c0>), 'model': HistGradientBoostingRegressor(early_stopping=True, max_iter=2000,
                              n_iter_no_change=20, random_state=42), 'model__l2_regularization': 0.01, 'model__learning_rate': 0.02, 'model__loss': 'squared_error', 'model__max_bins': 127, 'model__max_features': 0.02, 'model__max_leaf_nodes': 31, 'model__min_samples_leaf': 200, 'reshape': FunctionTransformer(func=<function reshape at 0x7f58a4c93e20>), 'second_scale': 'passthrough'}",0.08719167011185125,0.08719167011185125,0.0,1,0.5048683396232629,0.5048683396232629,0.0,,0.9554100323359331,0.7036559247080473
1,16357.385324001312,0.0,35.060242652893066,0.0,passthrough,power_phase_stft,"HistGradientBoostingRegressor(early_stopping=True, max_iter=2000,
                              n_iter_no_change=20, random_state=42)",0.1,0.02,squared_error,63,0.01,127,200,FunctionTransformer(func=<function reshape at 0x7f58a4c93e20>),passthrough,"{'first_scale': 'passthrough', 'frequency': FunctionTransformer(func=<function power_phase_stft at 0x7f58a4c934c0>), 'model': HistGradientBoostingRegressor(early_stopping=True, max_iter=2000,
                              n_iter_no_change=20, random_state=42), 'model__l2_regularization': 0.1, 'model__learning_rate': 0.02, 'model__loss': 'squared_error', 'model__max_bins': 63, 'model__max_depth': 10, 'model__max_features': 0.01, 'model__max_leaf_nodes': 127, 'model__min_samples_leaf': 200, 'reshape': FunctionTransformer(func=<function reshape at 0x7f58a4c93e20>), 'second_scale': 'passthrough'}",0.08411813217647124,0.08411813217647124,0.0,2,0.8141422118592142,0.8141422118592142,0.0,10.0,0.9570171721675264,0.43111226860388213
0,12369.241344690323,0.0,34.27795219421387,0.0,passthrough,power_phase_stft,"HistGradientBoostingRegressor(early_stopping=True, max_iter=2000,
                              n_iter_no_change=20, random_state=42)",0.01,0.02,squared_error,127,0.02,63,200,FunctionTransformer(func=<function reshape at 0x7f58a4c93e20>),passthrough,"{'first_scale': 'passthrough', 'frequency': FunctionTransformer(func=<function power_phase_stft at 0x7f58a4c934c0>), 'model': HistGradientBoostingRegressor(early_stopping=True, max_iter=2000,
                              n_iter_no_change=20, random_state=42), 'model__l2_regularization': 0.01, 'model__learning_rate': 0.02, 'model__loss': 'squared_error', 'model__max_bins': 127, 'model__max_features': 0.02, 'model__max_leaf_nodes': 63, 'model__min_samples_leaf': 200, 'reshape': FunctionTransformer(func=<function reshape at 0x7f58a4c93e20>), 'second_scale': 'passthrough'}",0.08639762029262099,0.08639762029262099,0.0,1,0.70266876048933,0.70266876048933,0.0,,0.95582549647275,0.545280881299418
1,6521.258966684341,0.0,31.92317843437195,0.0,passthrough,power_phase_stft,"HistGradientBoostingRegressor(early_stopping=True, max_iter=2000,
                              n_iter_no_change=20, random_state=42)",0.1,0.03,squared_error,32,0.02,127,200,FunctionTransformer(func=<function reshape at 0x7f58a4c93e20>),passthrough,"{'first_scale': 'passthrough', 'frequency': FunctionTransformer(func=<function power_phase_stft at 0x7f58a4c934c0>), 'model': HistGradientBoostingRegressor(early_stopping=True, max_iter=2000,
                              n_iter_no_change=20, random_state=42), 'model__l2_regularization': 0.1, 'model__learning_rate': 0.03, 'model__loss': 'squared_error', 'model__max_bins': 32, 'model__max_depth': 6, 'model__max_features': 0.02, 'model__max_leaf_nodes': 127, 'model__min_samples_leaf': 200, 'reshape': FunctionTransformer(func=<function reshape at 0x7f58a4c93e20>), 'second_scale': 'passthrough'}",0.08240490471485684,0.08240490471485684,0.0,2,0.666669007379428,0.666669007379428,0.0,6.0,0.957911841082019,0.5773482420693528
0,5658.368846654892,0.0,49.682621479034424,0.0,passthrough,power_phase_stft,"HistGradientBoostingRegressor(early_stopping=True, max_iter=2000,
                              n_iter_no_change=20, random_state=42)",0.1,0.1,squared_error,127,0.05,63,400,FunctionTransformer(func=<function reshape at 0x7f58a4c93e20>),passthrough,"{'first_scale': 'passthrough', 'frequency': FunctionTransformer(func=<function power_phase_stft at 0x7f58a4c934c0>), 'model': HistGradientBoostingRegressor(early_stopping=True, max_iter=2000,
                              n_iter_no_change=20, random_state=42), 'model__l2_regularization': 0.1, 'model__learning_rate': 0.1, 'model__loss': 'squared_error', 'model__max_bins': 127, 'model__max_features': 0.05, 'model__max_leaf_nodes': 63, 'model__min_samples_leaf': 400, 'reshape': FunctionTransformer(func=<function reshape at 0x7f58a4c93e20>), 'second_scale': 'passthrough'}",0.0559594271672772,0.0559594271672772,0.0,2,0.7686133287728746,0.7686133287728746,0.0,,0.9716175033585608,0.4810266845270909
1,6330.969787359238,0.0,49.377673387527466,0.0,passthrough,power_phase_stft,"HistGradientBoostingRegressor(early_stopping=True, max_iter=2000,
                              n_iter_no_change=20, random_state=42)",5.0,0.01,squared_error,63,0.01,127,3200,FunctionTransformer(func=<function reshape at 0x7f58a4c93e20>),passthrough,"{'first_scale': 'passthrough', 'frequency': FunctionTransformer(func=<function power_phase_stft at 0x7f58a4c934c0>), 'model': HistGradientBoostingRegressor(early_stopping=True, max_iter=2000,
                              n_iter_no_change=20, random_state=42), 'model__l2_regularization': 5.0, 'model__learning_rate': 0.01, 'model__loss': 'squared_error', 'model__max_bins': 63, 'model__max_features': 0.01, 'model__max_leaf_nodes': 127, 'model__min_samples_leaf': 3200, 'reshape': FunctionTransformer(func=<function reshape at 0x7f58a4c93e20>), 'second_scale': 'passthrough'}",0.0859479423630074,0.0859479423630074,0.0,1,0.20743293468298274,0.20743293468298274,0.0,,0.9560606976740507,0.8902623575761346
0,17422.84793806076,0.0,48.512661933898926,0.0,passthrough,power_phase_stft,"HistGradientBoostingRegressor(early_stopping=True, max_iter=2000,
                              n_iter_no_change=20, random_state=42)",0.001,0.05,squared_error,127,0.02,127,400,FunctionTransformer(func=<function reshape at 0x7f58a4c93e20>),passthrough,"{'first_scale': 'passthrough', 'frequency': FunctionTransformer(func=<function power_phase_stft at 0x7f58a4c934c0>), 'model': HistGradientBoostingRegressor(early_stopping=True, max_iter=2000,
                              n_iter_no_change=20, random_state=42), 'model__l2_regularization': 0.001, 'model__learning_rate': 0.05, 'model__loss': 'squared_error', 'model__max_bins': 127, 'model__max_features': 0.02, 'model__max_leaf_nodes': 127, 'model__min_samples_leaf': 400, 'reshape': FunctionTransformer(func=<function reshape at 0x7f58a4c93e20>), 'second_scale': 'passthrough'}",0.07273836472066153,0.07273836472066153,0.0,2,0.8799919507992842,0.8799919507992842,0.0,,0.962944253463999,0.34642177933945756
1,4445.766958236694,0.0,43.535574197769165,0.0,passthrough,power_phase_stft,"HistGradientBoostingRegressor(early_stopping=True, max_iter=2000,
                              n_iter_no_change=20, random_state=42)",0.05,0.02,squared_error,32,0.02,127,200,FunctionTransformer(func=<function reshape at 0x7f58a4c93e20>),passthrough,"{'first_scale': 'passthrough', 'frequency': FunctionTransformer(func=<function power_phase_stft at 0x7f58a4c934c0>), 'model': HistGradientBoostingRegressor(early_stopping=True, max_iter=2000,
                              n_iter_no_change=20, random_state=42), 'model__l2_regularization': 0.05, 'model__learning_rate': 0.02, 'model__loss': 'squared_error', 'model__max_bins': 32, 'model__max_depth': 3, 'model__max_features': 0.02, 'model__max_leaf_nodes': 127, 'model__min_samples_leaf': 200, 'reshape': FunctionTransformer(func=<function reshape at 0x7f58a4c93e20>), 'second_scale': 'passthrough'}",0.08513108934901958,0.08513108934901958,0.0,1,0.21087951977830022,0.21087951977830022,0.0,3.0,0.9564877995306477,0.8883245354158016
0,12575.101781606674,0.0,64.56253504753113,0.0,passthrough,power_phase_stft,"HistGradientBoostingRegressor(early_stopping=True, max_iter=2000,
                              n_iter_no_change=20, random_state=42)",0.0,0.05,squared_error,127,0.05,63,800,FunctionTransformer(func=<function reshape at 0x7f58a4c93e20>),passthrough,"{'first_scale': 'passthrough', 'frequency': FunctionTransformer(func=<function power_phase_stft at 0x7f58a4c934c0>), 'model': HistGradientBoostingRegressor(early_stopping=True, max_iter=2000,
                              n_iter_no_change=20, random_state=42), 'model__l2_regularization': 0.0, 'model__learning_rate': 0.05, 'model__loss': 'squared_error', 'model__max_bins': 127, 'model__max_features': 0.05, 'model__max_leaf_nodes': 63, 'model__min_samples_leaf': 800, 'reshape': FunctionTransformer(func=<function reshape at 0x7f58a4c93e20>), 'second_scale': 'passthrough'}",0.07204115195626914,0.07204115195626914,0.0,1,0.7878331118640672,0.7878331118640672,0.0,,0.9633062067918647,0.4606157706113988
1,6188.350792884827,0.0,59.667502641677856,0.0,passthrough,power_phase_stft,"HistGradientBoostingRegressor(early_stopping=True, max_iter=2000,
                              n_iter_no_change=20, random_state=42)",1.0,0.1,squared_error,127,0.02,63,800,FunctionTransformer(func=<function reshape at 0x7f58a4c93e20>),passthrough,"{'first_scale': 'passthrough', 'frequency': FunctionTransformer(func=<function power_phase_stft at 0x7f58a4c934c0>), 'model': HistGradientBoostingRegressor(early_stopping=True, max_iter=2000,
                              n_iter_no_change=20, random_state=42), 'model__l2_regularization': 1.0, 'model__learning_rate': 0.1, 'model__loss': 'squared_error', 'model__max_bins': 127, 'model__max_features': 0.02, 'model__max_leaf_nodes': 63, 'model__min_samples_leaf': 800, 'reshape': FunctionTransformer(func=<function reshape at 0x7f58a4c93e20>), 'second_scale': 'passthrough'}",0.0573290836744661,0.0573290836744661,0.0,2,0.7460604672559119,0.7460604672559119,0.0,,0.970912414343093,0.5039241339170888
0,9284.041142225266,0.0,37.86225247383118,0.0,passthrough,power_phase_stft,"HistGradientBoostingRegressor(early_stopping=True, max_iter=2000,
                              n_iter_no_change=20, random_state=42)",0.1,0.1,squared_error,127,0.02,255,400,FunctionTransformer(func=<function reshape at 0x7f58a4c93e20>),passthrough,"{'first_scale': 'passthrough', 'frequency': FunctionTransformer(func=<function power_phase_stft at 0x7f58a4c934c0>), 'model': HistGradientBoostingRegressor(early_stopping=True, max_iter=2000,
                              n_iter_no_change=20, random_state=42), 'model__l2_regularization': 0.1, 'model__learning_rate': 0.1, 'model__loss': 'squared_error', 'model__max_bins': 127, 'model__max_features': 0.02, 'model__max_leaf_nodes': 255, 'model__min_samples_leaf': 400, 'reshape': FunctionTransformer(func=<function reshape at 0x7f58a4c93e20>), 'second_scale': 'passthrough'}",0.047314511419560334,0.047314511419560334,0.0,2,0.8811432291556159,0.8811432291556159,0.0,,0.9760560888496315,0.34475610341861107
1,6624.677757740021,0.0,43.209914445877075,0.0,passthrough,power_phase_stft,"HistGradientBoostingRegressor(early_stopping=True, max_iter=2000,
                              n_iter_no_change=20, random_state=42)",1.0,0.02,squared_error,63,0.01,127,3200,FunctionTransformer(func=<function reshape at 0x7f58a4c93e20>),passthrough,"{'first_scale': 'passthrough', 'frequency': FunctionTransformer(func=<function power_phase_stft at 0x7f58a4c934c0>), 'model': HistGradientBoostingRegressor(early_stopping=True, max_iter=2000,
                              n_iter_no_change=20, random_state=42), 'model__l2_regularization': 1.0, 'model__learning_rate': 0.02, 'model__loss': 'squared_error', 'model__max_bins': 63, 'model__max_features': 0.01, 'model__max_leaf_nodes': 127, 'model__min_samples_leaf': 3200, 'reshape': FunctionTransformer(func=<function reshape at 0x7f58a4c93e20>), 'second_scale': 'passthrough'}",0.09022850453834586,0.09022850453834586,0.0,1,0.3000163284391606,0.3000163284391606,0.0,,0.953819424976056,0.8366502683683544
0,10065.001390457153,0.0,40.66481566429138,0.0,passthrough,power_phase_stft,"HistGradientBoostingRegressor(early_stopping=True, max_iter=2000,
                              n_iter_no_change=20, random_state=42)",0.001,0.1,squared_error,127,0.05,255,50,FunctionTransformer(func=<function reshape at 0x7f58a4c93e20>),passthrough,"{'first_scale': 'passthrough', 'frequency': FunctionTransformer(func=<function power_phase_stft at 0x7f58a4c934c0>), 'model': HistGradientBoostingRegressor(early_stopping=True, max_iter=2000,
                              n_iter_no_change=20, random_state=42), 'model__l2_regularization': 0.001, 'model__learning_rate': 0.1, 'model__loss': 'squared_error', 'model__max_bins': 127, 'model__max_features': 0.05, 'model__max_leaf_nodes': 255, 'model__min_samples_leaf': 50, 'reshape': FunctionTransformer(func=<function reshape at 0x7f58a4c93e20>), 'second_scale': 'passthrough'}",0.04146648013000476,0.04146648013000476,0.0,2,0.9110659180353539,0.9110659180353539,0.0,,0.9790472510915882,0.2982181784610827
1,9861.119695186615,0.0,46.71788573265076,0.0,passthrough,power_phase_stft,"HistGradientBoostingRegressor(early_stopping=True, max_iter=2000,
                              n_iter_no_change=20, random_state=42)",0.1,0.02,squared_error,32,0.02,127,200,FunctionTransformer(func=<function reshape at 0x7f58a4c93e20>),passthrough,"{'first_scale': 'passthrough', 'frequency': FunctionTransformer(func=<function power_phase_stft at 0x7f58a4c934c0>), 'model': HistGradientBoostingRegressor(early_stopping=True, max_iter=2000,
                              n_iter_no_change=20, random_state=42), 'model__l2_regularization': 0.1, 'model__learning_rate': 0.02, 'model__loss': 'squared_error', 'model__max_bins': 32, 'model__max_depth': 6, 'model__max_features': 0.02, 'model__max_leaf_nodes': 127, 'model__min_samples_leaf': 200, 'reshape': FunctionTransformer(func=<function reshape at 0x7f58a4c93e20>), 'second_scale': 'passthrough'}",0.08631855313411785,0.08631855313411785,0.0,1,0.567331881195992,0.567331881195992,0.0,6.0,0.9558668562440493,0.6577751278393005
0,6928.258778095245,0.0,35.56135535240173,0.0,passthrough,power_phase_stft,"HistGradientBoostingRegressor(early_stopping=True, max_iter=2000,
                              n_iter_no_change=20, random_state=42)",0.0,0.02,squared_error,127,0.02,31,50,FunctionTransformer(func=<function reshape at 0x7f58a4c93e20>),passthrough,"{'first_scale': 'passthrough', 'frequency': FunctionTransformer(func=<function power_phase_stft at 0x7f58a4c934c0>), 'model': HistGradientBoostingRegressor(early_stopping=True, max_iter=2000,
                              n_iter_no_change=20, random_state=42), 'model__l2_regularization': 0.0, 'model__learning_rate': 0.02, 'model__loss': 'squared_error', 'model__max_bins': 127, 'model__max_features': 0.02, 'model__max_leaf_nodes': 31, 'model__min_samples_leaf': 50, 'reshape': FunctionTransformer(func=<function reshape at 0x7f58a4c93e20>), 'second_scale': 'passthrough'}",0.08474544893184455,0.08474544893184455,0.0,2,0.5204491296180936,0.5204491296180936,0.0,,0.9566893702075693,0.6924961157883172
1,6513.492385149002,0.0,35.06157851219177,0.0,passthrough,power_phase_stft,"HistGradientBoostingRegressor(early_stopping=True, max_iter=2000,
                              n_iter_no_change=20, random_state=42)",1.0,0.02,squared_error,127,0.05,31,50,FunctionTransformer(func=<function reshape at 0x7f58a4c93e20>),passthrough,"{'first_scale': 'passthrough', 'frequency': FunctionTransformer(func=<function power_phase_stft at 0x7f58a4c934c0>), 'model': HistGradientBoostingRegressor(early_stopping=True, max_iter=2000,
                              n_iter_no_change=20, random_state=42), 'model__l2_regularization': 1.0, 'model__learning_rate': 0.02, 'model__loss': 'squared_error', 'model__max_bins': 127, 'model__max_features': 0.05, 'model__max_leaf_nodes': 31, 'model__min_samples_leaf': 50, 'reshape': FunctionTransformer(func=<function reshape at 0x7f58a4c93e20>), 'second_scale': 'passthrough'}",0.08530330368279615,0.08530330368279615,0.0,1,0.5232722245940072,0.5232722245940072,0.0,,0.9563977709704283,0.6904547598546865
0,5743.827646970749,0.0,40.20636963844299,0.0,passthrough,power_phase_stft,"HistGradientBoostingRegressor(early_stopping=True, max_iter=2000,
                              n_iter_no_change=20, random_state=42)",0.01,0.1,squared_error,127,0.05,127,400,FunctionTransformer(func=<function reshape at 0x7f58a4c93e20>),passthrough,"{'first_scale': 'passthrough', 'frequency': FunctionTransformer(func=<function power_phase_stft at 0x7f58a4c934c0>), 'model': HistGradientBoostingRegressor(early_stopping=True, max_iter=2000,
                              n_iter_no_change=20, random_state=42), 'model__l2_regularization': 0.01, 'model__learning_rate': 0.1, 'model__loss': 'squared_error', 'model__max_bins': 127, 'model__max_features': 0.05, 'model__max_leaf_nodes': 127, 'model__min_samples_leaf': 400, 'reshape': FunctionTransformer(func=<function reshape at 0x7f58a4c93e20>), 'second_scale': 'passthrough'}",0.05090322769832811,0.05090322769832811,0.0,2,0.8240413798000812,0.8240413798000812,0.0,,0.9742159782623522,0.41947421875476304
1,4407.630881547928,0.0,41.98368573188782,0.0,passthrough,power_phase_stft,"HistGradientBoostingRegressor(early_stopping=True, max_iter=2000,
                              n_iter_no_change=20, random_state=42)",5.0,0.02,squared_error,32,0.02,127,200,FunctionTransformer(func=<function reshape at 0x7f58a4c93e20>),passthrough,"{'first_scale': 'passthrough', 'frequency': FunctionTransformer(func=<function power_phase_stft at 0x7f58a4c934c0>), 'model': HistGradientBoostingRegressor(early_stopping=True, max_iter=2000,
                              n_iter_no_change=20, random_state=42), 'model__l2_regularization': 5.0, 'model__learning_rate': 0.02, 'model__loss': 'squared_error', 'model__max_bins': 32, 'model__max_depth': 3, 'model__max_features': 0.02, 'model__max_leaf_nodes': 127, 'model__min_samples_leaf': 200, 'reshape': FunctionTransformer(func=<function reshape at 0x7f58a4c93e20>), 'second_scale': 'passthrough'}",0.08482196366659456,0.08482196366659456,0.0,1,0.21069645966108907,0.21069645966108907,0.0,3.0,0.956649380041301,0.8884275661745931
0,8348.620614051819,0.0,35.481510162353516,0.0,passthrough,power_phase_stft,"HistGradientBoostingRegressor(early_stopping=True, max_iter=2000,
                              n_iter_no_change=20, random_state=42)",0.1,0.1,squared_error,127,0.02,127,400,FunctionTransformer(func=<function reshape at 0x7f58a4c93e20>),passthrough,"{'first_scale': 'passthrough', 'frequency': FunctionTransformer(func=<function power_phase_stft at 0x7f58a4c934c0>), 'model': HistGradientBoostingRegressor(early_stopping=True, max_iter=2000,
                              n_iter_no_change=20, random_state=42), 'model__l2_regularization': 0.1, 'model__learning_rate': 0.1, 'model__loss': 'squared_error', 'model__max_bins': 127, 'model__max_features': 0.02, 'model__max_leaf_nodes': 127, 'model__min_samples_leaf': 400, 'reshape': FunctionTransformer(func=<function reshape at 0x7f58a4c93e20>), 'second_scale': 'passthrough'}",0.0460160566526554,0.0460160566526554,0.0,2,0.848856880447096,0.848856880447096,0.0,,0.9767210161286306,0.388771294661661
1,7061.0011212825775,0.0,41.83951449394226,0.0,passthrough,power_phase_stft,"HistGradientBoostingRegressor(early_stopping=True, max_iter=2000,
                              n_iter_no_change=20, random_state=42)",1.0,0.02,squared_error,63,0.01,63,3200,FunctionTransformer(func=<function reshape at 0x7f58a4c93e20>),passthrough,"{'first_scale': 'passthrough', 'frequency': FunctionTransformer(func=<function power_phase_stft at 0x7f58a4c934c0>), 'model': HistGradientBoostingRegressor(early_stopping=True, max_iter=2000,
                              n_iter_no_change=20, random_state=42), 'model__l2_regularization': 1.0, 'model__learning_rate': 0.02, 'model__loss': 'squared_error', 'model__max_bins': 63, 'model__max_features': 0.01, 'model__max_leaf_nodes': 63, 'model__min_samples_leaf': 3200, 'reshape': FunctionTransformer(func=<function reshape at 0x7f58a4c93e20>), 'second_scale': 'passthrough'}",0.09022850453834586,0.09022850453834586,0.0,1,0.3000163284391606,0.3000163284391606,0.0,,0.953819424976056,0.8366502683683544
0,9679.305359363556,0.0,42.474732637405396,0.0,passthrough,power_phase_stft,"HistGradientBoostingRegressor(early_stopping=True, max_iter=2000,
                              n_iter_no_change=20, random_state=42)",0.0,0.05,squared_error,127,0.05,63,100,FunctionTransformer(func=<function reshape at 0x7f58a4c93e20>),passthrough,"{'first_scale': 'passthrough', 'frequency': FunctionTransformer(func=<function power_phase_stft at 0x7f58a4c934c0>), 'model': HistGradientBoostingRegressor(early_stopping=True, max_iter=2000,
                              n_iter_no_change=20, random_state=42), 'model__l2_regularization': 0.0, 'model__learning_rate': 0.05, 'model__loss': 'squared_error', 'model__max_bins': 127, 'model__max_features': 0.05, 'model__max_leaf_nodes': 63, 'model__min_samples_leaf': 100, 'reshape': FunctionTransformer(func=<function reshape at 0x7f58a4c93e20>), 'second_scale': 'passthrough'}",0.07488524041330413,0.07488524041330413,0.0,1,0.8106963664643121,0.8106963664643121,0.0,,0.9618288619014798,0.4350903739864718
1,3140.106575012207,0.0,38.890689849853516,0.0,passthrough,power_phase_stft,"HistGradientBoostingRegressor(early_stopping=True, max_iter=2000,
                              n_iter_no_change=20, random_state=42)",1.0,0.1,squared_error,127,0.02,63,100,FunctionTransformer(func=<function reshape at 0x7f58a4c93e20>),passthrough,"{'first_scale': 'passthrough', 'frequency': FunctionTransformer(func=<function power_phase_stft at 0x7f58a4c934c0>), 'model': HistGradientBoostingRegressor(early_stopping=True, max_iter=2000,
                              n_iter_no_change=20, random_state=42), 'model__l2_regularization': 1.0, 'model__learning_rate': 0.1, 'model__loss': 'squared_error', 'model__max_bins': 127, 'model__max_features': 0.02, 'model__max_leaf_nodes': 63, 'model__min_samples_leaf': 100, 'reshape': FunctionTransformer(func=<function reshape at 0x7f58a4c93e20>), 'second_scale': 'passthrough'}",0.06154338293327488,0.06154338293327488,0.0,2,0.6328852453357643,0.6328852453357643,0.0,,0.9687397055281285,0.6058999543358917
0,5806.718621253967,0.0,40.16033601760864,0.0,passthrough,power_phase_stft,"HistGradientBoostingRegressor(early_stopping=True, max_iter=2000,
                              n_iter_no_change=20, random_state=42)",0.0,0.05,squared_error,127,0.05,63,200,FunctionTransformer(func=<function reshape at 0x7f58a4c93e20>),passthrough,"{'first_scale': 'passthrough', 'frequency': FunctionTransformer(func=<function power_phase_stft at 0x7f58a4c934c0>), 'model': HistGradientBoostingRegressor(early_stopping=True, max_iter=2000,
                              n_iter_no_change=20, random_state=42), 'model__l2_regularization': 0.0, 'model__learning_rate': 0.05, 'model__loss': 'squared_error', 'model__max_bins': 127, 'model__max_features': 0.05, 'model__max_leaf_nodes': 63, 'model__min_samples_leaf': 200, 'reshape': FunctionTransformer(func=<function reshape at 0x7f58a4c93e20>), 'second_scale': 'passthrough'}",0.07733002799673927,0.07733002799673927,0.0,1,0.6329136805900709,0.6329136805900709,0.0,,0.9605571154300304,0.605876488576615
1,4878.848999500275,0.0,39.5450963973999,0.0,passthrough,power_phase_stft,"HistGradientBoostingRegressor(early_stopping=True, max_iter=2000,
                              n_iter_no_change=20, random_state=42)",1.0,0.1,squared_error,127,0.02,63,200,FunctionTransformer(func=<function reshape at 0x7f58a4c93e20>),passthrough,"{'first_scale': 'passthrough', 'frequency': FunctionTransformer(func=<function power_phase_stft at 0x7f58a4c934c0>), 'model': HistGradientBoostingRegressor(early_stopping=True, max_iter=2000,
                              n_iter_no_change=20, random_state=42), 'model__l2_regularization': 1.0, 'model__learning_rate': 0.1, 'model__loss': 'squared_error', 'model__max_bins': 127, 'model__max_features': 0.02, 'model__max_leaf_nodes': 63, 'model__min_samples_leaf': 200, 'reshape': FunctionTransformer(func=<function reshape at 0x7f58a4c93e20>), 'second_scale': 'passthrough'}",0.05490411604164813,0.05490411604164813,0.0,2,0.7390926714973547,0.7390926714973547,0.0,,0.9721604208968558,0.5107908852971491
0,6257.518307209015,0.0,40.999347448349,0.0,passthrough,power_phase_stft,"HistGradientBoostingRegressor(early_stopping=True, max_iter=2000,
                              n_iter_no_change=20, random_state=42)",0.1,0.05,squared_error,127,0.05,255,800,FunctionTransformer(func=<function reshape at 0x7f58a4c93e20>),passthrough,"{'first_scale': 'passthrough', 'frequency': FunctionTransformer(func=<function power_phase_stft at 0x7f58a4c934c0>), 'model': HistGradientBoostingRegressor(early_stopping=True, max_iter=2000,
                              n_iter_no_change=20, random_state=42), 'model__l2_regularization': 0.1, 'model__learning_rate': 0.05, 'model__loss': 'squared_error', 'model__max_bins': 127, 'model__max_features': 0.05, 'model__max_leaf_nodes': 255, 'model__min_samples_leaf': 800, 'reshape': FunctionTransformer(func=<function reshape at 0x7f58a4c93e20>), 'second_scale': 'passthrough'}",0.07578696529313456,0.07578696529313456,0.0,2,0.6788032922997007,0.6788032922997007,0.0,,0.9613599922541324,0.5667421880364115
1,4777.415902137756,0.0,44.57719945907593,0.0,passthrough,power_phase_stft,"HistGradientBoostingRegressor(early_stopping=True, max_iter=2000,
                              n_iter_no_change=20, random_state=42)",0.5,0.02,squared_error,63,0.01,127,6400,FunctionTransformer(func=<function reshape at 0x7f58a4c93e20>),passthrough,"{'first_scale': 'passthrough', 'frequency': FunctionTransformer(func=<function power_phase_stft at 0x7f58a4c934c0>), 'model': HistGradientBoostingRegressor(early_stopping=True, max_iter=2000,
                              n_iter_no_change=20, random_state=42), 'model__l2_regularization': 0.5, 'model__learning_rate': 0.02, 'model__loss': 'squared_error', 'model__max_bins': 63, 'model__max_features': 0.01, 'model__max_leaf_nodes': 127, 'model__min_samples_leaf': 6400, 'reshape': FunctionTransformer(func=<function reshape at 0x7f58a4c93e20>), 'second_scale': 'passthrough'}",0.08746116823641237,0.08746116823641237,0.0,1,0.1995001619028488,0.1995001619028488,0.0,,0.9552689839849233,0.8947065653593648
0,19312.204164266586,0.0,45.034855365753174,0.0,passthrough,power_phase_stft,"HistGradientBoostingRegressor(early_stopping=True, max_iter=2000,
                              n_iter_no_change=20, random_state=42)",0.001,0.05,squared_error,127,0.05,255,100,FunctionTransformer(func=<function reshape at 0x7f58a4c93e20>),passthrough,"{'first_scale': 'passthrough', 'frequency': FunctionTransformer(func=<function power_phase_stft at 0x7f58a4c934c0>), 'model': HistGradientBoostingRegressor(early_stopping=True, max_iter=2000,
                              n_iter_no_change=20, random_state=42), 'model__l2_regularization': 0.001, 'model__learning_rate': 0.05, 'model__loss': 'squared_error', 'model__max_bins': 127, 'model__max_features': 0.05, 'model__max_leaf_nodes': 255, 'model__min_samples_leaf': 100, 'reshape': FunctionTransformer(func=<function reshape at 0x7f58a4c93e20>), 'second_scale': 'passthrough'}",0.06430211960795273,0.06430211960795273,0.0,2,0.9113667146981254,0.9113667146981254,0.0,,0.9673147783384927,0.2977134281517625
1,2869.8684849739075,0.0,39.568503856658936,0.0,passthrough,power_phase_stft,"HistGradientBoostingRegressor(early_stopping=True, max_iter=2000,
                              n_iter_no_change=20, random_state=42)",0.05,0.05,squared_error,32,0.01,127,200,FunctionTransformer(func=<function reshape at 0x7f58a4c93e20>),passthrough,"{'first_scale': 'passthrough', 'frequency': FunctionTransformer(func=<function power_phase_stft at 0x7f58a4c934c0>), 'model': HistGradientBoostingRegressor(early_stopping=True, max_iter=2000,
                              n_iter_no_change=20, random_state=42), 'model__l2_regularization': 0.05, 'model__learning_rate': 0.05, 'model__loss': 'squared_error', 'model__max_bins': 32, 'model__max_depth': 3, 'model__max_features': 0.01, 'model__max_leaf_nodes': 127, 'model__min_samples_leaf': 200, 'reshape': FunctionTransformer(func=<function reshape at 0x7f58a4c93e20>), 'second_scale': 'passthrough'}",0.08393511052020453,0.08393511052020453,0.0,1,0.24848071411206207,0.24848071411206207,0.0,3.0,0.9571127882751309,0.8669021201311817
0,7058.099015712738,0.0,43.18049907684326,0.0,passthrough,power_phase_stft,"HistGradientBoostingRegressor(early_stopping=True, max_iter=2000,
                              n_iter_no_change=20, random_state=42)",0.001,0.05,squared_error,127,0.05,63,200,FunctionTransformer(func=<function reshape at 0x7f58a4c93e20>),passthrough,"{'first_scale': 'passthrough', 'frequency': FunctionTransformer(func=<function power_phase_stft at 0x7f58a4c934c0>), 'model': HistGradientBoostingRegressor(early_stopping=True, max_iter=2000,
                              n_iter_no_change=20, random_state=42), 'model__l2_regularization': 0.001, 'model__learning_rate': 0.05, 'model__loss': 'squared_error', 'model__max_bins': 127, 'model__max_features': 0.05, 'model__max_leaf_nodes': 63, 'model__min_samples_leaf': 200, 'reshape': FunctionTransformer(func=<function reshape at 0x7f58a4c93e20>), 'second_scale': 'passthrough'}",0.07733008722337786,0.07733008722337786,0.0,2,0.6329129506452258,0.6329129506452258,0.0,,0.9605570846007134,0.6058770909638144
1,8769.91783952713,0.0,55.21781945228577,0.0,passthrough,power_phase_stft,"HistGradientBoostingRegressor(early_stopping=True, max_iter=2000,
                              n_iter_no_change=20, random_state=42)",0.05,0.03,squared_error,32,0.02,127,200,FunctionTransformer(func=<function reshape at 0x7f58a4c93e20>),passthrough,"{'first_scale': 'passthrough', 'frequency': FunctionTransformer(func=<function power_phase_stft at 0x7f58a4c934c0>), 'model': HistGradientBoostingRegressor(early_stopping=True, max_iter=2000,
                              n_iter_no_change=20, random_state=42), 'model__l2_regularization': 0.05, 'model__learning_rate': 0.03, 'model__loss': 'squared_error', 'model__max_bins': 32, 'model__max_depth': 6, 'model__max_features': 0.02, 'model__max_leaf_nodes': 127, 'model__min_samples_leaf': 200, 'reshape': FunctionTransformer(func=<function reshape at 0x7f58a4c93e20>), 'second_scale': 'passthrough'}",0.08423783550131081,0.08423783550131081,0.0,1,0.5747503333520319,0.5747503333520319,0.0,6.0,0.9569546303240761,0.6521116979843009
0,7730.9674298763275,0.0,56.06458640098572,0.0,passthrough,power_phase_stft,"HistGradientBoostingRegressor(early_stopping=True, max_iter=2000,
                              n_iter_no_change=20, random_state=42)",0.0,0.05,squared_error,127,0.05,127,800,FunctionTransformer(func=<function reshape at 0x7f58a4c93e20>),passthrough,"{'first_scale': 'passthrough', 'frequency': FunctionTransformer(func=<function power_phase_stft at 0x7f58a4c934c0>), 'model': HistGradientBoostingRegressor(early_stopping=True, max_iter=2000,
                              n_iter_no_change=20, random_state=42), 'model__l2_regularization': 0.0, 'model__learning_rate': 0.05, 'model__loss': 'squared_error', 'model__max_bins': 127, 'model__max_features': 0.05, 'model__max_leaf_nodes': 127, 'model__min_samples_leaf': 800, 'reshape': FunctionTransformer(func=<function reshape at 0x7f58a4c93e20>), 'second_scale': 'passthrough'}",0.07429917768653427,0.07429917768653427,0.0,1,0.6774640737818187,0.6774640737818187,0.0,,0.9621334742713538,0.567922464970511
1,6920.916296243668,0.0,54.96600842475891,0.0,passthrough,power_phase_stft,"HistGradientBoostingRegressor(early_stopping=True, max_iter=2000,
                              n_iter_no_change=20, random_state=42)",1.0,0.1,squared_error,127,0.02,127,800,FunctionTransformer(func=<function reshape at 0x7f58a4c93e20>),passthrough,"{'first_scale': 'passthrough', 'frequency': FunctionTransformer(func=<function power_phase_stft at 0x7f58a4c934c0>), 'model': HistGradientBoostingRegressor(early_stopping=True, max_iter=2000,
                              n_iter_no_change=20, random_state=42), 'model__l2_regularization': 1.0, 'model__learning_rate': 0.1, 'model__loss': 'squared_error', 'model__max_bins': 127, 'model__max_features': 0.02, 'model__max_leaf_nodes': 127, 'model__min_samples_leaf': 800, 'reshape': FunctionTransformer(func=<function reshape at 0x7f58a4c93e20>), 'second_scale': 'passthrough'}",0.05941033513562344,0.05941033513562344,0.0,2,0.7836461917636591,0.7836461917636591,0.0,,0.9698400202427081,0.4651384828589663
0,1860.563725233078,0.0,41.43615961074829,0.0,passthrough,power_phase_stft,"HistGradientBoostingRegressor(early_stopping=True, max_iter=2000,
                              n_iter_no_change=20, random_state=42)",0.001,0.1,squared_error,127,0.02,31,50,FunctionTransformer(func=<function reshape at 0x7f58a4c93e20>),passthrough,"{'first_scale': 'passthrough', 'frequency': FunctionTransformer(func=<function power_phase_stft at 0x7f58a4c934c0>), 'model': HistGradientBoostingRegressor(early_stopping=True, max_iter=2000,
                              n_iter_no_change=20, random_state=42), 'model__l2_regularization': 0.001, 'model__learning_rate': 0.1, 'model__loss': 'squared_error', 'model__max_bins': 127, 'model__max_features': 0.02, 'model__max_leaf_nodes': 31, 'model__min_samples_leaf': 50, 'reshape': FunctionTransformer(func=<function reshape at 0x7f58a4c93e20>), 'second_scale': 'passthrough'}",0.06586216731364358,0.06586216731364358,0.0,2,0.4490790100329607,0.4490790100329607,0.0,,0.9665080613664618,0.7422405202944927
1,9221.409379005432,0.0,45.66445732116699,0.0,passthrough,power_phase_stft,"HistGradientBoostingRegressor(early_stopping=True, max_iter=2000,
                              n_iter_no_change=20, random_state=42)",0.05,0.05,squared_error,32,0.01,127,200,FunctionTransformer(func=<function reshape at 0x7f58a4c93e20>),passthrough,"{'first_scale': 'passthrough', 'frequency': FunctionTransformer(func=<function power_phase_stft at 0x7f58a4c934c0>), 'model': HistGradientBoostingRegressor(early_stopping=True, max_iter=2000,
                              n_iter_no_change=20, random_state=42), 'model__l2_regularization': 0.05, 'model__learning_rate': 0.05, 'model__loss': 'squared_error', 'model__max_bins': 32, 'model__max_depth': 10, 'model__max_features': 0.01, 'model__max_leaf_nodes': 127, 'model__min_samples_leaf': 200, 'reshape': FunctionTransformer(func=<function reshape at 0x7f58a4c93e20>), 'second_scale': 'passthrough'}",0.07004705821811863,0.07004705821811863,0.0,1,0.8172578178514378,0.8172578178514378,0.0,10.0,0.96434067724113,0.4274835460559414
0,2716.587033510208,0.0,39.28575015068054,0.0,passthrough,power_phase_stft,"HistGradientBoostingRegressor(early_stopping=True, max_iter=2000,
                              n_iter_no_change=20, random_state=42)",0.01,0.1,squared_error,127,0.02,63,50,FunctionTransformer(func=<function reshape at 0x7f58a4c93e20>),passthrough,"{'first_scale': 'passthrough', 'frequency': FunctionTransformer(func=<function power_phase_stft at 0x7f58a4c934c0>), 'model': HistGradientBoostingRegressor(early_stopping=True, max_iter=2000,
                              n_iter_no_change=20, random_state=42), 'model__l2_regularization': 0.01, 'model__learning_rate': 0.1, 'model__loss': 'squared_error', 'model__max_bins': 127, 'model__max_features': 0.02, 'model__max_leaf_nodes': 63, 'model__min_samples_leaf': 50, 'reshape': FunctionTransformer(func=<function reshape at 0x7f58a4c93e20>), 'second_scale': 'passthrough'}",0.05927985507293365,0.05927985507293365,0.0,2,0.6022509780565483,0.6022509780565483,0.0,,0.9699072867687233,0.6306734669727685
1,3631.339673280716,0.0,39.71695303916931,0.0,passthrough,power_phase_stft,"HistGradientBoostingRegressor(early_stopping=True, max_iter=2000,
                              n_iter_no_change=20, random_state=42)",1.0,0.05,squared_error,63,0.02,127,200,FunctionTransformer(func=<function reshape at 0x7f58a4c93e20>),passthrough,"{'first_scale': 'passthrough', 'frequency': FunctionTransformer(func=<function power_phase_stft at 0x7f58a4c934c0>), 'model': HistGradientBoostingRegressor(early_stopping=True, max_iter=2000,
                              n_iter_no_change=20, random_state=42), 'model__l2_regularization': 1.0, 'model__learning_rate': 0.05, 'model__loss': 'squared_error', 'model__max_bins': 63, 'model__max_depth': 6, 'model__max_features': 0.02, 'model__max_leaf_nodes': 127, 'model__min_samples_leaf': 200, 'reshape': FunctionTransformer(func=<function reshape at 0x7f58a4c93e20>), 'second_scale': 'passthrough'}",0.07816775770207807,0.07816775770207807,0.0,1,0.5149941672499201,0.5149941672499201,0.0,6.0,0.9601209519107069,0.6964236015171226
0,13526.83459854126,0.0,57.14162802696228,0.0,passthrough,power_phase_stft,"HistGradientBoostingRegressor(early_stopping=True, max_iter=2000,
                              n_iter_no_change=20, random_state=42)",0.0,0.05,squared_error,127,0.02,255,800,FunctionTransformer(func=<function reshape at 0x7f58a4c93e20>),passthrough,"{'first_scale': 'passthrough', 'frequency': FunctionTransformer(func=<function power_phase_stft at 0x7f58a4c934c0>), 'model': HistGradientBoostingRegressor(early_stopping=True, max_iter=2000,
                              n_iter_no_change=20, random_state=42), 'model__l2_regularization': 0.0, 'model__learning_rate': 0.05, 'model__loss': 'squared_error', 'model__max_bins': 127, 'model__max_features': 0.02, 'model__max_leaf_nodes': 255, 'model__min_samples_leaf': 800, 'reshape': FunctionTransformer(func=<function reshape at 0x7f58a4c93e20>), 'second_scale': 'passthrough'}",0.07271285772291713,0.07271285772291713,0.0,2,0.7996170489999019,0.7996170489999019,0.0,,0.9629574976483037,0.44764154297841713
1,14022.402126073837,0.0,61.76319718360901,0.0,passthrough,power_phase_stft,"HistGradientBoostingRegressor(early_stopping=True, max_iter=2000,
                              n_iter_no_change=20, random_state=42)",1.0,0.05,squared_error,127,0.05,255,800,FunctionTransformer(func=<function reshape at 0x7f58a4c93e20>),passthrough,"{'first_scale': 'passthrough', 'frequency': FunctionTransformer(func=<function power_phase_stft at 0x7f58a4c934c0>), 'model': HistGradientBoostingRegressor(early_stopping=True, max_iter=2000,
                              n_iter_no_change=20, random_state=42), 'model__l2_regularization': 1.0, 'model__learning_rate': 0.05, 'model__loss': 'squared_error', 'model__max_bins': 127, 'model__max_features': 0.05, 'model__max_leaf_nodes': 255, 'model__min_samples_leaf': 800, 'reshape': FunctionTransformer(func=<function reshape at 0x7f58a4c93e20>), 'second_scale': 'passthrough'}",0.07368327531715735,0.07368327531715735,0.0,1,0.8137438863609844,0.8137438863609844,0.0,,0.9624534922181137,0.43157399555466225
0,13949.59022974968,0.0,56.5741970539093,0.0,passthrough,power_phase_stft,"HistGradientBoostingRegressor(early_stopping=True, max_iter=2000,
                              n_iter_no_change=20, random_state=42)",0.001,0.02,squared_error,127,0.02,31,800,FunctionTransformer(func=<function reshape at 0x7f58a4c93e20>),passthrough,"{'first_scale': 'passthrough', 'frequency': FunctionTransformer(func=<function power_phase_stft at 0x7f58a4c934c0>), 'model': HistGradientBoostingRegressor(early_stopping=True, max_iter=2000,
                              n_iter_no_change=20, random_state=42), 'model__l2_regularization': 0.001, 'model__learning_rate': 0.02, 'model__loss': 'squared_error', 'model__max_bins': 127, 'model__max_features': 0.02, 'model__max_leaf_nodes': 31, 'model__min_samples_leaf': 800, 'reshape': FunctionTransformer(func=<function reshape at 0x7f58a4c93e20>), 'second_scale': 'passthrough'}",0.08927082302566636,0.08927082302566636,0.0,1,0.4842136867645812,0.4842136867645812,0.0,,0.9543213174682486,0.7181826461530652
1,4426.355206489563,0.0,49.899927616119385,0.0,passthrough,power_phase_stft,"HistGradientBoostingRegressor(early_stopping=True, max_iter=2000,
                              n_iter_no_change=20, random_state=42)",0.01,0.03,squared_error,32,0.01,127,200,FunctionTransformer(func=<function reshape at 0x7f58a4c93e20>),passthrough,"{'first_scale': 'passthrough', 'frequency': FunctionTransformer(func=<function power_phase_stft at 0x7f58a4c934c0>), 'model': HistGradientBoostingRegressor(early_stopping=True, max_iter=2000,
                              n_iter_no_change=20, random_state=42), 'model__l2_regularization': 0.01, 'model__learning_rate': 0.03, 'model__loss': 'squared_error', 'model__max_bins': 32, 'model__max_depth': 3, 'model__max_features': 0.01, 'model__max_leaf_nodes': 127, 'model__min_samples_leaf': 200, 'reshape': FunctionTransformer(func=<function reshape at 0x7f58a4c93e20>), 'second_scale': 'passthrough'}",0.08451772529211177,0.08451772529211177,0.0,2,0.2461779099180147,0.2461779099180147,0.0,3.0,0.9568083793048053,0.8682292842803595
0,5310.118761301041,0.0,43.28774547576904,0.0,passthrough,power_phase_stft,"HistGradientBoostingRegressor(early_stopping=True, max_iter=2000,
                              n_iter_no_change=20, random_state=42)",0.0,0.05,squared_error,127,0.02,31,400,FunctionTransformer(func=<function reshape at 0x7f58a4c93e20>),passthrough,"{'first_scale': 'passthrough', 'frequency': FunctionTransformer(func=<function power_phase_stft at 0x7f58a4c934c0>), 'model': HistGradientBoostingRegressor(early_stopping=True, max_iter=2000,
                              n_iter_no_change=20, random_state=42), 'model__l2_regularization': 0.0, 'model__learning_rate': 0.05, 'model__loss': 'squared_error', 'model__max_bins': 127, 'model__max_features': 0.02, 'model__max_leaf_nodes': 31, 'model__min_samples_leaf': 400, 'reshape': FunctionTransformer(func=<function reshape at 0x7f58a4c93e20>), 'second_scale': 'passthrough'}",0.07976233556575874,0.07976233556575874,0.0,1,0.5772519315992533,0.5772519315992533,0.0,,0.9592901878129689,0.6501907938449657
1,4162.300256967545,0.0,44.203688859939575,0.0,passthrough,power_phase_stft,"HistGradientBoostingRegressor(early_stopping=True, max_iter=2000,
                              n_iter_no_change=20, random_state=42)",1.0,0.05,squared_error,127,0.05,31,400,FunctionTransformer(func=<function reshape at 0x7f58a4c93e20>),passthrough,"{'first_scale': 'passthrough', 'frequency': FunctionTransformer(func=<function power_phase_stft at 0x7f58a4c934c0>), 'model': HistGradientBoostingRegressor(early_stopping=True, max_iter=2000,
                              n_iter_no_change=20, random_state=42), 'model__l2_regularization': 1.0, 'model__learning_rate': 0.05, 'model__loss': 'squared_error', 'model__max_bins': 127, 'model__max_features': 0.05, 'model__max_leaf_nodes': 31, 'model__min_samples_leaf': 400, 'reshape': FunctionTransformer(func=<function reshape at 0x7f58a4c93e20>), 'second_scale': 'passthrough'}",0.07846316833194833,0.07846316833194833,0.0,2,0.5237256389891977,0.5237256389891977,0.0,,0.9599670992633298,0.6901263369925845
0,2546.8438448905945,0.0,32.29695510864258,0.0,passthrough,power_phase_stft,"HistGradientBoostingRegressor(early_stopping=True, max_iter=2000,
                              n_iter_no_change=20, random_state=42)",0.1,0.05,squared_error,127,0.02,31,100,FunctionTransformer(func=<function reshape at 0x7f58a4c93e20>),passthrough,"{'first_scale': 'passthrough', 'frequency': FunctionTransformer(func=<function power_phase_stft at 0x7f58a4c934c0>), 'model': HistGradientBoostingRegressor(early_stopping=True, max_iter=2000,
                              n_iter_no_change=20, random_state=42), 'model__l2_regularization': 0.1, 'model__learning_rate': 0.05, 'model__loss': 'squared_error', 'model__max_bins': 127, 'model__max_features': 0.02, 'model__max_leaf_nodes': 31, 'model__min_samples_leaf': 100, 'reshape': FunctionTransformer(func=<function reshape at 0x7f58a4c93e20>), 'second_scale': 'passthrough'}",0.08151242997863406,0.08151242997863406,0.0,2,0.4659356771105164,0.4659356771105164,0.0,,0.9583775717437079,0.7307970463059382
1,10801.193443059921,0.0,38.594711780548096,0.0,passthrough,power_phase_stft,"HistGradientBoostingRegressor(early_stopping=True, max_iter=2000,
                              n_iter_no_change=20, random_state=42)",0.1,0.01,squared_error,63,0.01,63,800,FunctionTransformer(func=<function reshape at 0x7f58a4c93e20>),passthrough,"{'first_scale': 'passthrough', 'frequency': FunctionTransformer(func=<function power_phase_stft at 0x7f58a4c934c0>), 'model': HistGradientBoostingRegressor(early_stopping=True, max_iter=2000,
                              n_iter_no_change=20, random_state=42), 'model__l2_regularization': 0.1, 'model__learning_rate': 0.01, 'model__loss': 'squared_error', 'model__max_bins': 63, 'model__max_features': 0.01, 'model__max_leaf_nodes': 63, 'model__min_samples_leaf': 800, 'reshape': FunctionTransformer(func=<function reshape at 0x7f58a4c93e20>), 'second_scale': 'passthrough'}",0.08890179529271214,0.08890179529271214,0.0,1,0.44332513035258125,0.44332513035258125,0.0,,0.9545146435269015,0.7461064733986824
0,7523.606023073196,0.0,49.20409798622131,0.0,passthrough,power_phase_stft,"HistGradientBoostingRegressor(early_stopping=True, max_iter=2000,
                              n_iter_no_change=20, random_state=42)",0.0,0.05,squared_error,127,0.05,63,50,FunctionTransformer(func=<function reshape at 0x7f58a4c93e20>),passthrough,"{'first_scale': 'passthrough', 'frequency': FunctionTransformer(func=<function power_phase_stft at 0x7f58a4c934c0>), 'model': HistGradientBoostingRegressor(early_stopping=True, max_iter=2000,
                              n_iter_no_change=20, random_state=42), 'model__l2_regularization': 0.0, 'model__learning_rate': 0.05, 'model__loss': 'squared_error', 'model__max_bins': 127, 'model__max_features': 0.05, 'model__max_leaf_nodes': 63, 'model__min_samples_leaf': 50, 'reshape': FunctionTransformer(func=<function reshape at 0x7f58a4c93e20>), 'second_scale': 'passthrough'}",0.0756648065840152,0.0756648065840152,0.0,1,0.7198645960232205,0.7198645960232205,0.0,,0.9614235244760682,0.5292781914804157
1,3802.8986670970917,0.0,47.57003998756409,0.0,passthrough,power_phase_stft,"HistGradientBoostingRegressor(early_stopping=True, max_iter=2000,
                              n_iter_no_change=20, random_state=42)",1.0,0.1,squared_error,127,0.02,63,50,FunctionTransformer(func=<function reshape at 0x7f58a4c93e20>),passthrough,"{'first_scale': 'passthrough', 'frequency': FunctionTransformer(func=<function power_phase_stft at 0x7f58a4c934c0>), 'model': HistGradientBoostingRegressor(early_stopping=True, max_iter=2000,
                              n_iter_no_change=20, random_state=42), 'model__l2_regularization': 1.0, 'model__learning_rate': 0.1, 'model__loss': 'squared_error', 'model__max_bins': 127, 'model__max_features': 0.02, 'model__max_leaf_nodes': 63, 'model__min_samples_leaf': 50, 'reshape': FunctionTransformer(func=<function reshape at 0x7f58a4c93e20>), 'second_scale': 'passthrough'}",0.056192813026772925,0.056192813026772925,0.0,2,0.6955914032127799,0.6955914032127799,0.0,,0.9714973942184442,0.5517323597426746
0,2636.984275341034,0.0,57.542317390441895,0.0,passthrough,power_phase_stft,"HistGradientBoostingRegressor(early_stopping=True, max_iter=2000,
                              n_iter_no_change=20, random_state=42)",0.001,0.1,squared_error,127,0.05,31,50,FunctionTransformer(func=<function reshape at 0x7f58a4c93e20>),passthrough,"{'first_scale': 'passthrough', 'frequency': FunctionTransformer(func=<function power_phase_stft at 0x7f58a4c934c0>), 'model': HistGradientBoostingRegressor(early_stopping=True, max_iter=2000,
                              n_iter_no_change=20, random_state=42), 'model__l2_regularization': 0.001, 'model__learning_rate': 0.1, 'model__loss': 'squared_error', 'model__max_bins': 127, 'model__max_features': 0.05, 'model__max_leaf_nodes': 31, 'model__min_samples_leaf': 50, 'reshape': FunctionTransformer(func=<function reshape at 0x7f58a4c93e20>), 'second_scale': 'passthrough'}",0.07044663620220115,0.07044663620220115,0.0,2,0.4225906617906806,0.4225906617906806,0.0,,0.9641334782061034,0.7598745542583456
1,6109.537605047226,0.0,57.870731592178345,0.0,passthrough,power_phase_stft,"HistGradientBoostingRegressor(early_stopping=True, max_iter=2000,
                              n_iter_no_change=20, random_state=42)",0.1,0.01,squared_error,32,0.01,127,200,FunctionTransformer(func=<function reshape at 0x7f58a4c93e20>),passthrough,"{'first_scale': 'passthrough', 'frequency': FunctionTransformer(func=<function power_phase_stft at 0x7f58a4c934c0>), 'model': HistGradientBoostingRegressor(early_stopping=True, max_iter=2000,
                              n_iter_no_change=20, random_state=42), 'model__l2_regularization': 0.1, 'model__learning_rate': 0.01, 'model__loss': 'squared_error', 'model__max_bins': 32, 'model__max_depth': 3, 'model__max_features': 0.01, 'model__max_leaf_nodes': 127, 'model__min_samples_leaf': 200, 'reshape': FunctionTransformer(func=<function reshape at 0x7f58a4c93e20>), 'second_scale': 'passthrough'}",0.07711237092279954,0.07711237092279954,0.0,1,0.14803177174965265,0.14803177174965265,0.0,3.0,0.9606704060588108,0.9230212501618515
0,9019.644482374191,0.0,47.81245470046997,0.0,passthrough,power_phase_stft,"HistGradientBoostingRegressor(early_stopping=True, max_iter=2000,
                              n_iter_no_change=20, random_state=42)",0.1,0.05,squared_error,127,0.05,127,800,FunctionTransformer(func=<function reshape at 0x7f58a4c93e20>),passthrough,"{'first_scale': 'passthrough', 'frequency': FunctionTransformer(func=<function power_phase_stft at 0x7f58a4c934c0>), 'model': HistGradientBoostingRegressor(early_stopping=True, max_iter=2000,
                              n_iter_no_change=20, random_state=42), 'model__l2_regularization': 0.1, 'model__learning_rate': 0.05, 'model__loss': 'squared_error', 'model__max_bins': 127, 'model__max_features': 0.05, 'model__max_leaf_nodes': 127, 'model__min_samples_leaf': 800, 'reshape': FunctionTransformer(func=<function reshape at 0x7f58a4c93e20>), 'second_scale': 'passthrough'}",0.07578696529313456,0.07578696529313456,0.0,2,0.6788032922997007,0.6788032922997007,0.0,,0.9613599922541324,0.5667421880364115
1,5421.279690980911,0.0,40.46014666557312,0.0,passthrough,power_phase_stft,"HistGradientBoostingRegressor(early_stopping=True, max_iter=2000,
                              n_iter_no_change=20, random_state=42)",0.5,0.02,squared_error,63,0.01,63,6400,FunctionTransformer(func=<function reshape at 0x7f58a4c93e20>),passthrough,"{'first_scale': 'passthrough', 'frequency': FunctionTransformer(func=<function power_phase_stft at 0x7f58a4c934c0>), 'model': HistGradientBoostingRegressor(early_stopping=True, max_iter=2000,
                              n_iter_no_change=20, random_state=42), 'model__l2_regularization': 0.5, 'model__learning_rate': 0.02, 'model__loss': 'squared_error', 'model__max_bins': 63, 'model__max_features': 0.01, 'model__max_leaf_nodes': 63, 'model__min_samples_leaf': 6400, 'reshape': FunctionTransformer(func=<function reshape at 0x7f58a4c93e20>), 'second_scale': 'passthrough'}",0.08746116823641237,0.08746116823641237,0.0,1,0.1995001619028488,0.1995001619028488,0.0,,0.9552689839849233,0.8947065653593648
0,6308.096866846085,0.0,50.87543964385986,0.0,passthrough,power_phase_stft,"HistGradientBoostingRegressor(early_stopping=True, max_iter=2000,
                              n_iter_no_change=20, random_state=42)",0.001,0.1,squared_error,127,0.02,127,800,FunctionTransformer(func=<function reshape at 0x7f58a4c93e20>),passthrough,"{'first_scale': 'passthrough', 'frequency': FunctionTransformer(func=<function power_phase_stft at 0x7f58a4c934c0>), 'model': HistGradientBoostingRegressor(early_stopping=True, max_iter=2000,
                              n_iter_no_change=20, random_state=42), 'model__l2_regularization': 0.001, 'model__learning_rate': 0.1, 'model__loss': 'squared_error', 'model__max_bins': 127, 'model__max_features': 0.02, 'model__max_leaf_nodes': 127, 'model__min_samples_leaf': 800, 'reshape': FunctionTransformer(func=<function reshape at 0x7f58a4c93e20>), 'second_scale': 'passthrough'}",0.0524902596492286,0.0524902596492286,0.0,2,0.7641700408068447,0.7641700408068447,0.0,,0.9734011199658501,0.4856232687929557
1,1510.913599729538,0.0,52.09570264816284,0.0,passthrough,power_phase_stft,"HistGradientBoostingRegressor(early_stopping=True, max_iter=2000,
                              n_iter_no_change=20, random_state=42)",0.05,0.1,squared_error,63,0.01,127,200,FunctionTransformer(func=<function reshape at 0x7f58a4c93e20>),passthrough,"{'first_scale': 'passthrough', 'frequency': FunctionTransformer(func=<function power_phase_stft at 0x7f58a4c934c0>), 'model': HistGradientBoostingRegressor(early_stopping=True, max_iter=2000,
                              n_iter_no_change=20, random_state=42), 'model__l2_regularization': 0.05, 'model__learning_rate': 0.1, 'model__loss': 'squared_error', 'model__max_bins': 63, 'model__max_depth': 3, 'model__max_features': 0.01, 'model__max_leaf_nodes': 127, 'model__min_samples_leaf': 200, 'reshape': FunctionTransformer(func=<function reshape at 0x7f58a4c93e20>), 'second_scale': 'passthrough'}",0.07998843776067976,0.07998843776067976,0.0,1,0.2568829549635684,0.2568829549635684,0.0,3.0,0.9591723318774996,0.8620423684694574
0,12133.83986067772,0.0,46.29895639419556,0.0,passthrough,power_phase_stft,"HistGradientBoostingRegressor(early_stopping=True, max_iter=2000,
                              n_iter_no_change=20, random_state=42)",0.001,0.1,squared_error,127,0.02,255,100,FunctionTransformer(func=<function reshape at 0x7f58a4c93e20>),passthrough,"{'first_scale': 'passthrough', 'frequency': FunctionTransformer(func=<function power_phase_stft at 0x7f58a4c934c0>), 'model': HistGradientBoostingRegressor(early_stopping=True, max_iter=2000,
                              n_iter_no_change=20, random_state=42), 'model__l2_regularization': 0.001, 'model__learning_rate': 0.1, 'model__loss': 'squared_error', 'model__max_bins': 127, 'model__max_features': 0.02, 'model__max_leaf_nodes': 255, 'model__min_samples_leaf': 100, 'reshape': FunctionTransformer(func=<function reshape at 0x7f58a4c93e20>), 'second_scale': 'passthrough'}",0.04133062376808194,0.04133062376808194,0.0,2,0.9088176307771026,0.9088176307771026,0.0,,0.9791166305562979,0.30196418533146835
1,3443.7696282863617,0.0,46.0405490398407,0.0,passthrough,power_phase_stft,"HistGradientBoostingRegressor(early_stopping=True, max_iter=2000,
                              n_iter_no_change=20, random_state=42)",0.05,0.1,squared_error,63,0.01,127,200,FunctionTransformer(func=<function reshape at 0x7f58a4c93e20>),passthrough,"{'first_scale': 'passthrough', 'frequency': FunctionTransformer(func=<function power_phase_stft at 0x7f58a4c934c0>), 'model': HistGradientBoostingRegressor(early_stopping=True, max_iter=2000,
                              n_iter_no_change=20, random_state=42), 'model__l2_regularization': 0.05, 'model__learning_rate': 0.1, 'model__loss': 'squared_error', 'model__max_bins': 63, 'model__max_depth': 6, 'model__max_features': 0.01, 'model__max_leaf_nodes': 127, 'model__min_samples_leaf': 200, 'reshape': FunctionTransformer(func=<function reshape at 0x7f58a4c93e20>), 'second_scale': 'passthrough'}",0.058286434924912145,0.058286434924912145,0.0,1,0.6439428912634,0.6439428912634,0.0,6.0,0.9704192728275175,0.5967052109179205
0,1878.542061805725,0.0,34.93347430229187,0.0,passthrough,power_phase_stft,"HistGradientBoostingRegressor(early_stopping=True, max_iter=2000,
                              n_iter_no_change=20, random_state=42)",0.0,0.1,squared_error,127,0.02,31,50,FunctionTransformer(func=<function reshape at 0x7f58a4c93e20>),passthrough,"{'first_scale': 'passthrough', 'frequency': FunctionTransformer(func=<function power_phase_stft at 0x7f58a4c934c0>), 'model': HistGradientBoostingRegressor(early_stopping=True, max_iter=2000,
                              n_iter_no_change=20, random_state=42), 'model__l2_regularization': 0.0, 'model__learning_rate': 0.1, 'model__loss': 'squared_error', 'model__max_bins': 127, 'model__max_features': 0.02, 'model__max_leaf_nodes': 31, 'model__min_samples_leaf': 50, 'reshape': FunctionTransformer(func=<function reshape at 0x7f58a4c93e20>), 'second_scale': 'passthrough'}",0.06689212590016291,0.06689212590016291,0.0,1,0.4829090303681287,0.4829090303681287,0.0,,0.965975089792608,0.7190903765396053
1,1807.3006036281586,0.0,36.67112731933594,0.0,passthrough,power_phase_stft,"HistGradientBoostingRegressor(early_stopping=True, max_iter=2000,
                              n_iter_no_change=20, random_state=42)",1.0,0.1,squared_error,127,0.05,31,50,FunctionTransformer(func=<function reshape at 0x7f58a4c93e20>),passthrough,"{'first_scale': 'passthrough', 'frequency': FunctionTransformer(func=<function power_phase_stft at 0x7f58a4c934c0>), 'model': HistGradientBoostingRegressor(early_stopping=True, max_iter=2000,
                              n_iter_no_change=20, random_state=42), 'model__l2_regularization': 1.0, 'model__learning_rate': 0.1, 'model__loss': 'squared_error', 'model__max_bins': 127, 'model__max_features': 0.05, 'model__max_leaf_nodes': 31, 'model__min_samples_leaf': 50, 'reshape': FunctionTransformer(func=<function reshape at 0x7f58a4c93e20>), 'second_scale': 'passthrough'}",0.06543151442742656,0.06543151442742656,0.0,2,0.49343537030294515,0.49343537030294515,0.0,,0.9667308237418384,0.7117335384096037
0,13800.300605297089,0.0,47.51795220375061,0.0,passthrough,power_phase_stft,"HistGradientBoostingRegressor(early_stopping=True, max_iter=2000,
                              n_iter_no_change=20, random_state=42)",0.001,0.05,squared_error,127,0.05,127,100,FunctionTransformer(func=<function reshape at 0x7f58a4c93e20>),passthrough,"{'first_scale': 'passthrough', 'frequency': FunctionTransformer(func=<function power_phase_stft at 0x7f58a4c934c0>), 'model': HistGradientBoostingRegressor(early_stopping=True, max_iter=2000,
                              n_iter_no_change=20, random_state=42), 'model__l2_regularization': 0.001, 'model__learning_rate': 0.05, 'model__loss': 'squared_error', 'model__max_bins': 127, 'model__max_features': 0.05, 'model__max_leaf_nodes': 127, 'model__min_samples_leaf': 100, 'reshape': FunctionTransformer(func=<function reshape at 0x7f58a4c93e20>), 'second_scale': 'passthrough'}",0.06860032522018444,0.06860032522018444,0.0,2,0.8809168698656964,0.8809168698656964,0.0,,0.9650905008235319,0.3450842362877557
1,4617.789922237396,0.0,48.32868790626526,0.0,passthrough,power_phase_stft,"HistGradientBoostingRegressor(early_stopping=True, max_iter=2000,
                              n_iter_no_change=20, random_state=42)",0.05,0.03,squared_error,63,0.02,127,200,FunctionTransformer(func=<function reshape at 0x7f58a4c93e20>),passthrough,"{'first_scale': 'passthrough', 'frequency': FunctionTransformer(func=<function power_phase_stft at 0x7f58a4c934c0>), 'model': HistGradientBoostingRegressor(early_stopping=True, max_iter=2000,
                              n_iter_no_change=20, random_state=42), 'model__l2_regularization': 0.05, 'model__learning_rate': 0.03, 'model__loss': 'squared_error', 'model__max_bins': 63, 'model__max_depth': 3, 'model__max_features': 0.02, 'model__max_leaf_nodes': 127, 'model__min_samples_leaf': 200, 'reshape': FunctionTransformer(func=<function reshape at 0x7f58a4c93e20>), 'second_scale': 'passthrough'}",0.08629354151985924,0.08629354151985924,0.0,1,0.2594764398729861,0.2594764398729861,0.0,3.0,0.9558799393648455,0.8605367860393964
0,8084.357120513916,0.0,37.41417646408081,0.0,passthrough,power_phase_stft,"HistGradientBoostingRegressor(early_stopping=True, max_iter=2000,
                              n_iter_no_change=20, random_state=42)",0.0,0.1,squared_error,127,0.05,127,400,FunctionTransformer(func=<function reshape at 0x7f58a4c93e20>),passthrough,"{'first_scale': 'passthrough', 'frequency': FunctionTransformer(func=<function power_phase_stft at 0x7f58a4c934c0>), 'model': HistGradientBoostingRegressor(early_stopping=True, max_iter=2000,
                              n_iter_no_change=20, random_state=42), 'model__l2_regularization': 0.0, 'model__learning_rate': 0.1, 'model__loss': 'squared_error', 'model__max_bins': 127, 'model__max_features': 0.05, 'model__max_leaf_nodes': 127, 'model__min_samples_leaf': 400, 'reshape': FunctionTransformer(func=<function reshape at 0x7f58a4c93e20>), 'second_scale': 'passthrough'}",0.04218793602880333,0.04218793602880333,0.0,2,0.8955920282701737,0.8955920282701737,0.0,,0.978678733789182,0.32312222413480984
1,3169.0712401866913,0.0,34.43171548843384,0.0,passthrough,power_phase_stft,"HistGradientBoostingRegressor(early_stopping=True, max_iter=2000,
                              n_iter_no_change=20, random_state=42)",0.01,0.02,squared_error,32,0.02,127,200,FunctionTransformer(func=<function reshape at 0x7f58a4c93e20>),passthrough,"{'first_scale': 'passthrough', 'frequency': FunctionTransformer(func=<function power_phase_stft at 0x7f58a4c934c0>), 'model': HistGradientBoostingRegressor(early_stopping=True, max_iter=2000,
                              n_iter_no_change=20, random_state=42), 'model__l2_regularization': 0.01, 'model__learning_rate': 0.02, 'model__loss': 'squared_error', 'model__max_bins': 32, 'model__max_depth': 3, 'model__max_features': 0.02, 'model__max_leaf_nodes': 127, 'model__min_samples_leaf': 200, 'reshape': FunctionTransformer(func=<function reshape at 0x7f58a4c93e20>), 'second_scale': 'passthrough'}",0.08539949417190751,0.08539949417190751,0.0,1,0.21099124379056322,0.21099124379056322,0.0,3.0,0.9563474817387728,0.8882616485075987
0,15671.165518045425,0.0,45.385555267333984,0.0,passthrough,power_phase_stft,"HistGradientBoostingRegressor(early_stopping=True, max_iter=2000,
                              n_iter_no_change=20, random_state=42)",0.01,0.05,squared_error,127,0.02,127,400,FunctionTransformer(func=<function reshape at 0x7f58a4c93e20>),passthrough,"{'first_scale': 'passthrough', 'frequency': FunctionTransformer(func=<function power_phase_stft at 0x7f58a4c934c0>), 'model': HistGradientBoostingRegressor(early_stopping=True, max_iter=2000,
                              n_iter_no_change=20, random_state=42), 'model__l2_regularization': 0.01, 'model__learning_rate': 0.05, 'model__loss': 'squared_error', 'model__max_bins': 127, 'model__max_features': 0.02, 'model__max_leaf_nodes': 127, 'model__min_samples_leaf': 400, 'reshape': FunctionTransformer(func=<function reshape at 0x7f58a4c93e20>), 'second_scale': 'passthrough'}",0.06812362278916362,0.06812362278916362,0.0,2,0.867467509794165,0.867467509794165,0.0,,0.9653374421469605,0.3640501204584817
1,4439.7498281002045,0.0,41.97116303443909,0.0,passthrough,power_phase_stft,"HistGradientBoostingRegressor(early_stopping=True, max_iter=2000,
                              n_iter_no_change=20, random_state=42)",1.0,0.02,squared_error,32,0.02,127,200,FunctionTransformer(func=<function reshape at 0x7f58a4c93e20>),passthrough,"{'first_scale': 'passthrough', 'frequency': FunctionTransformer(func=<function power_phase_stft at 0x7f58a4c934c0>), 'model': HistGradientBoostingRegressor(early_stopping=True, max_iter=2000,
                              n_iter_no_change=20, random_state=42), 'model__l2_regularization': 1.0, 'model__learning_rate': 0.02, 'model__loss': 'squared_error', 'model__max_bins': 32, 'model__max_depth': 3, 'model__max_features': 0.02, 'model__max_leaf_nodes': 127, 'model__min_samples_leaf': 200, 'reshape': FunctionTransformer(func=<function reshape at 0x7f58a4c93e20>), 'second_scale': 'passthrough'}",0.08387425465233855,0.08387425465233855,0.0,1,0.21112794195839268,0.21112794195839268,0.0,3.0,0.9571445791246281,0.888184698157769
0,9990.233147621155,0.0,44.121173620224,0.0,passthrough,power_phase_stft,"HistGradientBoostingRegressor(early_stopping=True, max_iter=2000,
                              n_iter_no_change=20, random_state=42)",0.1,0.02,squared_error,127,0.05,31,200,FunctionTransformer(func=<function reshape at 0x7f58a4c93e20>),passthrough,"{'first_scale': 'passthrough', 'frequency': FunctionTransformer(func=<function power_phase_stft at 0x7f58a4c934c0>), 'model': HistGradientBoostingRegressor(early_stopping=True, max_iter=2000,
                              n_iter_no_change=20, random_state=42), 'model__l2_regularization': 0.1, 'model__learning_rate': 0.02, 'model__loss': 'squared_error', 'model__max_bins': 127, 'model__max_features': 0.05, 'model__max_leaf_nodes': 31, 'model__min_samples_leaf': 200, 'reshape': FunctionTransformer(func=<function reshape at 0x7f58a4c93e20>), 'second_scale': 'passthrough'}",0.08566806290426632,0.08566806290426632,0.0,1,0.527042719244318,0.527042719244318,0.0,,0.9562070576479414,0.6877188966108769
1,2019.5412113666534,0.0,38.44119453430176,0.0,passthrough,power_phase_stft,"HistGradientBoostingRegressor(early_stopping=True, max_iter=2000,
                              n_iter_no_change=20, random_state=42)",5.0,0.05,squared_error,63,0.01,127,200,FunctionTransformer(func=<function reshape at 0x7f58a4c93e20>),passthrough,"{'first_scale': 'passthrough', 'frequency': FunctionTransformer(func=<function power_phase_stft at 0x7f58a4c934c0>), 'model': HistGradientBoostingRegressor(early_stopping=True, max_iter=2000,
                              n_iter_no_change=20, random_state=42), 'model__l2_regularization': 5.0, 'model__learning_rate': 0.05, 'model__loss': 'squared_error', 'model__max_bins': 63, 'model__max_depth': 3, 'model__max_features': 0.01, 'model__max_leaf_nodes': 127, 'model__min_samples_leaf': 200, 'reshape': FunctionTransformer(func=<function reshape at 0x7f58a4c93e20>), 'second_scale': 'passthrough'}",0.08218939668083391,0.08218939668083391,0.0,2,0.24517054651631875,0.24517054651631875,0.0,3.0,0.9580243229267021,0.8688092158141978
0,4702.876271247864,0.0,36.014559507369995,0.0,passthrough,power_phase_stft,"HistGradientBoostingRegressor(early_stopping=True, max_iter=2000,
                              n_iter_no_change=20, random_state=42)",0.1,0.1,squared_error,127,0.02,63,400,FunctionTransformer(func=<function reshape at 0x7f58a4c93e20>),passthrough,"{'first_scale': 'passthrough', 'frequency': FunctionTransformer(func=<function power_phase_stft at 0x7f58a4c934c0>), 'model': HistGradientBoostingRegressor(early_stopping=True, max_iter=2000,
                              n_iter_no_change=20, random_state=42), 'model__l2_regularization': 0.1, 'model__learning_rate': 0.1, 'model__loss': 'squared_error', 'model__max_bins': 127, 'model__max_features': 0.02, 'model__max_leaf_nodes': 63, 'model__min_samples_leaf': 400, 'reshape': FunctionTransformer(func=<function reshape at 0x7f58a4c93e20>), 'second_scale': 'passthrough'}",0.05959668074631974,0.05959668074631974,0.0,2,0.7402040916510276,0.7402040916510276,0.0,,0.9697439452008351,0.5097017837412111
1,6592.1826004981995,0.0,41.80664038658142,0.0,passthrough,power_phase_stft,"HistGradientBoostingRegressor(early_stopping=True, max_iter=2000,
                              n_iter_no_change=20, random_state=42)",1.0,0.01,squared_error,63,0.01,127,3200,FunctionTransformer(func=<function reshape at 0x7f58a4c93e20>),passthrough,"{'first_scale': 'passthrough', 'frequency': FunctionTransformer(func=<function power_phase_stft at 0x7f58a4c934c0>), 'model': HistGradientBoostingRegressor(early_stopping=True, max_iter=2000,
                              n_iter_no_change=20, random_state=42), 'model__l2_regularization': 1.0, 'model__learning_rate': 0.01, 'model__loss': 'squared_error', 'model__max_bins': 63, 'model__max_features': 0.01, 'model__max_leaf_nodes': 127, 'model__min_samples_leaf': 3200, 'reshape': FunctionTransformer(func=<function reshape at 0x7f58a4c93e20>), 'second_scale': 'passthrough'}",0.08667108106458443,0.08667108106458443,0.0,1,0.20714643321398696,0.20714643321398696,0.0,,0.9556824362388457,0.8904232514855017
0,6524.3581829071045,0.0,33.14515948295593,0.0,passthrough,power_phase_stft,"HistGradientBoostingRegressor(early_stopping=True, max_iter=2000,
                              n_iter_no_change=20, random_state=42)",0.1,0.05,squared_error,127,0.02,31,800,FunctionTransformer(func=<function reshape at 0x7f58a4c93e20>),passthrough,"{'first_scale': 'passthrough', 'frequency': FunctionTransformer(func=<function power_phase_stft at 0x7f58a4c934c0>), 'model': HistGradientBoostingRegressor(early_stopping=True, max_iter=2000,
                              n_iter_no_change=20, random_state=42), 'model__l2_regularization': 0.1, 'model__learning_rate': 0.05, 'model__loss': 'squared_error', 'model__max_bins': 127, 'model__max_features': 0.02, 'model__max_leaf_nodes': 31, 'model__min_samples_leaf': 800, 'reshape': FunctionTransformer(func=<function reshape at 0x7f58a4c93e20>), 'second_scale': 'passthrough'}",0.07820494410144518,0.07820494410144518,0.0,2,0.6293317450682429,0.6293317450682429,0.0,,0.9601015862389536,0.6088253074008645
1,4250.188676357269,0.0,31.992526054382324,0.0,passthrough,power_phase_stft,"HistGradientBoostingRegressor(early_stopping=True, max_iter=2000,
                              n_iter_no_change=20, random_state=42)",0.1,0.01,squared_error,63,0.01,63,6400,FunctionTransformer(func=<function reshape at 0x7f58a4c93e20>),passthrough,"{'first_scale': 'passthrough', 'frequency': FunctionTransformer(func=<function power_phase_stft at 0x7f58a4c934c0>), 'model': HistGradientBoostingRegressor(early_stopping=True, max_iter=2000,
                              n_iter_no_change=20, random_state=42), 'model__l2_regularization': 0.1, 'model__learning_rate': 0.01, 'model__loss': 'squared_error', 'model__max_bins': 63, 'model__max_features': 0.01, 'model__max_leaf_nodes': 63, 'model__min_samples_leaf': 6400, 'reshape': FunctionTransformer(func=<function reshape at 0x7f58a4c93e20>), 'second_scale': 'passthrough'}",0.07981874042932624,0.07981874042932624,0.0,1,0.1471305466038515,0.1471305466038515,0.0,,0.95926078809189,0.9235093141902514
0,6117.227213144302,0.0,38.01693892478943,0.0,passthrough,power_phase_stft,"HistGradientBoostingRegressor(early_stopping=True, max_iter=2000,
                              n_iter_no_change=20, random_state=42)",0.0,0.05,squared_error,127,0.02,31,800,FunctionTransformer(func=<function reshape at 0x7f58a4c93e20>),passthrough,"{'first_scale': 'passthrough', 'frequency': FunctionTransformer(func=<function power_phase_stft at 0x7f58a4c934c0>), 'model': HistGradientBoostingRegressor(early_stopping=True, max_iter=2000,
                              n_iter_no_change=20, random_state=42), 'model__l2_regularization': 0.0, 'model__learning_rate': 0.05, 'model__loss': 'squared_error', 'model__max_bins': 127, 'model__max_features': 0.02, 'model__max_leaf_nodes': 31, 'model__min_samples_leaf': 800, 'reshape': FunctionTransformer(func=<function reshape at 0x7f58a4c93e20>), 'second_scale': 'passthrough'}",0.07978318886340563,0.07978318886340563,0.0,2,0.6028370572664162,0.6028370572664162,0.0,,0.9592793186223678,0.6302086501576948
1,5261.549774646759,0.0,38.93040990829468,0.0,passthrough,power_phase_stft,"HistGradientBoostingRegressor(early_stopping=True, max_iter=2000,
                              n_iter_no_change=20, random_state=42)",1.0,0.05,squared_error,127,0.05,31,800,FunctionTransformer(func=<function reshape at 0x7f58a4c93e20>),passthrough,"{'first_scale': 'passthrough', 'frequency': FunctionTransformer(func=<function power_phase_stft at 0x7f58a4c934c0>), 'model': HistGradientBoostingRegressor(early_stopping=True, max_iter=2000,
                              n_iter_no_change=20, random_state=42), 'model__l2_regularization': 1.0, 'model__learning_rate': 0.05, 'model__loss': 'squared_error', 'model__max_bins': 127, 'model__max_features': 0.05, 'model__max_leaf_nodes': 31, 'model__min_samples_leaf': 800, 'reshape': FunctionTransformer(func=<function reshape at 0x7f58a4c93e20>), 'second_scale': 'passthrough'}",0.0834771149868595,0.0834771149868595,0.0,1,0.5776078098465198,0.5776078098465198,0.0,,0.9573520172920411,0.6499170640577767
0,11306.894204854965,0.0,51.996806144714355,0.0,passthrough,power_phase_stft,"HistGradientBoostingRegressor(early_stopping=True, max_iter=2000,
                              n_iter_no_change=20, random_state=42)",0.0,0.1,squared_error,127,0.02,127,400,FunctionTransformer(func=<function reshape at 0x7f58a4c93e20>),passthrough,"{'first_scale': 'passthrough', 'frequency': FunctionTransformer(func=<function power_phase_stft at 0x7f58a4c934c0>), 'model': HistGradientBoostingRegressor(early_stopping=True, max_iter=2000,
                              n_iter_no_change=20, random_state=42), 'model__l2_regularization': 0.0, 'model__learning_rate': 0.1, 'model__loss': 'squared_error', 'model__max_bins': 127, 'model__max_features': 0.02, 'model__max_leaf_nodes': 127, 'model__min_samples_leaf': 400, 'reshape': FunctionTransformer(func=<function reshape at 0x7f58a4c93e20>), 'second_scale': 'passthrough'}",0.04434484035122699,0.04434484035122699,0.0,2,0.8870723175367795,0.8870723175367795,0.0,,0.9775761656509292,0.33604714321538354
1,9861.766470909119,0.0,49.00567150115967,0.0,passthrough,power_phase_stft,"HistGradientBoostingRegressor(early_stopping=True, max_iter=2000,
                              n_iter_no_change=20, random_state=42)",1.0,0.1,squared_error,127,0.05,127,400,FunctionTransformer(func=<function reshape at 0x7f58a4c93e20>),passthrough,"{'first_scale': 'passthrough', 'frequency': FunctionTransformer(func=<function power_phase_stft at 0x7f58a4c934c0>), 'model': HistGradientBoostingRegressor(early_stopping=True, max_iter=2000,
                              n_iter_no_change=20, random_state=42), 'model__l2_regularization': 1.0, 'model__learning_rate': 0.1, 'model__loss': 'squared_error', 'model__max_bins': 127, 'model__max_features': 0.05, 'model__max_leaf_nodes': 127, 'model__min_samples_leaf': 400, 'reshape': FunctionTransformer(func=<function reshape at 0x7f58a4c93e20>), 'second_scale': 'passthrough'}",0.050380922608894485,0.050380922608894485,0.0,1,0.868449108519487,0.868449108519487,0.0,,0.9744840057133342,0.3626994506206386
0,10572.153025388718,0.0,46.116738080978394,0.0,passthrough,power_phase_stft,"HistGradientBoostingRegressor(early_stopping=True, max_iter=2000,
                              n_iter_no_change=20, random_state=42)",0.001,0.02,squared_error,127,0.05,31,800,FunctionTransformer(func=<function reshape at 0x7f58a4c93e20>),passthrough,"{'first_scale': 'passthrough', 'frequency': FunctionTransformer(func=<function power_phase_stft at 0x7f58a4c934c0>), 'model': HistGradientBoostingRegressor(early_stopping=True, max_iter=2000,
                              n_iter_no_change=20, random_state=42), 'model__l2_regularization': 0.001, 'model__learning_rate': 0.02, 'model__loss': 'squared_error', 'model__max_bins': 127, 'model__max_features': 0.05, 'model__max_leaf_nodes': 31, 'model__min_samples_leaf': 800, 'reshape': FunctionTransformer(func=<function reshape at 0x7f58a4c93e20>), 'second_scale': 'passthrough'}",0.08862697276686993,0.08862697276686993,0.0,1,0.48249116133509473,0.48249116133509473,0.0,,0.9546585919757545,0.7193808717674562
1,4409.1333820819855,0.0,40.755746364593506,0.0,passthrough,power_phase_stft,"HistGradientBoostingRegressor(early_stopping=True, max_iter=2000,
                              n_iter_no_change=20, random_state=42)",0.01,0.05,squared_error,63,0.01,127,200,FunctionTransformer(func=<function reshape at 0x7f58a4c93e20>),passthrough,"{'first_scale': 'passthrough', 'frequency': FunctionTransformer(func=<function power_phase_stft at 0x7f58a4c934c0>), 'model': HistGradientBoostingRegressor(early_stopping=True, max_iter=2000,
                              n_iter_no_change=20, random_state=42), 'model__l2_regularization': 0.01, 'model__learning_rate': 0.05, 'model__loss': 'squared_error', 'model__max_bins': 63, 'model__max_depth': 6, 'model__max_features': 0.01, 'model__max_leaf_nodes': 127, 'model__min_samples_leaf': 200, 'reshape': FunctionTransformer(func=<function reshape at 0x7f58a4c93e20>), 'second_scale': 'passthrough'}",0.07709438952394321,0.07709438952394321,0.0,2,0.5792552028885786,0.5792552028885786,0.0,6.0,0.9606797647895249,0.6486484387643444
0,1970.112808227539,0.0,38.152541399002075,0.0,passthrough,power_phase_stft,"HistGradientBoostingRegressor(early_stopping=True, max_iter=2000,
                              n_iter_no_change=20, random_state=42)",0.001,0.1,squared_error,127,0.05,31,400,FunctionTransformer(func=<function reshape at 0x7f58a4c93e20>),passthrough,"{'first_scale': 'passthrough', 'frequency': FunctionTransformer(func=<function power_phase_stft at 0x7f58a4c934c0>), 'model': HistGradientBoostingRegressor(early_stopping=True, max_iter=2000,
                              n_iter_no_change=20, random_state=42), 'model__l2_regularization': 0.001, 'model__learning_rate': 0.1, 'model__loss': 'squared_error', 'model__max_bins': 127, 'model__max_features': 0.05, 'model__max_leaf_nodes': 31, 'model__min_samples_leaf': 400, 'reshape': FunctionTransformer(func=<function reshape at 0x7f58a4c93e20>), 'second_scale': 'passthrough'}",0.073683878144019,0.073683878144019,0.0,2,0.4241759697957439,0.4241759697957439,0.0,,0.9624531790461192,0.7588306993027207
1,10675.825365304947,0.0,46.16844463348389,0.0,passthrough,power_phase_stft,"HistGradientBoostingRegressor(early_stopping=True, max_iter=2000,
                              n_iter_no_change=20, random_state=42)",0.1,0.01,squared_error,32,0.02,127,200,FunctionTransformer(func=<function reshape at 0x7f58a4c93e20>),passthrough,"{'first_scale': 'passthrough', 'frequency': FunctionTransformer(func=<function power_phase_stft at 0x7f58a4c934c0>), 'model': HistGradientBoostingRegressor(early_stopping=True, max_iter=2000,
                              n_iter_no_change=20, random_state=42), 'model__l2_regularization': 0.1, 'model__learning_rate': 0.01, 'model__loss': 'squared_error', 'model__max_bins': 32, 'model__max_depth': 6, 'model__max_features': 0.02, 'model__max_leaf_nodes': 127, 'model__min_samples_leaf': 200, 'reshape': FunctionTransformer(func=<function reshape at 0x7f58a4c93e20>), 'second_scale': 'passthrough'}",0.08768320310034972,0.08768320310034972,0.0,1,0.40969983897707085,0.40969983897707085,0.0,6.0,0.9551527610281249,0.768309938125838
0,3384.483506679535,0.0,38.215333223342896,0.0,passthrough,power_phase_stft,"HistGradientBoostingRegressor(early_stopping=True, max_iter=2000,
                              n_iter_no_change=20, random_state=42)",0.0,0.1,squared_error,127,0.05,31,100,FunctionTransformer(func=<function reshape at 0x7f58a4c93e20>),passthrough,"{'first_scale': 'passthrough', 'frequency': FunctionTransformer(func=<function power_phase_stft at 0x7f58a4c934c0>), 'model': HistGradientBoostingRegressor(early_stopping=True, max_iter=2000,
                              n_iter_no_change=20, random_state=42), 'model__l2_regularization': 0.0, 'model__learning_rate': 0.1, 'model__loss': 'squared_error', 'model__max_bins': 127, 'model__max_features': 0.05, 'model__max_leaf_nodes': 31, 'model__min_samples_leaf': 100, 'reshape': FunctionTransformer(func=<function reshape at 0x7f58a4c93e20>), 'second_scale': 'passthrough'}",0.06231556022430662,0.06231556022430662,0.0,2,0.6467589179938764,0.6467589179938764,0.0,,0.968341076158444,0.5943408803087026
1,4692.720247030258,0.0,41.33705949783325,0.0,passthrough,power_phase_stft,"HistGradientBoostingRegressor(early_stopping=True, max_iter=2000,
                              n_iter_no_change=20, random_state=42)",0.01,0.01,squared_error,32,0.02,127,200,FunctionTransformer(func=<function reshape at 0x7f58a4c93e20>),passthrough,"{'first_scale': 'passthrough', 'frequency': FunctionTransformer(func=<function power_phase_stft at 0x7f58a4c934c0>), 'model': HistGradientBoostingRegressor(early_stopping=True, max_iter=2000,
                              n_iter_no_change=20, random_state=42), 'model__l2_regularization': 0.01, 'model__learning_rate': 0.01, 'model__loss': 'squared_error', 'model__max_bins': 32, 'model__max_depth': 3, 'model__max_features': 0.02, 'model__max_leaf_nodes': 127, 'model__min_samples_leaf': 200, 'reshape': FunctionTransformer(func=<function reshape at 0x7f58a4c93e20>), 'second_scale': 'passthrough'}",0.07885235360769305,0.07885235360769305,0.0,1,0.15313113290713887,0.15313113290713887,0.0,3.0,0.9597643702452737,0.9202547837924349
0,9587.056691408157,0.0,46.526604413986206,0.0,passthrough,power_phase_stft,"HistGradientBoostingRegressor(early_stopping=True, max_iter=2000,
                              n_iter_no_change=20, random_state=42)",0.001,0.05,squared_error,127,0.02,63,100,FunctionTransformer(func=<function reshape at 0x7f58a4c93e20>),passthrough,"{'first_scale': 'passthrough', 'frequency': FunctionTransformer(func=<function power_phase_stft at 0x7f58a4c934c0>), 'model': HistGradientBoostingRegressor(early_stopping=True, max_iter=2000,
                              n_iter_no_change=20, random_state=42), 'model__l2_regularization': 0.001, 'model__learning_rate': 0.05, 'model__loss': 'squared_error', 'model__max_bins': 127, 'model__max_features': 0.02, 'model__max_leaf_nodes': 63, 'model__min_samples_leaf': 100, 'reshape': FunctionTransformer(func=<function reshape at 0x7f58a4c93e20>), 'second_scale': 'passthrough'}",0.07371310933551534,0.07371310933551534,0.0,2,0.7700627749808564,0.7700627749808564,0.0,,0.9624379931530574,0.47951770042318936
1,5043.581187725067,0.0,47.37163019180298,0.0,passthrough,power_phase_stft,"HistGradientBoostingRegressor(early_stopping=True, max_iter=2000,
                              n_iter_no_change=20, random_state=42)",0.05,0.01,squared_error,63,0.01,127,200,FunctionTransformer(func=<function reshape at 0x7f58a4c93e20>),passthrough,"{'first_scale': 'passthrough', 'frequency': FunctionTransformer(func=<function power_phase_stft at 0x7f58a4c934c0>), 'model': HistGradientBoostingRegressor(early_stopping=True, max_iter=2000,
                              n_iter_no_change=20, random_state=42), 'model__l2_regularization': 0.05, 'model__learning_rate': 0.01, 'model__loss': 'squared_error', 'model__max_bins': 63, 'model__max_depth': 3, 'model__max_features': 0.01, 'model__max_leaf_nodes': 127, 'model__min_samples_leaf': 200, 'reshape': FunctionTransformer(func=<function reshape at 0x7f58a4c93e20>), 'second_scale': 'passthrough'}",0.07722096920715793,0.07722096920715793,0.0,1,0.1498439587045206,0.1498439587045206,0.0,3.0,0.9606138822611519,0.9220390671199781
0,2302.544219970703,0.0,31.502434015274048,0.0,passthrough,power_phase_stft,"HistGradientBoostingRegressor(early_stopping=True, max_iter=2000,
                              n_iter_no_change=20, random_state=42)",0.001,0.1,squared_error,127,0.02,31,100,FunctionTransformer(func=<function reshape at 0x7f58a4c93e20>),passthrough,"{'first_scale': 'passthrough', 'frequency': FunctionTransformer(func=<function power_phase_stft at 0x7f58a4c934c0>), 'model': HistGradientBoostingRegressor(early_stopping=True, max_iter=2000,
                              n_iter_no_change=20, random_state=42), 'model__l2_regularization': 0.001, 'model__learning_rate': 0.1, 'model__loss': 'squared_error', 'model__max_bins': 127, 'model__max_features': 0.02, 'model__max_leaf_nodes': 31, 'model__min_samples_leaf': 100, 'reshape': FunctionTransformer(func=<function reshape at 0x7f58a4c93e20>), 'second_scale': 'passthrough'}",0.06005529587991343,0.06005529587991343,0.0,2,0.5685912722411954,0.5685912722411954,0.0,,0.9695074543911906,0.6568171189599161
1,9438.09735751152,0.0,32.53211760520935,0.0,passthrough,power_phase_stft,"HistGradientBoostingRegressor(early_stopping=True, max_iter=2000,
                              n_iter_no_change=20, random_state=42)",0.05,0.05,squared_error,32,0.02,127,200,FunctionTransformer(func=<function reshape at 0x7f58a4c93e20>),passthrough,"{'first_scale': 'passthrough', 'frequency': FunctionTransformer(func=<function power_phase_stft at 0x7f58a4c934c0>), 'model': HistGradientBoostingRegressor(early_stopping=True, max_iter=2000,
                              n_iter_no_change=20, random_state=42), 'model__l2_regularization': 0.05, 'model__learning_rate': 0.05, 'model__loss': 'squared_error', 'model__max_bins': 32, 'model__max_depth': 10, 'model__max_features': 0.02, 'model__max_leaf_nodes': 127, 'model__min_samples_leaf': 200, 'reshape': FunctionTransformer(func=<function reshape at 0x7f58a4c93e20>), 'second_scale': 'passthrough'}",0.06995605405001748,0.06995605405001748,0.0,1,0.8820641975736253,0.8820641975736253,0.0,10.0,0.9643878607437893,0.3434178248524306
0,4194.552068710327,0.0,34.488810539245605,0.0,passthrough,power_phase_stft,"HistGradientBoostingRegressor(early_stopping=True, max_iter=2000,
                              n_iter_no_change=20, random_state=42)",0.1,0.1,squared_error,127,0.05,127,400,FunctionTransformer(func=<function reshape at 0x7f58a4c93e20>),passthrough,"{'first_scale': 'passthrough', 'frequency': FunctionTransformer(func=<function power_phase_stft at 0x7f58a4c934c0>), 'model': HistGradientBoostingRegressor(early_stopping=True, max_iter=2000,
                              n_iter_no_change=20, random_state=42), 'model__l2_regularization': 0.1, 'model__learning_rate': 0.1, 'model__loss': 'squared_error', 'model__max_bins': 127, 'model__max_features': 0.05, 'model__max_leaf_nodes': 127, 'model__min_samples_leaf': 400, 'reshape': FunctionTransformer(func=<function reshape at 0x7f58a4c93e20>), 'second_scale': 'passthrough'}",0.05010181012000159,0.05010181012000159,0.0,2,0.7903768594637214,0.7903768594637214,0.0,,0.9746272055919629,0.457846197468406
1,5544.662408351898,0.0,36.989049434661865,0.0,passthrough,power_phase_stft,"HistGradientBoostingRegressor(early_stopping=True, max_iter=2000,
                              n_iter_no_change=20, random_state=42)",5.0,0.02,squared_error,63,0.01,63,3200,FunctionTransformer(func=<function reshape at 0x7f58a4c93e20>),passthrough,"{'first_scale': 'passthrough', 'frequency': FunctionTransformer(func=<function power_phase_stft at 0x7f58a4c934c0>), 'model': HistGradientBoostingRegressor(early_stopping=True, max_iter=2000,
                              n_iter_no_change=20, random_state=42), 'model__l2_regularization': 5.0, 'model__learning_rate': 0.02, 'model__loss': 'squared_error', 'model__max_bins': 63, 'model__max_features': 0.01, 'model__max_leaf_nodes': 63, 'model__min_samples_leaf': 3200, 'reshape': FunctionTransformer(func=<function reshape at 0x7f58a4c93e20>), 'second_scale': 'passthrough'}",0.09148174790944208,0.09148174790944208,0.0,1,0.2992990814791078,0.2992990814791078,0.0,,0.9531622380741686,0.8370788006638874
0,1711.0320620536804,0.0,30.138617038726807,0.0,passthrough,power_phase_stft,"HistGradientBoostingRegressor(early_stopping=True, max_iter=2000,
                              n_iter_no_change=20, random_state=42)",0.1,0.1,squared_error,127,0.05,31,400,FunctionTransformer(func=<function reshape at 0x7f58a4c93e20>),passthrough,"{'first_scale': 'passthrough', 'frequency': FunctionTransformer(func=<function power_phase_stft at 0x7f58a4c934c0>), 'model': HistGradientBoostingRegressor(early_stopping=True, max_iter=2000,
                              n_iter_no_change=20, random_state=42), 'model__l2_regularization': 0.1, 'model__learning_rate': 0.1, 'model__loss': 'squared_error', 'model__max_bins': 127, 'model__max_features': 0.05, 'model__max_leaf_nodes': 31, 'model__min_samples_leaf': 400, 'reshape': FunctionTransformer(func=<function reshape at 0x7f58a4c93e20>), 'second_scale': 'passthrough'}",0.07206480753904265,0.07206480753904265,0.0,2,0.47359061755564646,0.47359061755564646,0.0,,0.9632939283837293,0.7255407517461397
1,5287.530622959137,0.0,32.95600461959839,0.0,passthrough,power_phase_stft,"HistGradientBoostingRegressor(early_stopping=True, max_iter=2000,
                              n_iter_no_change=20, random_state=42)",5.0,0.01,squared_error,63,0.01,63,3200,FunctionTransformer(func=<function reshape at 0x7f58a4c93e20>),passthrough,"{'first_scale': 'passthrough', 'frequency': FunctionTransformer(func=<function power_phase_stft at 0x7f58a4c934c0>), 'model': HistGradientBoostingRegressor(early_stopping=True, max_iter=2000,
                              n_iter_no_change=20, random_state=42), 'model__l2_regularization': 5.0, 'model__learning_rate': 0.01, 'model__loss': 'squared_error', 'model__max_bins': 63, 'model__max_features': 0.01, 'model__max_leaf_nodes': 63, 'model__min_samples_leaf': 3200, 'reshape': FunctionTransformer(func=<function reshape at 0x7f58a4c93e20>), 'second_scale': 'passthrough'}",0.08609156731113321,0.08609156731113321,0.0,1,0.20751241794088982,0.20751241794088982,0.0,,0.9559855818415186,0.890217716100455
0,5205.235713720322,0.0,43.40608334541321,0.0,passthrough,power_phase_stft,"HistGradientBoostingRegressor(early_stopping=True, max_iter=2000,
                              n_iter_no_change=20, random_state=42)",0.01,0.1,squared_error,127,0.02,63,800,FunctionTransformer(func=<function reshape at 0x7f58a4c93e20>),passthrough,"{'first_scale': 'passthrough', 'frequency': FunctionTransformer(func=<function power_phase_stft at 0x7f58a4c934c0>), 'model': HistGradientBoostingRegressor(early_stopping=True, max_iter=2000,
                              n_iter_no_change=20, random_state=42), 'model__l2_regularization': 0.01, 'model__learning_rate': 0.1, 'model__loss': 'squared_error', 'model__max_bins': 127, 'model__max_features': 0.02, 'model__max_leaf_nodes': 63, 'model__min_samples_leaf': 800, 'reshape': FunctionTransformer(func=<function reshape at 0x7f58a4c93e20>), 'second_scale': 'passthrough'}",0.05617899860701192,0.05617899860701192,0.0,2,0.7243172001471179,0.7243172001471179,0.0,,0.9715045040518279,0.5250550445933094
1,1479.7953033447266,0.0,39.2673614025116,0.0,passthrough,power_phase_stft,"HistGradientBoostingRegressor(early_stopping=True, max_iter=2000,
                              n_iter_no_change=20, random_state=42)",1.0,0.1,squared_error,32,0.02,127,200,FunctionTransformer(func=<function reshape at 0x7f58a4c93e20>),passthrough,"{'first_scale': 'passthrough', 'frequency': FunctionTransformer(func=<function power_phase_stft at 0x7f58a4c934c0>), 'model': HistGradientBoostingRegressor(early_stopping=True, max_iter=2000,
                              n_iter_no_change=20, random_state=42), 'model__l2_regularization': 1.0, 'model__learning_rate': 0.1, 'model__loss': 'squared_error', 'model__max_bins': 32, 'model__max_depth': 3, 'model__max_features': 0.02, 'model__max_leaf_nodes': 127, 'model__min_samples_leaf': 200, 'reshape': FunctionTransformer(func=<function reshape at 0x7f58a4c93e20>), 'second_scale': 'passthrough'}",0.07934230849289103,0.07934230849289103,0.0,1,0.24826182734876256,0.24826182734876256,0.0,3.0,0.9595090888090164,0.8670283574666041
0,12817.389225006104,0.0,86.83286762237549,0.0,passthrough,power_phase_stft,"HistGradientBoostingRegressor(early_stopping=True, max_iter=2000,
                              n_iter_no_change=20, random_state=42)",0.0,0.05,squared_error,127,0.05,63,400,FunctionTransformer(func=<function reshape at 0x7f58a4c93e20>),passthrough,"{'first_scale': 'passthrough', 'frequency': FunctionTransformer(func=<function power_phase_stft at 0x7f58a4c934c0>), 'model': HistGradientBoostingRegressor(early_stopping=True, max_iter=2000,
                              n_iter_no_change=20, random_state=42), 'model__l2_regularization': 0.0, 'model__learning_rate': 0.05, 'model__loss': 'squared_error', 'model__max_bins': 127, 'model__max_features': 0.05, 'model__max_leaf_nodes': 63, 'model__min_samples_leaf': 400, 'reshape': FunctionTransformer(func=<function reshape at 0x7f58a4c93e20>), 'second_scale': 'passthrough'}",0.07068500023786939,0.07068500023786939,0.0,1,0.7207663030961288,0.7207663030961288,0.0,,0.9640098545980381,0.5284256777484145
1,8642.640434026718,0.0,88.66355347633362,0.0,passthrough,power_phase_stft,"HistGradientBoostingRegressor(early_stopping=True, max_iter=2000,
                              n_iter_no_change=20, random_state=42)",1.0,0.1,squared_error,127,0.02,63,400,FunctionTransformer(func=<function reshape at 0x7f58a4c93e20>),passthrough,"{'first_scale': 'passthrough', 'frequency': FunctionTransformer(func=<function power_phase_stft at 0x7f58a4c934c0>), 'model': HistGradientBoostingRegressor(early_stopping=True, max_iter=2000,
                              n_iter_no_change=20, random_state=42), 'model__l2_regularization': 1.0, 'model__learning_rate': 0.1, 'model__loss': 'squared_error', 'model__max_bins': 127, 'model__max_features': 0.02, 'model__max_leaf_nodes': 63, 'model__min_samples_leaf': 400, 'reshape': FunctionTransformer(func=<function reshape at 0x7f58a4c93e20>), 'second_scale': 'passthrough'}",0.05768269303048401,0.05768269303048401,0.0,2,0.7584952386208457,0.7584952386208457,0.0,,0.9707302956895473,0.49143133943528094
0,7930.730580806732,0.0,40.000941038131714,0.0,passthrough,power_phase_stft,"HistGradientBoostingRegressor(early_stopping=True, max_iter=2000,
                              n_iter_no_change=20, random_state=42)",0.0,0.1,squared_error,127,0.02,255,200,FunctionTransformer(func=<function reshape at 0x7f58a4c93e20>),passthrough,"{'first_scale': 'passthrough', 'frequency': FunctionTransformer(func=<function power_phase_stft at 0x7f58a4c934c0>), 'model': HistGradientBoostingRegressor(early_stopping=True, max_iter=2000,
                              n_iter_no_change=20, random_state=42), 'model__l2_regularization': 0.0, 'model__learning_rate': 0.1, 'model__loss': 'squared_error', 'model__max_bins': 127, 'model__max_features': 0.02, 'model__max_leaf_nodes': 255, 'model__min_samples_leaf': 200, 'reshape': FunctionTransformer(func=<function reshape at 0x7f58a4c93e20>), 'second_scale': 'passthrough'}",0.0377708998581342,0.0377708998581342,0.0,1,0.8865397062532898,0.8865397062532898,0.0,,0.9809327704495685,0.33683867614439733
1,10986.155485391617,0.0,41.474037647247314,0.0,passthrough,power_phase_stft,"HistGradientBoostingRegressor(early_stopping=True, max_iter=2000,
                              n_iter_no_change=20, random_state=42)",1.0,0.1,squared_error,127,0.05,255,200,FunctionTransformer(func=<function reshape at 0x7f58a4c93e20>),passthrough,"{'first_scale': 'passthrough', 'frequency': FunctionTransformer(func=<function power_phase_stft at 0x7f58a4c934c0>), 'model': HistGradientBoostingRegressor(early_stopping=True, max_iter=2000,
                              n_iter_no_change=20, random_state=42), 'model__l2_regularization': 1.0, 'model__learning_rate': 0.1, 'model__loss': 'squared_error', 'model__max_bins': 127, 'model__max_features': 0.05, 'model__max_leaf_nodes': 255, 'model__min_samples_leaf': 200, 'reshape': FunctionTransformer(func=<function reshape at 0x7f58a4c93e20>), 'second_scale': 'passthrough'}",0.03410332911839686,0.03410332911839686,0.0,2,0.9097555459800003,0.9097555459800003,0.0,,0.9828004227113474,0.30040714708541755
0,8915.682264566422,0.0,35.55272388458252,0.0,passthrough,power_phase_stft,"HistGradientBoostingRegressor(early_stopping=True, max_iter=2000,
                              n_iter_no_change=20, random_state=42)",0.01,0.05,squared_error,127,0.02,127,200,FunctionTransformer(func=<function reshape at 0x7f58a4c93e20>),passthrough,"{'first_scale': 'passthrough', 'frequency': FunctionTransformer(func=<function power_phase_stft at 0x7f58a4c934c0>), 'model': HistGradientBoostingRegressor(early_stopping=True, max_iter=2000,
                              n_iter_no_change=20, random_state=42), 'model__l2_regularization': 0.01, 'model__learning_rate': 0.05, 'model__loss': 'squared_error', 'model__max_bins': 127, 'model__max_features': 0.02, 'model__max_leaf_nodes': 127, 'model__min_samples_leaf': 200, 'reshape': FunctionTransformer(func=<function reshape at 0x7f58a4c93e20>), 'second_scale': 'passthrough'}",0.07023131595541399,0.07023131595541399,0.0,2,0.8614986419821724,0.8614986419821724,0.0,,0.9642451369048153,0.3721577058423318
1,3249.38725566864,0.0,33.512463331222534,0.0,passthrough,power_phase_stft,"HistGradientBoostingRegressor(early_stopping=True, max_iter=2000,
                              n_iter_no_change=20, random_state=42)",1.0,0.02,squared_error,32,0.01,127,200,FunctionTransformer(func=<function reshape at 0x7f58a4c93e20>),passthrough,"{'first_scale': 'passthrough', 'frequency': FunctionTransformer(func=<function power_phase_stft at 0x7f58a4c934c0>), 'model': HistGradientBoostingRegressor(early_stopping=True, max_iter=2000,
                              n_iter_no_change=20, random_state=42), 'model__l2_regularization': 1.0, 'model__learning_rate': 0.02, 'model__loss': 'squared_error', 'model__max_bins': 32, 'model__max_depth': 3, 'model__max_features': 0.01, 'model__max_leaf_nodes': 127, 'model__min_samples_leaf': 200, 'reshape': FunctionTransformer(func=<function reshape at 0x7f58a4c93e20>), 'second_scale': 'passthrough'}",0.08334819460255094,0.08334819460255094,0.0,1,0.20373531067369843,0.20373531067369843,0.0,3.0,0.9574193466801519,0.8923366457376395
0,3218.7871186733246,0.0,58.380364418029785,0.0,passthrough,power_phase_stft,"HistGradientBoostingRegressor(early_stopping=True, max_iter=2000,
                              n_iter_no_change=20, random_state=42)",0.01,0.1,squared_error,127,0.02,31,800,FunctionTransformer(func=<function reshape at 0x7f58a4c93e20>),passthrough,"{'first_scale': 'passthrough', 'frequency': FunctionTransformer(func=<function power_phase_stft at 0x7f58a4c934c0>), 'model': HistGradientBoostingRegressor(early_stopping=True, max_iter=2000,
                              n_iter_no_change=20, random_state=42), 'model__l2_regularization': 0.01, 'model__learning_rate': 0.1, 'model__loss': 'squared_error', 'model__max_bins': 127, 'model__max_features': 0.02, 'model__max_leaf_nodes': 31, 'model__min_samples_leaf': 800, 'reshape': FunctionTransformer(func=<function reshape at 0x7f58a4c93e20>), 'second_scale': 'passthrough'}",0.07165331461435887,0.07165331461435887,0.0,2,0.4777150169190797,0.4777150169190797,0.0,,0.9635074910895302,0.7226928691227832
1,6154.327634334564,0.0,60.76465344429016,0.0,passthrough,power_phase_stft,"HistGradientBoostingRegressor(early_stopping=True, max_iter=2000,
                              n_iter_no_change=20, random_state=42)",1.0,0.05,squared_error,63,0.01,127,200,FunctionTransformer(func=<function reshape at 0x7f58a4c93e20>),passthrough,"{'first_scale': 'passthrough', 'frequency': FunctionTransformer(func=<function power_phase_stft at 0x7f58a4c934c0>), 'model': HistGradientBoostingRegressor(early_stopping=True, max_iter=2000,
                              n_iter_no_change=20, random_state=42), 'model__l2_regularization': 1.0, 'model__learning_rate': 0.05, 'model__loss': 'squared_error', 'model__max_bins': 63, 'model__max_depth': 6, 'model__max_features': 0.01, 'model__max_leaf_nodes': 127, 'model__min_samples_leaf': 200, 'reshape': FunctionTransformer(func=<function reshape at 0x7f58a4c93e20>), 'second_scale': 'passthrough'}",0.07669939980648277,0.07669939980648277,0.0,1,0.586628438254152,0.586628438254152,0.0,6.0,0.9608853210417554,0.642939780808318
0,4090.9859566688538,0.0,43.0131413936615,0.0,passthrough,power_phase_stft,"HistGradientBoostingRegressor(early_stopping=True, max_iter=2000,
                              n_iter_no_change=20, random_state=42)",0.1,0.1,squared_error,127,0.02,255,800,FunctionTransformer(func=<function reshape at 0x7f58a4c93e20>),passthrough,"{'first_scale': 'passthrough', 'frequency': FunctionTransformer(func=<function power_phase_stft at 0x7f58a4c934c0>), 'model': HistGradientBoostingRegressor(early_stopping=True, max_iter=2000,
                              n_iter_no_change=20, random_state=42), 'model__l2_regularization': 0.1, 'model__learning_rate': 0.1, 'model__loss': 'squared_error', 'model__max_bins': 127, 'model__max_features': 0.02, 'model__max_leaf_nodes': 255, 'model__min_samples_leaf': 800, 'reshape': FunctionTransformer(func=<function reshape at 0x7f58a4c93e20>), 'second_scale': 'passthrough'}",0.06130925569248036,0.06130925569248036,0.0,2,0.6269701071855645,0.6269701071855645,0.0,,0.9688605391425124,0.6107617316224352
1,5442.069587230682,0.0,42.470747232437134,0.0,passthrough,power_phase_stft,"HistGradientBoostingRegressor(early_stopping=True, max_iter=2000,
                              n_iter_no_change=20, random_state=42)",1.0,0.02,squared_error,63,0.01,127,6400,FunctionTransformer(func=<function reshape at 0x7f58a4c93e20>),passthrough,"{'first_scale': 'passthrough', 'frequency': FunctionTransformer(func=<function power_phase_stft at 0x7f58a4c934c0>), 'model': HistGradientBoostingRegressor(early_stopping=True, max_iter=2000,
                              n_iter_no_change=20, random_state=42), 'model__l2_regularization': 1.0, 'model__learning_rate': 0.02, 'model__loss': 'squared_error', 'model__max_bins': 63, 'model__max_features': 0.01, 'model__max_leaf_nodes': 127, 'model__min_samples_leaf': 6400, 'reshape': FunctionTransformer(func=<function reshape at 0x7f58a4c93e20>), 'second_scale': 'passthrough'}",0.08769267275663184,0.08769267275663184,0.0,1,0.20075113855665416,0.20075113855665416,0.0,,0.9551478038729756,0.8940071931720381
0,8533.537962913513,0.0,47.47967076301575,0.0,passthrough,power_phase_stft,"HistGradientBoostingRegressor(early_stopping=True, max_iter=2000,
                              n_iter_no_change=20, random_state=42)",0.001,0.1,squared_error,127,0.02,127,200,FunctionTransformer(func=<function reshape at 0x7f58a4c93e20>),passthrough,"{'first_scale': 'passthrough', 'frequency': FunctionTransformer(func=<function power_phase_stft at 0x7f58a4c934c0>), 'model': HistGradientBoostingRegressor(early_stopping=True, max_iter=2000,
                              n_iter_no_change=20, random_state=42), 'model__l2_regularization': 0.001, 'model__learning_rate': 0.1, 'model__loss': 'squared_error', 'model__max_bins': 127, 'model__max_features': 0.02, 'model__max_leaf_nodes': 127, 'model__min_samples_leaf': 200, 'reshape': FunctionTransformer(func=<function reshape at 0x7f58a4c93e20>), 'second_scale': 'passthrough'}",0.045059312119173134,0.045059312119173134,0.0,2,0.8780364272886755,0.8780364272886755,0.0,,0.977210667093246,0.34923283452637227
1,5589.941898107529,0.0,46.50174856185913,0.0,passthrough,power_phase_stft,"HistGradientBoostingRegressor(early_stopping=True, max_iter=2000,
                              n_iter_no_change=20, random_state=42)",0.05,0.1,squared_error,32,0.01,127,200,FunctionTransformer(func=<function reshape at 0x7f58a4c93e20>),passthrough,"{'first_scale': 'passthrough', 'frequency': FunctionTransformer(func=<function power_phase_stft at 0x7f58a4c934c0>), 'model': HistGradientBoostingRegressor(early_stopping=True, max_iter=2000,
                              n_iter_no_change=20, random_state=42), 'model__l2_regularization': 0.05, 'model__learning_rate': 0.1, 'model__loss': 'squared_error', 'model__max_bins': 32, 'model__max_depth': 10, 'model__max_features': 0.01, 'model__max_leaf_nodes': 127, 'model__min_samples_leaf': 200, 'reshape': FunctionTransformer(func=<function reshape at 0x7f58a4c93e20>), 'second_scale': 'passthrough'}",0.050748843244661224,0.050748843244661224,0.0,1,0.8330115314259018,0.8330115314259018,0.0,10.0,0.9742952102701412,0.40864222563765756
0,6609.850221157074,0.0,41.837759017944336,0.0,passthrough,power_phase_stft,"HistGradientBoostingRegressor(early_stopping=True, max_iter=2000,
                              n_iter_no_change=20, random_state=42)",0.001,0.1,squared_error,127,0.02,63,400,FunctionTransformer(func=<function reshape at 0x7f58a4c93e20>),passthrough,"{'first_scale': 'passthrough', 'frequency': FunctionTransformer(func=<function power_phase_stft at 0x7f58a4c934c0>), 'model': HistGradientBoostingRegressor(early_stopping=True, max_iter=2000,
                              n_iter_no_change=20, random_state=42), 'model__l2_regularization': 0.001, 'model__learning_rate': 0.1, 'model__loss': 'squared_error', 'model__max_bins': 127, 'model__max_features': 0.02, 'model__max_leaf_nodes': 63, 'model__min_samples_leaf': 400, 'reshape': FunctionTransformer(func=<function reshape at 0x7f58a4c93e20>), 'second_scale': 'passthrough'}",0.05970555266451694,0.05970555266451694,0.0,2,0.7797547736525686,0.7797547736525686,0.0,,0.9696878092125749,0.46930291534086105
1,1678.6146297454834,0.0,40.737040281295776,0.0,passthrough,power_phase_stft,"HistGradientBoostingRegressor(early_stopping=True, max_iter=2000,
                              n_iter_no_change=20, random_state=42)",0.05,0.1,squared_error,32,0.01,127,200,FunctionTransformer(func=<function reshape at 0x7f58a4c93e20>),passthrough,"{'first_scale': 'passthrough', 'frequency': FunctionTransformer(func=<function power_phase_stft at 0x7f58a4c934c0>), 'model': HistGradientBoostingRegressor(early_stopping=True, max_iter=2000,
                              n_iter_no_change=20, random_state=42), 'model__l2_regularization': 0.05, 'model__learning_rate': 0.1, 'model__loss': 'squared_error', 'model__max_bins': 32, 'model__max_depth': 3, 'model__max_features': 0.01, 'model__max_leaf_nodes': 127, 'model__min_samples_leaf': 200, 'reshape': FunctionTransformer(func=<function reshape at 0x7f58a4c93e20>), 'second_scale': 'passthrough'}",0.08074091026791186,0.08074091026791186,0.0,1,0.2515643702228926,0.2515643702228926,0.0,3.0,0.9587800006946787,0.8651217427490234
0,2645.286101579666,0.0,34.967808961868286,0.0,passthrough,power_phase_stft,"HistGradientBoostingRegressor(early_stopping=True, max_iter=2000,
                              n_iter_no_change=20, random_state=42)",0.01,0.1,squared_error,127,0.02,127,50,FunctionTransformer(func=<function reshape at 0x7f58a4c93e20>),passthrough,"{'first_scale': 'passthrough', 'frequency': FunctionTransformer(func=<function power_phase_stft at 0x7f58a4c934c0>), 'model': HistGradientBoostingRegressor(early_stopping=True, max_iter=2000,
                              n_iter_no_change=20, random_state=42), 'model__l2_regularization': 0.01, 'model__learning_rate': 0.1, 'model__loss': 'squared_error', 'model__max_bins': 127, 'model__max_features': 0.02, 'model__max_leaf_nodes': 127, 'model__min_samples_leaf': 50, 'reshape': FunctionTransformer(func=<function reshape at 0x7f58a4c93e20>), 'second_scale': 'passthrough'}",0.0493434032003246,0.0493434032003246,0.0,2,0.7650585020587286,0.7650585020587286,0.0,,0.9750162033523727,0.484707641719492
1,3485.340131521225,0.0,36.90601110458374,0.0,passthrough,power_phase_stft,"HistGradientBoostingRegressor(early_stopping=True, max_iter=2000,
                              n_iter_no_change=20, random_state=42)",1.0,0.1,squared_error,32,0.01,127,200,FunctionTransformer(func=<function reshape at 0x7f58a4c93e20>),passthrough,"{'first_scale': 'passthrough', 'frequency': FunctionTransformer(func=<function power_phase_stft at 0x7f58a4c934c0>), 'model': HistGradientBoostingRegressor(early_stopping=True, max_iter=2000,
                              n_iter_no_change=20, random_state=42), 'model__l2_regularization': 1.0, 'model__learning_rate': 0.1, 'model__loss': 'squared_error', 'model__max_bins': 32, 'model__max_depth': 6, 'model__max_features': 0.01, 'model__max_leaf_nodes': 127, 'model__min_samples_leaf': 200, 'reshape': FunctionTransformer(func=<function reshape at 0x7f58a4c93e20>), 'second_scale': 'passthrough'}",0.05127010373031182,0.05127010373031182,0.0,1,0.75381577956444,0.75381577956444,0.0,6.0,0.9740276670966221,0.49616954807359953
0,5378.583633899689,0.0,54.85665535926819,0.0,passthrough,power_phase_stft,"HistGradientBoostingRegressor(early_stopping=True, max_iter=2000,
                              n_iter_no_change=20, random_state=42)",0.001,0.1,squared_error,127,0.02,63,800,FunctionTransformer(func=<function reshape at 0x7f58a4c93e20>),passthrough,"{'first_scale': 'passthrough', 'frequency': FunctionTransformer(func=<function power_phase_stft at 0x7f58a4c934c0>), 'model': HistGradientBoostingRegressor(early_stopping=True, max_iter=2000,
                              n_iter_no_change=20, random_state=42), 'model__l2_regularization': 0.001, 'model__learning_rate': 0.1, 'model__loss': 'squared_error', 'model__max_bins': 127, 'model__max_features': 0.02, 'model__max_leaf_nodes': 63, 'model__min_samples_leaf': 800, 'reshape': FunctionTransformer(func=<function reshape at 0x7f58a4c93e20>), 'second_scale': 'passthrough'}",0.05617856733686599,0.05617856733686599,0.0,2,0.7243191221743901,0.7243191221743901,0.0,,0.9715047260117339,0.5250532142798574
1,2636.3933379650116,0.0,55.32615351676941,0.0,passthrough,power_phase_stft,"HistGradientBoostingRegressor(early_stopping=True, max_iter=2000,
                              n_iter_no_change=20, random_state=42)",0.05,0.1,squared_error,32,0.02,127,200,FunctionTransformer(func=<function reshape at 0x7f58a4c93e20>),passthrough,"{'first_scale': 'passthrough', 'frequency': FunctionTransformer(func=<function power_phase_stft at 0x7f58a4c934c0>), 'model': HistGradientBoostingRegressor(early_stopping=True, max_iter=2000,
                              n_iter_no_change=20, random_state=42), 'model__l2_regularization': 0.05, 'model__learning_rate': 0.1, 'model__loss': 'squared_error', 'model__max_bins': 32, 'model__max_depth': 3, 'model__max_features': 0.02, 'model__max_leaf_nodes': 127, 'model__min_samples_leaf': 200, 'reshape': FunctionTransformer(func=<function reshape at 0x7f58a4c93e20>), 'second_scale': 'passthrough'}",0.0778987793304996,0.0778987793304996,0.0,1,0.30994890674849074,0.30994890674849074,0.0,3.0,0.9602610169477361,0.8306931402458487
0,16105.46036529541,0.0,46.1838641166687,0.0,passthrough,power_phase_stft,"HistGradientBoostingRegressor(early_stopping=True, max_iter=2000,
                              n_iter_no_change=20, random_state=42)",0.001,0.02,squared_error,127,0.02,63,50,FunctionTransformer(func=<function reshape at 0x7f58a4c93e20>),passthrough,"{'first_scale': 'passthrough', 'frequency': FunctionTransformer(func=<function power_phase_stft at 0x7f58a4c934c0>), 'model': HistGradientBoostingRegressor(early_stopping=True, max_iter=2000,
                              n_iter_no_change=20, random_state=42), 'model__l2_regularization': 0.001, 'model__learning_rate': 0.02, 'model__loss': 'squared_error', 'model__max_bins': 127, 'model__max_features': 0.02, 'model__max_leaf_nodes': 63, 'model__min_samples_leaf': 50, 'reshape': FunctionTransformer(func=<function reshape at 0x7f58a4c93e20>), 'second_scale': 'passthrough'}",0.08322418281794985,0.08322418281794985,0.0,2,0.7185806008085014,0.7185806008085014,0.0,,0.9574841080571782,0.5304897729377057
1,4473.061049938202,0.0,40.917471408843994,0.0,passthrough,power_phase_stft,"HistGradientBoostingRegressor(early_stopping=True, max_iter=2000,
                              n_iter_no_change=20, random_state=42)",0.01,0.03,squared_error,32,0.02,127,200,FunctionTransformer(func=<function reshape at 0x7f58a4c93e20>),passthrough,"{'first_scale': 'passthrough', 'frequency': FunctionTransformer(func=<function power_phase_stft at 0x7f58a4c934c0>), 'model': HistGradientBoostingRegressor(early_stopping=True, max_iter=2000,
                              n_iter_no_change=20, random_state=42), 'model__l2_regularization': 0.01, 'model__learning_rate': 0.03, 'model__loss': 'squared_error', 'model__max_bins': 32, 'model__max_depth': 3, 'model__max_features': 0.02, 'model__max_leaf_nodes': 127, 'model__min_samples_leaf': 200, 'reshape': FunctionTransformer(func=<function reshape at 0x7f58a4c93e20>), 'second_scale': 'passthrough'}",0.08555664999153079,0.08555664999153079,0.0,1,0.25579189207588104,0.25579189207588104,0.0,3.0,0.9562653136073007,0.8626749723529245
0,14055.757716417313,0.0,62.81715393066406,0.0,passthrough,power_phase_stft,"HistGradientBoostingRegressor(early_stopping=True, max_iter=2000,
                              n_iter_no_change=20, random_state=42)",0.1,0.05,squared_error,127,0.02,127,800,FunctionTransformer(func=<function reshape at 0x7f58a4c93e20>),passthrough,"{'first_scale': 'passthrough', 'frequency': FunctionTransformer(func=<function power_phase_stft at 0x7f58a4c934c0>), 'model': HistGradientBoostingRegressor(early_stopping=True, max_iter=2000,
                              n_iter_no_change=20, random_state=42), 'model__l2_regularization': 0.1, 'model__learning_rate': 0.05, 'model__loss': 'squared_error', 'model__max_bins': 127, 'model__max_features': 0.02, 'model__max_leaf_nodes': 127, 'model__min_samples_leaf': 800, 'reshape': FunctionTransformer(func=<function reshape at 0x7f58a4c93e20>), 'second_scale': 'passthrough'}",0.07225084766559176,0.07225084766559176,0.0,2,0.7879426812636896,0.7879426812636896,0.0,,0.9631973589739583,0.4604968172922701
1,5926.510103464127,0.0,62.96669268608093,0.0,passthrough,power_phase_stft,"HistGradientBoostingRegressor(early_stopping=True, max_iter=2000,
                              n_iter_no_change=20, random_state=42)",0.1,0.02,squared_error,63,0.01,63,6400,FunctionTransformer(func=<function reshape at 0x7f58a4c93e20>),passthrough,"{'first_scale': 'passthrough', 'frequency': FunctionTransformer(func=<function power_phase_stft at 0x7f58a4c934c0>), 'model': HistGradientBoostingRegressor(early_stopping=True, max_iter=2000,
                              n_iter_no_change=20, random_state=42), 'model__l2_regularization': 0.1, 'model__learning_rate': 0.02, 'model__loss': 'squared_error', 'model__max_bins': 63, 'model__max_features': 0.01, 'model__max_leaf_nodes': 63, 'model__min_samples_leaf': 6400, 'reshape': FunctionTransformer(func=<function reshape at 0x7f58a4c93e20>), 'second_scale': 'passthrough'}",0.08763860154641034,0.08763860154641034,0.0,1,0.200576720232565,0.200576720232565,0.0,,0.9551761086069885,0.8941047364640425
0,5013.093492984772,0.0,40.506457567214966,0.0,passthrough,power_phase_stft,"HistGradientBoostingRegressor(early_stopping=True, max_iter=2000,
                              n_iter_no_change=20, random_state=42)",0.0,0.05,squared_error,127,0.05,31,200,FunctionTransformer(func=<function reshape at 0x7f58a4c93e20>),passthrough,"{'first_scale': 'passthrough', 'frequency': FunctionTransformer(func=<function power_phase_stft at 0x7f58a4c934c0>), 'model': HistGradientBoostingRegressor(early_stopping=True, max_iter=2000,
                              n_iter_no_change=20, random_state=42), 'model__l2_regularization': 0.0, 'model__learning_rate': 0.05, 'model__loss': 'squared_error', 'model__max_bins': 127, 'model__max_features': 0.05, 'model__max_leaf_nodes': 31, 'model__min_samples_leaf': 200, 'reshape': FunctionTransformer(func=<function reshape at 0x7f58a4c93e20>), 'second_scale': 'passthrough'}",0.07831052791054172,0.07831052791054172,0.0,1,0.5320338058179331,0.5320338058179331,0.0,,0.9600465989156246,0.6840805465601744
1,2973.0950829982758,0.0,38.97281241416931,0.0,passthrough,power_phase_stft,"HistGradientBoostingRegressor(early_stopping=True, max_iter=2000,
                              n_iter_no_change=20, random_state=42)",1.0,0.1,squared_error,127,0.02,31,200,FunctionTransformer(func=<function reshape at 0x7f58a4c93e20>),passthrough,"{'first_scale': 'passthrough', 'frequency': FunctionTransformer(func=<function power_phase_stft at 0x7f58a4c934c0>), 'model': HistGradientBoostingRegressor(early_stopping=True, max_iter=2000,
                              n_iter_no_change=20, random_state=42), 'model__l2_regularization': 1.0, 'model__learning_rate': 0.1, 'model__loss': 'squared_error', 'model__max_bins': 127, 'model__max_features': 0.02, 'model__max_leaf_nodes': 31, 'model__min_samples_leaf': 200, 'reshape': FunctionTransformer(func=<function reshape at 0x7f58a4c93e20>), 'second_scale': 'passthrough'}",0.06471666260065434,0.06471666260065434,0.0,2,0.5279313805323138,0.5279313805323138,0.0,,0.967100479474261,0.6870724994261422
0,4095.779175043106,0.0,45.21814751625061,0.0,passthrough,power_phase_stft,"HistGradientBoostingRegressor(early_stopping=True, max_iter=2000,
                              n_iter_no_change=20, random_state=42)",0.0,0.1,squared_error,127,0.05,63,400,FunctionTransformer(func=<function reshape at 0x7f58a4c93e20>),passthrough,"{'first_scale': 'passthrough', 'frequency': FunctionTransformer(func=<function power_phase_stft at 0x7f58a4c934c0>), 'model': HistGradientBoostingRegressor(early_stopping=True, max_iter=2000,
                              n_iter_no_change=20, random_state=42), 'model__l2_regularization': 0.0, 'model__learning_rate': 0.1, 'model__loss': 'squared_error', 'model__max_bins': 127, 'model__max_features': 0.05, 'model__max_leaf_nodes': 63, 'model__min_samples_leaf': 400, 'reshape': FunctionTransformer(func=<function reshape at 0x7f58a4c93e20>), 'second_scale': 'passthrough'}",0.059550620228240425,0.059550620228240425,0.0,2,0.6898126813784584,0.6898126813784584,0.0,,0.9697676937142006,0.5569446279672169
1,11416.102775812149,0.0,51.66809034347534,0.0,passthrough,power_phase_stft,"HistGradientBoostingRegressor(early_stopping=True, max_iter=2000,
                              n_iter_no_change=20, random_state=42)",0.01,0.01,squared_error,63,0.01,127,200,FunctionTransformer(func=<function reshape at 0x7f58a4c93e20>),passthrough,"{'first_scale': 'passthrough', 'frequency': FunctionTransformer(func=<function power_phase_stft at 0x7f58a4c934c0>), 'model': HistGradientBoostingRegressor(early_stopping=True, max_iter=2000,
                              n_iter_no_change=20, random_state=42), 'model__l2_regularization': 0.01, 'model__learning_rate': 0.01, 'model__loss': 'squared_error', 'model__max_bins': 63, 'model__max_depth': 6, 'model__max_features': 0.01, 'model__max_leaf_nodes': 127, 'model__min_samples_leaf': 200, 'reshape': FunctionTransformer(func=<function reshape at 0x7f58a4c93e20>), 'second_scale': 'passthrough'}",0.08459740410709682,0.08459740410709682,0.0,1,0.3921103842573821,0.3921103842573821,0.0,6.0,0.9567667405867029,0.7796727619601815
0,2506.0239436626434,0.0,38.033137798309326,0.0,passthrough,power_phase_stft,"HistGradientBoostingRegressor(early_stopping=True, max_iter=2000,
                              n_iter_no_change=20, random_state=42)",0.0,0.1,squared_error,127,0.05,63,200,FunctionTransformer(func=<function reshape at 0x7f58a4c93e20>),passthrough,"{'first_scale': 'passthrough', 'frequency': FunctionTransformer(func=<function power_phase_stft at 0x7f58a4c934c0>), 'model': HistGradientBoostingRegressor(early_stopping=True, max_iter=2000,
                              n_iter_no_change=20, random_state=42), 'model__l2_regularization': 0.0, 'model__learning_rate': 0.1, 'model__loss': 'squared_error', 'model__max_bins': 127, 'model__max_features': 0.05, 'model__max_leaf_nodes': 63, 'model__min_samples_leaf': 200, 'reshape': FunctionTransformer(func=<function reshape at 0x7f58a4c93e20>), 'second_scale': 'passthrough'}",0.06480229856545439,0.06480229856545439,0.0,2,0.5577792103887776,0.5577792103887776,0.0,,0.9670562038653936,0.664996834286617
1,4681.56844496727,0.0,41.289199113845825,0.0,passthrough,power_phase_stft,"HistGradientBoostingRegressor(early_stopping=True, max_iter=2000,
                              n_iter_no_change=20, random_state=42)",0.01,0.01,squared_error,63,0.02,127,200,FunctionTransformer(func=<function reshape at 0x7f58a4c93e20>),passthrough,"{'first_scale': 'passthrough', 'frequency': FunctionTransformer(func=<function power_phase_stft at 0x7f58a4c934c0>), 'model': HistGradientBoostingRegressor(early_stopping=True, max_iter=2000,
                              n_iter_no_change=20, random_state=42), 'model__l2_regularization': 0.01, 'model__learning_rate': 0.01, 'model__loss': 'squared_error', 'model__max_bins': 63, 'model__max_depth': 3, 'model__max_features': 0.02, 'model__max_leaf_nodes': 127, 'model__min_samples_leaf': 200, 'reshape': FunctionTransformer(func=<function reshape at 0x7f58a4c93e20>), 'second_scale': 'passthrough'}",0.07909510946683085,0.07909510946683085,0.0,1,0.15529615207808212,0.15529615207808212,0.0,3.0,0.9596378955278753,0.9190777159315299
0,3633.0764396190643,0.0,39.66568398475647,0.0,passthrough,power_phase_stft,"HistGradientBoostingRegressor(early_stopping=True, max_iter=2000,
                              n_iter_no_change=20, random_state=42)",0.0,0.1,squared_error,127,0.02,31,400,FunctionTransformer(func=<function reshape at 0x7f58a4c93e20>),passthrough,"{'first_scale': 'passthrough', 'frequency': FunctionTransformer(func=<function power_phase_stft at 0x7f58a4c934c0>), 'model': HistGradientBoostingRegressor(early_stopping=True, max_iter=2000,
                              n_iter_no_change=20, random_state=42), 'model__l2_regularization': 0.0, 'model__learning_rate': 0.1, 'model__loss': 'squared_error', 'model__max_bins': 127, 'model__max_features': 0.02, 'model__max_leaf_nodes': 31, 'model__min_samples_leaf': 400, 'reshape': FunctionTransformer(func=<function reshape at 0x7f58a4c93e20>), 'second_scale': 'passthrough'}",0.06439370517307441,0.06439370517307441,0.0,1,0.6071539612330231,0.6071539612330231,0.0,,0.967267437075665,0.6267743124658005
1,2874.3978662490845,0.0,39.213029861450195,0.0,passthrough,power_phase_stft,"HistGradientBoostingRegressor(early_stopping=True, max_iter=2000,
                              n_iter_no_change=20, random_state=42)",1.0,0.1,squared_error,127,0.05,31,400,FunctionTransformer(func=<function reshape at 0x7f58a4c93e20>),passthrough,"{'first_scale': 'passthrough', 'frequency': FunctionTransformer(func=<function power_phase_stft at 0x7f58a4c934c0>), 'model': HistGradientBoostingRegressor(early_stopping=True, max_iter=2000,
                              n_iter_no_change=20, random_state=42), 'model__l2_regularization': 1.0, 'model__learning_rate': 0.1, 'model__loss': 'squared_error', 'model__max_bins': 127, 'model__max_features': 0.05, 'model__max_leaf_nodes': 31, 'model__min_samples_leaf': 400, 'reshape': FunctionTransformer(func=<function reshape at 0x7f58a4c93e20>), 'second_scale': 'passthrough'}",0.06367255993872045,0.06367255993872045,0.0,2,0.5667909147400512,0.5667909147400512,0.0,,0.9676401397530383,0.6581862086521936
0,21073.437731981277,0.0,55.30615496635437,0.0,passthrough,power_phase_stft,"HistGradientBoostingRegressor(early_stopping=True, max_iter=2000,
                              n_iter_no_change=20, random_state=42)",0.001,0.05,squared_error,127,0.05,255,400,FunctionTransformer(func=<function reshape at 0x7f58a4c93e20>),passthrough,"{'first_scale': 'passthrough', 'frequency': FunctionTransformer(func=<function power_phase_stft at 0x7f58a4c934c0>), 'model': HistGradientBoostingRegressor(early_stopping=True, max_iter=2000,
                              n_iter_no_change=20, random_state=42), 'model__l2_regularization': 0.001, 'model__learning_rate': 0.05, 'model__loss': 'squared_error', 'model__max_bins': 127, 'model__max_features': 0.05, 'model__max_leaf_nodes': 255, 'model__min_samples_leaf': 400, 'reshape': FunctionTransformer(func=<function reshape at 0x7f58a4c93e20>), 'second_scale': 'passthrough'}",0.0648163099751341,0.0648163099751341,0.0,2,0.8972431129941303,0.8972431129941303,0.0,,0.9670489594766472,0.3205571509198784
1,5296.282068490982,0.0,47.72286081314087,0.0,passthrough,power_phase_stft,"HistGradientBoostingRegressor(early_stopping=True, max_iter=2000,
                              n_iter_no_change=20, random_state=42)",0.05,0.05,squared_error,32,0.01,127,200,FunctionTransformer(func=<function reshape at 0x7f58a4c93e20>),passthrough,"{'first_scale': 'passthrough', 'frequency': FunctionTransformer(func=<function power_phase_stft at 0x7f58a4c934c0>), 'model': HistGradientBoostingRegressor(early_stopping=True, max_iter=2000,
                              n_iter_no_change=20, random_state=42), 'model__l2_regularization': 0.05, 'model__learning_rate': 0.05, 'model__loss': 'squared_error', 'model__max_bins': 32, 'model__max_depth': 6, 'model__max_features': 0.01, 'model__max_leaf_nodes': 127, 'model__min_samples_leaf': 200, 'reshape': FunctionTransformer(func=<function reshape at 0x7f58a4c93e20>), 'second_scale': 'passthrough'}",0.07419084724869096,0.07419084724869096,0.0,1,0.6282472663725729,0.6282472663725729,0.0,6.0,0.9621897696147621,0.6097152889893996
0,13806.419479131699,0.0,41.906888246536255,0.0,passthrough,power_phase_stft,"HistGradientBoostingRegressor(early_stopping=True, max_iter=2000,
                              n_iter_no_change=20, random_state=42)",0.0,0.02,squared_error,127,0.05,255,800,FunctionTransformer(func=<function reshape at 0x7f58a4c93e20>),passthrough,"{'first_scale': 'passthrough', 'frequency': FunctionTransformer(func=<function power_phase_stft at 0x7f58a4c934c0>), 'model': HistGradientBoostingRegressor(early_stopping=True, max_iter=2000,
                              n_iter_no_change=20, random_state=42), 'model__l2_regularization': 0.0, 'model__learning_rate': 0.02, 'model__loss': 'squared_error', 'model__max_bins': 127, 'model__max_features': 0.05, 'model__max_leaf_nodes': 255, 'model__min_samples_leaf': 800, 'reshape': FunctionTransformer(func=<function reshape at 0x7f58a4c93e20>), 'second_scale': 'passthrough'}",0.08797544655974632,0.08797544655974632,0.0,1,0.7070601158376253,0.7070601158376253,0.0,,0.9549997661990571,0.5412392115898244
1,6820.700612783432,0.0,36.74552583694458,0.0,passthrough,power_phase_stft,"HistGradientBoostingRegressor(early_stopping=True, max_iter=2000,
                              n_iter_no_change=20, random_state=42)",1.0,0.05,squared_error,127,0.02,255,800,FunctionTransformer(func=<function reshape at 0x7f58a4c93e20>),passthrough,"{'first_scale': 'passthrough', 'frequency': FunctionTransformer(func=<function power_phase_stft at 0x7f58a4c934c0>), 'model': HistGradientBoostingRegressor(early_stopping=True, max_iter=2000,
                              n_iter_no_change=20, random_state=42), 'model__l2_regularization': 1.0, 'model__learning_rate': 0.05, 'model__loss': 'squared_error', 'model__max_bins': 127, 'model__max_features': 0.02, 'model__max_leaf_nodes': 255, 'model__min_samples_leaf': 800, 'reshape': FunctionTransformer(func=<function reshape at 0x7f58a4c93e20>), 'second_scale': 'passthrough'}",0.07816514485447268,0.07816514485447268,0.0,2,0.7262802582202739,0.7262802582202739,0.0,,0.9601223125964354,0.5231823217385371
0,12324.601049423218,0.0,47.23062229156494,0.0,passthrough,power_phase_stft,"HistGradientBoostingRegressor(early_stopping=True, max_iter=2000,
                              n_iter_no_change=20, random_state=42)",0.001,0.05,squared_error,127,0.02,63,800,FunctionTransformer(func=<function reshape at 0x7f58a4c93e20>),passthrough,"{'first_scale': 'passthrough', 'frequency': FunctionTransformer(func=<function power_phase_stft at 0x7f58a4c934c0>), 'model': HistGradientBoostingRegressor(early_stopping=True, max_iter=2000,
                              n_iter_no_change=20, random_state=42), 'model__l2_regularization': 0.001, 'model__learning_rate': 0.05, 'model__loss': 'squared_error', 'model__max_bins': 127, 'model__max_features': 0.02, 'model__max_leaf_nodes': 63, 'model__min_samples_leaf': 800, 'reshape': FunctionTransformer(func=<function reshape at 0x7f58a4c93e20>), 'second_scale': 'passthrough'}",0.07376739453113168,0.07376739453113168,0.0,2,0.7906804545709262,0.7906804545709262,0.0,,0.9624097908213882,0.45751453029283545
1,10802.801750183105,0.0,46.25370907783508,0.0,passthrough,power_phase_stft,"HistGradientBoostingRegressor(early_stopping=True, max_iter=2000,
                              n_iter_no_change=20, random_state=42)",0.05,0.01,squared_error,63,0.02,127,200,FunctionTransformer(func=<function reshape at 0x7f58a4c93e20>),passthrough,"{'first_scale': 'passthrough', 'frequency': FunctionTransformer(func=<function power_phase_stft at 0x7f58a4c934c0>), 'model': HistGradientBoostingRegressor(early_stopping=True, max_iter=2000,
                              n_iter_no_change=20, random_state=42), 'model__l2_regularization': 0.05, 'model__learning_rate': 0.01, 'model__loss': 'squared_error', 'model__max_bins': 63, 'model__max_depth': 6, 'model__max_features': 0.02, 'model__max_leaf_nodes': 127, 'model__min_samples_leaf': 200, 'reshape': FunctionTransformer(func=<function reshape at 0x7f58a4c93e20>), 'second_scale': 'passthrough'}",0.08651249382112092,0.08651249382112092,0.0,1,0.4094754444214488,0.4094754444214488,0.0,6.0,0.9557654033176128,0.7684559555228596
0,5416.477568149567,0.0,48.85696053504944,0.0,passthrough,power_phase_stft,"HistGradientBoostingRegressor(early_stopping=True, max_iter=2000,
                              n_iter_no_change=20, random_state=42)",0.01,0.1,squared_error,127,0.05,127,800,FunctionTransformer(func=<function reshape at 0x7f58a4c93e20>),passthrough,"{'first_scale': 'passthrough', 'frequency': FunctionTransformer(func=<function power_phase_stft at 0x7f58a4c934c0>), 'model': HistGradientBoostingRegressor(early_stopping=True, max_iter=2000,
                              n_iter_no_change=20, random_state=42), 'model__l2_regularization': 0.01, 'model__learning_rate': 0.1, 'model__loss': 'squared_error', 'model__max_bins': 127, 'model__max_features': 0.05, 'model__max_leaf_nodes': 127, 'model__min_samples_leaf': 800, 'reshape': FunctionTransformer(func=<function reshape at 0x7f58a4c93e20>), 'second_scale': 'passthrough'}",0.05287047066699191,0.05287047066699191,0.0,2,0.7633449744856382,0.7633449744856382,0.0,,0.9732058000921532,0.4864720192512225
1,9438.157748937607,0.0,59.76547384262085,0.0,passthrough,power_phase_stft,"HistGradientBoostingRegressor(early_stopping=True, max_iter=2000,
                              n_iter_no_change=20, random_state=42)",5.0,0.02,squared_error,32,0.01,127,200,FunctionTransformer(func=<function reshape at 0x7f58a4c93e20>),passthrough,"{'first_scale': 'passthrough', 'frequency': FunctionTransformer(func=<function power_phase_stft at 0x7f58a4c934c0>), 'model': HistGradientBoostingRegressor(early_stopping=True, max_iter=2000,
                              n_iter_no_change=20, random_state=42), 'model__l2_regularization': 5.0, 'model__learning_rate': 0.02, 'model__loss': 'squared_error', 'model__max_bins': 32, 'model__max_depth': 6, 'model__max_features': 0.01, 'model__max_leaf_nodes': 127, 'model__min_samples_leaf': 200, 'reshape': FunctionTransformer(func=<function reshape at 0x7f58a4c93e20>), 'second_scale': 'passthrough'}",0.08580766677380747,0.08580766677380747,0.0,1,0.5454652392866501,0.5454652392866501,0.0,6.0,0.9561340560957927,0.6741919316584484
0,6006.631694793701,0.0,43.574198484420776,0.0,passthrough,power_phase_stft,"HistGradientBoostingRegressor(early_stopping=True, max_iter=2000,
                              n_iter_no_change=20, random_state=42)",0.01,0.05,squared_error,127,0.02,31,100,FunctionTransformer(func=<function reshape at 0x7f58a4c93e20>),passthrough,"{'first_scale': 'passthrough', 'frequency': FunctionTransformer(func=<function power_phase_stft at 0x7f58a4c934c0>), 'model': HistGradientBoostingRegressor(early_stopping=True, max_iter=2000,
                              n_iter_no_change=20, random_state=42), 'model__l2_regularization': 0.01, 'model__learning_rate': 0.05, 'model__loss': 'squared_error', 'model__max_bins': 127, 'model__max_features': 0.02, 'model__max_leaf_nodes': 31, 'model__min_samples_leaf': 100, 'reshape': FunctionTransformer(func=<function reshape at 0x7f58a4c93e20>), 'second_scale': 'passthrough'}",0.07763144385002552,0.07763144385002552,0.0,2,0.5941774299455249,0.5941774299455249,0.0,,0.9604002062421553,0.637042047320642
1,4714.986892461777,0.0,43.62591242790222,0.0,passthrough,power_phase_stft,"HistGradientBoostingRegressor(early_stopping=True, max_iter=2000,
                              n_iter_no_change=20, random_state=42)",1.0,0.01,squared_error,32,0.02,127,200,FunctionTransformer(func=<function reshape at 0x7f58a4c93e20>),passthrough,"{'first_scale': 'passthrough', 'frequency': FunctionTransformer(func=<function power_phase_stft at 0x7f58a4c934c0>), 'model': HistGradientBoostingRegressor(early_stopping=True, max_iter=2000,
                              n_iter_no_change=20, random_state=42), 'model__l2_regularization': 1.0, 'model__learning_rate': 0.01, 'model__loss': 'squared_error', 'model__max_bins': 32, 'model__max_depth': 3, 'model__max_features': 0.02, 'model__max_leaf_nodes': 127, 'model__min_samples_leaf': 200, 'reshape': FunctionTransformer(func=<function reshape at 0x7f58a4c93e20>), 'second_scale': 'passthrough'}",0.0788613940816798,0.0788613940816798,0.0,1,0.15311583213878743,0.15311583213878743,0.0,3.0,0.9597596604975228,0.9202630970875734
0,7771.823367595673,0.0,35.76293087005615,0.0,passthrough,power_phase_stft,"HistGradientBoostingRegressor(early_stopping=True, max_iter=2000,
                              n_iter_no_change=20, random_state=42)",0.001,0.02,squared_error,127,0.05,31,200,FunctionTransformer(func=<function reshape at 0x7f58a4c93e20>),passthrough,"{'first_scale': 'passthrough', 'frequency': FunctionTransformer(func=<function power_phase_stft at 0x7f58a4c934c0>), 'model': HistGradientBoostingRegressor(early_stopping=True, max_iter=2000,
                              n_iter_no_change=20, random_state=42), 'model__l2_regularization': 0.001, 'model__learning_rate': 0.02, 'model__loss': 'squared_error', 'model__max_bins': 127, 'model__max_features': 0.05, 'model__max_leaf_nodes': 31, 'model__min_samples_leaf': 200, 'reshape': FunctionTransformer(func=<function reshape at 0x7f58a4c93e20>), 'second_scale': 'passthrough'}",0.08626720179730174,0.08626720179730174,0.0,1,0.5271433577333351,0.5271433577333351,0.0,,0.9558937170013716,0.6876457243862314
1,1884.5777468681335,0.0,31.42477035522461,0.0,passthrough,power_phase_stft,"HistGradientBoostingRegressor(early_stopping=True, max_iter=2000,
                              n_iter_no_change=20, random_state=42)",0.01,0.05,squared_error,63,0.01,127,200,FunctionTransformer(func=<function reshape at 0x7f58a4c93e20>),passthrough,"{'first_scale': 'passthrough', 'frequency': FunctionTransformer(func=<function power_phase_stft at 0x7f58a4c934c0>), 'model': HistGradientBoostingRegressor(early_stopping=True, max_iter=2000,
                              n_iter_no_change=20, random_state=42), 'model__l2_regularization': 0.01, 'model__learning_rate': 0.05, 'model__loss': 'squared_error', 'model__max_bins': 63, 'model__max_depth': 3, 'model__max_features': 0.01, 'model__max_leaf_nodes': 127, 'model__min_samples_leaf': 200, 'reshape': FunctionTransformer(func=<function reshape at 0x7f58a4c93e20>), 'second_scale': 'passthrough'}",0.0843341453104045,0.0843341453104045,0.0,2,0.2408656050384822,0.2408656050384822,0.0,3.0,0.956904308010783,0.8712831887288528
0,18259.81811285019,0.0,60.95207667350769,0.0,passthrough,power_phase_stft,"HistGradientBoostingRegressor(early_stopping=True, max_iter=2000,
                              n_iter_no_change=20, random_state=42)",0.01,0.1,squared_error,127,0.02,255,50,FunctionTransformer(func=<function reshape at 0x7f58a4c93e20>),passthrough,"{'first_scale': 'passthrough', 'frequency': FunctionTransformer(func=<function power_phase_stft at 0x7f58a4c934c0>), 'model': HistGradientBoostingRegressor(early_stopping=True, max_iter=2000,
                              n_iter_no_change=20, random_state=42), 'model__l2_regularization': 0.01, 'model__learning_rate': 0.1, 'model__loss': 'squared_error', 'model__max_bins': 127, 'model__max_features': 0.02, 'model__max_leaf_nodes': 255, 'model__min_samples_leaf': 50, 'reshape': FunctionTransformer(func=<function reshape at 0x7f58a4c93e20>), 'second_scale': 'passthrough'}",0.0381393557221561,0.0381393557221561,0.0,2,0.9122886579814529,0.9122886579814529,0.0,,0.980744943539269,0.29616100691776953
1,2621.7173521518707,0.0,57.40577960014343,0.0,passthrough,power_phase_stft,"HistGradientBoostingRegressor(early_stopping=True, max_iter=2000,
                              n_iter_no_change=20, random_state=42)",1.0,0.1,squared_error,63,0.02,127,200,FunctionTransformer(func=<function reshape at 0x7f58a4c93e20>),passthrough,"{'first_scale': 'passthrough', 'frequency': FunctionTransformer(func=<function power_phase_stft at 0x7f58a4c934c0>), 'model': HistGradientBoostingRegressor(early_stopping=True, max_iter=2000,
                              n_iter_no_change=20, random_state=42), 'model__l2_regularization': 1.0, 'model__learning_rate': 0.1, 'model__loss': 'squared_error', 'model__max_bins': 63, 'model__max_depth': 3, 'model__max_features': 0.02, 'model__max_leaf_nodes': 127, 'model__min_samples_leaf': 200, 'reshape': FunctionTransformer(func=<function reshape at 0x7f58a4c93e20>), 'second_scale': 'passthrough'}",0.07868712528285504,0.07868712528285504,0.0,1,0.3110100348917404,0.3110100348917404,0.0,3.0,0.9598504439323581,0.8300541940790731
0,4834.662764549255,0.0,38.97689938545227,0.0,passthrough,power_phase_stft,"HistGradientBoostingRegressor(early_stopping=True, max_iter=2000,
                              n_iter_no_change=20, random_state=42)",0.001,0.1,squared_error,127,0.02,127,50,FunctionTransformer(func=<function reshape at 0x7f58a4c93e20>),passthrough,"{'first_scale': 'passthrough', 'frequency': FunctionTransformer(func=<function power_phase_stft at 0x7f58a4c934c0>), 'model': HistGradientBoostingRegressor(early_stopping=True, max_iter=2000,
                              n_iter_no_change=20, random_state=42), 'model__l2_regularization': 0.001, 'model__learning_rate': 0.1, 'model__loss': 'squared_error', 'model__max_bins': 127, 'model__max_features': 0.02, 'model__max_leaf_nodes': 127, 'model__min_samples_leaf': 50, 'reshape': FunctionTransformer(func=<function reshape at 0x7f58a4c93e20>), 'second_scale': 'passthrough'}",0.046593222067479845,0.046593222067479845,0.0,2,0.8251006471322393,0.8251006471322393,0.0,,0.9764255106932224,0.41820969963376114
1,2249.3757693767548,0.0,38.973703145980835,0.0,passthrough,power_phase_stft,"HistGradientBoostingRegressor(early_stopping=True, max_iter=2000,
                              n_iter_no_change=20, random_state=42)",0.05,0.1,squared_error,32,0.01,127,200,FunctionTransformer(func=<function reshape at 0x7f58a4c93e20>),passthrough,"{'first_scale': 'passthrough', 'frequency': FunctionTransformer(func=<function power_phase_stft at 0x7f58a4c934c0>), 'model': HistGradientBoostingRegressor(early_stopping=True, max_iter=2000,
                              n_iter_no_change=20, random_state=42), 'model__l2_regularization': 0.05, 'model__learning_rate': 0.1, 'model__loss': 'squared_error', 'model__max_bins': 32, 'model__max_depth': 6, 'model__max_features': 0.01, 'model__max_leaf_nodes': 127, 'model__min_samples_leaf': 200, 'reshape': FunctionTransformer(func=<function reshape at 0x7f58a4c93e20>), 'second_scale': 'passthrough'}",0.06784513206000853,0.06784513206000853,0.0,1,0.5307448474443772,0.5307448474443772,0.0,6.0,0.9654816766464247,0.6850220088111204
0,9397.730024337769,0.0,59.03226041793823,0.0,passthrough,power_phase_stft,"HistGradientBoostingRegressor(early_stopping=True, max_iter=2000,
                              n_iter_no_change=20, random_state=42)",0.01,0.1,squared_error,127,0.02,255,100,FunctionTransformer(func=<function reshape at 0x7f58a4c93e20>),passthrough,"{'first_scale': 'passthrough', 'frequency': FunctionTransformer(func=<function power_phase_stft at 0x7f58a4c934c0>), 'model': HistGradientBoostingRegressor(early_stopping=True, max_iter=2000,
                              n_iter_no_change=20, random_state=42), 'model__l2_regularization': 0.01, 'model__learning_rate': 0.1, 'model__loss': 'squared_error', 'model__max_bins': 127, 'model__max_features': 0.02, 'model__max_leaf_nodes': 255, 'model__min_samples_leaf': 100, 'reshape': FunctionTransformer(func=<function reshape at 0x7f58a4c93e20>), 'second_scale': 'passthrough'}",0.039724844511687674,0.039724844511687674,0.0,2,0.883074581456177,0.883074581456177,0.0,,0.9799363017504313,0.3419435897100909
1,3268.4250268936157,0.0,57.21498465538025,0.0,passthrough,power_phase_stft,"HistGradientBoostingRegressor(early_stopping=True, max_iter=2000,
                              n_iter_no_change=20, random_state=42)",1.0,0.1,squared_error,63,0.01,127,200,FunctionTransformer(func=<function reshape at 0x7f58a4c93e20>),passthrough,"{'first_scale': 'passthrough', 'frequency': FunctionTransformer(func=<function power_phase_stft at 0x7f58a4c934c0>), 'model': HistGradientBoostingRegressor(early_stopping=True, max_iter=2000,
                              n_iter_no_change=20, random_state=42), 'model__l2_regularization': 1.0, 'model__learning_rate': 0.1, 'model__loss': 'squared_error', 'model__max_bins': 63, 'model__max_depth': 6, 'model__max_features': 0.01, 'model__max_leaf_nodes': 127, 'model__min_samples_leaf': 200, 'reshape': FunctionTransformer(func=<function reshape at 0x7f58a4c93e20>), 'second_scale': 'passthrough'}",0.06657995264705274,0.06657995264705274,0.0,1,0.5802897697881672,0.5802897697881672,0.0,6.0,0.9661366608057823,0.6478504690218514
0,5787.416857481003,0.0,34.0086145401001,0.0,passthrough,power_phase_stft,"HistGradientBoostingRegressor(early_stopping=True, max_iter=2000,
                              n_iter_no_change=20, random_state=42)",0.1,0.1,squared_error,127,0.05,255,400,FunctionTransformer(func=<function reshape at 0x7f58a4c93e20>),passthrough,"{'first_scale': 'passthrough', 'frequency': FunctionTransformer(func=<function power_phase_stft at 0x7f58a4c934c0>), 'model': HistGradientBoostingRegressor(early_stopping=True, max_iter=2000,
                              n_iter_no_change=20, random_state=42), 'model__l2_regularization': 0.1, 'model__learning_rate': 0.1, 'model__loss': 'squared_error', 'model__max_bins': 127, 'model__max_features': 0.05, 'model__max_leaf_nodes': 255, 'model__min_samples_leaf': 400, 'reshape': FunctionTransformer(func=<function reshape at 0x7f58a4c93e20>), 'second_scale': 'passthrough'}",0.04594820837178726,0.04594820837178726,0.0,2,0.8793521973879611,0.8793521973879611,0.0,,0.9767557481930745,0.3473439255436014
1,5265.8583817481995,0.0,35.20043992996216,0.0,passthrough,power_phase_stft,"HistGradientBoostingRegressor(early_stopping=True, max_iter=2000,
                              n_iter_no_change=20, random_state=42)",5.0,0.02,squared_error,63,0.01,127,3200,FunctionTransformer(func=<function reshape at 0x7f58a4c93e20>),passthrough,"{'first_scale': 'passthrough', 'frequency': FunctionTransformer(func=<function power_phase_stft at 0x7f58a4c934c0>), 'model': HistGradientBoostingRegressor(early_stopping=True, max_iter=2000,
                              n_iter_no_change=20, random_state=42), 'model__l2_regularization': 5.0, 'model__learning_rate': 0.02, 'model__loss': 'squared_error', 'model__max_bins': 63, 'model__max_features': 0.01, 'model__max_leaf_nodes': 127, 'model__min_samples_leaf': 3200, 'reshape': FunctionTransformer(func=<function reshape at 0x7f58a4c93e20>), 'second_scale': 'passthrough'}",0.09148174790944208,0.09148174790944208,0.0,1,0.2992990814791078,0.2992990814791078,0.0,,0.9531622380741686,0.8370788006638874
0,9981.263571739197,0.0,40.08352971076965,0.0,passthrough,power_phase_stft,"HistGradientBoostingRegressor(early_stopping=True, max_iter=2000,
                              n_iter_no_change=20, random_state=42)",0.01,0.1,squared_error,127,0.02,255,200,FunctionTransformer(func=<function reshape at 0x7f58a4c93e20>),passthrough,"{'first_scale': 'passthrough', 'frequency': FunctionTransformer(func=<function power_phase_stft at 0x7f58a4c934c0>), 'model': HistGradientBoostingRegressor(early_stopping=True, max_iter=2000,
                              n_iter_no_change=20, random_state=42), 'model__l2_regularization': 0.01, 'model__learning_rate': 0.1, 'model__loss': 'squared_error', 'model__max_bins': 127, 'model__max_features': 0.02, 'model__max_leaf_nodes': 255, 'model__min_samples_leaf': 200, 'reshape': FunctionTransformer(func=<function reshape at 0x7f58a4c93e20>), 'second_scale': 'passthrough'}",0.04049265973720306,0.04049265973720306,0.0,2,0.9008345309539625,0.9008345309539625,0.0,,0.979544455480606,0.3149054922449552
1,3012.0262949466705,0.0,39.51348090171814,0.0,passthrough,power_phase_stft,"HistGradientBoostingRegressor(early_stopping=True, max_iter=2000,
                              n_iter_no_change=20, random_state=42)",1.0,0.1,squared_error,63,0.02,127,200,FunctionTransformer(func=<function reshape at 0x7f58a4c93e20>),passthrough,"{'first_scale': 'passthrough', 'frequency': FunctionTransformer(func=<function power_phase_stft at 0x7f58a4c934c0>), 'model': HistGradientBoostingRegressor(early_stopping=True, max_iter=2000,
                              n_iter_no_change=20, random_state=42), 'model__l2_regularization': 1.0, 'model__learning_rate': 0.1, 'model__loss': 'squared_error', 'model__max_bins': 63, 'model__max_depth': 6, 'model__max_features': 0.02, 'model__max_leaf_nodes': 127, 'model__min_samples_leaf': 200, 'reshape': FunctionTransformer(func=<function reshape at 0x7f58a4c93e20>), 'second_scale': 'passthrough'}",0.06379109698479779,0.06379109698479779,0.0,1,0.6371175765867361,0.6371175765867361,0.0,6.0,0.9675788872310114,0.6023972305823325
0,17065.42536687851,0.0,83.13734197616577,0.0,passthrough,power_phase_stft,"HistGradientBoostingRegressor(early_stopping=True, max_iter=2000,
                              n_iter_no_change=20, random_state=42)",0.0,0.02,squared_error,127,0.05,31,100,FunctionTransformer(func=<function reshape at 0x7f58a4c93e20>),passthrough,"{'first_scale': 'passthrough', 'frequency': FunctionTransformer(func=<function power_phase_stft at 0x7f58a4c934c0>), 'model': HistGradientBoostingRegressor(early_stopping=True, max_iter=2000,
                              n_iter_no_change=20, random_state=42), 'model__l2_regularization': 0.0, 'model__learning_rate': 0.02, 'model__loss': 'squared_error', 'model__max_bins': 127, 'model__max_features': 0.05, 'model__max_leaf_nodes': 31, 'model__min_samples_leaf': 100, 'reshape': FunctionTransformer(func=<function reshape at 0x7f58a4c93e20>), 'second_scale': 'passthrough'}",0.08540926463574561,0.08540926463574561,0.0,1,0.5350778377185783,0.5350778377185783,0.0,,0.956342373506609,0.6818520090763257
1,9019.435899496078,0.0,76.97721862792969,0.0,passthrough,power_phase_stft,"HistGradientBoostingRegressor(early_stopping=True, max_iter=2000,
                              n_iter_no_change=20, random_state=42)",1.0,0.05,squared_error,127,0.02,31,100,FunctionTransformer(func=<function reshape at 0x7f58a4c93e20>),passthrough,"{'first_scale': 'passthrough', 'frequency': FunctionTransformer(func=<function power_phase_stft at 0x7f58a4c934c0>), 'model': HistGradientBoostingRegressor(early_stopping=True, max_iter=2000,
                              n_iter_no_change=20, random_state=42), 'model__l2_regularization': 1.0, 'model__learning_rate': 0.05, 'model__loss': 'squared_error', 'model__max_bins': 127, 'model__max_features': 0.02, 'model__max_leaf_nodes': 31, 'model__min_samples_leaf': 100, 'reshape': FunctionTransformer(func=<function reshape at 0x7f58a4c93e20>), 'second_scale': 'passthrough'}",0.07804903628394455,0.07804903628394455,0.0,2,0.5711023764316804,0.5711023764316804,0.0,,0.96018277620256,0.6549027588644895
0,8123.318588256836,0.0,47.24539113044739,0.0,passthrough,power_phase_stft,"HistGradientBoostingRegressor(early_stopping=True, max_iter=2000,
                              n_iter_no_change=20, random_state=42)",0.0,0.1,squared_error,127,0.02,255,400,FunctionTransformer(func=<function reshape at 0x7f58a4c93e20>),passthrough,"{'first_scale': 'passthrough', 'frequency': FunctionTransformer(func=<function power_phase_stft at 0x7f58a4c934c0>), 'model': HistGradientBoostingRegressor(early_stopping=True, max_iter=2000,
                              n_iter_no_change=20, random_state=42), 'model__l2_regularization': 0.0, 'model__learning_rate': 0.1, 'model__loss': 'squared_error', 'model__max_bins': 127, 'model__max_features': 0.02, 'model__max_leaf_nodes': 255, 'model__min_samples_leaf': 400, 'reshape': FunctionTransformer(func=<function reshape at 0x7f58a4c93e20>), 'second_scale': 'passthrough'}",0.043928029143207925,0.043928029143207925,0.0,2,0.8675561813208884,0.8675561813208884,0.0,,0.9777893284633413,0.3639283153027689
1,7625.416502952576,0.0,47.459251165390015,0.0,passthrough,power_phase_stft,"HistGradientBoostingRegressor(early_stopping=True, max_iter=2000,
                              n_iter_no_change=20, random_state=42)",1.0,0.1,squared_error,127,0.05,255,400,FunctionTransformer(func=<function reshape at 0x7f58a4c93e20>),passthrough,"{'first_scale': 'passthrough', 'frequency': FunctionTransformer(func=<function power_phase_stft at 0x7f58a4c934c0>), 'model': HistGradientBoostingRegressor(early_stopping=True, max_iter=2000,
                              n_iter_no_change=20, random_state=42), 'model__l2_regularization': 1.0, 'model__learning_rate': 0.1, 'model__loss': 'squared_error', 'model__max_bins': 127, 'model__max_features': 0.05, 'model__max_leaf_nodes': 255, 'model__min_samples_leaf': 400, 'reshape': FunctionTransformer(func=<function reshape at 0x7f58a4c93e20>), 'second_scale': 'passthrough'}",0.046630412149263445,0.046630412149263445,0.0,1,0.8701627032151527,0.8701627032151527,0.0,,0.9764064665141954,0.36032942814159286
0,9109.50648188591,0.0,56.27889585494995,0.0,passthrough,power_phase_stft,"HistGradientBoostingRegressor(early_stopping=True, max_iter=2000,
                              n_iter_no_change=20, random_state=42)",0.01,0.05,squared_error,127,0.02,63,100,FunctionTransformer(func=<function reshape at 0x7f58a4c93e20>),passthrough,"{'first_scale': 'passthrough', 'frequency': FunctionTransformer(func=<function power_phase_stft at 0x7f58a4c934c0>), 'model': HistGradientBoostingRegressor(early_stopping=True, max_iter=2000,
                              n_iter_no_change=20, random_state=42), 'model__l2_regularization': 0.01, 'model__learning_rate': 0.05, 'model__loss': 'squared_error', 'model__max_bins': 127, 'model__max_features': 0.02, 'model__max_leaf_nodes': 63, 'model__min_samples_leaf': 100, 'reshape': FunctionTransformer(func=<function reshape at 0x7f58a4c93e20>), 'second_scale': 'passthrough'}",0.07362121998912174,0.07362121998912174,0.0,2,0.7737948499476732,0.7737948499476732,0.0,,0.9624857297699941,0.47561029220605266
1,4176.726889848709,0.0,47.845746755599976,0.0,passthrough,power_phase_stft,"HistGradientBoostingRegressor(early_stopping=True, max_iter=2000,
                              n_iter_no_change=20, random_state=42)",1.0,0.01,squared_error,63,0.01,127,200,FunctionTransformer(func=<function reshape at 0x7f58a4c93e20>),passthrough,"{'first_scale': 'passthrough', 'frequency': FunctionTransformer(func=<function power_phase_stft at 0x7f58a4c934c0>), 'model': HistGradientBoostingRegressor(early_stopping=True, max_iter=2000,
                              n_iter_no_change=20, random_state=42), 'model__l2_regularization': 1.0, 'model__learning_rate': 0.01, 'model__loss': 'squared_error', 'model__max_bins': 63, 'model__max_depth': 3, 'model__max_features': 0.01, 'model__max_leaf_nodes': 127, 'model__min_samples_leaf': 200, 'reshape': FunctionTransformer(func=<function reshape at 0x7f58a4c93e20>), 'second_scale': 'passthrough'}",0.07714075287561784,0.07714075287561784,0.0,1,0.1496656961095535,0.1496656961095535,0.0,3.0,0.9606556339939833,0.9221357296463718
0,10759.034014940262,0.0,44.49374341964722,0.0,passthrough,power_phase_stft,"HistGradientBoostingRegressor(early_stopping=True, max_iter=2000,
                              n_iter_no_change=20, random_state=42)",0.001,0.02,squared_error,127,0.02,31,100,FunctionTransformer(func=<function reshape at 0x7f58a4c93e20>),passthrough,"{'first_scale': 'passthrough', 'frequency': FunctionTransformer(func=<function power_phase_stft at 0x7f58a4c934c0>), 'model': HistGradientBoostingRegressor(early_stopping=True, max_iter=2000,
                              n_iter_no_change=20, random_state=42), 'model__l2_regularization': 0.001, 'model__learning_rate': 0.02, 'model__loss': 'squared_error', 'model__max_bins': 127, 'model__max_features': 0.02, 'model__max_leaf_nodes': 31, 'model__min_samples_leaf': 100, 'reshape': FunctionTransformer(func=<function reshape at 0x7f58a4c93e20>), 'second_scale': 'passthrough'}",0.08593750688854862,0.08593750688854862,0.0,2,0.5125652558481937,0.5125652558481937,0.0,,0.956066155196099,0.6981652699410121
1,10011.677436113358,0.0,45.561981201171875,0.0,passthrough,power_phase_stft,"HistGradientBoostingRegressor(early_stopping=True, max_iter=2000,
                              n_iter_no_change=20, random_state=42)",0.01,0.02,squared_error,63,0.02,127,200,FunctionTransformer(func=<function reshape at 0x7f58a4c93e20>),passthrough,"{'first_scale': 'passthrough', 'frequency': FunctionTransformer(func=<function power_phase_stft at 0x7f58a4c934c0>), 'model': HistGradientBoostingRegressor(early_stopping=True, max_iter=2000,
                              n_iter_no_change=20, random_state=42), 'model__l2_regularization': 0.01, 'model__learning_rate': 0.02, 'model__loss': 'squared_error', 'model__max_bins': 63, 'model__max_depth': 6, 'model__max_features': 0.02, 'model__max_leaf_nodes': 127, 'model__min_samples_leaf': 200, 'reshape': FunctionTransformer(func=<function reshape at 0x7f58a4c93e20>), 'second_scale': 'passthrough'}",0.08714483708450427,0.08714483708450427,0.0,1,0.5627659058322534,0.5627659058322534,0.0,6.0,0.9554345414079898,0.6612367912992642
0,5601.366158485413,0.0,58.808478116989136,0.0,passthrough,power_phase_stft,"HistGradientBoostingRegressor(early_stopping=True, max_iter=2000,
                              n_iter_no_change=20, random_state=42)",0.01,0.1,squared_error,127,0.02,127,800,FunctionTransformer(func=<function reshape at 0x7f58a4c93e20>),passthrough,"{'first_scale': 'passthrough', 'frequency': FunctionTransformer(func=<function power_phase_stft at 0x7f58a4c934c0>), 'model': HistGradientBoostingRegressor(early_stopping=True, max_iter=2000,
                              n_iter_no_change=20, random_state=42), 'model__l2_regularization': 0.01, 'model__learning_rate': 0.1, 'model__loss': 'squared_error', 'model__max_bins': 127, 'model__max_features': 0.02, 'model__max_leaf_nodes': 127, 'model__min_samples_leaf': 800, 'reshape': FunctionTransformer(func=<function reshape at 0x7f58a4c93e20>), 'second_scale': 'passthrough'}",0.05654420369247548,0.05654420369247548,0.0,2,0.7412454230833883,0.7412454230833883,0.0,,0.9713165273521935,0.5086792475780899
1,2072.4962158203125,0.0,57.00245761871338,0.0,passthrough,power_phase_stft,"HistGradientBoostingRegressor(early_stopping=True, max_iter=2000,
                              n_iter_no_change=20, random_state=42)",1.0,0.1,squared_error,63,0.01,127,200,FunctionTransformer(func=<function reshape at 0x7f58a4c93e20>),passthrough,"{'first_scale': 'passthrough', 'frequency': FunctionTransformer(func=<function power_phase_stft at 0x7f58a4c934c0>), 'model': HistGradientBoostingRegressor(early_stopping=True, max_iter=2000,
                              n_iter_no_change=20, random_state=42), 'model__l2_regularization': 1.0, 'model__learning_rate': 0.1, 'model__loss': 'squared_error', 'model__max_bins': 63, 'model__max_depth': 3, 'model__max_features': 0.01, 'model__max_leaf_nodes': 127, 'model__min_samples_leaf': 200, 'reshape': FunctionTransformer(func=<function reshape at 0x7f58a4c93e20>), 'second_scale': 'passthrough'}",0.08177072396841545,0.08177072396841545,0.0,1,0.2528875192878256,0.2528875192878256,0.0,3.0,0.9582428064074285,0.8643566860458559
0,5829.377767086029,0.0,46.57043099403381,0.0,passthrough,power_phase_stft,"HistGradientBoostingRegressor(early_stopping=True, max_iter=2000,
                              n_iter_no_change=20, random_state=42)",0.01,0.1,squared_error,127,0.02,63,400,FunctionTransformer(func=<function reshape at 0x7f58a4c93e20>),passthrough,"{'first_scale': 'passthrough', 'frequency': FunctionTransformer(func=<function power_phase_stft at 0x7f58a4c934c0>), 'model': HistGradientBoostingRegressor(early_stopping=True, max_iter=2000,
                              n_iter_no_change=20, random_state=42), 'model__l2_regularization': 0.01, 'model__learning_rate': 0.1, 'model__loss': 'squared_error', 'model__max_bins': 127, 'model__max_features': 0.02, 'model__max_leaf_nodes': 63, 'model__min_samples_leaf': 400, 'reshape': FunctionTransformer(func=<function reshape at 0x7f58a4c93e20>), 'second_scale': 'passthrough'}",0.05672281926935763,0.05672281926935763,0.0,2,0.7534503271187902,0.7534503271187902,0.0,,0.9712245779070062,0.496537685257836
1,2039.7789673805237,0.0,42.25386357307434,0.0,passthrough,power_phase_stft,"HistGradientBoostingRegressor(early_stopping=True, max_iter=2000,
                              n_iter_no_change=20, random_state=42)",1.0,0.1,squared_error,32,0.01,127,200,FunctionTransformer(func=<function reshape at 0x7f58a4c93e20>),passthrough,"{'first_scale': 'passthrough', 'frequency': FunctionTransformer(func=<function power_phase_stft at 0x7f58a4c934c0>), 'model': HistGradientBoostingRegressor(early_stopping=True, max_iter=2000,
                              n_iter_no_change=20, random_state=42), 'model__l2_regularization': 1.0, 'model__learning_rate': 0.1, 'model__loss': 'squared_error', 'model__max_bins': 32, 'model__max_depth': 3, 'model__max_features': 0.01, 'model__max_leaf_nodes': 127, 'model__min_samples_leaf': 200, 'reshape': FunctionTransformer(func=<function reshape at 0x7f58a4c93e20>), 'second_scale': 'passthrough'}",0.07916339540320894,0.07916339540320894,0.0,1,0.28452603985922265,0.28452603985922265,0.0,3.0,0.9596023158563088,0.8458569383416898
0,3534.9074749946594,0.0,36.46969389915466,0.0,passthrough,power_phase_stft,"HistGradientBoostingRegressor(early_stopping=True, max_iter=2000,
                              n_iter_no_change=20, random_state=42)",0.0,0.1,squared_error,127,0.02,63,100,FunctionTransformer(func=<function reshape at 0x7f58a4c93e20>),passthrough,"{'first_scale': 'passthrough', 'frequency': FunctionTransformer(func=<function power_phase_stft at 0x7f58a4c934c0>), 'model': HistGradientBoostingRegressor(early_stopping=True, max_iter=2000,
                              n_iter_no_change=20, random_state=42), 'model__l2_regularization': 0.0, 'model__learning_rate': 0.1, 'model__loss': 'squared_error', 'model__max_bins': 127, 'model__max_features': 0.02, 'model__max_leaf_nodes': 63, 'model__min_samples_leaf': 100, 'reshape': FunctionTransformer(func=<function reshape at 0x7f58a4c93e20>), 'second_scale': 'passthrough'}",0.05371664003586207,0.05371664003586207,0.0,2,0.7344527198549926,0.7344527198549926,0.0,,0.9727709699431506,0.5153127983516491
1,2948.3609244823456,0.0,36.3714165687561,0.0,passthrough,power_phase_stft,"HistGradientBoostingRegressor(early_stopping=True, max_iter=2000,
                              n_iter_no_change=20, random_state=42)",1.0,0.1,squared_error,127,0.05,63,100,FunctionTransformer(func=<function reshape at 0x7f58a4c93e20>),passthrough,"{'first_scale': 'passthrough', 'frequency': FunctionTransformer(func=<function power_phase_stft at 0x7f58a4c934c0>), 'model': HistGradientBoostingRegressor(early_stopping=True, max_iter=2000,
                              n_iter_no_change=20, random_state=42), 'model__l2_regularization': 1.0, 'model__learning_rate': 0.1, 'model__loss': 'squared_error', 'model__max_bins': 127, 'model__max_features': 0.05, 'model__max_leaf_nodes': 63, 'model__min_samples_leaf': 100, 'reshape': FunctionTransformer(func=<function reshape at 0x7f58a4c93e20>), 'second_scale': 'passthrough'}",0.055492637350999074,0.055492637350999074,0.0,1,0.7042099835372904,0.7042099835372904,0.0,,0.9718576864176158,0.5438658074035447
0,5038.136556625366,0.0,40.41715669631958,0.0,passthrough,power_phase_stft,"HistGradientBoostingRegressor(early_stopping=True, max_iter=2000,
                              n_iter_no_change=20, random_state=42)",0.01,0.1,squared_error,127,0.05,255,800,FunctionTransformer(func=<function reshape at 0x7f58a4c93e20>),passthrough,"{'first_scale': 'passthrough', 'frequency': FunctionTransformer(func=<function power_phase_stft at 0x7f58a4c934c0>), 'model': HistGradientBoostingRegressor(early_stopping=True, max_iter=2000,
                              n_iter_no_change=20, random_state=42), 'model__l2_regularization': 0.01, 'model__learning_rate': 0.1, 'model__loss': 'squared_error', 'model__max_bins': 127, 'model__max_features': 0.05, 'model__max_leaf_nodes': 255, 'model__min_samples_leaf': 800, 'reshape': FunctionTransformer(func=<function reshape at 0x7f58a4c93e20>), 'second_scale': 'passthrough'}",0.05287047066699191,0.05287047066699191,0.0,2,0.7633449744856382,0.7633449744856382,0.0,,0.9732058000921532,0.4864720192512225
1,4421.166896820068,0.0,41.67452335357666,0.0,passthrough,power_phase_stft,"HistGradientBoostingRegressor(early_stopping=True, max_iter=2000,
                              n_iter_no_change=20, random_state=42)",5.0,0.02,squared_error,63,0.02,127,200,FunctionTransformer(func=<function reshape at 0x7f58a4c93e20>),passthrough,"{'first_scale': 'passthrough', 'frequency': FunctionTransformer(func=<function power_phase_stft at 0x7f58a4c934c0>), 'model': HistGradientBoostingRegressor(early_stopping=True, max_iter=2000,
                              n_iter_no_change=20, random_state=42), 'model__l2_regularization': 5.0, 'model__learning_rate': 0.02, 'model__loss': 'squared_error', 'model__max_bins': 63, 'model__max_depth': 3, 'model__max_features': 0.02, 'model__max_leaf_nodes': 127, 'model__min_samples_leaf': 200, 'reshape': FunctionTransformer(func=<function reshape at 0x7f58a4c93e20>), 'second_scale': 'passthrough'}",0.08421516358517689,0.08421516358517689,0.0,1,0.21360008443734002,0.21360008443734002,0.0,3.0,0.9569664761185854,0.8867919234874999
0,4369.549511671066,0.0,40.17115497589111,0.0,passthrough,power_phase_stft,"HistGradientBoostingRegressor(early_stopping=True, max_iter=2000,
                              n_iter_no_change=20, random_state=42)",0.0,0.1,squared_error,127,0.05,255,800,FunctionTransformer(func=<function reshape at 0x7f58a4c93e20>),passthrough,"{'first_scale': 'passthrough', 'frequency': FunctionTransformer(func=<function power_phase_stft at 0x7f58a4c934c0>), 'model': HistGradientBoostingRegressor(early_stopping=True, max_iter=2000,
                              n_iter_no_change=20, random_state=42), 'model__l2_regularization': 0.0, 'model__learning_rate': 0.1, 'model__loss': 'squared_error', 'model__max_bins': 127, 'model__max_features': 0.05, 'model__max_leaf_nodes': 255, 'model__min_samples_leaf': 800, 'reshape': FunctionTransformer(func=<function reshape at 0x7f58a4c93e20>), 'second_scale': 'passthrough'}",0.06264581917670942,0.06264581917670942,0.0,2,0.7268406464883452,0.7268406464883452,0.0,,0.9681705329244898,0.5226464900022335
1,4432.265431642532,0.0,41.578532457351685,0.0,passthrough,power_phase_stft,"HistGradientBoostingRegressor(early_stopping=True, max_iter=2000,
                              n_iter_no_change=20, random_state=42)",0.01,0.02,squared_error,63,0.02,127,200,FunctionTransformer(func=<function reshape at 0x7f58a4c93e20>),passthrough,"{'first_scale': 'passthrough', 'frequency': FunctionTransformer(func=<function power_phase_stft at 0x7f58a4c934c0>), 'model': HistGradientBoostingRegressor(early_stopping=True, max_iter=2000,
                              n_iter_no_change=20, random_state=42), 'model__l2_regularization': 0.01, 'model__learning_rate': 0.02, 'model__loss': 'squared_error', 'model__max_bins': 63, 'model__max_depth': 3, 'model__max_features': 0.02, 'model__max_leaf_nodes': 127, 'model__min_samples_leaf': 200, 'reshape': FunctionTransformer(func=<function reshape at 0x7f58a4c93e20>), 'second_scale': 'passthrough'}",0.08487951093402668,0.08487951093402668,0.0,1,0.21439112533879445,0.21439112533879445,0.0,3.0,0.9566193020559293,0.8863457985804443
0,12428.900104761124,0.0,55.92204260826111,0.0,passthrough,power_phase_stft,"HistGradientBoostingRegressor(early_stopping=True, max_iter=2000,
                              n_iter_no_change=20, random_state=42)",0.01,0.1,squared_error,127,0.05,255,50,FunctionTransformer(func=<function reshape at 0x7f58a4c93e20>),passthrough,"{'first_scale': 'passthrough', 'frequency': FunctionTransformer(func=<function power_phase_stft at 0x7f58a4c934c0>), 'model': HistGradientBoostingRegressor(early_stopping=True, max_iter=2000,
                              n_iter_no_change=20, random_state=42), 'model__l2_regularization': 0.01, 'model__learning_rate': 0.1, 'model__loss': 'squared_error', 'model__max_bins': 127, 'model__max_features': 0.05, 'model__max_leaf_nodes': 255, 'model__min_samples_leaf': 50, 'reshape': FunctionTransformer(func=<function reshape at 0x7f58a4c93e20>), 'second_scale': 'passthrough'}",0.04296986020929061,0.04296986020929061,0.0,2,0.9099473250690499,0.9099473250690499,0.0,,0.978279172726635,0.3000877787097471
1,9136.132148742676,0.0,46.00884294509888,0.0,passthrough,power_phase_stft,"HistGradientBoostingRegressor(early_stopping=True, max_iter=2000,
                              n_iter_no_change=20, random_state=42)",5.0,0.02,squared_error,32,0.02,127,200,FunctionTransformer(func=<function reshape at 0x7f58a4c93e20>),passthrough,"{'first_scale': 'passthrough', 'frequency': FunctionTransformer(func=<function power_phase_stft at 0x7f58a4c934c0>), 'model': HistGradientBoostingRegressor(early_stopping=True, max_iter=2000,
                              n_iter_no_change=20, random_state=42), 'model__l2_regularization': 5.0, 'model__learning_rate': 0.02, 'model__loss': 'squared_error', 'model__max_bins': 32, 'model__max_depth': 6, 'model__max_features': 0.02, 'model__max_leaf_nodes': 127, 'model__min_samples_leaf': 200, 'reshape': FunctionTransformer(func=<function reshape at 0x7f58a4c93e20>), 'second_scale': 'passthrough'}",0.08583592748231339,0.08583592748231339,0.0,1,0.5660833493769206,0.5660833493769206,0.0,6.0,0.9561192773486406,0.6587235008887108
0,4889.8631637096405,0.0,45.96157264709473,0.0,passthrough,power_phase_stft,"HistGradientBoostingRegressor(early_stopping=True, max_iter=2000,
                              n_iter_no_change=20, random_state=42)",0.0,0.1,squared_error,127,0.02,127,800,FunctionTransformer(func=<function reshape at 0x7f58a4c93e20>),passthrough,"{'first_scale': 'passthrough', 'frequency': FunctionTransformer(func=<function power_phase_stft at 0x7f58a4c934c0>), 'model': HistGradientBoostingRegressor(early_stopping=True, max_iter=2000,
                              n_iter_no_change=20, random_state=42), 'model__l2_regularization': 0.0, 'model__learning_rate': 0.1, 'model__loss': 'squared_error', 'model__max_bins': 127, 'model__max_features': 0.02, 'model__max_leaf_nodes': 127, 'model__min_samples_leaf': 800, 'reshape': FunctionTransformer(func=<function reshape at 0x7f58a4c93e20>), 'second_scale': 'passthrough'}",0.05517190643904979,0.05517190643904979,0.0,2,0.7296669241652771,0.7296669241652771,0.0,,0.9720226816082792,0.5199356458589109
1,3672.3614506721497,0.0,44.9527862071991,0.0,passthrough,power_phase_stft,"HistGradientBoostingRegressor(early_stopping=True, max_iter=2000,
                              n_iter_no_change=20, random_state=42)",1.0,0.1,squared_error,127,0.05,127,800,FunctionTransformer(func=<function reshape at 0x7f58a4c93e20>),passthrough,"{'first_scale': 'passthrough', 'frequency': FunctionTransformer(func=<function power_phase_stft at 0x7f58a4c934c0>), 'model': HistGradientBoostingRegressor(early_stopping=True, max_iter=2000,
                              n_iter_no_change=20, random_state=42), 'model__l2_regularization': 1.0, 'model__learning_rate': 0.1, 'model__loss': 'squared_error', 'model__max_bins': 127, 'model__max_features': 0.05, 'model__max_leaf_nodes': 127, 'model__min_samples_leaf': 800, 'reshape': FunctionTransformer(func=<function reshape at 0x7f58a4c93e20>), 'second_scale': 'passthrough'}",0.05926549683939575,0.05926549683939575,0.0,1,0.6682561204172239,0.6682561204172239,0.0,,0.9699146885992624,0.5759721170185029
0,14437.611310720444,0.0,41.94804358482361,0.0,passthrough,power_phase_stft,"HistGradientBoostingRegressor(early_stopping=True, max_iter=2000,
                              n_iter_no_change=20, random_state=42)",0.001,0.1,squared_error,127,0.02,255,50,FunctionTransformer(func=<function reshape at 0x7f58a4c93e20>),passthrough,"{'first_scale': 'passthrough', 'frequency': FunctionTransformer(func=<function power_phase_stft at 0x7f58a4c934c0>), 'model': HistGradientBoostingRegressor(early_stopping=True, max_iter=2000,
                              n_iter_no_change=20, random_state=42), 'model__l2_regularization': 0.001, 'model__learning_rate': 0.1, 'model__loss': 'squared_error', 'model__max_bins': 127, 'model__max_features': 0.02, 'model__max_leaf_nodes': 255, 'model__min_samples_leaf': 50, 'reshape': FunctionTransformer(func=<function reshape at 0x7f58a4c93e20>), 'second_scale': 'passthrough'}",0.03706769484991512,0.03706769484991512,0.0,2,0.9136216026949682,0.9136216026949682,0.0,,0.9812911418891362,0.2939020199063488
1,1436.428899526596,0.0,36.673105001449585,0.0,passthrough,power_phase_stft,"HistGradientBoostingRegressor(early_stopping=True, max_iter=2000,
                              n_iter_no_change=20, random_state=42)",0.05,0.1,squared_error,63,0.02,127,200,FunctionTransformer(func=<function reshape at 0x7f58a4c93e20>),passthrough,"{'first_scale': 'passthrough', 'frequency': FunctionTransformer(func=<function power_phase_stft at 0x7f58a4c934c0>), 'model': HistGradientBoostingRegressor(early_stopping=True, max_iter=2000,
                              n_iter_no_change=20, random_state=42), 'model__l2_regularization': 0.05, 'model__learning_rate': 0.1, 'model__loss': 'squared_error', 'model__max_bins': 63, 'model__max_depth': 3, 'model__max_features': 0.02, 'model__max_leaf_nodes': 127, 'model__min_samples_leaf': 200, 'reshape': FunctionTransformer(func=<function reshape at 0x7f58a4c93e20>), 'second_scale': 'passthrough'}",0.08050798271914494,0.08050798271914494,0.0,1,0.24873601350536123,0.24873601350536123,0.0,3.0,0.958901463801602,0.8667548595160218
0,8037.043827295303,0.0,60.60758090019226,0.0,passthrough,power_phase_stft,"HistGradientBoostingRegressor(early_stopping=True, max_iter=2000,
                              n_iter_no_change=20, random_state=42)",0.01,0.1,squared_error,127,0.02,127,400,FunctionTransformer(func=<function reshape at 0x7f58a4c93e20>),passthrough,"{'first_scale': 'passthrough', 'frequency': FunctionTransformer(func=<function power_phase_stft at 0x7f58a4c934c0>), 'model': HistGradientBoostingRegressor(early_stopping=True, max_iter=2000,
                              n_iter_no_change=20, random_state=42), 'model__l2_regularization': 0.01, 'model__learning_rate': 0.1, 'model__loss': 'squared_error', 'model__max_bins': 127, 'model__max_features': 0.02, 'model__max_leaf_nodes': 127, 'model__min_samples_leaf': 400, 'reshape': FunctionTransformer(func=<function reshape at 0x7f58a4c93e20>), 'second_scale': 'passthrough'}",0.04893262271294607,0.04893262271294607,0.0,1,0.8452011835125651,0.8452011835125651,0.0,,0.9752268337607687,0.39344480742212734
1,6521.1683032512665,0.0,59.87836790084839,0.0,passthrough,power_phase_stft,"HistGradientBoostingRegressor(early_stopping=True, max_iter=2000,
                              n_iter_no_change=20, random_state=42)",1.0,0.1,squared_error,32,0.02,127,200,FunctionTransformer(func=<function reshape at 0x7f58a4c93e20>),passthrough,"{'first_scale': 'passthrough', 'frequency': FunctionTransformer(func=<function power_phase_stft at 0x7f58a4c934c0>), 'model': HistGradientBoostingRegressor(early_stopping=True, max_iter=2000,
                              n_iter_no_change=20, random_state=42), 'model__l2_regularization': 1.0, 'model__learning_rate': 0.1, 'model__loss': 'squared_error', 'model__max_bins': 32, 'model__max_depth': 10, 'model__max_features': 0.02, 'model__max_leaf_nodes': 127, 'model__min_samples_leaf': 200, 'reshape': FunctionTransformer(func=<function reshape at 0x7f58a4c93e20>), 'second_scale': 'passthrough'}",0.0483393739802761,0.0483393739802761,0.0,2,0.8434007556876241,0.8434007556876241,0.0,10.0,0.9755309457007112,0.39572622393818674
0,1868.24919962883,0.0,38.01724982261658,0.0,passthrough,power_phase_stft,"HistGradientBoostingRegressor(early_stopping=True, max_iter=2000,
                              n_iter_no_change=20, random_state=42)",0.0,0.1,squared_error,127,0.02,31,800,FunctionTransformer(func=<function reshape at 0x7f58a4c93e20>),passthrough,"{'first_scale': 'passthrough', 'frequency': FunctionTransformer(func=<function power_phase_stft at 0x7f58a4c934c0>), 'model': HistGradientBoostingRegressor(early_stopping=True, max_iter=2000,
                              n_iter_no_change=20, random_state=42), 'model__l2_regularization': 0.0, 'model__learning_rate': 0.1, 'model__loss': 'squared_error', 'model__max_bins': 127, 'model__max_features': 0.02, 'model__max_leaf_nodes': 31, 'model__min_samples_leaf': 800, 'reshape': FunctionTransformer(func=<function reshape at 0x7f58a4c93e20>), 'second_scale': 'passthrough'}",0.07262178233384964,0.07262178233384964,0.0,1,0.38776186515438527,0.38776186515438527,0.0,,0.9630047858999198,0.7824564747291792
1,3991.4927978515625,0.0,38.2986843585968,0.0,passthrough,power_phase_stft,"HistGradientBoostingRegressor(early_stopping=True, max_iter=2000,
                              n_iter_no_change=20, random_state=42)",1.0,0.1,squared_error,127,0.05,31,800,FunctionTransformer(func=<function reshape at 0x7f58a4c93e20>),passthrough,"{'first_scale': 'passthrough', 'frequency': FunctionTransformer(func=<function power_phase_stft at 0x7f58a4c934c0>), 'model': HistGradientBoostingRegressor(early_stopping=True, max_iter=2000,
                              n_iter_no_change=20, random_state=42), 'model__l2_regularization': 1.0, 'model__learning_rate': 0.1, 'model__loss': 'squared_error', 'model__max_bins': 127, 'model__max_features': 0.05, 'model__max_leaf_nodes': 31, 'model__min_samples_leaf': 800, 'reshape': FunctionTransformer(func=<function reshape at 0x7f58a4c93e20>), 'second_scale': 'passthrough'}",0.05991348136118613,0.05991348136118613,0.0,2,0.6388983690609187,0.6388983690609187,0.0,,0.9695805890377622,0.6009173245456327
0,10510.591292381287,0.0,59.0426766872406,0.0,passthrough,power_phase_stft,"HistGradientBoostingRegressor(early_stopping=True, max_iter=2000,
                              n_iter_no_change=20, random_state=42)",0.001,0.1,squared_error,127,0.02,127,400,FunctionTransformer(func=<function reshape at 0x7f58a4c93e20>),passthrough,"{'first_scale': 'passthrough', 'frequency': FunctionTransformer(func=<function power_phase_stft at 0x7f58a4c934c0>), 'model': HistGradientBoostingRegressor(early_stopping=True, max_iter=2000,
                              n_iter_no_change=20, random_state=42), 'model__l2_regularization': 0.001, 'model__learning_rate': 0.1, 'model__loss': 'squared_error', 'model__max_bins': 127, 'model__max_features': 0.02, 'model__max_leaf_nodes': 127, 'model__min_samples_leaf': 400, 'reshape': FunctionTransformer(func=<function reshape at 0x7f58a4c93e20>), 'second_scale': 'passthrough'}",0.046204156263158214,0.046204156263158214,0.0,1,0.8698870479930314,0.8698870479930314,0.0,,0.9766247200111421,0.36071172978844007
1,6881.786585330963,0.0,52.2588586807251,0.0,passthrough,power_phase_stft,"HistGradientBoostingRegressor(early_stopping=True, max_iter=2000,
                              n_iter_no_change=20, random_state=42)",0.05,0.1,squared_error,32,0.02,127,200,FunctionTransformer(func=<function reshape at 0x7f58a4c93e20>),passthrough,"{'first_scale': 'passthrough', 'frequency': FunctionTransformer(func=<function power_phase_stft at 0x7f58a4c934c0>), 'model': HistGradientBoostingRegressor(early_stopping=True, max_iter=2000,
                              n_iter_no_change=20, random_state=42), 'model__l2_regularization': 0.05, 'model__learning_rate': 0.1, 'model__loss': 'squared_error', 'model__max_bins': 32, 'model__max_depth': 10, 'model__max_features': 0.02, 'model__max_leaf_nodes': 127, 'model__min_samples_leaf': 200, 'reshape': FunctionTransformer(func=<function reshape at 0x7f58a4c93e20>), 'second_scale': 'passthrough'}",0.04503501505952101,0.04503501505952101,0.0,2,0.8704846129928298,0.8704846129928298,0.0,10.0,0.9772230988574099,0.3598824627669015
0,10263.858062028885,0.0,43.915711402893066,0.0,passthrough,power_phase_stft,"HistGradientBoostingRegressor(early_stopping=True, max_iter=2000,
                              n_iter_no_change=20, random_state=42)",0.1,0.02,squared_error,127,0.02,31,800,FunctionTransformer(func=<function reshape at 0x7f58a4c93e20>),passthrough,"{'first_scale': 'passthrough', 'frequency': FunctionTransformer(func=<function power_phase_stft at 0x7f58a4c934c0>), 'model': HistGradientBoostingRegressor(early_stopping=True, max_iter=2000,
                              n_iter_no_change=20, random_state=42), 'model__l2_regularization': 0.1, 'model__learning_rate': 0.02, 'model__loss': 'squared_error', 'model__max_bins': 127, 'model__max_features': 0.02, 'model__max_leaf_nodes': 31, 'model__min_samples_leaf': 800, 'reshape': FunctionTransformer(func=<function reshape at 0x7f58a4c93e20>), 'second_scale': 'passthrough'}",0.08940982195728753,0.08940982195728753,0.0,1,0.4843306185296553,0.4843306185296553,0.0,,0.9542484886247986,0.7181012334415982
1,3276.199200630188,0.0,38.7323203086853,0.0,passthrough,power_phase_stft,"HistGradientBoostingRegressor(early_stopping=True, max_iter=2000,
                              n_iter_no_change=20, random_state=42)",5.0,0.03,squared_error,32,0.01,127,200,FunctionTransformer(func=<function reshape at 0x7f58a4c93e20>),passthrough,"{'first_scale': 'passthrough', 'frequency': FunctionTransformer(func=<function power_phase_stft at 0x7f58a4c934c0>), 'model': HistGradientBoostingRegressor(early_stopping=True, max_iter=2000,
                              n_iter_no_change=20, random_state=42), 'model__l2_regularization': 5.0, 'model__learning_rate': 0.03, 'model__loss': 'squared_error', 'model__max_bins': 32, 'model__max_depth': 3, 'model__max_features': 0.01, 'model__max_leaf_nodes': 127, 'model__min_samples_leaf': 200, 'reshape': FunctionTransformer(func=<function reshape at 0x7f58a4c93e20>), 'second_scale': 'passthrough'}",0.08519464649080422,0.08519464649080422,0.0,2,0.24613398177472678,0.24613398177472678,0.0,3.0,0.9564545747233351,0.8682545814594204
0,19259.34363746643,0.0,61.976558446884155,0.0,passthrough,power_phase_stft,"HistGradientBoostingRegressor(early_stopping=True, max_iter=2000,
                              n_iter_no_change=20, random_state=42)",0.1,0.02,squared_error,127,0.02,63,50,FunctionTransformer(func=<function reshape at 0x7f58a4c93e20>),passthrough,"{'first_scale': 'passthrough', 'frequency': FunctionTransformer(func=<function power_phase_stft at 0x7f58a4c934c0>), 'model': HistGradientBoostingRegressor(early_stopping=True, max_iter=2000,
                              n_iter_no_change=20, random_state=42), 'model__l2_regularization': 0.1, 'model__learning_rate': 0.02, 'model__loss': 'squared_error', 'model__max_bins': 127, 'model__max_features': 0.02, 'model__max_leaf_nodes': 63, 'model__min_samples_leaf': 50, 'reshape': FunctionTransformer(func=<function reshape at 0x7f58a4c93e20>), 'second_scale': 'passthrough'}",0.08122957269456399,0.08122957269456399,0.0,2,0.6908408244685935,0.6908408244685935,0.0,,0.9585251312852658,0.5560208409146248
1,5080.039937496185,0.0,61.26184701919556,0.0,passthrough,power_phase_stft,"HistGradientBoostingRegressor(early_stopping=True, max_iter=2000,
                              n_iter_no_change=20, random_state=42)",5.0,0.03,squared_error,32,0.02,127,200,FunctionTransformer(func=<function reshape at 0x7f58a4c93e20>),passthrough,"{'first_scale': 'passthrough', 'frequency': FunctionTransformer(func=<function power_phase_stft at 0x7f58a4c934c0>), 'model': HistGradientBoostingRegressor(early_stopping=True, max_iter=2000,
                              n_iter_no_change=20, random_state=42), 'model__l2_regularization': 5.0, 'model__learning_rate': 0.03, 'model__loss': 'squared_error', 'model__max_bins': 32, 'model__max_depth': 3, 'model__max_features': 0.02, 'model__max_leaf_nodes': 127, 'model__min_samples_leaf': 200, 'reshape': FunctionTransformer(func=<function reshape at 0x7f58a4c93e20>), 'second_scale': 'passthrough'}",0.0860489564598601,0.0860489564598601,0.0,1,0.2452048843881427,0.2452048843881427,0.0,3.0,0.9560078679279475,0.8687894541325057
0,11749.322763681412,0.0,47.08954906463623,0.0,passthrough,power_phase_stft,"HistGradientBoostingRegressor(early_stopping=True, max_iter=2000,
                              n_iter_no_change=20, random_state=42)",0.01,0.05,squared_error,127,0.05,127,50,FunctionTransformer(func=<function reshape at 0x7f58a4c93e20>),passthrough,"{'first_scale': 'passthrough', 'frequency': FunctionTransformer(func=<function power_phase_stft at 0x7f58a4c934c0>), 'model': HistGradientBoostingRegressor(early_stopping=True, max_iter=2000,
                              n_iter_no_change=20, random_state=42), 'model__l2_regularization': 0.01, 'model__learning_rate': 0.05, 'model__loss': 'squared_error', 'model__max_bins': 127, 'model__max_features': 0.05, 'model__max_leaf_nodes': 127, 'model__min_samples_leaf': 50, 'reshape': FunctionTransformer(func=<function reshape at 0x7f58a4c93e20>), 'second_scale': 'passthrough'}",0.07303122343467294,0.07303122343467294,0.0,2,0.8792839229440454,0.8792839229440454,0.0,,0.9627921772456022,0.3474421923945832
1,3655.540432214737,0.0,48.74011158943176,0.0,passthrough,power_phase_stft,"HistGradientBoostingRegressor(early_stopping=True, max_iter=2000,
                              n_iter_no_change=20, random_state=42)",1.0,0.03,squared_error,63,0.01,127,200,FunctionTransformer(func=<function reshape at 0x7f58a4c93e20>),passthrough,"{'first_scale': 'passthrough', 'frequency': FunctionTransformer(func=<function power_phase_stft at 0x7f58a4c934c0>), 'model': HistGradientBoostingRegressor(early_stopping=True, max_iter=2000,
                              n_iter_no_change=20, random_state=42), 'model__l2_regularization': 1.0, 'model__learning_rate': 0.03, 'model__loss': 'squared_error', 'model__max_bins': 63, 'model__max_depth': 3, 'model__max_features': 0.01, 'model__max_leaf_nodes': 127, 'model__min_samples_leaf': 200, 'reshape': FunctionTransformer(func=<function reshape at 0x7f58a4c93e20>), 'second_scale': 'passthrough'}",0.08389463303773159,0.08389463303773159,0.0,1,0.24342420670799347,0.24342420670799347,0.0,3.0,0.9571339336593747,0.8698136543490258
0,3542.6027266979218,0.0,30.429198026657104,0.0,passthrough,power_phase_stft,"HistGradientBoostingRegressor(early_stopping=True, max_iter=2000,
                              n_iter_no_change=20, random_state=42)",0.0,0.05,squared_error,127,0.02,31,50,FunctionTransformer(func=<function reshape at 0x7f58a4c93e20>),passthrough,"{'first_scale': 'passthrough', 'frequency': FunctionTransformer(func=<function power_phase_stft at 0x7f58a4c934c0>), 'model': HistGradientBoostingRegressor(early_stopping=True, max_iter=2000,
                              n_iter_no_change=20, random_state=42), 'model__l2_regularization': 0.0, 'model__learning_rate': 0.05, 'model__loss': 'squared_error', 'model__max_bins': 127, 'model__max_features': 0.02, 'model__max_leaf_nodes': 31, 'model__min_samples_leaf': 50, 'reshape': FunctionTransformer(func=<function reshape at 0x7f58a4c93e20>), 'second_scale': 'passthrough'}",0.07722314612923942,0.07722314612923942,0.0,2,0.5665415234207993,0.5665415234207993,0.0,,0.9606127491714653,0.6583756348614374
1,3024.2855002880096,0.0,30.11569857597351,0.0,passthrough,power_phase_stft,"HistGradientBoostingRegressor(early_stopping=True, max_iter=2000,
                              n_iter_no_change=20, random_state=42)",1.0,0.05,squared_error,127,0.05,31,50,FunctionTransformer(func=<function reshape at 0x7f58a4c93e20>),passthrough,"{'first_scale': 'passthrough', 'frequency': FunctionTransformer(func=<function power_phase_stft at 0x7f58a4c934c0>), 'model': HistGradientBoostingRegressor(early_stopping=True, max_iter=2000,
                              n_iter_no_change=20, random_state=42), 'model__l2_regularization': 1.0, 'model__learning_rate': 0.05, 'model__loss': 'squared_error', 'model__max_bins': 127, 'model__max_features': 0.05, 'model__max_leaf_nodes': 31, 'model__min_samples_leaf': 50, 'reshape': FunctionTransformer(func=<function reshape at 0x7f58a4c93e20>), 'second_scale': 'passthrough'}",0.07752942254731321,0.07752942254731321,0.0,1,0.5418223885885253,0.5418223885885253,0.0,,0.9604533187264682,0.6768881823547186
0,7930.116894245148,0.0,35.443443059921265,0.0,passthrough,power_phase_stft,"HistGradientBoostingRegressor(early_stopping=True, max_iter=2000,
                              n_iter_no_change=20, random_state=42)",0.0,0.05,squared_error,127,0.02,63,50,FunctionTransformer(func=<function reshape at 0x7f58a4c93e20>),passthrough,"{'first_scale': 'passthrough', 'frequency': FunctionTransformer(func=<function power_phase_stft at 0x7f58a4c934c0>), 'model': HistGradientBoostingRegressor(early_stopping=True, max_iter=2000,
                              n_iter_no_change=20, random_state=42), 'model__l2_regularization': 0.0, 'model__learning_rate': 0.05, 'model__loss': 'squared_error', 'model__max_bins': 127, 'model__max_features': 0.02, 'model__max_leaf_nodes': 63, 'model__min_samples_leaf': 50, 'reshape': FunctionTransformer(func=<function reshape at 0x7f58a4c93e20>), 'second_scale': 'passthrough'}",0.06859570467260567,0.06859570467260567,0.0,2,0.8107688523489214,0.8107688523489214,0.0,,0.9650928946621637,0.43500706620821533
1,6409.138279438019,0.0,39.45853066444397,0.0,passthrough,power_phase_stft,"HistGradientBoostingRegressor(early_stopping=True, max_iter=2000,
                              n_iter_no_change=20, random_state=42)",1.0,0.05,squared_error,127,0.05,63,50,FunctionTransformer(func=<function reshape at 0x7f58a4c93e20>),passthrough,"{'first_scale': 'passthrough', 'frequency': FunctionTransformer(func=<function power_phase_stft at 0x7f58a4c934c0>), 'model': HistGradientBoostingRegressor(early_stopping=True, max_iter=2000,
                              n_iter_no_change=20, random_state=42), 'model__l2_regularization': 1.0, 'model__learning_rate': 0.05, 'model__loss': 'squared_error', 'model__max_bins': 127, 'model__max_features': 0.05, 'model__max_leaf_nodes': 63, 'model__min_samples_leaf': 50, 'reshape': FunctionTransformer(func=<function reshape at 0x7f58a4c93e20>), 'second_scale': 'passthrough'}",0.07278062890214065,0.07278062890214065,0.0,1,0.7718433990849564,0.7718433990849564,0.0,,0.9629223079240917,0.47765740956782365
0,15547.192331552505,0.0,45.54624271392822,0.0,passthrough,power_phase_stft,"HistGradientBoostingRegressor(early_stopping=True, max_iter=2000,
                              n_iter_no_change=20, random_state=42)",1.0,0.02,squared_error,127,0.02,255,800,FunctionTransformer(func=<function reshape at 0x7f58a4c93e20>),passthrough,"{'first_scale': 'passthrough', 'frequency': FunctionTransformer(func=<function power_phase_stft at 0x7f58a4c934c0>), 'model': HistGradientBoostingRegressor(early_stopping=True, max_iter=2000,
                              n_iter_no_change=20, random_state=42), 'model__l2_regularization': 1.0, 'model__learning_rate': 0.02, 'model__loss': 'squared_error', 'model__max_bins': 127, 'model__max_features': 0.02, 'model__max_leaf_nodes': 255, 'model__min_samples_leaf': 800, 'reshape': FunctionTransformer(func=<function reshape at 0x7f58a4c93e20>), 'second_scale': 'passthrough'}",0.08604132876376147,0.08604132876376147,0.0,2,0.6795267950109568,0.6795267950109568,0.0,,0.9560118572675961,0.5661035285078545
1,3947.4277341365814,0.0,39.23447108268738,0.0,passthrough,power_phase_stft,"HistGradientBoostingRegressor(early_stopping=True, max_iter=2000,
                              n_iter_no_change=20, random_state=42)",10.0,0.02,squared_error,63,0.01,127,6400,FunctionTransformer(func=<function reshape at 0x7f58a4c93e20>),passthrough,"{'first_scale': 'passthrough', 'frequency': FunctionTransformer(func=<function power_phase_stft at 0x7f58a4c934c0>), 'model': HistGradientBoostingRegressor(early_stopping=True, max_iter=2000,
                              n_iter_no_change=20, random_state=42), 'model__l2_regularization': 10.0, 'model__learning_rate': 0.02, 'model__loss': 'squared_error', 'model__max_bins': 63, 'model__max_features': 0.01, 'model__max_leaf_nodes': 127, 'model__min_samples_leaf': 6400, 'reshape': FunctionTransformer(func=<function reshape at 0x7f58a4c93e20>), 'second_scale': 'passthrough'}",0.08854927560898607,0.08854927560898607,0.0,1,0.20077391924207755,0.20077391924207755,0.0,,0.9546992847965342,0.8939944523082469
0,6939.429148435593,0.0,41.54885482788086,0.0,passthrough,power_phase_stft,"HistGradientBoostingRegressor(early_stopping=True, max_iter=2000,
                              n_iter_no_change=20, random_state=42)",0.001,0.05,squared_error,127,0.05,63,100,FunctionTransformer(func=<function reshape at 0x7f58a4c93e20>),passthrough,"{'first_scale': 'passthrough', 'frequency': FunctionTransformer(func=<function power_phase_stft at 0x7f58a4c934c0>), 'model': HistGradientBoostingRegressor(early_stopping=True, max_iter=2000,
                              n_iter_no_change=20, random_state=42), 'model__l2_regularization': 0.001, 'model__learning_rate': 0.05, 'model__loss': 'squared_error', 'model__max_bins': 127, 'model__max_features': 0.05, 'model__max_leaf_nodes': 63, 'model__min_samples_leaf': 100, 'reshape': FunctionTransformer(func=<function reshape at 0x7f58a4c93e20>), 'second_scale': 'passthrough'}",0.07671742499341283,0.07671742499341283,0.0,2,0.7127980611325491,0.7127980611325491,0.0,,0.9608759415276185,0.5359122492231829
1,9790.398267269135,0.0,46.717838525772095,0.0,passthrough,power_phase_stft,"HistGradientBoostingRegressor(early_stopping=True, max_iter=2000,
                              n_iter_no_change=20, random_state=42)",0.05,0.03,squared_error,32,0.01,127,200,FunctionTransformer(func=<function reshape at 0x7f58a4c93e20>),passthrough,"{'first_scale': 'passthrough', 'frequency': FunctionTransformer(func=<function power_phase_stft at 0x7f58a4c934c0>), 'model': HistGradientBoostingRegressor(early_stopping=True, max_iter=2000,
                              n_iter_no_change=20, random_state=42), 'model__l2_regularization': 0.05, 'model__learning_rate': 0.03, 'model__loss': 'squared_error', 'model__max_bins': 32, 'model__max_depth': 6, 'model__max_features': 0.01, 'model__max_leaf_nodes': 127, 'model__min_samples_leaf': 200, 'reshape': FunctionTransformer(func=<function reshape at 0x7f58a4c93e20>), 'second_scale': 'passthrough'}",0.08047719878117943,0.08047719878117943,0.0,1,0.6504372668669938,0.6504372668669938,0.0,6.0,0.9589175153363404,0.5912383048593911
0,3901.3465809822083,0.0,35.9764723777771,0.0,passthrough,power_phase_stft,"HistGradientBoostingRegressor(early_stopping=True, max_iter=2000,
                              n_iter_no_change=20, random_state=42)",0.1,0.1,squared_error,127,0.05,127,200,FunctionTransformer(func=<function reshape at 0x7f58a4c93e20>),passthrough,"{'first_scale': 'passthrough', 'frequency': FunctionTransformer(func=<function power_phase_stft at 0x7f58a4c934c0>), 'model': HistGradientBoostingRegressor(early_stopping=True, max_iter=2000,
                              n_iter_no_change=20, random_state=42), 'model__l2_regularization': 0.1, 'model__learning_rate': 0.1, 'model__loss': 'squared_error', 'model__max_bins': 127, 'model__max_features': 0.05, 'model__max_leaf_nodes': 127, 'model__min_samples_leaf': 200, 'reshape': FunctionTransformer(func=<function reshape at 0x7f58a4c93e20>), 'second_scale': 'passthrough'}",0.052000023688117514,0.052000023688117514,0.0,2,0.7926447015866578,0.7926447015866578,0.0,,0.9736529034064872,0.45536282063135347
1,8532.460283041,0.0,39.6445586681366,0.0,passthrough,power_phase_stft,"HistGradientBoostingRegressor(early_stopping=True, max_iter=2000,
                              n_iter_no_change=20, random_state=42)",5.0,0.02,squared_error,63,0.01,63,1600,FunctionTransformer(func=<function reshape at 0x7f58a4c93e20>),passthrough,"{'first_scale': 'passthrough', 'frequency': FunctionTransformer(func=<function power_phase_stft at 0x7f58a4c934c0>), 'model': HistGradientBoostingRegressor(early_stopping=True, max_iter=2000,
                              n_iter_no_change=20, random_state=42), 'model__l2_regularization': 5.0, 'model__learning_rate': 0.02, 'model__loss': 'squared_error', 'model__max_bins': 63, 'model__max_features': 0.01, 'model__max_leaf_nodes': 63, 'model__min_samples_leaf': 1600, 'reshape': FunctionTransformer(func=<function reshape at 0x7f58a4c93e20>), 'second_scale': 'passthrough'}",0.08899441491741722,0.08899441491741722,0.0,1,0.4516351144124635,0.4516351144124635,0.0,,0.9544661256862826,0.7405166342409443
0,3926.762202978134,0.0,38.576807498931885,0.0,passthrough,power_phase_stft,"HistGradientBoostingRegressor(early_stopping=True, max_iter=2000,
                              n_iter_no_change=20, random_state=42)",0.1,0.1,squared_error,127,0.05,127,800,FunctionTransformer(func=<function reshape at 0x7f58a4c93e20>),passthrough,"{'first_scale': 'passthrough', 'frequency': FunctionTransformer(func=<function power_phase_stft at 0x7f58a4c934c0>), 'model': HistGradientBoostingRegressor(early_stopping=True, max_iter=2000,
                              n_iter_no_change=20, random_state=42), 'model__l2_regularization': 0.1, 'model__learning_rate': 0.1, 'model__loss': 'squared_error', 'model__max_bins': 127, 'model__max_features': 0.05, 'model__max_leaf_nodes': 127, 'model__min_samples_leaf': 800, 'reshape': FunctionTransformer(func=<function reshape at 0x7f58a4c93e20>), 'second_scale': 'passthrough'}",0.057990345594531645,0.057990345594531645,0.0,2,0.7281798601599029,0.7281798601599029,0.0,,0.9705718182625479,0.5213637308445008
1,3898.7519347667694,0.0,37.02332806587219,0.0,passthrough,power_phase_stft,"HistGradientBoostingRegressor(early_stopping=True, max_iter=2000,
                              n_iter_no_change=20, random_state=42)",5.0,0.02,squared_error,63,0.01,63,6400,FunctionTransformer(func=<function reshape at 0x7f58a4c93e20>),passthrough,"{'first_scale': 'passthrough', 'frequency': FunctionTransformer(func=<function power_phase_stft at 0x7f58a4c934c0>), 'model': HistGradientBoostingRegressor(early_stopping=True, max_iter=2000,
                              n_iter_no_change=20, random_state=42), 'model__l2_regularization': 5.0, 'model__learning_rate': 0.02, 'model__loss': 'squared_error', 'model__max_bins': 63, 'model__max_features': 0.01, 'model__max_leaf_nodes': 63, 'model__min_samples_leaf': 6400, 'reshape': FunctionTransformer(func=<function reshape at 0x7f58a4c93e20>), 'second_scale': 'passthrough'}",0.08756800092775108,0.08756800092775108,0.0,1,0.20075048938960816,0.20075048938960816,0.0,,0.9552130647516547,0.8940075562378608
0,4787.237582445145,0.0,43.63742017745972,0.0,passthrough,power_phase_stft,"HistGradientBoostingRegressor(early_stopping=True, max_iter=2000,
                              n_iter_no_change=20, random_state=42)",0.0,0.05,squared_error,127,0.02,63,100,FunctionTransformer(func=<function reshape at 0x7f58a4c93e20>),passthrough,"{'first_scale': 'passthrough', 'frequency': FunctionTransformer(func=<function power_phase_stft at 0x7f58a4c934c0>), 'model': HistGradientBoostingRegressor(early_stopping=True, max_iter=2000,
                              n_iter_no_change=20, random_state=42), 'model__l2_regularization': 0.0, 'model__learning_rate': 0.05, 'model__loss': 'squared_error', 'model__max_bins': 127, 'model__max_features': 0.02, 'model__max_leaf_nodes': 63, 'model__min_samples_leaf': 100, 'reshape': FunctionTransformer(func=<function reshape at 0x7f58a4c93e20>), 'second_scale': 'passthrough'}",0.07785089090936914,0.07785089090936914,0.0,1,0.6450369607422937,0.6450369607422937,0.0,,0.9602859517303327,0.5957877468173597
1,5264.607800722122,0.0,39.67107033729553,0.0,passthrough,power_phase_stft,"HistGradientBoostingRegressor(early_stopping=True, max_iter=2000,
                              n_iter_no_change=20, random_state=42)",1.0,0.05,squared_error,127,0.05,63,100,FunctionTransformer(func=<function reshape at 0x7f58a4c93e20>),passthrough,"{'first_scale': 'passthrough', 'frequency': FunctionTransformer(func=<function power_phase_stft at 0x7f58a4c934c0>), 'model': HistGradientBoostingRegressor(early_stopping=True, max_iter=2000,
                              n_iter_no_change=20, random_state=42), 'model__l2_regularization': 1.0, 'model__learning_rate': 0.05, 'model__loss': 'squared_error', 'model__max_bins': 127, 'model__max_features': 0.05, 'model__max_leaf_nodes': 63, 'model__min_samples_leaf': 100, 'reshape': FunctionTransformer(func=<function reshape at 0x7f58a4c93e20>), 'second_scale': 'passthrough'}",0.07602831209377181,0.07602831209377181,0.0,2,0.69546987076083,0.69546987076083,0.0,,0.961234460423797,0.5518424858953594
0,10044.56567120552,0.0,43.55008673667908,0.0,passthrough,power_phase_stft,"HistGradientBoostingRegressor(early_stopping=True, max_iter=2000,
                              n_iter_no_change=20, random_state=42)",0.001,0.02,squared_error,127,0.05,31,50,FunctionTransformer(func=<function reshape at 0x7f58a4c93e20>),passthrough,"{'first_scale': 'passthrough', 'frequency': FunctionTransformer(func=<function power_phase_stft at 0x7f58a4c934c0>), 'model': HistGradientBoostingRegressor(early_stopping=True, max_iter=2000,
                              n_iter_no_change=20, random_state=42), 'model__l2_regularization': 0.001, 'model__learning_rate': 0.02, 'model__loss': 'squared_error', 'model__max_bins': 127, 'model__max_features': 0.05, 'model__max_leaf_nodes': 31, 'model__min_samples_leaf': 50, 'reshape': FunctionTransformer(func=<function reshape at 0x7f58a4c93e20>), 'second_scale': 'passthrough'}",0.08593216974031259,0.08593216974031259,0.0,1,0.5432086030566441,0.5432086030566441,0.0,,0.9560689463943944,0.6758634454853701
1,13810.01983499527,0.0,43.47710609436035,0.0,passthrough,power_phase_stft,"HistGradientBoostingRegressor(early_stopping=True, max_iter=2000,
                              n_iter_no_change=20, random_state=42)",0.01,0.05,squared_error,32,0.01,127,200,FunctionTransformer(func=<function reshape at 0x7f58a4c93e20>),passthrough,"{'first_scale': 'passthrough', 'frequency': FunctionTransformer(func=<function power_phase_stft at 0x7f58a4c934c0>), 'model': HistGradientBoostingRegressor(early_stopping=True, max_iter=2000,
                              n_iter_no_change=20, random_state=42), 'model__l2_regularization': 0.01, 'model__learning_rate': 0.05, 'model__loss': 'squared_error', 'model__max_bins': 32, 'model__max_depth': 10, 'model__max_features': 0.01, 'model__max_leaf_nodes': 127, 'model__min_samples_leaf': 200, 'reshape': FunctionTransformer(func=<function reshape at 0x7f58a4c93e20>), 'second_scale': 'passthrough'}",0.06934912977703112,0.06934912977703112,0.0,2,0.8761191786235168,0.8761191786235168,0.0,10.0,0.9647024775665132,0.3519670742789489
0,9068.395278692245,0.0,42.73578143119812,0.0,passthrough,power_phase_stft,"HistGradientBoostingRegressor(early_stopping=True, max_iter=2000,
                              n_iter_no_change=20, random_state=42)",0.001,0.02,squared_error,127,0.05,31,100,FunctionTransformer(func=<function reshape at 0x7f58a4c93e20>),passthrough,"{'first_scale': 'passthrough', 'frequency': FunctionTransformer(func=<function power_phase_stft at 0x7f58a4c934c0>), 'model': HistGradientBoostingRegressor(early_stopping=True, max_iter=2000,
                              n_iter_no_change=20, random_state=42), 'model__l2_regularization': 0.001, 'model__learning_rate': 0.02, 'model__loss': 'squared_error', 'model__max_bins': 127, 'model__max_features': 0.05, 'model__max_leaf_nodes': 31, 'model__min_samples_leaf': 100, 'reshape': FunctionTransformer(func=<function reshape at 0x7f58a4c93e20>), 'second_scale': 'passthrough'}",0.08527526304048472,0.08527526304048472,0.0,1,0.4942730511111232,0.4942730511111232,0.0,,0.9564124303664792,0.7111448156942978
1,11697.287055492401,0.0,43.44735527038574,0.0,passthrough,power_phase_stft,"HistGradientBoostingRegressor(early_stopping=True, max_iter=2000,
                              n_iter_no_change=20, random_state=42)",0.01,0.05,squared_error,32,0.02,127,200,FunctionTransformer(func=<function reshape at 0x7f58a4c93e20>),passthrough,"{'first_scale': 'passthrough', 'frequency': FunctionTransformer(func=<function power_phase_stft at 0x7f58a4c934c0>), 'model': HistGradientBoostingRegressor(early_stopping=True, max_iter=2000,
                              n_iter_no_change=20, random_state=42), 'model__l2_regularization': 0.01, 'model__learning_rate': 0.05, 'model__loss': 'squared_error', 'model__max_bins': 32, 'model__max_depth': 10, 'model__max_features': 0.02, 'model__max_leaf_nodes': 127, 'model__min_samples_leaf': 200, 'reshape': FunctionTransformer(func=<function reshape at 0x7f58a4c93e20>), 'second_scale': 'passthrough'}",0.07082714666023793,0.07082714666023793,0.0,2,0.8658505267401154,0.8658505267401154,0.0,10.0,0.9639361251347321,0.36626421236572454
0,2179.7802188396454,0.0,39.01744794845581,0.0,passthrough,power_phase_stft,"HistGradientBoostingRegressor(early_stopping=True, max_iter=2000,
                              n_iter_no_change=20, random_state=42)",0.0,0.1,squared_error,127,0.02,31,200,FunctionTransformer(func=<function reshape at 0x7f58a4c93e20>),passthrough,"{'first_scale': 'passthrough', 'frequency': FunctionTransformer(func=<function power_phase_stft at 0x7f58a4c934c0>), 'model': HistGradientBoostingRegressor(early_stopping=True, max_iter=2000,
                              n_iter_no_change=20, random_state=42), 'model__l2_regularization': 0.0, 'model__learning_rate': 0.1, 'model__loss': 'squared_error', 'model__max_bins': 127, 'model__max_features': 0.02, 'model__max_leaf_nodes': 31, 'model__min_samples_leaf': 200, 'reshape': FunctionTransformer(func=<function reshape at 0x7f58a4c93e20>), 'second_scale': 'passthrough'}",0.07244706097130882,0.07244706097130882,0.0,1,0.465826168995909,0.465826168995909,0.0,,0.9630954983949884,0.7308719662184965
1,1943.7038431167603,0.0,39.97276163101196,0.0,passthrough,power_phase_stft,"HistGradientBoostingRegressor(early_stopping=True, max_iter=2000,
                              n_iter_no_change=20, random_state=42)",1.0,0.1,squared_error,127,0.05,31,200,FunctionTransformer(func=<function reshape at 0x7f58a4c93e20>),passthrough,"{'first_scale': 'passthrough', 'frequency': FunctionTransformer(func=<function power_phase_stft at 0x7f58a4c934c0>), 'model': HistGradientBoostingRegressor(early_stopping=True, max_iter=2000,
                              n_iter_no_change=20, random_state=42), 'model__l2_regularization': 1.0, 'model__learning_rate': 0.1, 'model__loss': 'squared_error', 'model__max_bins': 127, 'model__max_features': 0.05, 'model__max_leaf_nodes': 31, 'model__min_samples_leaf': 200, 'reshape': FunctionTransformer(func=<function reshape at 0x7f58a4c93e20>), 'second_scale': 'passthrough'}",0.06758214397910911,0.06758214397910911,0.0,2,0.46896134844339266,0.46896134844339266,0.0,,0.9656178623145343,0.7287239885969223
0,4306.702892780304,0.0,37.10346078872681,0.0,passthrough,power_phase_stft,"HistGradientBoostingRegressor(early_stopping=True, max_iter=2000,
                              n_iter_no_change=20, random_state=42)",0.001,0.1,squared_error,127,0.02,255,800,FunctionTransformer(func=<function reshape at 0x7f58a4c93e20>),passthrough,"{'first_scale': 'passthrough', 'frequency': FunctionTransformer(func=<function power_phase_stft at 0x7f58a4c934c0>), 'model': HistGradientBoostingRegressor(early_stopping=True, max_iter=2000,
                              n_iter_no_change=20, random_state=42), 'model__l2_regularization': 0.001, 'model__learning_rate': 0.1, 'model__loss': 'squared_error', 'model__max_bins': 127, 'model__max_features': 0.02, 'model__max_leaf_nodes': 255, 'model__min_samples_leaf': 800, 'reshape': FunctionTransformer(func=<function reshape at 0x7f58a4c93e20>), 'second_scale': 'passthrough'}",0.05517195600661562,0.05517195600661562,0.0,1,0.729666697755593,0.729666697755593,0.0,,0.9720226561111548,0.5199358635874304
1,4906.020522117615,0.0,35.58021402359009,0.0,passthrough,power_phase_stft,"HistGradientBoostingRegressor(early_stopping=True, max_iter=2000,
                              n_iter_no_change=20, random_state=42)",0.05,0.1,squared_error,63,0.02,127,200,FunctionTransformer(func=<function reshape at 0x7f58a4c93e20>),passthrough,"{'first_scale': 'passthrough', 'frequency': FunctionTransformer(func=<function power_phase_stft at 0x7f58a4c934c0>), 'model': HistGradientBoostingRegressor(early_stopping=True, max_iter=2000,
                              n_iter_no_change=20, random_state=42), 'model__l2_regularization': 0.05, 'model__learning_rate': 0.1, 'model__loss': 'squared_error', 'model__max_bins': 63, 'model__max_depth': 10, 'model__max_features': 0.02, 'model__max_leaf_nodes': 127, 'model__min_samples_leaf': 200, 'reshape': FunctionTransformer(func=<function reshape at 0x7f58a4c93e20>), 'second_scale': 'passthrough'}",0.045660074626517555,0.045660074626517555,0.0,2,0.8558271483347313,0.8558271483347313,0.0,10.0,0.9769032323487739,0.379701002981647
0,5012.735822677612,0.0,46.04971432685852,0.0,passthrough,power_phase_stft,"HistGradientBoostingRegressor(early_stopping=True, max_iter=2000,
                              n_iter_no_change=20, random_state=42)",0.0,0.1,squared_error,127,0.02,255,800,FunctionTransformer(func=<function reshape at 0x7f58a4c93e20>),passthrough,"{'first_scale': 'passthrough', 'frequency': FunctionTransformer(func=<function power_phase_stft at 0x7f58a4c934c0>), 'model': HistGradientBoostingRegressor(early_stopping=True, max_iter=2000,
                              n_iter_no_change=20, random_state=42), 'model__l2_regularization': 0.0, 'model__learning_rate': 0.1, 'model__loss': 'squared_error', 'model__max_bins': 127, 'model__max_features': 0.02, 'model__max_leaf_nodes': 255, 'model__min_samples_leaf': 800, 'reshape': FunctionTransformer(func=<function reshape at 0x7f58a4c93e20>), 'second_scale': 'passthrough'}",0.05517190643904979,0.05517190643904979,0.0,2,0.7296669241652771,0.7296669241652771,0.0,,0.9720226816082792,0.5199356458589109
1,3841.8329694271088,0.0,46.04814887046814,0.0,passthrough,power_phase_stft,"HistGradientBoostingRegressor(early_stopping=True, max_iter=2000,
                              n_iter_no_change=20, random_state=42)",1.0,0.1,squared_error,127,0.05,255,800,FunctionTransformer(func=<function reshape at 0x7f58a4c93e20>),passthrough,"{'first_scale': 'passthrough', 'frequency': FunctionTransformer(func=<function power_phase_stft at 0x7f58a4c934c0>), 'model': HistGradientBoostingRegressor(early_stopping=True, max_iter=2000,
                              n_iter_no_change=20, random_state=42), 'model__l2_regularization': 1.0, 'model__learning_rate': 0.1, 'model__loss': 'squared_error', 'model__max_bins': 127, 'model__max_features': 0.05, 'model__max_leaf_nodes': 255, 'model__min_samples_leaf': 800, 'reshape': FunctionTransformer(func=<function reshape at 0x7f58a4c93e20>), 'second_scale': 'passthrough'}",0.05926549683939575,0.05926549683939575,0.0,1,0.6682561204172239,0.6682561204172239,0.0,,0.9699146885992624,0.5759721170185029
0,3251.1825230121613,0.0,33.98323035240173,0.0,passthrough,power_phase_stft,"HistGradientBoostingRegressor(early_stopping=True, max_iter=2000,
                              n_iter_no_change=20, random_state=42)",0.1,0.1,squared_error,127,0.05,31,800,FunctionTransformer(func=<function reshape at 0x7f58a4c93e20>),passthrough,"{'first_scale': 'passthrough', 'frequency': FunctionTransformer(func=<function power_phase_stft at 0x7f58a4c934c0>), 'model': HistGradientBoostingRegressor(early_stopping=True, max_iter=2000,
                              n_iter_no_change=20, random_state=42), 'model__l2_regularization': 0.1, 'model__learning_rate': 0.1, 'model__loss': 'squared_error', 'model__max_bins': 127, 'model__max_features': 0.05, 'model__max_leaf_nodes': 31, 'model__min_samples_leaf': 800, 'reshape': FunctionTransformer(func=<function reshape at 0x7f58a4c93e20>), 'second_scale': 'passthrough'}",0.06340177250021828,0.06340177250021828,0.0,2,0.6460018284171656,0.6460018284171656,0.0,,0.9677800511995387,0.59497745468449
1,3821.1917622089386,0.0,34.056169509887695,0.0,passthrough,power_phase_stft,"HistGradientBoostingRegressor(early_stopping=True, max_iter=2000,
                              n_iter_no_change=20, random_state=42)",5.0,0.01,squared_error,63,0.01,63,6400,FunctionTransformer(func=<function reshape at 0x7f58a4c93e20>),passthrough,"{'first_scale': 'passthrough', 'frequency': FunctionTransformer(func=<function power_phase_stft at 0x7f58a4c934c0>), 'model': HistGradientBoostingRegressor(early_stopping=True, max_iter=2000,
                              n_iter_no_change=20, random_state=42), 'model__l2_regularization': 5.0, 'model__learning_rate': 0.01, 'model__loss': 'squared_error', 'model__max_bins': 63, 'model__max_features': 0.01, 'model__max_leaf_nodes': 63, 'model__min_samples_leaf': 6400, 'reshape': FunctionTransformer(func=<function reshape at 0x7f58a4c93e20>), 'second_scale': 'passthrough'}",0.07962273418557198,0.07962273418557198,0.0,1,0.14721945411405635,0.14721945411405635,0.0,,0.9593629479057589,0.9234611772489105
0,4000.589055299759,0.0,39.93986988067627,0.0,passthrough,power_phase_stft,"HistGradientBoostingRegressor(early_stopping=True, max_iter=2000,
                              n_iter_no_change=20, random_state=42)",0.01,0.05,squared_error,127,0.02,31,50,FunctionTransformer(func=<function reshape at 0x7f58a4c93e20>),passthrough,"{'first_scale': 'passthrough', 'frequency': FunctionTransformer(func=<function power_phase_stft at 0x7f58a4c934c0>), 'model': HistGradientBoostingRegressor(early_stopping=True, max_iter=2000,
                              n_iter_no_change=20, random_state=42), 'model__l2_regularization': 0.01, 'model__learning_rate': 0.05, 'model__loss': 'squared_error', 'model__max_bins': 127, 'model__max_features': 0.02, 'model__max_leaf_nodes': 31, 'model__min_samples_leaf': 50, 'reshape': FunctionTransformer(func=<function reshape at 0x7f58a4c93e20>), 'second_scale': 'passthrough'}",0.07966723091844718,0.07966723091844718,0.0,1,0.5029677510573228,0.5029677510573228,0.0,,0.9593397568544487,0.7050051410753522
1,4662.820927619934,0.0,41.87544655799866,0.0,passthrough,power_phase_stft,"HistGradientBoostingRegressor(early_stopping=True, max_iter=2000,
                              n_iter_no_change=20, random_state=42)",1.0,0.01,squared_error,32,0.01,127,200,FunctionTransformer(func=<function reshape at 0x7f58a4c93e20>),passthrough,"{'first_scale': 'passthrough', 'frequency': FunctionTransformer(func=<function power_phase_stft at 0x7f58a4c934c0>), 'model': HistGradientBoostingRegressor(early_stopping=True, max_iter=2000,
                              n_iter_no_change=20, random_state=42), 'model__l2_regularization': 1.0, 'model__learning_rate': 0.01, 'model__loss': 'squared_error', 'model__max_bins': 32, 'model__max_depth': 3, 'model__max_features': 0.01, 'model__max_leaf_nodes': 127, 'model__min_samples_leaf': 200, 'reshape': FunctionTransformer(func=<function reshape at 0x7f58a4c93e20>), 'second_scale': 'passthrough'}",0.07719015760651171,0.07719015760651171,0.0,2,0.14789744875856403,0.14789744875856403,0.0,3.0,0.9606299195806304,0.9230940099694267
0,5320.627542734146,0.0,30.69379425048828,0.0,passthrough,power_phase_stft,"HistGradientBoostingRegressor(early_stopping=True, max_iter=2000,
                              n_iter_no_change=20, random_state=42)",0.01,0.05,squared_error,127,0.05,63,50,FunctionTransformer(func=<function reshape at 0x7f58a4c93e20>),passthrough,"{'first_scale': 'passthrough', 'frequency': FunctionTransformer(func=<function power_phase_stft at 0x7f58a4c934c0>), 'model': HistGradientBoostingRegressor(early_stopping=True, max_iter=2000,
                              n_iter_no_change=20, random_state=42), 'model__l2_regularization': 0.01, 'model__learning_rate': 0.05, 'model__loss': 'squared_error', 'model__max_bins': 127, 'model__max_features': 0.05, 'model__max_leaf_nodes': 63, 'model__min_samples_leaf': 50, 'reshape': FunctionTransformer(func=<function reshape at 0x7f58a4c93e20>), 'second_scale': 'passthrough'}",0.07103061384389786,0.07103061384389786,0.0,2,0.7789117850974538,0.7789117850974538,0.0,,0.9638305795917155,0.47020018598735813
1,2994.0181307792664,0.0,29.648669242858887,0.0,passthrough,power_phase_stft,"HistGradientBoostingRegressor(early_stopping=True, max_iter=2000,
                              n_iter_no_change=20, random_state=42)",1.0,0.03,squared_error,32,0.02,127,200,FunctionTransformer(func=<function reshape at 0x7f58a4c93e20>),passthrough,"{'first_scale': 'passthrough', 'frequency': FunctionTransformer(func=<function power_phase_stft at 0x7f58a4c934c0>), 'model': HistGradientBoostingRegressor(early_stopping=True, max_iter=2000,
                              n_iter_no_change=20, random_state=42), 'model__l2_regularization': 1.0, 'model__learning_rate': 0.03, 'model__loss': 'squared_error', 'model__max_bins': 32, 'model__max_depth': 3, 'model__max_features': 0.02, 'model__max_leaf_nodes': 127, 'model__min_samples_leaf': 200, 'reshape': FunctionTransformer(func=<function reshape at 0x7f58a4c93e20>), 'second_scale': 'passthrough'}",0.08712526545429211,0.08712526545429211,0.0,1,0.2559131379833678,0.2559131379833678,0.0,3.0,0.9554447836194973,0.8626046962639562
0,9253.268285989761,0.0,61.548895597457886,0.0,passthrough,power_phase_stft,"HistGradientBoostingRegressor(early_stopping=True, max_iter=2000,
                              n_iter_no_change=20, random_state=42)",0.001,0.05,squared_error,127,0.05,31,800,FunctionTransformer(func=<function reshape at 0x7f58a4c93e20>),passthrough,"{'first_scale': 'passthrough', 'frequency': FunctionTransformer(func=<function power_phase_stft at 0x7f58a4c934c0>), 'model': HistGradientBoostingRegressor(early_stopping=True, max_iter=2000,
                              n_iter_no_change=20, random_state=42), 'model__l2_regularization': 0.001, 'model__learning_rate': 0.05, 'model__loss': 'squared_error', 'model__max_bins': 127, 'model__max_features': 0.05, 'model__max_leaf_nodes': 31, 'model__min_samples_leaf': 800, 'reshape': FunctionTransformer(func=<function reshape at 0x7f58a4c93e20>), 'second_scale': 'passthrough'}",0.07686436133871266,0.07686436133871266,0.0,2,0.6546499801742196,0.6546499801742196,0.0,,0.9607994789035261,0.5876648873514397
1,3936.833890914917,0.0,57.523547649383545,0.0,passthrough,power_phase_stft,"HistGradientBoostingRegressor(early_stopping=True, max_iter=2000,
                              n_iter_no_change=20, random_state=42)",0.05,0.03,squared_error,32,0.01,127,200,FunctionTransformer(func=<function reshape at 0x7f58a4c93e20>),passthrough,"{'first_scale': 'passthrough', 'frequency': FunctionTransformer(func=<function power_phase_stft at 0x7f58a4c934c0>), 'model': HistGradientBoostingRegressor(early_stopping=True, max_iter=2000,
                              n_iter_no_change=20, random_state=42), 'model__l2_regularization': 0.05, 'model__learning_rate': 0.03, 'model__loss': 'squared_error', 'model__max_bins': 32, 'model__max_depth': 3, 'model__max_features': 0.01, 'model__max_leaf_nodes': 127, 'model__min_samples_leaf': 200, 'reshape': FunctionTransformer(func=<function reshape at 0x7f58a4c93e20>), 'second_scale': 'passthrough'}",0.08465404453621084,0.08465404453621084,0.0,1,0.24652715271478554,0.24652715271478554,0.0,3.0,0.9567371402134387,0.8680281373810497
0,5821.429598331451,0.0,54.016422748565674,0.0,passthrough,power_phase_stft,"HistGradientBoostingRegressor(early_stopping=True, max_iter=2000,
                              n_iter_no_change=20, random_state=42)",0.01,0.05,squared_error,127,0.02,31,200,FunctionTransformer(func=<function reshape at 0x7f58a4c93e20>),passthrough,"{'first_scale': 'passthrough', 'frequency': FunctionTransformer(func=<function power_phase_stft at 0x7f58a4c934c0>), 'model': HistGradientBoostingRegressor(early_stopping=True, max_iter=2000,
                              n_iter_no_change=20, random_state=42), 'model__l2_regularization': 0.01, 'model__learning_rate': 0.05, 'model__loss': 'squared_error', 'model__max_bins': 127, 'model__max_features': 0.02, 'model__max_leaf_nodes': 31, 'model__min_samples_leaf': 200, 'reshape': FunctionTransformer(func=<function reshape at 0x7f58a4c93e20>), 'second_scale': 'passthrough'}",0.07852410814985744,0.07852410814985744,0.0,2,0.5153439317595333,0.5153439317595333,0.0,,0.9599353581622788,0.6961724414543187
1,12926.683954238892,0.0,59.33649492263794,0.0,passthrough,power_phase_stft,"HistGradientBoostingRegressor(early_stopping=True, max_iter=2000,
                              n_iter_no_change=20, random_state=42)",1.0,0.01,squared_error,32,0.01,127,200,FunctionTransformer(func=<function reshape at 0x7f58a4c93e20>),passthrough,"{'first_scale': 'passthrough', 'frequency': FunctionTransformer(func=<function power_phase_stft at 0x7f58a4c934c0>), 'model': HistGradientBoostingRegressor(early_stopping=True, max_iter=2000,
                              n_iter_no_change=20, random_state=42), 'model__l2_regularization': 1.0, 'model__learning_rate': 0.01, 'model__loss': 'squared_error', 'model__max_bins': 32, 'model__max_depth': 6, 'model__max_features': 0.01, 'model__max_leaf_nodes': 127, 'model__min_samples_leaf': 200, 'reshape': FunctionTransformer(func=<function reshape at 0x7f58a4c93e20>), 'second_scale': 'passthrough'}",0.085396827203295,0.085396827203295,0.0,1,0.3913098841088334,0.3913098841088334,0.0,6.0,0.956348876089006,0.78018594956021
0,14527.746180534363,0.0,79.42222952842712,0.0,passthrough,power_phase_stft,"HistGradientBoostingRegressor(early_stopping=True, max_iter=2000,
                              n_iter_no_change=20, random_state=42)",0.0,0.02,squared_error,127,0.05,31,50,FunctionTransformer(func=<function reshape at 0x7f58a4c93e20>),passthrough,"{'first_scale': 'passthrough', 'frequency': FunctionTransformer(func=<function power_phase_stft at 0x7f58a4c934c0>), 'model': HistGradientBoostingRegressor(early_stopping=True, max_iter=2000,
                              n_iter_no_change=20, random_state=42), 'model__l2_regularization': 0.0, 'model__learning_rate': 0.02, 'model__loss': 'squared_error', 'model__max_bins': 127, 'model__max_features': 0.05, 'model__max_leaf_nodes': 31, 'model__min_samples_leaf': 50, 'reshape': FunctionTransformer(func=<function reshape at 0x7f58a4c93e20>), 'second_scale': 'passthrough'}",0.08620650468985358,0.08620650468985358,0.0,1,0.4964185505556492,0.4964185505556492,0.0,,0.9559254653528937,0.7096347295928735
1,6385.0685613155365,0.0,75.57058525085449,0.0,passthrough,power_phase_stft,"HistGradientBoostingRegressor(early_stopping=True, max_iter=2000,
                              n_iter_no_change=20, random_state=42)",1.0,0.05,squared_error,127,0.02,31,50,FunctionTransformer(func=<function reshape at 0x7f58a4c93e20>),passthrough,"{'first_scale': 'passthrough', 'frequency': FunctionTransformer(func=<function power_phase_stft at 0x7f58a4c934c0>), 'model': HistGradientBoostingRegressor(early_stopping=True, max_iter=2000,
                              n_iter_no_change=20, random_state=42), 'model__l2_regularization': 1.0, 'model__learning_rate': 0.05, 'model__loss': 'squared_error', 'model__max_bins': 127, 'model__max_features': 0.02, 'model__max_leaf_nodes': 31, 'model__min_samples_leaf': 50, 'reshape': FunctionTransformer(func=<function reshape at 0x7f58a4c93e20>), 'second_scale': 'passthrough'}",0.07987039877649649,0.07987039877649649,0.0,2,0.4777346146829422,0.4777346146829422,0.0,,0.9592338615913762,0.7226793101487393
0,7691.283814907074,0.0,42.8743257522583,0.0,passthrough,power_phase_stft,"HistGradientBoostingRegressor(early_stopping=True, max_iter=2000,
                              n_iter_no_change=20, random_state=42)",0.001,0.1,squared_error,127,0.02,255,400,FunctionTransformer(func=<function reshape at 0x7f58a4c93e20>),passthrough,"{'first_scale': 'passthrough', 'frequency': FunctionTransformer(func=<function power_phase_stft at 0x7f58a4c934c0>), 'model': HistGradientBoostingRegressor(early_stopping=True, max_iter=2000,
                              n_iter_no_change=20, random_state=42), 'model__l2_regularization': 0.001, 'model__learning_rate': 0.1, 'model__loss': 'squared_error', 'model__max_bins': 127, 'model__max_features': 0.02, 'model__max_leaf_nodes': 255, 'model__min_samples_leaf': 400, 'reshape': FunctionTransformer(func=<function reshape at 0x7f58a4c93e20>), 'second_scale': 'passthrough'}",0.04392812992159412,0.04392812992159412,0.0,2,0.8675559625093262,0.8675559625093262,0.0,,0.9777892769295468,0.36392861592718123
1,5767.22499871254,0.0,40.679879665374756,0.0,passthrough,power_phase_stft,"HistGradientBoostingRegressor(early_stopping=True, max_iter=2000,
                              n_iter_no_change=20, random_state=42)",0.05,0.1,squared_error,63,0.01,127,200,FunctionTransformer(func=<function reshape at 0x7f58a4c93e20>),passthrough,"{'first_scale': 'passthrough', 'frequency': FunctionTransformer(func=<function power_phase_stft at 0x7f58a4c934c0>), 'model': HistGradientBoostingRegressor(early_stopping=True, max_iter=2000,
                              n_iter_no_change=20, random_state=42), 'model__l2_regularization': 0.05, 'model__learning_rate': 0.1, 'model__loss': 'squared_error', 'model__max_bins': 63, 'model__max_depth': 10, 'model__max_features': 0.01, 'model__max_leaf_nodes': 127, 'model__min_samples_leaf': 200, 'reshape': FunctionTransformer(func=<function reshape at 0x7f58a4c93e20>), 'second_scale': 'passthrough'}",0.05230666816522789,0.05230666816522789,0.0,1,0.8406249602410741,0.8406249602410741,0.0,10.0,0.9734954195242893,0.39921803536279005
0,15688.792120695114,0.0,45.75225520133972,0.0,passthrough,power_phase_stft,"HistGradientBoostingRegressor(early_stopping=True, max_iter=2000,
                              n_iter_no_change=20, random_state=42)",0.001,0.02,squared_error,127,0.05,63,50,FunctionTransformer(func=<function reshape at 0x7f58a4c93e20>),passthrough,"{'first_scale': 'passthrough', 'frequency': FunctionTransformer(func=<function power_phase_stft at 0x7f58a4c934c0>), 'model': HistGradientBoostingRegressor(early_stopping=True, max_iter=2000,
                              n_iter_no_change=20, random_state=42), 'model__l2_regularization': 0.001, 'model__learning_rate': 0.02, 'model__loss': 'squared_error', 'model__max_bins': 127, 'model__max_features': 0.05, 'model__max_leaf_nodes': 63, 'model__min_samples_leaf': 50, 'reshape': FunctionTransformer(func=<function reshape at 0x7f58a4c93e20>), 'second_scale': 'passthrough'}",0.08455730543992757,0.08455730543992757,0.0,1,0.7391527857230593,0.7391527857230593,0.0,,0.9567876956567075,0.5107320376449285
1,6286.907148599625,0.0,42.7903995513916,0.0,passthrough,power_phase_stft,"HistGradientBoostingRegressor(early_stopping=True, max_iter=2000,
                              n_iter_no_change=20, random_state=42)",0.01,0.05,squared_error,63,0.02,127,200,FunctionTransformer(func=<function reshape at 0x7f58a4c93e20>),passthrough,"{'first_scale': 'passthrough', 'frequency': FunctionTransformer(func=<function power_phase_stft at 0x7f58a4c934c0>), 'model': HistGradientBoostingRegressor(early_stopping=True, max_iter=2000,
                              n_iter_no_change=20, random_state=42), 'model__l2_regularization': 0.01, 'model__learning_rate': 0.05, 'model__loss': 'squared_error', 'model__max_bins': 63, 'model__max_depth': 6, 'model__max_features': 0.02, 'model__max_leaf_nodes': 127, 'model__min_samples_leaf': 200, 'reshape': FunctionTransformer(func=<function reshape at 0x7f58a4c93e20>), 'second_scale': 'passthrough'}",0.07496012320747603,0.07496012320747603,0.0,2,0.6746946669116332,0.6746946669116332,0.0,6.0,0.9617899338174235,0.5703554445154064
0,6637.607883214951,0.0,56.17126274108887,0.0,passthrough,power_phase_stft,"HistGradientBoostingRegressor(early_stopping=True, max_iter=2000,
                              n_iter_no_change=20, random_state=42)",0.001,0.05,squared_error,127,0.05,31,50,FunctionTransformer(func=<function reshape at 0x7f58a4c93e20>),passthrough,"{'first_scale': 'passthrough', 'frequency': FunctionTransformer(func=<function power_phase_stft at 0x7f58a4c934c0>), 'model': HistGradientBoostingRegressor(early_stopping=True, max_iter=2000,
                              n_iter_no_change=20, random_state=42), 'model__l2_regularization': 0.001, 'model__learning_rate': 0.05, 'model__loss': 'squared_error', 'model__max_bins': 127, 'model__max_features': 0.05, 'model__max_leaf_nodes': 31, 'model__min_samples_leaf': 50, 'reshape': FunctionTransformer(func=<function reshape at 0x7f58a4c93e20>), 'second_scale': 'passthrough'}",0.07782310851390373,0.07782310851390373,0.0,2,0.6132051466834484,0.6132051466834484,0.0,,0.960300417310175,0.6219283345503336
1,11984.50954413414,0.0,59.2345609664917,0.0,passthrough,power_phase_stft,"HistGradientBoostingRegressor(early_stopping=True, max_iter=2000,
                              n_iter_no_change=20, random_state=42)",0.05,0.02,squared_error,63,0.01,127,200,FunctionTransformer(func=<function reshape at 0x7f58a4c93e20>),passthrough,"{'first_scale': 'passthrough', 'frequency': FunctionTransformer(func=<function power_phase_stft at 0x7f58a4c934c0>), 'model': HistGradientBoostingRegressor(early_stopping=True, max_iter=2000,
                              n_iter_no_change=20, random_state=42), 'model__l2_regularization': 0.05, 'model__learning_rate': 0.02, 'model__loss': 'squared_error', 'model__max_bins': 63, 'model__max_depth': 6, 'model__max_features': 0.01, 'model__max_leaf_nodes': 127, 'model__min_samples_leaf': 200, 'reshape': FunctionTransformer(func=<function reshape at 0x7f58a4c93e20>), 'second_scale': 'passthrough'}",0.08414049779387411,0.08414049779387411,0.0,1,0.5430175166560783,0.5430175166560783,0.0,6.0,0.9570054870303126,0.6760047953557147
0,8699.252988576889,0.0,52.00284814834595,0.0,passthrough,power_phase_stft,"HistGradientBoostingRegressor(early_stopping=True, max_iter=2000,
                              n_iter_no_change=20, random_state=42)",0.0,0.05,squared_error,127,0.05,31,400,FunctionTransformer(func=<function reshape at 0x7f58a4c93e20>),passthrough,"{'first_scale': 'passthrough', 'frequency': FunctionTransformer(func=<function power_phase_stft at 0x7f58a4c934c0>), 'model': HistGradientBoostingRegressor(early_stopping=True, max_iter=2000,
                              n_iter_no_change=20, random_state=42), 'model__l2_regularization': 0.0, 'model__learning_rate': 0.05, 'model__loss': 'squared_error', 'model__max_bins': 127, 'model__max_features': 0.05, 'model__max_leaf_nodes': 31, 'model__min_samples_leaf': 400, 'reshape': FunctionTransformer(func=<function reshape at 0x7f58a4c93e20>), 'second_scale': 'passthrough'}",0.08016710589372911,0.08016710589372911,0.0,1,0.6199884297421512,0.6199884297421512,0.0,,0.9590791907377987,0.6164507849438176
1,2805.4074923992157,0.0,44.7248170375824,0.0,passthrough,power_phase_stft,"HistGradientBoostingRegressor(early_stopping=True, max_iter=2000,
                              n_iter_no_change=20, random_state=42)",1.0,0.1,squared_error,127,0.02,31,400,FunctionTransformer(func=<function reshape at 0x7f58a4c93e20>),passthrough,"{'first_scale': 'passthrough', 'frequency': FunctionTransformer(func=<function power_phase_stft at 0x7f58a4c934c0>), 'model': HistGradientBoostingRegressor(early_stopping=True, max_iter=2000,
                              n_iter_no_change=20, random_state=42), 'model__l2_regularization': 1.0, 'model__learning_rate': 0.1, 'model__loss': 'squared_error', 'model__max_bins': 127, 'model__max_features': 0.02, 'model__max_leaf_nodes': 31, 'model__min_samples_leaf': 400, 'reshape': FunctionTransformer(func=<function reshape at 0x7f58a4c93e20>), 'second_scale': 'passthrough'}",0.07091462718252362,0.07091462718252362,0.0,2,0.4359997403264865,0.4359997403264865,0.0,,0.9638907473450902,0.750999507106039
0,21551.902926445007,0.0,52.742947578430176,0.0,passthrough,power_phase_stft,"HistGradientBoostingRegressor(early_stopping=True, max_iter=2000,
                              n_iter_no_change=20, random_state=42)",0.001,0.05,squared_error,127,0.05,127,400,FunctionTransformer(func=<function reshape at 0x7f58a4c93e20>),passthrough,"{'first_scale': 'passthrough', 'frequency': FunctionTransformer(func=<function power_phase_stft at 0x7f58a4c934c0>), 'model': HistGradientBoostingRegressor(early_stopping=True, max_iter=2000,
                              n_iter_no_change=20, random_state=42), 'model__l2_regularization': 0.001, 'model__learning_rate': 0.05, 'model__loss': 'squared_error', 'model__max_bins': 127, 'model__max_features': 0.05, 'model__max_leaf_nodes': 127, 'model__min_samples_leaf': 400, 'reshape': FunctionTransformer(func=<function reshape at 0x7f58a4c93e20>), 'second_scale': 'passthrough'}",0.06825535397130678,0.06825535397130678,0.0,2,0.9048131761973195,0.9048131761973195,0.0,,0.9652692090959357,0.3085236195215538
1,6463.925062656403,0.0,47.34220504760742,0.0,passthrough,power_phase_stft,"HistGradientBoostingRegressor(early_stopping=True, max_iter=2000,
                              n_iter_no_change=20, random_state=42)",0.05,0.03,squared_error,63,0.02,127,200,FunctionTransformer(func=<function reshape at 0x7f58a4c93e20>),passthrough,"{'first_scale': 'passthrough', 'frequency': FunctionTransformer(func=<function power_phase_stft at 0x7f58a4c934c0>), 'model': HistGradientBoostingRegressor(early_stopping=True, max_iter=2000,
                              n_iter_no_change=20, random_state=42), 'model__l2_regularization': 0.05, 'model__learning_rate': 0.03, 'model__loss': 'squared_error', 'model__max_bins': 63, 'model__max_depth': 6, 'model__max_features': 0.02, 'model__max_leaf_nodes': 127, 'model__min_samples_leaf': 200, 'reshape': FunctionTransformer(func=<function reshape at 0x7f58a4c93e20>), 'second_scale': 'passthrough'}",0.08421050781912742,0.08421050781912742,0.0,1,0.5378748434808333,0.5378748434808333,0.0,6.0,0.9569689086803566,0.6797978791664231
0,7565.698996543884,0.0,40.75621700286865,0.0,passthrough,power_phase_stft,"HistGradientBoostingRegressor(early_stopping=True, max_iter=2000,
                              n_iter_no_change=20, random_state=42)",0.1,0.05,squared_error,127,0.05,63,800,FunctionTransformer(func=<function reshape at 0x7f58a4c93e20>),passthrough,"{'first_scale': 'passthrough', 'frequency': FunctionTransformer(func=<function power_phase_stft at 0x7f58a4c934c0>), 'model': HistGradientBoostingRegressor(early_stopping=True, max_iter=2000,
                              n_iter_no_change=20, random_state=42), 'model__l2_regularization': 0.1, 'model__learning_rate': 0.05, 'model__loss': 'squared_error', 'model__max_bins': 127, 'model__max_features': 0.05, 'model__max_leaf_nodes': 63, 'model__min_samples_leaf': 800, 'reshape': FunctionTransformer(func=<function reshape at 0x7f58a4c93e20>), 'second_scale': 'passthrough'}",0.076977006147108,0.076977006147108,0.0,2,0.6535361495402124,0.6535361495402124,0.0,,0.9607408567625778,0.5886117994568131
1,5137.871880054474,0.0,34.28039836883545,0.0,passthrough,power_phase_stft,"HistGradientBoostingRegressor(early_stopping=True, max_iter=2000,
                              n_iter_no_change=20, random_state=42)",0.5,0.01,squared_error,63,0.01,127,6400,FunctionTransformer(func=<function reshape at 0x7f58a4c93e20>),passthrough,"{'first_scale': 'passthrough', 'frequency': FunctionTransformer(func=<function power_phase_stft at 0x7f58a4c934c0>), 'model': HistGradientBoostingRegressor(early_stopping=True, max_iter=2000,
                              n_iter_no_change=20, random_state=42), 'model__l2_regularization': 0.5, 'model__learning_rate': 0.01, 'model__loss': 'squared_error', 'model__max_bins': 63, 'model__max_features': 0.01, 'model__max_leaf_nodes': 127, 'model__min_samples_leaf': 6400, 'reshape': FunctionTransformer(func=<function reshape at 0x7f58a4c93e20>), 'second_scale': 'passthrough'}",0.07970138873202604,0.07970138873202604,0.0,1,0.1471163577803557,0.1471163577803557,0.0,,0.9593219539174396,0.9235169961725904
0,8324.552787303925,0.0,47.45752215385437,0.0,passthrough,power_phase_stft,"HistGradientBoostingRegressor(early_stopping=True, max_iter=2000,
                              n_iter_no_change=20, random_state=42)",0.01,0.05,squared_error,127,0.05,63,200,FunctionTransformer(func=<function reshape at 0x7f58a4c93e20>),passthrough,"{'first_scale': 'passthrough', 'frequency': FunctionTransformer(func=<function power_phase_stft at 0x7f58a4c934c0>), 'model': HistGradientBoostingRegressor(early_stopping=True, max_iter=2000,
                              n_iter_no_change=20, random_state=42), 'model__l2_regularization': 0.01, 'model__learning_rate': 0.05, 'model__loss': 'squared_error', 'model__max_bins': 127, 'model__max_features': 0.05, 'model__max_leaf_nodes': 63, 'model__min_samples_leaf': 200, 'reshape': FunctionTransformer(func=<function reshape at 0x7f58a4c93e20>), 'second_scale': 'passthrough'}",0.07719434181541729,0.07719434181541729,0.0,2,0.7336770817781871,0.7336770817781871,0.0,,0.9606277417317193,0.5160648391644337
1,10120.005728721619,0.0,50.21578097343445,0.0,passthrough,power_phase_stft,"HistGradientBoostingRegressor(early_stopping=True, max_iter=2000,
                              n_iter_no_change=20, random_state=42)",1.0,0.03,squared_error,32,0.02,127,200,FunctionTransformer(func=<function reshape at 0x7f58a4c93e20>),passthrough,"{'first_scale': 'passthrough', 'frequency': FunctionTransformer(func=<function power_phase_stft at 0x7f58a4c934c0>), 'model': HistGradientBoostingRegressor(early_stopping=True, max_iter=2000,
                              n_iter_no_change=20, random_state=42), 'model__l2_regularization': 1.0, 'model__learning_rate': 0.03, 'model__loss': 'squared_error', 'model__max_bins': 32, 'model__max_depth': 6, 'model__max_features': 0.02, 'model__max_leaf_nodes': 127, 'model__min_samples_leaf': 200, 'reshape': FunctionTransformer(func=<function reshape at 0x7f58a4c93e20>), 'second_scale': 'passthrough'}",0.08341058084340047,0.08341058084340047,0.0,1,0.6686233467584244,0.6686233467584244,0.0,6.0,0.9573867657099713,0.57565324045086
0,12651.185107707977,0.0,46.9987690448761,0.0,passthrough,power_phase_stft,"HistGradientBoostingRegressor(early_stopping=True, max_iter=2000,
                              n_iter_no_change=20, random_state=42)",0.1,0.05,squared_error,127,0.02,255,800,FunctionTransformer(func=<function reshape at 0x7f58a4c93e20>),passthrough,"{'first_scale': 'passthrough', 'frequency': FunctionTransformer(func=<function power_phase_stft at 0x7f58a4c934c0>), 'model': HistGradientBoostingRegressor(early_stopping=True, max_iter=2000,
                              n_iter_no_change=20, random_state=42), 'model__l2_regularization': 0.1, 'model__learning_rate': 0.05, 'model__loss': 'squared_error', 'model__max_bins': 127, 'model__max_features': 0.02, 'model__max_leaf_nodes': 255, 'model__min_samples_leaf': 800, 'reshape': FunctionTransformer(func=<function reshape at 0x7f58a4c93e20>), 'second_scale': 'passthrough'}",0.07225084766559176,0.07225084766559176,0.0,2,0.7879426812636896,0.7879426812636896,0.0,,0.9631973589739583,0.4604968172922701
1,5042.328393936157,0.0,43.347532749176025,0.0,passthrough,power_phase_stft,"HistGradientBoostingRegressor(early_stopping=True, max_iter=2000,
                              n_iter_no_change=20, random_state=42)",0.1,0.02,squared_error,63,0.01,127,6400,FunctionTransformer(func=<function reshape at 0x7f58a4c93e20>),passthrough,"{'first_scale': 'passthrough', 'frequency': FunctionTransformer(func=<function power_phase_stft at 0x7f58a4c934c0>), 'model': HistGradientBoostingRegressor(early_stopping=True, max_iter=2000,
                              n_iter_no_change=20, random_state=42), 'model__l2_regularization': 0.1, 'model__learning_rate': 0.02, 'model__loss': 'squared_error', 'model__max_bins': 63, 'model__max_features': 0.01, 'model__max_leaf_nodes': 127, 'model__min_samples_leaf': 6400, 'reshape': FunctionTransformer(func=<function reshape at 0x7f58a4c93e20>), 'second_scale': 'passthrough'}",0.08763860154641034,0.08763860154641034,0.0,1,0.200576720232565,0.200576720232565,0.0,,0.9551761086069885,0.8941047364640425
0,2315.691747903824,0.0,36.042227268218994,0.0,passthrough,power_phase_stft,"HistGradientBoostingRegressor(early_stopping=True, max_iter=2000,
                              n_iter_no_change=20, random_state=42)",0.001,0.1,squared_error,127,0.05,63,100,FunctionTransformer(func=<function reshape at 0x7f58a4c93e20>),passthrough,"{'first_scale': 'passthrough', 'frequency': FunctionTransformer(func=<function power_phase_stft at 0x7f58a4c934c0>), 'model': HistGradientBoostingRegressor(early_stopping=True, max_iter=2000,
                              n_iter_no_change=20, random_state=42), 'model__l2_regularization': 0.001, 'model__learning_rate': 0.1, 'model__loss': 'squared_error', 'model__max_bins': 127, 'model__max_features': 0.05, 'model__max_leaf_nodes': 63, 'model__min_samples_leaf': 100, 'reshape': FunctionTransformer(func=<function reshape at 0x7f58a4c93e20>), 'second_scale': 'passthrough'}",0.05597577806304499,0.05597577806304499,0.0,2,0.6232671139110417,0.6232671139110417,0.0,,0.971609089056373,0.6137857004598252
1,3380.432391643524,0.0,37.81744050979614,0.0,passthrough,power_phase_stft,"HistGradientBoostingRegressor(early_stopping=True, max_iter=2000,
                              n_iter_no_change=20, random_state=42)",0.1,0.01,squared_error,63,0.01,127,200,FunctionTransformer(func=<function reshape at 0x7f58a4c93e20>),passthrough,"{'first_scale': 'passthrough', 'frequency': FunctionTransformer(func=<function power_phase_stft at 0x7f58a4c934c0>), 'model': HistGradientBoostingRegressor(early_stopping=True, max_iter=2000,
                              n_iter_no_change=20, random_state=42), 'model__l2_regularization': 0.1, 'model__learning_rate': 0.01, 'model__loss': 'squared_error', 'model__max_bins': 63, 'model__max_depth': 3, 'model__max_features': 0.01, 'model__max_leaf_nodes': 127, 'model__min_samples_leaf': 200, 'reshape': FunctionTransformer(func=<function reshape at 0x7f58a4c93e20>), 'second_scale': 'passthrough'}",0.07713983873095798,0.07713983873095798,0.0,1,0.14963180369884066,0.14963180369884066,0.0,3.0,0.9606561097859327,0.9221541065901943
0,13466.499881982803,0.0,45.912365674972534,0.0,passthrough,power_phase_stft,"HistGradientBoostingRegressor(early_stopping=True, max_iter=2000,
                              n_iter_no_change=20, random_state=42)",0.001,0.05,squared_error,127,0.05,127,50,FunctionTransformer(func=<function reshape at 0x7f58a4c93e20>),passthrough,"{'first_scale': 'passthrough', 'frequency': FunctionTransformer(func=<function power_phase_stft at 0x7f58a4c934c0>), 'model': HistGradientBoostingRegressor(early_stopping=True, max_iter=2000,
                              n_iter_no_change=20, random_state=42), 'model__l2_regularization': 0.001, 'model__learning_rate': 0.05, 'model__loss': 'squared_error', 'model__max_bins': 127, 'model__max_features': 0.05, 'model__max_leaf_nodes': 127, 'model__min_samples_leaf': 50, 'reshape': FunctionTransformer(func=<function reshape at 0x7f58a4c93e20>), 'second_scale': 'passthrough'}",0.06895534612395582,0.06895534612395582,0.0,2,0.8851876502389903,0.8851876502389903,0.0,,0.964906551887821,0.33883971101541466
1,4660.94887471199,0.0,47.2038471698761,0.0,passthrough,power_phase_stft,"HistGradientBoostingRegressor(early_stopping=True, max_iter=2000,
                              n_iter_no_change=20, random_state=42)",0.05,0.03,squared_error,63,0.01,127,200,FunctionTransformer(func=<function reshape at 0x7f58a4c93e20>),passthrough,"{'first_scale': 'passthrough', 'frequency': FunctionTransformer(func=<function power_phase_stft at 0x7f58a4c934c0>), 'model': HistGradientBoostingRegressor(early_stopping=True, max_iter=2000,
                              n_iter_no_change=20, random_state=42), 'model__l2_regularization': 0.05, 'model__learning_rate': 0.03, 'model__loss': 'squared_error', 'model__max_bins': 63, 'model__max_depth': 3, 'model__max_features': 0.01, 'model__max_leaf_nodes': 127, 'model__min_samples_leaf': 200, 'reshape': FunctionTransformer(func=<function reshape at 0x7f58a4c93e20>), 'second_scale': 'passthrough'}",0.0843747329605482,0.0843747329605482,0.0,1,0.2507599306501028,0.2507599306501028,0.0,3.0,0.9568830999863316,0.8655865464238092
0,8016.408598423004,0.0,54.052998304367065,0.0,passthrough,power_phase_stft,"HistGradientBoostingRegressor(early_stopping=True, max_iter=2000,
                              n_iter_no_change=20, random_state=42)",0.001,0.02,squared_error,127,0.02,31,50,FunctionTransformer(func=<function reshape at 0x7f58a4c93e20>),passthrough,"{'first_scale': 'passthrough', 'frequency': FunctionTransformer(func=<function power_phase_stft at 0x7f58a4c934c0>), 'model': HistGradientBoostingRegressor(early_stopping=True, max_iter=2000,
                              n_iter_no_change=20, random_state=42), 'model__l2_regularization': 0.001, 'model__learning_rate': 0.02, 'model__loss': 'squared_error', 'model__max_bins': 127, 'model__max_features': 0.02, 'model__max_leaf_nodes': 31, 'model__min_samples_leaf': 50, 'reshape': FunctionTransformer(func=<function reshape at 0x7f58a4c93e20>), 'second_scale': 'passthrough'}",0.08526236347375604,0.08526236347375604,0.0,1,0.44168609225182887,0.44168609225182887,0.0,,0.9564191740686946,0.7472040603129584
1,10413.614648103714,0.0,61.64094686508179,0.0,passthrough,power_phase_stft,"HistGradientBoostingRegressor(early_stopping=True, max_iter=2000,
                              n_iter_no_change=20, random_state=42)",0.01,0.02,squared_error,63,0.01,127,200,FunctionTransformer(func=<function reshape at 0x7f58a4c93e20>),passthrough,"{'first_scale': 'passthrough', 'frequency': FunctionTransformer(func=<function power_phase_stft at 0x7f58a4c934c0>), 'model': HistGradientBoostingRegressor(early_stopping=True, max_iter=2000,
                              n_iter_no_change=20, random_state=42), 'model__l2_regularization': 0.01, 'model__learning_rate': 0.02, 'model__loss': 'squared_error', 'model__max_bins': 63, 'model__max_depth': 6, 'model__max_features': 0.01, 'model__max_leaf_nodes': 127, 'model__min_samples_leaf': 200, 'reshape': FunctionTransformer(func=<function reshape at 0x7f58a4c93e20>), 'second_scale': 'passthrough'}",0.08446146421601863,0.08446146421601863,0.0,2,0.5434065488814352,0.5434065488814352,0.0,6.0,0.9568377792415919,0.6757169904024648
0,11699.747138261795,0.0,70.12154245376587,0.0,passthrough,power_phase_stft,"HistGradientBoostingRegressor(early_stopping=True, max_iter=2000,
                              n_iter_no_change=20, random_state=42)",0.001,0.1,squared_error,127,0.05,127,400,FunctionTransformer(func=<function reshape at 0x7f58a4c93e20>),passthrough,"{'first_scale': 'passthrough', 'frequency': FunctionTransformer(func=<function power_phase_stft at 0x7f58a4c934c0>), 'model': HistGradientBoostingRegressor(early_stopping=True, max_iter=2000,
                              n_iter_no_change=20, random_state=42), 'model__l2_regularization': 0.001, 'model__learning_rate': 0.1, 'model__loss': 'squared_error', 'model__max_bins': 127, 'model__max_features': 0.05, 'model__max_leaf_nodes': 127, 'model__min_samples_leaf': 400, 'reshape': FunctionTransformer(func=<function reshape at 0x7f58a4c93e20>), 'second_scale': 'passthrough'}",0.047178368532383,0.047178368532383,0.0,2,0.8240133034295075,0.8240133034295075,0.0,,0.9761258276818706,0.41950768356550094
1,8030.032963991165,0.0,73.62071537971497,0.0,passthrough,power_phase_stft,"HistGradientBoostingRegressor(early_stopping=True, max_iter=2000,
                              n_iter_no_change=20, random_state=42)",0.1,0.02,squared_error,32,0.02,127,200,FunctionTransformer(func=<function reshape at 0x7f58a4c93e20>),passthrough,"{'first_scale': 'passthrough', 'frequency': FunctionTransformer(func=<function power_phase_stft at 0x7f58a4c934c0>), 'model': HistGradientBoostingRegressor(early_stopping=True, max_iter=2000,
                              n_iter_no_change=20, random_state=42), 'model__l2_regularization': 0.1, 'model__learning_rate': 0.02, 'model__loss': 'squared_error', 'model__max_bins': 32, 'model__max_depth': 3, 'model__max_features': 0.02, 'model__max_leaf_nodes': 127, 'model__min_samples_leaf': 200, 'reshape': FunctionTransformer(func=<function reshape at 0x7f58a4c93e20>), 'second_scale': 'passthrough'}",0.0855154772865998,0.0855154772865998,0.0,1,0.2108294833233071,0.2108294833233071,0.0,3.0,0.9562868412319602,0.8883526983561726
0,7366.521536111832,0.0,39.747119426727295,0.0,passthrough,power_phase_stft,"HistGradientBoostingRegressor(early_stopping=True, max_iter=2000,
                              n_iter_no_change=20, random_state=42)",0.0,0.1,squared_error,127,0.02,127,100,FunctionTransformer(func=<function reshape at 0x7f58a4c93e20>),passthrough,"{'first_scale': 'passthrough', 'frequency': FunctionTransformer(func=<function power_phase_stft at 0x7f58a4c934c0>), 'model': HistGradientBoostingRegressor(early_stopping=True, max_iter=2000,
                              n_iter_no_change=20, random_state=42), 'model__l2_regularization': 0.0, 'model__learning_rate': 0.1, 'model__loss': 'squared_error', 'model__max_bins': 127, 'model__max_features': 0.02, 'model__max_leaf_nodes': 127, 'model__min_samples_leaf': 100, 'reshape': FunctionTransformer(func=<function reshape at 0x7f58a4c93e20>), 'second_scale': 'passthrough'}",0.051208949884788635,0.051208949884788635,0.0,2,0.8777373392528384,0.8777373392528384,0.0,,0.9740590588435649,0.3496607795380569
1,4069.9972429275513,0.0,39.20705485343933,0.0,passthrough,power_phase_stft,"HistGradientBoostingRegressor(early_stopping=True, max_iter=2000,
                              n_iter_no_change=20, random_state=42)",1.0,0.1,squared_error,127,0.05,127,100,FunctionTransformer(func=<function reshape at 0x7f58a4c93e20>),passthrough,"{'first_scale': 'passthrough', 'frequency': FunctionTransformer(func=<function power_phase_stft at 0x7f58a4c934c0>), 'model': HistGradientBoostingRegressor(early_stopping=True, max_iter=2000,
                              n_iter_no_change=20, random_state=42), 'model__l2_regularization': 1.0, 'model__learning_rate': 0.1, 'model__loss': 'squared_error', 'model__max_bins': 127, 'model__max_features': 0.05, 'model__max_leaf_nodes': 127, 'model__min_samples_leaf': 100, 'reshape': FunctionTransformer(func=<function reshape at 0x7f58a4c93e20>), 'second_scale': 'passthrough'}",0.056347865502477834,0.056347865502477834,0.0,1,0.7738947905691357,0.7738947905691357,0.0,,0.9714175901730019,0.4755052149355087
0,7171.140951871872,0.0,32.368884563446045,0.0,passthrough,power_phase_stft,"HistGradientBoostingRegressor(early_stopping=True, max_iter=2000,
                              n_iter_no_change=20, random_state=42)",0.1,0.02,squared_error,127,0.05,31,100,FunctionTransformer(func=<function reshape at 0x7f58a4c93e20>),passthrough,"{'first_scale': 'passthrough', 'frequency': FunctionTransformer(func=<function power_phase_stft at 0x7f58a4c934c0>), 'model': HistGradientBoostingRegressor(early_stopping=True, max_iter=2000,
                              n_iter_no_change=20, random_state=42), 'model__l2_regularization': 0.1, 'model__learning_rate': 0.02, 'model__loss': 'squared_error', 'model__max_bins': 127, 'model__max_features': 0.05, 'model__max_leaf_nodes': 31, 'model__min_samples_leaf': 100, 'reshape': FunctionTransformer(func=<function reshape at 0x7f58a4c93e20>), 'second_scale': 'passthrough'}",0.08735096531581699,0.08735096531581699,0.0,1,0.5053565882128574,0.5053565882128574,0.0,,0.9553266638612067,0.703308902109978
1,7185.086989164352,0.0,31.102383613586426,0.0,passthrough,power_phase_stft,"HistGradientBoostingRegressor(early_stopping=True, max_iter=2000,
                              n_iter_no_change=20, random_state=42)",5.0,0.05,squared_error,32,0.02,127,200,FunctionTransformer(func=<function reshape at 0x7f58a4c93e20>),passthrough,"{'first_scale': 'passthrough', 'frequency': FunctionTransformer(func=<function power_phase_stft at 0x7f58a4c934c0>), 'model': HistGradientBoostingRegressor(early_stopping=True, max_iter=2000,
                              n_iter_no_change=20, random_state=42), 'model__l2_regularization': 5.0, 'model__learning_rate': 0.05, 'model__loss': 'squared_error', 'model__max_bins': 32, 'model__max_depth': 10, 'model__max_features': 0.02, 'model__max_leaf_nodes': 127, 'model__min_samples_leaf': 200, 'reshape': FunctionTransformer(func=<function reshape at 0x7f58a4c93e20>), 'second_scale': 'passthrough'}",0.06832350660773512,0.06832350660773512,0.0,2,0.8328280540901616,0.8328280540901616,0.0,10.0,0.9652339060519294,0.408866660306069
0,2877.29421710968,0.0,36.21304631233215,0.0,passthrough,power_phase_stft,"HistGradientBoostingRegressor(early_stopping=True, max_iter=2000,
                              n_iter_no_change=20, random_state=42)",0.0,0.1,squared_error,127,0.02,63,200,FunctionTransformer(func=<function reshape at 0x7f58a4c93e20>),passthrough,"{'first_scale': 'passthrough', 'frequency': FunctionTransformer(func=<function power_phase_stft at 0x7f58a4c934c0>), 'model': HistGradientBoostingRegressor(early_stopping=True, max_iter=2000,
                              n_iter_no_change=20, random_state=42), 'model__l2_regularization': 0.0, 'model__learning_rate': 0.1, 'model__loss': 'squared_error', 'model__max_bins': 127, 'model__max_features': 0.02, 'model__max_leaf_nodes': 63, 'model__min_samples_leaf': 200, 'reshape': FunctionTransformer(func=<function reshape at 0x7f58a4c93e20>), 'second_scale': 'passthrough'}",0.06513696887026654,0.06513696887026654,0.0,1,0.6309020937839906,0.6309020937839906,0.0,,0.9668831527799693,0.6075342839840475
1,2669.6180844306946,0.0,36.475558280944824,0.0,passthrough,power_phase_stft,"HistGradientBoostingRegressor(early_stopping=True, max_iter=2000,
                              n_iter_no_change=20, random_state=42)",1.0,0.1,squared_error,127,0.05,63,200,FunctionTransformer(func=<function reshape at 0x7f58a4c93e20>),passthrough,"{'first_scale': 'passthrough', 'frequency': FunctionTransformer(func=<function power_phase_stft at 0x7f58a4c934c0>), 'model': HistGradientBoostingRegressor(early_stopping=True, max_iter=2000,
                              n_iter_no_change=20, random_state=42), 'model__l2_regularization': 1.0, 'model__learning_rate': 0.1, 'model__loss': 'squared_error', 'model__max_bins': 127, 'model__max_features': 0.05, 'model__max_leaf_nodes': 63, 'model__min_samples_leaf': 200, 'reshape': FunctionTransformer(func=<function reshape at 0x7f58a4c93e20>), 'second_scale': 'passthrough'}",0.05913892680249022,0.05913892680249022,0.0,2,0.6380336241420737,0.6380336241420737,0.0,,0.9699799344303519,0.6016364150032196
0,5284.401371717453,0.0,56.376431941986084,0.0,passthrough,power_phase_stft,"HistGradientBoostingRegressor(early_stopping=True, max_iter=2000,
                              n_iter_no_change=20, random_state=42)",0.001,0.05,squared_error,127,0.02,31,50,FunctionTransformer(func=<function reshape at 0x7f58a4c93e20>),passthrough,"{'first_scale': 'passthrough', 'frequency': FunctionTransformer(func=<function power_phase_stft at 0x7f58a4c934c0>), 'model': HistGradientBoostingRegressor(early_stopping=True, max_iter=2000,
                              n_iter_no_change=20, random_state=42), 'model__l2_regularization': 0.001, 'model__learning_rate': 0.05, 'model__loss': 'squared_error', 'model__max_bins': 127, 'model__max_features': 0.02, 'model__max_leaf_nodes': 31, 'model__min_samples_leaf': 50, 'reshape': FunctionTransformer(func=<function reshape at 0x7f58a4c93e20>), 'second_scale': 'passthrough'}",0.08119821767562752,0.08119821767562752,0.0,1,0.5040748635175292,0.5040748635175292,0.0,,0.958541487012624,0.704219522934767
1,5940.439878940582,0.0,58.528295040130615,0.0,passthrough,power_phase_stft,"HistGradientBoostingRegressor(early_stopping=True, max_iter=2000,
                              n_iter_no_change=20, random_state=42)",0.05,0.01,squared_error,32,0.01,127,200,FunctionTransformer(func=<function reshape at 0x7f58a4c93e20>),passthrough,"{'first_scale': 'passthrough', 'frequency': FunctionTransformer(func=<function power_phase_stft at 0x7f58a4c934c0>), 'model': HistGradientBoostingRegressor(early_stopping=True, max_iter=2000,
                              n_iter_no_change=20, random_state=42), 'model__l2_regularization': 0.05, 'model__learning_rate': 0.01, 'model__loss': 'squared_error', 'model__max_bins': 32, 'model__max_depth': 3, 'model__max_features': 0.01, 'model__max_leaf_nodes': 127, 'model__min_samples_leaf': 200, 'reshape': FunctionTransformer(func=<function reshape at 0x7f58a4c93e20>), 'second_scale': 'passthrough'}",0.07711247514146136,0.07711247514146136,0.0,2,0.14803321405373615,0.14803321405373615,0.0,3.0,0.960670351816136,0.9230204688663539
0,3297.3954527378082,0.0,31.534658432006836,0.0,passthrough,power_phase_stft,"HistGradientBoostingRegressor(early_stopping=True, max_iter=2000,
                              n_iter_no_change=20, random_state=42)",0.0,0.05,squared_error,127,0.02,31,200,FunctionTransformer(func=<function reshape at 0x7f58a4c93e20>),passthrough,"{'first_scale': 'passthrough', 'frequency': FunctionTransformer(func=<function power_phase_stft at 0x7f58a4c934c0>), 'model': HistGradientBoostingRegressor(early_stopping=True, max_iter=2000,
                              n_iter_no_change=20, random_state=42), 'model__l2_regularization': 0.0, 'model__learning_rate': 0.05, 'model__loss': 'squared_error', 'model__max_bins': 127, 'model__max_features': 0.02, 'model__max_leaf_nodes': 31, 'model__min_samples_leaf': 200, 'reshape': FunctionTransformer(func=<function reshape at 0x7f58a4c93e20>), 'second_scale': 'passthrough'}",0.07915675134601596,0.07915675134601596,0.0,1,0.4866247229562132,0.4866247229562132,0.0,,0.959605777730618,0.716502112379152
1,4315.929416894913,0.0,31.277968883514404,0.0,passthrough,power_phase_stft,"HistGradientBoostingRegressor(early_stopping=True, max_iter=2000,
                              n_iter_no_change=20, random_state=42)",1.0,0.05,squared_error,127,0.05,31,200,FunctionTransformer(func=<function reshape at 0x7f58a4c93e20>),passthrough,"{'first_scale': 'passthrough', 'frequency': FunctionTransformer(func=<function power_phase_stft at 0x7f58a4c934c0>), 'model': HistGradientBoostingRegressor(early_stopping=True, max_iter=2000,
                              n_iter_no_change=20, random_state=42), 'model__l2_regularization': 1.0, 'model__learning_rate': 0.05, 'model__loss': 'squared_error', 'model__max_bins': 127, 'model__max_features': 0.05, 'model__max_leaf_nodes': 31, 'model__min_samples_leaf': 200, 'reshape': FunctionTransformer(func=<function reshape at 0x7f58a4c93e20>), 'second_scale': 'passthrough'}",0.0779278243266035,0.0779278243266035,0.0,2,0.6013046312143377,0.6013046312143377,0.0,,0.9602458933384701,0.631423288124268
0,2172.4448432922363,0.0,44.42135977745056,0.0,passthrough,power_phase_stft,"HistGradientBoostingRegressor(early_stopping=True, max_iter=2000,
                              n_iter_no_change=20, random_state=42)",0.0,0.1,squared_error,127,0.05,31,50,FunctionTransformer(func=<function reshape at 0x7f58a4c93e20>),passthrough,"{'first_scale': 'passthrough', 'frequency': FunctionTransformer(func=<function power_phase_stft at 0x7f58a4c934c0>), 'model': HistGradientBoostingRegressor(early_stopping=True, max_iter=2000,
                              n_iter_no_change=20, random_state=42), 'model__l2_regularization': 0.0, 'model__learning_rate': 0.1, 'model__loss': 'squared_error', 'model__max_bins': 127, 'model__max_features': 0.05, 'model__max_leaf_nodes': 31, 'model__min_samples_leaf': 50, 'reshape': FunctionTransformer(func=<function reshape at 0x7f58a4c93e20>), 'second_scale': 'passthrough'}",0.0663664047326632,0.0663664047326632,0.0,2,0.48205292224253593,0.48205292224253593,0.0,,0.9662471708974556,0.7196854019343897
1,5105.071496009827,0.0,47.059099435806274,0.0,passthrough,power_phase_stft,"HistGradientBoostingRegressor(early_stopping=True, max_iter=2000,
                              n_iter_no_change=20, random_state=42)",0.01,0.01,squared_error,32,0.01,127,200,FunctionTransformer(func=<function reshape at 0x7f58a4c93e20>),passthrough,"{'first_scale': 'passthrough', 'frequency': FunctionTransformer(func=<function power_phase_stft at 0x7f58a4c934c0>), 'model': HistGradientBoostingRegressor(early_stopping=True, max_iter=2000,
                              n_iter_no_change=20, random_state=42), 'model__l2_regularization': 0.01, 'model__learning_rate': 0.01, 'model__loss': 'squared_error', 'model__max_bins': 32, 'model__max_depth': 3, 'model__max_features': 0.01, 'model__max_leaf_nodes': 127, 'model__min_samples_leaf': 200, 'reshape': FunctionTransformer(func=<function reshape at 0x7f58a4c93e20>), 'second_scale': 'passthrough'}",0.0771125173961601,0.0771125173961601,0.0,1,0.14803459505526073,0.14803459505526073,0.0,3.0,0.960670329823837,0.9230197207778061
0,10939.213700294495,0.0,53.996336936950684,0.0,passthrough,power_phase_stft,"HistGradientBoostingRegressor(early_stopping=True, max_iter=2000,
                              n_iter_no_change=20, random_state=42)",0.001,0.05,squared_error,127,0.02,63,200,FunctionTransformer(func=<function reshape at 0x7f58a4c93e20>),passthrough,"{'first_scale': 'passthrough', 'frequency': FunctionTransformer(func=<function power_phase_stft at 0x7f58a4c934c0>), 'model': HistGradientBoostingRegressor(early_stopping=True, max_iter=2000,
                              n_iter_no_change=20, random_state=42), 'model__l2_regularization': 0.001, 'model__learning_rate': 0.05, 'model__loss': 'squared_error', 'model__max_bins': 127, 'model__max_features': 0.02, 'model__max_leaf_nodes': 63, 'model__min_samples_leaf': 200, 'reshape': FunctionTransformer(func=<function reshape at 0x7f58a4c93e20>), 'second_scale': 'passthrough'}",0.07338599021401726,0.07338599021401726,0.0,2,0.764776608655257,0.764776608655257,0.0,,0.9626079211111774,0.4849983415896832
1,4236.794635295868,0.0,49.588077783584595,0.0,passthrough,power_phase_stft,"HistGradientBoostingRegressor(early_stopping=True, max_iter=2000,
                              n_iter_no_change=20, random_state=42)",0.05,0.01,squared_error,63,0.02,127,200,FunctionTransformer(func=<function reshape at 0x7f58a4c93e20>),passthrough,"{'first_scale': 'passthrough', 'frequency': FunctionTransformer(func=<function power_phase_stft at 0x7f58a4c934c0>), 'model': HistGradientBoostingRegressor(early_stopping=True, max_iter=2000,
                              n_iter_no_change=20, random_state=42), 'model__l2_regularization': 0.05, 'model__learning_rate': 0.01, 'model__loss': 'squared_error', 'model__max_bins': 63, 'model__max_depth': 3, 'model__max_features': 0.02, 'model__max_leaf_nodes': 127, 'model__min_samples_leaf': 200, 'reshape': FunctionTransformer(func=<function reshape at 0x7f58a4c93e20>), 'second_scale': 'passthrough'}",0.07909501874461466,0.07909501874461466,0.0,1,0.1552946970207687,0.1552946970207687,0.0,3.0,0.9596379427968578,0.9190785075167579
0,15440.848893165588,0.0,44.095224380493164,0.0,passthrough,power_phase_stft,"HistGradientBoostingRegressor(early_stopping=True, max_iter=2000,
                              n_iter_no_change=20, random_state=42)",0.001,0.02,squared_error,127,0.02,63,100,FunctionTransformer(func=<function reshape at 0x7f58a4c93e20>),passthrough,"{'first_scale': 'passthrough', 'frequency': FunctionTransformer(func=<function power_phase_stft at 0x7f58a4c934c0>), 'model': HistGradientBoostingRegressor(early_stopping=True, max_iter=2000,
                              n_iter_no_change=20, random_state=42), 'model__l2_regularization': 0.001, 'model__learning_rate': 0.02, 'model__loss': 'squared_error', 'model__max_bins': 127, 'model__max_features': 0.02, 'model__max_leaf_nodes': 63, 'model__min_samples_leaf': 100, 'reshape': FunctionTransformer(func=<function reshape at 0x7f58a4c93e20>), 'second_scale': 'passthrough'}",0.08272053710772487,0.08272053710772487,0.0,2,0.6853121872859724,0.6853121872859724,0.0,,0.957747076681665,0.5609704205339419
1,7794.771059036255,0.0,44.5850031375885,0.0,passthrough,power_phase_stft,"HistGradientBoostingRegressor(early_stopping=True, max_iter=2000,
                              n_iter_no_change=20, random_state=42)",0.01,0.03,squared_error,32,0.01,127,200,FunctionTransformer(func=<function reshape at 0x7f58a4c93e20>),passthrough,"{'first_scale': 'passthrough', 'frequency': FunctionTransformer(func=<function power_phase_stft at 0x7f58a4c934c0>), 'model': HistGradientBoostingRegressor(early_stopping=True, max_iter=2000,
                              n_iter_no_change=20, random_state=42), 'model__l2_regularization': 0.01, 'model__learning_rate': 0.03, 'model__loss': 'squared_error', 'model__max_bins': 32, 'model__max_depth': 6, 'model__max_features': 0.01, 'model__max_leaf_nodes': 127, 'model__min_samples_leaf': 200, 'reshape': FunctionTransformer(func=<function reshape at 0x7f58a4c93e20>), 'second_scale': 'passthrough'}",0.08616582721307686,0.08616582721307686,0.0,1,0.5873006659724669,0.5873006659724669,0.0,6.0,0.9559467416058925,0.6424167915205308
0,2245.598056077957,0.0,30.267479181289673,0.0,passthrough,power_phase_stft,"HistGradientBoostingRegressor(early_stopping=True, max_iter=2000,
                              n_iter_no_change=20, random_state=42)",0.001,0.1,squared_error,127,0.02,63,200,FunctionTransformer(func=<function reshape at 0x7f58a4c93e20>),passthrough,"{'first_scale': 'passthrough', 'frequency': FunctionTransformer(func=<function power_phase_stft at 0x7f58a4c934c0>), 'model': HistGradientBoostingRegressor(early_stopping=True, max_iter=2000,
                              n_iter_no_change=20, random_state=42), 'model__l2_regularization': 0.001, 'model__learning_rate': 0.1, 'model__loss': 'squared_error', 'model__max_bins': 127, 'model__max_features': 0.02, 'model__max_leaf_nodes': 63, 'model__min_samples_leaf': 200, 'reshape': FunctionTransformer(func=<function reshape at 0x7f58a4c93e20>), 'second_scale': 'passthrough'}",0.061671152657653217,0.061671152657653217,0.0,2,0.6193602624034461,0.6193602624034461,0.0,,0.9686737569183687,0.6169600777980322
1,7957.317436695099,0.0,32.84591221809387,0.0,passthrough,power_phase_stft,"HistGradientBoostingRegressor(early_stopping=True, max_iter=2000,
                              n_iter_no_change=20, random_state=42)",0.05,0.05,squared_error,63,0.02,127,200,FunctionTransformer(func=<function reshape at 0x7f58a4c93e20>),passthrough,"{'first_scale': 'passthrough', 'frequency': FunctionTransformer(func=<function power_phase_stft at 0x7f58a4c934c0>), 'model': HistGradientBoostingRegressor(early_stopping=True, max_iter=2000,
                              n_iter_no_change=20, random_state=42), 'model__l2_regularization': 0.05, 'model__learning_rate': 0.05, 'model__loss': 'squared_error', 'model__max_bins': 63, 'model__max_depth': 10, 'model__max_features': 0.02, 'model__max_leaf_nodes': 127, 'model__min_samples_leaf': 200, 'reshape': FunctionTransformer(func=<function reshape at 0x7f58a4c93e20>), 'second_scale': 'passthrough'}",0.06667982333068789,0.06667982333068789,0.0,1,0.8568440416504925,0.8568440416504925,0.0,10.0,0.9660849738347617,0.3783595622546197
0,8210.532029867172,0.0,38.40248656272888,0.0,passthrough,power_phase_stft,"HistGradientBoostingRegressor(early_stopping=True, max_iter=2000,
                              n_iter_no_change=20, random_state=42)",0.001,0.05,squared_error,127,0.05,63,400,FunctionTransformer(func=<function reshape at 0x7f58a4c93e20>),passthrough,"{'first_scale': 'passthrough', 'frequency': FunctionTransformer(func=<function power_phase_stft at 0x7f58a4c934c0>), 'model': HistGradientBoostingRegressor(early_stopping=True, max_iter=2000,
                              n_iter_no_change=20, random_state=42), 'model__l2_regularization': 0.001, 'model__learning_rate': 0.05, 'model__loss': 'squared_error', 'model__max_bins': 127, 'model__max_features': 0.05, 'model__max_leaf_nodes': 63, 'model__min_samples_leaf': 400, 'reshape': FunctionTransformer(func=<function reshape at 0x7f58a4c93e20>), 'second_scale': 'passthrough'}",0.07186998613151951,0.07186998613151951,0.0,2,0.7135798207012588,0.7135798207012588,0.0,,0.9633950455905824,0.5351823794733355
1,9902.882792711258,0.0,38.151780128479004,0.0,passthrough,power_phase_stft,"HistGradientBoostingRegressor(early_stopping=True, max_iter=2000,
                              n_iter_no_change=20, random_state=42)",0.05,0.03,squared_error,32,0.01,127,200,FunctionTransformer(func=<function reshape at 0x7f58a4c93e20>),passthrough,"{'first_scale': 'passthrough', 'frequency': FunctionTransformer(func=<function power_phase_stft at 0x7f58a4c934c0>), 'model': HistGradientBoostingRegressor(early_stopping=True, max_iter=2000,
                              n_iter_no_change=20, random_state=42), 'model__l2_regularization': 0.05, 'model__learning_rate': 0.03, 'model__loss': 'squared_error', 'model__max_bins': 32, 'model__max_depth': 10, 'model__max_features': 0.01, 'model__max_leaf_nodes': 127, 'model__min_samples_leaf': 200, 'reshape': FunctionTransformer(func=<function reshape at 0x7f58a4c93e20>), 'second_scale': 'passthrough'}",0.0819666907335973,0.0819666907335973,0.0,1,0.691846820284504,0.691846820284504,0.0,10.0,0.9581405477623848,0.5551154652101633
0,5469.69338965416,0.0,58.54395055770874,0.0,passthrough,power_phase_stft,"HistGradientBoostingRegressor(early_stopping=True, max_iter=2000,
                              n_iter_no_change=20, random_state=42)",0.01,0.1,squared_error,127,0.02,127,100,FunctionTransformer(func=<function reshape at 0x7f58a4c93e20>),passthrough,"{'first_scale': 'passthrough', 'frequency': FunctionTransformer(func=<function power_phase_stft at 0x7f58a4c934c0>), 'model': HistGradientBoostingRegressor(early_stopping=True, max_iter=2000,
                              n_iter_no_change=20, random_state=42), 'model__l2_regularization': 0.01, 'model__learning_rate': 0.1, 'model__loss': 'squared_error', 'model__max_bins': 127, 'model__max_features': 0.02, 'model__max_leaf_nodes': 127, 'model__min_samples_leaf': 100, 'reshape': FunctionTransformer(func=<function reshape at 0x7f58a4c93e20>), 'second_scale': 'passthrough'}",0.05131360602234336,0.05131360602234336,0.0,2,0.7645868556638598,0.7645868556638598,0.0,,0.9740053357028681,0.48519392446334303
1,2385.0618288517,0.0,56.84490728378296,0.0,passthrough,power_phase_stft,"HistGradientBoostingRegressor(early_stopping=True, max_iter=2000,
                              n_iter_no_change=20, random_state=42)",1.0,0.1,squared_error,32,0.02,127,200,FunctionTransformer(func=<function reshape at 0x7f58a4c93e20>),passthrough,"{'first_scale': 'passthrough', 'frequency': FunctionTransformer(func=<function power_phase_stft at 0x7f58a4c934c0>), 'model': HistGradientBoostingRegressor(early_stopping=True, max_iter=2000,
                              n_iter_no_change=20, random_state=42), 'model__l2_regularization': 1.0, 'model__learning_rate': 0.1, 'model__loss': 'squared_error', 'model__max_bins': 32, 'model__max_depth': 6, 'model__max_features': 0.02, 'model__max_leaf_nodes': 127, 'model__min_samples_leaf': 200, 'reshape': FunctionTransformer(func=<function reshape at 0x7f58a4c93e20>), 'second_scale': 'passthrough'}",0.06581244480238202,0.06581244480238202,0.0,1,0.5050861224128056,0.5050861224128056,0.0,6.0,0.9665337837849322,0.7035011567774387
0,12587.26004242897,0.0,39.023168087005615,0.0,passthrough,power_phase_stft,"HistGradientBoostingRegressor(early_stopping=True, max_iter=2000,
                              n_iter_no_change=20, random_state=42)",0.1,0.05,squared_error,127,0.05,63,400,FunctionTransformer(func=<function reshape at 0x7f58a4c93e20>),passthrough,"{'first_scale': 'passthrough', 'frequency': FunctionTransformer(func=<function power_phase_stft at 0x7f58a4c934c0>), 'model': HistGradientBoostingRegressor(early_stopping=True, max_iter=2000,
                              n_iter_no_change=20, random_state=42), 'model__l2_regularization': 0.1, 'model__learning_rate': 0.05, 'model__loss': 'squared_error', 'model__max_bins': 127, 'model__max_features': 0.05, 'model__max_leaf_nodes': 63, 'model__min_samples_leaf': 400, 'reshape': FunctionTransformer(func=<function reshape at 0x7f58a4c93e20>), 'second_scale': 'passthrough'}",0.07784285846653682,0.07784285846653682,0.0,2,0.8173101613032596,0.8173101613032596,0.0,,0.9602901340394283,0.42742231890337734
1,6511.914233446121,0.0,37.59258723258972,0.0,passthrough,power_phase_stft,"HistGradientBoostingRegressor(early_stopping=True, max_iter=2000,
                              n_iter_no_change=20, random_state=42)",0.5,0.01,squared_error,63,0.01,127,3200,FunctionTransformer(func=<function reshape at 0x7f58a4c93e20>),passthrough,"{'first_scale': 'passthrough', 'frequency': FunctionTransformer(func=<function power_phase_stft at 0x7f58a4c934c0>), 'model': HistGradientBoostingRegressor(early_stopping=True, max_iter=2000,
                              n_iter_no_change=20, random_state=42), 'model__l2_regularization': 0.5, 'model__learning_rate': 0.01, 'model__loss': 'squared_error', 'model__max_bins': 63, 'model__max_features': 0.01, 'model__max_leaf_nodes': 127, 'model__min_samples_leaf': 3200, 'reshape': FunctionTransformer(func=<function reshape at 0x7f58a4c93e20>), 'second_scale': 'passthrough'}",0.08573762873845492,0.08573762873845492,0.0,1,0.2070637272937882,0.2070637272937882,0.0,,0.9561706810300895,0.8904696921884606
0,9606.161294698715,0.0,44.495208740234375,0.0,passthrough,power_phase_stft,"HistGradientBoostingRegressor(early_stopping=True, max_iter=2000,
                              n_iter_no_change=20, random_state=42)",0.001,0.05,squared_error,127,0.05,255,800,FunctionTransformer(func=<function reshape at 0x7f58a4c93e20>),passthrough,"{'first_scale': 'passthrough', 'frequency': FunctionTransformer(func=<function power_phase_stft at 0x7f58a4c934c0>), 'model': HistGradientBoostingRegressor(early_stopping=True, max_iter=2000,
                              n_iter_no_change=20, random_state=42), 'model__l2_regularization': 0.001, 'model__learning_rate': 0.05, 'model__loss': 'squared_error', 'model__max_bins': 127, 'model__max_features': 0.05, 'model__max_leaf_nodes': 255, 'model__min_samples_leaf': 800, 'reshape': FunctionTransformer(func=<function reshape at 0x7f58a4c93e20>), 'second_scale': 'passthrough'}",0.07180730998493257,0.07180730998493257,0.0,2,0.7691429753854164,0.7691429753854164,0.0,,0.9634275738295367,0.48047583145729983
1,5425.140849351883,0.0,42.031996965408325,0.0,passthrough,power_phase_stft,"HistGradientBoostingRegressor(early_stopping=True, max_iter=2000,
                              n_iter_no_change=20, random_state=42)",0.05,0.05,squared_error,32,0.02,127,200,FunctionTransformer(func=<function reshape at 0x7f58a4c93e20>),passthrough,"{'first_scale': 'passthrough', 'frequency': FunctionTransformer(func=<function power_phase_stft at 0x7f58a4c934c0>), 'model': HistGradientBoostingRegressor(early_stopping=True, max_iter=2000,
                              n_iter_no_change=20, random_state=42), 'model__l2_regularization': 0.05, 'model__learning_rate': 0.05, 'model__loss': 'squared_error', 'model__max_bins': 32, 'model__max_depth': 6, 'model__max_features': 0.02, 'model__max_leaf_nodes': 127, 'model__min_samples_leaf': 200, 'reshape': FunctionTransformer(func=<function reshape at 0x7f58a4c93e20>), 'second_scale': 'passthrough'}",0.07867253277672337,0.07867253277672337,0.0,1,0.6461140299236202,0.6461140299236202,0.0,6.0,0.9598580453500802,0.5948831566588348
0,9431.02381682396,0.0,42.10302543640137,0.0,passthrough,power_phase_stft,"HistGradientBoostingRegressor(early_stopping=True, max_iter=2000,
                              n_iter_no_change=20, random_state=42)",0.01,0.05,squared_error,127,0.05,127,200,FunctionTransformer(func=<function reshape at 0x7f58a4c93e20>),passthrough,"{'first_scale': 'passthrough', 'frequency': FunctionTransformer(func=<function power_phase_stft at 0x7f58a4c934c0>), 'model': HistGradientBoostingRegressor(early_stopping=True, max_iter=2000,
                              n_iter_no_change=20, random_state=42), 'model__l2_regularization': 0.01, 'model__learning_rate': 0.05, 'model__loss': 'squared_error', 'model__max_bins': 127, 'model__max_features': 0.05, 'model__max_leaf_nodes': 127, 'model__min_samples_leaf': 200, 'reshape': FunctionTransformer(func=<function reshape at 0x7f58a4c93e20>), 'second_scale': 'passthrough'}",0.07358516309175,0.07358516309175,0.0,2,0.8131618044681854,0.8131618044681854,0.0,,0.9625044607212218,0.43224784040156244
1,8804.202139616013,0.0,45.23032999038696,0.0,passthrough,power_phase_stft,"HistGradientBoostingRegressor(early_stopping=True, max_iter=2000,
                              n_iter_no_change=20, random_state=42)",1.0,0.03,squared_error,63,0.01,127,200,FunctionTransformer(func=<function reshape at 0x7f58a4c93e20>),passthrough,"{'first_scale': 'passthrough', 'frequency': FunctionTransformer(func=<function power_phase_stft at 0x7f58a4c934c0>), 'model': HistGradientBoostingRegressor(early_stopping=True, max_iter=2000,
                              n_iter_no_change=20, random_state=42), 'model__l2_regularization': 1.0, 'model__learning_rate': 0.03, 'model__loss': 'squared_error', 'model__max_bins': 63, 'model__max_depth': 6, 'model__max_features': 0.01, 'model__max_leaf_nodes': 127, 'model__min_samples_leaf': 200, 'reshape': FunctionTransformer(func=<function reshape at 0x7f58a4c93e20>), 'second_scale': 'passthrough'}",0.08219257164072036,0.08219257164072036,0.0,1,0.6436702092739335,0.6436702092739335,0.0,6.0,0.9580226658901551,0.5969336568883233
0,10366.583542585373,0.0,43.592955350875854,0.0,passthrough,power_phase_stft,"HistGradientBoostingRegressor(early_stopping=True, max_iter=2000,
                              n_iter_no_change=20, random_state=42)",1.0,0.02,squared_error,127,0.02,31,800,FunctionTransformer(func=<function reshape at 0x7f58a4c93e20>),passthrough,"{'first_scale': 'passthrough', 'frequency': FunctionTransformer(func=<function power_phase_stft at 0x7f58a4c934c0>), 'model': HistGradientBoostingRegressor(early_stopping=True, max_iter=2000,
                              n_iter_no_change=20, random_state=42), 'model__l2_regularization': 1.0, 'model__learning_rate': 0.02, 'model__loss': 'squared_error', 'model__max_bins': 127, 'model__max_features': 0.02, 'model__max_leaf_nodes': 31, 'model__min_samples_leaf': 800, 'reshape': FunctionTransformer(func=<function reshape at 0x7f58a4c93e20>), 'second_scale': 'passthrough'}",0.08774617474013202,0.08774617474013202,0.0,1,0.48388829313422743,0.48388829313422743,0.0,,0.9551197962872867,0.7184091500431857
1,4065.9448080062866,0.0,39.01010322570801,0.0,passthrough,power_phase_stft,"HistGradientBoostingRegressor(early_stopping=True, max_iter=2000,
                              n_iter_no_change=20, random_state=42)",10.0,0.01,squared_error,63,0.01,63,6400,FunctionTransformer(func=<function reshape at 0x7f58a4c93e20>),passthrough,"{'first_scale': 'passthrough', 'frequency': FunctionTransformer(func=<function power_phase_stft at 0x7f58a4c934c0>), 'model': HistGradientBoostingRegressor(early_stopping=True, max_iter=2000,
                              n_iter_no_change=20, random_state=42), 'model__l2_regularization': 10.0, 'model__learning_rate': 0.01, 'model__loss': 'squared_error', 'model__max_bins': 63, 'model__max_features': 0.01, 'model__max_leaf_nodes': 63, 'model__min_samples_leaf': 6400, 'reshape': FunctionTransformer(func=<function reshape at 0x7f58a4c93e20>), 'second_scale': 'passthrough'}",0.07980731859848478,0.07980731859848478,0.0,2,0.1470472323915053,0.1470472323915053,0.0,,0.9592667415278793,0.9235544204910151
0,4079.779820203781,0.0,35.29825210571289,0.0,passthrough,power_phase_stft,"HistGradientBoostingRegressor(early_stopping=True, max_iter=2000,
                              n_iter_no_change=20, random_state=42)",0.1,0.1,squared_error,127,0.02,31,800,FunctionTransformer(func=<function reshape at 0x7f58a4c93e20>),passthrough,"{'first_scale': 'passthrough', 'frequency': FunctionTransformer(func=<function power_phase_stft at 0x7f58a4c934c0>), 'model': HistGradientBoostingRegressor(early_stopping=True, max_iter=2000,
                              n_iter_no_change=20, random_state=42), 'model__l2_regularization': 0.1, 'model__learning_rate': 0.1, 'model__loss': 'squared_error', 'model__max_bins': 127, 'model__max_features': 0.02, 'model__max_leaf_nodes': 31, 'model__min_samples_leaf': 800, 'reshape': FunctionTransformer(func=<function reshape at 0x7f58a4c93e20>), 'second_scale': 'passthrough'}",0.06330147680858611,0.06330147680858611,0.0,2,0.5626410728200173,0.5626410728200173,0.0,,0.9678318672121795,0.6613311781399563
1,5115.513183116913,0.0,38.39207410812378,0.0,passthrough,power_phase_stft,"HistGradientBoostingRegressor(early_stopping=True, max_iter=2000,
                              n_iter_no_change=20, random_state=42)",1.0,0.01,squared_error,63,0.01,63,6400,FunctionTransformer(func=<function reshape at 0x7f58a4c93e20>),passthrough,"{'first_scale': 'passthrough', 'frequency': FunctionTransformer(func=<function power_phase_stft at 0x7f58a4c934c0>), 'model': HistGradientBoostingRegressor(early_stopping=True, max_iter=2000,
                              n_iter_no_change=20, random_state=42), 'model__l2_regularization': 1.0, 'model__learning_rate': 0.01, 'model__loss': 'squared_error', 'model__max_bins': 63, 'model__max_features': 0.01, 'model__max_leaf_nodes': 63, 'model__min_samples_leaf': 6400, 'reshape': FunctionTransformer(func=<function reshape at 0x7f58a4c93e20>), 'second_scale': 'passthrough'}",0.07981129678017518,0.07981129678017518,0.0,1,0.14716982791061495,0.14716982791061495,0.0,,0.9592646679722051,0.9234880465330264
0,11622.427844047546,0.0,40.31069207191467,0.0,passthrough,power_phase_stft,"HistGradientBoostingRegressor(early_stopping=True, max_iter=2000,
                              n_iter_no_change=20, random_state=42)",0.01,0.02,squared_error,127,0.05,255,800,FunctionTransformer(func=<function reshape at 0x7f58a4c93e20>),passthrough,"{'first_scale': 'passthrough', 'frequency': FunctionTransformer(func=<function power_phase_stft at 0x7f58a4c934c0>), 'model': HistGradientBoostingRegressor(early_stopping=True, max_iter=2000,
                              n_iter_no_change=20, random_state=42), 'model__l2_regularization': 0.01, 'model__learning_rate': 0.02, 'model__loss': 'squared_error', 'model__max_bins': 127, 'model__max_features': 0.05, 'model__max_leaf_nodes': 255, 'model__min_samples_leaf': 800, 'reshape': FunctionTransformer(func=<function reshape at 0x7f58a4c93e20>), 'second_scale': 'passthrough'}",0.08705149764522879,0.08705149764522879,0.0,1,0.7069745551559586,0.7069745551559586,0.0,,0.9554833867497494,0.5413182472853112
1,3822.3159618377686,0.0,32.8096227645874,0.0,passthrough,power_phase_stft,"HistGradientBoostingRegressor(early_stopping=True, max_iter=2000,
                              n_iter_no_change=20, random_state=42)",0.1,0.1,squared_error,63,0.02,127,200,FunctionTransformer(func=<function reshape at 0x7f58a4c93e20>),passthrough,"{'first_scale': 'passthrough', 'frequency': FunctionTransformer(func=<function power_phase_stft at 0x7f58a4c934c0>), 'model': HistGradientBoostingRegressor(early_stopping=True, max_iter=2000,
                              n_iter_no_change=20, random_state=42), 'model__l2_regularization': 0.1, 'model__learning_rate': 0.1, 'model__loss': 'squared_error', 'model__max_bins': 63, 'model__max_depth': 10, 'model__max_features': 0.02, 'model__max_leaf_nodes': 127, 'model__min_samples_leaf': 200, 'reshape': FunctionTransformer(func=<function reshape at 0x7f58a4c93e20>), 'second_scale': 'passthrough'}",0.04686824059185324,0.04686824059185324,0.0,2,0.8632029820849745,0.8632029820849745,0.0,10.0,0.9762846712963114,0.36986080883898137
0,4251.374873638153,0.0,55.239177227020264,0.0,passthrough,power_phase_stft,"HistGradientBoostingRegressor(early_stopping=True, max_iter=2000,
                              n_iter_no_change=20, random_state=42)",0.0,0.05,squared_error,127,0.05,31,50,FunctionTransformer(func=<function reshape at 0x7f58a4c93e20>),passthrough,"{'first_scale': 'passthrough', 'frequency': FunctionTransformer(func=<function power_phase_stft at 0x7f58a4c934c0>), 'model': HistGradientBoostingRegressor(early_stopping=True, max_iter=2000,
                              n_iter_no_change=20, random_state=42), 'model__l2_regularization': 0.0, 'model__learning_rate': 0.05, 'model__loss': 'squared_error', 'model__max_bins': 127, 'model__max_features': 0.05, 'model__max_leaf_nodes': 31, 'model__min_samples_leaf': 50, 'reshape': FunctionTransformer(func=<function reshape at 0x7f58a4c93e20>), 'second_scale': 'passthrough'}",0.07807555892906604,0.07807555892906604,0.0,1,0.5295169805940156,0.5295169805940156,0.0,,0.9601689648551103,0.6859176476851899
1,3010.60609459877,0.0,54.504929304122925,0.0,passthrough,power_phase_stft,"HistGradientBoostingRegressor(early_stopping=True, max_iter=2000,
                              n_iter_no_change=20, random_state=42)",1.0,0.1,squared_error,127,0.02,31,50,FunctionTransformer(func=<function reshape at 0x7f58a4c93e20>),passthrough,"{'first_scale': 'passthrough', 'frequency': FunctionTransformer(func=<function power_phase_stft at 0x7f58a4c934c0>), 'model': HistGradientBoostingRegressor(early_stopping=True, max_iter=2000,
                              n_iter_no_change=20, random_state=42), 'model__l2_regularization': 1.0, 'model__learning_rate': 0.1, 'model__loss': 'squared_error', 'model__max_bins': 127, 'model__max_features': 0.02, 'model__max_leaf_nodes': 31, 'model__min_samples_leaf': 50, 'reshape': FunctionTransformer(func=<function reshape at 0x7f58a4c93e20>), 'second_scale': 'passthrough'}",0.06456960458802341,0.06456960458802341,0.0,2,0.5806255495433046,0.5806255495433046,0.0,,0.9671765068548639,0.6475912680516125
0,3507.192262172699,0.0,39.74155068397522,0.0,passthrough,power_phase_stft,"HistGradientBoostingRegressor(early_stopping=True, max_iter=2000,
                              n_iter_no_change=20, random_state=42)",0.001,0.1,squared_error,127,0.02,31,400,FunctionTransformer(func=<function reshape at 0x7f58a4c93e20>),passthrough,"{'first_scale': 'passthrough', 'frequency': FunctionTransformer(func=<function power_phase_stft at 0x7f58a4c934c0>), 'model': HistGradientBoostingRegressor(early_stopping=True, max_iter=2000,
                              n_iter_no_change=20, random_state=42), 'model__l2_regularization': 0.001, 'model__learning_rate': 0.1, 'model__loss': 'squared_error', 'model__max_bins': 127, 'model__max_features': 0.02, 'model__max_leaf_nodes': 31, 'model__min_samples_leaf': 400, 'reshape': FunctionTransformer(func=<function reshape at 0x7f58a4c93e20>), 'second_scale': 'passthrough'}",0.06510016850507094,0.06510016850507094,0.0,2,0.5542816991648478,0.5542816991648478,0.0,,0.9669021830024633,0.6676213753581832
1,3912.3105573654175,0.0,41.80890989303589,0.0,passthrough,power_phase_stft,"HistGradientBoostingRegressor(early_stopping=True, max_iter=2000,
                              n_iter_no_change=20, random_state=42)",0.05,0.05,squared_error,63,0.02,127,200,FunctionTransformer(func=<function reshape at 0x7f58a4c93e20>),passthrough,"{'first_scale': 'passthrough', 'frequency': FunctionTransformer(func=<function power_phase_stft at 0x7f58a4c934c0>), 'model': HistGradientBoostingRegressor(early_stopping=True, max_iter=2000,
                              n_iter_no_change=20, random_state=42), 'model__l2_regularization': 0.05, 'model__learning_rate': 0.05, 'model__loss': 'squared_error', 'model__max_bins': 63, 'model__max_depth': 3, 'model__max_features': 0.02, 'model__max_leaf_nodes': 127, 'model__min_samples_leaf': 200, 'reshape': FunctionTransformer(func=<function reshape at 0x7f58a4c93e20>), 'second_scale': 'passthrough'}",0.08324095681648713,0.08324095681648713,0.0,1,0.32373547810895165,0.32373547810895165,0.0,3.0,0.9574753486035622,0.8223530396922287
0,4140.219136953354,0.0,39.4468789100647,0.0,passthrough,power_phase_stft,"HistGradientBoostingRegressor(early_stopping=True, max_iter=2000,
                              n_iter_no_change=20, random_state=42)",0.0,0.1,squared_error,127,0.05,63,100,FunctionTransformer(func=<function reshape at 0x7f58a4c93e20>),passthrough,"{'first_scale': 'passthrough', 'frequency': FunctionTransformer(func=<function power_phase_stft at 0x7f58a4c934c0>), 'model': HistGradientBoostingRegressor(early_stopping=True, max_iter=2000,
                              n_iter_no_change=20, random_state=42), 'model__l2_regularization': 0.0, 'model__learning_rate': 0.1, 'model__loss': 'squared_error', 'model__max_bins': 127, 'model__max_features': 0.05, 'model__max_leaf_nodes': 63, 'model__min_samples_leaf': 100, 'reshape': FunctionTransformer(func=<function reshape at 0x7f58a4c93e20>), 'second_scale': 'passthrough'}",0.05176169317775736,0.05176169317775736,0.0,2,0.7569560502524506,0.7569560502524506,0.0,,0.9737752855881292,0.4929948780135037
1,4703.533803462982,0.0,42.21838045120239,0.0,passthrough,power_phase_stft,"HistGradientBoostingRegressor(early_stopping=True, max_iter=2000,
                              n_iter_no_change=20, random_state=42)",0.01,0.01,squared_error,63,0.01,127,200,FunctionTransformer(func=<function reshape at 0x7f58a4c93e20>),passthrough,"{'first_scale': 'passthrough', 'frequency': FunctionTransformer(func=<function power_phase_stft at 0x7f58a4c934c0>), 'model': HistGradientBoostingRegressor(early_stopping=True, max_iter=2000,
                              n_iter_no_change=20, random_state=42), 'model__l2_regularization': 0.01, 'model__learning_rate': 0.01, 'model__loss': 'squared_error', 'model__max_bins': 63, 'model__max_depth': 3, 'model__max_features': 0.01, 'model__max_leaf_nodes': 127, 'model__min_samples_leaf': 200, 'reshape': FunctionTransformer(func=<function reshape at 0x7f58a4c93e20>), 'second_scale': 'passthrough'}",0.07760486401740374,0.07760486401740374,0.0,1,0.14977552549455975,0.14977552549455975,0.0,3.0,0.9604140440365271,0.9220761760860327
0,8034.299427270889,0.0,40.32080912590027,0.0,passthrough,power_phase_stft,"HistGradientBoostingRegressor(early_stopping=True, max_iter=2000,
                              n_iter_no_change=20, random_state=42)",0.001,0.1,squared_error,127,0.02,127,100,FunctionTransformer(func=<function reshape at 0x7f58a4c93e20>),passthrough,"{'first_scale': 'passthrough', 'frequency': FunctionTransformer(func=<function power_phase_stft at 0x7f58a4c934c0>), 'model': HistGradientBoostingRegressor(early_stopping=True, max_iter=2000,
                              n_iter_no_change=20, random_state=42), 'model__l2_regularization': 0.001, 'model__learning_rate': 0.1, 'model__loss': 'squared_error', 'model__max_bins': 127, 'model__max_features': 0.02, 'model__max_leaf_nodes': 127, 'model__min_samples_leaf': 100, 'reshape': FunctionTransformer(func=<function reshape at 0x7f58a4c93e20>), 'second_scale': 'passthrough'}",0.05044069995352485,0.05044069995352485,0.0,2,0.8851428354196956,0.8851428354196956,0.0,,0.9744533339501051,0.33890583438516425
1,3076.593818664551,0.0,39.92995071411133,0.0,passthrough,power_phase_stft,"HistGradientBoostingRegressor(early_stopping=True, max_iter=2000,
                              n_iter_no_change=20, random_state=42)",0.05,0.1,squared_error,32,0.02,127,200,FunctionTransformer(func=<function reshape at 0x7f58a4c93e20>),passthrough,"{'first_scale': 'passthrough', 'frequency': FunctionTransformer(func=<function power_phase_stft at 0x7f58a4c934c0>), 'model': HistGradientBoostingRegressor(early_stopping=True, max_iter=2000,
                              n_iter_no_change=20, random_state=42), 'model__l2_regularization': 0.05, 'model__learning_rate': 0.1, 'model__loss': 'squared_error', 'model__max_bins': 32, 'model__max_depth': 6, 'model__max_features': 0.02, 'model__max_leaf_nodes': 127, 'model__min_samples_leaf': 200, 'reshape': FunctionTransformer(func=<function reshape at 0x7f58a4c93e20>), 'second_scale': 'passthrough'}",0.06004223004124132,0.06004223004124132,0.0,1,0.6366964950172226,0.6366964950172226,0.0,6.0,0.9695141927577743,0.6027466341530058
0,10308.595746994019,0.0,53.530314445495605,0.0,passthrough,power_phase_stft,"HistGradientBoostingRegressor(early_stopping=True, max_iter=2000,
                              n_iter_no_change=20, random_state=42)",0.01,0.02,squared_error,127,0.02,31,50,FunctionTransformer(func=<function reshape at 0x7f58a4c93e20>),passthrough,"{'first_scale': 'passthrough', 'frequency': FunctionTransformer(func=<function power_phase_stft at 0x7f58a4c934c0>), 'model': HistGradientBoostingRegressor(early_stopping=True, max_iter=2000,
                              n_iter_no_change=20, random_state=42), 'model__l2_regularization': 0.01, 'model__learning_rate': 0.02, 'model__loss': 'squared_error', 'model__max_bins': 127, 'model__max_features': 0.02, 'model__max_leaf_nodes': 31, 'model__min_samples_leaf': 50, 'reshape': FunctionTransformer(func=<function reshape at 0x7f58a4c93e20>), 'second_scale': 'passthrough'}",0.08417478866172601,0.08417478866172601,0.0,2,0.5212875493141902,0.5212875493141902,0.0,,0.9569875711514094,0.6918904903854437
1,10030.008630990982,0.0,51.740971088409424,0.0,passthrough,power_phase_stft,"HistGradientBoostingRegressor(early_stopping=True, max_iter=2000,
                              n_iter_no_change=20, random_state=42)",0.1,0.02,squared_error,63,0.01,127,200,FunctionTransformer(func=<function reshape at 0x7f58a4c93e20>),passthrough,"{'first_scale': 'passthrough', 'frequency': FunctionTransformer(func=<function power_phase_stft at 0x7f58a4c934c0>), 'model': HistGradientBoostingRegressor(early_stopping=True, max_iter=2000,
                              n_iter_no_change=20, random_state=42), 'model__l2_regularization': 0.1, 'model__learning_rate': 0.02, 'model__loss': 'squared_error', 'model__max_bins': 63, 'model__max_depth': 6, 'model__max_features': 0.01, 'model__max_leaf_nodes': 127, 'model__min_samples_leaf': 200, 'reshape': FunctionTransformer(func=<function reshape at 0x7f58a4c93e20>), 'second_scale': 'passthrough'}",0.0851601727480249,0.0851601727480249,0.0,1,0.5428651369893607,0.5428651369893607,0.0,6.0,0.9564725961845301,0.6761174920164685
0,11682.697882175446,0.0,59.71898031234741,0.0,passthrough,power_phase_stft,"HistGradientBoostingRegressor(early_stopping=True, max_iter=2000,
                              n_iter_no_change=20, random_state=42)",0.01,0.05,squared_error,127,0.02,255,800,FunctionTransformer(func=<function reshape at 0x7f58a4c93e20>),passthrough,"{'first_scale': 'passthrough', 'frequency': FunctionTransformer(func=<function power_phase_stft at 0x7f58a4c934c0>), 'model': HistGradientBoostingRegressor(early_stopping=True, max_iter=2000,
                              n_iter_no_change=20, random_state=42), 'model__l2_regularization': 0.01, 'model__learning_rate': 0.05, 'model__loss': 'squared_error', 'model__max_bins': 127, 'model__max_features': 0.02, 'model__max_leaf_nodes': 255, 'model__min_samples_leaf': 800, 'reshape': FunctionTransformer(func=<function reshape at 0x7f58a4c93e20>), 'second_scale': 'passthrough'}",0.0709887031804387,0.0709887031804387,0.0,2,0.7744389215312404,0.7744389215312404,0.0,,0.9638523210635337,0.47493270941130133
1,6045.509293079376,0.0,62.5226194858551,0.0,passthrough,power_phase_stft,"HistGradientBoostingRegressor(early_stopping=True, max_iter=2000,
                              n_iter_no_change=20, random_state=42)",1.0,0.02,squared_error,63,0.02,127,200,FunctionTransformer(func=<function reshape at 0x7f58a4c93e20>),passthrough,"{'first_scale': 'passthrough', 'frequency': FunctionTransformer(func=<function power_phase_stft at 0x7f58a4c934c0>), 'model': HistGradientBoostingRegressor(early_stopping=True, max_iter=2000,
                              n_iter_no_change=20, random_state=42), 'model__l2_regularization': 1.0, 'model__learning_rate': 0.02, 'model__loss': 'squared_error', 'model__max_bins': 63, 'model__max_depth': 3, 'model__max_features': 0.02, 'model__max_leaf_nodes': 127, 'model__min_samples_leaf': 200, 'reshape': FunctionTransformer(func=<function reshape at 0x7f58a4c93e20>), 'second_scale': 'passthrough'}",0.08467087253873196,0.08467087253873196,0.0,1,0.21404235781870773,0.21404235781870773,0.0,3.0,0.9567283456976009,0.8865425213610977
0,4422.910057067871,0.0,60.54227137565613,0.0,passthrough,power_phase_stft,"HistGradientBoostingRegressor(early_stopping=True, max_iter=2000,
                              n_iter_no_change=20, random_state=42)",0.01,0.1,squared_error,127,0.05,63,100,FunctionTransformer(func=<function reshape at 0x7f58a4c93e20>),passthrough,"{'first_scale': 'passthrough', 'frequency': FunctionTransformer(func=<function power_phase_stft at 0x7f58a4c934c0>), 'model': HistGradientBoostingRegressor(early_stopping=True, max_iter=2000,
                              n_iter_no_change=20, random_state=42), 'model__l2_regularization': 0.01, 'model__learning_rate': 0.1, 'model__loss': 'squared_error', 'model__max_bins': 127, 'model__max_features': 0.05, 'model__max_leaf_nodes': 63, 'model__min_samples_leaf': 100, 'reshape': FunctionTransformer(func=<function reshape at 0x7f58a4c93e20>), 'second_scale': 'passthrough'}",0.05881516901007455,0.05881516901007455,0.0,2,0.6870958654085031,0.6870958654085031,0.0,,0.9701468089881683,0.5593783465522212
1,6043.818238973618,0.0,61.221516370773315,0.0,passthrough,power_phase_stft,"HistGradientBoostingRegressor(early_stopping=True, max_iter=2000,
                              n_iter_no_change=20, random_state=42)",5.0,0.01,squared_error,63,0.01,127,200,FunctionTransformer(func=<function reshape at 0x7f58a4c93e20>),passthrough,"{'first_scale': 'passthrough', 'frequency': FunctionTransformer(func=<function power_phase_stft at 0x7f58a4c934c0>), 'model': HistGradientBoostingRegressor(early_stopping=True, max_iter=2000,
                              n_iter_no_change=20, random_state=42), 'model__l2_regularization': 5.0, 'model__learning_rate': 0.01, 'model__loss': 'squared_error', 'model__max_bins': 63, 'model__max_depth': 3, 'model__max_features': 0.01, 'model__max_leaf_nodes': 127, 'model__min_samples_leaf': 200, 'reshape': FunctionTransformer(func=<function reshape at 0x7f58a4c93e20>), 'second_scale': 'passthrough'}",0.07718647958344638,0.07718647958344638,0.0,1,0.14976054899685065,0.14976054899685065,0.0,3.0,0.960631833959584,0.9220842971242648
0,31081.523946762085,0.0,52.62442135810852,0.0,passthrough,power_phase_stft,"HistGradientBoostingRegressor(early_stopping=True, max_iter=2000,
                              n_iter_no_change=20, random_state=42)",0.001,0.02,squared_error,127,0.02,127,100,FunctionTransformer(func=<function reshape at 0x7f58a4c93e20>),passthrough,"{'first_scale': 'passthrough', 'frequency': FunctionTransformer(func=<function power_phase_stft at 0x7f58a4c934c0>), 'model': HistGradientBoostingRegressor(early_stopping=True, max_iter=2000,
                              n_iter_no_change=20, random_state=42), 'model__l2_regularization': 0.001, 'model__learning_rate': 0.02, 'model__loss': 'squared_error', 'model__max_bins': 127, 'model__max_features': 0.02, 'model__max_leaf_nodes': 127, 'model__min_samples_leaf': 100, 'reshape': FunctionTransformer(func=<function reshape at 0x7f58a4c93e20>), 'second_scale': 'passthrough'}",0.0854522186465827,0.0854522186465827,0.0,2,0.8590206315558794,0.8590206315558794,0.0,,0.9563199157987965,0.3754721939693013
1,3980.864035844803,0.0,47.548354148864746,0.0,passthrough,power_phase_stft,"HistGradientBoostingRegressor(early_stopping=True, max_iter=2000,
                              n_iter_no_change=20, random_state=42)",0.01,0.03,squared_error,63,0.02,127,200,FunctionTransformer(func=<function reshape at 0x7f58a4c93e20>),passthrough,"{'first_scale': 'passthrough', 'frequency': FunctionTransformer(func=<function power_phase_stft at 0x7f58a4c934c0>), 'model': HistGradientBoostingRegressor(early_stopping=True, max_iter=2000,
                              n_iter_no_change=20, random_state=42), 'model__l2_regularization': 0.01, 'model__learning_rate': 0.03, 'model__loss': 'squared_error', 'model__max_bins': 63, 'model__max_depth': 3, 'model__max_features': 0.02, 'model__max_leaf_nodes': 127, 'model__min_samples_leaf': 200, 'reshape': FunctionTransformer(func=<function reshape at 0x7f58a4c93e20>), 'second_scale': 'passthrough'}",0.08657350550129383,0.08657350550129383,0.0,1,0.23793938033214024,0.23793938033214024,0.0,3.0,0.9557334850776686,0.8729608351282775
0,13483.275514364243,0.0,58.91062307357788,0.0,passthrough,power_phase_stft,"HistGradientBoostingRegressor(early_stopping=True, max_iter=2000,
                              n_iter_no_change=20, random_state=42)",0.0,0.02,squared_error,127,0.02,31,200,FunctionTransformer(func=<function reshape at 0x7f58a4c93e20>),passthrough,"{'first_scale': 'passthrough', 'frequency': FunctionTransformer(func=<function power_phase_stft at 0x7f58a4c934c0>), 'model': HistGradientBoostingRegressor(early_stopping=True, max_iter=2000,
                              n_iter_no_change=20, random_state=42), 'model__l2_regularization': 0.0, 'model__learning_rate': 0.02, 'model__loss': 'squared_error', 'model__max_bins': 127, 'model__max_features': 0.02, 'model__max_leaf_nodes': 31, 'model__min_samples_leaf': 200, 'reshape': FunctionTransformer(func=<function reshape at 0x7f58a4c93e20>), 'second_scale': 'passthrough'}",0.08677823229534087,0.08677823229534087,0.0,1,0.5051025399943327,0.5051025399943327,0.0,,0.9556263745338233,0.7034894881984145
1,13450.205437421799,0.0,59.92467284202576,0.0,passthrough,power_phase_stft,"HistGradientBoostingRegressor(early_stopping=True, max_iter=2000,
                              n_iter_no_change=20, random_state=42)",1.0,0.02,squared_error,127,0.05,31,200,FunctionTransformer(func=<function reshape at 0x7f58a4c93e20>),passthrough,"{'first_scale': 'passthrough', 'frequency': FunctionTransformer(func=<function power_phase_stft at 0x7f58a4c934c0>), 'model': HistGradientBoostingRegressor(early_stopping=True, max_iter=2000,
                              n_iter_no_change=20, random_state=42), 'model__l2_regularization': 1.0, 'model__learning_rate': 0.02, 'model__loss': 'squared_error', 'model__max_bins': 127, 'model__max_features': 0.05, 'model__max_leaf_nodes': 31, 'model__min_samples_leaf': 200, 'reshape': FunctionTransformer(func=<function reshape at 0x7f58a4c93e20>), 'second_scale': 'passthrough'}",0.08664703244037097,0.08664703244037097,0.0,2,0.5266621518423231,0.5266621518423231,0.0,,0.9556950180678087,0.6879955291698318
0,2562.099187374115,0.0,43.96205282211304,0.0,passthrough,power_phase_stft,"HistGradientBoostingRegressor(early_stopping=True, max_iter=2000,
                              n_iter_no_change=20, random_state=42)",0.0,0.1,squared_error,127,0.05,31,400,FunctionTransformer(func=<function reshape at 0x7f58a4c93e20>),passthrough,"{'first_scale': 'passthrough', 'frequency': FunctionTransformer(func=<function power_phase_stft at 0x7f58a4c934c0>), 'model': HistGradientBoostingRegressor(early_stopping=True, max_iter=2000,
                              n_iter_no_change=20, random_state=42), 'model__l2_regularization': 0.0, 'model__learning_rate': 0.1, 'model__loss': 'squared_error', 'model__max_bins': 127, 'model__max_features': 0.05, 'model__max_leaf_nodes': 31, 'model__min_samples_leaf': 400, 'reshape': FunctionTransformer(func=<function reshape at 0x7f58a4c93e20>), 'second_scale': 'passthrough'}",0.0715169951129968,0.0715169951129968,0.0,2,0.49338733694336445,0.49338733694336445,0.0,,0.9635782297701642,0.7117672815300206
1,10906.283627986908,0.0,50.89140820503235,0.0,passthrough,power_phase_stft,"HistGradientBoostingRegressor(early_stopping=True, max_iter=2000,
                              n_iter_no_change=20, random_state=42)",0.01,0.01,squared_error,32,0.02,127,200,FunctionTransformer(func=<function reshape at 0x7f58a4c93e20>),passthrough,"{'first_scale': 'passthrough', 'frequency': FunctionTransformer(func=<function power_phase_stft at 0x7f58a4c934c0>), 'model': HistGradientBoostingRegressor(early_stopping=True, max_iter=2000,
                              n_iter_no_change=20, random_state=42), 'model__l2_regularization': 0.01, 'model__learning_rate': 0.01, 'model__loss': 'squared_error', 'model__max_bins': 32, 'model__max_depth': 6, 'model__max_features': 0.02, 'model__max_leaf_nodes': 127, 'model__min_samples_leaf': 200, 'reshape': FunctionTransformer(func=<function reshape at 0x7f58a4c93e20>), 'second_scale': 'passthrough'}",0.0865071432032164,0.0865071432032164,0.0,1,0.4097341698934589,0.4097341698934589,0.0,6.0,0.9557682024407297,0.7682875959603546
0,6786.507017374039,0.0,47.02137207984924,0.0,passthrough,power_phase_stft,"HistGradientBoostingRegressor(early_stopping=True, max_iter=2000,
                              n_iter_no_change=20, random_state=42)",0.001,0.05,squared_error,127,0.05,31,100,FunctionTransformer(func=<function reshape at 0x7f58a4c93e20>),passthrough,"{'first_scale': 'passthrough', 'frequency': FunctionTransformer(func=<function power_phase_stft at 0x7f58a4c934c0>), 'model': HistGradientBoostingRegressor(early_stopping=True, max_iter=2000,
                              n_iter_no_change=20, random_state=42), 'model__l2_regularization': 0.001, 'model__learning_rate': 0.05, 'model__loss': 'squared_error', 'model__max_bins': 127, 'model__max_features': 0.05, 'model__max_leaf_nodes': 31, 'model__min_samples_leaf': 100, 'reshape': FunctionTransformer(func=<function reshape at 0x7f58a4c93e20>), 'second_scale': 'passthrough'}",0.07476628190434342,0.07476628190434342,0.0,2,0.642521947332374,0.642521947332374,0.0,,0.9618906996616906,0.5978946835920403
1,10476.010315418243,0.0,52.21206855773926,0.0,passthrough,power_phase_stft,"HistGradientBoostingRegressor(early_stopping=True, max_iter=2000,
                              n_iter_no_change=20, random_state=42)",0.05,0.02,squared_error,63,0.02,127,200,FunctionTransformer(func=<function reshape at 0x7f58a4c93e20>),passthrough,"{'first_scale': 'passthrough', 'frequency': FunctionTransformer(func=<function power_phase_stft at 0x7f58a4c934c0>), 'model': HistGradientBoostingRegressor(early_stopping=True, max_iter=2000,
                              n_iter_no_change=20, random_state=42), 'model__l2_regularization': 0.05, 'model__learning_rate': 0.02, 'model__loss': 'squared_error', 'model__max_bins': 63, 'model__max_depth': 6, 'model__max_features': 0.02, 'model__max_leaf_nodes': 127, 'model__min_samples_leaf': 200, 'reshape': FunctionTransformer(func=<function reshape at 0x7f58a4c93e20>), 'second_scale': 'passthrough'}",0.08589641902230483,0.08589641902230483,0.0,1,0.5636236574970932,0.5636236574970932,0.0,6.0,0.9560876429374533,0.660587876442572
0,1434.6558921337128,0.0,32.247191190719604,0.0,passthrough,power_phase_stft,"HistGradientBoostingRegressor(early_stopping=True, max_iter=2000,
                              n_iter_no_change=20, random_state=42)",0.001,0.1,squared_error,127,0.05,31,200,FunctionTransformer(func=<function reshape at 0x7f58a4c93e20>),passthrough,"{'first_scale': 'passthrough', 'frequency': FunctionTransformer(func=<function power_phase_stft at 0x7f58a4c934c0>), 'model': HistGradientBoostingRegressor(early_stopping=True, max_iter=2000,
                              n_iter_no_change=20, random_state=42), 'model__l2_regularization': 0.001, 'model__learning_rate': 0.1, 'model__loss': 'squared_error', 'model__max_bins': 127, 'model__max_features': 0.05, 'model__max_leaf_nodes': 31, 'model__min_samples_leaf': 200, 'reshape': FunctionTransformer(func=<function reshape at 0x7f58a4c93e20>), 'second_scale': 'passthrough'}",0.06666584860692493,0.06666584860692493,0.0,2,0.46340912235819753,0.46340912235819753,0.0,,0.9660922064653431,0.732523636234219
1,7522.42919588089,0.0,38.00522994995117,0.0,passthrough,power_phase_stft,"HistGradientBoostingRegressor(early_stopping=True, max_iter=2000,
                              n_iter_no_change=20, random_state=42)",0.1,0.01,squared_error,32,0.01,127,200,FunctionTransformer(func=<function reshape at 0x7f58a4c93e20>),passthrough,"{'first_scale': 'passthrough', 'frequency': FunctionTransformer(func=<function power_phase_stft at 0x7f58a4c934c0>), 'model': HistGradientBoostingRegressor(early_stopping=True, max_iter=2000,
                              n_iter_no_change=20, random_state=42), 'model__l2_regularization': 0.1, 'model__learning_rate': 0.01, 'model__loss': 'squared_error', 'model__max_bins': 32, 'model__max_depth': 6, 'model__max_features': 0.01, 'model__max_leaf_nodes': 127, 'model__min_samples_leaf': 200, 'reshape': FunctionTransformer(func=<function reshape at 0x7f58a4c93e20>), 'second_scale': 'passthrough'}",0.0854913765766574,0.0854913765766574,0.0,1,0.3912316522605558,0.3912316522605558,0.0,6.0,0.9562994423418548,0.7802360846176266
0,2134.4418959617615,0.0,38.680119037628174,0.0,passthrough,power_phase_stft,"HistGradientBoostingRegressor(early_stopping=True, max_iter=2000,
                              n_iter_no_change=20, random_state=42)",0.0,0.1,squared_error,127,0.05,31,200,FunctionTransformer(func=<function reshape at 0x7f58a4c93e20>),passthrough,"{'first_scale': 'passthrough', 'frequency': FunctionTransformer(func=<function power_phase_stft at 0x7f58a4c934c0>), 'model': HistGradientBoostingRegressor(early_stopping=True, max_iter=2000,
                              n_iter_no_change=20, random_state=42), 'model__l2_regularization': 0.0, 'model__learning_rate': 0.1, 'model__loss': 'squared_error', 'model__max_bins': 127, 'model__max_features': 0.05, 'model__max_leaf_nodes': 31, 'model__min_samples_leaf': 200, 'reshape': FunctionTransformer(func=<function reshape at 0x7f58a4c93e20>), 'second_scale': 'passthrough'}",0.06672860270891556,0.06672860270891556,0.0,2,0.46687071999628893,0.46687071999628893,0.0,,0.9660597276002578,0.7301570242103482
1,10794.548904180527,0.0,46.3624267578125,0.0,passthrough,power_phase_stft,"HistGradientBoostingRegressor(early_stopping=True, max_iter=2000,
                              n_iter_no_change=20, random_state=42)",0.01,0.01,squared_error,32,0.01,127,200,FunctionTransformer(func=<function reshape at 0x7f58a4c93e20>),passthrough,"{'first_scale': 'passthrough', 'frequency': FunctionTransformer(func=<function power_phase_stft at 0x7f58a4c934c0>), 'model': HistGradientBoostingRegressor(early_stopping=True, max_iter=2000,
                              n_iter_no_change=20, random_state=42), 'model__l2_regularization': 0.01, 'model__learning_rate': 0.01, 'model__loss': 'squared_error', 'model__max_bins': 32, 'model__max_depth': 6, 'model__max_features': 0.01, 'model__max_leaf_nodes': 127, 'model__min_samples_leaf': 200, 'reshape': FunctionTransformer(func=<function reshape at 0x7f58a4c93e20>), 'second_scale': 'passthrough'}",0.08532338668344186,0.08532338668344186,0.0,1,0.3916977634615928,0.3916977634615928,0.0,6.0,0.9563872716199009,0.7799373285966041
0,8779.461082458496,0.0,39.47703146934509,0.0,passthrough,power_phase_stft,"HistGradientBoostingRegressor(early_stopping=True, max_iter=2000,
                              n_iter_no_change=20, random_state=42)",0.1,0.1,squared_error,127,0.02,63,800,FunctionTransformer(func=<function reshape at 0x7f58a4c93e20>),passthrough,"{'first_scale': 'passthrough', 'frequency': FunctionTransformer(func=<function power_phase_stft at 0x7f58a4c934c0>), 'model': HistGradientBoostingRegressor(early_stopping=True, max_iter=2000,
                              n_iter_no_change=20, random_state=42), 'model__l2_regularization': 0.1, 'model__learning_rate': 0.1, 'model__loss': 'squared_error', 'model__max_bins': 127, 'model__max_features': 0.02, 'model__max_leaf_nodes': 63, 'model__min_samples_leaf': 800, 'reshape': FunctionTransformer(func=<function reshape at 0x7f58a4c93e20>), 'second_scale': 'passthrough'}",0.05733266786203417,0.05733266786203417,0.0,2,0.8058115932094907,0.8058115932094907,0.0,,0.9709105685581787,0.44066813679968886
1,5166.631561517715,0.0,39.712775468826294,0.0,passthrough,power_phase_stft,"HistGradientBoostingRegressor(early_stopping=True, max_iter=2000,
                              n_iter_no_change=20, random_state=42)",1.0,0.01,squared_error,63,0.01,127,6400,FunctionTransformer(func=<function reshape at 0x7f58a4c93e20>),passthrough,"{'first_scale': 'passthrough', 'frequency': FunctionTransformer(func=<function power_phase_stft at 0x7f58a4c934c0>), 'model': HistGradientBoostingRegressor(early_stopping=True, max_iter=2000,
                              n_iter_no_change=20, random_state=42), 'model__l2_regularization': 1.0, 'model__learning_rate': 0.01, 'model__loss': 'squared_error', 'model__max_bins': 63, 'model__max_features': 0.01, 'model__max_leaf_nodes': 127, 'model__min_samples_leaf': 6400, 'reshape': FunctionTransformer(func=<function reshape at 0x7f58a4c93e20>), 'second_scale': 'passthrough'}",0.07981129678017518,0.07981129678017518,0.0,1,0.14716982791061495,0.14716982791061495,0.0,,0.9592646679722051,0.9234880465330264
0,10340.339103937149,0.0,39.5608811378479,0.0,passthrough,power_phase_stft,"HistGradientBoostingRegressor(early_stopping=True, max_iter=2000,
                              n_iter_no_change=20, random_state=42)",0.0,0.1,squared_error,127,0.05,255,50,FunctionTransformer(func=<function reshape at 0x7f58a4c93e20>),passthrough,"{'first_scale': 'passthrough', 'frequency': FunctionTransformer(func=<function power_phase_stft at 0x7f58a4c934c0>), 'model': HistGradientBoostingRegressor(early_stopping=True, max_iter=2000,
                              n_iter_no_change=20, random_state=42), 'model__l2_regularization': 0.0, 'model__learning_rate': 0.1, 'model__loss': 'squared_error', 'model__max_bins': 127, 'model__max_features': 0.05, 'model__max_leaf_nodes': 255, 'model__min_samples_leaf': 50, 'reshape': FunctionTransformer(func=<function reshape at 0x7f58a4c93e20>), 'second_scale': 'passthrough'}",0.03441939455455645,0.03441939455455645,0.0,2,0.9113285464570693,0.9113285464570693,0.0,,0.9826396111726026,0.2977775235690745
1,8457.955479621887,0.0,42.28318762779236,0.0,passthrough,power_phase_stft,"HistGradientBoostingRegressor(early_stopping=True, max_iter=2000,
                              n_iter_no_change=20, random_state=42)",0.01,0.02,squared_error,32,0.02,127,200,FunctionTransformer(func=<function reshape at 0x7f58a4c93e20>),passthrough,"{'first_scale': 'passthrough', 'frequency': FunctionTransformer(func=<function power_phase_stft at 0x7f58a4c934c0>), 'model': HistGradientBoostingRegressor(early_stopping=True, max_iter=2000,
                              n_iter_no_change=20, random_state=42), 'model__l2_regularization': 0.01, 'model__learning_rate': 0.02, 'model__loss': 'squared_error', 'model__max_bins': 32, 'model__max_depth': 6, 'model__max_features': 0.02, 'model__max_leaf_nodes': 127, 'model__min_samples_leaf': 200, 'reshape': FunctionTransformer(func=<function reshape at 0x7f58a4c93e20>), 'second_scale': 'passthrough'}",0.08656415630531888,0.08656415630531888,0.0,1,0.5676454527863222,0.5676454527863222,0.0,6.0,0.9557383761755521,0.657536726893394
0,5470.869522333145,0.0,38.24032258987427,0.0,passthrough,power_phase_stft,"HistGradientBoostingRegressor(early_stopping=True, max_iter=2000,
                              n_iter_no_change=20, random_state=42)",0.0,0.1,squared_error,127,0.05,127,200,FunctionTransformer(func=<function reshape at 0x7f58a4c93e20>),passthrough,"{'first_scale': 'passthrough', 'frequency': FunctionTransformer(func=<function power_phase_stft at 0x7f58a4c934c0>), 'model': HistGradientBoostingRegressor(early_stopping=True, max_iter=2000,
                              n_iter_no_change=20, random_state=42), 'model__l2_regularization': 0.0, 'model__learning_rate': 0.1, 'model__loss': 'squared_error', 'model__max_bins': 127, 'model__max_features': 0.05, 'model__max_leaf_nodes': 127, 'model__min_samples_leaf': 200, 'reshape': FunctionTransformer(func=<function reshape at 0x7f58a4c93e20>), 'second_scale': 'passthrough'}",0.04695237613807157,0.04695237613807157,0.0,2,0.8549329683745697,0.8549329683745697,0.0,,0.9762415806868341,0.3808766619595251
1,3284.1029801368713,0.0,34.98624658584595,0.0,passthrough,power_phase_stft,"HistGradientBoostingRegressor(early_stopping=True, max_iter=2000,
                              n_iter_no_change=20, random_state=42)",0.01,0.02,squared_error,32,0.01,127,200,FunctionTransformer(func=<function reshape at 0x7f58a4c93e20>),passthrough,"{'first_scale': 'passthrough', 'frequency': FunctionTransformer(func=<function power_phase_stft at 0x7f58a4c934c0>), 'model': HistGradientBoostingRegressor(early_stopping=True, max_iter=2000,
                              n_iter_no_change=20, random_state=42), 'model__l2_regularization': 0.01, 'model__learning_rate': 0.02, 'model__loss': 'squared_error', 'model__max_bins': 32, 'model__max_depth': 3, 'model__max_features': 0.01, 'model__max_leaf_nodes': 127, 'model__min_samples_leaf': 200, 'reshape': FunctionTransformer(func=<function reshape at 0x7f58a4c93e20>), 'second_scale': 'passthrough'}",0.08420776780190775,0.08420776780190775,0.0,1,0.20378951583624383,0.20378951583624383,0.0,3.0,0.9569703402917419,0.892306272623787
0,2619.979570865631,0.0,24.058552265167236,0.0,passthrough,power_phase_stft,"HistGradientBoostingRegressor(early_stopping=True, max_iter=2000,
                              n_iter_no_change=20, random_state=42)",0.001,0.1,squared_error,127,0.05,63,800,FunctionTransformer(func=<function reshape at 0x7f58a4c93e20>),passthrough,"{'first_scale': 'passthrough', 'frequency': FunctionTransformer(func=<function power_phase_stft at 0x7f58a4c934c0>), 'model': HistGradientBoostingRegressor(early_stopping=True, max_iter=2000,
                              n_iter_no_change=20, random_state=42), 'model__l2_regularization': 0.001, 'model__learning_rate': 0.1, 'model__loss': 'squared_error', 'model__max_bins': 127, 'model__max_features': 0.05, 'model__max_leaf_nodes': 63, 'model__min_samples_leaf': 800, 'reshape': FunctionTransformer(func=<function reshape at 0x7f58a4c93e20>), 'second_scale': 'passthrough'}",0.05700791499354019,0.05700791499354019,0.0,2,0.6934941799352328,0.6934941799352328,0.0,,0.9710777955480497,0.5536296777312134
1,7284.978289365768,0.0,28.576791763305664,0.0,passthrough,power_phase_stft,"HistGradientBoostingRegressor(early_stopping=True, max_iter=2000,
                              n_iter_no_change=20, random_state=42)",0.1,0.01,squared_error,63,0.02,127,200,FunctionTransformer(func=<function reshape at 0x7f58a4c93e20>),passthrough,"{'first_scale': 'passthrough', 'frequency': FunctionTransformer(func=<function power_phase_stft at 0x7f58a4c934c0>), 'model': HistGradientBoostingRegressor(early_stopping=True, max_iter=2000,
                              n_iter_no_change=20, random_state=42), 'model__l2_regularization': 0.1, 'model__learning_rate': 0.01, 'model__loss': 'squared_error', 'model__max_bins': 63, 'model__max_depth': 6, 'model__max_features': 0.02, 'model__max_leaf_nodes': 127, 'model__min_samples_leaf': 200, 'reshape': FunctionTransformer(func=<function reshape at 0x7f58a4c93e20>), 'second_scale': 'passthrough'}",0.08701212307368433,0.08701212307368433,0.0,1,0.4085287374883849,0.4085287374883849,0.0,6.0,0.9555039910572408,0.7690716887986548
0,3477.261658668518,0.0,39.030452251434326,0.0,passthrough,power_phase_stft,"HistGradientBoostingRegressor(early_stopping=True, max_iter=2000,
                              n_iter_no_change=20, random_state=42)",0.01,0.1,squared_error,127,0.02,63,100,FunctionTransformer(func=<function reshape at 0x7f58a4c93e20>),passthrough,"{'first_scale': 'passthrough', 'frequency': FunctionTransformer(func=<function power_phase_stft at 0x7f58a4c934c0>), 'model': HistGradientBoostingRegressor(early_stopping=True, max_iter=2000,
                              n_iter_no_change=20, random_state=42), 'model__l2_regularization': 0.01, 'model__learning_rate': 0.1, 'model__loss': 'squared_error', 'model__max_bins': 127, 'model__max_features': 0.02, 'model__max_leaf_nodes': 63, 'model__min_samples_leaf': 100, 'reshape': FunctionTransformer(func=<function reshape at 0x7f58a4c93e20>), 'second_scale': 'passthrough'}",0.05860406054984779,0.05860406054984779,0.0,2,0.6739678178445745,0.6739678178445745,0.0,,0.9702556052144982,0.570992278542736
1,11519.511991977692,0.0,43.67193269729614,0.0,passthrough,power_phase_stft,"HistGradientBoostingRegressor(early_stopping=True, max_iter=2000,
                              n_iter_no_change=20, random_state=42)",1.0,0.05,squared_error,63,0.01,127,200,FunctionTransformer(func=<function reshape at 0x7f58a4c93e20>),passthrough,"{'first_scale': 'passthrough', 'frequency': FunctionTransformer(func=<function power_phase_stft at 0x7f58a4c934c0>), 'model': HistGradientBoostingRegressor(early_stopping=True, max_iter=2000,
                              n_iter_no_change=20, random_state=42), 'model__l2_regularization': 1.0, 'model__learning_rate': 0.05, 'model__loss': 'squared_error', 'model__max_bins': 63, 'model__max_depth': 10, 'model__max_features': 0.01, 'model__max_leaf_nodes': 127, 'model__min_samples_leaf': 200, 'reshape': FunctionTransformer(func=<function reshape at 0x7f58a4c93e20>), 'second_scale': 'passthrough'}",0.06613020965327454,0.06613020965327454,0.0,1,0.8482498170095607,0.8482498170095607,0.0,10.0,0.9663693860769418,0.38955125848909705
0,5313.312559127808,0.0,49.84561061859131,0.0,passthrough,power_phase_stft,"HistGradientBoostingRegressor(early_stopping=True, max_iter=2000,
                              n_iter_no_change=20, random_state=42)",0.0,0.1,squared_error,127,0.05,63,800,FunctionTransformer(func=<function reshape at 0x7f58a4c93e20>),passthrough,"{'first_scale': 'passthrough', 'frequency': FunctionTransformer(func=<function power_phase_stft at 0x7f58a4c934c0>), 'model': HistGradientBoostingRegressor(early_stopping=True, max_iter=2000,
                              n_iter_no_change=20, random_state=42), 'model__l2_regularization': 0.0, 'model__learning_rate': 0.1, 'model__loss': 'squared_error', 'model__max_bins': 127, 'model__max_features': 0.05, 'model__max_leaf_nodes': 63, 'model__min_samples_leaf': 800, 'reshape': FunctionTransformer(func=<function reshape at 0x7f58a4c93e20>), 'second_scale': 'passthrough'}",0.054972578009396145,0.054972578009396145,0.0,2,0.7381592545563507,0.7381592545563507,0.0,,0.9721252090089033,0.5117037672752169
1,12570.258920192719,0.0,55.45320272445679,0.0,passthrough,power_phase_stft,"HistGradientBoostingRegressor(early_stopping=True, max_iter=2000,
                              n_iter_no_change=20, random_state=42)",0.01,0.01,squared_error,63,0.02,127,200,FunctionTransformer(func=<function reshape at 0x7f58a4c93e20>),passthrough,"{'first_scale': 'passthrough', 'frequency': FunctionTransformer(func=<function power_phase_stft at 0x7f58a4c934c0>), 'model': HistGradientBoostingRegressor(early_stopping=True, max_iter=2000,
                              n_iter_no_change=20, random_state=42), 'model__l2_regularization': 0.01, 'model__learning_rate': 0.01, 'model__loss': 'squared_error', 'model__max_bins': 63, 'model__max_depth': 6, 'model__max_features': 0.02, 'model__max_leaf_nodes': 127, 'model__min_samples_leaf': 200, 'reshape': FunctionTransformer(func=<function reshape at 0x7f58a4c93e20>), 'second_scale': 'passthrough'}",0.08750241531889436,0.08750241531889436,0.0,1,0.40877828444729125,0.40877828444729125,0.0,6.0,0.9552473944906135,0.7689094326074487
0,5353.610102891922,0.0,53.5841805934906,0.0,passthrough,power_phase_stft,"HistGradientBoostingRegressor(early_stopping=True, max_iter=2000,
                              n_iter_no_change=20, random_state=42)",0.001,0.05,squared_error,127,0.02,31,100,FunctionTransformer(func=<function reshape at 0x7f58a4c93e20>),passthrough,"{'first_scale': 'passthrough', 'frequency': FunctionTransformer(func=<function power_phase_stft at 0x7f58a4c934c0>), 'model': HistGradientBoostingRegressor(early_stopping=True, max_iter=2000,
                              n_iter_no_change=20, random_state=42), 'model__l2_regularization': 0.001, 'model__learning_rate': 0.05, 'model__loss': 'squared_error', 'model__max_bins': 127, 'model__max_features': 0.02, 'model__max_leaf_nodes': 31, 'model__min_samples_leaf': 100, 'reshape': FunctionTransformer(func=<function reshape at 0x7f58a4c93e20>), 'second_scale': 'passthrough'}",0.07794442557331493,0.07794442557331493,0.0,2,0.503198700702727,0.503198700702727,0.0,,0.9602372490310325,0.7048413291637154
1,5923.577536582947,0.0,56.978607177734375,0.0,passthrough,power_phase_stft,"HistGradientBoostingRegressor(early_stopping=True, max_iter=2000,
                              n_iter_no_change=20, random_state=42)",0.05,0.01,squared_error,32,0.02,127,200,FunctionTransformer(func=<function reshape at 0x7f58a4c93e20>),passthrough,"{'first_scale': 'passthrough', 'frequency': FunctionTransformer(func=<function power_phase_stft at 0x7f58a4c934c0>), 'model': HistGradientBoostingRegressor(early_stopping=True, max_iter=2000,
                              n_iter_no_change=20, random_state=42), 'model__l2_regularization': 0.05, 'model__learning_rate': 0.01, 'model__loss': 'squared_error', 'model__max_bins': 32, 'model__max_depth': 3, 'model__max_features': 0.02, 'model__max_leaf_nodes': 127, 'model__min_samples_leaf': 200, 'reshape': FunctionTransformer(func=<function reshape at 0x7f58a4c93e20>), 'second_scale': 'passthrough'}",0.07883745257152108,0.07883745257152108,0.0,1,0.15313198408073547,0.15313198408073547,0.0,3.0,0.9597721330755956,0.9202543213260477
0,1858.4655797481537,0.0,37.65486001968384,0.0,passthrough,power_phase_stft,"HistGradientBoostingRegressor(early_stopping=True, max_iter=2000,
                              n_iter_no_change=20, random_state=42)",0.01,0.1,squared_error,127,0.05,31,50,FunctionTransformer(func=<function reshape at 0x7f58a4c93e20>),passthrough,"{'first_scale': 'passthrough', 'frequency': FunctionTransformer(func=<function power_phase_stft at 0x7f58a4c934c0>), 'model': HistGradientBoostingRegressor(early_stopping=True, max_iter=2000,
                              n_iter_no_change=20, random_state=42), 'model__l2_regularization': 0.01, 'model__learning_rate': 0.1, 'model__loss': 'squared_error', 'model__max_bins': 127, 'model__max_features': 0.05, 'model__max_leaf_nodes': 31, 'model__min_samples_leaf': 50, 'reshape': FunctionTransformer(func=<function reshape at 0x7f58a4c93e20>), 'second_scale': 'passthrough'}",0.06431021615125299,0.06431021615125299,0.0,2,0.5055666807556348,0.5055666807556348,0.0,,0.9673105932681327,0.7031595261705307
1,3644.501702785492,0.0,41.37980556488037,0.0,passthrough,power_phase_stft,"HistGradientBoostingRegressor(early_stopping=True, max_iter=2000,
                              n_iter_no_change=20, random_state=42)",5.0,0.01,squared_error,32,0.01,127,200,FunctionTransformer(func=<function reshape at 0x7f58a4c93e20>),passthrough,"{'first_scale': 'passthrough', 'frequency': FunctionTransformer(func=<function power_phase_stft at 0x7f58a4c934c0>), 'model': HistGradientBoostingRegressor(early_stopping=True, max_iter=2000,
                              n_iter_no_change=20, random_state=42), 'model__l2_regularization': 5.0, 'model__learning_rate': 0.01, 'model__loss': 'squared_error', 'model__max_bins': 32, 'model__max_depth': 3, 'model__max_features': 0.01, 'model__max_leaf_nodes': 127, 'model__min_samples_leaf': 200, 'reshape': FunctionTransformer(func=<function reshape at 0x7f58a4c93e20>), 'second_scale': 'passthrough'}",0.07705982541581757,0.07705982541581757,0.0,1,0.1478381117655032,0.1478381117655032,0.0,3.0,0.9606977540226596,0.9231261496862153
0,18042.418686151505,0.0,77.27863669395447,0.0,passthrough,power_phase_stft,"HistGradientBoostingRegressor(early_stopping=True, max_iter=2000,
                              n_iter_no_change=20, random_state=42)",0.0,0.02,squared_error,127,0.05,31,200,FunctionTransformer(func=<function reshape at 0x7f58a4c93e20>),passthrough,"{'first_scale': 'passthrough', 'frequency': FunctionTransformer(func=<function power_phase_stft at 0x7f58a4c934c0>), 'model': HistGradientBoostingRegressor(early_stopping=True, max_iter=2000,
                              n_iter_no_change=20, random_state=42), 'model__l2_regularization': 0.0, 'model__learning_rate': 0.02, 'model__loss': 'squared_error', 'model__max_bins': 127, 'model__max_features': 0.05, 'model__max_leaf_nodes': 31, 'model__min_samples_leaf': 200, 'reshape': FunctionTransformer(func=<function reshape at 0x7f58a4c93e20>), 'second_scale': 'passthrough'}",0.08683820968547606,0.08683820968547606,0.0,1,0.5276814568603774,0.5276814568603774,0.0,,0.9555949928262097,0.6872543511245474
1,8695.871181726456,0.0,75.29421591758728,0.0,passthrough,power_phase_stft,"HistGradientBoostingRegressor(early_stopping=True, max_iter=2000,
                              n_iter_no_change=20, random_state=42)",1.0,0.05,squared_error,127,0.02,31,200,FunctionTransformer(func=<function reshape at 0x7f58a4c93e20>),passthrough,"{'first_scale': 'passthrough', 'frequency': FunctionTransformer(func=<function power_phase_stft at 0x7f58a4c934c0>), 'model': HistGradientBoostingRegressor(early_stopping=True, max_iter=2000,
                              n_iter_no_change=20, random_state=42), 'model__l2_regularization': 1.0, 'model__learning_rate': 0.05, 'model__loss': 'squared_error', 'model__max_bins': 127, 'model__max_features': 0.02, 'model__max_leaf_nodes': 31, 'model__min_samples_leaf': 200, 'reshape': FunctionTransformer(func=<function reshape at 0x7f58a4c93e20>), 'second_scale': 'passthrough'}",0.08091110283672842,0.08091110283672842,0.0,2,0.5389021100899061,0.5389021100899061,0.0,,0.9586912418308992,0.679041891130506
0,3310.27379322052,0.0,43.662434816360474,0.0,passthrough,power_phase_stft,"HistGradientBoostingRegressor(early_stopping=True, max_iter=2000,
                              n_iter_no_change=20, random_state=42)",0.01,0.1,squared_error,127,0.02,63,200,FunctionTransformer(func=<function reshape at 0x7f58a4c93e20>),passthrough,"{'first_scale': 'passthrough', 'frequency': FunctionTransformer(func=<function power_phase_stft at 0x7f58a4c934c0>), 'model': HistGradientBoostingRegressor(early_stopping=True, max_iter=2000,
                              n_iter_no_change=20, random_state=42), 'model__l2_regularization': 0.01, 'model__learning_rate': 0.1, 'model__loss': 'squared_error', 'model__max_bins': 127, 'model__max_features': 0.02, 'model__max_leaf_nodes': 63, 'model__min_samples_leaf': 200, 'reshape': FunctionTransformer(func=<function reshape at 0x7f58a4c93e20>), 'second_scale': 'passthrough'}",0.06322595592684122,0.06322595592684122,0.0,2,0.609706024929165,0.609706024929165,0.0,,0.9678708819223558,0.6247351239292017
1,13813.208251476288,0.0,49.93433094024658,0.0,passthrough,power_phase_stft,"HistGradientBoostingRegressor(early_stopping=True, max_iter=2000,
                              n_iter_no_change=20, random_state=42)",1.0,0.05,squared_error,63,0.02,127,200,FunctionTransformer(func=<function reshape at 0x7f58a4c93e20>),passthrough,"{'first_scale': 'passthrough', 'frequency': FunctionTransformer(func=<function power_phase_stft at 0x7f58a4c934c0>), 'model': HistGradientBoostingRegressor(early_stopping=True, max_iter=2000,
                              n_iter_no_change=20, random_state=42), 'model__l2_regularization': 1.0, 'model__learning_rate': 0.05, 'model__loss': 'squared_error', 'model__max_bins': 63, 'model__max_depth': 10, 'model__max_features': 0.02, 'model__max_leaf_nodes': 127, 'model__min_samples_leaf': 200, 'reshape': FunctionTransformer(func=<function reshape at 0x7f58a4c93e20>), 'second_scale': 'passthrough'}",0.06828088863584525,0.06828088863584525,0.0,1,0.8803577228444264,0.8803577228444264,0.0,10.0,0.9652559822990763,0.3458934476910102
0,3864.2795853614807,0.0,32.82288718223572,0.0,passthrough,power_phase_stft,"HistGradientBoostingRegressor(early_stopping=True, max_iter=2000,
                              n_iter_no_change=20, random_state=42)",0.001,0.05,squared_error,127,0.02,31,200,FunctionTransformer(func=<function reshape at 0x7f58a4c93e20>),passthrough,"{'first_scale': 'passthrough', 'frequency': FunctionTransformer(func=<function power_phase_stft at 0x7f58a4c934c0>), 'model': HistGradientBoostingRegressor(early_stopping=True, max_iter=2000,
                              n_iter_no_change=20, random_state=42), 'model__l2_regularization': 0.001, 'model__learning_rate': 0.05, 'model__loss': 'squared_error', 'model__max_bins': 127, 'model__max_features': 0.02, 'model__max_leaf_nodes': 31, 'model__min_samples_leaf': 200, 'reshape': FunctionTransformer(func=<function reshape at 0x7f58a4c93e20>), 'second_scale': 'passthrough'}",0.07746057830935482,0.07746057830935482,0.0,2,0.5666175831620611,0.5666175831620611,0.0,,0.9604891575081133,0.6583178691467663
1,7217.566591024399,0.0,36.30581712722778,0.0,passthrough,power_phase_stft,"HistGradientBoostingRegressor(early_stopping=True, max_iter=2000,
                              n_iter_no_change=20, random_state=42)",0.05,0.01,squared_error,32,0.01,127,200,FunctionTransformer(func=<function reshape at 0x7f58a4c93e20>),passthrough,"{'first_scale': 'passthrough', 'frequency': FunctionTransformer(func=<function power_phase_stft at 0x7f58a4c934c0>), 'model': HistGradientBoostingRegressor(early_stopping=True, max_iter=2000,
                              n_iter_no_change=20, random_state=42), 'model__l2_regularization': 0.05, 'model__learning_rate': 0.01, 'model__loss': 'squared_error', 'model__max_bins': 32, 'model__max_depth': 6, 'model__max_features': 0.01, 'model__max_leaf_nodes': 127, 'model__min_samples_leaf': 200, 'reshape': FunctionTransformer(func=<function reshape at 0x7f58a4c93e20>), 'second_scale': 'passthrough'}",0.08618486777283563,0.08618486777283563,0.0,1,0.39106822847733513,0.39106822847733513,0.0,6.0,0.9559367825474467,0.7803408047274376
0,2487.6510059833527,0.0,39.01236367225647,0.0,passthrough,power_phase_stft,"HistGradientBoostingRegressor(early_stopping=True, max_iter=2000,
                              n_iter_no_change=20, random_state=42)",0.01,0.1,squared_error,127,0.05,31,400,FunctionTransformer(func=<function reshape at 0x7f58a4c93e20>),passthrough,"{'first_scale': 'passthrough', 'frequency': FunctionTransformer(func=<function power_phase_stft at 0x7f58a4c934c0>), 'model': HistGradientBoostingRegressor(early_stopping=True, max_iter=2000,
                              n_iter_no_change=20, random_state=42), 'model__l2_regularization': 0.01, 'model__learning_rate': 0.1, 'model__loss': 'squared_error', 'model__max_bins': 127, 'model__max_features': 0.05, 'model__max_leaf_nodes': 31, 'model__min_samples_leaf': 400, 'reshape': FunctionTransformer(func=<function reshape at 0x7f58a4c93e20>), 'second_scale': 'passthrough'}",0.06987968149029511,0.06987968149029511,0.0,2,0.46471983666077654,0.46471983666077654,0.0,,0.9644274563230274,0.731628432566165
1,10815.418974637985,0.0,46.3488564491272,0.0,passthrough,power_phase_stft,"HistGradientBoostingRegressor(early_stopping=True, max_iter=2000,
                              n_iter_no_change=20, random_state=42)",5.0,0.01,squared_error,32,0.02,127,200,FunctionTransformer(func=<function reshape at 0x7f58a4c93e20>),passthrough,"{'first_scale': 'passthrough', 'frequency': FunctionTransformer(func=<function power_phase_stft at 0x7f58a4c934c0>), 'model': HistGradientBoostingRegressor(early_stopping=True, max_iter=2000,
                              n_iter_no_change=20, random_state=42), 'model__l2_regularization': 5.0, 'model__learning_rate': 0.01, 'model__loss': 'squared_error', 'model__max_bins': 32, 'model__max_depth': 6, 'model__max_features': 0.02, 'model__max_leaf_nodes': 127, 'model__min_samples_leaf': 200, 'reshape': FunctionTransformer(func=<function reshape at 0x7f58a4c93e20>), 'second_scale': 'passthrough'}",0.08692181231425788,0.08692181231425788,0.0,1,0.4084266190300697,0.4084266190300697,0.0,6.0,0.955551248068748,0.7691380766610962
0,18271.936559915543,0.0,56.033846855163574,0.0,passthrough,power_phase_stft,"HistGradientBoostingRegressor(early_stopping=True, max_iter=2000,
                              n_iter_no_change=20, random_state=42)",1.0,0.02,squared_error,127,0.02,127,800,FunctionTransformer(func=<function reshape at 0x7f58a4c93e20>),passthrough,"{'first_scale': 'passthrough', 'frequency': FunctionTransformer(func=<function power_phase_stft at 0x7f58a4c934c0>), 'model': HistGradientBoostingRegressor(early_stopping=True, max_iter=2000,
                              n_iter_no_change=20, random_state=42), 'model__l2_regularization': 1.0, 'model__learning_rate': 0.02, 'model__loss': 'squared_error', 'model__max_bins': 127, 'model__max_features': 0.02, 'model__max_leaf_nodes': 127, 'model__min_samples_leaf': 800, 'reshape': FunctionTransformer(func=<function reshape at 0x7f58a4c93e20>), 'second_scale': 'passthrough'}",0.08604132876376147,0.08604132876376147,0.0,2,0.6795267950109568,0.6795267950109568,0.0,,0.9560118572675961,0.5661035285078545
1,4254.534309387207,0.0,51.90344429016113,0.0,passthrough,power_phase_stft,"HistGradientBoostingRegressor(early_stopping=True, max_iter=2000,
                              n_iter_no_change=20, random_state=42)",10.0,0.02,squared_error,63,0.01,63,6400,FunctionTransformer(func=<function reshape at 0x7f58a4c93e20>),passthrough,"{'first_scale': 'passthrough', 'frequency': FunctionTransformer(func=<function power_phase_stft at 0x7f58a4c934c0>), 'model': HistGradientBoostingRegressor(early_stopping=True, max_iter=2000,
                              n_iter_no_change=20, random_state=42), 'model__l2_regularization': 10.0, 'model__learning_rate': 0.02, 'model__loss': 'squared_error', 'model__max_bins': 63, 'model__max_features': 0.01, 'model__max_leaf_nodes': 63, 'model__min_samples_leaf': 6400, 'reshape': FunctionTransformer(func=<function reshape at 0x7f58a4c93e20>), 'second_scale': 'passthrough'}",0.08854927560898607,0.08854927560898607,0.0,1,0.20077391924207755,0.20077391924207755,0.0,,0.9546992847965342,0.8939944523082469
0,3693.423100233078,0.0,59.04207992553711,0.0,passthrough,power_phase_stft,"HistGradientBoostingRegressor(early_stopping=True, max_iter=2000,
                              n_iter_no_change=20, random_state=42)",0.01,0.1,squared_error,127,0.02,31,400,FunctionTransformer(func=<function reshape at 0x7f58a4c93e20>),passthrough,"{'first_scale': 'passthrough', 'frequency': FunctionTransformer(func=<function power_phase_stft at 0x7f58a4c934c0>), 'model': HistGradientBoostingRegressor(early_stopping=True, max_iter=2000,
                              n_iter_no_change=20, random_state=42), 'model__l2_regularization': 0.01, 'model__learning_rate': 0.1, 'model__loss': 'squared_error', 'model__max_bins': 127, 'model__max_features': 0.02, 'model__max_leaf_nodes': 31, 'model__min_samples_leaf': 400, 'reshape': FunctionTransformer(func=<function reshape at 0x7f58a4c93e20>), 'second_scale': 'passthrough'}",0.07198394669809205,0.07198394669809205,0.0,2,0.4567638747075301,0.4567638747075301,0.0,,0.9633358984808508,0.737045538140263
1,4035.1149508953094,0.0,63.05960965156555,0.0,passthrough,power_phase_stft,"HistGradientBoostingRegressor(early_stopping=True, max_iter=2000,
                              n_iter_no_change=20, random_state=42)",1.0,0.05,squared_error,63,0.02,127,200,FunctionTransformer(func=<function reshape at 0x7f58a4c93e20>),passthrough,"{'first_scale': 'passthrough', 'frequency': FunctionTransformer(func=<function power_phase_stft at 0x7f58a4c934c0>), 'model': HistGradientBoostingRegressor(early_stopping=True, max_iter=2000,
                              n_iter_no_change=20, random_state=42), 'model__l2_regularization': 1.0, 'model__learning_rate': 0.05, 'model__loss': 'squared_error', 'model__max_bins': 63, 'model__max_depth': 3, 'model__max_features': 0.02, 'model__max_leaf_nodes': 127, 'model__min_samples_leaf': 200, 'reshape': FunctionTransformer(func=<function reshape at 0x7f58a4c93e20>), 'second_scale': 'passthrough'}",0.08286988577643017,0.08286988577643017,0.0,1,0.27507129657797214,0.27507129657797214,0.0,3.0,0.9576691047661346,0.8514274504748058
0,13557.439408540726,0.0,53.76095747947693,0.0,passthrough,power_phase_stft,"HistGradientBoostingRegressor(early_stopping=True, max_iter=2000,
                              n_iter_no_change=20, random_state=42)",0.01,0.1,squared_error,127,0.02,255,400,FunctionTransformer(func=<function reshape at 0x7f58a4c93e20>),passthrough,"{'first_scale': 'passthrough', 'frequency': FunctionTransformer(func=<function power_phase_stft at 0x7f58a4c934c0>), 'model': HistGradientBoostingRegressor(early_stopping=True, max_iter=2000,
                              n_iter_no_change=20, random_state=42), 'model__l2_regularization': 0.01, 'model__learning_rate': 0.1, 'model__loss': 'squared_error', 'model__max_bins': 127, 'model__max_features': 0.02, 'model__max_leaf_nodes': 255, 'model__min_samples_leaf': 400, 'reshape': FunctionTransformer(func=<function reshape at 0x7f58a4c93e20>), 'second_scale': 'passthrough'}",0.049199338876797505,0.049199338876797505,0.0,1,0.8863641047394621,0.8863641047394621,0.0,,0.975090078466191,0.33709923651728707
1,9327.790043354034,0.0,53.22538685798645,0.0,passthrough,power_phase_stft,"HistGradientBoostingRegressor(early_stopping=True, max_iter=2000,
                              n_iter_no_change=20, random_state=42)",1.0,0.1,squared_error,63,0.01,127,200,FunctionTransformer(func=<function reshape at 0x7f58a4c93e20>),passthrough,"{'first_scale': 'passthrough', 'frequency': FunctionTransformer(func=<function power_phase_stft at 0x7f58a4c934c0>), 'model': HistGradientBoostingRegressor(early_stopping=True, max_iter=2000,
                              n_iter_no_change=20, random_state=42), 'model__l2_regularization': 1.0, 'model__learning_rate': 0.1, 'model__loss': 'squared_error', 'model__max_bins': 63, 'model__max_depth': 10, 'model__max_features': 0.01, 'model__max_leaf_nodes': 127, 'model__min_samples_leaf': 200, 'reshape': FunctionTransformer(func=<function reshape at 0x7f58a4c93e20>), 'second_scale': 'passthrough'}",0.045631448709114286,0.045631448709114286,0.0,2,0.8712184783485996,0.8712184783485996,0.0,10.0,0.9769178835966131,0.3588614240224218
0,15617.080914020538,0.0,46.2167067527771,0.0,passthrough,power_phase_stft,"HistGradientBoostingRegressor(early_stopping=True, max_iter=2000,
                              n_iter_no_change=20, random_state=42)",0.001,0.02,squared_error,127,0.05,63,800,FunctionTransformer(func=<function reshape at 0x7f58a4c93e20>),passthrough,"{'first_scale': 'passthrough', 'frequency': FunctionTransformer(func=<function power_phase_stft at 0x7f58a4c934c0>), 'model': HistGradientBoostingRegressor(early_stopping=True, max_iter=2000,
                              n_iter_no_change=20, random_state=42), 'model__l2_regularization': 0.001, 'model__learning_rate': 0.02, 'model__loss': 'squared_error', 'model__max_bins': 127, 'model__max_features': 0.05, 'model__max_leaf_nodes': 63, 'model__min_samples_leaf': 800, 'reshape': FunctionTransformer(func=<function reshape at 0x7f58a4c93e20>), 'second_scale': 'passthrough'}",0.0835856935703051,0.0835856935703051,0.0,1,0.6898232342102901,0.6898232342102901,0.0,,0.9572953078489912,0.5569351540257715
1,1576.228681087494,0.0,36.73701572418213,0.0,passthrough,power_phase_stft,"HistGradientBoostingRegressor(early_stopping=True, max_iter=2000,
                              n_iter_no_change=20, random_state=42)",0.01,0.1,squared_error,32,0.02,127,200,FunctionTransformer(func=<function reshape at 0x7f58a4c93e20>),passthrough,"{'first_scale': 'passthrough', 'frequency': FunctionTransformer(func=<function power_phase_stft at 0x7f58a4c934c0>), 'model': HistGradientBoostingRegressor(early_stopping=True, max_iter=2000,
                              n_iter_no_change=20, random_state=42), 'model__l2_regularization': 0.01, 'model__learning_rate': 0.1, 'model__loss': 'squared_error', 'model__max_bins': 32, 'model__max_depth': 3, 'model__max_features': 0.02, 'model__max_leaf_nodes': 127, 'model__min_samples_leaf': 200, 'reshape': FunctionTransformer(func=<function reshape at 0x7f58a4c93e20>), 'second_scale': 'passthrough'}",0.07789890675540301,0.07789890675540301,0.0,2,0.30995409459041534,0.30995409459041534,0.0,3.0,0.9602609505986365,0.8306900176417101
0,15865.22817325592,0.0,46.206504106521606,0.0,passthrough,power_phase_stft,"HistGradientBoostingRegressor(early_stopping=True, max_iter=2000,
                              n_iter_no_change=20, random_state=42)",0.01,0.02,squared_error,127,0.02,63,50,FunctionTransformer(func=<function reshape at 0x7f58a4c93e20>),passthrough,"{'first_scale': 'passthrough', 'frequency': FunctionTransformer(func=<function power_phase_stft at 0x7f58a4c934c0>), 'model': HistGradientBoostingRegressor(early_stopping=True, max_iter=2000,
                              n_iter_no_change=20, random_state=42), 'model__l2_regularization': 0.01, 'model__learning_rate': 0.02, 'model__loss': 'squared_error', 'model__max_bins': 127, 'model__max_features': 0.02, 'model__max_leaf_nodes': 63, 'model__min_samples_leaf': 50, 'reshape': FunctionTransformer(func=<function reshape at 0x7f58a4c93e20>), 'second_scale': 'passthrough'}",0.08431076166312879,0.08431076166312879,0.0,2,0.7182662484041775,0.7182662484041775,0.0,,0.9569165263160999,0.5307859753194525
1,4286.119562625885,0.0,42.5309693813324,0.0,passthrough,power_phase_stft,"HistGradientBoostingRegressor(early_stopping=True, max_iter=2000,
                              n_iter_no_change=20, random_state=42)",0.1,0.03,squared_error,32,0.02,127,200,FunctionTransformer(func=<function reshape at 0x7f58a4c93e20>),passthrough,"{'first_scale': 'passthrough', 'frequency': FunctionTransformer(func=<function power_phase_stft at 0x7f58a4c934c0>), 'model': HistGradientBoostingRegressor(early_stopping=True, max_iter=2000,
                              n_iter_no_change=20, random_state=42), 'model__l2_regularization': 0.1, 'model__learning_rate': 0.03, 'model__loss': 'squared_error', 'model__max_bins': 32, 'model__max_depth': 3, 'model__max_features': 0.02, 'model__max_leaf_nodes': 127, 'model__min_samples_leaf': 200, 'reshape': FunctionTransformer(func=<function reshape at 0x7f58a4c93e20>), 'second_scale': 'passthrough'}",0.08578354133157373,0.08578354133157373,0.0,1,0.2557093692477269,0.2557093692477269,0.0,3.0,0.9561466721525659,0.8627228006447222
0,2058.9773676395416,0.0,43.72334265708923,0.0,passthrough,power_phase_stft,"HistGradientBoostingRegressor(early_stopping=True, max_iter=2000,
                              n_iter_no_change=20, random_state=42)",0.001,0.1,squared_error,127,0.02,31,800,FunctionTransformer(func=<function reshape at 0x7f58a4c93e20>),passthrough,"{'first_scale': 'passthrough', 'frequency': FunctionTransformer(func=<function power_phase_stft at 0x7f58a4c934c0>), 'model': HistGradientBoostingRegressor(early_stopping=True, max_iter=2000,
                              n_iter_no_change=20, random_state=42), 'model__l2_regularization': 0.001, 'model__learning_rate': 0.1, 'model__loss': 'squared_error', 'model__max_bins': 127, 'model__max_features': 0.02, 'model__max_leaf_nodes': 31, 'model__min_samples_leaf': 800, 'reshape': FunctionTransformer(func=<function reshape at 0x7f58a4c93e20>), 'second_scale': 'passthrough'}",0.07262180071603552,0.07262180071603552,0.0,2,0.3877617297636613,0.3877617297636613,0.0,,0.9630047763557378,0.7824565612456316
1,4309.80188536644,0.0,45.824177503585815,0.0,passthrough,power_phase_stft,"HistGradientBoostingRegressor(early_stopping=True, max_iter=2000,
                              n_iter_no_change=20, random_state=42)",0.05,0.05,squared_error,63,0.01,127,200,FunctionTransformer(func=<function reshape at 0x7f58a4c93e20>),passthrough,"{'first_scale': 'passthrough', 'frequency': FunctionTransformer(func=<function power_phase_stft at 0x7f58a4c934c0>), 'model': HistGradientBoostingRegressor(early_stopping=True, max_iter=2000,
                              n_iter_no_change=20, random_state=42), 'model__l2_regularization': 0.05, 'model__learning_rate': 0.05, 'model__loss': 'squared_error', 'model__max_bins': 63, 'model__max_depth': 6, 'model__max_features': 0.01, 'model__max_leaf_nodes': 127, 'model__min_samples_leaf': 200, 'reshape': FunctionTransformer(func=<function reshape at 0x7f58a4c93e20>), 'second_scale': 'passthrough'}",0.08061487804881351,0.08061487804881351,0.0,1,0.5379665400144626,0.5379665400144626,0.0,6.0,0.9588457237487095,0.6797304318518756
0,4947.478432893753,0.0,50.658198833465576,0.0,passthrough,power_phase_stft,"HistGradientBoostingRegressor(early_stopping=True, max_iter=2000,
                              n_iter_no_change=20, random_state=42)",0.0,0.1,squared_error,127,0.02,63,400,FunctionTransformer(func=<function reshape at 0x7f58a4c93e20>),passthrough,"{'first_scale': 'passthrough', 'frequency': FunctionTransformer(func=<function power_phase_stft at 0x7f58a4c934c0>), 'model': HistGradientBoostingRegressor(early_stopping=True, max_iter=2000,
                              n_iter_no_change=20, random_state=42), 'model__l2_regularization': 0.0, 'model__learning_rate': 0.1, 'model__loss': 'squared_error', 'model__max_bins': 127, 'model__max_features': 0.02, 'model__max_leaf_nodes': 63, 'model__min_samples_leaf': 400, 'reshape': FunctionTransformer(func=<function reshape at 0x7f58a4c93e20>), 'second_scale': 'passthrough'}",0.058767096514450556,0.058767096514450556,0.0,1,0.7287501091051338,0.7287501091051338,0.0,,0.9701715845589116,0.5208165616557006
1,3697.1241052150726,0.0,43.05782127380371,0.0,passthrough,power_phase_stft,"HistGradientBoostingRegressor(early_stopping=True, max_iter=2000,
                              n_iter_no_change=20, random_state=42)",1.0,0.1,squared_error,127,0.05,63,400,FunctionTransformer(func=<function reshape at 0x7f58a4c93e20>),passthrough,"{'first_scale': 'passthrough', 'frequency': FunctionTransformer(func=<function power_phase_stft at 0x7f58a4c934c0>), 'model': HistGradientBoostingRegressor(early_stopping=True, max_iter=2000,
                              n_iter_no_change=20, random_state=42), 'model__l2_regularization': 1.0, 'model__learning_rate': 0.1, 'model__loss': 'squared_error', 'model__max_bins': 127, 'model__max_features': 0.05, 'model__max_leaf_nodes': 63, 'model__min_samples_leaf': 400, 'reshape': FunctionTransformer(func=<function reshape at 0x7f58a4c93e20>), 'second_scale': 'passthrough'}",0.0569742392050655,0.0569742392050655,0.0,2,0.6572918669777527,0.6572918669777527,0.0,,0.9710951347807971,0.5854127885708061
0,5116.659745454788,0.0,46.718097448349,0.0,passthrough,power_phase_stft,"HistGradientBoostingRegressor(early_stopping=True, max_iter=2000,
                              n_iter_no_change=20, random_state=42)",0.001,0.1,squared_error,127,0.05,127,800,FunctionTransformer(func=<function reshape at 0x7f58a4c93e20>),passthrough,"{'first_scale': 'passthrough', 'frequency': FunctionTransformer(func=<function power_phase_stft at 0x7f58a4c934c0>), 'model': HistGradientBoostingRegressor(early_stopping=True, max_iter=2000,
                              n_iter_no_change=20, random_state=42), 'model__l2_regularization': 0.001, 'model__learning_rate': 0.1, 'model__loss': 'squared_error', 'model__max_bins': 127, 'model__max_features': 0.05, 'model__max_leaf_nodes': 127, 'model__min_samples_leaf': 800, 'reshape': FunctionTransformer(func=<function reshape at 0x7f58a4c93e20>), 'second_scale': 'passthrough'}",0.06264586487808055,0.06264586487808055,0.0,2,0.7268404209968239,0.7268404209968239,0.0,,0.9681705093225673,0.5226467057230688
1,11803.833822011948,0.0,55.40810513496399,0.0,passthrough,power_phase_stft,"HistGradientBoostingRegressor(early_stopping=True, max_iter=2000,
                              n_iter_no_change=20, random_state=42)",0.1,0.02,squared_error,32,0.01,127,200,FunctionTransformer(func=<function reshape at 0x7f58a4c93e20>),passthrough,"{'first_scale': 'passthrough', 'frequency': FunctionTransformer(func=<function power_phase_stft at 0x7f58a4c934c0>), 'model': HistGradientBoostingRegressor(early_stopping=True, max_iter=2000,
                              n_iter_no_change=20, random_state=42), 'model__l2_regularization': 0.1, 'model__learning_rate': 0.02, 'model__loss': 'squared_error', 'model__max_bins': 32, 'model__max_depth': 6, 'model__max_features': 0.01, 'model__max_leaf_nodes': 127, 'model__min_samples_leaf': 200, 'reshape': FunctionTransformer(func=<function reshape at 0x7f58a4c93e20>), 'second_scale': 'passthrough'}",0.08479208424442919,0.08479208424442919,0.0,1,0.5483803723919631,0.5483803723919631,0.0,6.0,0.9566649966187594,0.6720265081141047
0,7176.2735278606415,0.0,47.716915130615234,0.0,passthrough,power_phase_stft,"HistGradientBoostingRegressor(early_stopping=True, max_iter=2000,
                              n_iter_no_change=20, random_state=42)",0.1,0.1,squared_error,127,0.05,255,200,FunctionTransformer(func=<function reshape at 0x7f58a4c93e20>),passthrough,"{'first_scale': 'passthrough', 'frequency': FunctionTransformer(func=<function power_phase_stft at 0x7f58a4c934c0>), 'model': HistGradientBoostingRegressor(early_stopping=True, max_iter=2000,
                              n_iter_no_change=20, random_state=42), 'model__l2_regularization': 0.1, 'model__learning_rate': 0.1, 'model__loss': 'squared_error', 'model__max_bins': 127, 'model__max_features': 0.05, 'model__max_leaf_nodes': 255, 'model__min_samples_leaf': 200, 'reshape': FunctionTransformer(func=<function reshape at 0x7f58a4c93e20>), 'second_scale': 'passthrough'}",0.03988369681204085,0.03988369681204085,0.0,2,0.894576037248179,0.894576037248179,0.0,,0.9798552460378824,0.32469056461779267
1,9291.633083820343,0.0,50.98866820335388,0.0,passthrough,power_phase_stft,"HistGradientBoostingRegressor(early_stopping=True, max_iter=2000,
                              n_iter_no_change=20, random_state=42)",5.0,0.02,squared_error,63,0.01,127,1600,FunctionTransformer(func=<function reshape at 0x7f58a4c93e20>),passthrough,"{'first_scale': 'passthrough', 'frequency': FunctionTransformer(func=<function power_phase_stft at 0x7f58a4c934c0>), 'model': HistGradientBoostingRegressor(early_stopping=True, max_iter=2000,
                              n_iter_no_change=20, random_state=42), 'model__l2_regularization': 5.0, 'model__learning_rate': 0.02, 'model__loss': 'squared_error', 'model__max_bins': 63, 'model__max_features': 0.01, 'model__max_leaf_nodes': 127, 'model__min_samples_leaf': 1600, 'reshape': FunctionTransformer(func=<function reshape at 0x7f58a4c93e20>), 'second_scale': 'passthrough'}",0.08899441491741722,0.08899441491741722,0.0,1,0.4516351144124635,0.4516351144124635,0.0,,0.9544661256862826,0.7405166342409443
0,5507.504324436188,0.0,42.03077697753906,0.0,passthrough,power_phase_stft,"HistGradientBoostingRegressor(early_stopping=True, max_iter=2000,
                              n_iter_no_change=20, random_state=42)",0.1,0.05,squared_error,127,0.05,31,400,FunctionTransformer(func=<function reshape at 0x7f58a4c93e20>),passthrough,"{'first_scale': 'passthrough', 'frequency': FunctionTransformer(func=<function power_phase_stft at 0x7f58a4c934c0>), 'model': HistGradientBoostingRegressor(early_stopping=True, max_iter=2000,
                              n_iter_no_change=20, random_state=42), 'model__l2_regularization': 0.1, 'model__learning_rate': 0.05, 'model__loss': 'squared_error', 'model__max_bins': 127, 'model__max_features': 0.05, 'model__max_leaf_nodes': 31, 'model__min_samples_leaf': 400, 'reshape': FunctionTransformer(func=<function reshape at 0x7f58a4c93e20>), 'second_scale': 'passthrough'}",0.07984012634982562,0.07984012634982562,0.0,2,0.5715987894570145,0.5715987894570145,0.0,,0.9592496409434691,0.6545236516299358
1,6654.7663741111755,0.0,44.253990173339844,0.0,passthrough,power_phase_stft,"HistGradientBoostingRegressor(early_stopping=True, max_iter=2000,
                              n_iter_no_change=20, random_state=42)",0.5,0.01,squared_error,63,0.01,63,3200,FunctionTransformer(func=<function reshape at 0x7f58a4c93e20>),passthrough,"{'first_scale': 'passthrough', 'frequency': FunctionTransformer(func=<function power_phase_stft at 0x7f58a4c934c0>), 'model': HistGradientBoostingRegressor(early_stopping=True, max_iter=2000,
                              n_iter_no_change=20, random_state=42), 'model__l2_regularization': 0.5, 'model__learning_rate': 0.01, 'model__loss': 'squared_error', 'model__max_bins': 63, 'model__max_features': 0.01, 'model__max_leaf_nodes': 63, 'model__min_samples_leaf': 3200, 'reshape': FunctionTransformer(func=<function reshape at 0x7f58a4c93e20>), 'second_scale': 'passthrough'}",0.08573762873845492,0.08573762873845492,0.0,1,0.2070637272937882,0.2070637272937882,0.0,,0.9561706810300895,0.8904696921884606
0,12768.132432222366,0.0,48.12849998474121,0.0,passthrough,power_phase_stft,"HistGradientBoostingRegressor(early_stopping=True, max_iter=2000,
                              n_iter_no_change=20, random_state=42)",0.1,0.05,squared_error,127,0.02,63,800,FunctionTransformer(func=<function reshape at 0x7f58a4c93e20>),passthrough,"{'first_scale': 'passthrough', 'frequency': FunctionTransformer(func=<function power_phase_stft at 0x7f58a4c934c0>), 'model': HistGradientBoostingRegressor(early_stopping=True, max_iter=2000,
                              n_iter_no_change=20, random_state=42), 'model__l2_regularization': 0.1, 'model__learning_rate': 0.05, 'model__loss': 'squared_error', 'model__max_bins': 127, 'model__max_features': 0.02, 'model__max_leaf_nodes': 63, 'model__min_samples_leaf': 800, 'reshape': FunctionTransformer(func=<function reshape at 0x7f58a4c93e20>), 'second_scale': 'passthrough'}",0.0702967345153026,0.0702967345153026,0.0,2,0.8001089274962859,0.8001089274962859,0.0,,0.9642112141458932,0.4470917942701634
1,5327.314056634903,0.0,42.999794483184814,0.0,passthrough,power_phase_stft,"HistGradientBoostingRegressor(early_stopping=True, max_iter=2000,
                              n_iter_no_change=20, random_state=42)",0.1,0.01,squared_error,63,0.01,127,6400,FunctionTransformer(func=<function reshape at 0x7f58a4c93e20>),passthrough,"{'first_scale': 'passthrough', 'frequency': FunctionTransformer(func=<function power_phase_stft at 0x7f58a4c934c0>), 'model': HistGradientBoostingRegressor(early_stopping=True, max_iter=2000,
                              n_iter_no_change=20, random_state=42), 'model__l2_regularization': 0.1, 'model__learning_rate': 0.01, 'model__loss': 'squared_error', 'model__max_bins': 63, 'model__max_features': 0.01, 'model__max_leaf_nodes': 127, 'model__min_samples_leaf': 6400, 'reshape': FunctionTransformer(func=<function reshape at 0x7f58a4c93e20>), 'second_scale': 'passthrough'}",0.07981874042932624,0.07981874042932624,0.0,1,0.1471305466038515,0.1471305466038515,0.0,,0.95926078809189,0.9235093141902514
0,6531.794235944748,0.0,43.02994918823242,0.0,passthrough,power_phase_stft,"HistGradientBoostingRegressor(early_stopping=True, max_iter=2000,
                              n_iter_no_change=20, random_state=42)",0.0,0.05,squared_error,127,0.05,31,100,FunctionTransformer(func=<function reshape at 0x7f58a4c93e20>),passthrough,"{'first_scale': 'passthrough', 'frequency': FunctionTransformer(func=<function power_phase_stft at 0x7f58a4c934c0>), 'model': HistGradientBoostingRegressor(early_stopping=True, max_iter=2000,
                              n_iter_no_change=20, random_state=42), 'model__l2_regularization': 0.0, 'model__learning_rate': 0.05, 'model__loss': 'squared_error', 'model__max_bins': 127, 'model__max_features': 0.05, 'model__max_leaf_nodes': 31, 'model__min_samples_leaf': 100, 'reshape': FunctionTransformer(func=<function reshape at 0x7f58a4c93e20>), 'second_scale': 'passthrough'}",0.07545996230993124,0.07545996230993124,0.0,1,0.6447746547187752,0.6447746547187752,0.0,,0.9615300503312774,0.5960078399494632
1,2698.0819294452667,0.0,38.37660336494446,0.0,passthrough,power_phase_stft,"HistGradientBoostingRegressor(early_stopping=True, max_iter=2000,
                              n_iter_no_change=20, random_state=42)",1.0,0.1,squared_error,127,0.02,31,100,FunctionTransformer(func=<function reshape at 0x7f58a4c93e20>),passthrough,"{'first_scale': 'passthrough', 'frequency': FunctionTransformer(func=<function power_phase_stft at 0x7f58a4c934c0>), 'model': HistGradientBoostingRegressor(early_stopping=True, max_iter=2000,
                              n_iter_no_change=20, random_state=42), 'model__l2_regularization': 1.0, 'model__learning_rate': 0.1, 'model__loss': 'squared_error', 'model__max_bins': 127, 'model__max_features': 0.02, 'model__max_leaf_nodes': 31, 'model__min_samples_leaf': 100, 'reshape': FunctionTransformer(func=<function reshape at 0x7f58a4c93e20>), 'second_scale': 'passthrough'}",0.06344729194184728,0.06344729194184728,0.0,2,0.5436244730342739,0.5436244730342739,0.0,,0.9677565334618788,0.6755557171438387
0,6724.005355596542,0.0,48.14261507987976,0.0,passthrough,power_phase_stft,"HistGradientBoostingRegressor(early_stopping=True, max_iter=2000,
                              n_iter_no_change=20, random_state=42)",0.001,0.05,squared_error,127,0.02,31,400,FunctionTransformer(func=<function reshape at 0x7f58a4c93e20>),passthrough,"{'first_scale': 'passthrough', 'frequency': FunctionTransformer(func=<function power_phase_stft at 0x7f58a4c934c0>), 'model': HistGradientBoostingRegressor(early_stopping=True, max_iter=2000,
                              n_iter_no_change=20, random_state=42), 'model__l2_regularization': 0.001, 'model__learning_rate': 0.05, 'model__loss': 'squared_error', 'model__max_bins': 127, 'model__max_features': 0.02, 'model__max_leaf_nodes': 31, 'model__min_samples_leaf': 400, 'reshape': FunctionTransformer(func=<function reshape at 0x7f58a4c93e20>), 'second_scale': 'passthrough'}",0.07976236438945672,0.07976236438945672,0.0,2,0.5772515883176215,0.5772515883176215,0.0,,0.959290172789518,0.6501910578302185
1,11047.71611213684,0.0,50.67790770530701,0.0,passthrough,power_phase_stft,"HistGradientBoostingRegressor(early_stopping=True, max_iter=2000,
                              n_iter_no_change=20, random_state=42)",0.05,0.01,squared_error,32,0.02,127,200,FunctionTransformer(func=<function reshape at 0x7f58a4c93e20>),passthrough,"{'first_scale': 'passthrough', 'frequency': FunctionTransformer(func=<function power_phase_stft at 0x7f58a4c934c0>), 'model': HistGradientBoostingRegressor(early_stopping=True, max_iter=2000,
                              n_iter_no_change=20, random_state=42), 'model__l2_regularization': 0.05, 'model__learning_rate': 0.01, 'model__loss': 'squared_error', 'model__max_bins': 32, 'model__max_depth': 6, 'model__max_features': 0.02, 'model__max_leaf_nodes': 127, 'model__min_samples_leaf': 200, 'reshape': FunctionTransformer(func=<function reshape at 0x7f58a4c93e20>), 'second_scale': 'passthrough'}",0.08538591451601085,0.08538591451601085,0.0,1,0.40958981514861437,0.40958981514861437,0.0,6.0,0.9563545814623304,0.7683815359906728
0,6430.29395532608,0.0,39.15865993499756,0.0,passthrough,power_phase_stft,"HistGradientBoostingRegressor(early_stopping=True, max_iter=2000,
                              n_iter_no_change=20, random_state=42)",0.0,0.1,squared_error,127,0.05,127,800,FunctionTransformer(func=<function reshape at 0x7f58a4c93e20>),passthrough,"{'first_scale': 'passthrough', 'frequency': FunctionTransformer(func=<function power_phase_stft at 0x7f58a4c934c0>), 'model': HistGradientBoostingRegressor(early_stopping=True, max_iter=2000,
                              n_iter_no_change=20, random_state=42), 'model__l2_regularization': 0.0, 'model__learning_rate': 0.1, 'model__loss': 'squared_error', 'model__max_bins': 127, 'model__max_features': 0.05, 'model__max_leaf_nodes': 127, 'model__min_samples_leaf': 800, 'reshape': FunctionTransformer(func=<function reshape at 0x7f58a4c93e20>), 'second_scale': 'passthrough'}",0.04868858760674055,0.04868858760674055,0.0,2,0.8514787117957756,0.8514787117957756,0.0,,0.975351942835641,0.38538459777762835
1,8047.120617866516,0.0,39.31111788749695,0.0,passthrough,power_phase_stft,"HistGradientBoostingRegressor(early_stopping=True, max_iter=2000,
                              n_iter_no_change=20, random_state=42)",0.01,0.02,squared_error,32,0.01,127,200,FunctionTransformer(func=<function reshape at 0x7f58a4c93e20>),passthrough,"{'first_scale': 'passthrough', 'frequency': FunctionTransformer(func=<function power_phase_stft at 0x7f58a4c934c0>), 'model': HistGradientBoostingRegressor(early_stopping=True, max_iter=2000,
                              n_iter_no_change=20, random_state=42), 'model__l2_regularization': 0.01, 'model__learning_rate': 0.02, 'model__loss': 'squared_error', 'model__max_bins': 32, 'model__max_depth': 6, 'model__max_features': 0.01, 'model__max_leaf_nodes': 127, 'model__min_samples_leaf': 200, 'reshape': FunctionTransformer(func=<function reshape at 0x7f58a4c93e20>), 'second_scale': 'passthrough'}",0.08561460277442634,0.08561460277442634,0.0,1,0.548671060568019,0.548671060568019,0.0,6.0,0.9562350115037483,0.6718101959869179
0,10765.043638706207,0.0,43.30177640914917,0.0,passthrough,power_phase_stft,"HistGradientBoostingRegressor(early_stopping=True, max_iter=2000,
                              n_iter_no_change=20, random_state=42)",0.0,0.02,squared_error,127,0.02,31,100,FunctionTransformer(func=<function reshape at 0x7f58a4c93e20>),passthrough,"{'first_scale': 'passthrough', 'frequency': FunctionTransformer(func=<function power_phase_stft at 0x7f58a4c934c0>), 'model': HistGradientBoostingRegressor(early_stopping=True, max_iter=2000,
                              n_iter_no_change=20, random_state=42), 'model__l2_regularization': 0.0, 'model__learning_rate': 0.02, 'model__loss': 'squared_error', 'model__max_bins': 127, 'model__max_features': 0.02, 'model__max_leaf_nodes': 31, 'model__min_samples_leaf': 100, 'reshape': FunctionTransformer(func=<function reshape at 0x7f58a4c93e20>), 'second_scale': 'passthrough'}",0.08600289037173958,0.08600289037173958,0.0,2,0.5123892111453348,0.5123892111453348,0.0,,0.9560319605684009,0.6982913352281162
1,10637.42106127739,0.0,43.87940454483032,0.0,passthrough,power_phase_stft,"HistGradientBoostingRegressor(early_stopping=True, max_iter=2000,
                              n_iter_no_change=20, random_state=42)",1.0,0.02,squared_error,127,0.05,31,100,FunctionTransformer(func=<function reshape at 0x7f58a4c93e20>),passthrough,"{'first_scale': 'passthrough', 'frequency': FunctionTransformer(func=<function power_phase_stft at 0x7f58a4c934c0>), 'model': HistGradientBoostingRegressor(early_stopping=True, max_iter=2000,
                              n_iter_no_change=20, random_state=42), 'model__l2_regularization': 1.0, 'model__learning_rate': 0.02, 'model__loss': 'squared_error', 'model__max_bins': 127, 'model__max_features': 0.05, 'model__max_leaf_nodes': 31, 'model__min_samples_leaf': 100, 'reshape': FunctionTransformer(func=<function reshape at 0x7f58a4c93e20>), 'second_scale': 'passthrough'}",0.088349616090174,0.088349616090174,0.0,1,0.5344956087527066,0.5344956087527066,0.0,,0.9548038457766213,0.6822788222180821
0,11233.826558113098,0.0,52.14553380012512,0.0,passthrough,power_phase_stft,"HistGradientBoostingRegressor(early_stopping=True, max_iter=2000,
                              n_iter_no_change=20, random_state=42)",0.01,0.02,squared_error,127,0.02,31,800,FunctionTransformer(func=<function reshape at 0x7f58a4c93e20>),passthrough,"{'first_scale': 'passthrough', 'frequency': FunctionTransformer(func=<function power_phase_stft at 0x7f58a4c934c0>), 'model': HistGradientBoostingRegressor(early_stopping=True, max_iter=2000,
                              n_iter_no_change=20, random_state=42), 'model__l2_regularization': 0.01, 'model__learning_rate': 0.02, 'model__loss': 'squared_error', 'model__max_bins': 127, 'model__max_features': 0.02, 'model__max_leaf_nodes': 31, 'model__min_samples_leaf': 800, 'reshape': FunctionTransformer(func=<function reshape at 0x7f58a4c93e20>), 'second_scale': 'passthrough'}",0.08828744094153496,0.08828744094153496,0.0,1,0.48411333240707843,0.48411333240707843,0.0,,0.9548364043428932,0.7182525096321777
1,3865.7573895454407,0.0,43.770596742630005,0.0,passthrough,power_phase_stft,"HistGradientBoostingRegressor(early_stopping=True, max_iter=2000,
                              n_iter_no_change=20, random_state=42)",0.1,0.03,squared_error,32,0.01,127,200,FunctionTransformer(func=<function reshape at 0x7f58a4c93e20>),passthrough,"{'first_scale': 'passthrough', 'frequency': FunctionTransformer(func=<function power_phase_stft at 0x7f58a4c934c0>), 'model': HistGradientBoostingRegressor(early_stopping=True, max_iter=2000,
                              n_iter_no_change=20, random_state=42), 'model__l2_regularization': 0.1, 'model__learning_rate': 0.03, 'model__loss': 'squared_error', 'model__max_bins': 32, 'model__max_depth': 3, 'model__max_features': 0.01, 'model__max_leaf_nodes': 127, 'model__min_samples_leaf': 200, 'reshape': FunctionTransformer(func=<function reshape at 0x7f58a4c93e20>), 'second_scale': 'passthrough'}",0.08460272183790984,0.08460272183790984,0.0,2,0.2465368513756837,0.2465368513756837,0.0,3.0,0.956763961571552,0.8680225507579375
0,2656.3004229068756,0.0,24.663660287857056,0.0,passthrough,power_phase_stft,"HistGradientBoostingRegressor(early_stopping=True, max_iter=2000,
                              n_iter_no_change=20, random_state=42)",0.001,0.1,squared_error,127,0.05,63,400,FunctionTransformer(func=<function reshape at 0x7f58a4c93e20>),passthrough,"{'first_scale': 'passthrough', 'frequency': FunctionTransformer(func=<function power_phase_stft at 0x7f58a4c934c0>), 'model': HistGradientBoostingRegressor(early_stopping=True, max_iter=2000,
                              n_iter_no_change=20, random_state=42), 'model__l2_regularization': 0.001, 'model__learning_rate': 0.1, 'model__loss': 'squared_error', 'model__max_bins': 127, 'model__max_features': 0.05, 'model__max_leaf_nodes': 63, 'model__min_samples_leaf': 400, 'reshape': FunctionTransformer(func=<function reshape at 0x7f58a4c93e20>), 'second_scale': 'passthrough'}",0.05955069271064828,0.05955069271064828,0.0,2,0.6898123051108016,0.6898123051108016,0.0,,0.969767656343184,0.5569449657634032
1,7403.37081694603,0.0,28.68039298057556,0.0,passthrough,power_phase_stft,"HistGradientBoostingRegressor(early_stopping=True, max_iter=2000,
                              n_iter_no_change=20, random_state=42)",0.1,0.01,squared_error,63,0.01,127,200,FunctionTransformer(func=<function reshape at 0x7f58a4c93e20>),passthrough,"{'first_scale': 'passthrough', 'frequency': FunctionTransformer(func=<function power_phase_stft at 0x7f58a4c934c0>), 'model': HistGradientBoostingRegressor(early_stopping=True, max_iter=2000,
                              n_iter_no_change=20, random_state=42), 'model__l2_regularization': 0.1, 'model__learning_rate': 0.01, 'model__loss': 'squared_error', 'model__max_bins': 63, 'model__max_depth': 6, 'model__max_features': 0.01, 'model__max_leaf_nodes': 127, 'model__min_samples_leaf': 200, 'reshape': FunctionTransformer(func=<function reshape at 0x7f58a4c93e20>), 'second_scale': 'passthrough'}",0.08595013300429433,0.08595013300429433,0.0,1,0.39123539504814586,0.39123539504814586,0.0,6.0,0.956059552013213,0.7802336861170851
0,5565.238126039505,0.0,59.3524603843689,0.0,passthrough,power_phase_stft,"HistGradientBoostingRegressor(early_stopping=True, max_iter=2000,
                              n_iter_no_change=20, random_state=42)",0.01,0.1,squared_error,127,0.05,63,800,FunctionTransformer(func=<function reshape at 0x7f58a4c93e20>),passthrough,"{'first_scale': 'passthrough', 'frequency': FunctionTransformer(func=<function power_phase_stft at 0x7f58a4c934c0>), 'model': HistGradientBoostingRegressor(early_stopping=True, max_iter=2000,
                              n_iter_no_change=20, random_state=42), 'model__l2_regularization': 0.01, 'model__learning_rate': 0.1, 'model__loss': 'squared_error', 'model__max_bins': 127, 'model__max_features': 0.05, 'model__max_leaf_nodes': 63, 'model__min_samples_leaf': 800, 'reshape': FunctionTransformer(func=<function reshape at 0x7f58a4c93e20>), 'second_scale': 'passthrough'}",0.054412958678531465,0.054412958678531465,0.0,2,0.7054297602515411,0.7054297602515411,0.0,,0.9724129993585383,0.5427432539870568
1,12761.553899288177,0.0,54.75179600715637,0.0,passthrough,power_phase_stft,"HistGradientBoostingRegressor(early_stopping=True, max_iter=2000,
                              n_iter_no_change=20, random_state=42)",5.0,0.01,squared_error,63,0.02,127,200,FunctionTransformer(func=<function reshape at 0x7f58a4c93e20>),passthrough,"{'first_scale': 'passthrough', 'frequency': FunctionTransformer(func=<function power_phase_stft at 0x7f58a4c934c0>), 'model': HistGradientBoostingRegressor(early_stopping=True, max_iter=2000,
                              n_iter_no_change=20, random_state=42), 'model__l2_regularization': 5.0, 'model__learning_rate': 0.01, 'model__loss': 'squared_error', 'model__max_bins': 63, 'model__max_depth': 6, 'model__max_features': 0.02, 'model__max_leaf_nodes': 127, 'model__min_samples_leaf': 200, 'reshape': FunctionTransformer(func=<function reshape at 0x7f58a4c93e20>), 'second_scale': 'passthrough'}",0.08617105358291999,0.08617105358291999,0.0,1,0.40784043077837695,0.40784043077837695,0.0,6.0,0.9559440079926648,0.7695190505904471
0,23790.714939832687,0.0,46.67126250267029,0.0,passthrough,power_phase_stft,"HistGradientBoostingRegressor(early_stopping=True, max_iter=2000,
                              n_iter_no_change=20, random_state=42)",0.001,0.05,squared_error,127,0.02,255,400,FunctionTransformer(func=<function reshape at 0x7f58a4c93e20>),passthrough,"{'first_scale': 'passthrough', 'frequency': FunctionTransformer(func=<function power_phase_stft at 0x7f58a4c934c0>), 'model': HistGradientBoostingRegressor(early_stopping=True, max_iter=2000,
                              n_iter_no_change=20, random_state=42), 'model__l2_regularization': 0.001, 'model__learning_rate': 0.05, 'model__loss': 'squared_error', 'model__max_bins': 127, 'model__max_features': 0.02, 'model__max_leaf_nodes': 255, 'model__min_samples_leaf': 400, 'reshape': FunctionTransformer(func=<function reshape at 0x7f58a4c93e20>), 'second_scale': 'passthrough'}",0.06600848116894009,0.06600848116894009,0.0,2,0.9092807681589123,0.9092807681589123,0.0,,0.9664323664028746,0.3011963343752504
1,3609.350998401642,0.0,37.95946931838989,0.0,passthrough,power_phase_stft,"HistGradientBoostingRegressor(early_stopping=True, max_iter=2000,
                              n_iter_no_change=20, random_state=42)",0.05,0.02,squared_error,63,0.01,127,200,FunctionTransformer(func=<function reshape at 0x7f58a4c93e20>),passthrough,"{'first_scale': 'passthrough', 'frequency': FunctionTransformer(func=<function power_phase_stft at 0x7f58a4c934c0>), 'model': HistGradientBoostingRegressor(early_stopping=True, max_iter=2000,
                              n_iter_no_change=20, random_state=42), 'model__l2_regularization': 0.05, 'model__learning_rate': 0.02, 'model__loss': 'squared_error', 'model__max_bins': 63, 'model__max_depth': 3, 'model__max_features': 0.01, 'model__max_leaf_nodes': 127, 'model__min_samples_leaf': 200, 'reshape': FunctionTransformer(func=<function reshape at 0x7f58a4c93e20>), 'second_scale': 'passthrough'}",0.08434557426390421,0.08434557426390421,0.0,1,0.2067819135031762,0.2067819135031762,0.0,3.0,0.9568983361549417,0.8906279169758962
0,13240.735917568207,0.0,36.02736735343933,0.0,passthrough,power_phase_stft,"HistGradientBoostingRegressor(early_stopping=True, max_iter=2000,
                              n_iter_no_change=20, random_state=42)",0.0,0.05,squared_error,127,0.02,255,100,FunctionTransformer(func=<function reshape at 0x7f58a4c93e20>),passthrough,"{'first_scale': 'passthrough', 'frequency': FunctionTransformer(func=<function power_phase_stft at 0x7f58a4c934c0>), 'model': HistGradientBoostingRegressor(early_stopping=True, max_iter=2000,
                              n_iter_no_change=20, random_state=42), 'model__l2_regularization': 0.0, 'model__learning_rate': 0.05, 'model__loss': 'squared_error', 'model__max_bins': 127, 'model__max_features': 0.02, 'model__max_leaf_nodes': 255, 'model__min_samples_leaf': 100, 'reshape': FunctionTransformer(func=<function reshape at 0x7f58a4c93e20>), 'second_scale': 'passthrough'}",0.06800313350663345,0.06800313350663345,0.0,1,0.912431107831916,0.912431107831916,0.0,,0.9653998479870227,0.2959204152607318
1,12311.117149591446,0.0,35.63375210762024,0.0,passthrough,power_phase_stft,"HistGradientBoostingRegressor(early_stopping=True, max_iter=2000,
                              n_iter_no_change=20, random_state=42)",1.0,0.05,squared_error,127,0.05,255,100,FunctionTransformer(func=<function reshape at 0x7f58a4c93e20>),passthrough,"{'first_scale': 'passthrough', 'frequency': FunctionTransformer(func=<function power_phase_stft at 0x7f58a4c934c0>), 'model': HistGradientBoostingRegressor(early_stopping=True, max_iter=2000,
                              n_iter_no_change=20, random_state=42), 'model__l2_regularization': 1.0, 'model__learning_rate': 0.05, 'model__loss': 'squared_error', 'model__max_bins': 127, 'model__max_features': 0.05, 'model__max_leaf_nodes': 255, 'model__min_samples_leaf': 100, 'reshape': FunctionTransformer(func=<function reshape at 0x7f58a4c93e20>), 'second_scale': 'passthrough'}",0.06547993962804044,0.06547993962804044,0.0,2,0.9112339899035334,0.9112339899035334,0.0,,0.9667057775621078,0.29793625173259225
0,7989.361883163452,0.0,50.4782931804657,0.0,passthrough,power_phase_stft,"HistGradientBoostingRegressor(early_stopping=True, max_iter=2000,
                              n_iter_no_change=20, random_state=42)",0.0,0.05,squared_error,127,0.02,63,800,FunctionTransformer(func=<function reshape at 0x7f58a4c93e20>),passthrough,"{'first_scale': 'passthrough', 'frequency': FunctionTransformer(func=<function power_phase_stft at 0x7f58a4c934c0>), 'model': HistGradientBoostingRegressor(early_stopping=True, max_iter=2000,
                              n_iter_no_change=20, random_state=42), 'model__l2_regularization': 0.0, 'model__learning_rate': 0.05, 'model__loss': 'squared_error', 'model__max_bins': 127, 'model__max_features': 0.02, 'model__max_leaf_nodes': 63, 'model__min_samples_leaf': 800, 'reshape': FunctionTransformer(func=<function reshape at 0x7f58a4c93e20>), 'second_scale': 'passthrough'}",0.07536026283343855,0.07536026283343855,0.0,1,0.6671349120771635,0.6671349120771635,0.0,,0.9615818931149658,0.5769446142593209
1,14413.821609020233,0.0,53.78550624847412,0.0,passthrough,power_phase_stft,"HistGradientBoostingRegressor(early_stopping=True, max_iter=2000,
                              n_iter_no_change=20, random_state=42)",1.0,0.05,squared_error,127,0.05,63,800,FunctionTransformer(func=<function reshape at 0x7f58a4c93e20>),passthrough,"{'first_scale': 'passthrough', 'frequency': FunctionTransformer(func=<function power_phase_stft at 0x7f58a4c934c0>), 'model': HistGradientBoostingRegressor(early_stopping=True, max_iter=2000,
                              n_iter_no_change=20, random_state=42), 'model__l2_regularization': 1.0, 'model__learning_rate': 0.05, 'model__loss': 'squared_error', 'model__max_bins': 127, 'model__max_features': 0.05, 'model__max_leaf_nodes': 63, 'model__min_samples_leaf': 800, 'reshape': FunctionTransformer(func=<function reshape at 0x7f58a4c93e20>), 'second_scale': 'passthrough'}",0.07152414806864849,0.07152414806864849,0.0,2,0.8352531786857522,0.8352531786857522,0.0,,0.9635745180998465,0.4058901591739418
0,9211.976595878601,0.0,36.37599277496338,0.0,passthrough,power_phase_stft,"HistGradientBoostingRegressor(early_stopping=True, max_iter=2000,
                              n_iter_no_change=20, random_state=42)",0.0,0.05,squared_error,127,0.02,63,400,FunctionTransformer(func=<function reshape at 0x7f58a4c93e20>),passthrough,"{'first_scale': 'passthrough', 'frequency': FunctionTransformer(func=<function power_phase_stft at 0x7f58a4c934c0>), 'model': HistGradientBoostingRegressor(early_stopping=True, max_iter=2000,
                              n_iter_no_change=20, random_state=42), 'model__l2_regularization': 0.0, 'model__learning_rate': 0.05, 'model__loss': 'squared_error', 'model__max_bins': 127, 'model__max_features': 0.02, 'model__max_leaf_nodes': 63, 'model__min_samples_leaf': 400, 'reshape': FunctionTransformer(func=<function reshape at 0x7f58a4c93e20>), 'second_scale': 'passthrough'}",0.0750527552667869,0.0750527552667869,0.0,2,0.8055500983455175,0.8055500983455175,0.0,,0.9617417765352678,0.44096473969523065
1,6975.605981349945,0.0,39.637253284454346,0.0,passthrough,power_phase_stft,"HistGradientBoostingRegressor(early_stopping=True, max_iter=2000,
                              n_iter_no_change=20, random_state=42)",1.0,0.05,squared_error,127,0.05,63,400,FunctionTransformer(func=<function reshape at 0x7f58a4c93e20>),passthrough,"{'first_scale': 'passthrough', 'frequency': FunctionTransformer(func=<function power_phase_stft at 0x7f58a4c934c0>), 'model': HistGradientBoostingRegressor(early_stopping=True, max_iter=2000,
                              n_iter_no_change=20, random_state=42), 'model__l2_regularization': 1.0, 'model__learning_rate': 0.05, 'model__loss': 'squared_error', 'model__max_bins': 127, 'model__max_features': 0.05, 'model__max_leaf_nodes': 63, 'model__min_samples_leaf': 400, 'reshape': FunctionTransformer(func=<function reshape at 0x7f58a4c93e20>), 'second_scale': 'passthrough'}",0.07720468502368794,0.07720468502368794,0.0,1,0.7193758048745524,0.7193758048745524,0.0,,0.9606223581492949,0.5297397428223104
0,10065.661535263062,0.0,45.35061812400818,0.0,passthrough,power_phase_stft,"HistGradientBoostingRegressor(early_stopping=True, max_iter=2000,
                              n_iter_no_change=20, random_state=42)",0.01,0.05,squared_error,127,0.02,31,400,FunctionTransformer(func=<function reshape at 0x7f58a4c93e20>),passthrough,"{'first_scale': 'passthrough', 'frequency': FunctionTransformer(func=<function power_phase_stft at 0x7f58a4c934c0>), 'model': HistGradientBoostingRegressor(early_stopping=True, max_iter=2000,
                              n_iter_no_change=20, random_state=42), 'model__l2_regularization': 0.01, 'model__learning_rate': 0.05, 'model__loss': 'squared_error', 'model__max_bins': 127, 'model__max_features': 0.02, 'model__max_leaf_nodes': 31, 'model__min_samples_leaf': 400, 'reshape': FunctionTransformer(func=<function reshape at 0x7f58a4c93e20>), 'second_scale': 'passthrough'}",0.07614347399216037,0.07614347399216037,0.0,2,0.7075713149877041,0.7075713149877041,0.0,,0.9611745554309267,0.5407667565709785
1,10588.367186069489,0.0,47.119643449783325,0.0,passthrough,power_phase_stft,"HistGradientBoostingRegressor(early_stopping=True, max_iter=2000,
                              n_iter_no_change=20, random_state=42)",1.0,0.01,squared_error,32,0.02,127,200,FunctionTransformer(func=<function reshape at 0x7f58a4c93e20>),passthrough,"{'first_scale': 'passthrough', 'frequency': FunctionTransformer(func=<function power_phase_stft at 0x7f58a4c934c0>), 'model': HistGradientBoostingRegressor(early_stopping=True, max_iter=2000,
                              n_iter_no_change=20, random_state=42), 'model__l2_regularization': 1.0, 'model__learning_rate': 0.01, 'model__loss': 'squared_error', 'model__max_bins': 32, 'model__max_depth': 6, 'model__max_features': 0.02, 'model__max_leaf_nodes': 127, 'model__min_samples_leaf': 200, 'reshape': FunctionTransformer(func=<function reshape at 0x7f58a4c93e20>), 'second_scale': 'passthrough'}",0.08714189648808346,0.08714189648808346,0.0,1,0.40966082054931585,0.40966082054931585,0.0,6.0,0.955436080285812,0.7683353300810032
0,4887.084732055664,0.0,31.80617046356201,0.0,passthrough,power_phase_stft,"HistGradientBoostingRegressor(early_stopping=True, max_iter=2000,
                              n_iter_no_change=20, random_state=42)",0.0,0.1,squared_error,127,0.05,255,400,FunctionTransformer(func=<function reshape at 0x7f58a4c93e20>),passthrough,"{'first_scale': 'passthrough', 'frequency': FunctionTransformer(func=<function power_phase_stft at 0x7f58a4c934c0>), 'model': HistGradientBoostingRegressor(early_stopping=True, max_iter=2000,
                              n_iter_no_change=20, random_state=42), 'model__l2_regularization': 0.0, 'model__learning_rate': 0.1, 'model__loss': 'squared_error', 'model__max_bins': 127, 'model__max_features': 0.05, 'model__max_leaf_nodes': 255, 'model__min_samples_leaf': 400, 'reshape': FunctionTransformer(func=<function reshape at 0x7f58a4c93e20>), 'second_scale': 'passthrough'}",0.04698381697768217,0.04698381697768217,0.0,2,0.8506066040394396,0.8506066040394396,0.0,,0.976225477552352,0.38651441882620685
1,3525.0226221084595,0.0,32.13449168205261,0.0,passthrough,power_phase_stft,"HistGradientBoostingRegressor(early_stopping=True, max_iter=2000,
                              n_iter_no_change=20, random_state=42)",0.01,0.02,squared_error,63,0.01,127,200,FunctionTransformer(func=<function reshape at 0x7f58a4c93e20>),passthrough,"{'first_scale': 'passthrough', 'frequency': FunctionTransformer(func=<function power_phase_stft at 0x7f58a4c934c0>), 'model': HistGradientBoostingRegressor(early_stopping=True, max_iter=2000,
                              n_iter_no_change=20, random_state=42), 'model__l2_regularization': 0.01, 'model__learning_rate': 0.02, 'model__loss': 'squared_error', 'model__max_bins': 63, 'model__max_depth': 3, 'model__max_features': 0.01, 'model__max_leaf_nodes': 127, 'model__min_samples_leaf': 200, 'reshape': FunctionTransformer(func=<function reshape at 0x7f58a4c93e20>), 'second_scale': 'passthrough'}",0.08416716891251308,0.08416716891251308,0.0,1,0.2068130024824063,0.2068130024824063,0.0,3.0,0.9569915522550274,0.8906104634000174
0,5638.480600833893,0.0,44.81741547584534,0.0,passthrough,power_phase_stft,"HistGradientBoostingRegressor(early_stopping=True, max_iter=2000,
                              n_iter_no_change=20, random_state=42)",0.1,0.05,squared_error,127,0.02,31,400,FunctionTransformer(func=<function reshape at 0x7f58a4c93e20>),passthrough,"{'first_scale': 'passthrough', 'frequency': FunctionTransformer(func=<function power_phase_stft at 0x7f58a4c934c0>), 'model': HistGradientBoostingRegressor(early_stopping=True, max_iter=2000,
                              n_iter_no_change=20, random_state=42), 'model__l2_regularization': 0.1, 'model__learning_rate': 0.05, 'model__loss': 'squared_error', 'model__max_bins': 127, 'model__max_features': 0.02, 'model__max_leaf_nodes': 31, 'model__min_samples_leaf': 400, 'reshape': FunctionTransformer(func=<function reshape at 0x7f58a4c93e20>), 'second_scale': 'passthrough'}",0.08149162380697061,0.08149162380697061,0.0,2,0.46566690575359904,0.46566690575359904,0.0,,0.9583884265750653,0.7309809123680323
1,10132.771902561188,0.0,52.260282039642334,0.0,passthrough,power_phase_stft,"HistGradientBoostingRegressor(early_stopping=True, max_iter=2000,
                              n_iter_no_change=20, random_state=42)",0.1,0.01,squared_error,63,0.01,63,3200,FunctionTransformer(func=<function reshape at 0x7f58a4c93e20>),passthrough,"{'first_scale': 'passthrough', 'frequency': FunctionTransformer(func=<function power_phase_stft at 0x7f58a4c934c0>), 'model': HistGradientBoostingRegressor(early_stopping=True, max_iter=2000,
                              n_iter_no_change=20, random_state=42), 'model__l2_regularization': 0.1, 'model__learning_rate': 0.01, 'model__loss': 'squared_error', 'model__max_bins': 63, 'model__max_features': 0.01, 'model__max_leaf_nodes': 63, 'model__min_samples_leaf': 3200, 'reshape': FunctionTransformer(func=<function reshape at 0x7f58a4c93e20>), 'second_scale': 'passthrough'}",0.08653216821748766,0.08653216821748766,0.0,1,0.20731251718016508,0.20731251718016508,0.0,,0.9557551107802209,0.8903299853536524
0,2811.0903866291046,0.0,36.37285304069519,0.0,passthrough,power_phase_stft,"HistGradientBoostingRegressor(early_stopping=True, max_iter=2000,
                              n_iter_no_change=20, random_state=42)",0.1,0.1,squared_error,127,0.02,31,400,FunctionTransformer(func=<function reshape at 0x7f58a4c93e20>),passthrough,"{'first_scale': 'passthrough', 'frequency': FunctionTransformer(func=<function power_phase_stft at 0x7f58a4c934c0>), 'model': HistGradientBoostingRegressor(early_stopping=True, max_iter=2000,
                              n_iter_no_change=20, random_state=42), 'model__l2_regularization': 0.1, 'model__learning_rate': 0.1, 'model__loss': 'squared_error', 'model__max_bins': 127, 'model__max_features': 0.02, 'model__max_leaf_nodes': 31, 'model__min_samples_leaf': 400, 'reshape': FunctionTransformer(func=<function reshape at 0x7f58a4c93e20>), 'second_scale': 'passthrough'}",0.07123916872732683,0.07123916872732683,0.0,2,0.43723261711162886,0.43723261711162886,0.0,,0.9637223828845489,0.7501782340806558
1,7589.174927949905,0.0,47.53878998756409,0.0,passthrough,power_phase_stft,"HistGradientBoostingRegressor(early_stopping=True, max_iter=2000,
                              n_iter_no_change=20, random_state=42)",1.0,0.01,squared_error,63,0.01,63,3200,FunctionTransformer(func=<function reshape at 0x7f58a4c93e20>),passthrough,"{'first_scale': 'passthrough', 'frequency': FunctionTransformer(func=<function power_phase_stft at 0x7f58a4c934c0>), 'model': HistGradientBoostingRegressor(early_stopping=True, max_iter=2000,
                              n_iter_no_change=20, random_state=42), 'model__l2_regularization': 1.0, 'model__learning_rate': 0.01, 'model__loss': 'squared_error', 'model__max_bins': 63, 'model__max_features': 0.01, 'model__max_leaf_nodes': 63, 'model__min_samples_leaf': 3200, 'reshape': FunctionTransformer(func=<function reshape at 0x7f58a4c93e20>), 'second_scale': 'passthrough'}",0.08667108106458443,0.08667108106458443,0.0,1,0.20714643321398696,0.20714643321398696,0.0,,0.9556824362388457,0.8904232514855017
0,4986.746524572372,0.0,43.52551531791687,0.0,passthrough,power_phase_stft,"HistGradientBoostingRegressor(early_stopping=True, max_iter=2000,
                              n_iter_no_change=20, random_state=42)",0.0,0.1,squared_error,127,0.02,63,800,FunctionTransformer(func=<function reshape at 0x7f58a4c93e20>),passthrough,"{'first_scale': 'passthrough', 'frequency': FunctionTransformer(func=<function power_phase_stft at 0x7f58a4c934c0>), 'model': HistGradientBoostingRegressor(early_stopping=True, max_iter=2000,
                              n_iter_no_change=20, random_state=42), 'model__l2_regularization': 0.0, 'model__learning_rate': 0.1, 'model__loss': 'squared_error', 'model__max_bins': 127, 'model__max_features': 0.02, 'model__max_leaf_nodes': 63, 'model__min_samples_leaf': 800, 'reshape': FunctionTransformer(func=<function reshape at 0x7f58a4c93e20>), 'second_scale': 'passthrough'}",0.05795031779438986,0.05795031779438986,0.0,2,0.716960870068226,0.716960870068226,0.0,,0.9705924387741799,0.5320142196706532
1,5274.186726331711,0.0,42.70001721382141,0.0,passthrough,power_phase_stft,"HistGradientBoostingRegressor(early_stopping=True, max_iter=2000,
                              n_iter_no_change=20, random_state=42)",1.0,0.1,squared_error,127,0.05,63,800,FunctionTransformer(func=<function reshape at 0x7f58a4c93e20>),passthrough,"{'first_scale': 'passthrough', 'frequency': FunctionTransformer(func=<function power_phase_stft at 0x7f58a4c934c0>), 'model': HistGradientBoostingRegressor(early_stopping=True, max_iter=2000,
                              n_iter_no_change=20, random_state=42), 'model__l2_regularization': 1.0, 'model__learning_rate': 0.1, 'model__loss': 'squared_error', 'model__max_bins': 127, 'model__max_features': 0.05, 'model__max_leaf_nodes': 63, 'model__min_samples_leaf': 800, 'reshape': FunctionTransformer(func=<function reshape at 0x7f58a4c93e20>), 'second_scale': 'passthrough'}",0.05896080726491992,0.05896080726491992,0.0,1,0.7515259428992438,0.7515259428992438,0.0,,0.9700717461791577,0.49847172146547714
0,7737.895406007767,0.0,48.72315239906311,0.0,passthrough,power_phase_stft,"HistGradientBoostingRegressor(early_stopping=True, max_iter=2000,
                              n_iter_no_change=20, random_state=42)",0.001,0.1,squared_error,127,0.05,255,800,FunctionTransformer(func=<function reshape at 0x7f58a4c93e20>),passthrough,"{'first_scale': 'passthrough', 'frequency': FunctionTransformer(func=<function power_phase_stft at 0x7f58a4c934c0>), 'model': HistGradientBoostingRegressor(early_stopping=True, max_iter=2000,
                              n_iter_no_change=20, random_state=42), 'model__l2_regularization': 0.001, 'model__learning_rate': 0.1, 'model__loss': 'squared_error', 'model__max_bins': 127, 'model__max_features': 0.05, 'model__max_leaf_nodes': 255, 'model__min_samples_leaf': 800, 'reshape': FunctionTransformer(func=<function reshape at 0x7f58a4c93e20>), 'second_scale': 'passthrough'}",0.04868863920371269,0.04868863920371269,0.0,2,0.8514785804701035,0.8514785804701035,0.0,,0.9753519163852027,0.385384768160207
1,4760.455757856369,0.0,47.43191432952881,0.0,passthrough,power_phase_stft,"HistGradientBoostingRegressor(early_stopping=True, max_iter=2000,
                              n_iter_no_change=20, random_state=42)",0.1,0.02,squared_error,63,0.02,127,200,FunctionTransformer(func=<function reshape at 0x7f58a4c93e20>),passthrough,"{'first_scale': 'passthrough', 'frequency': FunctionTransformer(func=<function power_phase_stft at 0x7f58a4c934c0>), 'model': HistGradientBoostingRegressor(early_stopping=True, max_iter=2000,
                              n_iter_no_change=20, random_state=42), 'model__l2_regularization': 0.1, 'model__learning_rate': 0.02, 'model__loss': 'squared_error', 'model__max_bins': 63, 'model__max_depth': 3, 'model__max_features': 0.02, 'model__max_leaf_nodes': 127, 'model__min_samples_leaf': 200, 'reshape': FunctionTransformer(func=<function reshape at 0x7f58a4c93e20>), 'second_scale': 'passthrough'}",0.08497453244648678,0.08497453244648678,0.0,1,0.2141757487048359,0.2141757487048359,0.0,3.0,0.9565696354962943,0.886467287210963
0,4490.518265247345,0.0,38.550809383392334,0.0,passthrough,power_phase_stft,"HistGradientBoostingRegressor(early_stopping=True, max_iter=2000,
                              n_iter_no_change=20, random_state=42)",0.1,0.1,squared_error,127,0.02,127,800,FunctionTransformer(func=<function reshape at 0x7f58a4c93e20>),passthrough,"{'first_scale': 'passthrough', 'frequency': FunctionTransformer(func=<function power_phase_stft at 0x7f58a4c934c0>), 'model': HistGradientBoostingRegressor(early_stopping=True, max_iter=2000,
                              n_iter_no_change=20, random_state=42), 'model__l2_regularization': 0.1, 'model__learning_rate': 0.1, 'model__loss': 'squared_error', 'model__max_bins': 127, 'model__max_features': 0.02, 'model__max_leaf_nodes': 127, 'model__min_samples_leaf': 800, 'reshape': FunctionTransformer(func=<function reshape at 0x7f58a4c93e20>), 'second_scale': 'passthrough'}",0.06130925569248036,0.06130925569248036,0.0,2,0.6269701071855645,0.6269701071855645,0.0,,0.9688605391425124,0.6107617316224352
1,5359.414733409882,0.0,45.46600031852722,0.0,passthrough,power_phase_stft,"HistGradientBoostingRegressor(early_stopping=True, max_iter=2000,
                              n_iter_no_change=20, random_state=42)",1.0,0.02,squared_error,63,0.01,63,6400,FunctionTransformer(func=<function reshape at 0x7f58a4c93e20>),passthrough,"{'first_scale': 'passthrough', 'frequency': FunctionTransformer(func=<function power_phase_stft at 0x7f58a4c934c0>), 'model': HistGradientBoostingRegressor(early_stopping=True, max_iter=2000,
                              n_iter_no_change=20, random_state=42), 'model__l2_regularization': 1.0, 'model__learning_rate': 0.02, 'model__loss': 'squared_error', 'model__max_bins': 63, 'model__max_features': 0.01, 'model__max_leaf_nodes': 63, 'model__min_samples_leaf': 6400, 'reshape': FunctionTransformer(func=<function reshape at 0x7f58a4c93e20>), 'second_scale': 'passthrough'}",0.08769267275663184,0.08769267275663184,0.0,1,0.20075113855665416,0.20075113855665416,0.0,,0.9551478038729756,0.8940071931720381
0,16503.771175146103,0.0,43.412731885910034,0.0,passthrough,power_phase_stft,"HistGradientBoostingRegressor(early_stopping=True, max_iter=2000,
                              n_iter_no_change=20, random_state=42)",0.001,0.05,squared_error,127,0.02,255,50,FunctionTransformer(func=<function reshape at 0x7f58a4c93e20>),passthrough,"{'first_scale': 'passthrough', 'frequency': FunctionTransformer(func=<function power_phase_stft at 0x7f58a4c934c0>), 'model': HistGradientBoostingRegressor(early_stopping=True, max_iter=2000,
                              n_iter_no_change=20, random_state=42), 'model__l2_regularization': 0.001, 'model__learning_rate': 0.05, 'model__loss': 'squared_error', 'model__max_bins': 127, 'model__max_features': 0.02, 'model__max_leaf_nodes': 255, 'model__min_samples_leaf': 50, 'reshape': FunctionTransformer(func=<function reshape at 0x7f58a4c93e20>), 'second_scale': 'passthrough'}",0.06573150231500091,0.06573150231500091,0.0,2,0.9069854165213016,0.9069854165213016,0.0,,0.966575655437793,0.3049829232575135
1,9939.460464954376,0.0,46.00721311569214,0.0,passthrough,power_phase_stft,"HistGradientBoostingRegressor(early_stopping=True, max_iter=2000,
                              n_iter_no_change=20, random_state=42)",0.05,0.02,squared_error,32,0.02,127,200,FunctionTransformer(func=<function reshape at 0x7f58a4c93e20>),passthrough,"{'first_scale': 'passthrough', 'frequency': FunctionTransformer(func=<function power_phase_stft at 0x7f58a4c934c0>), 'model': HistGradientBoostingRegressor(early_stopping=True, max_iter=2000,
                              n_iter_no_change=20, random_state=42), 'model__l2_regularization': 0.05, 'model__learning_rate': 0.02, 'model__loss': 'squared_error', 'model__max_bins': 32, 'model__max_depth': 6, 'model__max_features': 0.02, 'model__max_leaf_nodes': 127, 'model__min_samples_leaf': 200, 'reshape': FunctionTransformer(func=<function reshape at 0x7f58a4c93e20>), 'second_scale': 'passthrough'}",0.0876220748000156,0.0876220748000156,0.0,1,0.5673544882712132,0.5673544882712132,0.0,6.0,0.955184759719283,0.6577579431134123
0,3613.7709317207336,0.0,58.74361991882324,0.0,passthrough,power_phase_stft,"HistGradientBoostingRegressor(early_stopping=True, max_iter=2000,
                              n_iter_no_change=20, random_state=42)",0.01,0.1,squared_error,127,0.02,31,200,FunctionTransformer(func=<function reshape at 0x7f58a4c93e20>),passthrough,"{'first_scale': 'passthrough', 'frequency': FunctionTransformer(func=<function power_phase_stft at 0x7f58a4c934c0>), 'model': HistGradientBoostingRegressor(early_stopping=True, max_iter=2000,
                              n_iter_no_change=20, random_state=42), 'model__l2_regularization': 0.01, 'model__learning_rate': 0.1, 'model__loss': 'squared_error', 'model__max_bins': 127, 'model__max_features': 0.02, 'model__max_leaf_nodes': 31, 'model__min_samples_leaf': 200, 'reshape': FunctionTransformer(func=<function reshape at 0x7f58a4c93e20>), 'second_scale': 'passthrough'}",0.06684158304111665,0.06684158304111665,0.0,2,0.5151736991175802,0.5151736991175802,0.0,,0.9660012510131047,0.696294693992723
1,2977.4971334934235,0.0,57.69971942901611,0.0,passthrough,power_phase_stft,"HistGradientBoostingRegressor(early_stopping=True, max_iter=2000,
                              n_iter_no_change=20, random_state=42)",1.0,0.05,squared_error,63,0.01,127,200,FunctionTransformer(func=<function reshape at 0x7f58a4c93e20>),passthrough,"{'first_scale': 'passthrough', 'frequency': FunctionTransformer(func=<function power_phase_stft at 0x7f58a4c934c0>), 'model': HistGradientBoostingRegressor(early_stopping=True, max_iter=2000,
                              n_iter_no_change=20, random_state=42), 'model__l2_regularization': 1.0, 'model__learning_rate': 0.05, 'model__loss': 'squared_error', 'model__max_bins': 63, 'model__max_depth': 3, 'model__max_features': 0.01, 'model__max_leaf_nodes': 127, 'model__min_samples_leaf': 200, 'reshape': FunctionTransformer(func=<function reshape at 0x7f58a4c93e20>), 'second_scale': 'passthrough'}",0.08332648119260555,0.08332648119260555,0.0,1,0.22001467310879141,0.22001467310879141,0.0,3.0,0.9574306861634394,0.8831677795816651
0,2408.9454498291016,0.0,38.23905873298645,0.0,passthrough,power_phase_stft,"HistGradientBoostingRegressor(early_stopping=True, max_iter=2000,
                              n_iter_no_change=20, random_state=42)",0.001,0.1,squared_error,127,0.02,31,200,FunctionTransformer(func=<function reshape at 0x7f58a4c93e20>),passthrough,"{'first_scale': 'passthrough', 'frequency': FunctionTransformer(func=<function power_phase_stft at 0x7f58a4c934c0>), 'model': HistGradientBoostingRegressor(early_stopping=True, max_iter=2000,
                              n_iter_no_change=20, random_state=42), 'model__l2_regularization': 0.001, 'model__learning_rate': 0.1, 'model__loss': 'squared_error', 'model__max_bins': 127, 'model__max_features': 0.02, 'model__max_leaf_nodes': 31, 'model__min_samples_leaf': 200, 'reshape': FunctionTransformer(func=<function reshape at 0x7f58a4c93e20>), 'second_scale': 'passthrough'}",0.0722206324364002,0.0722206324364002,0.0,2,0.46582713080321836,0.46582713080321836,0.0,,0.9632130437050777,0.7308713082320181
1,2567.1813728809357,0.0,38.88433527946472,0.0,passthrough,power_phase_stft,"HistGradientBoostingRegressor(early_stopping=True, max_iter=2000,
                              n_iter_no_change=20, random_state=42)",0.05,0.05,squared_error,63,0.01,127,200,FunctionTransformer(func=<function reshape at 0x7f58a4c93e20>),passthrough,"{'first_scale': 'passthrough', 'frequency': FunctionTransformer(func=<function power_phase_stft at 0x7f58a4c934c0>), 'model': HistGradientBoostingRegressor(early_stopping=True, max_iter=2000,
                              n_iter_no_change=20, random_state=42), 'model__l2_regularization': 0.05, 'model__learning_rate': 0.05, 'model__loss': 'squared_error', 'model__max_bins': 63, 'model__max_depth': 3, 'model__max_features': 0.01, 'model__max_leaf_nodes': 127, 'model__min_samples_leaf': 200, 'reshape': FunctionTransformer(func=<function reshape at 0x7f58a4c93e20>), 'second_scale': 'passthrough'}",0.08433447420718432,0.08433447420718432,0.0,1,0.24086183661575777,0.24086183661575777,0.0,3.0,0.9569041361561855,0.8712853512967162
0,11703.455885887146,0.0,39.52445149421692,0.0,passthrough,power_phase_stft,"HistGradientBoostingRegressor(early_stopping=True, max_iter=2000,
                              n_iter_no_change=20, random_state=42)",0.01,0.02,squared_error,127,0.02,255,800,FunctionTransformer(func=<function reshape at 0x7f58a4c93e20>),passthrough,"{'first_scale': 'passthrough', 'frequency': FunctionTransformer(func=<function power_phase_stft at 0x7f58a4c934c0>), 'model': HistGradientBoostingRegressor(early_stopping=True, max_iter=2000,
                              n_iter_no_change=20, random_state=42), 'model__l2_regularization': 0.01, 'model__learning_rate': 0.02, 'model__loss': 'squared_error', 'model__max_bins': 127, 'model__max_features': 0.02, 'model__max_leaf_nodes': 255, 'model__min_samples_leaf': 800, 'reshape': FunctionTransformer(func=<function reshape at 0x7f58a4c93e20>), 'second_scale': 'passthrough'}",0.08797873903563291,0.08797873903563291,0.0,1,0.6794851576099061,0.6794851576099061,0.0,,0.9549980423877146,0.5661403027431396
1,4400.27116394043,0.0,34.54545259475708,0.0,passthrough,power_phase_stft,"HistGradientBoostingRegressor(early_stopping=True, max_iter=2000,
                              n_iter_no_change=20, random_state=42)",0.1,0.05,squared_error,32,0.02,127,200,FunctionTransformer(func=<function reshape at 0x7f58a4c93e20>),passthrough,"{'first_scale': 'passthrough', 'frequency': FunctionTransformer(func=<function power_phase_stft at 0x7f58a4c934c0>), 'model': HistGradientBoostingRegressor(early_stopping=True, max_iter=2000,
                              n_iter_no_change=20, random_state=42), 'model__l2_regularization': 0.1, 'model__learning_rate': 0.05, 'model__loss': 'squared_error', 'model__max_bins': 32, 'model__max_depth': 6, 'model__max_features': 0.02, 'model__max_leaf_nodes': 127, 'model__min_samples_leaf': 200, 'reshape': FunctionTransformer(func=<function reshape at 0x7f58a4c93e20>), 'second_scale': 'passthrough'}",0.07367945666230213,0.07367945666230213,0.0,2,0.6988006817946,0.6988006817946,0.0,6.0,0.9624554760287345,0.5488162882107273
0,5795.285092830658,0.0,41.77839422225952,0.0,passthrough,power_phase_stft,"HistGradientBoostingRegressor(early_stopping=True, max_iter=2000,
                              n_iter_no_change=20, random_state=42)",0.01,0.1,squared_error,127,0.05,127,200,FunctionTransformer(func=<function reshape at 0x7f58a4c93e20>),passthrough,"{'first_scale': 'passthrough', 'frequency': FunctionTransformer(func=<function power_phase_stft at 0x7f58a4c934c0>), 'model': HistGradientBoostingRegressor(early_stopping=True, max_iter=2000,
                              n_iter_no_change=20, random_state=42), 'model__l2_regularization': 0.01, 'model__learning_rate': 0.1, 'model__loss': 'squared_error', 'model__max_bins': 127, 'model__max_features': 0.05, 'model__max_leaf_nodes': 127, 'model__min_samples_leaf': 200, 'reshape': FunctionTransformer(func=<function reshape at 0x7f58a4c93e20>), 'second_scale': 'passthrough'}",0.05711412919985981,0.05711412919985981,0.0,2,0.8190615294392587,0.8190615294392587,0.0,,0.9710231051834659,0.4253686290275075
1,4439.7007739543915,0.0,43.198851108551025,0.0,passthrough,power_phase_stft,"HistGradientBoostingRegressor(early_stopping=True, max_iter=2000,
                              n_iter_no_change=20, random_state=42)",5.0,0.02,squared_error,32,0.01,127,200,FunctionTransformer(func=<function reshape at 0x7f58a4c93e20>),passthrough,"{'first_scale': 'passthrough', 'frequency': FunctionTransformer(func=<function power_phase_stft at 0x7f58a4c934c0>), 'model': HistGradientBoostingRegressor(early_stopping=True, max_iter=2000,
                              n_iter_no_change=20, random_state=42), 'model__l2_regularization': 5.0, 'model__learning_rate': 0.02, 'model__loss': 'squared_error', 'model__max_bins': 32, 'model__max_depth': 3, 'model__max_features': 0.01, 'model__max_leaf_nodes': 127, 'model__min_samples_leaf': 200, 'reshape': FunctionTransformer(func=<function reshape at 0x7f58a4c93e20>), 'second_scale': 'passthrough'}",0.08304128569734637,0.08304128569734637,0.0,1,0.20353572997492175,0.20353572997492175,0.0,3.0,0.9575796125140998,0.8924484691146477
0,3992.8166542053223,0.0,59.5781831741333,0.0,passthrough,power_phase_stft,"HistGradientBoostingRegressor(early_stopping=True, max_iter=2000,
                              n_iter_no_change=20, random_state=42)",0.01,0.1,squared_error,127,0.05,63,200,FunctionTransformer(func=<function reshape at 0x7f58a4c93e20>),passthrough,"{'first_scale': 'passthrough', 'frequency': FunctionTransformer(func=<function power_phase_stft at 0x7f58a4c934c0>), 'model': HistGradientBoostingRegressor(early_stopping=True, max_iter=2000,
                              n_iter_no_change=20, random_state=42), 'model__l2_regularization': 0.01, 'model__learning_rate': 0.1, 'model__loss': 'squared_error', 'model__max_bins': 127, 'model__max_features': 0.05, 'model__max_leaf_nodes': 63, 'model__min_samples_leaf': 200, 'reshape': FunctionTransformer(func=<function reshape at 0x7f58a4c93e20>), 'second_scale': 'passthrough'}",0.05602904795127761,0.05602904795127761,0.0,2,0.6557321560586744,0.6557321560586744,0.0,,0.9715816754389321,0.5867434225803692
1,6045.882992744446,0.0,60.19329857826233,0.0,passthrough,power_phase_stft,"HistGradientBoostingRegressor(early_stopping=True, max_iter=2000,
                              n_iter_no_change=20, random_state=42)",5.0,0.01,squared_error,63,0.02,127,200,FunctionTransformer(func=<function reshape at 0x7f58a4c93e20>),passthrough,"{'first_scale': 'passthrough', 'frequency': FunctionTransformer(func=<function power_phase_stft at 0x7f58a4c934c0>), 'model': HistGradientBoostingRegressor(early_stopping=True, max_iter=2000,
                              n_iter_no_change=20, random_state=42), 'model__l2_regularization': 5.0, 'model__learning_rate': 0.01, 'model__loss': 'squared_error', 'model__max_bins': 63, 'model__max_depth': 3, 'model__max_features': 0.02, 'model__max_leaf_nodes': 127, 'model__min_samples_leaf': 200, 'reshape': FunctionTransformer(func=<function reshape at 0x7f58a4c93e20>), 'second_scale': 'passthrough'}",0.07834558477475562,0.07834558477475562,0.0,1,0.1552001501412622,0.1552001501412622,0.0,3.0,0.9600283408448129,0.9191299417703341
0,6924.945429563522,0.0,39.7721221446991,0.0,passthrough,power_phase_stft,"HistGradientBoostingRegressor(early_stopping=True, max_iter=2000,
                              n_iter_no_change=20, random_state=42)",0.0,0.1,squared_error,127,0.02,127,50,FunctionTransformer(func=<function reshape at 0x7f58a4c93e20>),passthrough,"{'first_scale': 'passthrough', 'frequency': FunctionTransformer(func=<function power_phase_stft at 0x7f58a4c934c0>), 'model': HistGradientBoostingRegressor(early_stopping=True, max_iter=2000,
                              n_iter_no_change=20, random_state=42), 'model__l2_regularization': 0.0, 'model__learning_rate': 0.1, 'model__loss': 'squared_error', 'model__max_bins': 127, 'model__max_features': 0.02, 'model__max_leaf_nodes': 127, 'model__min_samples_leaf': 50, 'reshape': FunctionTransformer(func=<function reshape at 0x7f58a4c93e20>), 'second_scale': 'passthrough'}",0.04326025076495876,0.04326025076495876,0.0,2,0.8836413069700316,0.8836413069700316,0.0,,0.9781307424036121,0.34111390037635286
1,3803.699727296829,0.0,38.957584857940674,0.0,passthrough,power_phase_stft,"HistGradientBoostingRegressor(early_stopping=True, max_iter=2000,
                              n_iter_no_change=20, random_state=42)",1.0,0.1,squared_error,127,0.05,127,50,FunctionTransformer(func=<function reshape at 0x7f58a4c93e20>),passthrough,"{'first_scale': 'passthrough', 'frequency': FunctionTransformer(func=<function power_phase_stft at 0x7f58a4c934c0>), 'model': HistGradientBoostingRegressor(early_stopping=True, max_iter=2000,
                              n_iter_no_change=20, random_state=42), 'model__l2_regularization': 1.0, 'model__learning_rate': 0.1, 'model__loss': 'squared_error', 'model__max_bins': 127, 'model__max_features': 0.05, 'model__max_leaf_nodes': 127, 'model__min_samples_leaf': 50, 'reshape': FunctionTransformer(func=<function reshape at 0x7f58a4c93e20>), 'second_scale': 'passthrough'}",0.05414930382700689,0.05414930382700689,0.0,1,0.7851908447461305,0.7851908447461305,0.0,,0.9725485572314593,0.46347508590416103
0,9761.300563097,0.0,55.40603494644165,0.0,passthrough,power_phase_stft,"HistGradientBoostingRegressor(early_stopping=True, max_iter=2000,
                              n_iter_no_change=20, random_state=42)",0.001,0.05,squared_error,127,0.02,63,400,FunctionTransformer(func=<function reshape at 0x7f58a4c93e20>),passthrough,"{'first_scale': 'passthrough', 'frequency': FunctionTransformer(func=<function power_phase_stft at 0x7f58a4c934c0>), 'model': HistGradientBoostingRegressor(early_stopping=True, max_iter=2000,
                              n_iter_no_change=20, random_state=42), 'model__l2_regularization': 0.001, 'model__learning_rate': 0.05, 'model__loss': 'squared_error', 'model__max_bins': 127, 'model__max_features': 0.02, 'model__max_leaf_nodes': 63, 'model__min_samples_leaf': 400, 'reshape': FunctionTransformer(func=<function reshape at 0x7f58a4c93e20>), 'second_scale': 'passthrough'}",0.07321890133636011,0.07321890133636011,0.0,2,0.7267950603304486,0.7267950603304486,0.0,,0.9626947068846072,0.5226900990735824
1,11386.935939788818,0.0,57.57051348686218,0.0,passthrough,power_phase_stft,"HistGradientBoostingRegressor(early_stopping=True, max_iter=2000,
                              n_iter_no_change=20, random_state=42)",0.05,0.01,squared_error,63,0.01,127,200,FunctionTransformer(func=<function reshape at 0x7f58a4c93e20>),passthrough,"{'first_scale': 'passthrough', 'frequency': FunctionTransformer(func=<function power_phase_stft at 0x7f58a4c934c0>), 'model': HistGradientBoostingRegressor(early_stopping=True, max_iter=2000,
                              n_iter_no_change=20, random_state=42), 'model__l2_regularization': 0.05, 'model__learning_rate': 0.01, 'model__loss': 'squared_error', 'model__max_bins': 63, 'model__max_depth': 6, 'model__max_features': 0.01, 'model__max_leaf_nodes': 127, 'model__min_samples_leaf': 200, 'reshape': FunctionTransformer(func=<function reshape at 0x7f58a4c93e20>), 'second_scale': 'passthrough'}",0.0859650033775946,0.0859650033775946,0.0,1,0.3918511112641745,0.3918511112641745,0.0,6.0,0.9560517750741355,0.7798390146279074
0,7833.290171146393,0.0,36.71907377243042,0.0,passthrough,power_phase_stft,"HistGradientBoostingRegressor(early_stopping=True, max_iter=2000,
                              n_iter_no_change=20, random_state=42)",0.001,0.05,squared_error,127,0.02,255,800,FunctionTransformer(func=<function reshape at 0x7f58a4c93e20>),passthrough,"{'first_scale': 'passthrough', 'frequency': FunctionTransformer(func=<function power_phase_stft at 0x7f58a4c934c0>), 'model': HistGradientBoostingRegressor(early_stopping=True, max_iter=2000,
                              n_iter_no_change=20, random_state=42), 'model__l2_regularization': 0.001, 'model__learning_rate': 0.05, 'model__loss': 'squared_error', 'model__max_bins': 127, 'model__max_features': 0.02, 'model__max_leaf_nodes': 255, 'model__min_samples_leaf': 800, 'reshape': FunctionTransformer(func=<function reshape at 0x7f58a4c93e20>), 'second_scale': 'passthrough'}",0.07271288201751125,0.07271288201751125,0.0,2,0.7996168563625794,0.7996168563625794,0.0,,0.9629574850337312,0.44764175814753987
1,3207.703399181366,0.0,33.10378694534302,0.0,passthrough,power_phase_stft,"HistGradientBoostingRegressor(early_stopping=True, max_iter=2000,
                              n_iter_no_change=20, random_state=42)",0.05,0.02,squared_error,63,0.02,127,200,FunctionTransformer(func=<function reshape at 0x7f58a4c93e20>),passthrough,"{'first_scale': 'passthrough', 'frequency': FunctionTransformer(func=<function power_phase_stft at 0x7f58a4c934c0>), 'model': HistGradientBoostingRegressor(early_stopping=True, max_iter=2000,
                              n_iter_no_change=20, random_state=42), 'model__l2_regularization': 0.05, 'model__learning_rate': 0.02, 'model__loss': 'squared_error', 'model__max_bins': 63, 'model__max_depth': 3, 'model__max_features': 0.02, 'model__max_leaf_nodes': 127, 'model__min_samples_leaf': 200, 'reshape': FunctionTransformer(func=<function reshape at 0x7f58a4c93e20>), 'second_scale': 'passthrough'}",0.08487956108137562,0.08487956108137562,0.0,1,0.2143880971040758,0.2143880971040758,0.0,3.0,0.9566192758452154,0.886347506848146
0,14392.038419246674,0.0,49.53588342666626,0.0,passthrough,power_phase_stft,"HistGradientBoostingRegressor(early_stopping=True, max_iter=2000,
                              n_iter_no_change=20, random_state=42)",0.01,0.05,squared_error,127,0.05,255,400,FunctionTransformer(func=<function reshape at 0x7f58a4c93e20>),passthrough,"{'first_scale': 'passthrough', 'frequency': FunctionTransformer(func=<function power_phase_stft at 0x7f58a4c934c0>), 'model': HistGradientBoostingRegressor(early_stopping=True, max_iter=2000,
                              n_iter_no_change=20, random_state=42), 'model__l2_regularization': 0.01, 'model__learning_rate': 0.05, 'model__loss': 'squared_error', 'model__max_bins': 127, 'model__max_features': 0.05, 'model__max_leaf_nodes': 255, 'model__min_samples_leaf': 400, 'reshape': FunctionTransformer(func=<function reshape at 0x7f58a4c93e20>), 'second_scale': 'passthrough'}",0.07203059210310725,0.07203059210310725,0.0,2,0.876873296084846,0.876873296084846,0.0,,0.9633116878232573,0.35089414916061795
1,5908.986620426178,0.0,46.9785897731781,0.0,passthrough,power_phase_stft,"HistGradientBoostingRegressor(early_stopping=True, max_iter=2000,
                              n_iter_no_change=20, random_state=42)",1.0,0.05,squared_error,32,0.01,127,200,FunctionTransformer(func=<function reshape at 0x7f58a4c93e20>),passthrough,"{'first_scale': 'passthrough', 'frequency': FunctionTransformer(func=<function power_phase_stft at 0x7f58a4c934c0>), 'model': HistGradientBoostingRegressor(early_stopping=True, max_iter=2000,
                              n_iter_no_change=20, random_state=42), 'model__l2_regularization': 1.0, 'model__learning_rate': 0.05, 'model__loss': 'squared_error', 'model__max_bins': 32, 'model__max_depth': 6, 'model__max_features': 0.01, 'model__max_leaf_nodes': 127, 'model__min_samples_leaf': 200, 'reshape': FunctionTransformer(func=<function reshape at 0x7f58a4c93e20>), 'second_scale': 'passthrough'}",0.07641653651914859,0.07641653651914859,0.0,1,0.6369689608703001,0.6369689608703001,0.0,6.0,0.9610324986600877,0.6025205715406735
0,10357.524973392487,0.0,56.52197217941284,0.0,passthrough,power_phase_stft,"HistGradientBoostingRegressor(early_stopping=True, max_iter=2000,
                              n_iter_no_change=20, random_state=42)",0.0,0.05,squared_error,127,0.05,31,800,FunctionTransformer(func=<function reshape at 0x7f58a4c93e20>),passthrough,"{'first_scale': 'passthrough', 'frequency': FunctionTransformer(func=<function power_phase_stft at 0x7f58a4c934c0>), 'model': HistGradientBoostingRegressor(early_stopping=True, max_iter=2000,
                              n_iter_no_change=20, random_state=42), 'model__l2_regularization': 0.0, 'model__learning_rate': 0.05, 'model__loss': 'squared_error', 'model__max_bins': 127, 'model__max_features': 0.05, 'model__max_leaf_nodes': 31, 'model__min_samples_leaf': 800, 'reshape': FunctionTransformer(func=<function reshape at 0x7f58a4c93e20>), 'second_scale': 'passthrough'}",0.07686434025788169,0.07686434025788169,0.0,1,0.6546501776959519,0.6546501776959519,0.0,,0.9607994898739894,0.5876647192949804
1,4092.62850856781,0.0,50.40833330154419,0.0,passthrough,power_phase_stft,"HistGradientBoostingRegressor(early_stopping=True, max_iter=2000,
                              n_iter_no_change=20, random_state=42)",1.0,0.1,squared_error,127,0.02,31,800,FunctionTransformer(func=<function reshape at 0x7f58a4c93e20>),passthrough,"{'first_scale': 'passthrough', 'frequency': FunctionTransformer(func=<function power_phase_stft at 0x7f58a4c934c0>), 'model': HistGradientBoostingRegressor(early_stopping=True, max_iter=2000,
                              n_iter_no_change=20, random_state=42), 'model__l2_regularization': 1.0, 'model__learning_rate': 0.1, 'model__loss': 'squared_error', 'model__max_bins': 127, 'model__max_features': 0.02, 'model__max_leaf_nodes': 31, 'model__min_samples_leaf': 800, 'reshape': FunctionTransformer(func=<function reshape at 0x7f58a4c93e20>), 'second_scale': 'passthrough'}",0.0678050895682295,0.0678050895682295,0.0,2,0.5409638311636081,0.5409638311636081,0.0,,0.9655024134779625,0.6775220799622635
0,7914.057685852051,0.0,40.881508350372314,0.0,passthrough,power_phase_stft,"HistGradientBoostingRegressor(early_stopping=True, max_iter=2000,
                              n_iter_no_change=20, random_state=42)",0.0,0.1,squared_error,127,0.02,255,50,FunctionTransformer(func=<function reshape at 0x7f58a4c93e20>),passthrough,"{'first_scale': 'passthrough', 'frequency': FunctionTransformer(func=<function power_phase_stft at 0x7f58a4c934c0>), 'model': HistGradientBoostingRegressor(early_stopping=True, max_iter=2000,
                              n_iter_no_change=20, random_state=42), 'model__l2_regularization': 0.0, 'model__learning_rate': 0.1, 'model__loss': 'squared_error', 'model__max_bins': 127, 'model__max_features': 0.02, 'model__max_leaf_nodes': 255, 'model__min_samples_leaf': 50, 'reshape': FunctionTransformer(func=<function reshape at 0x7f58a4c93e20>), 'second_scale': 'passthrough'}",0.03967060296245217,0.03967060296245217,0.0,2,0.9002763941997294,0.9002763941997294,0.0,,0.9799639774183273,0.3157904460243701
1,9846.279798269272,0.0,41.04064917564392,0.0,passthrough,power_phase_stft,"HistGradientBoostingRegressor(early_stopping=True, max_iter=2000,
                              n_iter_no_change=20, random_state=42)",1.0,0.1,squared_error,127,0.05,255,50,FunctionTransformer(func=<function reshape at 0x7f58a4c93e20>),passthrough,"{'first_scale': 'passthrough', 'frequency': FunctionTransformer(func=<function power_phase_stft at 0x7f58a4c934c0>), 'model': HistGradientBoostingRegressor(early_stopping=True, max_iter=2000,
                              n_iter_no_change=20, random_state=42), 'model__l2_regularization': 1.0, 'model__learning_rate': 0.1, 'model__loss': 'squared_error', 'model__max_bins': 127, 'model__max_features': 0.05, 'model__max_leaf_nodes': 255, 'model__min_samples_leaf': 50, 'reshape': FunctionTransformer(func=<function reshape at 0x7f58a4c93e20>), 'second_scale': 'passthrough'}",0.04400153744202984,0.04400153744202984,0.0,1,0.9103964504465958,0.9103964504465958,0.0,,0.9777517387138568,0.29933851999601424
0,8948.224287748337,0.0,47.66266870498657,0.0,passthrough,power_phase_stft,"HistGradientBoostingRegressor(early_stopping=True, max_iter=2000,
                              n_iter_no_change=20, random_state=42)",0.01,0.05,squared_error,127,0.02,63,200,FunctionTransformer(func=<function reshape at 0x7f58a4c93e20>),passthrough,"{'first_scale': 'passthrough', 'frequency': FunctionTransformer(func=<function power_phase_stft at 0x7f58a4c934c0>), 'model': HistGradientBoostingRegressor(early_stopping=True, max_iter=2000,
                              n_iter_no_change=20, random_state=42), 'model__l2_regularization': 0.01, 'model__learning_rate': 0.05, 'model__loss': 'squared_error', 'model__max_bins': 127, 'model__max_features': 0.02, 'model__max_leaf_nodes': 63, 'model__min_samples_leaf': 200, 'reshape': FunctionTransformer(func=<function reshape at 0x7f58a4c93e20>), 'second_scale': 'passthrough'}",0.07629297427244786,0.07629297427244786,0.0,2,0.7940938615193406,0.7940938615193406,0.0,,0.9610967827058585,0.45376881611748004
1,3458.9016547203064,0.0,44.59532189369202,0.0,passthrough,power_phase_stft,"HistGradientBoostingRegressor(early_stopping=True, max_iter=2000,
                              n_iter_no_change=20, random_state=42)",1.0,0.01,squared_error,63,0.02,127,200,FunctionTransformer(func=<function reshape at 0x7f58a4c93e20>),passthrough,"{'first_scale': 'passthrough', 'frequency': FunctionTransformer(func=<function power_phase_stft at 0x7f58a4c934c0>), 'model': HistGradientBoostingRegressor(early_stopping=True, max_iter=2000,
                              n_iter_no_change=20, random_state=42), 'model__l2_regularization': 1.0, 'model__learning_rate': 0.01, 'model__loss': 'squared_error', 'model__max_bins': 63, 'model__max_depth': 3, 'model__max_features': 0.02, 'model__max_leaf_nodes': 127, 'model__min_samples_leaf': 200, 'reshape': FunctionTransformer(func=<function reshape at 0x7f58a4c93e20>), 'second_scale': 'passthrough'}",0.07857244097041571,0.07857244097041571,0.0,1,0.1552550497619214,0.1552550497619214,0.0,3.0,0.9599101827929446,0.9191000762909763
0,10232.406168699265,0.0,53.89921951293945,0.0,passthrough,power_phase_stft,"HistGradientBoostingRegressor(early_stopping=True, max_iter=2000,
                              n_iter_no_change=20, random_state=42)",0.0,0.1,squared_error,127,0.02,127,200,FunctionTransformer(func=<function reshape at 0x7f58a4c93e20>),passthrough,"{'first_scale': 'passthrough', 'frequency': FunctionTransformer(func=<function power_phase_stft at 0x7f58a4c934c0>), 'model': HistGradientBoostingRegressor(early_stopping=True, max_iter=2000,
                              n_iter_no_change=20, random_state=42), 'model__l2_regularization': 0.0, 'model__learning_rate': 0.1, 'model__loss': 'squared_error', 'model__max_bins': 127, 'model__max_features': 0.02, 'model__max_leaf_nodes': 127, 'model__min_samples_leaf': 200, 'reshape': FunctionTransformer(func=<function reshape at 0x7f58a4c93e20>), 'second_scale': 'passthrough'}",0.04388696057746977,0.04388696057746977,0.0,2,0.8947314699245165,0.8947314699245165,0.0,,0.9778103289608523,0.32445112124245085
1,7320.247981548309,0.0,46.805914640426636,0.0,passthrough,power_phase_stft,"HistGradientBoostingRegressor(early_stopping=True, max_iter=2000,
                              n_iter_no_change=20, random_state=42)",1.0,0.1,squared_error,127,0.05,127,200,FunctionTransformer(func=<function reshape at 0x7f58a4c93e20>),passthrough,"{'first_scale': 'passthrough', 'frequency': FunctionTransformer(func=<function power_phase_stft at 0x7f58a4c934c0>), 'model': HistGradientBoostingRegressor(early_stopping=True, max_iter=2000,
                              n_iter_no_change=20, random_state=42), 'model__l2_regularization': 1.0, 'model__learning_rate': 0.1, 'model__loss': 'squared_error', 'model__max_bins': 127, 'model__max_features': 0.05, 'model__max_leaf_nodes': 127, 'model__min_samples_leaf': 200, 'reshape': FunctionTransformer(func=<function reshape at 0x7f58a4c93e20>), 'second_scale': 'passthrough'}",0.05070062854723323,0.05070062854723323,0.0,1,0.8516133368314032,0.8516133368314032,0.0,,0.9743199533278413,0.38520989495156643
0,2581.25674366951,0.0,31.4711697101593,0.0,passthrough,power_phase_stft,"HistGradientBoostingRegressor(early_stopping=True, max_iter=2000,
                              n_iter_no_change=20, random_state=42)",0.001,0.1,squared_error,127,0.02,63,50,FunctionTransformer(func=<function reshape at 0x7f58a4c93e20>),passthrough,"{'first_scale': 'passthrough', 'frequency': FunctionTransformer(func=<function power_phase_stft at 0x7f58a4c934c0>), 'model': HistGradientBoostingRegressor(early_stopping=True, max_iter=2000,
                              n_iter_no_change=20, random_state=42), 'model__l2_regularization': 0.001, 'model__learning_rate': 0.1, 'model__loss': 'squared_error', 'model__max_bins': 127, 'model__max_features': 0.02, 'model__max_leaf_nodes': 63, 'model__min_samples_leaf': 50, 'reshape': FunctionTransformer(func=<function reshape at 0x7f58a4c93e20>), 'second_scale': 'passthrough'}",0.05863563536152072,0.05863563536152072,0.0,2,0.6997724259851265,0.6997724259851265,0.0,,0.9702393336896208,0.5479302638245798
1,3833.3340272903442,0.0,30.037809133529663,0.0,passthrough,power_phase_stft,"HistGradientBoostingRegressor(early_stopping=True, max_iter=2000,
                              n_iter_no_change=20, random_state=42)",0.05,0.05,squared_error,63,0.02,127,200,FunctionTransformer(func=<function reshape at 0x7f58a4c93e20>),passthrough,"{'first_scale': 'passthrough', 'frequency': FunctionTransformer(func=<function power_phase_stft at 0x7f58a4c934c0>), 'model': HistGradientBoostingRegressor(early_stopping=True, max_iter=2000,
                              n_iter_no_change=20, random_state=42), 'model__l2_regularization': 0.05, 'model__learning_rate': 0.05, 'model__loss': 'squared_error', 'model__max_bins': 63, 'model__max_depth': 6, 'model__max_features': 0.02, 'model__max_leaf_nodes': 127, 'model__min_samples_leaf': 200, 'reshape': FunctionTransformer(func=<function reshape at 0x7f58a4c93e20>), 'second_scale': 'passthrough'}",0.07883738773668714,0.07883738773668714,0.0,1,0.6194465669388493,0.6194465669388493,0.0,6.0,0.9597721668517549,0.616890130461779
0,6320.508180379868,0.0,41.422696113586426,0.0,passthrough,power_phase_stft,"HistGradientBoostingRegressor(early_stopping=True, max_iter=2000,
                              n_iter_no_change=20, random_state=42)",0.1,0.05,squared_error,127,0.05,31,800,FunctionTransformer(func=<function reshape at 0x7f58a4c93e20>),passthrough,"{'first_scale': 'passthrough', 'frequency': FunctionTransformer(func=<function power_phase_stft at 0x7f58a4c934c0>), 'model': HistGradientBoostingRegressor(early_stopping=True, max_iter=2000,
                              n_iter_no_change=20, random_state=42), 'model__l2_regularization': 0.1, 'model__learning_rate': 0.05, 'model__loss': 'squared_error', 'model__max_bins': 127, 'model__max_features': 0.05, 'model__max_leaf_nodes': 31, 'model__min_samples_leaf': 800, 'reshape': FunctionTransformer(func=<function reshape at 0x7f58a4c93e20>), 'second_scale': 'passthrough'}",0.07701342950124546,0.07701342950124546,0.0,2,0.6214421916326908,0.6214421916326908,0.0,,0.9607219007073559,0.615270516413154
1,5050.091124534607,0.0,39.25713300704956,0.0,passthrough,power_phase_stft,"HistGradientBoostingRegressor(early_stopping=True, max_iter=2000,
                              n_iter_no_change=20, random_state=42)",0.5,0.01,squared_error,63,0.01,63,6400,FunctionTransformer(func=<function reshape at 0x7f58a4c93e20>),passthrough,"{'first_scale': 'passthrough', 'frequency': FunctionTransformer(func=<function power_phase_stft at 0x7f58a4c934c0>), 'model': HistGradientBoostingRegressor(early_stopping=True, max_iter=2000,
                              n_iter_no_change=20, random_state=42), 'model__l2_regularization': 0.5, 'model__learning_rate': 0.01, 'model__loss': 'squared_error', 'model__max_bins': 63, 'model__max_features': 0.01, 'model__max_leaf_nodes': 63, 'model__min_samples_leaf': 6400, 'reshape': FunctionTransformer(func=<function reshape at 0x7f58a4c93e20>), 'second_scale': 'passthrough'}",0.07970138873202604,0.07970138873202604,0.0,1,0.1471163577803557,0.1471163577803557,0.0,,0.9593219539174396,0.9235169961725904
0,18724.826261281967,0.0,49.348527669906616,0.0,passthrough,power_phase_stft,"HistGradientBoostingRegressor(early_stopping=True, max_iter=2000,
                              n_iter_no_change=20, random_state=42)",0.0,0.1,squared_error,127,0.02,255,100,FunctionTransformer(func=<function reshape at 0x7f58a4c93e20>),passthrough,"{'first_scale': 'passthrough', 'frequency': FunctionTransformer(func=<function power_phase_stft at 0x7f58a4c934c0>), 'model': HistGradientBoostingRegressor(early_stopping=True, max_iter=2000,
                              n_iter_no_change=20, random_state=42), 'model__l2_regularization': 0.0, 'model__learning_rate': 0.1, 'model__loss': 'squared_error', 'model__max_bins': 127, 'model__max_features': 0.02, 'model__max_leaf_nodes': 255, 'model__min_samples_leaf': 100, 'reshape': FunctionTransformer(func=<function reshape at 0x7f58a4c93e20>), 'second_scale': 'passthrough'}",0.03686175560432736,0.03686175560432736,0.0,2,0.9140157160328778,0.9140157160328778,0.0,,0.9813960690749034,0.29323076913434953
1,12916.17260670662,0.0,47.33482789993286,0.0,passthrough,power_phase_stft,"HistGradientBoostingRegressor(early_stopping=True, max_iter=2000,
                              n_iter_no_change=20, random_state=42)",1.0,0.1,squared_error,127,0.05,255,100,FunctionTransformer(func=<function reshape at 0x7f58a4c93e20>),passthrough,"{'first_scale': 'passthrough', 'frequency': FunctionTransformer(func=<function power_phase_stft at 0x7f58a4c934c0>), 'model': HistGradientBoostingRegressor(early_stopping=True, max_iter=2000,
                              n_iter_no_change=20, random_state=42), 'model__l2_regularization': 1.0, 'model__learning_rate': 0.1, 'model__loss': 'squared_error', 'model__max_bins': 127, 'model__max_features': 0.05, 'model__max_leaf_nodes': 255, 'model__min_samples_leaf': 100, 'reshape': FunctionTransformer(func=<function reshape at 0x7f58a4c93e20>), 'second_scale': 'passthrough'}",0.03791794725914954,0.03791794725914954,0.0,1,0.9119336899319856,0.9119336899319856,0.0,,0.9808578147422033,0.2967596840340924
0,7833.889071941376,0.0,40.46058487892151,0.0,passthrough,power_phase_stft,"HistGradientBoostingRegressor(early_stopping=True, max_iter=2000,
                              n_iter_no_change=20, random_state=42)",0.01,0.02,squared_error,127,0.05,31,50,FunctionTransformer(func=<function reshape at 0x7f58a4c93e20>),passthrough,"{'first_scale': 'passthrough', 'frequency': FunctionTransformer(func=<function power_phase_stft at 0x7f58a4c934c0>), 'model': HistGradientBoostingRegressor(early_stopping=True, max_iter=2000,
                              n_iter_no_change=20, random_state=42), 'model__l2_regularization': 0.01, 'model__learning_rate': 0.02, 'model__loss': 'squared_error', 'model__max_bins': 127, 'model__max_features': 0.05, 'model__max_leaf_nodes': 31, 'model__min_samples_leaf': 50, 'reshape': FunctionTransformer(func=<function reshape at 0x7f58a4c93e20>), 'second_scale': 'passthrough'}",0.0862311407371752,0.0862311407371752,0.0,1,0.5434676605241651,0.5434676605241651,0.0,,0.9559125792993964,0.675671769038662
1,12130.044901132584,0.0,46.020437240600586,0.0,passthrough,power_phase_stft,"HistGradientBoostingRegressor(early_stopping=True, max_iter=2000,
                              n_iter_no_change=20, random_state=42)",0.1,0.05,squared_error,32,0.01,127,200,FunctionTransformer(func=<function reshape at 0x7f58a4c93e20>),passthrough,"{'first_scale': 'passthrough', 'frequency': FunctionTransformer(func=<function power_phase_stft at 0x7f58a4c934c0>), 'model': HistGradientBoostingRegressor(early_stopping=True, max_iter=2000,
                              n_iter_no_change=20, random_state=42), 'model__l2_regularization': 0.1, 'model__learning_rate': 0.05, 'model__loss': 'squared_error', 'model__max_bins': 32, 'model__max_depth': 10, 'model__max_features': 0.01, 'model__max_leaf_nodes': 127, 'model__min_samples_leaf': 200, 'reshape': FunctionTransformer(func=<function reshape at 0x7f58a4c93e20>), 'second_scale': 'passthrough'}",0.07202278643251203,0.07202278643251203,0.0,2,0.8925203454879351,0.8925203454879351,0.0,10.0,0.9633157392918938,0.32784089816870754
0,3320.513927936554,0.0,55.99515151977539,0.0,passthrough,power_phase_stft,"HistGradientBoostingRegressor(early_stopping=True, max_iter=2000,
                              n_iter_no_change=20, random_state=42)",0.001,0.1,squared_error,127,0.05,63,200,FunctionTransformer(func=<function reshape at 0x7f58a4c93e20>),passthrough,"{'first_scale': 'passthrough', 'frequency': FunctionTransformer(func=<function power_phase_stft at 0x7f58a4c934c0>), 'model': HistGradientBoostingRegressor(early_stopping=True, max_iter=2000,
                              n_iter_no_change=20, random_state=42), 'model__l2_regularization': 0.001, 'model__learning_rate': 0.1, 'model__loss': 'squared_error', 'model__max_bins': 127, 'model__max_features': 0.05, 'model__max_leaf_nodes': 63, 'model__min_samples_leaf': 200, 'reshape': FunctionTransformer(func=<function reshape at 0x7f58a4c93e20>), 'second_scale': 'passthrough'}",0.06480240359350253,0.06480240359350253,0.0,2,0.5577785362541083,0.5577785362541083,0.0,,0.967056149562422,0.6649973411570091
1,7186.214900970459,0.0,60.143070936203,0.0,passthrough,power_phase_stft,"HistGradientBoostingRegressor(early_stopping=True, max_iter=2000,
                              n_iter_no_change=20, random_state=42)",0.1,0.01,squared_error,63,0.02,127,200,FunctionTransformer(func=<function reshape at 0x7f58a4c93e20>),passthrough,"{'first_scale': 'passthrough', 'frequency': FunctionTransformer(func=<function power_phase_stft at 0x7f58a4c934c0>), 'model': HistGradientBoostingRegressor(early_stopping=True, max_iter=2000,
                              n_iter_no_change=20, random_state=42), 'model__l2_regularization': 0.1, 'model__learning_rate': 0.01, 'model__loss': 'squared_error', 'model__max_bins': 63, 'model__max_depth': 3, 'model__max_features': 0.02, 'model__max_leaf_nodes': 127, 'model__min_samples_leaf': 200, 'reshape': FunctionTransformer(func=<function reshape at 0x7f58a4c93e20>), 'second_scale': 'passthrough'}",0.07885096122134294,0.07885096122134294,0.0,1,0.15540884829046764,0.15540884829046764,0.0,3.0,0.9597650956242663,0.9190164044833652
0,13957.216670513153,0.0,59.63398218154907,0.0,passthrough,power_phase_stft,"HistGradientBoostingRegressor(early_stopping=True, max_iter=2000,
                              n_iter_no_change=20, random_state=42)",0.0,0.02,squared_error,127,0.02,31,400,FunctionTransformer(func=<function reshape at 0x7f58a4c93e20>),passthrough,"{'first_scale': 'passthrough', 'frequency': FunctionTransformer(func=<function power_phase_stft at 0x7f58a4c934c0>), 'model': HistGradientBoostingRegressor(early_stopping=True, max_iter=2000,
                              n_iter_no_change=20, random_state=42), 'model__l2_regularization': 0.0, 'model__learning_rate': 0.02, 'model__loss': 'squared_error', 'model__max_bins': 127, 'model__max_features': 0.02, 'model__max_leaf_nodes': 31, 'model__min_samples_leaf': 400, 'reshape': FunctionTransformer(func=<function reshape at 0x7f58a4c93e20>), 'second_scale': 'passthrough'}",0.08788619088574923,0.08788619088574923,0.0,1,0.495640874367527,0.495640874367527,0.0,,0.955046495786593,0.7101824593951
1,13845.070947170258,0.0,61.49669551849365,0.0,passthrough,power_phase_stft,"HistGradientBoostingRegressor(early_stopping=True, max_iter=2000,
                              n_iter_no_change=20, random_state=42)",1.0,0.02,squared_error,127,0.05,31,400,FunctionTransformer(func=<function reshape at 0x7f58a4c93e20>),passthrough,"{'first_scale': 'passthrough', 'frequency': FunctionTransformer(func=<function power_phase_stft at 0x7f58a4c934c0>), 'model': HistGradientBoostingRegressor(early_stopping=True, max_iter=2000,
                              n_iter_no_change=20, random_state=42), 'model__l2_regularization': 1.0, 'model__learning_rate': 0.02, 'model__loss': 'squared_error', 'model__max_bins': 127, 'model__max_features': 0.05, 'model__max_leaf_nodes': 31, 'model__min_samples_leaf': 400, 'reshape': FunctionTransformer(func=<function reshape at 0x7f58a4c93e20>), 'second_scale': 'passthrough'}",0.08669035532097746,0.08669035532097746,0.0,2,0.5190202620178149,0.5190202620178149,0.0,,0.9556723521579049,0.6935270275787275
0,9065.852744817734,0.0,42.86716103553772,0.0,passthrough,power_phase_stft,"HistGradientBoostingRegressor(early_stopping=True, max_iter=2000,
                              n_iter_no_change=20, random_state=42)",0.001,0.1,squared_error,127,0.05,255,400,FunctionTransformer(func=<function reshape at 0x7f58a4c93e20>),passthrough,"{'first_scale': 'passthrough', 'frequency': FunctionTransformer(func=<function power_phase_stft at 0x7f58a4c934c0>), 'model': HistGradientBoostingRegressor(early_stopping=True, max_iter=2000,
                              n_iter_no_change=20, random_state=42), 'model__l2_regularization': 0.001, 'model__learning_rate': 0.1, 'model__loss': 'squared_error', 'model__max_bins': 127, 'model__max_features': 0.05, 'model__max_leaf_nodes': 255, 'model__min_samples_leaf': 400, 'reshape': FunctionTransformer(func=<function reshape at 0x7f58a4c93e20>), 'second_scale': 'passthrough'}",0.04642576047258995,0.04642576047258995,0.0,2,0.8913748207992923,0.8913748207992923,0.0,,0.9765112592937216,0.32958334181312576
1,4487.738037586212,0.0,42.611804485321045,0.0,passthrough,power_phase_stft,"HistGradientBoostingRegressor(early_stopping=True, max_iter=2000,
                              n_iter_no_change=20, random_state=42)",0.1,0.02,squared_error,63,0.01,127,200,FunctionTransformer(func=<function reshape at 0x7f58a4c93e20>),passthrough,"{'first_scale': 'passthrough', 'frequency': FunctionTransformer(func=<function power_phase_stft at 0x7f58a4c934c0>), 'model': HistGradientBoostingRegressor(early_stopping=True, max_iter=2000,
                              n_iter_no_change=20, random_state=42), 'model__l2_regularization': 0.1, 'model__learning_rate': 0.02, 'model__loss': 'squared_error', 'model__max_bins': 63, 'model__max_depth': 3, 'model__max_features': 0.01, 'model__max_leaf_nodes': 127, 'model__min_samples_leaf': 200, 'reshape': FunctionTransformer(func=<function reshape at 0x7f58a4c93e20>), 'second_scale': 'passthrough'}",0.08456592817319974,0.08456592817319974,0.0,1,0.2068315465204541,0.2068315465204541,0.0,3.0,0.9567831895611462,0.8906000524812167
0,3549.8854269981384,0.0,36.39802145957947,0.0,passthrough,power_phase_stft,"HistGradientBoostingRegressor(early_stopping=True, max_iter=2000,
                              n_iter_no_change=20, random_state=42)",0.1,0.1,squared_error,127,0.02,63,200,FunctionTransformer(func=<function reshape at 0x7f58a4c93e20>),passthrough,"{'first_scale': 'passthrough', 'frequency': FunctionTransformer(func=<function power_phase_stft at 0x7f58a4c934c0>), 'model': HistGradientBoostingRegressor(early_stopping=True, max_iter=2000,
                              n_iter_no_change=20, random_state=42), 'model__l2_regularization': 0.1, 'model__learning_rate': 0.1, 'model__loss': 'squared_error', 'model__max_bins': 127, 'model__max_features': 0.02, 'model__max_leaf_nodes': 63, 'model__min_samples_leaf': 200, 'reshape': FunctionTransformer(func=<function reshape at 0x7f58a4c93e20>), 'second_scale': 'passthrough'}",0.05934173984427604,0.05934173984427604,0.0,2,0.6884428200570205,0.6884428200570205,0.0,,0.9698753838281101,0.5581730734664468
1,8769.641134738922,0.0,43.455413579940796,0.0,passthrough,power_phase_stft,"HistGradientBoostingRegressor(early_stopping=True, max_iter=2000,
                              n_iter_no_change=20, random_state=42)",1.0,0.01,squared_error,63,0.01,127,1600,FunctionTransformer(func=<function reshape at 0x7f58a4c93e20>),passthrough,"{'first_scale': 'passthrough', 'frequency': FunctionTransformer(func=<function power_phase_stft at 0x7f58a4c934c0>), 'model': HistGradientBoostingRegressor(early_stopping=True, max_iter=2000,
                              n_iter_no_change=20, random_state=42), 'model__l2_regularization': 1.0, 'model__learning_rate': 0.01, 'model__loss': 'squared_error', 'model__max_bins': 63, 'model__max_features': 0.01, 'model__max_leaf_nodes': 127, 'model__min_samples_leaf': 1600, 'reshape': FunctionTransformer(func=<function reshape at 0x7f58a4c93e20>), 'second_scale': 'passthrough'}",0.08848736242559163,0.08848736242559163,0.0,1,0.30543094689442507,0.30543094689442507,0.0,,0.9547317097354672,0.8334080951764117
0,12156.745010137558,0.0,42.244346380233765,0.0,passthrough,power_phase_stft,"HistGradientBoostingRegressor(early_stopping=True, max_iter=2000,
                              n_iter_no_change=20, random_state=42)",0.0,0.05,squared_error,127,0.05,127,100,FunctionTransformer(func=<function reshape at 0x7f58a4c93e20>),passthrough,"{'first_scale': 'passthrough', 'frequency': FunctionTransformer(func=<function power_phase_stft at 0x7f58a4c934c0>), 'model': HistGradientBoostingRegressor(early_stopping=True, max_iter=2000,
                              n_iter_no_change=20, random_state=42), 'model__l2_regularization': 0.0, 'model__learning_rate': 0.05, 'model__loss': 'squared_error', 'model__max_bins': 127, 'model__max_features': 0.05, 'model__max_leaf_nodes': 127, 'model__min_samples_leaf': 100, 'reshape': FunctionTransformer(func=<function reshape at 0x7f58a4c93e20>), 'second_scale': 'passthrough'}",0.07438794596788645,0.07438794596788645,0.0,1,0.8754733344419572,0.8754733344419572,0.0,,0.9620873422055367,0.35288335970691903
1,9225.706463575363,0.0,42.56001091003418,0.0,passthrough,power_phase_stft,"HistGradientBoostingRegressor(early_stopping=True, max_iter=2000,
                              n_iter_no_change=20, random_state=42)",1.0,0.1,squared_error,127,0.02,127,100,FunctionTransformer(func=<function reshape at 0x7f58a4c93e20>),passthrough,"{'first_scale': 'passthrough', 'frequency': FunctionTransformer(func=<function power_phase_stft at 0x7f58a4c934c0>), 'model': HistGradientBoostingRegressor(early_stopping=True, max_iter=2000,
                              n_iter_no_change=20, random_state=42), 'model__l2_regularization': 1.0, 'model__learning_rate': 0.1, 'model__loss': 'squared_error', 'model__max_bins': 127, 'model__max_features': 0.02, 'model__max_leaf_nodes': 127, 'model__min_samples_leaf': 100, 'reshape': FunctionTransformer(func=<function reshape at 0x7f58a4c93e20>), 'second_scale': 'passthrough'}",0.04428182631236799,0.04428182631236799,0.0,2,0.8997057470562387,0.8997057470562387,0.0,,0.977608394853293,0.3166926790182578
0,23416.213329553604,0.0,54.6267192363739,0.0,passthrough,power_phase_stft,"HistGradientBoostingRegressor(early_stopping=True, max_iter=2000,
                              n_iter_no_change=20, random_state=42)",0.001,0.1,squared_error,127,0.02,255,200,FunctionTransformer(func=<function reshape at 0x7f58a4c93e20>),passthrough,"{'first_scale': 'passthrough', 'frequency': FunctionTransformer(func=<function power_phase_stft at 0x7f58a4c934c0>), 'model': HistGradientBoostingRegressor(early_stopping=True, max_iter=2000,
                              n_iter_no_change=20, random_state=42), 'model__l2_regularization': 0.001, 'model__learning_rate': 0.1, 'model__loss': 'squared_error', 'model__max_bins': 127, 'model__max_features': 0.02, 'model__max_leaf_nodes': 255, 'model__min_samples_leaf': 200, 'reshape': FunctionTransformer(func=<function reshape at 0x7f58a4c93e20>), 'second_scale': 'passthrough'}",0.040778034923119266,0.040778034923119266,0.0,2,0.9145032138648953,0.9145032138648953,0.0,,0.9793987773511261,0.29239833469960924
1,3066.0755290985107,0.0,45.64399218559265,0.0,passthrough,power_phase_stft,"HistGradientBoostingRegressor(early_stopping=True, max_iter=2000,
                              n_iter_no_change=20, random_state=42)",0.05,0.1,squared_error,63,0.02,127,200,FunctionTransformer(func=<function reshape at 0x7f58a4c93e20>),passthrough,"{'first_scale': 'passthrough', 'frequency': FunctionTransformer(func=<function power_phase_stft at 0x7f58a4c934c0>), 'model': HistGradientBoostingRegressor(early_stopping=True, max_iter=2000,
                              n_iter_no_change=20, random_state=42), 'model__l2_regularization': 0.05, 'model__learning_rate': 0.1, 'model__loss': 'squared_error', 'model__max_bins': 63, 'model__max_depth': 6, 'model__max_features': 0.02, 'model__max_leaf_nodes': 127, 'model__min_samples_leaf': 200, 'reshape': FunctionTransformer(func=<function reshape at 0x7f58a4c93e20>), 'second_scale': 'passthrough'}",0.056272426653182106,0.056272426653182106,0.0,1,0.6342588054167364,0.6342588054167364,0.0,6.0,0.9714564186554216,0.6047654045853347
0,3234.4117093086243,0.0,38.36298966407776,0.0,passthrough,power_phase_stft,"HistGradientBoostingRegressor(early_stopping=True, max_iter=2000,
                              n_iter_no_change=20, random_state=42)",0.001,0.1,squared_error,127,0.02,63,100,FunctionTransformer(func=<function reshape at 0x7f58a4c93e20>),passthrough,"{'first_scale': 'passthrough', 'frequency': FunctionTransformer(func=<function power_phase_stft at 0x7f58a4c934c0>), 'model': HistGradientBoostingRegressor(early_stopping=True, max_iter=2000,
                              n_iter_no_change=20, random_state=42), 'model__l2_regularization': 0.001, 'model__learning_rate': 0.1, 'model__loss': 'squared_error', 'model__max_bins': 127, 'model__max_features': 0.02, 'model__max_leaf_nodes': 63, 'model__min_samples_leaf': 100, 'reshape': FunctionTransformer(func=<function reshape at 0x7f58a4c93e20>), 'second_scale': 'passthrough'}",0.05684529332455024,0.05684529332455024,0.0,2,0.6509496013327671,0.6509496013327671,0.0,,0.9711615245032361,0.5908048735980712
1,12058.6209025383,0.0,44.07011890411377,0.0,passthrough,power_phase_stft,"HistGradientBoostingRegressor(early_stopping=True, max_iter=2000,
                              n_iter_no_change=20, random_state=42)",0.05,0.05,squared_error,63,0.01,127,200,FunctionTransformer(func=<function reshape at 0x7f58a4c93e20>),passthrough,"{'first_scale': 'passthrough', 'frequency': FunctionTransformer(func=<function power_phase_stft at 0x7f58a4c934c0>), 'model': HistGradientBoostingRegressor(early_stopping=True, max_iter=2000,
                              n_iter_no_change=20, random_state=42), 'model__l2_regularization': 0.05, 'model__learning_rate': 0.05, 'model__loss': 'squared_error', 'model__max_bins': 63, 'model__max_depth': 10, 'model__max_features': 0.01, 'model__max_leaf_nodes': 127, 'model__min_samples_leaf': 200, 'reshape': FunctionTransformer(func=<function reshape at 0x7f58a4c93e20>), 'second_scale': 'passthrough'}",0.0713089976442044,0.0713089976442044,0.0,1,0.8559429928716392,0.8559429928716392,0.0,10.0,0.9636861534523549,0.37954842527451066
0,6936.908717870712,0.0,67.87428522109985,0.0,passthrough,power_phase_stft,"HistGradientBoostingRegressor(early_stopping=True, max_iter=2000,
                              n_iter_no_change=20, random_state=42)",0.01,0.1,squared_error,127,0.05,255,400,FunctionTransformer(func=<function reshape at 0x7f58a4c93e20>),passthrough,"{'first_scale': 'passthrough', 'frequency': FunctionTransformer(func=<function power_phase_stft at 0x7f58a4c934c0>), 'model': HistGradientBoostingRegressor(early_stopping=True, max_iter=2000,
                              n_iter_no_change=20, random_state=42), 'model__l2_regularization': 0.01, 'model__learning_rate': 0.1, 'model__loss': 'squared_error', 'model__max_bins': 127, 'model__max_features': 0.05, 'model__max_leaf_nodes': 255, 'model__min_samples_leaf': 400, 'reshape': FunctionTransformer(func=<function reshape at 0x7f58a4c93e20>), 'second_scale': 'passthrough'}",0.049908139608727864,0.049908139608727864,0.0,2,0.8018304966151191,0.8018304966151191,0.0,,0.9747265567282304,0.4451623337445352
1,6797.091606378555,0.0,71.72808241844177,0.0,passthrough,power_phase_stft,"HistGradientBoostingRegressor(early_stopping=True, max_iter=2000,
                              n_iter_no_change=20, random_state=42)",5.0,0.02,squared_error,63,0.01,127,200,FunctionTransformer(func=<function reshape at 0x7f58a4c93e20>),passthrough,"{'first_scale': 'passthrough', 'frequency': FunctionTransformer(func=<function power_phase_stft at 0x7f58a4c934c0>), 'model': HistGradientBoostingRegressor(early_stopping=True, max_iter=2000,
                              n_iter_no_change=20, random_state=42), 'model__l2_regularization': 5.0, 'model__learning_rate': 0.02, 'model__loss': 'squared_error', 'model__max_bins': 63, 'model__max_depth': 3, 'model__max_features': 0.01, 'model__max_leaf_nodes': 127, 'model__min_samples_leaf': 200, 'reshape': FunctionTransformer(func=<function reshape at 0x7f58a4c93e20>), 'second_scale': 'passthrough'}",0.08461967163159101,0.08461967163159101,0.0,1,0.2064906443182709,0.2064906443182709,0.0,3.0,0.9567551036542261,0.8907914209744777
0,3428.048027276993,0.0,55.17630457878113,0.0,passthrough,power_phase_stft,"HistGradientBoostingRegressor(early_stopping=True, max_iter=2000,
                              n_iter_no_change=20, random_state=42)",0.001,0.1,squared_error,127,0.05,31,100,FunctionTransformer(func=<function reshape at 0x7f58a4c93e20>),passthrough,"{'first_scale': 'passthrough', 'frequency': FunctionTransformer(func=<function power_phase_stft at 0x7f58a4c934c0>), 'model': HistGradientBoostingRegressor(early_stopping=True, max_iter=2000,
                              n_iter_no_change=20, random_state=42), 'model__l2_regularization': 0.001, 'model__learning_rate': 0.1, 'model__loss': 'squared_error', 'model__max_bins': 127, 'model__max_features': 0.05, 'model__max_leaf_nodes': 31, 'model__min_samples_leaf': 100, 'reshape': FunctionTransformer(func=<function reshape at 0x7f58a4c93e20>), 'second_scale': 'passthrough'}",0.0632856571911945,0.0632856571911945,0.0,2,0.5789275273187505,0.5789275273187505,0.0,,0.9678400398871735,0.6489009729390529
1,5906.832049369812,0.0,57.51941418647766,0.0,passthrough,power_phase_stft,"HistGradientBoostingRegressor(early_stopping=True, max_iter=2000,
                              n_iter_no_change=20, random_state=42)",0.1,0.01,squared_error,32,0.02,127,200,FunctionTransformer(func=<function reshape at 0x7f58a4c93e20>),passthrough,"{'first_scale': 'passthrough', 'frequency': FunctionTransformer(func=<function power_phase_stft at 0x7f58a4c934c0>), 'model': HistGradientBoostingRegressor(early_stopping=True, max_iter=2000,
                              n_iter_no_change=20, random_state=42), 'model__l2_regularization': 0.1, 'model__learning_rate': 0.01, 'model__loss': 'squared_error', 'model__max_bins': 32, 'model__max_depth': 3, 'model__max_features': 0.02, 'model__max_leaf_nodes': 127, 'model__min_samples_leaf': 200, 'reshape': FunctionTransformer(func=<function reshape at 0x7f58a4c93e20>), 'second_scale': 'passthrough'}",0.07882256869980486,0.07882256869980486,0.0,1,0.15313935320313787,0.15313935320313787,0.0,3.0,0.9597798869012598,0.9202503174663197
