,mean_fit_time,std_fit_time,mean_score_time,std_score_time,param_first_scale,param_frequency,param_model,param_model__l2_regularization,param_model__learning_rate,param_model__loss,param_model__max_bins,param_model__max_depth,param_model__max_features,param_model__max_leaf_nodes,param_model__min_samples_leaf,param_reshape,param_second_scale,params,split0_test_score,mean_test_score,std_test_score,rank_test_score,split0_train_score,mean_train_score,std_train_score,nrmse_test,nrmse_train
0,15611.999550580978,0.0,49.50784969329834,0.0,passthrough,passthrough,"HistGradientBoostingRegressor(early_stopping=True, max_iter=10000,
                              n_iter_no_change=100, random_state=42,
                              scoring='neg_root_mean_squared_error')",400,0.02,squared_error,32,3,1.0,127,800,FunctionTransformer(func=<function reshape at 0x7fdb1d1c0360>),passthrough,"{'first_scale': 'passthrough', 'frequency': 'passthrough', 'model': HistGradientBoostingRegressor(early_stopping=True, max_iter=10000,
                              n_iter_no_change=100, random_state=42,
                              scoring='neg_root_mean_squared_error'), 'model__l2_regularization': 400, 'model__learning_rate': 0.02, 'model__loss': 'squared_error', 'model__max_bins': 32, 'model__max_depth': 3, 'model__max_features': 1.0, 'model__max_leaf_nodes': 127, 'model__min_samples_leaf': 800, 'reshape': FunctionTransformer(func=<function reshape at 0x7fdb1d1c0360>), 'second_scale': 'passthrough'}",0.08372887255472938,0.08372887255472938,0.0,1,0.4430530157877105,0.4430530157877105,0.0,0.9572205218471189,0.7462888075083864
0,13887.717777967453,0.0,32.176767110824585,0.0,passthrough,passthrough,"HistGradientBoostingRegressor(early_stopping=True, max_iter=10000,
                              n_iter_no_change=100, random_state=42,
                              scoring='neg_root_mean_squared_error')",200,0.05,squared_error,32,6,0.2,255,200,FunctionTransformer(func=<function reshape at 0x7fdb1d1c0360>),passthrough,"{'first_scale': 'passthrough', 'frequency': 'passthrough', 'model': HistGradientBoostingRegressor(early_stopping=True, max_iter=10000,
                              n_iter_no_change=100, random_state=42,
                              scoring='neg_root_mean_squared_error'), 'model__l2_regularization': 200, 'model__learning_rate': 0.05, 'model__loss': 'squared_error', 'model__max_bins': 32, 'model__max_depth': 6, 'model__max_features': 0.2, 'model__max_leaf_nodes': 255, 'model__min_samples_leaf': 200, 'reshape': FunctionTransformer(func=<function reshape at 0x7fdb1d1c0360>), 'second_scale': 'passthrough'}",0.07799528210147244,0.07799528210147244,0.0,1,0.8655266955070888,0.8655266955070888,0.0,0.9602107674352166,0.3667060191664587
0,8288.890437364578,0.0,25.473064661026,0.0,passthrough,passthrough,"HistGradientBoostingRegressor(early_stopping=True, max_iter=10000,
                              n_iter_no_change=100, random_state=42,
                              scoring='neg_root_mean_squared_error')",200,0.05,squared_error,32,3,0.5,127,800,FunctionTransformer(func=<function reshape at 0x7fdb1d1c0360>),passthrough,"{'first_scale': 'passthrough', 'frequency': 'passthrough', 'model': HistGradientBoostingRegressor(early_stopping=True, max_iter=10000,
                              n_iter_no_change=100, random_state=42,
                              scoring='neg_root_mean_squared_error'), 'model__l2_regularization': 200, 'model__learning_rate': 0.05, 'model__loss': 'squared_error', 'model__max_bins': 32, 'model__max_depth': 3, 'model__max_features': 0.5, 'model__max_leaf_nodes': 127, 'model__min_samples_leaf': 800, 'reshape': FunctionTransformer(func=<function reshape at 0x7fdb1d1c0360>), 'second_scale': 'passthrough'}",0.07925632932749804,0.07925632932749804,0.0,1,0.5051920846371722,0.5051920846371722,0.0,0.9595538914894264,0.703425842120424
0,16143.091950654984,0.0,28.482983112335205,0.0,passthrough,passthrough,"HistGradientBoostingRegressor(early_stopping=True, max_iter=10000,
                              n_iter_no_change=100, random_state=42,
                              scoring='neg_root_mean_squared_error')",100,0.1,squared_error,32,6,0.2,127,200,FunctionTransformer(func=<function reshape at 0x7fdb1d1c0360>),passthrough,"{'first_scale': 'passthrough', 'frequency': 'passthrough', 'model': HistGradientBoostingRegressor(early_stopping=True, max_iter=10000,
                              n_iter_no_change=100, random_state=42,
                              scoring='neg_root_mean_squared_error'), 'model__l2_regularization': 100, 'model__learning_rate': 0.1, 'model__loss': 'squared_error', 'model__max_bins': 32, 'model__max_depth': 6, 'model__max_features': 0.2, 'model__max_leaf_nodes': 127, 'model__min_samples_leaf': 200, 'reshape': FunctionTransformer(func=<function reshape at 0x7fdb1d1c0360>), 'second_scale': 'passthrough'}",0.05663426622045198,0.05663426622045198,0.0,1,0.8925215262116302,0.8925215262116302,0.0,0.971270165185541,0.3278390974065934
0,9497.943926334381,0.0,33.74889588356018,0.0,passthrough,passthrough,"HistGradientBoostingRegressor(early_stopping=True, max_iter=10000,
                              n_iter_no_change=100, random_state=42,
                              scoring='neg_root_mean_squared_error')",200,0.05,squared_error,32,3,0.2,511,400,FunctionTransformer(func=<function reshape at 0x7fdb1d1c0360>),passthrough,"{'first_scale': 'passthrough', 'frequency': 'passthrough', 'model': HistGradientBoostingRegressor(early_stopping=True, max_iter=10000,
                              n_iter_no_change=100, random_state=42,
                              scoring='neg_root_mean_squared_error'), 'model__l2_regularization': 200, 'model__learning_rate': 0.05, 'model__loss': 'squared_error', 'model__max_bins': 32, 'model__max_depth': 3, 'model__max_features': 0.2, 'model__max_leaf_nodes': 511, 'model__min_samples_leaf': 400, 'reshape': FunctionTransformer(func=<function reshape at 0x7fdb1d1c0360>), 'second_scale': 'passthrough'}",0.07767470232598583,0.07767470232598583,0.0,1,0.5332748316579785,0.5332748316579785,0.0,0.9603776849104805,0.6831728685640418
0,6455.642092227936,0.0,19.848548412322998,0.0,passthrough,passthrough,"HistGradientBoostingRegressor(early_stopping=True, max_iter=10000,
                              n_iter_no_change=100, random_state=42,
                              scoring='neg_root_mean_squared_error')",50,0.1,squared_error,32,3,1.0,127,800,FunctionTransformer(func=<function reshape at 0x7fdb1d1c0360>),passthrough,"{'first_scale': 'passthrough', 'frequency': 'passthrough', 'model': HistGradientBoostingRegressor(early_stopping=True, max_iter=10000,
                              n_iter_no_change=100, random_state=42,
                              scoring='neg_root_mean_squared_error'), 'model__l2_regularization': 50, 'model__learning_rate': 0.1, 'model__loss': 'squared_error', 'model__max_bins': 32, 'model__max_depth': 3, 'model__max_features': 1.0, 'model__max_leaf_nodes': 127, 'model__min_samples_leaf': 800, 'reshape': FunctionTransformer(func=<function reshape at 0x7fdb1d1c0360>), 'second_scale': 'passthrough'}",0.067641135026966,0.067641135026966,0.0,1,0.5260450623759212,0.5260450623759212,0.0,0.9655873160792006,0.6884438521942648
0,9104.606244325638,0.0,20.536720037460327,0.0,passthrough,passthrough,"HistGradientBoostingRegressor(early_stopping=True, max_iter=10000,
                              n_iter_no_change=100, random_state=42,
                              scoring='neg_root_mean_squared_error')",100,0.05,squared_error,32,3,0.5,511,400,FunctionTransformer(func=<function reshape at 0x7fdb1d1c0360>),passthrough,"{'first_scale': 'passthrough', 'frequency': 'passthrough', 'model': HistGradientBoostingRegressor(early_stopping=True, max_iter=10000,
                              n_iter_no_change=100, random_state=42,
                              scoring='neg_root_mean_squared_error'), 'model__l2_regularization': 100, 'model__learning_rate': 0.05, 'model__loss': 'squared_error', 'model__max_bins': 32, 'model__max_depth': 3, 'model__max_features': 0.5, 'model__max_leaf_nodes': 511, 'model__min_samples_leaf': 400, 'reshape': FunctionTransformer(func=<function reshape at 0x7fdb1d1c0360>), 'second_scale': 'passthrough'}",0.08399917047094518,0.08399917047094518,0.0,1,0.42896558778284777,0.42896558778284777,0.0,0.95707932248537,0.7556681892319884
0,13523.66972064972,0.0,28.63267731666565,0.0,passthrough,passthrough,"HistGradientBoostingRegressor(early_stopping=True, max_iter=10000,
                              n_iter_no_change=100, random_state=42,
                              scoring='neg_root_mean_squared_error')",100,0.1,squared_error,32,6,0.5,255,800,FunctionTransformer(func=<function reshape at 0x7fdb1d1c0360>),passthrough,"{'first_scale': 'passthrough', 'frequency': 'passthrough', 'model': HistGradientBoostingRegressor(early_stopping=True, max_iter=10000,
                              n_iter_no_change=100, random_state=42,
                              scoring='neg_root_mean_squared_error'), 'model__l2_regularization': 100, 'model__learning_rate': 0.1, 'model__loss': 'squared_error', 'model__max_bins': 32, 'model__max_depth': 6, 'model__max_features': 0.5, 'model__max_leaf_nodes': 255, 'model__min_samples_leaf': 800, 'reshape': FunctionTransformer(func=<function reshape at 0x7fdb1d1c0360>), 'second_scale': 'passthrough'}",0.05311313123167971,0.05311313123167971,0.0,1,0.8498127807173592,0.8498127807173592,0.0,0.9730811213708342,0.38753995830448346
0,14636.35950922966,0.0,42.70008730888367,0.0,passthrough,passthrough,"HistGradientBoostingRegressor(early_stopping=True, max_iter=10000,
                              n_iter_no_change=100, random_state=42,
                              scoring='neg_root_mean_squared_error')",200,0.02,squared_error,32,3,1.0,127,200,FunctionTransformer(func=<function reshape at 0x7fdb1d1c0360>),passthrough,"{'first_scale': 'passthrough', 'frequency': 'passthrough', 'model': HistGradientBoostingRegressor(early_stopping=True, max_iter=10000,
                              n_iter_no_change=100, random_state=42,
                              scoring='neg_root_mean_squared_error'), 'model__l2_regularization': 200, 'model__learning_rate': 0.02, 'model__loss': 'squared_error', 'model__max_bins': 32, 'model__max_depth': 3, 'model__max_features': 1.0, 'model__max_leaf_nodes': 127, 'model__min_samples_leaf': 200, 'reshape': FunctionTransformer(func=<function reshape at 0x7fdb1d1c0360>), 'second_scale': 'passthrough'}",0.08251266555396575,0.08251266555396575,0.0,1,0.45097705617787576,0.45097705617787576,0.0,0.9578555916452304,0.7409608247553471
0,31960.859909296036,0.0,102.43775081634521,0.0,passthrough,passthrough,"HistGradientBoostingRegressor(early_stopping=True, max_iter=10000,
                              n_iter_no_change=100, random_state=42,
                              scoring='neg_root_mean_squared_error')",400,0.0025,squared_error,63,6,0.5,255,3200,FunctionTransformer(func=<function reshape at 0x7fdb1d1c0360>),passthrough,"{'first_scale': 'passthrough', 'frequency': 'passthrough', 'model': HistGradientBoostingRegressor(early_stopping=True, max_iter=10000,
                              n_iter_no_change=100, random_state=42,
                              scoring='neg_root_mean_squared_error'), 'model__l2_regularization': 400, 'model__learning_rate': 0.0025, 'model__loss': 'squared_error', 'model__max_bins': 63, 'model__max_depth': 6, 'model__max_features': 0.5, 'model__max_leaf_nodes': 255, 'model__min_samples_leaf': 3200, 'reshape': FunctionTransformer(func=<function reshape at 0x7fdb1d1c0360>), 'second_scale': 'passthrough'}",0.08678531778073717,0.08678531778073717,0.0,1,0.22515249367716117,0.22515249367716117,0.0,0.9556226672799588,0.8802542282334341
0,27939.26203560829,0.0,73.77632212638855,0.0,passthrough,passthrough,"HistGradientBoostingRegressor(early_stopping=True, max_iter=10000,
                              n_iter_no_change=100, random_state=42,
                              scoring='neg_root_mean_squared_error')",800,0.0025,squared_error,63,6,0.5,255,6400,FunctionTransformer(func=<function reshape at 0x7fdb1d1c0360>),passthrough,"{'first_scale': 'passthrough', 'frequency': 'passthrough', 'model': HistGradientBoostingRegressor(early_stopping=True, max_iter=10000,
                              n_iter_no_change=100, random_state=42,
                              scoring='neg_root_mean_squared_error'), 'model__l2_regularization': 800, 'model__learning_rate': 0.0025, 'model__loss': 'squared_error', 'model__max_bins': 63, 'model__max_depth': 6, 'model__max_features': 0.5, 'model__max_leaf_nodes': 255, 'model__min_samples_leaf': 6400, 'reshape': FunctionTransformer(func=<function reshape at 0x7fdb1d1c0360>), 'second_scale': 'passthrough'}",0.07991770353719785,0.07991770353719785,0.0,1,0.16953033620419722,0.16953033620419722,0.0,0.9592092037000073,0.9113010829554647
0,27050.47114777565,0.0,76.80423903465271,0.0,passthrough,passthrough,"HistGradientBoostingRegressor(early_stopping=True, max_iter=10000,
                              n_iter_no_change=100, random_state=42,
                              scoring='neg_root_mean_squared_error')",200,0.005,squared_error,63,6,1.0,255,6400,FunctionTransformer(func=<function reshape at 0x7fdb1d1c0360>),passthrough,"{'first_scale': 'passthrough', 'frequency': 'passthrough', 'model': HistGradientBoostingRegressor(early_stopping=True, max_iter=10000,
                              n_iter_no_change=100, random_state=42,
                              scoring='neg_root_mean_squared_error'), 'model__l2_regularization': 200, 'model__learning_rate': 0.005, 'model__loss': 'squared_error', 'model__max_bins': 63, 'model__max_depth': 6, 'model__max_features': 1.0, 'model__max_leaf_nodes': 255, 'model__min_samples_leaf': 6400, 'reshape': FunctionTransformer(func=<function reshape at 0x7fdb1d1c0360>), 'second_scale': 'passthrough'}",0.08555508865782102,0.08555508865782102,0.0,1,0.2343466273144712,0.2343466273144712,0.0,0.9562661299775178,0.8750162128129563
0,15164.188245296478,0.0,29.254461526870728,0.0,passthrough,passthrough,"HistGradientBoostingRegressor(early_stopping=True, max_iter=10000,
                              n_iter_no_change=100, random_state=42,
                              scoring='neg_root_mean_squared_error')",200,0.05,squared_error,32,3,0.2,255,800,FunctionTransformer(func=<function reshape at 0x7fdb1d1c0360>),passthrough,"{'first_scale': 'passthrough', 'frequency': 'passthrough', 'model': HistGradientBoostingRegressor(early_stopping=True, max_iter=10000,
                              n_iter_no_change=100, random_state=42,
                              scoring='neg_root_mean_squared_error'), 'model__l2_regularization': 200, 'model__learning_rate': 0.05, 'model__loss': 'squared_error', 'model__max_bins': 32, 'model__max_depth': 3, 'model__max_features': 0.2, 'model__max_leaf_nodes': 255, 'model__min_samples_leaf': 800, 'reshape': FunctionTransformer(func=<function reshape at 0x7fdb1d1c0360>), 'second_scale': 'passthrough'}",0.07967136600787728,0.07967136600787728,0.0,1,0.4818356074980169,0.4818356074980169,0.0,0.959337601677388,0.7198363650872212
0,10523.210975408554,0.0,33.93371820449829,0.0,passthrough,passthrough,"HistGradientBoostingRegressor(early_stopping=True, max_iter=10000,
                              n_iter_no_change=100, random_state=42,
                              scoring='neg_root_mean_squared_error')",50,0.05,squared_error,32,3,0.5,511,400,FunctionTransformer(func=<function reshape at 0x7fdb1d1c0360>),passthrough,"{'first_scale': 'passthrough', 'frequency': 'passthrough', 'model': HistGradientBoostingRegressor(early_stopping=True, max_iter=10000,
                              n_iter_no_change=100, random_state=42,
                              scoring='neg_root_mean_squared_error'), 'model__l2_regularization': 50, 'model__learning_rate': 0.05, 'model__loss': 'squared_error', 'model__max_bins': 32, 'model__max_depth': 3, 'model__max_features': 0.5, 'model__max_leaf_nodes': 511, 'model__min_samples_leaf': 400, 'reshape': FunctionTransformer(func=<function reshape at 0x7fdb1d1c0360>), 'second_scale': 'passthrough'}",0.07931800613370366,0.07931800613370366,0.0,1,0.4830265305503322,0.4830265305503322,0.0,0.9595217526801028,0.7190086713313462
0,13902.51570224762,0.0,49.357903242111206,0.0,passthrough,passthrough,"HistGradientBoostingRegressor(early_stopping=True, max_iter=10000,
                              n_iter_no_change=100, random_state=42,
                              scoring='neg_root_mean_squared_error')",200,0.02,squared_error,32,3,0.2,511,800,FunctionTransformer(func=<function reshape at 0x7fdb1d1c0360>),passthrough,"{'first_scale': 'passthrough', 'frequency': 'passthrough', 'model': HistGradientBoostingRegressor(early_stopping=True, max_iter=10000,
                              n_iter_no_change=100, random_state=42,
                              scoring='neg_root_mean_squared_error'), 'model__l2_regularization': 200, 'model__learning_rate': 0.02, 'model__loss': 'squared_error', 'model__max_bins': 32, 'model__max_depth': 3, 'model__max_features': 0.2, 'model__max_leaf_nodes': 511, 'model__min_samples_leaf': 800, 'reshape': FunctionTransformer(func=<function reshape at 0x7fdb1d1c0360>), 'second_scale': 'passthrough'}",0.0869895837824668,0.0869895837824668,0.0,1,0.41647565704823264,0.41647565704823264,0.0,0.9555157854360823,0.7638876507391433
0,7148.679040670395,0.0,18.65773582458496,0.0,passthrough,passthrough,"HistGradientBoostingRegressor(early_stopping=True, max_iter=10000,
                              n_iter_no_change=100, random_state=42,
                              scoring='neg_root_mean_squared_error')",100,0.1,squared_error,32,3,1.0,255,200,FunctionTransformer(func=<function reshape at 0x7fdb1d1c0360>),passthrough,"{'first_scale': 'passthrough', 'frequency': 'passthrough', 'model': HistGradientBoostingRegressor(early_stopping=True, max_iter=10000,
                              n_iter_no_change=100, random_state=42,
                              scoring='neg_root_mean_squared_error'), 'model__l2_regularization': 100, 'model__learning_rate': 0.1, 'model__loss': 'squared_error', 'model__max_bins': 32, 'model__max_depth': 3, 'model__max_features': 1.0, 'model__max_leaf_nodes': 255, 'model__min_samples_leaf': 200, 'reshape': FunctionTransformer(func=<function reshape at 0x7fdb1d1c0360>), 'second_scale': 'passthrough'}",0.07032063649009201,0.07032063649009201,0.0,1,0.5005546257947053,0.5005546257947053,0.0,0.9641988194920734,0.7067144927092515
0,16166.997470617294,0.0,63.9305214881897,0.0,passthrough,passthrough,"HistGradientBoostingRegressor(early_stopping=True, max_iter=10000,
                              n_iter_no_change=100, random_state=42,
                              scoring='neg_root_mean_squared_error')",50,0.02,squared_error,32,3,1.0,511,200,FunctionTransformer(func=<function reshape at 0x7fdb1d1c0360>),passthrough,"{'first_scale': 'passthrough', 'frequency': 'passthrough', 'model': HistGradientBoostingRegressor(early_stopping=True, max_iter=10000,
                              n_iter_no_change=100, random_state=42,
                              scoring='neg_root_mean_squared_error'), 'model__l2_regularization': 50, 'model__learning_rate': 0.02, 'model__loss': 'squared_error', 'model__max_bins': 32, 'model__max_depth': 3, 'model__max_features': 1.0, 'model__max_leaf_nodes': 511, 'model__min_samples_leaf': 200, 'reshape': FunctionTransformer(func=<function reshape at 0x7fdb1d1c0360>), 'second_scale': 'passthrough'}",0.08307371767900673,0.08307371767900673,0.0,1,0.4417399123641057,0.4417399123641057,0.0,0.9575626780117286,0.747168045111603
0,25236.589161157608,0.0,78.33736062049866,0.0,passthrough,passthrough,"HistGradientBoostingRegressor(early_stopping=True, max_iter=10000,
                              n_iter_no_change=100, random_state=42,
                              scoring='neg_root_mean_squared_error')",100,0.02,squared_error,32,3,1.0,255,800,FunctionTransformer(func=<function reshape at 0x7fdb1d1c0360>),passthrough,"{'first_scale': 'passthrough', 'frequency': 'passthrough', 'model': HistGradientBoostingRegressor(early_stopping=True, max_iter=10000,
                              n_iter_no_change=100, random_state=42,
                              scoring='neg_root_mean_squared_error'), 'model__l2_regularization': 100, 'model__learning_rate': 0.02, 'model__loss': 'squared_error', 'model__max_bins': 32, 'model__max_depth': 3, 'model__max_features': 1.0, 'model__max_leaf_nodes': 255, 'model__min_samples_leaf': 800, 'reshape': FunctionTransformer(func=<function reshape at 0x7fdb1d1c0360>), 'second_scale': 'passthrough'}",0.08269731994154617,0.08269731994154617,0.0,1,0.4597935509689254,0.4597935509689254,0.0,0.9577591973238648,0.7349873801849081
0,11054.048807621002,0.0,31.50278401374817,0.0,passthrough,passthrough,"HistGradientBoostingRegressor(early_stopping=True, max_iter=10000,
                              n_iter_no_change=100, random_state=42,
                              scoring='neg_root_mean_squared_error')",200,0.1,squared_error,32,6,0.5,127,400,FunctionTransformer(func=<function reshape at 0x7fdb1d1c0360>),passthrough,"{'first_scale': 'passthrough', 'frequency': 'passthrough', 'model': HistGradientBoostingRegressor(early_stopping=True, max_iter=10000,
                              n_iter_no_change=100, random_state=42,
                              scoring='neg_root_mean_squared_error'), 'model__l2_regularization': 200, 'model__learning_rate': 0.1, 'model__loss': 'squared_error', 'model__max_bins': 32, 'model__max_depth': 6, 'model__max_features': 0.5, 'model__max_leaf_nodes': 127, 'model__min_samples_leaf': 400, 'reshape': FunctionTransformer(func=<function reshape at 0x7fdb1d1c0360>), 'second_scale': 'passthrough'}",0.05965558644088331,0.05965558644088331,0.0,1,0.8952407991766026,0.8952407991766026,0.0,0.9697135729477631,0.32366526045190175
0,30707.893995523453,0.0,104.06555938720703,0.0,passthrough,passthrough,"HistGradientBoostingRegressor(early_stopping=True, max_iter=10000,
                              n_iter_no_change=100, random_state=42,
                              scoring='neg_root_mean_squared_error')",400,0.005,squared_error,63,6,1.0,127,3200,FunctionTransformer(func=<function reshape at 0x7fdb1d1c0360>),passthrough,"{'first_scale': 'passthrough', 'frequency': 'passthrough', 'model': HistGradientBoostingRegressor(early_stopping=True, max_iter=10000,
                              n_iter_no_change=100, random_state=42,
                              scoring='neg_root_mean_squared_error'), 'model__l2_regularization': 400, 'model__learning_rate': 0.005, 'model__loss': 'squared_error', 'model__max_bins': 63, 'model__max_depth': 6, 'model__max_features': 1.0, 'model__max_leaf_nodes': 127, 'model__min_samples_leaf': 3200, 'reshape': FunctionTransformer(func=<function reshape at 0x7fdb1d1c0360>), 'second_scale': 'passthrough'}",0.0899406781297657,0.0899406781297657,0.0,1,0.31129422153389985,0.31129422153389985,0.0,0.9539702940187573,0.8298829908282854
0,7607.555976390839,0.0,19.885024785995483,0.0,passthrough,passthrough,"HistGradientBoostingRegressor(early_stopping=True, max_iter=10000,
                              n_iter_no_change=100, random_state=42,
                              scoring='neg_root_mean_squared_error')",200,0.1,squared_error,32,6,0.2,255,200,FunctionTransformer(func=<function reshape at 0x7fdb1d1c0360>),passthrough,"{'first_scale': 'passthrough', 'frequency': 'passthrough', 'model': HistGradientBoostingRegressor(early_stopping=True, max_iter=10000,
                              n_iter_no_change=100, random_state=42,
                              scoring='neg_root_mean_squared_error'), 'model__l2_regularization': 200, 'model__learning_rate': 0.1, 'model__loss': 'squared_error', 'model__max_bins': 32, 'model__max_depth': 6, 'model__max_features': 0.2, 'model__max_leaf_nodes': 255, 'model__min_samples_leaf': 200, 'reshape': FunctionTransformer(func=<function reshape at 0x7fdb1d1c0360>), 'second_scale': 'passthrough'}",0.06240854797202189,0.06240854797202189,0.0,1,0.8747182626179575,0.8747182626179575,0.0,0.9682930610243874,0.3539516031635434
0,29108.606343507767,0.0,93.26394605636597,0.0,passthrough,passthrough,"HistGradientBoostingRegressor(early_stopping=True, max_iter=10000,
                              n_iter_no_change=100, random_state=42,
                              scoring='neg_root_mean_squared_error')",100,0.0025,squared_error,63,None,1.0,127,6400,FunctionTransformer(func=<function reshape at 0x7fdb1d1c0360>),passthrough,"{'first_scale': 'passthrough', 'frequency': 'passthrough', 'model': HistGradientBoostingRegressor(early_stopping=True, max_iter=10000,
                              n_iter_no_change=100, random_state=42,
                              scoring='neg_root_mean_squared_error'), 'model__l2_regularization': 100, 'model__learning_rate': 0.0025, 'model__loss': 'squared_error', 'model__max_bins': 63, 'model__max_depth': None, 'model__max_features': 1.0, 'model__max_leaf_nodes': 127, 'model__min_samples_leaf': 6400, 'reshape': FunctionTransformer(func=<function reshape at 0x7fdb1d1c0360>), 'second_scale': 'passthrough'}",0.08057385922039695,0.08057385922039695,0.0,1,0.17916567406888162,0.17916567406888162,0.0,0.9588671132016172,0.9059990761204552
0,22970.776414632797,0.0,36.921191930770874,0.0,passthrough,passthrough,"HistGradientBoostingRegressor(early_stopping=True, max_iter=10000,
                              n_iter_no_change=100, random_state=42,
                              scoring='neg_root_mean_squared_error')",50,0.05,squared_error,32,6,0.2,127,200,FunctionTransformer(func=<function reshape at 0x7fdb1d1c0360>),passthrough,"{'first_scale': 'passthrough', 'frequency': 'passthrough', 'model': HistGradientBoostingRegressor(early_stopping=True, max_iter=10000,
                              n_iter_no_change=100, random_state=42,
                              scoring='neg_root_mean_squared_error'), 'model__l2_regularization': 50, 'model__learning_rate': 0.05, 'model__loss': 'squared_error', 'model__max_bins': 32, 'model__max_depth': 6, 'model__max_features': 0.2, 'model__max_leaf_nodes': 127, 'model__min_samples_leaf': 200, 'reshape': FunctionTransformer(func=<function reshape at 0x7fdb1d1c0360>), 'second_scale': 'passthrough'}",0.07397364909842563,0.07397364909842563,0.0,1,0.8839635234526209,0.8839635234526209,0.0,0.9623026295825936,0.34064127252489407
0,6606.36842417717,0.0,22.717005252838135,0.0,passthrough,passthrough,"HistGradientBoostingRegressor(early_stopping=True, max_iter=10000,
                              n_iter_no_change=100, random_state=42,
                              scoring='neg_root_mean_squared_error')",200,0.1,squared_error,32,6,1.0,127,800,FunctionTransformer(func=<function reshape at 0x7fdb1d1c0360>),passthrough,"{'first_scale': 'passthrough', 'frequency': 'passthrough', 'model': HistGradientBoostingRegressor(early_stopping=True, max_iter=10000,
                              n_iter_no_change=100, random_state=42,
                              scoring='neg_root_mean_squared_error'), 'model__l2_regularization': 200, 'model__learning_rate': 0.1, 'model__loss': 'squared_error', 'model__max_bins': 32, 'model__max_depth': 6, 'model__max_features': 1.0, 'model__max_leaf_nodes': 127, 'model__min_samples_leaf': 800, 'reshape': FunctionTransformer(func=<function reshape at 0x7fdb1d1c0360>), 'second_scale': 'passthrough'}",0.059392084328615535,0.059392084328615535,0.0,1,0.8406923443668046,0.8406923443668046,0.0,0.969849429381378,0.39913363129808466
0,14552.421944141388,0.0,32.41366147994995,0.0,passthrough,passthrough,"HistGradientBoostingRegressor(early_stopping=True, max_iter=10000,
                              n_iter_no_change=100, random_state=42,
                              scoring='neg_root_mean_squared_error')",400,0.1,squared_error,32,6,0.5,127,400,FunctionTransformer(func=<function reshape at 0x7fdb1d1c0360>),passthrough,"{'first_scale': 'passthrough', 'frequency': 'passthrough', 'model': HistGradientBoostingRegressor(early_stopping=True, max_iter=10000,
                              n_iter_no_change=100, random_state=42,
                              scoring='neg_root_mean_squared_error'), 'model__l2_regularization': 400, 'model__learning_rate': 0.1, 'model__loss': 'squared_error', 'model__max_bins': 32, 'model__max_depth': 6, 'model__max_features': 0.5, 'model__max_leaf_nodes': 127, 'model__min_samples_leaf': 400, 'reshape': FunctionTransformer(func=<function reshape at 0x7fdb1d1c0360>), 'second_scale': 'passthrough'}",0.06042484551835381,0.06042484551835381,0.0,1,0.8843639282866118,0.8843639282866118,0.0,0.9693168493746749,0.3400530424998256
0,21292.229553461075,0.0,48.21188712120056,0.0,passthrough,passthrough,"HistGradientBoostingRegressor(early_stopping=True, max_iter=10000,
                              n_iter_no_change=100, random_state=42,
                              scoring='neg_root_mean_squared_error')",400,0.05,squared_error,32,6,0.5,127,200,FunctionTransformer(func=<function reshape at 0x7fdb1d1c0360>),passthrough,"{'first_scale': 'passthrough', 'frequency': 'passthrough', 'model': HistGradientBoostingRegressor(early_stopping=True, max_iter=10000,
                              n_iter_no_change=100, random_state=42,
                              scoring='neg_root_mean_squared_error'), 'model__l2_regularization': 400, 'model__learning_rate': 0.05, 'model__loss': 'squared_error', 'model__max_bins': 32, 'model__max_depth': 6, 'model__max_features': 0.5, 'model__max_leaf_nodes': 127, 'model__min_samples_leaf': 200, 'reshape': FunctionTransformer(func=<function reshape at 0x7fdb1d1c0360>), 'second_scale': 'passthrough'}",0.07927871267199549,0.07927871267199549,0.0,1,0.8716182337577552,0.8716182337577552,0.0,0.9595422280066701,0.35830401371216153
0,28370.332633972168,0.0,75.70506978034973,0.0,passthrough,passthrough,"HistGradientBoostingRegressor(early_stopping=True, max_iter=10000,
                              n_iter_no_change=100, random_state=42,
                              scoring='neg_root_mean_squared_error')",400,0.0025,squared_error,63,6,1.0,127,6400,FunctionTransformer(func=<function reshape at 0x7fdb1d1c0360>),passthrough,"{'first_scale': 'passthrough', 'frequency': 'passthrough', 'model': HistGradientBoostingRegressor(early_stopping=True, max_iter=10000,
                              n_iter_no_change=100, random_state=42,
                              scoring='neg_root_mean_squared_error'), 'model__l2_regularization': 400, 'model__learning_rate': 0.0025, 'model__loss': 'squared_error', 'model__max_bins': 63, 'model__max_depth': 6, 'model__max_features': 1.0, 'model__max_leaf_nodes': 127, 'model__min_samples_leaf': 6400, 'reshape': FunctionTransformer(func=<function reshape at 0x7fdb1d1c0360>), 'second_scale': 'passthrough'}",0.07982811786020039,0.07982811786020039,0.0,1,0.17455749507899965,0.17455749507899965,0.0,0.9592559002371576,0.9085386645162661
0,18492.542982578278,0.0,37.15113067626953,0.0,passthrough,passthrough,"HistGradientBoostingRegressor(early_stopping=True, max_iter=10000,
                              n_iter_no_change=100, random_state=42,
                              scoring='neg_root_mean_squared_error')",100,0.05,squared_error,32,6,0.2,255,200,FunctionTransformer(func=<function reshape at 0x7fdb1d1c0360>),passthrough,"{'first_scale': 'passthrough', 'frequency': 'passthrough', 'model': HistGradientBoostingRegressor(early_stopping=True, max_iter=10000,
                              n_iter_no_change=100, random_state=42,
                              scoring='neg_root_mean_squared_error'), 'model__l2_regularization': 100, 'model__learning_rate': 0.05, 'model__loss': 'squared_error', 'model__max_bins': 32, 'model__max_depth': 6, 'model__max_features': 0.2, 'model__max_leaf_nodes': 255, 'model__min_samples_leaf': 200, 'reshape': FunctionTransformer(func=<function reshape at 0x7fdb1d1c0360>), 'second_scale': 'passthrough'}",0.08182984766974011,0.08182984766974011,0.0,1,0.8568842524034127,0.8568842524034127,0.0,0.9582119558481098,0.3783064202423576
0,5158.490805387497,0.0,15.383421182632446,0.0,passthrough,passthrough,"HistGradientBoostingRegressor(early_stopping=True, max_iter=10000,
                              n_iter_no_change=100, random_state=42,
                              scoring='neg_root_mean_squared_error')",200,0.1,squared_error,32,3,0.2,255,400,FunctionTransformer(func=<function reshape at 0x7fdb1d1c0360>),passthrough,"{'first_scale': 'passthrough', 'frequency': 'passthrough', 'model': HistGradientBoostingRegressor(early_stopping=True, max_iter=10000,
                              n_iter_no_change=100, random_state=42,
                              scoring='neg_root_mean_squared_error'), 'model__l2_regularization': 200, 'model__learning_rate': 0.1, 'model__loss': 'squared_error', 'model__max_bins': 32, 'model__max_depth': 3, 'model__max_features': 0.2, 'model__max_leaf_nodes': 255, 'model__min_samples_leaf': 400, 'reshape': FunctionTransformer(func=<function reshape at 0x7fdb1d1c0360>), 'second_scale': 'passthrough'}",0.07045899443243098,0.07045899443243098,0.0,1,0.5329614230274279,0.5329614230274279,0.0,0.9641270692017567,0.6834022073219929
0,32030.272714853287,0.0,82.7798056602478,0.0,passthrough,passthrough,"HistGradientBoostingRegressor(early_stopping=True, max_iter=10000,
                              n_iter_no_change=100, random_state=42,
                              scoring='neg_root_mean_squared_error')",200,0.02,squared_error,32,6,1.0,255,400,FunctionTransformer(func=<function reshape at 0x7fdb1d1c0360>),passthrough,"{'first_scale': 'passthrough', 'frequency': 'passthrough', 'model': HistGradientBoostingRegressor(early_stopping=True, max_iter=10000,
                              n_iter_no_change=100, random_state=42,
                              scoring='neg_root_mean_squared_error'), 'model__l2_regularization': 200, 'model__learning_rate': 0.02, 'model__loss': 'squared_error', 'model__max_bins': 32, 'model__max_depth': 6, 'model__max_features': 1.0, 'model__max_leaf_nodes': 255, 'model__min_samples_leaf': 400, 'reshape': FunctionTransformer(func=<function reshape at 0x7fdb1d1c0360>), 'second_scale': 'passthrough'}",0.08126975603438402,0.08126975603438402,0.0,1,0.8746084888088671,0.8746084888088671,0.0,0.9585041700303739,0.3541066381630439
0,10309.803684949875,0.0,22.845560312271118,0.0,passthrough,passthrough,"HistGradientBoostingRegressor(early_stopping=True, max_iter=10000,
                              n_iter_no_change=100, random_state=42,
                              scoring='neg_root_mean_squared_error')",400,0.1,squared_error,32,3,0.5,255,400,FunctionTransformer(func=<function reshape at 0x7fdb1d1c0360>),passthrough,"{'first_scale': 'passthrough', 'frequency': 'passthrough', 'model': HistGradientBoostingRegressor(early_stopping=True, max_iter=10000,
                              n_iter_no_change=100, random_state=42,
                              scoring='neg_root_mean_squared_error'), 'model__l2_regularization': 400, 'model__learning_rate': 0.1, 'model__loss': 'squared_error', 'model__max_bins': 32, 'model__max_depth': 3, 'model__max_features': 0.5, 'model__max_leaf_nodes': 255, 'model__min_samples_leaf': 400, 'reshape': FunctionTransformer(func=<function reshape at 0x7fdb1d1c0360>), 'second_scale': 'passthrough'}",0.06770852727151444,0.06770852727151444,0.0,1,0.5630098892108679,0.5630098892108679,0.0,0.9655524184260974,0.6610522753830684
0,28945.516844511032,0.0,77.57535028457642,0.0,passthrough,passthrough,"HistGradientBoostingRegressor(early_stopping=True, max_iter=10000,
                              n_iter_no_change=100, random_state=42,
                              scoring='neg_root_mean_squared_error')",400,0.0025,squared_error,63,None,0.5,255,6400,FunctionTransformer(func=<function reshape at 0x7fdb1d1c0360>),passthrough,"{'first_scale': 'passthrough', 'frequency': 'passthrough', 'model': HistGradientBoostingRegressor(early_stopping=True, max_iter=10000,
                              n_iter_no_change=100, random_state=42,
                              scoring='neg_root_mean_squared_error'), 'model__l2_regularization': 400, 'model__learning_rate': 0.0025, 'model__loss': 'squared_error', 'model__max_bins': 63, 'model__max_depth': None, 'model__max_features': 0.5, 'model__max_leaf_nodes': 255, 'model__min_samples_leaf': 6400, 'reshape': FunctionTransformer(func=<function reshape at 0x7fdb1d1c0360>), 'second_scale': 'passthrough'}",0.080800295148028,0.080800295148028,0.0,1,0.1738471523331122,0.1738471523331122,0.0,0.9587490312130552,0.9089295064342932
0,16164.745916843414,0.0,53.941826820373535,0.0,passthrough,passthrough,"HistGradientBoostingRegressor(early_stopping=True, max_iter=10000,
                              n_iter_no_change=100, random_state=42,
                              scoring='neg_root_mean_squared_error')",50,0.02,squared_error,32,3,1.0,127,200,FunctionTransformer(func=<function reshape at 0x7fdb1d1c0360>),passthrough,"{'first_scale': 'passthrough', 'frequency': 'passthrough', 'model': HistGradientBoostingRegressor(early_stopping=True, max_iter=10000,
                              n_iter_no_change=100, random_state=42,
                              scoring='neg_root_mean_squared_error'), 'model__l2_regularization': 50, 'model__learning_rate': 0.02, 'model__loss': 'squared_error', 'model__max_bins': 32, 'model__max_depth': 3, 'model__max_features': 1.0, 'model__max_leaf_nodes': 127, 'model__min_samples_leaf': 200, 'reshape': FunctionTransformer(func=<function reshape at 0x7fdb1d1c0360>), 'second_scale': 'passthrough'}",0.08307371767900673,0.08307371767900673,0.0,1,0.4417399123641057,0.4417399123641057,0.0,0.9575626780117286,0.747168045111603
0,6127.363327503204,0.0,18.445677757263184,0.0,passthrough,passthrough,"HistGradientBoostingRegressor(early_stopping=True, max_iter=10000,
                              n_iter_no_change=100, random_state=42,
                              scoring='neg_root_mean_squared_error')",200,0.1,squared_error,32,6,1.0,255,800,FunctionTransformer(func=<function reshape at 0x7fdb1d1c0360>),passthrough,"{'first_scale': 'passthrough', 'frequency': 'passthrough', 'model': HistGradientBoostingRegressor(early_stopping=True, max_iter=10000,
                              n_iter_no_change=100, random_state=42,
                              scoring='neg_root_mean_squared_error'), 'model__l2_regularization': 200, 'model__learning_rate': 0.1, 'model__loss': 'squared_error', 'model__max_bins': 32, 'model__max_depth': 6, 'model__max_features': 1.0, 'model__max_leaf_nodes': 255, 'model__min_samples_leaf': 800, 'reshape': FunctionTransformer(func=<function reshape at 0x7fdb1d1c0360>), 'second_scale': 'passthrough'}",0.059392084328615535,0.059392084328615535,0.0,1,0.8406923443668046,0.8406923443668046,0.0,0.969849429381378,0.39913363129808466
0,15195.13501405716,0.0,55.40851068496704,0.0,passthrough,passthrough,"HistGradientBoostingRegressor(early_stopping=True, max_iter=10000,
                              n_iter_no_change=100, random_state=42,
                              scoring='neg_root_mean_squared_error')",400,0.02,squared_error,32,3,0.5,127,400,FunctionTransformer(func=<function reshape at 0x7fdb1d1c0360>),passthrough,"{'first_scale': 'passthrough', 'frequency': 'passthrough', 'model': HistGradientBoostingRegressor(early_stopping=True, max_iter=10000,
                              n_iter_no_change=100, random_state=42,
                              scoring='neg_root_mean_squared_error'), 'model__l2_regularization': 400, 'model__learning_rate': 0.02, 'model__loss': 'squared_error', 'model__max_bins': 32, 'model__max_depth': 3, 'model__max_features': 0.5, 'model__max_leaf_nodes': 127, 'model__min_samples_leaf': 400, 'reshape': FunctionTransformer(func=<function reshape at 0x7fdb1d1c0360>), 'second_scale': 'passthrough'}",0.08527775219420075,0.08527775219420075,0.0,1,0.44073944792463815,0.44073944792463815,0.0,0.9564111290683517,0.7478372497244048
0,28931.393026590347,0.0,54.81832528114319,0.0,passthrough,passthrough,"HistGradientBoostingRegressor(early_stopping=True, max_iter=10000,
                              n_iter_no_change=100, random_state=42,
                              scoring='neg_root_mean_squared_error')",50,0.05,squared_error,32,6,0.2,255,400,FunctionTransformer(func=<function reshape at 0x7fdb1d1c0360>),passthrough,"{'first_scale': 'passthrough', 'frequency': 'passthrough', 'model': HistGradientBoostingRegressor(early_stopping=True, max_iter=10000,
                              n_iter_no_change=100, random_state=42,
                              scoring='neg_root_mean_squared_error'), 'model__l2_regularization': 50, 'model__learning_rate': 0.05, 'model__loss': 'squared_error', 'model__max_bins': 32, 'model__max_depth': 6, 'model__max_features': 0.2, 'model__max_leaf_nodes': 255, 'model__min_samples_leaf': 400, 'reshape': FunctionTransformer(func=<function reshape at 0x7fdb1d1c0360>), 'second_scale': 'passthrough'}",0.07387705919931409,0.07387705919931409,0.0,1,0.8949360122945508,0.8949360122945508,0.0,0.9623528151362607,0.32413575505557735
0,5539.2055451869965,0.0,17.286292791366577,0.0,passthrough,passthrough,"HistGradientBoostingRegressor(early_stopping=True, max_iter=10000,
                              n_iter_no_change=100, random_state=42,
                              scoring='neg_root_mean_squared_error')",200,0.1,squared_error,32,6,0.2,511,800,FunctionTransformer(func=<function reshape at 0x7fdb1d1c0360>),passthrough,"{'first_scale': 'passthrough', 'frequency': 'passthrough', 'model': HistGradientBoostingRegressor(early_stopping=True, max_iter=10000,
                              n_iter_no_change=100, random_state=42,
                              scoring='neg_root_mean_squared_error'), 'model__l2_regularization': 200, 'model__learning_rate': 0.1, 'model__loss': 'squared_error', 'model__max_bins': 32, 'model__max_depth': 6, 'model__max_features': 0.2, 'model__max_leaf_nodes': 511, 'model__min_samples_leaf': 800, 'reshape': FunctionTransformer(func=<function reshape at 0x7fdb1d1c0360>), 'second_scale': 'passthrough'}",0.062133162196942426,0.062133162196942426,0.0,1,0.7696294603214976,0.7696294603214976,0.0,0.9684352522513096,0.47996931118406144
0,11213.52208662033,0.0,29.72536039352417,0.0,passthrough,passthrough,"HistGradientBoostingRegressor(early_stopping=True, max_iter=10000,
                              n_iter_no_change=100, random_state=42,
                              scoring='neg_root_mean_squared_error')",400,0.1,squared_error,32,6,0.5,255,800,FunctionTransformer(func=<function reshape at 0x7fdb1d1c0360>),passthrough,"{'first_scale': 'passthrough', 'frequency': 'passthrough', 'model': HistGradientBoostingRegressor(early_stopping=True, max_iter=10000,
                              n_iter_no_change=100, random_state=42,
                              scoring='neg_root_mean_squared_error'), 'model__l2_regularization': 400, 'model__learning_rate': 0.1, 'model__loss': 'squared_error', 'model__max_bins': 32, 'model__max_depth': 6, 'model__max_features': 0.5, 'model__max_leaf_nodes': 255, 'model__min_samples_leaf': 800, 'reshape': FunctionTransformer(func=<function reshape at 0x7fdb1d1c0360>), 'second_scale': 'passthrough'}",0.06367552156267642,0.06367552156267642,0.0,1,0.842987966234393,0.842987966234393,0.0,0.9676386094184768,0.39624744007451584
0,27168.718995571136,0.0,77.2695426940918,0.0,passthrough,passthrough,"HistGradientBoostingRegressor(early_stopping=True, max_iter=10000,
                              n_iter_no_change=100, random_state=42,
                              scoring='neg_root_mean_squared_error')",100,0.005,squared_error,63,6,1.0,127,6400,FunctionTransformer(func=<function reshape at 0x7fdb1d1c0360>),passthrough,"{'first_scale': 'passthrough', 'frequency': 'passthrough', 'model': HistGradientBoostingRegressor(early_stopping=True, max_iter=10000,
                              n_iter_no_change=100, random_state=42,
                              scoring='neg_root_mean_squared_error'), 'model__l2_regularization': 100, 'model__learning_rate': 0.005, 'model__loss': 'squared_error', 'model__max_bins': 63, 'model__max_depth': 6, 'model__max_features': 1.0, 'model__max_leaf_nodes': 127, 'model__min_samples_leaf': 6400, 'reshape': FunctionTransformer(func=<function reshape at 0x7fdb1d1c0360>), 'second_scale': 'passthrough'}",0.08576893342950764,0.08576893342950764,0.0,1,0.23544120376159317,0.23544120376159317,0.0,0.9561543110662067,0.8743905284473333
0,21009.243672132492,0.0,64.87902235984802,0.0,passthrough,passthrough,"HistGradientBoostingRegressor(early_stopping=True, max_iter=10000,
                              n_iter_no_change=100, random_state=42,
                              scoring='neg_root_mean_squared_error')",200,0.05,squared_error,32,6,0.5,511,800,FunctionTransformer(func=<function reshape at 0x7fdb1d1c0360>),passthrough,"{'first_scale': 'passthrough', 'frequency': 'passthrough', 'model': HistGradientBoostingRegressor(early_stopping=True, max_iter=10000,
                              n_iter_no_change=100, random_state=42,
                              scoring='neg_root_mean_squared_error'), 'model__l2_regularization': 200, 'model__learning_rate': 0.05, 'model__loss': 'squared_error', 'model__max_bins': 32, 'model__max_depth': 6, 'model__max_features': 0.5, 'model__max_leaf_nodes': 511, 'model__min_samples_leaf': 800, 'reshape': FunctionTransformer(func=<function reshape at 0x7fdb1d1c0360>), 'second_scale': 'passthrough'}",0.07230628026956165,0.07230628026956165,0.0,1,0.8904222408072904,0.8904222408072904,0.0,0.9631685832347514,0.33102531503301924
0,27970.801002025604,0.0,75.94873523712158,0.0,passthrough,passthrough,"HistGradientBoostingRegressor(early_stopping=True, max_iter=10000,
                              n_iter_no_change=100, random_state=42,
                              scoring='neg_root_mean_squared_error')",200,0.0025,squared_error,63,6,0.5,127,6400,FunctionTransformer(func=<function reshape at 0x7fdb1d1c0360>),passthrough,"{'first_scale': 'passthrough', 'frequency': 'passthrough', 'model': HistGradientBoostingRegressor(early_stopping=True, max_iter=10000,
                              n_iter_no_change=100, random_state=42,
                              scoring='neg_root_mean_squared_error'), 'model__l2_regularization': 200, 'model__learning_rate': 0.0025, 'model__loss': 'squared_error', 'model__max_bins': 63, 'model__max_depth': 6, 'model__max_features': 0.5, 'model__max_leaf_nodes': 127, 'model__min_samples_leaf': 6400, 'reshape': FunctionTransformer(func=<function reshape at 0x7fdb1d1c0360>), 'second_scale': 'passthrough'}",0.08098595716523427,0.08098595716523427,0.0,1,0.17396821160019893,0.17396821160019893,0.0,0.9586522011839151,0.9088629095742664
0,8456.323823690414,0.0,19.790036916732788,0.0,passthrough,passthrough,"HistGradientBoostingRegressor(early_stopping=True, max_iter=10000,
                              n_iter_no_change=100, random_state=42,
                              scoring='neg_root_mean_squared_error')",50,0.1,squared_error,32,6,0.2,511,800,FunctionTransformer(func=<function reshape at 0x7fdb1d1c0360>),passthrough,"{'first_scale': 'passthrough', 'frequency': 'passthrough', 'model': HistGradientBoostingRegressor(early_stopping=True, max_iter=10000,
                              n_iter_no_change=100, random_state=42,
                              scoring='neg_root_mean_squared_error'), 'model__l2_regularization': 50, 'model__learning_rate': 0.1, 'model__loss': 'squared_error', 'model__max_bins': 32, 'model__max_depth': 6, 'model__max_features': 0.2, 'model__max_leaf_nodes': 511, 'model__min_samples_leaf': 800, 'reshape': FunctionTransformer(func=<function reshape at 0x7fdb1d1c0360>), 'second_scale': 'passthrough'}",0.05973357620508957,0.05973357620508957,0.0,1,0.7570403639974991,0.7570403639974991,0.0,0.9696733593303006,0.4929093588100158
0,18442.159143209457,0.0,60.15750288963318,0.0,passthrough,passthrough,"HistGradientBoostingRegressor(early_stopping=True, max_iter=10000,
                              n_iter_no_change=100, random_state=42,
                              scoring='neg_root_mean_squared_error')",50,0.02,squared_error,32,3,0.5,511,400,FunctionTransformer(func=<function reshape at 0x7fdb1d1c0360>),passthrough,"{'first_scale': 'passthrough', 'frequency': 'passthrough', 'model': HistGradientBoostingRegressor(early_stopping=True, max_iter=10000,
                              n_iter_no_change=100, random_state=42,
                              scoring='neg_root_mean_squared_error'), 'model__l2_regularization': 50, 'model__learning_rate': 0.02, 'model__loss': 'squared_error', 'model__max_bins': 32, 'model__max_depth': 3, 'model__max_features': 0.5, 'model__max_leaf_nodes': 511, 'model__min_samples_leaf': 400, 'reshape': FunctionTransformer(func=<function reshape at 0x7fdb1d1c0360>), 'second_scale': 'passthrough'}",0.08510939637347881,0.08510939637347881,0.0,1,0.464933189781503,0.464933189781503,0.0,0.9564991393757347,0.7314826110158033
0,17084.48281598091,0.0,32.97196960449219,0.0,passthrough,passthrough,"HistGradientBoostingRegressor(early_stopping=True, max_iter=10000,
                              n_iter_no_change=100, random_state=42,
                              scoring='neg_root_mean_squared_error')",400,0.1,squared_error,32,6,0.5,127,200,FunctionTransformer(func=<function reshape at 0x7fdb1d1c0360>),passthrough,"{'first_scale': 'passthrough', 'frequency': 'passthrough', 'model': HistGradientBoostingRegressor(early_stopping=True, max_iter=10000,
                              n_iter_no_change=100, random_state=42,
                              scoring='neg_root_mean_squared_error'), 'model__l2_regularization': 400, 'model__learning_rate': 0.1, 'model__loss': 'squared_error', 'model__max_bins': 32, 'model__max_depth': 6, 'model__max_features': 0.5, 'model__max_leaf_nodes': 127, 'model__min_samples_leaf': 200, 'reshape': FunctionTransformer(func=<function reshape at 0x7fdb1d1c0360>), 'second_scale': 'passthrough'}",0.06392091468663563,0.06392091468663563,0.0,1,0.8996368056320664,0.8996368056320664,0.0,0.9675118011235648,0.31680150625894066
0,13573.206936359406,0.0,36.368712186813354,0.0,passthrough,passthrough,"HistGradientBoostingRegressor(early_stopping=True, max_iter=10000,
                              n_iter_no_change=100, random_state=42,
                              scoring='neg_root_mean_squared_error')",400,0.05,squared_error,32,6,1.0,511,800,FunctionTransformer(func=<function reshape at 0x7fdb1d1c0360>),passthrough,"{'first_scale': 'passthrough', 'frequency': 'passthrough', 'model': HistGradientBoostingRegressor(early_stopping=True, max_iter=10000,
                              n_iter_no_change=100, random_state=42,
                              scoring='neg_root_mean_squared_error'), 'model__l2_regularization': 400, 'model__learning_rate': 0.05, 'model__loss': 'squared_error', 'model__max_bins': 32, 'model__max_depth': 6, 'model__max_features': 1.0, 'model__max_leaf_nodes': 511, 'model__min_samples_leaf': 800, 'reshape': FunctionTransformer(func=<function reshape at 0x7fdb1d1c0360>), 'second_scale': 'passthrough'}",0.07797055304223477,0.07797055304223477,0.0,1,0.7746023760973997,0.7746023760973997,0.0,0.9602236442401141,0.4747605964089694
0,8692.839369773865,0.0,22.242865800857544,0.0,passthrough,passthrough,"HistGradientBoostingRegressor(early_stopping=True, max_iter=10000,
                              n_iter_no_change=100, random_state=42,
                              scoring='neg_root_mean_squared_error')",200,0.1,squared_error,32,6,1.0,511,200,FunctionTransformer(func=<function reshape at 0x7fdb1d1c0360>),passthrough,"{'first_scale': 'passthrough', 'frequency': 'passthrough', 'model': HistGradientBoostingRegressor(early_stopping=True, max_iter=10000,
                              n_iter_no_change=100, random_state=42,
                              scoring='neg_root_mean_squared_error'), 'model__l2_regularization': 200, 'model__learning_rate': 0.1, 'model__loss': 'squared_error', 'model__max_bins': 32, 'model__max_depth': 6, 'model__max_features': 1.0, 'model__max_leaf_nodes': 511, 'model__min_samples_leaf': 200, 'reshape': FunctionTransformer(func=<function reshape at 0x7fdb1d1c0360>), 'second_scale': 'passthrough'}",0.05442619871958709,0.05442619871958709,0.0,1,0.8952079460041555,0.8952079460041555,0.0,0.9724061915066219,0.3237160082477301
0,4674.407549381256,0.0,20.224424362182617,0.0,passthrough,passthrough,"HistGradientBoostingRegressor(early_stopping=True, max_iter=10000,
                              n_iter_no_change=100, random_state=42,
                              scoring='neg_root_mean_squared_error')",200,0.1,squared_error,32,3,1.0,127,200,FunctionTransformer(func=<function reshape at 0x7fdb1d1c0360>),passthrough,"{'first_scale': 'passthrough', 'frequency': 'passthrough', 'model': HistGradientBoostingRegressor(early_stopping=True, max_iter=10000,
                              n_iter_no_change=100, random_state=42,
                              scoring='neg_root_mean_squared_error'), 'model__l2_regularization': 200, 'model__learning_rate': 0.1, 'model__loss': 'squared_error', 'model__max_bins': 32, 'model__max_depth': 3, 'model__max_features': 1.0, 'model__max_leaf_nodes': 127, 'model__min_samples_leaf': 200, 'reshape': FunctionTransformer(func=<function reshape at 0x7fdb1d1c0360>), 'second_scale': 'passthrough'}",0.06919936200333354,0.06919936200333354,0.0,1,0.5366746051969444,0.5366746051969444,0.0,0.9647800982590108,0.680680097257923
0,29369.02335882187,0.0,104.84345316886902,0.0,passthrough,passthrough,"HistGradientBoostingRegressor(early_stopping=True, max_iter=10000,
                              n_iter_no_change=100, random_state=42,
                              scoring='neg_root_mean_squared_error')",200,0.01,squared_error,63,6,0.5,127,3200,FunctionTransformer(func=<function reshape at 0x7fdb1d1c0360>),passthrough,"{'first_scale': 'passthrough', 'frequency': 'passthrough', 'model': HistGradientBoostingRegressor(early_stopping=True, max_iter=10000,
                              n_iter_no_change=100, random_state=42,
                              scoring='neg_root_mean_squared_error'), 'model__l2_regularization': 200, 'model__learning_rate': 0.01, 'model__loss': 'squared_error', 'model__max_bins': 63, 'model__max_depth': 6, 'model__max_features': 0.5, 'model__max_leaf_nodes': 127, 'model__min_samples_leaf': 3200, 'reshape': FunctionTransformer(func=<function reshape at 0x7fdb1d1c0360>), 'second_scale': 'passthrough'}",0.09068076121248703,0.09068076121248703,0.0,1,0.43008525029032996,0.43008525029032996,0.0,0.9535823188312129,0.7549269830319155
0,5244.740561008453,0.0,14.834950685501099,0.0,passthrough,passthrough,"HistGradientBoostingRegressor(early_stopping=True, max_iter=10000,
                              n_iter_no_change=100, random_state=42,
                              scoring='neg_root_mean_squared_error')",400,0.1,squared_error,32,3,1.0,511,200,FunctionTransformer(func=<function reshape at 0x7fdb1d1c0360>),passthrough,"{'first_scale': 'passthrough', 'frequency': 'passthrough', 'model': HistGradientBoostingRegressor(early_stopping=True, max_iter=10000,
                              n_iter_no_change=100, random_state=42,
                              scoring='neg_root_mean_squared_error'), 'model__l2_regularization': 400, 'model__learning_rate': 0.1, 'model__loss': 'squared_error', 'model__max_bins': 32, 'model__max_depth': 3, 'model__max_features': 1.0, 'model__max_leaf_nodes': 511, 'model__min_samples_leaf': 200, 'reshape': FunctionTransformer(func=<function reshape at 0x7fdb1d1c0360>), 'second_scale': 'passthrough'}",0.07768145544082039,0.07768145544082039,0.0,1,0.4663430831392583,0.4663430831392583,0.0,0.9603741690399527,0.7305182522433931
0,32571.68910717964,0.0,103.24256610870361,0.0,passthrough,passthrough,"HistGradientBoostingRegressor(early_stopping=True, max_iter=10000,
                              n_iter_no_change=100, random_state=42,
                              scoring='neg_root_mean_squared_error')",800,0.0025,squared_error,63,6,0.5,255,3200,FunctionTransformer(func=<function reshape at 0x7fdb1d1c0360>),passthrough,"{'first_scale': 'passthrough', 'frequency': 'passthrough', 'model': HistGradientBoostingRegressor(early_stopping=True, max_iter=10000,
                              n_iter_no_change=100, random_state=42,
                              scoring='neg_root_mean_squared_error'), 'model__l2_regularization': 800, 'model__learning_rate': 0.0025, 'model__loss': 'squared_error', 'model__max_bins': 63, 'model__max_depth': 6, 'model__max_features': 0.5, 'model__max_leaf_nodes': 255, 'model__min_samples_leaf': 3200, 'reshape': FunctionTransformer(func=<function reshape at 0x7fdb1d1c0360>), 'second_scale': 'passthrough'}",0.08597079787775153,0.08597079787775153,0.0,1,0.22046790516897408,0.22046790516897408,0.0,0.9560487446371385,0.8829111477555519
0,9563.643733978271,0.0,22.792574882507324,0.0,passthrough,passthrough,"HistGradientBoostingRegressor(early_stopping=True, max_iter=10000,
                              n_iter_no_change=100, random_state=42,
                              scoring='neg_root_mean_squared_error')",50,0.05,squared_error,32,3,0.2,127,400,FunctionTransformer(func=<function reshape at 0x7fdb1d1c0360>),passthrough,"{'first_scale': 'passthrough', 'frequency': 'passthrough', 'model': HistGradientBoostingRegressor(early_stopping=True, max_iter=10000,
                              n_iter_no_change=100, random_state=42,
                              scoring='neg_root_mean_squared_error'), 'model__l2_regularization': 50, 'model__learning_rate': 0.05, 'model__loss': 'squared_error', 'model__max_bins': 32, 'model__max_depth': 3, 'model__max_features': 0.2, 'model__max_leaf_nodes': 127, 'model__min_samples_leaf': 400, 'reshape': FunctionTransformer(func=<function reshape at 0x7fdb1d1c0360>), 'second_scale': 'passthrough'}",0.0827724248614955,0.0827724248614955,0.0,1,0.456950520700236,0.456950520700236,0.0,0.9577199878557952,0.7369189095821629
0,3296.8750882148743,0.0,10.315937757492065,0.0,passthrough,passthrough,"HistGradientBoostingRegressor(early_stopping=True, max_iter=10000,
                              n_iter_no_change=100, random_state=42,
                              scoring='neg_root_mean_squared_error')",200,0.1,squared_error,32,3,0.5,255,400,FunctionTransformer(func=<function reshape at 0x7fdb1d1c0360>),passthrough,"{'first_scale': 'passthrough', 'frequency': 'passthrough', 'model': HistGradientBoostingRegressor(early_stopping=True, max_iter=10000,
                              n_iter_no_change=100, random_state=42,
                              scoring='neg_root_mean_squared_error'), 'model__l2_regularization': 200, 'model__learning_rate': 0.1, 'model__loss': 'squared_error', 'model__max_bins': 32, 'model__max_depth': 3, 'model__max_features': 0.5, 'model__max_leaf_nodes': 255, 'model__min_samples_leaf': 400, 'reshape': FunctionTransformer(func=<function reshape at 0x7fdb1d1c0360>), 'second_scale': 'passthrough'}",0.07353002054046154,0.07353002054046154,0.0,1,0.4609853192152129,0.4609853192152129,0.0,0.9625331056434051,0.7341761919217942
0,33209.70261883736,0.0,79.00502753257751,0.0,passthrough,passthrough,"HistGradientBoostingRegressor(early_stopping=True, max_iter=10000,
                              n_iter_no_change=100, random_state=42,
                              scoring='neg_root_mean_squared_error')",800,0.005,squared_error,63,6,1.0,255,6400,FunctionTransformer(func=<function reshape at 0x7fdb1d1c0360>),passthrough,"{'first_scale': 'passthrough', 'frequency': 'passthrough', 'model': HistGradientBoostingRegressor(early_stopping=True, max_iter=10000,
                              n_iter_no_change=100, random_state=42,
                              scoring='neg_root_mean_squared_error'), 'model__l2_regularization': 800, 'model__learning_rate': 0.005, 'model__loss': 'squared_error', 'model__max_bins': 63, 'model__max_depth': 6, 'model__max_features': 1.0, 'model__max_leaf_nodes': 255, 'model__min_samples_leaf': 6400, 'reshape': FunctionTransformer(func=<function reshape at 0x7fdb1d1c0360>), 'second_scale': 'passthrough'}",0.08559326408904078,0.08559326408904078,0.0,1,0.22863186628943066,0.22863186628943066,0.0,0.9562461690960959,0.8782756592952861
0,5880.724456071854,0.0,14.493213653564453,0.0,passthrough,passthrough,"HistGradientBoostingRegressor(early_stopping=True, max_iter=10000,
                              n_iter_no_change=100, random_state=42,
                              scoring='neg_root_mean_squared_error')",50,0.1,squared_error,32,3,1.0,511,200,FunctionTransformer(func=<function reshape at 0x7fdb1d1c0360>),passthrough,"{'first_scale': 'passthrough', 'frequency': 'passthrough', 'model': HistGradientBoostingRegressor(early_stopping=True, max_iter=10000,
                              n_iter_no_change=100, random_state=42,
                              scoring='neg_root_mean_squared_error'), 'model__l2_regularization': 50, 'model__learning_rate': 0.1, 'model__loss': 'squared_error', 'model__max_bins': 32, 'model__max_depth': 3, 'model__max_features': 1.0, 'model__max_leaf_nodes': 511, 'model__min_samples_leaf': 200, 'reshape': FunctionTransformer(func=<function reshape at 0x7fdb1d1c0360>), 'second_scale': 'passthrough'}",0.06651456585136728,0.06651456585136728,0.0,1,0.48260306432675704,0.48260306432675704,0.0,0.9661704995230566,0.7193030902708837
0,28942.30853676796,0.0,61.623249769210815,0.0,passthrough,passthrough,"HistGradientBoostingRegressor(early_stopping=True, max_iter=10000,
                              n_iter_no_change=100, random_state=42,
                              scoring='neg_root_mean_squared_error')",100,0.05,squared_error,32,6,1.0,127,400,FunctionTransformer(func=<function reshape at 0x7fdb1d1c0360>),passthrough,"{'first_scale': 'passthrough', 'frequency': 'passthrough', 'model': HistGradientBoostingRegressor(early_stopping=True, max_iter=10000,
                              n_iter_no_change=100, random_state=42,
                              scoring='neg_root_mean_squared_error'), 'model__l2_regularization': 100, 'model__learning_rate': 0.05, 'model__loss': 'squared_error', 'model__max_bins': 32, 'model__max_depth': 6, 'model__max_features': 1.0, 'model__max_leaf_nodes': 127, 'model__min_samples_leaf': 400, 'reshape': FunctionTransformer(func=<function reshape at 0x7fdb1d1c0360>), 'second_scale': 'passthrough'}",0.07411089638059631,0.07411089638059631,0.0,1,0.8988864973909254,0.8988864973909254,0.0,0.962231315027423,0.31798349423999134
0,15237.327612161636,0.0,48.439504623413086,0.0,passthrough,passthrough,"HistGradientBoostingRegressor(early_stopping=True, max_iter=10000,
                              n_iter_no_change=100, random_state=42,
                              scoring='neg_root_mean_squared_error')",400,0.02,squared_error,32,3,0.2,127,400,FunctionTransformer(func=<function reshape at 0x7fdb1d1c0360>),passthrough,"{'first_scale': 'passthrough', 'frequency': 'passthrough', 'model': HistGradientBoostingRegressor(early_stopping=True, max_iter=10000,
                              n_iter_no_change=100, random_state=42,
                              scoring='neg_root_mean_squared_error'), 'model__l2_regularization': 400, 'model__learning_rate': 0.02, 'model__loss': 'squared_error', 'model__max_bins': 32, 'model__max_depth': 3, 'model__max_features': 0.2, 'model__max_leaf_nodes': 127, 'model__min_samples_leaf': 400, 'reshape': FunctionTransformer(func=<function reshape at 0x7fdb1d1c0360>), 'second_scale': 'passthrough'}",0.08717321148439361,0.08717321148439361,0.0,1,0.42766900749657155,0.42766900749657155,0.0,0.9554196923423791,0.7565256059800147
0,16237.832815647125,0.0,45.531898736953735,0.0,passthrough,passthrough,"HistGradientBoostingRegressor(early_stopping=True, max_iter=10000,
                              n_iter_no_change=100, random_state=42,
                              scoring='neg_root_mean_squared_error')",400,0.05,squared_error,32,6,0.5,255,800,FunctionTransformer(func=<function reshape at 0x7fdb1d1c0360>),passthrough,"{'first_scale': 'passthrough', 'frequency': 'passthrough', 'model': HistGradientBoostingRegressor(early_stopping=True, max_iter=10000,
                              n_iter_no_change=100, random_state=42,
                              scoring='neg_root_mean_squared_error'), 'model__l2_regularization': 400, 'model__learning_rate': 0.05, 'model__loss': 'squared_error', 'model__max_bins': 32, 'model__max_depth': 6, 'model__max_features': 0.5, 'model__max_leaf_nodes': 255, 'model__min_samples_leaf': 800, 'reshape': FunctionTransformer(func=<function reshape at 0x7fdb1d1c0360>), 'second_scale': 'passthrough'}",0.07944602273549417,0.07944602273549417,0.0,1,0.8131928383305764,0.8131928383305764,0.0,0.9594550418151472,0.43221194068353036
0,9394.04249215126,0.0,31.939768075942993,0.0,passthrough,passthrough,"HistGradientBoostingRegressor(early_stopping=True, max_iter=10000,
                              n_iter_no_change=100, random_state=42,
                              scoring='neg_root_mean_squared_error')",200,0.05,squared_error,32,3,0.2,127,400,FunctionTransformer(func=<function reshape at 0x7fdb1d1c0360>),passthrough,"{'first_scale': 'passthrough', 'frequency': 'passthrough', 'model': HistGradientBoostingRegressor(early_stopping=True, max_iter=10000,
                              n_iter_no_change=100, random_state=42,
                              scoring='neg_root_mean_squared_error'), 'model__l2_regularization': 200, 'model__learning_rate': 0.05, 'model__loss': 'squared_error', 'model__max_bins': 32, 'model__max_depth': 3, 'model__max_features': 0.2, 'model__max_leaf_nodes': 127, 'model__min_samples_leaf': 400, 'reshape': FunctionTransformer(func=<function reshape at 0x7fdb1d1c0360>), 'second_scale': 'passthrough'}",0.07767470232598583,0.07767470232598583,0.0,1,0.5332748316579785,0.5332748316579785,0.0,0.9603776849104805,0.6831728685640418
0,15197.006131410599,0.0,46.27098035812378,0.0,passthrough,passthrough,"HistGradientBoostingRegressor(early_stopping=True, max_iter=10000,
                              n_iter_no_change=100, random_state=42,
                              scoring='neg_root_mean_squared_error')",200,0.02,squared_error,32,3,0.5,511,800,FunctionTransformer(func=<function reshape at 0x7fdb1d1c0360>),passthrough,"{'first_scale': 'passthrough', 'frequency': 'passthrough', 'model': HistGradientBoostingRegressor(early_stopping=True, max_iter=10000,
                              n_iter_no_change=100, random_state=42,
                              scoring='neg_root_mean_squared_error'), 'model__l2_regularization': 200, 'model__learning_rate': 0.02, 'model__loss': 'squared_error', 'model__max_bins': 32, 'model__max_depth': 3, 'model__max_features': 0.5, 'model__max_leaf_nodes': 511, 'model__min_samples_leaf': 800, 'reshape': FunctionTransformer(func=<function reshape at 0x7fdb1d1c0360>), 'second_scale': 'passthrough'}",0.0849111946817005,0.0849111946817005,0.0,1,0.4469478288322538,0.4469478288322538,0.0,0.9566027416426839,0.7436747751320776
0,19607.04496216774,0.0,42.23496675491333,0.0,passthrough,passthrough,"HistGradientBoostingRegressor(early_stopping=True, max_iter=10000,
                              n_iter_no_change=100, random_state=42,
                              scoring='neg_root_mean_squared_error')",50,0.05,squared_error,32,6,1.0,255,800,FunctionTransformer(func=<function reshape at 0x7fdb1d1c0360>),passthrough,"{'first_scale': 'passthrough', 'frequency': 'passthrough', 'model': HistGradientBoostingRegressor(early_stopping=True, max_iter=10000,
                              n_iter_no_change=100, random_state=42,
                              scoring='neg_root_mean_squared_error'), 'model__l2_regularization': 50, 'model__learning_rate': 0.05, 'model__loss': 'squared_error', 'model__max_bins': 32, 'model__max_depth': 6, 'model__max_features': 1.0, 'model__max_leaf_nodes': 255, 'model__min_samples_leaf': 800, 'reshape': FunctionTransformer(func=<function reshape at 0x7fdb1d1c0360>), 'second_scale': 'passthrough'}",0.07688824590733256,0.07688824590733256,0.0,1,0.8474788055760542,0.8474788055760542,0.0,0.9607870492948307,0.3905396195316755
0,14469.362476110458,0.0,45.95158386230469,0.0,passthrough,passthrough,"HistGradientBoostingRegressor(early_stopping=True, max_iter=10000,
                              n_iter_no_change=100, random_state=42,
                              scoring='neg_root_mean_squared_error')",200,0.02,squared_error,32,3,1.0,511,200,FunctionTransformer(func=<function reshape at 0x7fdb1d1c0360>),passthrough,"{'first_scale': 'passthrough', 'frequency': 'passthrough', 'model': HistGradientBoostingRegressor(early_stopping=True, max_iter=10000,
                              n_iter_no_change=100, random_state=42,
                              scoring='neg_root_mean_squared_error'), 'model__l2_regularization': 200, 'model__learning_rate': 0.02, 'model__loss': 'squared_error', 'model__max_bins': 32, 'model__max_depth': 3, 'model__max_features': 1.0, 'model__max_leaf_nodes': 511, 'model__min_samples_leaf': 200, 'reshape': FunctionTransformer(func=<function reshape at 0x7fdb1d1c0360>), 'second_scale': 'passthrough'}",0.08251266555396575,0.08251266555396575,0.0,1,0.45097705617787576,0.45097705617787576,0.0,0.9578555916452304,0.7409608247553471
0,11882.270618915558,0.0,40.106396436691284,0.0,passthrough,passthrough,"HistGradientBoostingRegressor(early_stopping=True, max_iter=10000,
                              n_iter_no_change=100, random_state=42,
                              scoring='neg_root_mean_squared_error')",400,0.05,squared_error,32,3,0.5,255,400,FunctionTransformer(func=<function reshape at 0x7fdb1d1c0360>),passthrough,"{'first_scale': 'passthrough', 'frequency': 'passthrough', 'model': HistGradientBoostingRegressor(early_stopping=True, max_iter=10000,
                              n_iter_no_change=100, random_state=42,
                              scoring='neg_root_mean_squared_error'), 'model__l2_regularization': 400, 'model__learning_rate': 0.05, 'model__loss': 'squared_error', 'model__max_bins': 32, 'model__max_depth': 3, 'model__max_features': 0.5, 'model__max_leaf_nodes': 255, 'model__min_samples_leaf': 400, 'reshape': FunctionTransformer(func=<function reshape at 0x7fdb1d1c0360>), 'second_scale': 'passthrough'}",0.07857966121194626,0.07857966121194626,0.0,1,0.5022314692151562,0.5022314692151562,0.0,0.9599064218912454,0.7055271297298523
0,10474.660336494446,0.0,19.194438934326172,0.0,passthrough,passthrough,"HistGradientBoostingRegressor(early_stopping=True, max_iter=10000,
                              n_iter_no_change=100, random_state=42,
                              scoring='neg_root_mean_squared_error')",100,0.1,squared_error,32,6,0.2,511,400,FunctionTransformer(func=<function reshape at 0x7fdb1d1c0360>),passthrough,"{'first_scale': 'passthrough', 'frequency': 'passthrough', 'model': HistGradientBoostingRegressor(early_stopping=True, max_iter=10000,
                              n_iter_no_change=100, random_state=42,
                              scoring='neg_root_mean_squared_error'), 'model__l2_regularization': 100, 'model__learning_rate': 0.1, 'model__loss': 'squared_error', 'model__max_bins': 32, 'model__max_depth': 6, 'model__max_features': 0.2, 'model__max_leaf_nodes': 511, 'model__min_samples_leaf': 400, 'reshape': FunctionTransformer(func=<function reshape at 0x7fdb1d1c0360>), 'second_scale': 'passthrough'}",0.06478372017849054,0.06478372017849054,0.0,1,0.8074252746228503,0.8074252746228503,0.0,0.9670658094574068,0.43883336857758404
0,32566.480177879333,0.0,104.57551717758179,0.0,passthrough,passthrough,"HistGradientBoostingRegressor(early_stopping=True, max_iter=10000,
                              n_iter_no_change=100, random_state=42,
                              scoring='neg_root_mean_squared_error')",400,0.0025,squared_error,63,6,1.0,127,3200,FunctionTransformer(func=<function reshape at 0x7fdb1d1c0360>),passthrough,"{'first_scale': 'passthrough', 'frequency': 'passthrough', 'model': HistGradientBoostingRegressor(early_stopping=True, max_iter=10000,
                              n_iter_no_change=100, random_state=42,
                              scoring='neg_root_mean_squared_error'), 'model__l2_regularization': 400, 'model__learning_rate': 0.0025, 'model__loss': 'squared_error', 'model__max_bins': 63, 'model__max_depth': 6, 'model__max_features': 1.0, 'model__max_leaf_nodes': 127, 'model__min_samples_leaf': 3200, 'reshape': FunctionTransformer(func=<function reshape at 0x7fdb1d1c0360>), 'second_scale': 'passthrough'}",0.08614461543609075,0.08614461543609075,0.0,1,0.22833926369464774,0.22833926369464774,0.0,0.9559578361852102,0.8784422213813224
0,10213.762006521225,0.0,21.526537895202637,0.0,passthrough,passthrough,"HistGradientBoostingRegressor(early_stopping=True, max_iter=10000,
                              n_iter_no_change=100, random_state=42,
                              scoring='neg_root_mean_squared_error')",50,0.1,squared_error,32,6,1.0,127,800,FunctionTransformer(func=<function reshape at 0x7fdb1d1c0360>),passthrough,"{'first_scale': 'passthrough', 'frequency': 'passthrough', 'model': HistGradientBoostingRegressor(early_stopping=True, max_iter=10000,
                              n_iter_no_change=100, random_state=42,
                              scoring='neg_root_mean_squared_error'), 'model__l2_regularization': 50, 'model__learning_rate': 0.1, 'model__loss': 'squared_error', 'model__max_bins': 32, 'model__max_depth': 6, 'model__max_features': 1.0, 'model__max_leaf_nodes': 127, 'model__min_samples_leaf': 800, 'reshape': FunctionTransformer(func=<function reshape at 0x7fdb1d1c0360>), 'second_scale': 'passthrough'}",0.05184072900940129,0.05184072900940129,0.0,1,0.8316876242020943,0.8316876242020943,0.0,0.9737347025707765,0.41025891312426804
0,19414.873569726944,0.0,60.03225541114807,0.0,passthrough,passthrough,"HistGradientBoostingRegressor(early_stopping=True, max_iter=10000,
                              n_iter_no_change=100, random_state=42,
                              scoring='neg_root_mean_squared_error')",400,0.02,squared_error,32,3,0.2,255,800,FunctionTransformer(func=<function reshape at 0x7fdb1d1c0360>),passthrough,"{'first_scale': 'passthrough', 'frequency': 'passthrough', 'model': HistGradientBoostingRegressor(early_stopping=True, max_iter=10000,
                              n_iter_no_change=100, random_state=42,
                              scoring='neg_root_mean_squared_error'), 'model__l2_regularization': 400, 'model__learning_rate': 0.02, 'model__loss': 'squared_error', 'model__max_bins': 32, 'model__max_depth': 3, 'model__max_features': 0.2, 'model__max_leaf_nodes': 255, 'model__min_samples_leaf': 800, 'reshape': FunctionTransformer(func=<function reshape at 0x7fdb1d1c0360>), 'second_scale': 'passthrough'}",0.08611416617037304,0.08611416617037304,0.0,1,0.4223907456251035,0.4223907456251035,0.0,0.9559737621031379,0.76000608838015
0,5371.178001642227,0.0,18.466314792633057,0.0,passthrough,passthrough,"HistGradientBoostingRegressor(early_stopping=True, max_iter=10000,
                              n_iter_no_change=100, random_state=42,
                              scoring='neg_root_mean_squared_error')",50,0.1,squared_error,32,3,1.0,255,200,FunctionTransformer(func=<function reshape at 0x7fdb1d1c0360>),passthrough,"{'first_scale': 'passthrough', 'frequency': 'passthrough', 'model': HistGradientBoostingRegressor(early_stopping=True, max_iter=10000,
                              n_iter_no_change=100, random_state=42,
                              scoring='neg_root_mean_squared_error'), 'model__l2_regularization': 50, 'model__learning_rate': 0.1, 'model__loss': 'squared_error', 'model__max_bins': 32, 'model__max_depth': 3, 'model__max_features': 1.0, 'model__max_leaf_nodes': 255, 'model__min_samples_leaf': 200, 'reshape': FunctionTransformer(func=<function reshape at 0x7fdb1d1c0360>), 'second_scale': 'passthrough'}",0.06651456585136728,0.06651456585136728,0.0,1,0.48260306432675704,0.48260306432675704,0.0,0.9661704995230566,0.7193030902708837
0,15675.16728425026,0.0,50.09396576881409,0.0,passthrough,passthrough,"HistGradientBoostingRegressor(early_stopping=True, max_iter=10000,
                              n_iter_no_change=100, random_state=42,
                              scoring='neg_root_mean_squared_error')",400,0.02,squared_error,32,3,0.2,511,200,FunctionTransformer(func=<function reshape at 0x7fdb1d1c0360>),passthrough,"{'first_scale': 'passthrough', 'frequency': 'passthrough', 'model': HistGradientBoostingRegressor(early_stopping=True, max_iter=10000,
                              n_iter_no_change=100, random_state=42,
                              scoring='neg_root_mean_squared_error'), 'model__l2_regularization': 400, 'model__learning_rate': 0.02, 'model__loss': 'squared_error', 'model__max_bins': 32, 'model__max_depth': 3, 'model__max_features': 0.2, 'model__max_leaf_nodes': 511, 'model__min_samples_leaf': 200, 'reshape': FunctionTransformer(func=<function reshape at 0x7fdb1d1c0360>), 'second_scale': 'passthrough'}",0.0863701501897789,0.0863701501897789,0.0,1,0.4283057922221909,0.4283057922221909,0.0,0.9558398661963317,0.7561046275336563
0,22861.371658563614,0.0,75.47289872169495,0.0,passthrough,passthrough,"HistGradientBoostingRegressor(early_stopping=True, max_iter=10000,
                              n_iter_no_change=100, random_state=42,
                              scoring='neg_root_mean_squared_error')",100,0.005,squared_error,63,None,1.0,127,6400,FunctionTransformer(func=<function reshape at 0x7fdb1d1c0360>),passthrough,"{'first_scale': 'passthrough', 'frequency': 'passthrough', 'model': HistGradientBoostingRegressor(early_stopping=True, max_iter=10000,
                              n_iter_no_change=100, random_state=42,
                              scoring='neg_root_mean_squared_error'), 'model__l2_regularization': 100, 'model__learning_rate': 0.005, 'model__loss': 'squared_error', 'model__max_bins': 63, 'model__max_depth': None, 'model__max_features': 1.0, 'model__max_leaf_nodes': 127, 'model__min_samples_leaf': 6400, 'reshape': FunctionTransformer(func=<function reshape at 0x7fdb1d1c0360>), 'second_scale': 'passthrough'}",0.08568723751718021,0.08568723751718021,0.0,1,0.2418228423904829,0.2418228423904829,0.0,0.9561970312037262,0.8707336892583846
0,6843.586803197861,0.0,16.964234828948975,0.0,passthrough,passthrough,"HistGradientBoostingRegressor(early_stopping=True, max_iter=10000,
                              n_iter_no_change=100, random_state=42,
                              scoring='neg_root_mean_squared_error')",100,0.05,squared_error,32,3,1.0,511,800,FunctionTransformer(func=<function reshape at 0x7fdb1d1c0360>),passthrough,"{'first_scale': 'passthrough', 'frequency': 'passthrough', 'model': HistGradientBoostingRegressor(early_stopping=True, max_iter=10000,
                              n_iter_no_change=100, random_state=42,
                              scoring='neg_root_mean_squared_error'), 'model__l2_regularization': 100, 'model__learning_rate': 0.05, 'model__loss': 'squared_error', 'model__max_bins': 32, 'model__max_depth': 3, 'model__max_features': 1.0, 'model__max_leaf_nodes': 511, 'model__min_samples_leaf': 800, 'reshape': FunctionTransformer(func=<function reshape at 0x7fdb1d1c0360>), 'second_scale': 'passthrough'}",0.084973726660442,0.084973726660442,0.0,1,0.3803098576051994,0.3803098576051994,0.0,0.9565700566814529,0.7872040030353
0,15735.191909074783,0.0,31.589197635650635,0.0,passthrough,passthrough,"HistGradientBoostingRegressor(early_stopping=True, max_iter=10000,
                              n_iter_no_change=100, random_state=42,
                              scoring='neg_root_mean_squared_error')",100,0.05,squared_error,32,6,0.5,127,800,FunctionTransformer(func=<function reshape at 0x7fdb1d1c0360>),passthrough,"{'first_scale': 'passthrough', 'frequency': 'passthrough', 'model': HistGradientBoostingRegressor(early_stopping=True, max_iter=10000,
                              n_iter_no_change=100, random_state=42,
                              scoring='neg_root_mean_squared_error'), 'model__l2_regularization': 100, 'model__learning_rate': 0.05, 'model__loss': 'squared_error', 'model__max_bins': 32, 'model__max_depth': 6, 'model__max_features': 0.5, 'model__max_leaf_nodes': 127, 'model__min_samples_leaf': 800, 'reshape': FunctionTransformer(func=<function reshape at 0x7fdb1d1c0360>), 'second_scale': 'passthrough'}",0.07189737278325259,0.07189737278325259,0.0,1,0.7990038609763956,0.7990038609763956,0.0,0.9633808318711492,0.4483259294571354
0,28884.193357229233,0.0,50.41045832633972,0.0,passthrough,passthrough,"HistGradientBoostingRegressor(early_stopping=True, max_iter=10000,
                              n_iter_no_change=100, random_state=42,
                              scoring='neg_root_mean_squared_error')",100,0.05,squared_error,32,6,0.2,255,400,FunctionTransformer(func=<function reshape at 0x7fdb1d1c0360>),passthrough,"{'first_scale': 'passthrough', 'frequency': 'passthrough', 'model': HistGradientBoostingRegressor(early_stopping=True, max_iter=10000,
                              n_iter_no_change=100, random_state=42,
                              scoring='neg_root_mean_squared_error'), 'model__l2_regularization': 100, 'model__learning_rate': 0.05, 'model__loss': 'squared_error', 'model__max_bins': 32, 'model__max_depth': 6, 'model__max_features': 0.2, 'model__max_leaf_nodes': 255, 'model__min_samples_leaf': 400, 'reshape': FunctionTransformer(func=<function reshape at 0x7fdb1d1c0360>), 'second_scale': 'passthrough'}",0.07539343965429501,0.07539343965429501,0.0,1,0.8937100255847408,0.8937100255847408,0.0,0.9615646417925864,0.3260214324477138
0,27134.777320861816,0.0,77.20676708221436,0.0,passthrough,passthrough,"HistGradientBoostingRegressor(early_stopping=True, max_iter=10000,
                              n_iter_no_change=100, random_state=42,
                              scoring='neg_root_mean_squared_error')",400,0.01,squared_error,63,6,0.5,255,6400,FunctionTransformer(func=<function reshape at 0x7fdb1d1c0360>),passthrough,"{'first_scale': 'passthrough', 'frequency': 'passthrough', 'model': HistGradientBoostingRegressor(early_stopping=True, max_iter=10000,
                              n_iter_no_change=100, random_state=42,
                              scoring='neg_root_mean_squared_error'), 'model__l2_regularization': 400, 'model__learning_rate': 0.01, 'model__loss': 'squared_error', 'model__max_bins': 63, 'model__max_depth': 6, 'model__max_features': 0.5, 'model__max_leaf_nodes': 255, 'model__min_samples_leaf': 6400, 'reshape': FunctionTransformer(func=<function reshape at 0x7fdb1d1c0360>), 'second_scale': 'passthrough'}",0.08745917411943072,0.08745917411943072,0.0,1,0.3145338561321894,0.3145338561321894,0.0,0.9552700277306775,0.8279288277791821
0,10501.874833106995,0.0,34.01024842262268,0.0,passthrough,passthrough,"HistGradientBoostingRegressor(early_stopping=True, max_iter=10000,
                              n_iter_no_change=100, random_state=42,
                              scoring='neg_root_mean_squared_error')",200,0.1,squared_error,32,6,0.5,127,200,FunctionTransformer(func=<function reshape at 0x7fdb1d1c0360>),passthrough,"{'first_scale': 'passthrough', 'frequency': 'passthrough', 'model': HistGradientBoostingRegressor(early_stopping=True, max_iter=10000,
                              n_iter_no_change=100, random_state=42,
                              scoring='neg_root_mean_squared_error'), 'model__l2_regularization': 200, 'model__learning_rate': 0.1, 'model__loss': 'squared_error', 'model__max_bins': 32, 'model__max_depth': 6, 'model__max_features': 0.5, 'model__max_leaf_nodes': 127, 'model__min_samples_leaf': 200, 'reshape': FunctionTransformer(func=<function reshape at 0x7fdb1d1c0360>), 'second_scale': 'passthrough'}",0.06284598479741532,0.06284598479741532,0.0,1,0.897656744246282,0.897656744246282,0.0,0.968067154283516,0.3199113248288001
0,15662.842003583908,0.0,32.64424467086792,0.0,passthrough,passthrough,"HistGradientBoostingRegressor(early_stopping=True, max_iter=10000,
                              n_iter_no_change=100, random_state=42,
                              scoring='neg_root_mean_squared_error')",50,0.1,squared_error,32,6,0.5,511,200,FunctionTransformer(func=<function reshape at 0x7fdb1d1c0360>),passthrough,"{'first_scale': 'passthrough', 'frequency': 'passthrough', 'model': HistGradientBoostingRegressor(early_stopping=True, max_iter=10000,
                              n_iter_no_change=100, random_state=42,
                              scoring='neg_root_mean_squared_error'), 'model__l2_regularization': 50, 'model__learning_rate': 0.1, 'model__loss': 'squared_error', 'model__max_bins': 32, 'model__max_depth': 6, 'model__max_features': 0.5, 'model__max_leaf_nodes': 511, 'model__min_samples_leaf': 200, 'reshape': FunctionTransformer(func=<function reshape at 0x7fdb1d1c0360>), 'second_scale': 'passthrough'}",0.05348044586881939,0.05348044586881939,0.0,1,0.9019017477299078,0.9019017477299078,0.0,0.9728923651315086,0.3132064052188144
0,8675.501514196396,0.0,29.443625688552856,0.0,passthrough,passthrough,"HistGradientBoostingRegressor(early_stopping=True, max_iter=10000,
                              n_iter_no_change=100, random_state=42,
                              scoring='neg_root_mean_squared_error')",200,0.05,squared_error,32,3,0.5,255,800,FunctionTransformer(func=<function reshape at 0x7fdb1d1c0360>),passthrough,"{'first_scale': 'passthrough', 'frequency': 'passthrough', 'model': HistGradientBoostingRegressor(early_stopping=True, max_iter=10000,
                              n_iter_no_change=100, random_state=42,
                              scoring='neg_root_mean_squared_error'), 'model__l2_regularization': 200, 'model__learning_rate': 0.05, 'model__loss': 'squared_error', 'model__max_bins': 32, 'model__max_depth': 3, 'model__max_features': 0.5, 'model__max_leaf_nodes': 255, 'model__min_samples_leaf': 800, 'reshape': FunctionTransformer(func=<function reshape at 0x7fdb1d1c0360>), 'second_scale': 'passthrough'}",0.07925632932749804,0.07925632932749804,0.0,1,0.5051920846371722,0.5051920846371722,0.0,0.9595538914894264,0.703425842120424
0,15531.814910411835,0.0,53.659111976623535,0.0,passthrough,passthrough,"HistGradientBoostingRegressor(early_stopping=True, max_iter=10000,
                              n_iter_no_change=100, random_state=42,
                              scoring='neg_root_mean_squared_error')",400,0.02,squared_error,32,3,1.0,511,800,FunctionTransformer(func=<function reshape at 0x7fdb1d1c0360>),passthrough,"{'first_scale': 'passthrough', 'frequency': 'passthrough', 'model': HistGradientBoostingRegressor(early_stopping=True, max_iter=10000,
                              n_iter_no_change=100, random_state=42,
                              scoring='neg_root_mean_squared_error'), 'model__l2_regularization': 400, 'model__learning_rate': 0.02, 'model__loss': 'squared_error', 'model__max_bins': 32, 'model__max_depth': 3, 'model__max_features': 1.0, 'model__max_leaf_nodes': 511, 'model__min_samples_leaf': 800, 'reshape': FunctionTransformer(func=<function reshape at 0x7fdb1d1c0360>), 'second_scale': 'passthrough'}",0.08372887255472938,0.08372887255472938,0.0,1,0.4430530157877105,0.4430530157877105,0.0,0.9572205218471189,0.7462888075083864
0,25364.63333272934,0.0,88.98684191703796,0.0,passthrough,passthrough,"HistGradientBoostingRegressor(early_stopping=True, max_iter=10000,
                              n_iter_no_change=100, random_state=42,
                              scoring='neg_root_mean_squared_error')",100,0.02,squared_error,32,3,0.5,127,800,FunctionTransformer(func=<function reshape at 0x7fdb1d1c0360>),passthrough,"{'first_scale': 'passthrough', 'frequency': 'passthrough', 'model': HistGradientBoostingRegressor(early_stopping=True, max_iter=10000,
                              n_iter_no_change=100, random_state=42,
                              scoring='neg_root_mean_squared_error'), 'model__l2_regularization': 100, 'model__learning_rate': 0.02, 'model__loss': 'squared_error', 'model__max_bins': 32, 'model__max_depth': 3, 'model__max_features': 0.5, 'model__max_leaf_nodes': 127, 'model__min_samples_leaf': 800, 'reshape': FunctionTransformer(func=<function reshape at 0x7fdb1d1c0360>), 'second_scale': 'passthrough'}",0.08472937058241603,0.08472937058241603,0.0,1,0.4485371925344972,0.4485371925344972,0.0,0.9566977732897595,0.7426054184191648
0,27194.999225854874,0.0,73.68545603752136,0.0,passthrough,passthrough,"HistGradientBoostingRegressor(early_stopping=True, max_iter=10000,
                              n_iter_no_change=100, random_state=42,
                              scoring='neg_root_mean_squared_error')",200,0.02,squared_error,32,6,0.5,127,800,FunctionTransformer(func=<function reshape at 0x7fdb1d1c0360>),passthrough,"{'first_scale': 'passthrough', 'frequency': 'passthrough', 'model': HistGradientBoostingRegressor(early_stopping=True, max_iter=10000,
                              n_iter_no_change=100, random_state=42,
                              scoring='neg_root_mean_squared_error'), 'model__l2_regularization': 200, 'model__learning_rate': 0.02, 'model__loss': 'squared_error', 'model__max_bins': 32, 'model__max_depth': 6, 'model__max_features': 0.5, 'model__max_leaf_nodes': 127, 'model__min_samples_leaf': 800, 'reshape': FunctionTransformer(func=<function reshape at 0x7fdb1d1c0360>), 'second_scale': 'passthrough'}",0.08329507633588895,0.08329507633588895,0.0,1,0.8301614924830445,0.8301614924830445,0.0,0.9574470866132034,0.4121146776286371
0,28335.546882867813,0.0,77.43365430831909,0.0,passthrough,passthrough,"HistGradientBoostingRegressor(early_stopping=True, max_iter=10000,
                              n_iter_no_change=100, random_state=42,
                              scoring='neg_root_mean_squared_error')",200,0.0025,squared_error,63,None,1.0,255,6400,FunctionTransformer(func=<function reshape at 0x7fdb1d1c0360>),passthrough,"{'first_scale': 'passthrough', 'frequency': 'passthrough', 'model': HistGradientBoostingRegressor(early_stopping=True, max_iter=10000,
                              n_iter_no_change=100, random_state=42,
                              scoring='neg_root_mean_squared_error'), 'model__l2_regularization': 200, 'model__learning_rate': 0.0025, 'model__loss': 'squared_error', 'model__max_bins': 63, 'model__max_depth': None, 'model__max_features': 1.0, 'model__max_leaf_nodes': 255, 'model__min_samples_leaf': 6400, 'reshape': FunctionTransformer(func=<function reshape at 0x7fdb1d1c0360>), 'second_scale': 'passthrough'}",0.08035889037654986,0.08035889037654986,0.0,1,0.17820468690063118,0.17820468690063118,0.0,0.9589792018722044,0.9065292676463176
0,8096.77015542984,0.0,24.008161783218384,0.0,passthrough,passthrough,"HistGradientBoostingRegressor(early_stopping=True, max_iter=10000,
                              n_iter_no_change=100, random_state=42,
                              scoring='neg_root_mean_squared_error')",400,0.05,squared_error,32,3,0.2,127,400,FunctionTransformer(func=<function reshape at 0x7fdb1d1c0360>),passthrough,"{'first_scale': 'passthrough', 'frequency': 'passthrough', 'model': HistGradientBoostingRegressor(early_stopping=True, max_iter=10000,
                              n_iter_no_change=100, random_state=42,
                              scoring='neg_root_mean_squared_error'), 'model__l2_regularization': 400, 'model__learning_rate': 0.05, 'model__loss': 'squared_error', 'model__max_bins': 32, 'model__max_depth': 3, 'model__max_features': 0.2, 'model__max_leaf_nodes': 127, 'model__min_samples_leaf': 400, 'reshape': FunctionTransformer(func=<function reshape at 0x7fdb1d1c0360>), 'second_scale': 'passthrough'}",0.08502482169571601,0.08502482169571601,0.0,1,0.39027380828350533,0.39027380828350533,0.0,0.9565433488892617,0.7808496601244664
0,8690.000833511353,0.0,27.577306032180786,0.0,passthrough,passthrough,"HistGradientBoostingRegressor(early_stopping=True, max_iter=10000,
                              n_iter_no_change=100, random_state=42,
                              scoring='neg_root_mean_squared_error')",50,0.05,squared_error,32,3,0.5,511,200,FunctionTransformer(func=<function reshape at 0x7fdb1d1c0360>),passthrough,"{'first_scale': 'passthrough', 'frequency': 'passthrough', 'model': HistGradientBoostingRegressor(early_stopping=True, max_iter=10000,
                              n_iter_no_change=100, random_state=42,
                              scoring='neg_root_mean_squared_error'), 'model__l2_regularization': 50, 'model__learning_rate': 0.05, 'model__loss': 'squared_error', 'model__max_bins': 32, 'model__max_depth': 3, 'model__max_features': 0.5, 'model__max_leaf_nodes': 511, 'model__min_samples_leaf': 200, 'reshape': FunctionTransformer(func=<function reshape at 0x7fdb1d1c0360>), 'second_scale': 'passthrough'}",0.08320457789578961,0.08320457789578961,0.0,1,0.42337834533042884,0.42337834533042884,0.0,0.957494345729629,0.7593560789705783
0,4336.370010137558,0.0,16.049529552459717,0.0,passthrough,passthrough,"HistGradientBoostingRegressor(early_stopping=True, max_iter=10000,
                              n_iter_no_change=100, random_state=42,
                              scoring='neg_root_mean_squared_error')",200,0.1,squared_error,32,3,1.0,511,800,FunctionTransformer(func=<function reshape at 0x7fdb1d1c0360>),passthrough,"{'first_scale': 'passthrough', 'frequency': 'passthrough', 'model': HistGradientBoostingRegressor(early_stopping=True, max_iter=10000,
                              n_iter_no_change=100, random_state=42,
                              scoring='neg_root_mean_squared_error'), 'model__l2_regularization': 200, 'model__learning_rate': 0.1, 'model__loss': 'squared_error', 'model__max_bins': 32, 'model__max_depth': 3, 'model__max_features': 1.0, 'model__max_leaf_nodes': 511, 'model__min_samples_leaf': 800, 'reshape': FunctionTransformer(func=<function reshape at 0x7fdb1d1c0360>), 'second_scale': 'passthrough'}",0.06691624946811658,0.06691624946811658,0.0,1,0.5272173030536758,0.5272173030536758,0.0,0.9659626030710937,0.6875919552658569
0,5370.522369623184,0.0,12.2052640914917,0.0,passthrough,passthrough,"HistGradientBoostingRegressor(early_stopping=True, max_iter=10000,
                              n_iter_no_change=100, random_state=42,
                              scoring='neg_root_mean_squared_error')",400,0.1,squared_error,32,3,0.2,511,800,FunctionTransformer(func=<function reshape at 0x7fdb1d1c0360>),passthrough,"{'first_scale': 'passthrough', 'frequency': 'passthrough', 'model': HistGradientBoostingRegressor(early_stopping=True, max_iter=10000,
                              n_iter_no_change=100, random_state=42,
                              scoring='neg_root_mean_squared_error'), 'model__l2_regularization': 400, 'model__learning_rate': 0.1, 'model__loss': 'squared_error', 'model__max_bins': 32, 'model__max_depth': 3, 'model__max_features': 0.2, 'model__max_leaf_nodes': 511, 'model__min_samples_leaf': 800, 'reshape': FunctionTransformer(func=<function reshape at 0x7fdb1d1c0360>), 'second_scale': 'passthrough'}",0.07944933502812557,0.07944933502812557,0.0,1,0.3821639340720171,0.3821639340720171,0.0,0.9594533156813178,0.7860254868183237
0,28071.19380712509,0.0,81.87459444999695,0.0,passthrough,passthrough,"HistGradientBoostingRegressor(early_stopping=True, max_iter=10000,
                              n_iter_no_change=100, random_state=42,
                              scoring='neg_root_mean_squared_error')",200,0.01,squared_error,63,None,1.0,255,6400,FunctionTransformer(func=<function reshape at 0x7fdb1d1c0360>),passthrough,"{'first_scale': 'passthrough', 'frequency': 'passthrough', 'model': HistGradientBoostingRegressor(early_stopping=True, max_iter=10000,
                              n_iter_no_change=100, random_state=42,
                              scoring='neg_root_mean_squared_error'), 'model__l2_regularization': 200, 'model__learning_rate': 0.01, 'model__loss': 'squared_error', 'model__max_bins': 63, 'model__max_depth': None, 'model__max_features': 1.0, 'model__max_leaf_nodes': 255, 'model__min_samples_leaf': 6400, 'reshape': FunctionTransformer(func=<function reshape at 0x7fdb1d1c0360>), 'second_scale': 'passthrough'}",0.08704050430524635,0.08704050430524635,0.0,1,0.33399977707592643,0.33399977707592643,0.0,0.9554891394959724,0.8160883671049806
0,18648.187267780304,0.0,72.99855637550354,0.0,passthrough,passthrough,"HistGradientBoostingRegressor(early_stopping=True, max_iter=10000,
                              n_iter_no_change=100, random_state=42,
                              scoring='neg_root_mean_squared_error')",50,0.02,squared_error,32,3,0.5,127,400,FunctionTransformer(func=<function reshape at 0x7fdb1d1c0360>),passthrough,"{'first_scale': 'passthrough', 'frequency': 'passthrough', 'model': HistGradientBoostingRegressor(early_stopping=True, max_iter=10000,
                              n_iter_no_change=100, random_state=42,
                              scoring='neg_root_mean_squared_error'), 'model__l2_regularization': 50, 'model__learning_rate': 0.02, 'model__loss': 'squared_error', 'model__max_bins': 32, 'model__max_depth': 3, 'model__max_features': 0.5, 'model__max_leaf_nodes': 127, 'model__min_samples_leaf': 400, 'reshape': FunctionTransformer(func=<function reshape at 0x7fdb1d1c0360>), 'second_scale': 'passthrough'}",0.08510939637347881,0.08510939637347881,0.0,1,0.464933189781503,0.464933189781503,0.0,0.9564991393757347,0.7314826110158033
0,13150.910055875778,0.0,29.499233722686768,0.0,passthrough,passthrough,"HistGradientBoostingRegressor(early_stopping=True, max_iter=10000,
                              n_iter_no_change=100, random_state=42,
                              scoring='neg_root_mean_squared_error')",100,0.05,squared_error,32,3,1.0,127,400,FunctionTransformer(func=<function reshape at 0x7fdb1d1c0360>),passthrough,"{'first_scale': 'passthrough', 'frequency': 'passthrough', 'model': HistGradientBoostingRegressor(early_stopping=True, max_iter=10000,
                              n_iter_no_change=100, random_state=42,
                              scoring='neg_root_mean_squared_error'), 'model__l2_regularization': 100, 'model__learning_rate': 0.05, 'model__loss': 'squared_error', 'model__max_bins': 32, 'model__max_depth': 3, 'model__max_features': 1.0, 'model__max_leaf_nodes': 127, 'model__min_samples_leaf': 400, 'reshape': FunctionTransformer(func=<function reshape at 0x7fdb1d1c0360>), 'second_scale': 'passthrough'}",0.07546150706017474,0.07546150706017474,0.0,1,0.5247256910011608,0.5247256910011608,0.0,0.9615292470537884,0.6894014135457217
0,12637.35366845131,0.0,38.98704934120178,0.0,passthrough,passthrough,"HistGradientBoostingRegressor(early_stopping=True, max_iter=10000,
                              n_iter_no_change=100, random_state=42,
                              scoring='neg_root_mean_squared_error')",100,0.05,squared_error,32,3,1.0,255,200,FunctionTransformer(func=<function reshape at 0x7fdb1d1c0360>),passthrough,"{'first_scale': 'passthrough', 'frequency': 'passthrough', 'model': HistGradientBoostingRegressor(early_stopping=True, max_iter=10000,
                              n_iter_no_change=100, random_state=42,
                              scoring='neg_root_mean_squared_error'), 'model__l2_regularization': 100, 'model__learning_rate': 0.05, 'model__loss': 'squared_error', 'model__max_bins': 32, 'model__max_depth': 3, 'model__max_features': 1.0, 'model__max_leaf_nodes': 255, 'model__min_samples_leaf': 200, 'reshape': FunctionTransformer(func=<function reshape at 0x7fdb1d1c0360>), 'second_scale': 'passthrough'}",0.07744562951075229,0.07744562951075229,0.0,1,0.523611052543947,0.523611052543947,0.0,0.9604969393440292,0.6902093504553911
0,25870.312648773193,0.0,69.74677562713623,0.0,passthrough,passthrough,"HistGradientBoostingRegressor(early_stopping=True, max_iter=10000,
                              n_iter_no_change=100, random_state=42,
                              scoring='neg_root_mean_squared_error')",50,0.02,squared_error,32,3,0.2,127,200,FunctionTransformer(func=<function reshape at 0x7fdb1d1c0360>),passthrough,"{'first_scale': 'passthrough', 'frequency': 'passthrough', 'model': HistGradientBoostingRegressor(early_stopping=True, max_iter=10000,
                              n_iter_no_change=100, random_state=42,
                              scoring='neg_root_mean_squared_error'), 'model__l2_regularization': 50, 'model__learning_rate': 0.02, 'model__loss': 'squared_error', 'model__max_bins': 32, 'model__max_depth': 3, 'model__max_features': 0.2, 'model__max_leaf_nodes': 127, 'model__min_samples_leaf': 200, 'reshape': FunctionTransformer(func=<function reshape at 0x7fdb1d1c0360>), 'second_scale': 'passthrough'}",0.08730463992099358,0.08730463992099358,0.0,1,0.4529741702452691,0.4529741702452691,0.0,0.95535090939351,0.7396119453840175
0,2399.2690768241882,0.0,12.097948789596558,0.0,passthrough,passthrough,"HistGradientBoostingRegressor(early_stopping=True, max_iter=10000,
                              n_iter_no_change=100, random_state=42,
                              scoring='neg_root_mean_squared_error')",200,0.1,squared_error,32,3,1.0,127,400,FunctionTransformer(func=<function reshape at 0x7fdb1d1c0360>),passthrough,"{'first_scale': 'passthrough', 'frequency': 'passthrough', 'model': HistGradientBoostingRegressor(early_stopping=True, max_iter=10000,
                              n_iter_no_change=100, random_state=42,
                              scoring='neg_root_mean_squared_error'), 'model__l2_regularization': 200, 'model__learning_rate': 0.1, 'model__loss': 'squared_error', 'model__max_bins': 32, 'model__max_depth': 3, 'model__max_features': 1.0, 'model__max_leaf_nodes': 127, 'model__min_samples_leaf': 400, 'reshape': FunctionTransformer(func=<function reshape at 0x7fdb1d1c0360>), 'second_scale': 'passthrough'}",0.07505244595936589,0.07505244595936589,0.0,1,0.3851962070328342,0.3851962070328342,0.0,0.9617419373411114,0.7840942500536309
0,19632.90940761566,0.0,32.22165131568909,0.0,passthrough,passthrough,"HistGradientBoostingRegressor(early_stopping=True, max_iter=10000,
                              n_iter_no_change=100, random_state=42,
                              scoring='neg_root_mean_squared_error')",100,0.1,squared_error,32,6,1.0,511,200,FunctionTransformer(func=<function reshape at 0x7fdb1d1c0360>),passthrough,"{'first_scale': 'passthrough', 'frequency': 'passthrough', 'model': HistGradientBoostingRegressor(early_stopping=True, max_iter=10000,
                              n_iter_no_change=100, random_state=42,
                              scoring='neg_root_mean_squared_error'), 'model__l2_regularization': 100, 'model__learning_rate': 0.1, 'model__loss': 'squared_error', 'model__max_bins': 32, 'model__max_depth': 6, 'model__max_features': 1.0, 'model__max_leaf_nodes': 511, 'model__min_samples_leaf': 200, 'reshape': FunctionTransformer(func=<function reshape at 0x7fdb1d1c0360>), 'second_scale': 'passthrough'}",0.054138210517863716,0.054138210517863716,0.0,1,0.9041795097345765,0.9041795097345765,0.0,0.9725542604308185,0.30954884956242934
0,5707.418404579163,0.0,14.644959449768066,0.0,passthrough,passthrough,"HistGradientBoostingRegressor(early_stopping=True, max_iter=10000,
                              n_iter_no_change=100, random_state=42,
                              scoring='neg_root_mean_squared_error')",400,0.1,squared_error,32,3,0.2,511,400,FunctionTransformer(func=<function reshape at 0x7fdb1d1c0360>),passthrough,"{'first_scale': 'passthrough', 'frequency': 'passthrough', 'model': HistGradientBoostingRegressor(early_stopping=True, max_iter=10000,
                              n_iter_no_change=100, random_state=42,
                              scoring='neg_root_mean_squared_error'), 'model__l2_regularization': 400, 'model__learning_rate': 0.1, 'model__loss': 'squared_error', 'model__max_bins': 32, 'model__max_depth': 3, 'model__max_features': 0.2, 'model__max_leaf_nodes': 511, 'model__min_samples_leaf': 400, 'reshape': FunctionTransformer(func=<function reshape at 0x7fdb1d1c0360>), 'second_scale': 'passthrough'}",0.06755263416163904,0.06755263416163904,0.0,1,0.5483204433658133,0.5483204433658133,0.0,0.9656331424709702,0.6720710949253708
0,30004.105503559113,0.0,104.51516318321228,0.0,passthrough,passthrough,"HistGradientBoostingRegressor(early_stopping=True, max_iter=10000,
                              n_iter_no_change=100, random_state=42,
                              scoring='neg_root_mean_squared_error')",200,0.005,squared_error,63,6,1.0,255,3200,FunctionTransformer(func=<function reshape at 0x7fdb1d1c0360>),passthrough,"{'first_scale': 'passthrough', 'frequency': 'passthrough', 'model': HistGradientBoostingRegressor(early_stopping=True, max_iter=10000,
                              n_iter_no_change=100, random_state=42,
                              scoring='neg_root_mean_squared_error'), 'model__l2_regularization': 200, 'model__learning_rate': 0.005, 'model__loss': 'squared_error', 'model__max_bins': 63, 'model__max_depth': 6, 'model__max_features': 1.0, 'model__max_leaf_nodes': 255, 'model__min_samples_leaf': 3200, 'reshape': FunctionTransformer(func=<function reshape at 0x7fdb1d1c0360>), 'second_scale': 'passthrough'}",0.09022644486598841,0.09022644486598841,0.0,1,0.31407094678514136,0.31407094678514136,0.0,0.953820504672662,0.8282083392570124
0,14659.82028388977,0.0,46.79564070701599,0.0,passthrough,passthrough,"HistGradientBoostingRegressor(early_stopping=True, max_iter=10000,
                              n_iter_no_change=100, random_state=42,
                              scoring='neg_root_mean_squared_error')",100,0.05,squared_error,32,6,1.0,127,800,FunctionTransformer(func=<function reshape at 0x7fdb1d1c0360>),passthrough,"{'first_scale': 'passthrough', 'frequency': 'passthrough', 'model': HistGradientBoostingRegressor(early_stopping=True, max_iter=10000,
                              n_iter_no_change=100, random_state=42,
                              scoring='neg_root_mean_squared_error'), 'model__l2_regularization': 100, 'model__learning_rate': 0.05, 'model__loss': 'squared_error', 'model__max_bins': 32, 'model__max_depth': 6, 'model__max_features': 1.0, 'model__max_leaf_nodes': 127, 'model__min_samples_leaf': 800, 'reshape': FunctionTransformer(func=<function reshape at 0x7fdb1d1c0360>), 'second_scale': 'passthrough'}",0.07429964429447378,0.07429964429447378,0.0,1,0.8601911792184429,0.8601911792184429,0.0,0.9621332317852482,0.37391017742441446
0,28676.19818496704,0.0,74.69131922721863,0.0,passthrough,passthrough,"HistGradientBoostingRegressor(early_stopping=True, max_iter=10000,
                              n_iter_no_change=100, random_state=42,
                              scoring='neg_root_mean_squared_error')",800,0.0025,squared_error,63,None,0.5,127,6400,FunctionTransformer(func=<function reshape at 0x7fdb1d1c0360>),passthrough,"{'first_scale': 'passthrough', 'frequency': 'passthrough', 'model': HistGradientBoostingRegressor(early_stopping=True, max_iter=10000,
                              n_iter_no_change=100, random_state=42,
                              scoring='neg_root_mean_squared_error'), 'model__l2_regularization': 800, 'model__learning_rate': 0.0025, 'model__loss': 'squared_error', 'model__max_bins': 63, 'model__max_depth': None, 'model__max_features': 0.5, 'model__max_leaf_nodes': 127, 'model__min_samples_leaf': 6400, 'reshape': FunctionTransformer(func=<function reshape at 0x7fdb1d1c0360>), 'second_scale': 'passthrough'}",0.08008482380202198,0.08008482380202198,0.0,1,0.17041724280785198,0.17041724280785198,0.0,0.959122086179845,0.910814337388333
0,18587.451320171356,0.0,30.420364141464233,0.0,passthrough,passthrough,"HistGradientBoostingRegressor(early_stopping=True, max_iter=10000,
                              n_iter_no_change=100, random_state=42,
                              scoring='neg_root_mean_squared_error')",100,0.05,squared_error,32,6,0.2,511,200,FunctionTransformer(func=<function reshape at 0x7fdb1d1c0360>),passthrough,"{'first_scale': 'passthrough', 'frequency': 'passthrough', 'model': HistGradientBoostingRegressor(early_stopping=True, max_iter=10000,
                              n_iter_no_change=100, random_state=42,
                              scoring='neg_root_mean_squared_error'), 'model__l2_regularization': 100, 'model__learning_rate': 0.05, 'model__loss': 'squared_error', 'model__max_bins': 32, 'model__max_depth': 6, 'model__max_features': 0.2, 'model__max_leaf_nodes': 511, 'model__min_samples_leaf': 200, 'reshape': FunctionTransformer(func=<function reshape at 0x7fdb1d1c0360>), 'second_scale': 'passthrough'}",0.08182984766974011,0.08182984766974011,0.0,1,0.8568842524034127,0.8568842524034127,0.0,0.9582119558481098,0.3783064202423576
0,22315.077390909195,0.0,84.88145184516907,0.0,passthrough,passthrough,"HistGradientBoostingRegressor(early_stopping=True, max_iter=10000,
                              n_iter_no_change=100, random_state=42,
                              scoring='neg_root_mean_squared_error')",800,0.0025,squared_error,63,6,1.0,255,6400,FunctionTransformer(func=<function reshape at 0x7fdb1d1c0360>),passthrough,"{'first_scale': 'passthrough', 'frequency': 'passthrough', 'model': HistGradientBoostingRegressor(early_stopping=True, max_iter=10000,
                              n_iter_no_change=100, random_state=42,
                              scoring='neg_root_mean_squared_error'), 'model__l2_regularization': 800, 'model__learning_rate': 0.0025, 'model__loss': 'squared_error', 'model__max_bins': 63, 'model__max_depth': 6, 'model__max_features': 1.0, 'model__max_leaf_nodes': 255, 'model__min_samples_leaf': 6400, 'reshape': FunctionTransformer(func=<function reshape at 0x7fdb1d1c0360>), 'second_scale': 'passthrough'}",0.07937374127725216,0.07937374127725216,0.0,1,0.17164042755496012,0.17164042755496012,0.0,0.9594927090513756,0.910142611047873
0,28146.879844665527,0.0,80.32158851623535,0.0,passthrough,passthrough,"HistGradientBoostingRegressor(early_stopping=True, max_iter=10000,
                              n_iter_no_change=100, random_state=42,
                              scoring='neg_root_mean_squared_error')",200,0.005,squared_error,63,None,0.5,127,6400,FunctionTransformer(func=<function reshape at 0x7fdb1d1c0360>),passthrough,"{'first_scale': 'passthrough', 'frequency': 'passthrough', 'model': HistGradientBoostingRegressor(early_stopping=True, max_iter=10000,
                              n_iter_no_change=100, random_state=42,
                              scoring='neg_root_mean_squared_error'), 'model__l2_regularization': 200, 'model__learning_rate': 0.005, 'model__loss': 'squared_error', 'model__max_bins': 63, 'model__max_depth': None, 'model__max_features': 0.5, 'model__max_leaf_nodes': 127, 'model__min_samples_leaf': 6400, 'reshape': FunctionTransformer(func=<function reshape at 0x7fdb1d1c0360>), 'second_scale': 'passthrough'}",0.08668651805827576,0.08668651805827576,0.0,1,0.23695322616033754,0.23695322616033754,0.0,0.9556743597804245,0.8735254855123933
0,4167.442072153091,0.0,10.766799211502075,0.0,passthrough,passthrough,"HistGradientBoostingRegressor(early_stopping=True, max_iter=10000,
                              n_iter_no_change=100, random_state=42,
                              scoring='neg_root_mean_squared_error')",400,0.1,squared_error,32,3,0.2,511,200,FunctionTransformer(func=<function reshape at 0x7fdb1d1c0360>),passthrough,"{'first_scale': 'passthrough', 'frequency': 'passthrough', 'model': HistGradientBoostingRegressor(early_stopping=True, max_iter=10000,
                              n_iter_no_change=100, random_state=42,
                              scoring='neg_root_mean_squared_error'), 'model__l2_regularization': 400, 'model__learning_rate': 0.1, 'model__loss': 'squared_error', 'model__max_bins': 32, 'model__max_depth': 3, 'model__max_features': 0.2, 'model__max_leaf_nodes': 511, 'model__min_samples_leaf': 200, 'reshape': FunctionTransformer(func=<function reshape at 0x7fdb1d1c0360>), 'second_scale': 'passthrough'}",0.07515605323627883,0.07515605323627883,0.0,1,0.4698659983461261,0.4698659983461261,0.0,0.9616880714471409,0.7281030158252841
0,13437.31062245369,0.0,27.747825860977173,0.0,passthrough,passthrough,"HistGradientBoostingRegressor(early_stopping=True, max_iter=10000,
                              n_iter_no_change=100, random_state=42,
                              scoring='neg_root_mean_squared_error')",100,0.1,squared_error,32,6,0.5,511,800,FunctionTransformer(func=<function reshape at 0x7fdb1d1c0360>),passthrough,"{'first_scale': 'passthrough', 'frequency': 'passthrough', 'model': HistGradientBoostingRegressor(early_stopping=True, max_iter=10000,
                              n_iter_no_change=100, random_state=42,
                              scoring='neg_root_mean_squared_error'), 'model__l2_regularization': 100, 'model__learning_rate': 0.1, 'model__loss': 'squared_error', 'model__max_bins': 32, 'model__max_depth': 6, 'model__max_features': 0.5, 'model__max_leaf_nodes': 511, 'model__min_samples_leaf': 800, 'reshape': FunctionTransformer(func=<function reshape at 0x7fdb1d1c0360>), 'second_scale': 'passthrough'}",0.05311313123167971,0.05311313123167971,0.0,1,0.8498127807173592,0.8498127807173592,0.0,0.9730811213708342,0.38753995830448346
0,16694.730768442154,0.0,46.41893219947815,0.0,passthrough,passthrough,"HistGradientBoostingRegressor(early_stopping=True, max_iter=10000,
                              n_iter_no_change=100, random_state=42,
                              scoring='neg_root_mean_squared_error')",50,0.02,squared_error,32,3,0.5,255,800,FunctionTransformer(func=<function reshape at 0x7fdb1d1c0360>),passthrough,"{'first_scale': 'passthrough', 'frequency': 'passthrough', 'model': HistGradientBoostingRegressor(early_stopping=True, max_iter=10000,
                              n_iter_no_change=100, random_state=42,
                              scoring='neg_root_mean_squared_error'), 'model__l2_regularization': 50, 'model__learning_rate': 0.02, 'model__loss': 'squared_error', 'model__max_bins': 32, 'model__max_depth': 3, 'model__max_features': 0.5, 'model__max_leaf_nodes': 255, 'model__min_samples_leaf': 800, 'reshape': FunctionTransformer(func=<function reshape at 0x7fdb1d1c0360>), 'second_scale': 'passthrough'}",0.08527470558881445,0.08527470558881445,0.0,1,0.4569227580086537,0.4569227580086537,0.0,0.9564127217949296,0.7369377463472382
0,28775.257800340652,0.0,88.83093786239624,0.0,passthrough,passthrough,"HistGradientBoostingRegressor(early_stopping=True, max_iter=10000,
                              n_iter_no_change=100, random_state=42,
                              scoring='neg_root_mean_squared_error')",200,0.02,squared_error,32,6,0.2,127,800,FunctionTransformer(func=<function reshape at 0x7fdb1d1c0360>),passthrough,"{'first_scale': 'passthrough', 'frequency': 'passthrough', 'model': HistGradientBoostingRegressor(early_stopping=True, max_iter=10000,
                              n_iter_no_change=100, random_state=42,
                              scoring='neg_root_mean_squared_error'), 'model__l2_regularization': 200, 'model__learning_rate': 0.02, 'model__loss': 'squared_error', 'model__max_bins': 32, 'model__max_depth': 6, 'model__max_features': 0.2, 'model__max_leaf_nodes': 127, 'model__min_samples_leaf': 800, 'reshape': FunctionTransformer(func=<function reshape at 0x7fdb1d1c0360>), 'second_scale': 'passthrough'}",0.08652128329920994,0.08652128329920994,0.0,1,0.8288136438293457,0.8288136438293457,0.0,0.9557608051708283,0.41374672949843877
0,17856.642142295837,0.0,31.94612765312195,0.0,passthrough,passthrough,"HistGradientBoostingRegressor(early_stopping=True, max_iter=10000,
                              n_iter_no_change=100, random_state=42,
                              scoring='neg_root_mean_squared_error')",100,0.1,squared_error,32,6,1.0,127,400,FunctionTransformer(func=<function reshape at 0x7fdb1d1c0360>),passthrough,"{'first_scale': 'passthrough', 'frequency': 'passthrough', 'model': HistGradientBoostingRegressor(early_stopping=True, max_iter=10000,
                              n_iter_no_change=100, random_state=42,
                              scoring='neg_root_mean_squared_error'), 'model__l2_regularization': 100, 'model__learning_rate': 0.1, 'model__loss': 'squared_error', 'model__max_bins': 32, 'model__max_depth': 6, 'model__max_features': 1.0, 'model__max_leaf_nodes': 127, 'model__min_samples_leaf': 400, 'reshape': FunctionTransformer(func=<function reshape at 0x7fdb1d1c0360>), 'second_scale': 'passthrough'}",0.05237271934495036,0.05237271934495036,0.0,1,0.8960251978925049,0.8960251978925049,0.0,0.9734614941819988,0.3224512398913906
0,16884.658964395523,0.0,34.0437695980072,0.0,passthrough,passthrough,"HistGradientBoostingRegressor(early_stopping=True, max_iter=10000,
                              n_iter_no_change=100, random_state=42,
                              scoring='neg_root_mean_squared_error')",400,0.1,squared_error,32,6,0.5,511,200,FunctionTransformer(func=<function reshape at 0x7fdb1d1c0360>),passthrough,"{'first_scale': 'passthrough', 'frequency': 'passthrough', 'model': HistGradientBoostingRegressor(early_stopping=True, max_iter=10000,
                              n_iter_no_change=100, random_state=42,
                              scoring='neg_root_mean_squared_error'), 'model__l2_regularization': 400, 'model__learning_rate': 0.1, 'model__loss': 'squared_error', 'model__max_bins': 32, 'model__max_depth': 6, 'model__max_features': 0.5, 'model__max_leaf_nodes': 511, 'model__min_samples_leaf': 200, 'reshape': FunctionTransformer(func=<function reshape at 0x7fdb1d1c0360>), 'second_scale': 'passthrough'}",0.06392091468663563,0.06392091468663563,0.0,1,0.8996368056320664,0.8996368056320664,0.0,0.9675118011235648,0.31680150625894066
0,4460.361741304398,0.0,14.369996070861816,0.0,passthrough,passthrough,"HistGradientBoostingRegressor(early_stopping=True, max_iter=10000,
                              n_iter_no_change=100, random_state=42,
                              scoring='neg_root_mean_squared_error')",200,0.1,squared_error,32,3,1.0,255,200,FunctionTransformer(func=<function reshape at 0x7fdb1d1c0360>),passthrough,"{'first_scale': 'passthrough', 'frequency': 'passthrough', 'model': HistGradientBoostingRegressor(early_stopping=True, max_iter=10000,
                              n_iter_no_change=100, random_state=42,
                              scoring='neg_root_mean_squared_error'), 'model__l2_regularization': 200, 'model__learning_rate': 0.1, 'model__loss': 'squared_error', 'model__max_bins': 32, 'model__max_depth': 3, 'model__max_features': 1.0, 'model__max_leaf_nodes': 255, 'model__min_samples_leaf': 200, 'reshape': FunctionTransformer(func=<function reshape at 0x7fdb1d1c0360>), 'second_scale': 'passthrough'}",0.06919936200333354,0.06919936200333354,0.0,1,0.5366746051969444,0.5366746051969444,0.0,0.9647800982590108,0.680680097257923
0,14505.999526262283,0.0,49.441797733306885,0.0,passthrough,passthrough,"HistGradientBoostingRegressor(early_stopping=True, max_iter=10000,
                              n_iter_no_change=100, random_state=42,
                              scoring='neg_root_mean_squared_error')",50,0.02,squared_error,32,3,1.0,127,400,FunctionTransformer(func=<function reshape at 0x7fdb1d1c0360>),passthrough,"{'first_scale': 'passthrough', 'frequency': 'passthrough', 'model': HistGradientBoostingRegressor(early_stopping=True, max_iter=10000,
                              n_iter_no_change=100, random_state=42,
                              scoring='neg_root_mean_squared_error'), 'model__l2_regularization': 50, 'model__learning_rate': 0.02, 'model__loss': 'squared_error', 'model__max_bins': 32, 'model__max_depth': 3, 'model__max_features': 1.0, 'model__max_leaf_nodes': 127, 'model__min_samples_leaf': 400, 'reshape': FunctionTransformer(func=<function reshape at 0x7fdb1d1c0360>), 'second_scale': 'passthrough'}",0.08429211423665284,0.08429211423665284,0.0,1,0.4182923016347294,0.4182923016347294,0.0,0.9569262697634271,0.7626976454436388
0,23081.220581531525,0.0,53.43267846107483,0.0,passthrough,passthrough,"HistGradientBoostingRegressor(early_stopping=True, max_iter=10000,
                              n_iter_no_change=100, random_state=42,
                              scoring='neg_root_mean_squared_error')",400,0.05,squared_error,32,6,0.2,511,400,FunctionTransformer(func=<function reshape at 0x7fdb1d1c0360>),passthrough,"{'first_scale': 'passthrough', 'frequency': 'passthrough', 'model': HistGradientBoostingRegressor(early_stopping=True, max_iter=10000,
                              n_iter_no_change=100, random_state=42,
                              scoring='neg_root_mean_squared_error'), 'model__l2_regularization': 400, 'model__learning_rate': 0.05, 'model__loss': 'squared_error', 'model__max_bins': 32, 'model__max_depth': 6, 'model__max_features': 0.2, 'model__max_leaf_nodes': 511, 'model__min_samples_leaf': 400, 'reshape': FunctionTransformer(func=<function reshape at 0x7fdb1d1c0360>), 'second_scale': 'passthrough'}",0.07884414056594402,0.07884414056594402,0.0,1,0.858076239684292,0.858076239684292,0.0,0.9597686489118386,0.3767277004889712
0,27934.635184049606,0.0,75.29155278205872,0.0,passthrough,passthrough,"HistGradientBoostingRegressor(early_stopping=True, max_iter=10000,
                              n_iter_no_change=100, random_state=42,
                              scoring='neg_root_mean_squared_error')",400,0.0025,squared_error,63,6,0.5,255,6400,FunctionTransformer(func=<function reshape at 0x7fdb1d1c0360>),passthrough,"{'first_scale': 'passthrough', 'frequency': 'passthrough', 'model': HistGradientBoostingRegressor(early_stopping=True, max_iter=10000,
                              n_iter_no_change=100, random_state=42,
                              scoring='neg_root_mean_squared_error'), 'model__l2_regularization': 400, 'model__learning_rate': 0.0025, 'model__loss': 'squared_error', 'model__max_bins': 63, 'model__max_depth': 6, 'model__max_features': 0.5, 'model__max_leaf_nodes': 255, 'model__min_samples_leaf': 6400, 'reshape': FunctionTransformer(func=<function reshape at 0x7fdb1d1c0360>), 'second_scale': 'passthrough'}",0.08065240614997138,0.08065240614997138,0.0,1,0.17256600356160812,0.17256600356160812,0.0,0.9588261541332863,0.9096339903710678
0,8845.705982208252,0.0,23.508989572525024,0.0,passthrough,passthrough,"HistGradientBoostingRegressor(early_stopping=True, max_iter=10000,
                              n_iter_no_change=100, random_state=42,
                              scoring='neg_root_mean_squared_error')",50,0.05,squared_error,32,3,0.5,255,200,FunctionTransformer(func=<function reshape at 0x7fdb1d1c0360>),passthrough,"{'first_scale': 'passthrough', 'frequency': 'passthrough', 'model': HistGradientBoostingRegressor(early_stopping=True, max_iter=10000,
                              n_iter_no_change=100, random_state=42,
                              scoring='neg_root_mean_squared_error'), 'model__l2_regularization': 50, 'model__learning_rate': 0.05, 'model__loss': 'squared_error', 'model__max_bins': 32, 'model__max_depth': 3, 'model__max_features': 0.5, 'model__max_leaf_nodes': 255, 'model__min_samples_leaf': 200, 'reshape': FunctionTransformer(func=<function reshape at 0x7fdb1d1c0360>), 'second_scale': 'passthrough'}",0.08320457789578961,0.08320457789578961,0.0,1,0.42337834533042884,0.42337834533042884,0.0,0.957494345729629,0.7593560789705783
0,28556.38121533394,0.0,68.27033615112305,0.0,passthrough,passthrough,"HistGradientBoostingRegressor(early_stopping=True, max_iter=10000,
                              n_iter_no_change=100, random_state=42,
                              scoring='neg_root_mean_squared_error')",400,0.05,squared_error,32,6,1.0,255,400,FunctionTransformer(func=<function reshape at 0x7fdb1d1c0360>),passthrough,"{'first_scale': 'passthrough', 'frequency': 'passthrough', 'model': HistGradientBoostingRegressor(early_stopping=True, max_iter=10000,
                              n_iter_no_change=100, random_state=42,
                              scoring='neg_root_mean_squared_error'), 'model__l2_regularization': 400, 'model__learning_rate': 0.05, 'model__loss': 'squared_error', 'model__max_bins': 32, 'model__max_depth': 6, 'model__max_features': 1.0, 'model__max_leaf_nodes': 255, 'model__min_samples_leaf': 400, 'reshape': FunctionTransformer(func=<function reshape at 0x7fdb1d1c0360>), 'second_scale': 'passthrough'}",0.07675401520974223,0.07675401520974223,0.0,1,0.896800320057842,0.896800320057842,0.0,0.9608569013075037,0.32124706993552166
0,10876.757114887238,0.0,26.769271850585938,0.0,passthrough,passthrough,"HistGradientBoostingRegressor(early_stopping=True, max_iter=10000,
                              n_iter_no_change=100, random_state=42,
                              scoring='neg_root_mean_squared_error')",50,0.05,squared_error,32,3,0.5,255,400,FunctionTransformer(func=<function reshape at 0x7fdb1d1c0360>),passthrough,"{'first_scale': 'passthrough', 'frequency': 'passthrough', 'model': HistGradientBoostingRegressor(early_stopping=True, max_iter=10000,
                              n_iter_no_change=100, random_state=42,
                              scoring='neg_root_mean_squared_error'), 'model__l2_regularization': 50, 'model__learning_rate': 0.05, 'model__loss': 'squared_error', 'model__max_bins': 32, 'model__max_depth': 3, 'model__max_features': 0.5, 'model__max_leaf_nodes': 255, 'model__min_samples_leaf': 400, 'reshape': FunctionTransformer(func=<function reshape at 0x7fdb1d1c0360>), 'second_scale': 'passthrough'}",0.07931800613370366,0.07931800613370366,0.0,1,0.4830265305503322,0.4830265305503322,0.0,0.9595217526801028,0.7190086713313462
0,4564.935444116592,0.0,16.85700750350952,0.0,passthrough,passthrough,"HistGradientBoostingRegressor(early_stopping=True, max_iter=10000,
                              n_iter_no_change=100, random_state=42,
                              scoring='neg_root_mean_squared_error')",200,0.1,squared_error,32,3,0.2,127,200,FunctionTransformer(func=<function reshape at 0x7fdb1d1c0360>),passthrough,"{'first_scale': 'passthrough', 'frequency': 'passthrough', 'model': HistGradientBoostingRegressor(early_stopping=True, max_iter=10000,
                              n_iter_no_change=100, random_state=42,
                              scoring='neg_root_mean_squared_error'), 'model__l2_regularization': 200, 'model__learning_rate': 0.1, 'model__loss': 'squared_error', 'model__max_bins': 32, 'model__max_depth': 3, 'model__max_features': 0.2, 'model__max_leaf_nodes': 127, 'model__min_samples_leaf': 200, 'reshape': FunctionTransformer(func=<function reshape at 0x7fdb1d1c0360>), 'second_scale': 'passthrough'}",0.07466884042703359,0.07466884042703359,0.0,1,0.49523938664306444,0.49523938664306444,0.0,0.9619413493415108,0.7104650683579986
0,4968.59346985817,0.0,15.608617305755615,0.0,passthrough,passthrough,"HistGradientBoostingRegressor(early_stopping=True, max_iter=10000,
                              n_iter_no_change=100, random_state=42,
                              scoring='neg_root_mean_squared_error')",200,0.1,squared_error,32,3,0.2,511,400,FunctionTransformer(func=<function reshape at 0x7fdb1d1c0360>),passthrough,"{'first_scale': 'passthrough', 'frequency': 'passthrough', 'model': HistGradientBoostingRegressor(early_stopping=True, max_iter=10000,
                              n_iter_no_change=100, random_state=42,
                              scoring='neg_root_mean_squared_error'), 'model__l2_regularization': 200, 'model__learning_rate': 0.1, 'model__loss': 'squared_error', 'model__max_bins': 32, 'model__max_depth': 3, 'model__max_features': 0.2, 'model__max_leaf_nodes': 511, 'model__min_samples_leaf': 400, 'reshape': FunctionTransformer(func=<function reshape at 0x7fdb1d1c0360>), 'second_scale': 'passthrough'}",0.07045899443243098,0.07045899443243098,0.0,1,0.5329614230274279,0.5329614230274279,0.0,0.9641270692017567,0.6834022073219929
0,8639.293835639954,0.0,21.692519187927246,0.0,passthrough,passthrough,"HistGradientBoostingRegressor(early_stopping=True, max_iter=10000,
                              n_iter_no_change=100, random_state=42,
                              scoring='neg_root_mean_squared_error')",100,0.1,squared_error,32,3,1.0,511,800,FunctionTransformer(func=<function reshape at 0x7fdb1d1c0360>),passthrough,"{'first_scale': 'passthrough', 'frequency': 'passthrough', 'model': HistGradientBoostingRegressor(early_stopping=True, max_iter=10000,
                              n_iter_no_change=100, random_state=42,
                              scoring='neg_root_mean_squared_error'), 'model__l2_regularization': 100, 'model__learning_rate': 0.1, 'model__loss': 'squared_error', 'model__max_bins': 32, 'model__max_depth': 3, 'model__max_features': 1.0, 'model__max_leaf_nodes': 511, 'model__min_samples_leaf': 800, 'reshape': FunctionTransformer(func=<function reshape at 0x7fdb1d1c0360>), 'second_scale': 'passthrough'}",0.06625160261629615,0.06625160261629615,0.0,1,0.5226644983612555,0.5226644983612555,0.0,0.9663065752563748,0.6908947109645177
0,29948.1917655468,0.0,45.38056445121765,0.0,passthrough,passthrough,"HistGradientBoostingRegressor(early_stopping=True, max_iter=10000,
                              n_iter_no_change=100, random_state=42,
                              scoring='neg_root_mean_squared_error')",100,0.05,squared_error,32,6,0.5,255,200,FunctionTransformer(func=<function reshape at 0x7fdb1d1c0360>),passthrough,"{'first_scale': 'passthrough', 'frequency': 'passthrough', 'model': HistGradientBoostingRegressor(early_stopping=True, max_iter=10000,
                              n_iter_no_change=100, random_state=42,
                              scoring='neg_root_mean_squared_error'), 'model__l2_regularization': 100, 'model__learning_rate': 0.05, 'model__loss': 'squared_error', 'model__max_bins': 32, 'model__max_depth': 6, 'model__max_features': 0.5, 'model__max_leaf_nodes': 255, 'model__min_samples_leaf': 200, 'reshape': FunctionTransformer(func=<function reshape at 0x7fdb1d1c0360>), 'second_scale': 'passthrough'}",0.07604898587759423,0.07604898587759423,0.0,1,0.900642317275541,0.900642317275541,0.0,0.9612237065961314,0.31521053714058955
0,12874.70252776146,0.0,34.01070022583008,0.0,passthrough,passthrough,"HistGradientBoostingRegressor(early_stopping=True, max_iter=10000,
                              n_iter_no_change=100, random_state=42,
                              scoring='neg_root_mean_squared_error')",400,0.1,squared_error,32,6,0.2,255,800,FunctionTransformer(func=<function reshape at 0x7fdb1d1c0360>),passthrough,"{'first_scale': 'passthrough', 'frequency': 'passthrough', 'model': HistGradientBoostingRegressor(early_stopping=True, max_iter=10000,
                              n_iter_no_change=100, random_state=42,
                              scoring='neg_root_mean_squared_error'), 'model__l2_regularization': 400, 'model__learning_rate': 0.1, 'model__loss': 'squared_error', 'model__max_bins': 32, 'model__max_depth': 6, 'model__max_features': 0.2, 'model__max_leaf_nodes': 255, 'model__min_samples_leaf': 800, 'reshape': FunctionTransformer(func=<function reshape at 0x7fdb1d1c0360>), 'second_scale': 'passthrough'}",0.06226225592836132,0.06226225592836132,0.0,1,0.8533462134115798,0.8533462134115798,0.0,0.9683685992800668,0.38295402672960654
0,4588.355104446411,0.0,19.71377968788147,0.0,passthrough,passthrough,"HistGradientBoostingRegressor(early_stopping=True, max_iter=10000,
                              n_iter_no_change=100, random_state=42,
                              scoring='neg_root_mean_squared_error')",200,0.1,squared_error,32,3,1.0,511,200,FunctionTransformer(func=<function reshape at 0x7fdb1d1c0360>),passthrough,"{'first_scale': 'passthrough', 'frequency': 'passthrough', 'model': HistGradientBoostingRegressor(early_stopping=True, max_iter=10000,
                              n_iter_no_change=100, random_state=42,
                              scoring='neg_root_mean_squared_error'), 'model__l2_regularization': 200, 'model__learning_rate': 0.1, 'model__loss': 'squared_error', 'model__max_bins': 32, 'model__max_depth': 3, 'model__max_features': 1.0, 'model__max_leaf_nodes': 511, 'model__min_samples_leaf': 200, 'reshape': FunctionTransformer(func=<function reshape at 0x7fdb1d1c0360>), 'second_scale': 'passthrough'}",0.06919936200333354,0.06919936200333354,0.0,1,0.5366746051969444,0.5366746051969444,0.0,0.9647800982590108,0.680680097257923
0,30799.44806742668,0.0,103.94803285598755,0.0,passthrough,passthrough,"HistGradientBoostingRegressor(early_stopping=True, max_iter=10000,
                              n_iter_no_change=100, random_state=42,
                              scoring='neg_root_mean_squared_error')",400,0.005,squared_error,63,6,1.0,255,3200,FunctionTransformer(func=<function reshape at 0x7fdb1d1c0360>),passthrough,"{'first_scale': 'passthrough', 'frequency': 'passthrough', 'model': HistGradientBoostingRegressor(early_stopping=True, max_iter=10000,
                              n_iter_no_change=100, random_state=42,
                              scoring='neg_root_mean_squared_error'), 'model__l2_regularization': 400, 'model__learning_rate': 0.005, 'model__loss': 'squared_error', 'model__max_bins': 63, 'model__max_depth': 6, 'model__max_features': 1.0, 'model__max_leaf_nodes': 255, 'model__min_samples_leaf': 3200, 'reshape': FunctionTransformer(func=<function reshape at 0x7fdb1d1c0360>), 'second_scale': 'passthrough'}",0.0899406781297657,0.0899406781297657,0.0,1,0.31129422153389985,0.31129422153389985,0.0,0.9539702940187573,0.8298829908282854
0,7420.325603485107,0.0,25.524875164031982,0.0,passthrough,passthrough,"HistGradientBoostingRegressor(early_stopping=True, max_iter=10000,
                              n_iter_no_change=100, random_state=42,
                              scoring='neg_root_mean_squared_error')",400,0.05,squared_error,32,3,1.0,127,800,FunctionTransformer(func=<function reshape at 0x7fdb1d1c0360>),passthrough,"{'first_scale': 'passthrough', 'frequency': 'passthrough', 'model': HistGradientBoostingRegressor(early_stopping=True, max_iter=10000,
                              n_iter_no_change=100, random_state=42,
                              scoring='neg_root_mean_squared_error'), 'model__l2_regularization': 400, 'model__learning_rate': 0.05, 'model__loss': 'squared_error', 'model__max_bins': 32, 'model__max_depth': 3, 'model__max_features': 1.0, 'model__max_leaf_nodes': 127, 'model__min_samples_leaf': 800, 'reshape': FunctionTransformer(func=<function reshape at 0x7fdb1d1c0360>), 'second_scale': 'passthrough'}",0.08363193132524294,0.08363193132524294,0.0,1,0.40491312378811584,0.40491312378811584,0.0,0.9572711573398401,0.771418742455668
0,20329.130541563034,0.0,51.448119163513184,0.0,passthrough,passthrough,"HistGradientBoostingRegressor(early_stopping=True, max_iter=10000,
                              n_iter_no_change=100, random_state=42,
                              scoring='neg_root_mean_squared_error')",200,0.05,squared_error,32,6,1.0,255,200,FunctionTransformer(func=<function reshape at 0x7fdb1d1c0360>),passthrough,"{'first_scale': 'passthrough', 'frequency': 'passthrough', 'model': HistGradientBoostingRegressor(early_stopping=True, max_iter=10000,
                              n_iter_no_change=100, random_state=42,
                              scoring='neg_root_mean_squared_error'), 'model__l2_regularization': 200, 'model__learning_rate': 0.05, 'model__loss': 'squared_error', 'model__max_bins': 32, 'model__max_depth': 6, 'model__max_features': 1.0, 'model__max_leaf_nodes': 255, 'model__min_samples_leaf': 200, 'reshape': FunctionTransformer(func=<function reshape at 0x7fdb1d1c0360>), 'second_scale': 'passthrough'}",0.075256471999958,0.075256471999958,0.0,1,0.9032013762947162,0.9032013762947162,0.0,0.9616358603962532,0.31112477192484017
0,23987.328352212906,0.0,50.67748713493347,0.0,passthrough,passthrough,"HistGradientBoostingRegressor(early_stopping=True, max_iter=10000,
                              n_iter_no_change=100, random_state=42,
                              scoring='neg_root_mean_squared_error')",100,0.02,squared_error,32,3,1.0,511,400,FunctionTransformer(func=<function reshape at 0x7fdb1d1c0360>),passthrough,"{'first_scale': 'passthrough', 'frequency': 'passthrough', 'model': HistGradientBoostingRegressor(early_stopping=True, max_iter=10000,
                              n_iter_no_change=100, random_state=42,
                              scoring='neg_root_mean_squared_error'), 'model__l2_regularization': 100, 'model__learning_rate': 0.02, 'model__loss': 'squared_error', 'model__max_bins': 32, 'model__max_depth': 3, 'model__max_features': 1.0, 'model__max_leaf_nodes': 511, 'model__min_samples_leaf': 400, 'reshape': FunctionTransformer(func=<function reshape at 0x7fdb1d1c0360>), 'second_scale': 'passthrough'}",0.08210605412295702,0.08210605412295702,0.0,1,0.4579711533136098,0.4579711533136098,0.0,0.9580678190384243,0.7362260839486674
0,8481.148240327835,0.0,27.374953985214233,0.0,passthrough,passthrough,"HistGradientBoostingRegressor(early_stopping=True, max_iter=10000,
                              n_iter_no_change=100, random_state=42,
                              scoring='neg_root_mean_squared_error')",50,0.05,squared_error,32,3,1.0,511,200,FunctionTransformer(func=<function reshape at 0x7fdb1d1c0360>),passthrough,"{'first_scale': 'passthrough', 'frequency': 'passthrough', 'model': HistGradientBoostingRegressor(early_stopping=True, max_iter=10000,
                              n_iter_no_change=100, random_state=42,
                              scoring='neg_root_mean_squared_error'), 'model__l2_regularization': 50, 'model__learning_rate': 0.05, 'model__loss': 'squared_error', 'model__max_bins': 32, 'model__max_depth': 3, 'model__max_features': 1.0, 'model__max_leaf_nodes': 511, 'model__min_samples_leaf': 200, 'reshape': FunctionTransformer(func=<function reshape at 0x7fdb1d1c0360>), 'second_scale': 'passthrough'}",0.07474750747382997,0.07474750747382997,0.0,1,0.5260882637988831,0.5260882637988831,0.0,0.9619004587410124,0.6884124753380904
0,27743.709947109222,0.0,66.25200581550598,0.0,passthrough,passthrough,"HistGradientBoostingRegressor(early_stopping=True, max_iter=10000,
                              n_iter_no_change=100, random_state=42,
                              scoring='neg_root_mean_squared_error')",200,0.0025,squared_error,63,None,0.5,255,6400,FunctionTransformer(func=<function reshape at 0x7fdb1d1c0360>),passthrough,"{'first_scale': 'passthrough', 'frequency': 'passthrough', 'model': HistGradientBoostingRegressor(early_stopping=True, max_iter=10000,
                              n_iter_no_change=100, random_state=42,
                              scoring='neg_root_mean_squared_error'), 'model__l2_regularization': 200, 'model__learning_rate': 0.0025, 'model__loss': 'squared_error', 'model__max_bins': 63, 'model__max_depth': None, 'model__max_features': 0.5, 'model__max_leaf_nodes': 255, 'model__min_samples_leaf': 6400, 'reshape': FunctionTransformer(func=<function reshape at 0x7fdb1d1c0360>), 'second_scale': 'passthrough'}",0.0810012863503039,0.0810012863503039,0.0,1,0.17562737279864804,0.17562737279864804,0.0,0.9586442059751344,0.9079496831880894
0,18530.913046360016,0.0,75.98826694488525,0.0,passthrough,passthrough,"HistGradientBoostingRegressor(early_stopping=True, max_iter=10000,
                              n_iter_no_change=100, random_state=42,
                              scoring='neg_root_mean_squared_error')",50,0.02,squared_error,32,3,1.0,511,800,FunctionTransformer(func=<function reshape at 0x7fdb1d1c0360>),passthrough,"{'first_scale': 'passthrough', 'frequency': 'passthrough', 'model': HistGradientBoostingRegressor(early_stopping=True, max_iter=10000,
                              n_iter_no_change=100, random_state=42,
                              scoring='neg_root_mean_squared_error'), 'model__l2_regularization': 50, 'model__learning_rate': 0.02, 'model__loss': 'squared_error', 'model__max_bins': 32, 'model__max_depth': 3, 'model__max_features': 1.0, 'model__max_leaf_nodes': 511, 'model__min_samples_leaf': 800, 'reshape': FunctionTransformer(func=<function reshape at 0x7fdb1d1c0360>), 'second_scale': 'passthrough'}",0.0826245674007745,0.0826245674007745,0.0,1,0.46326184953302296,0.46326184953302296,0.0,0.9577971771722996,0.7326241536196968
0,33672.62622332573,0.0,73.33923077583313,0.0,passthrough,passthrough,"HistGradientBoostingRegressor(early_stopping=True, max_iter=10000,
                              n_iter_no_change=100, random_state=42,
                              scoring='neg_root_mean_squared_error')",400,0.05,squared_error,32,6,0.2,255,200,FunctionTransformer(func=<function reshape at 0x7fdb1d1c0360>),passthrough,"{'first_scale': 'passthrough', 'frequency': 'passthrough', 'model': HistGradientBoostingRegressor(early_stopping=True, max_iter=10000,
                              n_iter_no_change=100, random_state=42,
                              scoring='neg_root_mean_squared_error'), 'model__l2_regularization': 400, 'model__learning_rate': 0.05, 'model__loss': 'squared_error', 'model__max_bins': 32, 'model__max_depth': 6, 'model__max_features': 0.2, 'model__max_leaf_nodes': 255, 'model__min_samples_leaf': 200, 'reshape': FunctionTransformer(func=<function reshape at 0x7fdb1d1c0360>), 'second_scale': 'passthrough'}",0.07868118772286326,0.07868118772286326,0.0,1,0.9020112762063492,0.9020112762063492,0.0,0.9598535368883822,0.31303150607191405
0,12022.087765455246,0.0,30.769188165664673,0.0,passthrough,passthrough,"HistGradientBoostingRegressor(early_stopping=True, max_iter=10000,
                              n_iter_no_change=100, random_state=42,
                              scoring='neg_root_mean_squared_error')",50,0.05,squared_error,32,3,1.0,127,800,FunctionTransformer(func=<function reshape at 0x7fdb1d1c0360>),passthrough,"{'first_scale': 'passthrough', 'frequency': 'passthrough', 'model': HistGradientBoostingRegressor(early_stopping=True, max_iter=10000,
                              n_iter_no_change=100, random_state=42,
                              scoring='neg_root_mean_squared_error'), 'model__l2_regularization': 50, 'model__learning_rate': 0.05, 'model__loss': 'squared_error', 'model__max_bins': 32, 'model__max_depth': 3, 'model__max_features': 1.0, 'model__max_leaf_nodes': 127, 'model__min_samples_leaf': 800, 'reshape': FunctionTransformer(func=<function reshape at 0x7fdb1d1c0360>), 'second_scale': 'passthrough'}",0.07797715627418178,0.07797715627418178,0.0,1,0.4977966115917708,0.4977966115917708,0.0,0.9602202058516672,0.7086630993696718
0,19507.602569580078,0.0,32.3243465423584,0.0,passthrough,passthrough,"HistGradientBoostingRegressor(early_stopping=True, max_iter=10000,
                              n_iter_no_change=100, random_state=42,
                              scoring='neg_root_mean_squared_error')",100,0.1,squared_error,32,6,1.0,127,200,FunctionTransformer(func=<function reshape at 0x7fdb1d1c0360>),passthrough,"{'first_scale': 'passthrough', 'frequency': 'passthrough', 'model': HistGradientBoostingRegressor(early_stopping=True, max_iter=10000,
                              n_iter_no_change=100, random_state=42,
                              scoring='neg_root_mean_squared_error'), 'model__l2_regularization': 100, 'model__learning_rate': 0.1, 'model__loss': 'squared_error', 'model__max_bins': 32, 'model__max_depth': 6, 'model__max_features': 1.0, 'model__max_leaf_nodes': 127, 'model__min_samples_leaf': 200, 'reshape': FunctionTransformer(func=<function reshape at 0x7fdb1d1c0360>), 'second_scale': 'passthrough'}",0.054138210517863716,0.054138210517863716,0.0,1,0.9041795097345765,0.9041795097345765,0.0,0.9725542604308185,0.30954884956242934
0,11872.979895353317,0.0,20.26588773727417,0.0,passthrough,passthrough,"HistGradientBoostingRegressor(early_stopping=True, max_iter=10000,
                              n_iter_no_change=100, random_state=42,
                              scoring='neg_root_mean_squared_error')",50,0.1,squared_error,32,6,0.2,127,400,FunctionTransformer(func=<function reshape at 0x7fdb1d1c0360>),passthrough,"{'first_scale': 'passthrough', 'frequency': 'passthrough', 'model': HistGradientBoostingRegressor(early_stopping=True, max_iter=10000,
                              n_iter_no_change=100, random_state=42,
                              scoring='neg_root_mean_squared_error'), 'model__l2_regularization': 50, 'model__learning_rate': 0.1, 'model__loss': 'squared_error', 'model__max_bins': 32, 'model__max_depth': 6, 'model__max_features': 0.2, 'model__max_leaf_nodes': 127, 'model__min_samples_leaf': 400, 'reshape': FunctionTransformer(func=<function reshape at 0x7fdb1d1c0360>), 'second_scale': 'passthrough'}",0.05428243224049356,0.05428243224049356,0.0,1,0.8673343141289378,0.8673343141289378,0.0,0.9724801117552515,0.364233010408258
0,28534.52029657364,0.0,80.24459719657898,0.0,passthrough,passthrough,"HistGradientBoostingRegressor(early_stopping=True, max_iter=10000,
                              n_iter_no_change=100, random_state=42,
                              scoring='neg_root_mean_squared_error')",400,0.005,squared_error,63,None,1.0,255,6400,FunctionTransformer(func=<function reshape at 0x7fdb1d1c0360>),passthrough,"{'first_scale': 'passthrough', 'frequency': 'passthrough', 'model': HistGradientBoostingRegressor(early_stopping=True, max_iter=10000,
                              n_iter_no_change=100, random_state=42,
                              scoring='neg_root_mean_squared_error'), 'model__l2_regularization': 400, 'model__learning_rate': 0.005, 'model__loss': 'squared_error', 'model__max_bins': 63, 'model__max_depth': None, 'model__max_features': 1.0, 'model__max_leaf_nodes': 255, 'model__min_samples_leaf': 6400, 'reshape': FunctionTransformer(func=<function reshape at 0x7fdb1d1c0360>), 'second_scale': 'passthrough'}",0.08528102592761055,0.08528102592761055,0.0,1,0.23772198921865084,0.23772198921865084,0.0,0.9564094175991731,0.8730853399189274
0,28720.2907435894,0.0,93.00265383720398,0.0,passthrough,passthrough,"HistGradientBoostingRegressor(early_stopping=True, max_iter=10000,
                              n_iter_no_change=100, random_state=42,
                              scoring='neg_root_mean_squared_error')",100,0.0025,squared_error,63,None,0.5,127,6400,FunctionTransformer(func=<function reshape at 0x7fdb1d1c0360>),passthrough,"{'first_scale': 'passthrough', 'frequency': 'passthrough', 'model': HistGradientBoostingRegressor(early_stopping=True, max_iter=10000,
                              n_iter_no_change=100, random_state=42,
                              scoring='neg_root_mean_squared_error'), 'model__l2_regularization': 100, 'model__learning_rate': 0.0025, 'model__loss': 'squared_error', 'model__max_bins': 63, 'model__max_depth': None, 'model__max_features': 0.5, 'model__max_leaf_nodes': 127, 'model__min_samples_leaf': 6400, 'reshape': FunctionTransformer(func=<function reshape at 0x7fdb1d1c0360>), 'second_scale': 'passthrough'}",0.0813774582389053,0.0813774582389053,0.0,1,0.17668400775108917,0.17668400775108917,0.0,0.9584479859445136,0.9073676169276215
0,3636.4661197662354,0.0,16.45340085029602,0.0,passthrough,passthrough,"HistGradientBoostingRegressor(early_stopping=True, max_iter=10000,
                              n_iter_no_change=100, random_state=42,
                              scoring='neg_root_mean_squared_error')",200,0.1,squared_error,32,3,0.5,127,400,FunctionTransformer(func=<function reshape at 0x7fdb1d1c0360>),passthrough,"{'first_scale': 'passthrough', 'frequency': 'passthrough', 'model': HistGradientBoostingRegressor(early_stopping=True, max_iter=10000,
                              n_iter_no_change=100, random_state=42,
                              scoring='neg_root_mean_squared_error'), 'model__l2_regularization': 200, 'model__learning_rate': 0.1, 'model__loss': 'squared_error', 'model__max_bins': 32, 'model__max_depth': 3, 'model__max_features': 0.5, 'model__max_leaf_nodes': 127, 'model__min_samples_leaf': 400, 'reshape': FunctionTransformer(func=<function reshape at 0x7fdb1d1c0360>), 'second_scale': 'passthrough'}",0.07353002054046154,0.07353002054046154,0.0,1,0.4609853192152129,0.4609853192152129,0.0,0.9625331056434051,0.7341761919217942
0,4432.915905714035,0.0,15.512258291244507,0.0,passthrough,passthrough,"HistGradientBoostingRegressor(early_stopping=True, max_iter=10000,
                              n_iter_no_change=100, random_state=42,
                              scoring='neg_root_mean_squared_error')",200,0.1,squared_error,32,3,1.0,127,800,FunctionTransformer(func=<function reshape at 0x7fdb1d1c0360>),passthrough,"{'first_scale': 'passthrough', 'frequency': 'passthrough', 'model': HistGradientBoostingRegressor(early_stopping=True, max_iter=10000,
                              n_iter_no_change=100, random_state=42,
                              scoring='neg_root_mean_squared_error'), 'model__l2_regularization': 200, 'model__learning_rate': 0.1, 'model__loss': 'squared_error', 'model__max_bins': 32, 'model__max_depth': 3, 'model__max_features': 1.0, 'model__max_leaf_nodes': 127, 'model__min_samples_leaf': 800, 'reshape': FunctionTransformer(func=<function reshape at 0x7fdb1d1c0360>), 'second_scale': 'passthrough'}",0.06691624946811658,0.06691624946811658,0.0,1,0.5272173030536758,0.5272173030536758,0.0,0.9659626030710937,0.6875919552658569
0,5727.810695409775,0.0,21.49352741241455,0.0,passthrough,passthrough,"HistGradientBoostingRegressor(early_stopping=True, max_iter=10000,
                              n_iter_no_change=100, random_state=42,
                              scoring='neg_root_mean_squared_error')",200,0.05,squared_error,32,3,1.0,127,800,FunctionTransformer(func=<function reshape at 0x7fdb1d1c0360>),passthrough,"{'first_scale': 'passthrough', 'frequency': 'passthrough', 'model': HistGradientBoostingRegressor(early_stopping=True, max_iter=10000,
                              n_iter_no_change=100, random_state=42,
                              scoring='neg_root_mean_squared_error'), 'model__l2_regularization': 200, 'model__learning_rate': 0.05, 'model__loss': 'squared_error', 'model__max_bins': 32, 'model__max_depth': 3, 'model__max_features': 1.0, 'model__max_leaf_nodes': 127, 'model__min_samples_leaf': 800, 'reshape': FunctionTransformer(func=<function reshape at 0x7fdb1d1c0360>), 'second_scale': 'passthrough'}",0.08280489347762399,0.08280489347762399,0.0,1,0.4395650280164267,0.4395650280164267,0.0,0.9577030367093842,0.748622048822751
0,15020.56083703041,0.0,26.96151876449585,0.0,passthrough,passthrough,"HistGradientBoostingRegressor(early_stopping=True, max_iter=10000,
                              n_iter_no_change=100, random_state=42,
                              scoring='neg_root_mean_squared_error')",100,0.1,squared_error,32,6,0.5,511,400,FunctionTransformer(func=<function reshape at 0x7fdb1d1c0360>),passthrough,"{'first_scale': 'passthrough', 'frequency': 'passthrough', 'model': HistGradientBoostingRegressor(early_stopping=True, max_iter=10000,
                              n_iter_no_change=100, random_state=42,
                              scoring='neg_root_mean_squared_error'), 'model__l2_regularization': 100, 'model__learning_rate': 0.1, 'model__loss': 'squared_error', 'model__max_bins': 32, 'model__max_depth': 6, 'model__max_features': 0.5, 'model__max_leaf_nodes': 511, 'model__min_samples_leaf': 400, 'reshape': FunctionTransformer(func=<function reshape at 0x7fdb1d1c0360>), 'second_scale': 'passthrough'}",0.0567079655045698,0.0567079655045698,0.0,1,0.8806499169113702,0.8806499169113702,0.0,0.9712322248028172,0.34547081365671084
0,18731.76203584671,0.0,44.654895067214966,0.0,passthrough,passthrough,"HistGradientBoostingRegressor(early_stopping=True, max_iter=10000,
                              n_iter_no_change=100, random_state=42,
                              scoring='neg_root_mean_squared_error')",200,0.02,squared_error,32,3,0.2,127,400,FunctionTransformer(func=<function reshape at 0x7fdb1d1c0360>),passthrough,"{'first_scale': 'passthrough', 'frequency': 'passthrough', 'model': HistGradientBoostingRegressor(early_stopping=True, max_iter=10000,
                              n_iter_no_change=100, random_state=42,
                              scoring='neg_root_mean_squared_error'), 'model__l2_regularization': 200, 'model__learning_rate': 0.02, 'model__loss': 'squared_error', 'model__max_bins': 32, 'model__max_depth': 3, 'model__max_features': 0.2, 'model__max_leaf_nodes': 127, 'model__min_samples_leaf': 400, 'reshape': FunctionTransformer(func=<function reshape at 0x7fdb1d1c0360>), 'second_scale': 'passthrough'}",0.08996132730257944,0.08996132730257944,0.0,1,0.3467269049418741,0.3467269049418741,0.0,0.9539594712027448,0.8082531132375093
0,12563.559982538223,0.0,34.20142197608948,0.0,passthrough,passthrough,"HistGradientBoostingRegressor(early_stopping=True, max_iter=10000,
                              n_iter_no_change=100, random_state=42,
                              scoring='neg_root_mean_squared_error')",50,0.05,squared_error,32,3,0.2,255,800,FunctionTransformer(func=<function reshape at 0x7fdb1d1c0360>),passthrough,"{'first_scale': 'passthrough', 'frequency': 'passthrough', 'model': HistGradientBoostingRegressor(early_stopping=True, max_iter=10000,
                              n_iter_no_change=100, random_state=42,
                              scoring='neg_root_mean_squared_error'), 'model__l2_regularization': 50, 'model__learning_rate': 0.05, 'model__loss': 'squared_error', 'model__max_bins': 32, 'model__max_depth': 3, 'model__max_features': 0.2, 'model__max_leaf_nodes': 255, 'model__min_samples_leaf': 800, 'reshape': FunctionTransformer(func=<function reshape at 0x7fdb1d1c0360>), 'second_scale': 'passthrough'}",0.08077011513784937,0.08077011513784937,0.0,1,0.4761327740839211,0.4761327740839211,0.0,0.9587647703488852,0.7237867268167322
0,5858.76838517189,0.0,18.312501430511475,0.0,passthrough,passthrough,"HistGradientBoostingRegressor(early_stopping=True, max_iter=10000,
                              n_iter_no_change=100, random_state=42,
                              scoring='neg_root_mean_squared_error')",50,0.1,squared_error,32,3,0.5,511,400,FunctionTransformer(func=<function reshape at 0x7fdb1d1c0360>),passthrough,"{'first_scale': 'passthrough', 'frequency': 'passthrough', 'model': HistGradientBoostingRegressor(early_stopping=True, max_iter=10000,
                              n_iter_no_change=100, random_state=42,
                              scoring='neg_root_mean_squared_error'), 'model__l2_regularization': 50, 'model__learning_rate': 0.1, 'model__loss': 'squared_error', 'model__max_bins': 32, 'model__max_depth': 3, 'model__max_features': 0.5, 'model__max_leaf_nodes': 511, 'model__min_samples_leaf': 400, 'reshape': FunctionTransformer(func=<function reshape at 0x7fdb1d1c0360>), 'second_scale': 'passthrough'}",0.07008187183770542,0.07008187183770542,0.0,1,0.47046738274935274,0.47046738274935274,0.0,0.9643226265945929,0.7276899183379191
0,31899.201583862305,0.0,102.7517158985138,0.0,passthrough,passthrough,"HistGradientBoostingRegressor(early_stopping=True, max_iter=10000,
                              n_iter_no_change=100, random_state=42,
                              scoring='neg_root_mean_squared_error')",400,0.0025,squared_error,63,6,1.0,255,3200,FunctionTransformer(func=<function reshape at 0x7fdb1d1c0360>),passthrough,"{'first_scale': 'passthrough', 'frequency': 'passthrough', 'model': HistGradientBoostingRegressor(early_stopping=True, max_iter=10000,
                              n_iter_no_change=100, random_state=42,
                              scoring='neg_root_mean_squared_error'), 'model__l2_regularization': 400, 'model__learning_rate': 0.0025, 'model__loss': 'squared_error', 'model__max_bins': 63, 'model__max_depth': 6, 'model__max_features': 1.0, 'model__max_leaf_nodes': 255, 'model__min_samples_leaf': 3200, 'reshape': FunctionTransformer(func=<function reshape at 0x7fdb1d1c0360>), 'second_scale': 'passthrough'}",0.08614461543609075,0.08614461543609075,0.0,1,0.22833926369464774,0.22833926369464774,0.0,0.9559578361852102,0.8784422213813224
0,5926.13583278656,0.0,19.55879282951355,0.0,passthrough,passthrough,"HistGradientBoostingRegressor(early_stopping=True, max_iter=10000,
                              n_iter_no_change=100, random_state=42,
                              scoring='neg_root_mean_squared_error')",200,0.05,squared_error,32,3,1.0,255,800,FunctionTransformer(func=<function reshape at 0x7fdb1d1c0360>),passthrough,"{'first_scale': 'passthrough', 'frequency': 'passthrough', 'model': HistGradientBoostingRegressor(early_stopping=True, max_iter=10000,
                              n_iter_no_change=100, random_state=42,
                              scoring='neg_root_mean_squared_error'), 'model__l2_regularization': 200, 'model__learning_rate': 0.05, 'model__loss': 'squared_error', 'model__max_bins': 32, 'model__max_depth': 3, 'model__max_features': 1.0, 'model__max_leaf_nodes': 255, 'model__min_samples_leaf': 800, 'reshape': FunctionTransformer(func=<function reshape at 0x7fdb1d1c0360>), 'second_scale': 'passthrough'}",0.08280489347762399,0.08280489347762399,0.0,1,0.4395650280164267,0.4395650280164267,0.0,0.9577030367093842,0.748622048822751
0,30350.755042791367,0.0,91.28004360198975,0.0,passthrough,passthrough,"HistGradientBoostingRegressor(early_stopping=True, max_iter=10000,
                              n_iter_no_change=100, random_state=42,
                              scoring='neg_root_mean_squared_error')",400,0.05,squared_error,32,6,0.2,127,800,FunctionTransformer(func=<function reshape at 0x7fdb1d1c0360>),passthrough,"{'first_scale': 'passthrough', 'frequency': 'passthrough', 'model': HistGradientBoostingRegressor(early_stopping=True, max_iter=10000,
                              n_iter_no_change=100, random_state=42,
                              scoring='neg_root_mean_squared_error'), 'model__l2_regularization': 400, 'model__learning_rate': 0.05, 'model__loss': 'squared_error', 'model__max_bins': 32, 'model__max_depth': 6, 'model__max_features': 0.2, 'model__max_leaf_nodes': 127, 'model__min_samples_leaf': 800, 'reshape': FunctionTransformer(func=<function reshape at 0x7fdb1d1c0360>), 'second_scale': 'passthrough'}",0.07456575602148219,0.07456575602148219,0.0,1,0.8753786350561461,0.8753786350561461,0.0,0.9619949292894,0.35301751365032
0,12492.745265960693,0.0,32.27404236793518,0.0,passthrough,passthrough,"HistGradientBoostingRegressor(early_stopping=True, max_iter=10000,
                              n_iter_no_change=100, random_state=42,
                              scoring='neg_root_mean_squared_error')",50,0.05,squared_error,32,3,0.5,127,800,FunctionTransformer(func=<function reshape at 0x7fdb1d1c0360>),passthrough,"{'first_scale': 'passthrough', 'frequency': 'passthrough', 'model': HistGradientBoostingRegressor(early_stopping=True, max_iter=10000,
                              n_iter_no_change=100, random_state=42,
                              scoring='neg_root_mean_squared_error'), 'model__l2_regularization': 50, 'model__learning_rate': 0.05, 'model__loss': 'squared_error', 'model__max_bins': 32, 'model__max_depth': 3, 'model__max_features': 0.5, 'model__max_leaf_nodes': 127, 'model__min_samples_leaf': 800, 'reshape': FunctionTransformer(func=<function reshape at 0x7fdb1d1c0360>), 'second_scale': 'passthrough'}",0.07970259367275001,0.07970259367275001,0.0,1,0.4886785189003855,0.4886785189003855,0.0,0.9593213259003732,0.7150674661174388
0,3304.2235910892487,0.0,11.827088117599487,0.0,passthrough,passthrough,"HistGradientBoostingRegressor(early_stopping=True, max_iter=10000,
                              n_iter_no_change=100, random_state=42,
                              scoring='neg_root_mean_squared_error')",200,0.1,squared_error,32,3,0.5,127,200,FunctionTransformer(func=<function reshape at 0x7fdb1d1c0360>),passthrough,"{'first_scale': 'passthrough', 'frequency': 'passthrough', 'model': HistGradientBoostingRegressor(early_stopping=True, max_iter=10000,
                              n_iter_no_change=100, random_state=42,
                              scoring='neg_root_mean_squared_error'), 'model__l2_regularization': 200, 'model__learning_rate': 0.1, 'model__loss': 'squared_error', 'model__max_bins': 32, 'model__max_depth': 3, 'model__max_features': 0.5, 'model__max_leaf_nodes': 127, 'model__min_samples_leaf': 200, 'reshape': FunctionTransformer(func=<function reshape at 0x7fdb1d1c0360>), 'second_scale': 'passthrough'}",0.0730379440643677,0.0730379440643677,0.0,1,0.4611071148954703,0.4611071148954703,0.0,0.9627886870625518,0.7340932400618668
0,13431.283646821976,0.0,34.37372326850891,0.0,passthrough,passthrough,"HistGradientBoostingRegressor(early_stopping=True, max_iter=10000,
                              n_iter_no_change=100, random_state=42,
                              scoring='neg_root_mean_squared_error')",100,0.05,squared_error,32,3,0.2,255,400,FunctionTransformer(func=<function reshape at 0x7fdb1d1c0360>),passthrough,"{'first_scale': 'passthrough', 'frequency': 'passthrough', 'model': HistGradientBoostingRegressor(early_stopping=True, max_iter=10000,
                              n_iter_no_change=100, random_state=42,
                              scoring='neg_root_mean_squared_error'), 'model__l2_regularization': 100, 'model__learning_rate': 0.05, 'model__loss': 'squared_error', 'model__max_bins': 32, 'model__max_depth': 3, 'model__max_features': 0.2, 'model__max_leaf_nodes': 255, 'model__min_samples_leaf': 400, 'reshape': FunctionTransformer(func=<function reshape at 0x7fdb1d1c0360>), 'second_scale': 'passthrough'}",0.07978266702840198,0.07978266702840198,0.0,1,0.5018405027059336,0.5018405027059336,0.0,0.9592795906155817,0.70580414938853
0,28050.431288957596,0.0,80.85903358459473,0.0,passthrough,passthrough,"HistGradientBoostingRegressor(early_stopping=True, max_iter=10000,
                              n_iter_no_change=100, random_state=42,
                              scoring='neg_root_mean_squared_error')",200,0.01,squared_error,63,None,1.0,127,6400,FunctionTransformer(func=<function reshape at 0x7fdb1d1c0360>),passthrough,"{'first_scale': 'passthrough', 'frequency': 'passthrough', 'model': HistGradientBoostingRegressor(early_stopping=True, max_iter=10000,
                              n_iter_no_change=100, random_state=42,
                              scoring='neg_root_mean_squared_error'), 'model__l2_regularization': 200, 'model__learning_rate': 0.01, 'model__loss': 'squared_error', 'model__max_bins': 63, 'model__max_depth': None, 'model__max_features': 1.0, 'model__max_leaf_nodes': 127, 'model__min_samples_leaf': 6400, 'reshape': FunctionTransformer(func=<function reshape at 0x7fdb1d1c0360>), 'second_scale': 'passthrough'}",0.08704050430524635,0.08704050430524635,0.0,1,0.33399977707592643,0.33399977707592643,0.0,0.9554891394959724,0.8160883671049806
0,2833.9706988334656,0.0,10.62007212638855,0.0,passthrough,passthrough,"HistGradientBoostingRegressor(early_stopping=True, max_iter=10000,
                              n_iter_no_change=100, random_state=42,
                              scoring='neg_root_mean_squared_error')",200,0.1,squared_error,32,3,0.2,127,800,FunctionTransformer(func=<function reshape at 0x7fdb1d1c0360>),passthrough,"{'first_scale': 'passthrough', 'frequency': 'passthrough', 'model': HistGradientBoostingRegressor(early_stopping=True, max_iter=10000,
                              n_iter_no_change=100, random_state=42,
                              scoring='neg_root_mean_squared_error'), 'model__l2_regularization': 200, 'model__learning_rate': 0.1, 'model__loss': 'squared_error', 'model__max_bins': 32, 'model__max_depth': 3, 'model__max_features': 0.2, 'model__max_leaf_nodes': 127, 'model__min_samples_leaf': 800, 'reshape': FunctionTransformer(func=<function reshape at 0x7fdb1d1c0360>), 'second_scale': 'passthrough'}",0.07853336381040343,0.07853336381040343,0.0,1,0.41229849840428756,0.41229849840428756,0.0,0.9599305371690166,0.7666169197165638
0,9535.211346149445,0.0,28.681462287902832,0.0,passthrough,passthrough,"HistGradientBoostingRegressor(early_stopping=True, max_iter=10000,
                              n_iter_no_change=100, random_state=42,
                              scoring='neg_root_mean_squared_error')",100,0.05,squared_error,32,3,0.2,127,200,FunctionTransformer(func=<function reshape at 0x7fdb1d1c0360>),passthrough,"{'first_scale': 'passthrough', 'frequency': 'passthrough', 'model': HistGradientBoostingRegressor(early_stopping=True, max_iter=10000,
                              n_iter_no_change=100, random_state=42,
                              scoring='neg_root_mean_squared_error'), 'model__l2_regularization': 100, 'model__learning_rate': 0.05, 'model__loss': 'squared_error', 'model__max_bins': 32, 'model__max_depth': 3, 'model__max_features': 0.2, 'model__max_leaf_nodes': 127, 'model__min_samples_leaf': 200, 'reshape': FunctionTransformer(func=<function reshape at 0x7fdb1d1c0360>), 'second_scale': 'passthrough'}",0.08335499663112633,0.08335499663112633,0.0,1,0.43096293674545605,0.43096293674545605,0.0,0.9574157944011963,0.754345453525468
0,11690.313918113708,0.0,26.081114292144775,0.0,passthrough,passthrough,"HistGradientBoostingRegressor(early_stopping=True, max_iter=10000,
                              n_iter_no_change=100, random_state=42,
                              scoring='neg_root_mean_squared_error')",50,0.05,squared_error,32,3,1.0,511,800,FunctionTransformer(func=<function reshape at 0x7fdb1d1c0360>),passthrough,"{'first_scale': 'passthrough', 'frequency': 'passthrough', 'model': HistGradientBoostingRegressor(early_stopping=True, max_iter=10000,
                              n_iter_no_change=100, random_state=42,
                              scoring='neg_root_mean_squared_error'), 'model__l2_regularization': 50, 'model__learning_rate': 0.05, 'model__loss': 'squared_error', 'model__max_bins': 32, 'model__max_depth': 3, 'model__max_features': 1.0, 'model__max_leaf_nodes': 511, 'model__min_samples_leaf': 800, 'reshape': FunctionTransformer(func=<function reshape at 0x7fdb1d1c0360>), 'second_scale': 'passthrough'}",0.07797715627418178,0.07797715627418178,0.0,1,0.4977966115917708,0.4977966115917708,0.0,0.9602202058516672,0.7086630993696718
0,13227.910207748413,0.0,29.747162580490112,0.0,passthrough,passthrough,"HistGradientBoostingRegressor(early_stopping=True, max_iter=10000,
                              n_iter_no_change=100, random_state=42,
                              scoring='neg_root_mean_squared_error')",50,0.05,squared_error,32,3,1.0,127,400,FunctionTransformer(func=<function reshape at 0x7fdb1d1c0360>),passthrough,"{'first_scale': 'passthrough', 'frequency': 'passthrough', 'model': HistGradientBoostingRegressor(early_stopping=True, max_iter=10000,
                              n_iter_no_change=100, random_state=42,
                              scoring='neg_root_mean_squared_error'), 'model__l2_regularization': 50, 'model__learning_rate': 0.05, 'model__loss': 'squared_error', 'model__max_bins': 32, 'model__max_depth': 3, 'model__max_features': 1.0, 'model__max_leaf_nodes': 127, 'model__min_samples_leaf': 400, 'reshape': FunctionTransformer(func=<function reshape at 0x7fdb1d1c0360>), 'second_scale': 'passthrough'}",0.07334396694047018,0.07334396694047018,0.0,1,0.5399932087540016,0.5399932087540016,0.0,0.9626297486882118,0.6782380048670219
0,10518.251919031143,0.0,16.97229242324829,0.0,passthrough,passthrough,"HistGradientBoostingRegressor(early_stopping=True, max_iter=10000,
                              n_iter_no_change=100, random_state=42,
                              scoring='neg_root_mean_squared_error')",50,0.1,squared_error,32,6,0.2,127,200,FunctionTransformer(func=<function reshape at 0x7fdb1d1c0360>),passthrough,"{'first_scale': 'passthrough', 'frequency': 'passthrough', 'model': HistGradientBoostingRegressor(early_stopping=True, max_iter=10000,
                              n_iter_no_change=100, random_state=42,
                              scoring='neg_root_mean_squared_error'), 'model__l2_regularization': 50, 'model__learning_rate': 0.1, 'model__loss': 'squared_error', 'model__max_bins': 32, 'model__max_depth': 6, 'model__max_features': 0.2, 'model__max_leaf_nodes': 127, 'model__min_samples_leaf': 200, 'reshape': FunctionTransformer(func=<function reshape at 0x7fdb1d1c0360>), 'second_scale': 'passthrough'}",0.05960527164823204,0.05960527164823204,0.0,1,0.8592632163273584,0.8592632163273584,0.0,0.9697395157214993,0.3751490152894469
0,28269.43484902382,0.0,93.39492726325989,0.0,passthrough,passthrough,"HistGradientBoostingRegressor(early_stopping=True, max_iter=10000,
                              n_iter_no_change=100, random_state=42,
                              scoring='neg_root_mean_squared_error')",100,0.01,squared_error,63,6,1.0,255,3200,FunctionTransformer(func=<function reshape at 0x7fdb1d1c0360>),passthrough,"{'first_scale': 'passthrough', 'frequency': 'passthrough', 'model': HistGradientBoostingRegressor(early_stopping=True, max_iter=10000,
                              n_iter_no_change=100, random_state=42,
                              scoring='neg_root_mean_squared_error'), 'model__l2_regularization': 100, 'model__learning_rate': 0.01, 'model__loss': 'squared_error', 'model__max_bins': 63, 'model__max_depth': 6, 'model__max_features': 1.0, 'model__max_leaf_nodes': 255, 'model__min_samples_leaf': 3200, 'reshape': FunctionTransformer(func=<function reshape at 0x7fdb1d1c0360>), 'second_scale': 'passthrough'}",0.0885871804380618,0.0885871804380618,0.0,1,0.4385380868353016,0.4385380868353016,0.0,0.9546794328788791,0.7493076225187479
0,8839.110222101212,0.0,17.517672061920166,0.0,passthrough,passthrough,"HistGradientBoostingRegressor(early_stopping=True, max_iter=10000,
                              n_iter_no_change=100, random_state=42,
                              scoring='neg_root_mean_squared_error')",50,0.1,squared_error,32,6,1.0,127,400,FunctionTransformer(func=<function reshape at 0x7fdb1d1c0360>),passthrough,"{'first_scale': 'passthrough', 'frequency': 'passthrough', 'model': HistGradientBoostingRegressor(early_stopping=True, max_iter=10000,
                              n_iter_no_change=100, random_state=42,
                              scoring='neg_root_mean_squared_error'), 'model__l2_regularization': 50, 'model__learning_rate': 0.1, 'model__loss': 'squared_error', 'model__max_bins': 32, 'model__max_depth': 6, 'model__max_features': 1.0, 'model__max_leaf_nodes': 127, 'model__min_samples_leaf': 400, 'reshape': FunctionTransformer(func=<function reshape at 0x7fdb1d1c0360>), 'second_scale': 'passthrough'}",0.050440074738406615,0.050440074738406615,0.0,1,0.8539868642120145,0.8539868642120145,0.0,0.9744536547530588,0.3821166520684298
0,8072.414866685867,0.0,18.96576476097107,0.0,passthrough,passthrough,"HistGradientBoostingRegressor(early_stopping=True, max_iter=10000,
                              n_iter_no_change=100, random_state=42,
                              scoring='neg_root_mean_squared_error')",100,0.1,squared_error,32,3,1.0,127,400,FunctionTransformer(func=<function reshape at 0x7fdb1d1c0360>),passthrough,"{'first_scale': 'passthrough', 'frequency': 'passthrough', 'model': HistGradientBoostingRegressor(early_stopping=True, max_iter=10000,
                              n_iter_no_change=100, random_state=42,
                              scoring='neg_root_mean_squared_error'), 'model__l2_regularization': 100, 'model__learning_rate': 0.1, 'model__loss': 'squared_error', 'model__max_bins': 32, 'model__max_depth': 3, 'model__max_features': 1.0, 'model__max_leaf_nodes': 127, 'model__min_samples_leaf': 400, 'reshape': FunctionTransformer(func=<function reshape at 0x7fdb1d1c0360>), 'second_scale': 'passthrough'}",0.06923647208957018,0.06923647208957018,0.0,1,0.500657394992404,0.500657394992404,0.0,0.9647608656607242,0.7066417798344476
0,16751.206090688705,0.0,27.053143739700317,0.0,passthrough,passthrough,"HistGradientBoostingRegressor(early_stopping=True, max_iter=10000,
                              n_iter_no_change=100, random_state=42,
                              scoring='neg_root_mean_squared_error')",100,0.1,squared_error,32,6,0.5,255,200,FunctionTransformer(func=<function reshape at 0x7fdb1d1c0360>),passthrough,"{'first_scale': 'passthrough', 'frequency': 'passthrough', 'model': HistGradientBoostingRegressor(early_stopping=True, max_iter=10000,
                              n_iter_no_change=100, random_state=42,
                              scoring='neg_root_mean_squared_error'), 'model__l2_regularization': 100, 'model__learning_rate': 0.1, 'model__loss': 'squared_error', 'model__max_bins': 32, 'model__max_depth': 6, 'model__max_features': 0.5, 'model__max_leaf_nodes': 255, 'model__min_samples_leaf': 200, 'reshape': FunctionTransformer(func=<function reshape at 0x7fdb1d1c0360>), 'second_scale': 'passthrough'}",0.06115463892452577,0.06115463892452577,0.0,1,0.8931046855814528,0.8931046855814528,0.0,0.9689403289550261,0.32694848893754985
0,27963.719757795334,0.0,73.75840306282043,0.0,passthrough,passthrough,"HistGradientBoostingRegressor(early_stopping=True, max_iter=10000,
                              n_iter_no_change=100, random_state=42,
                              scoring='neg_root_mean_squared_error')",800,0.0025,squared_error,63,6,0.5,127,6400,FunctionTransformer(func=<function reshape at 0x7fdb1d1c0360>),passthrough,"{'first_scale': 'passthrough', 'frequency': 'passthrough', 'model': HistGradientBoostingRegressor(early_stopping=True, max_iter=10000,
                              n_iter_no_change=100, random_state=42,
                              scoring='neg_root_mean_squared_error'), 'model__l2_regularization': 800, 'model__learning_rate': 0.0025, 'model__loss': 'squared_error', 'model__max_bins': 63, 'model__max_depth': 6, 'model__max_features': 0.5, 'model__max_leaf_nodes': 127, 'model__min_samples_leaf': 6400, 'reshape': FunctionTransformer(func=<function reshape at 0x7fdb1d1c0360>), 'second_scale': 'passthrough'}",0.07991770353719785,0.07991770353719785,0.0,1,0.16953033620419722,0.16953033620419722,0.0,0.9592092037000073,0.9113010829554647
0,14928.531125068665,0.0,33.93070912361145,0.0,passthrough,passthrough,"HistGradientBoostingRegressor(early_stopping=True, max_iter=10000,
                              n_iter_no_change=100, random_state=42,
                              scoring='neg_root_mean_squared_error')",100,0.05,squared_error,32,3,0.2,511,800,FunctionTransformer(func=<function reshape at 0x7fdb1d1c0360>),passthrough,"{'first_scale': 'passthrough', 'frequency': 'passthrough', 'model': HistGradientBoostingRegressor(early_stopping=True, max_iter=10000,
                              n_iter_no_change=100, random_state=42,
                              scoring='neg_root_mean_squared_error'), 'model__l2_regularization': 100, 'model__learning_rate': 0.05, 'model__loss': 'squared_error', 'model__max_bins': 32, 'model__max_depth': 3, 'model__max_features': 0.2, 'model__max_leaf_nodes': 511, 'model__min_samples_leaf': 800, 'reshape': FunctionTransformer(func=<function reshape at 0x7fdb1d1c0360>), 'second_scale': 'passthrough'}",0.07818729810375002,0.07818729810375002,0.0,1,0.5320100011429193,0.5320100011429193,0.0,0.9601107758463343,0.6840979453682643
0,3891.593481063843,0.0,14.121855974197388,0.0,passthrough,passthrough,"HistGradientBoostingRegressor(early_stopping=True, max_iter=10000,
                              n_iter_no_change=100, random_state=42,
                              scoring='neg_root_mean_squared_error')",400,0.1,squared_error,32,3,0.2,127,800,FunctionTransformer(func=<function reshape at 0x7fdb1d1c0360>),passthrough,"{'first_scale': 'passthrough', 'frequency': 'passthrough', 'model': HistGradientBoostingRegressor(early_stopping=True, max_iter=10000,
                              n_iter_no_change=100, random_state=42,
                              scoring='neg_root_mean_squared_error'), 'model__l2_regularization': 400, 'model__learning_rate': 0.1, 'model__loss': 'squared_error', 'model__max_bins': 32, 'model__max_depth': 3, 'model__max_features': 0.2, 'model__max_leaf_nodes': 127, 'model__min_samples_leaf': 800, 'reshape': FunctionTransformer(func=<function reshape at 0x7fdb1d1c0360>), 'second_scale': 'passthrough'}",0.07944933502812557,0.07944933502812557,0.0,1,0.3821639340720171,0.3821639340720171,0.0,0.9594533156813178,0.7860254868183237
0,4640.6461362838745,0.0,11.191169500350952,0.0,passthrough,passthrough,"HistGradientBoostingRegressor(early_stopping=True, max_iter=10000,
                              n_iter_no_change=100, random_state=42,
                              scoring='neg_root_mean_squared_error')",50,0.1,squared_error,32,3,0.2,255,800,FunctionTransformer(func=<function reshape at 0x7fdb1d1c0360>),passthrough,"{'first_scale': 'passthrough', 'frequency': 'passthrough', 'model': HistGradientBoostingRegressor(early_stopping=True, max_iter=10000,
                              n_iter_no_change=100, random_state=42,
                              scoring='neg_root_mean_squared_error'), 'model__l2_regularization': 50, 'model__learning_rate': 0.1, 'model__loss': 'squared_error', 'model__max_bins': 32, 'model__max_depth': 3, 'model__max_features': 0.2, 'model__max_leaf_nodes': 255, 'model__min_samples_leaf': 800, 'reshape': FunctionTransformer(func=<function reshape at 0x7fdb1d1c0360>), 'second_scale': 'passthrough'}",0.07573030050403196,0.07573030050403196,0.0,1,0.3977823871054814,0.3977823871054814,0.0,0.9613894629628349,0.7760268119688383
0,28019.442715644836,0.0,69.66405391693115,0.0,passthrough,passthrough,"HistGradientBoostingRegressor(early_stopping=True, max_iter=10000,
                              n_iter_no_change=100, random_state=42,
                              scoring='neg_root_mean_squared_error')",50,0.02,squared_error,32,3,0.2,511,400,FunctionTransformer(func=<function reshape at 0x7fdb1d1c0360>),passthrough,"{'first_scale': 'passthrough', 'frequency': 'passthrough', 'model': HistGradientBoostingRegressor(early_stopping=True, max_iter=10000,
                              n_iter_no_change=100, random_state=42,
                              scoring='neg_root_mean_squared_error'), 'model__l2_regularization': 50, 'model__learning_rate': 0.02, 'model__loss': 'squared_error', 'model__max_bins': 32, 'model__max_depth': 3, 'model__max_features': 0.2, 'model__max_leaf_nodes': 511, 'model__min_samples_leaf': 400, 'reshape': FunctionTransformer(func=<function reshape at 0x7fdb1d1c0360>), 'second_scale': 'passthrough'}",0.08551029111788289,0.08551029111788289,0.0,1,0.45080986118830124,0.45080986118830124,0.0,0.9562895528458507,0.741073639263804
0,8557.765115976334,0.0,19.920348167419434,0.0,passthrough,passthrough,"HistGradientBoostingRegressor(early_stopping=True, max_iter=10000,
                              n_iter_no_change=100, random_state=42,
                              scoring='neg_root_mean_squared_error')",100,0.1,squared_error,32,3,1.0,255,800,FunctionTransformer(func=<function reshape at 0x7fdb1d1c0360>),passthrough,"{'first_scale': 'passthrough', 'frequency': 'passthrough', 'model': HistGradientBoostingRegressor(early_stopping=True, max_iter=10000,
                              n_iter_no_change=100, random_state=42,
                              scoring='neg_root_mean_squared_error'), 'model__l2_regularization': 100, 'model__learning_rate': 0.1, 'model__loss': 'squared_error', 'model__max_bins': 32, 'model__max_depth': 3, 'model__max_features': 1.0, 'model__max_leaf_nodes': 255, 'model__min_samples_leaf': 800, 'reshape': FunctionTransformer(func=<function reshape at 0x7fdb1d1c0360>), 'second_scale': 'passthrough'}",0.06625160261629615,0.06625160261629615,0.0,1,0.5226644983612555,0.5226644983612555,0.0,0.9663065752563748,0.6908947109645177
0,11504.663971185684,0.0,47.05187654495239,0.0,passthrough,passthrough,"HistGradientBoostingRegressor(early_stopping=True, max_iter=10000,
                              n_iter_no_change=100, random_state=42,
                              scoring='neg_root_mean_squared_error')",200,0.05,squared_error,32,3,0.2,255,400,FunctionTransformer(func=<function reshape at 0x7fdb1d1c0360>),passthrough,"{'first_scale': 'passthrough', 'frequency': 'passthrough', 'model': HistGradientBoostingRegressor(early_stopping=True, max_iter=10000,
                              n_iter_no_change=100, random_state=42,
                              scoring='neg_root_mean_squared_error'), 'model__l2_regularization': 200, 'model__learning_rate': 0.05, 'model__loss': 'squared_error', 'model__max_bins': 32, 'model__max_depth': 3, 'model__max_features': 0.2, 'model__max_leaf_nodes': 255, 'model__min_samples_leaf': 400, 'reshape': FunctionTransformer(func=<function reshape at 0x7fdb1d1c0360>), 'second_scale': 'passthrough'}",0.07767470232598583,0.07767470232598583,0.0,1,0.5332748316579785,0.5332748316579785,0.0,0.9603776849104805,0.6831728685640418
0,11017.518026590347,0.0,18.967437982559204,0.0,passthrough,passthrough,"HistGradientBoostingRegressor(early_stopping=True, max_iter=10000,
                              n_iter_no_change=100, random_state=42,
                              scoring='neg_root_mean_squared_error')",50,0.1,squared_error,32,6,0.2,255,400,FunctionTransformer(func=<function reshape at 0x7fdb1d1c0360>),passthrough,"{'first_scale': 'passthrough', 'frequency': 'passthrough', 'model': HistGradientBoostingRegressor(early_stopping=True, max_iter=10000,
                              n_iter_no_change=100, random_state=42,
                              scoring='neg_root_mean_squared_error'), 'model__l2_regularization': 50, 'model__learning_rate': 0.1, 'model__loss': 'squared_error', 'model__max_bins': 32, 'model__max_depth': 6, 'model__max_features': 0.2, 'model__max_leaf_nodes': 255, 'model__min_samples_leaf': 400, 'reshape': FunctionTransformer(func=<function reshape at 0x7fdb1d1c0360>), 'second_scale': 'passthrough'}",0.05428243224049356,0.05428243224049356,0.0,1,0.8673343141289378,0.8673343141289378,0.0,0.9724801117552515,0.364233010408258
0,8674.910476446152,0.0,31.82264733314514,0.0,passthrough,passthrough,"HistGradientBoostingRegressor(early_stopping=True, max_iter=10000,
                              n_iter_no_change=100, random_state=42,
                              scoring='neg_root_mean_squared_error')",200,0.05,squared_error,32,3,0.5,511,400,FunctionTransformer(func=<function reshape at 0x7fdb1d1c0360>),passthrough,"{'first_scale': 'passthrough', 'frequency': 'passthrough', 'model': HistGradientBoostingRegressor(early_stopping=True, max_iter=10000,
                              n_iter_no_change=100, random_state=42,
                              scoring='neg_root_mean_squared_error'), 'model__l2_regularization': 200, 'model__learning_rate': 0.05, 'model__loss': 'squared_error', 'model__max_bins': 32, 'model__max_depth': 3, 'model__max_features': 0.5, 'model__max_leaf_nodes': 511, 'model__min_samples_leaf': 400, 'reshape': FunctionTransformer(func=<function reshape at 0x7fdb1d1c0360>), 'second_scale': 'passthrough'}",0.07686057474396968,0.07686057474396968,0.0,1,0.531034215502419,0.531034215502419,0.0,0.9608014494452173,0.6848107654655999
0,31060.719210863113,0.0,83.78442215919495,0.0,passthrough,passthrough,"HistGradientBoostingRegressor(early_stopping=True, max_iter=10000,
                              n_iter_no_change=100, random_state=42,
                              scoring='neg_root_mean_squared_error')",200,0.02,squared_error,32,6,0.5,511,800,FunctionTransformer(func=<function reshape at 0x7fdb1d1c0360>),passthrough,"{'first_scale': 'passthrough', 'frequency': 'passthrough', 'model': HistGradientBoostingRegressor(early_stopping=True, max_iter=10000,
                              n_iter_no_change=100, random_state=42,
                              scoring='neg_root_mean_squared_error'), 'model__l2_regularization': 200, 'model__learning_rate': 0.02, 'model__loss': 'squared_error', 'model__max_bins': 32, 'model__max_depth': 6, 'model__max_features': 0.5, 'model__max_leaf_nodes': 511, 'model__min_samples_leaf': 800, 'reshape': FunctionTransformer(func=<function reshape at 0x7fdb1d1c0360>), 'second_scale': 'passthrough'}",0.08329507633588895,0.08329507633588895,0.0,1,0.8301614924830445,0.8301614924830445,0.0,0.9574470866132034,0.4121146776286371
0,9735.873480558395,0.0,26.125714540481567,0.0,passthrough,passthrough,"HistGradientBoostingRegressor(early_stopping=True, max_iter=10000,
                              n_iter_no_change=100, random_state=42,
                              scoring='neg_root_mean_squared_error')",200,0.05,squared_error,32,3,1.0,127,200,FunctionTransformer(func=<function reshape at 0x7fdb1d1c0360>),passthrough,"{'first_scale': 'passthrough', 'frequency': 'passthrough', 'model': HistGradientBoostingRegressor(early_stopping=True, max_iter=10000,
                              n_iter_no_change=100, random_state=42,
                              scoring='neg_root_mean_squared_error'), 'model__l2_regularization': 200, 'model__learning_rate': 0.05, 'model__loss': 'squared_error', 'model__max_bins': 32, 'model__max_depth': 3, 'model__max_features': 1.0, 'model__max_leaf_nodes': 127, 'model__min_samples_leaf': 200, 'reshape': FunctionTransformer(func=<function reshape at 0x7fdb1d1c0360>), 'second_scale': 'passthrough'}",0.07654420721808852,0.07654420721808852,0.0,1,0.5404576901525013,0.5404576901525013,0.0,0.9609660726487234,0.6778955006839171
0,17691.653247833252,0.0,30.08220934867859,0.0,passthrough,passthrough,"HistGradientBoostingRegressor(early_stopping=True, max_iter=10000,
                              n_iter_no_change=100, random_state=42,
                              scoring='neg_root_mean_squared_error')",100,0.1,squared_error,32,6,0.2,511,200,FunctionTransformer(func=<function reshape at 0x7fdb1d1c0360>),passthrough,"{'first_scale': 'passthrough', 'frequency': 'passthrough', 'model': HistGradientBoostingRegressor(early_stopping=True, max_iter=10000,
                              n_iter_no_change=100, random_state=42,
                              scoring='neg_root_mean_squared_error'), 'model__l2_regularization': 100, 'model__learning_rate': 0.1, 'model__loss': 'squared_error', 'model__max_bins': 32, 'model__max_depth': 6, 'model__max_features': 0.2, 'model__max_leaf_nodes': 511, 'model__min_samples_leaf': 200, 'reshape': FunctionTransformer(func=<function reshape at 0x7fdb1d1c0360>), 'second_scale': 'passthrough'}",0.05663426622045198,0.05663426622045198,0.0,1,0.8925215262116302,0.8925215262116302,0.0,0.971270165185541,0.3278390974065934
0,18725.454210042953,0.0,77.85098600387573,0.0,passthrough,passthrough,"HistGradientBoostingRegressor(early_stopping=True, max_iter=10000,
                              n_iter_no_change=100, random_state=42,
                              scoring='neg_root_mean_squared_error')",50,0.02,squared_error,32,3,0.5,127,800,FunctionTransformer(func=<function reshape at 0x7fdb1d1c0360>),passthrough,"{'first_scale': 'passthrough', 'frequency': 'passthrough', 'model': HistGradientBoostingRegressor(early_stopping=True, max_iter=10000,
                              n_iter_no_change=100, random_state=42,
                              scoring='neg_root_mean_squared_error'), 'model__l2_regularization': 50, 'model__learning_rate': 0.02, 'model__loss': 'squared_error', 'model__max_bins': 32, 'model__max_depth': 3, 'model__max_features': 0.5, 'model__max_leaf_nodes': 127, 'model__min_samples_leaf': 800, 'reshape': FunctionTransformer(func=<function reshape at 0x7fdb1d1c0360>), 'second_scale': 'passthrough'}",0.08527470558881445,0.08527470558881445,0.0,1,0.4569227580086537,0.4569227580086537,0.0,0.9564127217949296,0.7369377463472382
0,4105.79243016243,0.0,17.28195309638977,0.0,passthrough,passthrough,"HistGradientBoostingRegressor(early_stopping=True, max_iter=10000,
                              n_iter_no_change=100, random_state=42,
                              scoring='neg_root_mean_squared_error')",200,0.1,squared_error,32,3,0.5,511,400,FunctionTransformer(func=<function reshape at 0x7fdb1d1c0360>),passthrough,"{'first_scale': 'passthrough', 'frequency': 'passthrough', 'model': HistGradientBoostingRegressor(early_stopping=True, max_iter=10000,
                              n_iter_no_change=100, random_state=42,
                              scoring='neg_root_mean_squared_error'), 'model__l2_regularization': 200, 'model__learning_rate': 0.1, 'model__loss': 'squared_error', 'model__max_bins': 32, 'model__max_depth': 3, 'model__max_features': 0.5, 'model__max_leaf_nodes': 511, 'model__min_samples_leaf': 400, 'reshape': FunctionTransformer(func=<function reshape at 0x7fdb1d1c0360>), 'second_scale': 'passthrough'}",0.07353002054046154,0.07353002054046154,0.0,1,0.4609853192152129,0.4609853192152129,0.0,0.9625331056434051,0.7341761919217942
0,29270.388717651367,0.0,103.46755790710449,0.0,passthrough,passthrough,"HistGradientBoostingRegressor(early_stopping=True, max_iter=10000,
                              n_iter_no_change=100, random_state=42,
                              scoring='neg_root_mean_squared_error')",100,0.01,squared_error,63,6,0.5,255,3200,FunctionTransformer(func=<function reshape at 0x7fdb1d1c0360>),passthrough,"{'first_scale': 'passthrough', 'frequency': 'passthrough', 'model': HistGradientBoostingRegressor(early_stopping=True, max_iter=10000,
                              n_iter_no_change=100, random_state=42,
                              scoring='neg_root_mean_squared_error'), 'model__l2_regularization': 100, 'model__learning_rate': 0.01, 'model__loss': 'squared_error', 'model__max_bins': 63, 'model__max_depth': 6, 'model__max_features': 0.5, 'model__max_leaf_nodes': 255, 'model__min_samples_leaf': 3200, 'reshape': FunctionTransformer(func=<function reshape at 0x7fdb1d1c0360>), 'second_scale': 'passthrough'}",0.09019874670198746,0.09019874670198746,0.0,1,0.4325209935874498,0.4325209935874498,0.0,0.953835024151458,0.7533120246037164
0,5621.881730556488,0.0,20.524625062942505,0.0,passthrough,passthrough,"HistGradientBoostingRegressor(early_stopping=True, max_iter=10000,
                              n_iter_no_change=100, random_state=42,
                              scoring='neg_root_mean_squared_error')",200,0.05,squared_error,32,3,1.0,511,800,FunctionTransformer(func=<function reshape at 0x7fdb1d1c0360>),passthrough,"{'first_scale': 'passthrough', 'frequency': 'passthrough', 'model': HistGradientBoostingRegressor(early_stopping=True, max_iter=10000,
                              n_iter_no_change=100, random_state=42,
                              scoring='neg_root_mean_squared_error'), 'model__l2_regularization': 200, 'model__learning_rate': 0.05, 'model__loss': 'squared_error', 'model__max_bins': 32, 'model__max_depth': 3, 'model__max_features': 1.0, 'model__max_leaf_nodes': 511, 'model__min_samples_leaf': 800, 'reshape': FunctionTransformer(func=<function reshape at 0x7fdb1d1c0360>), 'second_scale': 'passthrough'}",0.08280489347762399,0.08280489347762399,0.0,1,0.4395650280164267,0.4395650280164267,0.0,0.9577030367093842,0.748622048822751
0,25153.997706890106,0.0,86.50887870788574,0.0,passthrough,passthrough,"HistGradientBoostingRegressor(early_stopping=True, max_iter=10000,
                              n_iter_no_change=100, random_state=42,
                              scoring='neg_root_mean_squared_error')",100,0.02,squared_error,32,3,0.2,255,200,FunctionTransformer(func=<function reshape at 0x7fdb1d1c0360>),passthrough,"{'first_scale': 'passthrough', 'frequency': 'passthrough', 'model': HistGradientBoostingRegressor(early_stopping=True, max_iter=10000,
                              n_iter_no_change=100, random_state=42,
                              scoring='neg_root_mean_squared_error'), 'model__l2_regularization': 100, 'model__learning_rate': 0.02, 'model__loss': 'squared_error', 'model__max_bins': 32, 'model__max_depth': 3, 'model__max_features': 0.2, 'model__max_leaf_nodes': 255, 'model__min_samples_leaf': 200, 'reshape': FunctionTransformer(func=<function reshape at 0x7fdb1d1c0360>), 'second_scale': 'passthrough'}",0.08815509759319873,0.08815509759319873,0.0,1,0.44264939030264416,0.44264939030264416,0.0,0.954905703410971,0.7465591803047873
0,21949.07042336464,0.0,33.70036816596985,0.0,passthrough,passthrough,"HistGradientBoostingRegressor(early_stopping=True, max_iter=10000,
                              n_iter_no_change=100, random_state=42,
                              scoring='neg_root_mean_squared_error')",50,0.05,squared_error,32,6,0.5,255,200,FunctionTransformer(func=<function reshape at 0x7fdb1d1c0360>),passthrough,"{'first_scale': 'passthrough', 'frequency': 'passthrough', 'model': HistGradientBoostingRegressor(early_stopping=True, max_iter=10000,
                              n_iter_no_change=100, random_state=42,
                              scoring='neg_root_mean_squared_error'), 'model__l2_regularization': 50, 'model__learning_rate': 0.05, 'model__loss': 'squared_error', 'model__max_bins': 32, 'model__max_depth': 6, 'model__max_features': 0.5, 'model__max_leaf_nodes': 255, 'model__min_samples_leaf': 200, 'reshape': FunctionTransformer(func=<function reshape at 0x7fdb1d1c0360>), 'second_scale': 'passthrough'}",0.07419184235853693,0.07419184235853693,0.0,1,0.8875216814633936,0.8875216814633936,0.0,0.962189252507771,0.3353778742502349
0,14647.040734052658,0.0,41.20459818840027,0.0,passthrough,passthrough,"HistGradientBoostingRegressor(early_stopping=True, max_iter=10000,
                              n_iter_no_change=100, random_state=42,
                              scoring='neg_root_mean_squared_error')",200,0.05,squared_error,32,6,0.2,511,800,FunctionTransformer(func=<function reshape at 0x7fdb1d1c0360>),passthrough,"{'first_scale': 'passthrough', 'frequency': 'passthrough', 'model': HistGradientBoostingRegressor(early_stopping=True, max_iter=10000,
                              n_iter_no_change=100, random_state=42,
                              scoring='neg_root_mean_squared_error'), 'model__l2_regularization': 200, 'model__learning_rate': 0.05, 'model__loss': 'squared_error', 'model__max_bins': 32, 'model__max_depth': 6, 'model__max_features': 0.2, 'model__max_leaf_nodes': 511, 'model__min_samples_leaf': 800, 'reshape': FunctionTransformer(func=<function reshape at 0x7fdb1d1c0360>), 'second_scale': 'passthrough'}",0.07210555029957333,0.07210555029957333,0.0,1,0.8613661474340915,0.8613661474340915,0.0,0.9632727805250321,0.37233567189554717
0,8845.535401821136,0.0,23.34781527519226,0.0,passthrough,passthrough,"HistGradientBoostingRegressor(early_stopping=True, max_iter=10000,
                              n_iter_no_change=100, random_state=42,
                              scoring='neg_root_mean_squared_error')",400,0.1,squared_error,32,6,1.0,255,800,FunctionTransformer(func=<function reshape at 0x7fdb1d1c0360>),passthrough,"{'first_scale': 'passthrough', 'frequency': 'passthrough', 'model': HistGradientBoostingRegressor(early_stopping=True, max_iter=10000,
                              n_iter_no_change=100, random_state=42,
                              scoring='neg_root_mean_squared_error'), 'model__l2_regularization': 400, 'model__learning_rate': 0.1, 'model__loss': 'squared_error', 'model__max_bins': 32, 'model__max_depth': 6, 'model__max_features': 1.0, 'model__max_leaf_nodes': 255, 'model__min_samples_leaf': 800, 'reshape': FunctionTransformer(func=<function reshape at 0x7fdb1d1c0360>), 'second_scale': 'passthrough'}",0.06932707948312067,0.06932707948312067,0.0,1,0.8084485946705392,0.8084485946705392,0.0,0.9647139060451442,0.43766586036548566
0,15413.399527311325,0.0,27.962275981903076,0.0,passthrough,passthrough,"HistGradientBoostingRegressor(early_stopping=True, max_iter=10000,
                              n_iter_no_change=100, random_state=42,
                              scoring='neg_root_mean_squared_error')",50,0.1,squared_error,32,6,0.5,127,200,FunctionTransformer(func=<function reshape at 0x7fdb1d1c0360>),passthrough,"{'first_scale': 'passthrough', 'frequency': 'passthrough', 'model': HistGradientBoostingRegressor(early_stopping=True, max_iter=10000,
                              n_iter_no_change=100, random_state=42,
                              scoring='neg_root_mean_squared_error'), 'model__l2_regularization': 50, 'model__learning_rate': 0.1, 'model__loss': 'squared_error', 'model__max_bins': 32, 'model__max_depth': 6, 'model__max_features': 0.5, 'model__max_leaf_nodes': 127, 'model__min_samples_leaf': 200, 'reshape': FunctionTransformer(func=<function reshape at 0x7fdb1d1c0360>), 'second_scale': 'passthrough'}",0.05348044586881939,0.05348044586881939,0.0,1,0.9019017477299078,0.9019017477299078,0.0,0.9728923651315086,0.3132064052188144
0,12845.973171949387,0.0,28.562448501586914,0.0,passthrough,passthrough,"HistGradientBoostingRegressor(early_stopping=True, max_iter=10000,
                              n_iter_no_change=100, random_state=42,
                              scoring='neg_root_mean_squared_error')",100,0.05,squared_error,32,3,0.2,511,400,FunctionTransformer(func=<function reshape at 0x7fdb1d1c0360>),passthrough,"{'first_scale': 'passthrough', 'frequency': 'passthrough', 'model': HistGradientBoostingRegressor(early_stopping=True, max_iter=10000,
                              n_iter_no_change=100, random_state=42,
                              scoring='neg_root_mean_squared_error'), 'model__l2_regularization': 100, 'model__learning_rate': 0.05, 'model__loss': 'squared_error', 'model__max_bins': 32, 'model__max_depth': 3, 'model__max_features': 0.2, 'model__max_leaf_nodes': 511, 'model__min_samples_leaf': 400, 'reshape': FunctionTransformer(func=<function reshape at 0x7fdb1d1c0360>), 'second_scale': 'passthrough'}",0.07978266702840198,0.07978266702840198,0.0,1,0.5018405027059336,0.5018405027059336,0.0,0.9592795906155817,0.70580414938853
0,29904.62088370323,0.0,102.76693177223206,0.0,passthrough,passthrough,"HistGradientBoostingRegressor(early_stopping=True, max_iter=10000,
                              n_iter_no_change=100, random_state=42,
                              scoring='neg_root_mean_squared_error')",400,0.01,squared_error,63,6,1.0,255,3200,FunctionTransformer(func=<function reshape at 0x7fdb1d1c0360>),passthrough,"{'first_scale': 'passthrough', 'frequency': 'passthrough', 'model': HistGradientBoostingRegressor(early_stopping=True, max_iter=10000,
                              n_iter_no_change=100, random_state=42,
                              scoring='neg_root_mean_squared_error'), 'model__l2_regularization': 400, 'model__learning_rate': 0.01, 'model__loss': 'squared_error', 'model__max_bins': 63, 'model__max_depth': 6, 'model__max_features': 1.0, 'model__max_leaf_nodes': 255, 'model__min_samples_leaf': 3200, 'reshape': FunctionTransformer(func=<function reshape at 0x7fdb1d1c0360>), 'second_scale': 'passthrough'}",0.08844389447813072,0.08844389447813072,0.0,1,0.4326752871525372,0.4326752871525372,0.0,0.9547544739470296,0.7532096075113904
0,28075.124783039093,0.0,81.48547053337097,0.0,passthrough,passthrough,"HistGradientBoostingRegressor(early_stopping=True, max_iter=10000,
                              n_iter_no_change=100, random_state=42,
                              scoring='neg_root_mean_squared_error')",100,0.01,squared_error,63,None,0.5,127,6400,FunctionTransformer(func=<function reshape at 0x7fdb1d1c0360>),passthrough,"{'first_scale': 'passthrough', 'frequency': 'passthrough', 'model': HistGradientBoostingRegressor(early_stopping=True, max_iter=10000,
                              n_iter_no_change=100, random_state=42,
                              scoring='neg_root_mean_squared_error'), 'model__l2_regularization': 100, 'model__learning_rate': 0.01, 'model__loss': 'squared_error', 'model__max_bins': 63, 'model__max_depth': None, 'model__max_features': 0.5, 'model__max_leaf_nodes': 127, 'model__min_samples_leaf': 6400, 'reshape': FunctionTransformer(func=<function reshape at 0x7fdb1d1c0360>), 'second_scale': 'passthrough'}",0.08764414075844462,0.08764414075844462,0.0,1,0.33054575750962445,0.33054575750962445,0.0,0.9551732090262768,0.8182018348123986
0,24428.308697223663,0.0,65.63054013252258,0.0,passthrough,passthrough,"HistGradientBoostingRegressor(early_stopping=True, max_iter=10000,
                              n_iter_no_change=100, random_state=42,
                              scoring='neg_root_mean_squared_error')",100,0.02,squared_error,32,3,0.2,255,400,FunctionTransformer(func=<function reshape at 0x7fdb1d1c0360>),passthrough,"{'first_scale': 'passthrough', 'frequency': 'passthrough', 'model': HistGradientBoostingRegressor(early_stopping=True, max_iter=10000,
                              n_iter_no_change=100, random_state=42,
                              scoring='neg_root_mean_squared_error'), 'model__l2_regularization': 100, 'model__learning_rate': 0.02, 'model__loss': 'squared_error', 'model__max_bins': 32, 'model__max_depth': 3, 'model__max_features': 0.2, 'model__max_leaf_nodes': 255, 'model__min_samples_leaf': 400, 'reshape': FunctionTransformer(func=<function reshape at 0x7fdb1d1c0360>), 'second_scale': 'passthrough'}",0.08565891705137962,0.08565891705137962,0.0,1,0.44649912799406455,0.44649912799406455,0.0,0.9562118399960442,0.7439763921025555
0,10537.81147480011,0.0,23.452086210250854,0.0,passthrough,passthrough,"HistGradientBoostingRegressor(early_stopping=True, max_iter=10000,
                              n_iter_no_change=100, random_state=42,
                              scoring='neg_root_mean_squared_error')",400,0.1,squared_error,32,6,1.0,255,200,FunctionTransformer(func=<function reshape at 0x7fdb1d1c0360>),passthrough,"{'first_scale': 'passthrough', 'frequency': 'passthrough', 'model': HistGradientBoostingRegressor(early_stopping=True, max_iter=10000,
                              n_iter_no_change=100, random_state=42,
                              scoring='neg_root_mean_squared_error'), 'model__l2_regularization': 400, 'model__learning_rate': 0.1, 'model__loss': 'squared_error', 'model__max_bins': 32, 'model__max_depth': 6, 'model__max_features': 1.0, 'model__max_leaf_nodes': 255, 'model__min_samples_leaf': 200, 'reshape': FunctionTransformer(func=<function reshape at 0x7fdb1d1c0360>), 'second_scale': 'passthrough'}",0.0595238441325866,0.0595238441325866,0.0,1,0.8740139094653987,0.8740139094653987,0.0,0.9697814990333716,0.35494519370545263
0,13437.586632013321,0.0,27.8519766330719,0.0,passthrough,passthrough,"HistGradientBoostingRegressor(early_stopping=True, max_iter=10000,
                              n_iter_no_change=100, random_state=42,
                              scoring='neg_root_mean_squared_error')",400,0.05,squared_error,32,3,0.2,511,200,FunctionTransformer(func=<function reshape at 0x7fdb1d1c0360>),passthrough,"{'first_scale': 'passthrough', 'frequency': 'passthrough', 'model': HistGradientBoostingRegressor(early_stopping=True, max_iter=10000,
                              n_iter_no_change=100, random_state=42,
                              scoring='neg_root_mean_squared_error'), 'model__l2_regularization': 400, 'model__learning_rate': 0.05, 'model__loss': 'squared_error', 'model__max_bins': 32, 'model__max_depth': 3, 'model__max_features': 0.2, 'model__max_leaf_nodes': 511, 'model__min_samples_leaf': 200, 'reshape': FunctionTransformer(func=<function reshape at 0x7fdb1d1c0360>), 'second_scale': 'passthrough'}",0.08166823403258872,0.08166823403258872,0.0,1,0.4802314307417652,0.4802314307417652,0.0,0.9582962829769357,0.7209497688870111
0,34943.30295777321,0.0,112.70275402069092,0.0,passthrough,passthrough,"HistGradientBoostingRegressor(early_stopping=True, max_iter=10000,
                              n_iter_no_change=100, random_state=42,
                              scoring='neg_root_mean_squared_error')",50,0.02,squared_error,32,6,0.2,127,800,FunctionTransformer(func=<function reshape at 0x7fdb1d1c0360>),passthrough,"{'first_scale': 'passthrough', 'frequency': 'passthrough', 'model': HistGradientBoostingRegressor(early_stopping=True, max_iter=10000,
                              n_iter_no_change=100, random_state=42,
                              scoring='neg_root_mean_squared_error'), 'model__l2_regularization': 50, 'model__learning_rate': 0.02, 'model__loss': 'squared_error', 'model__max_bins': 32, 'model__max_depth': 6, 'model__max_features': 0.2, 'model__max_leaf_nodes': 127, 'model__min_samples_leaf': 800, 'reshape': FunctionTransformer(func=<function reshape at 0x7fdb1d1c0360>), 'second_scale': 'passthrough'}",0.08514471554463021,0.08514471554463021,0.0,1,0.8444599346180156,0.8444599346180156,0.0,0.9564806764673136,0.39438568100526217
0,24377.53395342827,0.0,55.00743532180786,0.0,passthrough,passthrough,"HistGradientBoostingRegressor(early_stopping=True, max_iter=10000,
                              n_iter_no_change=100, random_state=42,
                              scoring='neg_root_mean_squared_error')",100,0.02,squared_error,32,3,1.0,127,800,FunctionTransformer(func=<function reshape at 0x7fdb1d1c0360>),passthrough,"{'first_scale': 'passthrough', 'frequency': 'passthrough', 'model': HistGradientBoostingRegressor(early_stopping=True, max_iter=10000,
                              n_iter_no_change=100, random_state=42,
                              scoring='neg_root_mean_squared_error'), 'model__l2_regularization': 100, 'model__learning_rate': 0.02, 'model__loss': 'squared_error', 'model__max_bins': 32, 'model__max_depth': 3, 'model__max_features': 1.0, 'model__max_leaf_nodes': 127, 'model__min_samples_leaf': 800, 'reshape': FunctionTransformer(func=<function reshape at 0x7fdb1d1c0360>), 'second_scale': 'passthrough'}",0.08269731994154617,0.08269731994154617,0.0,1,0.4597935509689254,0.4597935509689254,0.0,0.9577591973238648,0.7349873801849081
0,26752.649550914764,0.0,78.50461888313293,0.0,passthrough,passthrough,"HistGradientBoostingRegressor(early_stopping=True, max_iter=10000,
                              n_iter_no_change=100, random_state=42,
                              scoring='neg_root_mean_squared_error')",200,0.01,squared_error,63,6,1.0,127,6400,FunctionTransformer(func=<function reshape at 0x7fdb1d1c0360>),passthrough,"{'first_scale': 'passthrough', 'frequency': 'passthrough', 'model': HistGradientBoostingRegressor(early_stopping=True, max_iter=10000,
                              n_iter_no_change=100, random_state=42,
                              scoring='neg_root_mean_squared_error'), 'model__l2_regularization': 200, 'model__learning_rate': 0.01, 'model__loss': 'squared_error', 'model__max_bins': 63, 'model__max_depth': 6, 'model__max_features': 1.0, 'model__max_leaf_nodes': 127, 'model__min_samples_leaf': 6400, 'reshape': FunctionTransformer(func=<function reshape at 0x7fdb1d1c0360>), 'second_scale': 'passthrough'}",0.08746087338260145,0.08746087338260145,0.0,1,0.32200193151914447,0.32200193151914447,0.0,0.9552691383151654,0.8234063811271173
0,10081.858150482178,0.0,41.20143723487854,0.0,passthrough,passthrough,"HistGradientBoostingRegressor(early_stopping=True, max_iter=10000,
                              n_iter_no_change=100, random_state=42,
                              scoring='neg_root_mean_squared_error')",200,0.1,squared_error,32,6,0.5,255,800,FunctionTransformer(func=<function reshape at 0x7fdb1d1c0360>),passthrough,"{'first_scale': 'passthrough', 'frequency': 'passthrough', 'model': HistGradientBoostingRegressor(early_stopping=True, max_iter=10000,
                              n_iter_no_change=100, random_state=42,
                              scoring='neg_root_mean_squared_error'), 'model__l2_regularization': 200, 'model__learning_rate': 0.1, 'model__loss': 'squared_error', 'model__max_bins': 32, 'model__max_depth': 6, 'model__max_features': 0.5, 'model__max_leaf_nodes': 255, 'model__min_samples_leaf': 800, 'reshape': FunctionTransformer(func=<function reshape at 0x7fdb1d1c0360>), 'second_scale': 'passthrough'}",0.05341627186983322,0.05341627186983322,0.0,1,0.8724929832236696,0.8724929832236696,0.0,0.9729253456099121,0.35708124674411335
0,9463.565188884735,0.0,22.171586990356445,0.0,passthrough,passthrough,"HistGradientBoostingRegressor(early_stopping=True, max_iter=10000,
                              n_iter_no_change=100, random_state=42,
                              scoring='neg_root_mean_squared_error')",200,0.1,squared_error,32,6,0.2,255,400,FunctionTransformer(func=<function reshape at 0x7fdb1d1c0360>),passthrough,"{'first_scale': 'passthrough', 'frequency': 'passthrough', 'model': HistGradientBoostingRegressor(early_stopping=True, max_iter=10000,
                              n_iter_no_change=100, random_state=42,
                              scoring='neg_root_mean_squared_error'), 'model__l2_regularization': 200, 'model__learning_rate': 0.1, 'model__loss': 'squared_error', 'model__max_bins': 32, 'model__max_depth': 6, 'model__max_features': 0.2, 'model__max_leaf_nodes': 255, 'model__min_samples_leaf': 400, 'reshape': FunctionTransformer(func=<function reshape at 0x7fdb1d1c0360>), 'second_scale': 'passthrough'}",0.06002418910205631,0.06002418910205631,0.0,1,0.8789334647751943,0.8789334647751943,0.0,0.969523496826118,0.3479461671362478
0,7230.810831308365,0.0,19.511432647705078,0.0,passthrough,passthrough,"HistGradientBoostingRegressor(early_stopping=True, max_iter=10000,
                              n_iter_no_change=100, random_state=42,
                              scoring='neg_root_mean_squared_error')",200,0.1,squared_error,32,6,0.2,511,200,FunctionTransformer(func=<function reshape at 0x7fdb1d1c0360>),passthrough,"{'first_scale': 'passthrough', 'frequency': 'passthrough', 'model': HistGradientBoostingRegressor(early_stopping=True, max_iter=10000,
                              n_iter_no_change=100, random_state=42,
                              scoring='neg_root_mean_squared_error'), 'model__l2_regularization': 200, 'model__learning_rate': 0.1, 'model__loss': 'squared_error', 'model__max_bins': 32, 'model__max_depth': 6, 'model__max_features': 0.2, 'model__max_leaf_nodes': 511, 'model__min_samples_leaf': 200, 'reshape': FunctionTransformer(func=<function reshape at 0x7fdb1d1c0360>), 'second_scale': 'passthrough'}",0.06240854797202189,0.06240854797202189,0.0,1,0.8747182626179575,0.8747182626179575,0.0,0.9682930610243874,0.3539516031635434
0,27363.328617095947,0.0,60.919158935546875,0.0,passthrough,passthrough,"HistGradientBoostingRegressor(early_stopping=True, max_iter=10000,
                              n_iter_no_change=100, random_state=42,
                              scoring='neg_root_mean_squared_error')",200,0.02,squared_error,32,3,0.2,255,800,FunctionTransformer(func=<function reshape at 0x7fdb1d1c0360>),passthrough,"{'first_scale': 'passthrough', 'frequency': 'passthrough', 'model': HistGradientBoostingRegressor(early_stopping=True, max_iter=10000,
                              n_iter_no_change=100, random_state=42,
                              scoring='neg_root_mean_squared_error'), 'model__l2_regularization': 200, 'model__learning_rate': 0.02, 'model__loss': 'squared_error', 'model__max_bins': 32, 'model__max_depth': 3, 'model__max_features': 0.2, 'model__max_leaf_nodes': 255, 'model__min_samples_leaf': 800, 'reshape': FunctionTransformer(func=<function reshape at 0x7fdb1d1c0360>), 'second_scale': 'passthrough'}",0.0869895837824668,0.0869895837824668,0.0,1,0.41647565704823264,0.41647565704823264,0.0,0.9555157854360823,0.7638876507391433
0,19177.612560749054,0.0,68.58883118629456,0.0,passthrough,passthrough,"HistGradientBoostingRegressor(early_stopping=True, max_iter=10000,
                              n_iter_no_change=100, random_state=42,
                              scoring='neg_root_mean_squared_error')",100,0.0025,squared_error,63,6,1.0,255,6400,FunctionTransformer(func=<function reshape at 0x7fdb1d1c0360>),passthrough,"{'first_scale': 'passthrough', 'frequency': 'passthrough', 'model': HistGradientBoostingRegressor(early_stopping=True, max_iter=10000,
                              n_iter_no_change=100, random_state=42,
                              scoring='neg_root_mean_squared_error'), 'model__l2_regularization': 100, 'model__learning_rate': 0.0025, 'model__loss': 'squared_error', 'model__max_bins': 63, 'model__max_depth': 6, 'model__max_features': 1.0, 'model__max_leaf_nodes': 255, 'model__min_samples_leaf': 6400, 'reshape': FunctionTransformer(func=<function reshape at 0x7fdb1d1c0360>), 'second_scale': 'passthrough'}",0.08031563768331706,0.08031563768331706,0.0,1,0.17689046308143808,0.17689046308143808,0.0,0.9590017530310792,0.9072538437055871
0,11465.16496014595,0.0,27.861372709274292,0.0,passthrough,passthrough,"HistGradientBoostingRegressor(early_stopping=True, max_iter=10000,
                              n_iter_no_change=100, random_state=42,
                              scoring='neg_root_mean_squared_error')",50,0.05,squared_error,32,3,0.5,255,800,FunctionTransformer(func=<function reshape at 0x7fdb1d1c0360>),passthrough,"{'first_scale': 'passthrough', 'frequency': 'passthrough', 'model': HistGradientBoostingRegressor(early_stopping=True, max_iter=10000,
                              n_iter_no_change=100, random_state=42,
                              scoring='neg_root_mean_squared_error'), 'model__l2_regularization': 50, 'model__learning_rate': 0.05, 'model__loss': 'squared_error', 'model__max_bins': 32, 'model__max_depth': 3, 'model__max_features': 0.5, 'model__max_leaf_nodes': 255, 'model__min_samples_leaf': 800, 'reshape': FunctionTransformer(func=<function reshape at 0x7fdb1d1c0360>), 'second_scale': 'passthrough'}",0.07970259367275001,0.07970259367275001,0.0,1,0.4886785189003855,0.4886785189003855,0.0,0.9593213259003732,0.7150674661174388
0,26815.37208008766,0.0,79.53886198997498,0.0,passthrough,passthrough,"HistGradientBoostingRegressor(early_stopping=True, max_iter=10000,
                              n_iter_no_change=100, random_state=42,
                              scoring='neg_root_mean_squared_error')",200,0.01,squared_error,63,6,0.5,255,6400,FunctionTransformer(func=<function reshape at 0x7fdb1d1c0360>),passthrough,"{'first_scale': 'passthrough', 'frequency': 'passthrough', 'model': HistGradientBoostingRegressor(early_stopping=True, max_iter=10000,
                              n_iter_no_change=100, random_state=42,
                              scoring='neg_root_mean_squared_error'), 'model__l2_regularization': 200, 'model__learning_rate': 0.01, 'model__loss': 'squared_error', 'model__max_bins': 63, 'model__max_depth': 6, 'model__max_features': 0.5, 'model__max_leaf_nodes': 255, 'model__min_samples_leaf': 6400, 'reshape': FunctionTransformer(func=<function reshape at 0x7fdb1d1c0360>), 'second_scale': 'passthrough'}",0.08857940423379307,0.08857940423379307,0.0,1,0.31762452813792186,0.31762452813792186,0.0,0.9546835055484131,0.8260602107970569
0,9262.487545490265,0.0,22.453425407409668,0.0,passthrough,passthrough,"HistGradientBoostingRegressor(early_stopping=True, max_iter=10000,
                              n_iter_no_change=100, random_state=42,
                              scoring='neg_root_mean_squared_error')",100,0.05,squared_error,32,3,0.5,127,200,FunctionTransformer(func=<function reshape at 0x7fdb1d1c0360>),passthrough,"{'first_scale': 'passthrough', 'frequency': 'passthrough', 'model': HistGradientBoostingRegressor(early_stopping=True, max_iter=10000,
                              n_iter_no_change=100, random_state=42,
                              scoring='neg_root_mean_squared_error'), 'model__l2_regularization': 100, 'model__learning_rate': 0.05, 'model__loss': 'squared_error', 'model__max_bins': 32, 'model__max_depth': 3, 'model__max_features': 0.5, 'model__max_leaf_nodes': 127, 'model__min_samples_leaf': 200, 'reshape': FunctionTransformer(func=<function reshape at 0x7fdb1d1c0360>), 'second_scale': 'passthrough'}",0.08441521727823753,0.08441521727823753,0.0,1,0.43365256229463445,0.43365256229463445,0.0,0.9568619454873114,0.7525605873983606
0,28050.810925722122,0.0,79.89280033111572,0.0,passthrough,passthrough,"HistGradientBoostingRegressor(early_stopping=True, max_iter=10000,
                              n_iter_no_change=100, random_state=42,
                              scoring='neg_root_mean_squared_error')",400,0.01,squared_error,63,None,1.0,127,6400,FunctionTransformer(func=<function reshape at 0x7fdb1d1c0360>),passthrough,"{'first_scale': 'passthrough', 'frequency': 'passthrough', 'model': HistGradientBoostingRegressor(early_stopping=True, max_iter=10000,
                              n_iter_no_change=100, random_state=42,
                              scoring='neg_root_mean_squared_error'), 'model__l2_regularization': 400, 'model__learning_rate': 0.01, 'model__loss': 'squared_error', 'model__max_bins': 63, 'model__max_depth': None, 'model__max_features': 1.0, 'model__max_leaf_nodes': 127, 'model__min_samples_leaf': 6400, 'reshape': FunctionTransformer(func=<function reshape at 0x7fdb1d1c0360>), 'second_scale': 'passthrough'}",0.08623276779846567,0.08623276779846567,0.0,1,0.3296604425576014,0.3296604425576014,0.0,0.9559117282477155,0.8187426686342899
0,31002.393576145172,0.0,56.93272066116333,0.0,passthrough,passthrough,"HistGradientBoostingRegressor(early_stopping=True, max_iter=10000,
                              n_iter_no_change=100, random_state=42,
                              scoring='neg_root_mean_squared_error')",50,0.05,squared_error,32,6,0.5,511,400,FunctionTransformer(func=<function reshape at 0x7fdb1d1c0360>),passthrough,"{'first_scale': 'passthrough', 'frequency': 'passthrough', 'model': HistGradientBoostingRegressor(early_stopping=True, max_iter=10000,
                              n_iter_no_change=100, random_state=42,
                              scoring='neg_root_mean_squared_error'), 'model__l2_regularization': 50, 'model__learning_rate': 0.05, 'model__loss': 'squared_error', 'model__max_bins': 32, 'model__max_depth': 6, 'model__max_features': 0.5, 'model__max_leaf_nodes': 511, 'model__min_samples_leaf': 400, 'reshape': FunctionTransformer(func=<function reshape at 0x7fdb1d1c0360>), 'second_scale': 'passthrough'}",0.07380451073032501,0.07380451073032501,0.0,1,0.8990466057677786,0.8990466057677786,0.0,0.9623905076784969,0.317731638701942
0,24578.865027666092,0.0,54.01255249977112,0.0,passthrough,passthrough,"HistGradientBoostingRegressor(early_stopping=True, max_iter=10000,
                              n_iter_no_change=100, random_state=42,
                              scoring='neg_root_mean_squared_error')",100,0.02,squared_error,32,3,0.5,127,400,FunctionTransformer(func=<function reshape at 0x7fdb1d1c0360>),passthrough,"{'first_scale': 'passthrough', 'frequency': 'passthrough', 'model': HistGradientBoostingRegressor(early_stopping=True, max_iter=10000,
                              n_iter_no_change=100, random_state=42,
                              scoring='neg_root_mean_squared_error'), 'model__l2_regularization': 100, 'model__learning_rate': 0.02, 'model__loss': 'squared_error', 'model__max_bins': 32, 'model__max_depth': 3, 'model__max_features': 0.5, 'model__max_leaf_nodes': 127, 'model__min_samples_leaf': 400, 'reshape': FunctionTransformer(func=<function reshape at 0x7fdb1d1c0360>), 'second_scale': 'passthrough'}",0.08507907044183072,0.08507907044183072,0.0,1,0.46063626663405544,0.46063626663405544,0.0,0.9565149918104626,0.7344138706246939
0,7192.275155544281,0.0,17.57540535926819,0.0,passthrough,passthrough,"HistGradientBoostingRegressor(early_stopping=True, max_iter=10000,
                              n_iter_no_change=100, random_state=42,
                              scoring='neg_root_mean_squared_error')",100,0.1,squared_error,32,3,1.0,255,400,FunctionTransformer(func=<function reshape at 0x7fdb1d1c0360>),passthrough,"{'first_scale': 'passthrough', 'frequency': 'passthrough', 'model': HistGradientBoostingRegressor(early_stopping=True, max_iter=10000,
                              n_iter_no_change=100, random_state=42,
                              scoring='neg_root_mean_squared_error'), 'model__l2_regularization': 100, 'model__learning_rate': 0.1, 'model__loss': 'squared_error', 'model__max_bins': 32, 'model__max_depth': 3, 'model__max_features': 1.0, 'model__max_leaf_nodes': 255, 'model__min_samples_leaf': 400, 'reshape': FunctionTransformer(func=<function reshape at 0x7fdb1d1c0360>), 'second_scale': 'passthrough'}",0.06923647208957018,0.06923647208957018,0.0,1,0.500657394992404,0.500657394992404,0.0,0.9647608656607242,0.7066417798344476
0,29918.70039176941,0.0,65.11515402793884,0.0,passthrough,passthrough,"HistGradientBoostingRegressor(early_stopping=True, max_iter=10000,
                              n_iter_no_change=100, random_state=42,
                              scoring='neg_root_mean_squared_error')",200,0.02,squared_error,32,3,0.2,127,200,FunctionTransformer(func=<function reshape at 0x7fdb1d1c0360>),passthrough,"{'first_scale': 'passthrough', 'frequency': 'passthrough', 'model': HistGradientBoostingRegressor(early_stopping=True, max_iter=10000,
                              n_iter_no_change=100, random_state=42,
                              scoring='neg_root_mean_squared_error'), 'model__l2_regularization': 200, 'model__learning_rate': 0.02, 'model__loss': 'squared_error', 'model__max_bins': 32, 'model__max_depth': 3, 'model__max_features': 0.2, 'model__max_leaf_nodes': 127, 'model__min_samples_leaf': 200, 'reshape': FunctionTransformer(func=<function reshape at 0x7fdb1d1c0360>), 'second_scale': 'passthrough'}",0.08689244661609175,0.08689244661609175,0.0,1,0.4404469324137045,0.4404469324137045,0.0,0.955566613786767,0.7480327984696229
0,7417.023144483566,0.0,18.30217957496643,0.0,passthrough,passthrough,"HistGradientBoostingRegressor(early_stopping=True, max_iter=10000,
                              n_iter_no_change=100, random_state=42,
                              scoring='neg_root_mean_squared_error')",200,0.1,squared_error,32,6,0.2,127,200,FunctionTransformer(func=<function reshape at 0x7fdb1d1c0360>),passthrough,"{'first_scale': 'passthrough', 'frequency': 'passthrough', 'model': HistGradientBoostingRegressor(early_stopping=True, max_iter=10000,
                              n_iter_no_change=100, random_state=42,
                              scoring='neg_root_mean_squared_error'), 'model__l2_regularization': 200, 'model__learning_rate': 0.1, 'model__loss': 'squared_error', 'model__max_bins': 32, 'model__max_depth': 6, 'model__max_features': 0.2, 'model__max_leaf_nodes': 127, 'model__min_samples_leaf': 200, 'reshape': FunctionTransformer(func=<function reshape at 0x7fdb1d1c0360>), 'second_scale': 'passthrough'}",0.06240854797202189,0.06240854797202189,0.0,1,0.8747182626179575,0.8747182626179575,0.0,0.9682930610243874,0.3539516031635434
0,9610.863797426224,0.0,35.379098892211914,0.0,passthrough,passthrough,"HistGradientBoostingRegressor(early_stopping=True, max_iter=10000,
                              n_iter_no_change=100, random_state=42,
                              scoring='neg_root_mean_squared_error')",400,0.02,squared_error,32,3,0.5,511,200,FunctionTransformer(func=<function reshape at 0x7fdb1d1c0360>),passthrough,"{'first_scale': 'passthrough', 'frequency': 'passthrough', 'model': HistGradientBoostingRegressor(early_stopping=True, max_iter=10000,
                              n_iter_no_change=100, random_state=42,
                              scoring='neg_root_mean_squared_error'), 'model__l2_regularization': 400, 'model__learning_rate': 0.02, 'model__loss': 'squared_error', 'model__max_bins': 32, 'model__max_depth': 3, 'model__max_features': 0.5, 'model__max_leaf_nodes': 511, 'model__min_samples_leaf': 200, 'reshape': FunctionTransformer(func=<function reshape at 0x7fdb1d1c0360>), 'second_scale': 'passthrough'}",0.08811676784573697,0.08811676784573697,0.0,1,0.35623333467943585,0.35623333467943585,0.0,0.9549257731123729,0.8023507121705347
0,11052.722850084305,0.0,34.60370206832886,0.0,passthrough,passthrough,"HistGradientBoostingRegressor(early_stopping=True, max_iter=10000,
                              n_iter_no_change=100, random_state=42,
                              scoring='neg_root_mean_squared_error')",200,0.05,squared_error,32,6,1.0,127,800,FunctionTransformer(func=<function reshape at 0x7fdb1d1c0360>),passthrough,"{'first_scale': 'passthrough', 'frequency': 'passthrough', 'model': HistGradientBoostingRegressor(early_stopping=True, max_iter=10000,
                              n_iter_no_change=100, random_state=42,
                              scoring='neg_root_mean_squared_error'), 'model__l2_regularization': 200, 'model__learning_rate': 0.05, 'model__loss': 'squared_error', 'model__max_bins': 32, 'model__max_depth': 6, 'model__max_features': 1.0, 'model__max_leaf_nodes': 127, 'model__min_samples_leaf': 800, 'reshape': FunctionTransformer(func=<function reshape at 0x7fdb1d1c0360>), 'second_scale': 'passthrough'}",0.07823704180761681,0.07823704180761681,0.0,1,0.8123528884913571,0.8123528884913571,0.0,0.9600848703069865,0.4331825383237913
0,29344.07513809204,0.0,104.79181981086731,0.0,passthrough,passthrough,"HistGradientBoostingRegressor(early_stopping=True, max_iter=10000,
                              n_iter_no_change=100, random_state=42,
                              scoring='neg_root_mean_squared_error')",200,0.01,squared_error,63,6,1.0,127,3200,FunctionTransformer(func=<function reshape at 0x7fdb1d1c0360>),passthrough,"{'first_scale': 'passthrough', 'frequency': 'passthrough', 'model': HistGradientBoostingRegressor(early_stopping=True, max_iter=10000,
                              n_iter_no_change=100, random_state=42,
                              scoring='neg_root_mean_squared_error'), 'model__l2_regularization': 200, 'model__learning_rate': 0.01, 'model__loss': 'squared_error', 'model__max_bins': 63, 'model__max_depth': 6, 'model__max_features': 1.0, 'model__max_leaf_nodes': 127, 'model__min_samples_leaf': 3200, 'reshape': FunctionTransformer(func=<function reshape at 0x7fdb1d1c0360>), 'second_scale': 'passthrough'}",0.08882767827541793,0.08882767827541793,0.0,1,0.4368141031402587,0.4368141031402587,0.0,0.954553467190069,0.7504571252641561
0,31510.3598549366,0.0,105.4042546749115,0.0,passthrough,passthrough,"HistGradientBoostingRegressor(early_stopping=True, max_iter=10000,
                              n_iter_no_change=100, random_state=42,
                              scoring='neg_root_mean_squared_error')",200,0.0025,squared_error,63,6,1.0,127,3200,FunctionTransformer(func=<function reshape at 0x7fdb1d1c0360>),passthrough,"{'first_scale': 'passthrough', 'frequency': 'passthrough', 'model': HistGradientBoostingRegressor(early_stopping=True, max_iter=10000,
                              n_iter_no_change=100, random_state=42,
                              scoring='neg_root_mean_squared_error'), 'model__l2_regularization': 200, 'model__learning_rate': 0.0025, 'model__loss': 'squared_error', 'model__max_bins': 63, 'model__max_depth': 6, 'model__max_features': 1.0, 'model__max_leaf_nodes': 127, 'model__min_samples_leaf': 3200, 'reshape': FunctionTransformer(func=<function reshape at 0x7fdb1d1c0360>), 'second_scale': 'passthrough'}",0.0871096090461273,0.0871096090461273,0.0,1,0.23072742294482795,0.23072742294482795,0.0,0.9554529768407615,0.8770818531101713
0,4772.982174396515,0.0,16.208197832107544,0.0,passthrough,passthrough,"HistGradientBoostingRegressor(early_stopping=True, max_iter=10000,
                              n_iter_no_change=100, random_state=42,
                              scoring='neg_root_mean_squared_error')",400,0.1,squared_error,32,3,1.0,511,400,FunctionTransformer(func=<function reshape at 0x7fdb1d1c0360>),passthrough,"{'first_scale': 'passthrough', 'frequency': 'passthrough', 'model': HistGradientBoostingRegressor(early_stopping=True, max_iter=10000,
                              n_iter_no_change=100, random_state=42,
                              scoring='neg_root_mean_squared_error'), 'model__l2_regularization': 400, 'model__learning_rate': 0.1, 'model__loss': 'squared_error', 'model__max_bins': 32, 'model__max_depth': 3, 'model__max_features': 1.0, 'model__max_leaf_nodes': 511, 'model__min_samples_leaf': 400, 'reshape': FunctionTransformer(func=<function reshape at 0x7fdb1d1c0360>), 'second_scale': 'passthrough'}",0.07828539637282139,0.07828539637282139,0.0,1,0.43802704259906666,0.43802704259906666,0.0,0.9600596875336338,0.7496485559253305
0,11203.708767652512,0.0,29.649466276168823,0.0,passthrough,passthrough,"HistGradientBoostingRegressor(early_stopping=True, max_iter=10000,
                              n_iter_no_change=100, random_state=42,
                              scoring='neg_root_mean_squared_error')",400,0.1,squared_error,32,6,0.5,127,800,FunctionTransformer(func=<function reshape at 0x7fdb1d1c0360>),passthrough,"{'first_scale': 'passthrough', 'frequency': 'passthrough', 'model': HistGradientBoostingRegressor(early_stopping=True, max_iter=10000,
                              n_iter_no_change=100, random_state=42,
                              scoring='neg_root_mean_squared_error'), 'model__l2_regularization': 400, 'model__learning_rate': 0.1, 'model__loss': 'squared_error', 'model__max_bins': 32, 'model__max_depth': 6, 'model__max_features': 0.5, 'model__max_leaf_nodes': 127, 'model__min_samples_leaf': 800, 'reshape': FunctionTransformer(func=<function reshape at 0x7fdb1d1c0360>), 'second_scale': 'passthrough'}",0.06367552156267642,0.06367552156267642,0.0,1,0.842987966234393,0.842987966234393,0.0,0.9676386094184768,0.39624744007451584
0,16826.192281246185,0.0,33.47402024269104,0.0,passthrough,passthrough,"HistGradientBoostingRegressor(early_stopping=True, max_iter=10000,
                              n_iter_no_change=100, random_state=42,
                              scoring='neg_root_mean_squared_error')",400,0.1,squared_error,32,6,0.2,255,200,FunctionTransformer(func=<function reshape at 0x7fdb1d1c0360>),passthrough,"{'first_scale': 'passthrough', 'frequency': 'passthrough', 'model': HistGradientBoostingRegressor(early_stopping=True, max_iter=10000,
                              n_iter_no_change=100, random_state=42,
                              scoring='neg_root_mean_squared_error'), 'model__l2_regularization': 400, 'model__learning_rate': 0.1, 'model__loss': 'squared_error', 'model__max_bins': 32, 'model__max_depth': 6, 'model__max_features': 0.2, 'model__max_leaf_nodes': 255, 'model__min_samples_leaf': 200, 'reshape': FunctionTransformer(func=<function reshape at 0x7fdb1d1c0360>), 'second_scale': 'passthrough'}",0.06381100908841242,0.06381100908841242,0.0,1,0.8957445603999631,0.8957445603999631,0.0,0.9675685975224638,0.3228861093327443
0,28878.421728372574,0.0,71.7401475906372,0.0,passthrough,passthrough,"HistGradientBoostingRegressor(early_stopping=True, max_iter=10000,
                              n_iter_no_change=100, random_state=42,
                              scoring='neg_root_mean_squared_error')",50,0.02,squared_error,32,3,0.5,127,200,FunctionTransformer(func=<function reshape at 0x7fdb1d1c0360>),passthrough,"{'first_scale': 'passthrough', 'frequency': 'passthrough', 'model': HistGradientBoostingRegressor(early_stopping=True, max_iter=10000,
                              n_iter_no_change=100, random_state=42,
                              scoring='neg_root_mean_squared_error'), 'model__l2_regularization': 50, 'model__learning_rate': 0.02, 'model__loss': 'squared_error', 'model__max_bins': 32, 'model__max_depth': 3, 'model__max_features': 0.5, 'model__max_leaf_nodes': 127, 'model__min_samples_leaf': 200, 'reshape': FunctionTransformer(func=<function reshape at 0x7fdb1d1c0360>), 'second_scale': 'passthrough'}",0.08591230573220843,0.08591230573220843,0.0,1,0.44961182588355997,0.44961182588355997,0.0,0.9560793347143277,0.7418815094854704
0,26861.952031612396,0.0,77.84000992774963,0.0,passthrough,passthrough,"HistGradientBoostingRegressor(early_stopping=True, max_iter=10000,
                              n_iter_no_change=100, random_state=42,
                              scoring='neg_root_mean_squared_error')",400,0.01,squared_error,63,6,0.5,127,6400,FunctionTransformer(func=<function reshape at 0x7fdb1d1c0360>),passthrough,"{'first_scale': 'passthrough', 'frequency': 'passthrough', 'model': HistGradientBoostingRegressor(early_stopping=True, max_iter=10000,
                              n_iter_no_change=100, random_state=42,
                              scoring='neg_root_mean_squared_error'), 'model__l2_regularization': 400, 'model__learning_rate': 0.01, 'model__loss': 'squared_error', 'model__max_bins': 63, 'model__max_depth': 6, 'model__max_features': 0.5, 'model__max_leaf_nodes': 127, 'model__min_samples_leaf': 6400, 'reshape': FunctionTransformer(func=<function reshape at 0x7fdb1d1c0360>), 'second_scale': 'passthrough'}",0.08745917411943072,0.08745917411943072,0.0,1,0.3145338561321894,0.3145338561321894,0.0,0.9552700277306775,0.8279288277791821
0,27075.09588289261,0.0,50.93668794631958,0.0,passthrough,passthrough,"HistGradientBoostingRegressor(early_stopping=True, max_iter=10000,
                              n_iter_no_change=100, random_state=42,
                              scoring='neg_root_mean_squared_error')",50,0.02,squared_error,32,3,0.2,255,800,FunctionTransformer(func=<function reshape at 0x7fdb1d1c0360>),passthrough,"{'first_scale': 'passthrough', 'frequency': 'passthrough', 'model': HistGradientBoostingRegressor(early_stopping=True, max_iter=10000,
                              n_iter_no_change=100, random_state=42,
                              scoring='neg_root_mean_squared_error'), 'model__l2_regularization': 50, 'model__learning_rate': 0.02, 'model__loss': 'squared_error', 'model__max_bins': 32, 'model__max_depth': 3, 'model__max_features': 0.2, 'model__max_leaf_nodes': 255, 'model__min_samples_leaf': 800, 'reshape': FunctionTransformer(func=<function reshape at 0x7fdb1d1c0360>), 'second_scale': 'passthrough'}",0.085999820197459,0.085999820197459,0.0,1,0.4423994336842084,0.4423994336842084,0.0,0.9560335662530584,0.7467265673027789
0,4693.399774074554,0.0,15.158311128616333,0.0,passthrough,passthrough,"HistGradientBoostingRegressor(early_stopping=True, max_iter=10000,
                              n_iter_no_change=100, random_state=42,
                              scoring='neg_root_mean_squared_error')",50,0.1,squared_error,32,3,0.2,511,800,FunctionTransformer(func=<function reshape at 0x7fdb1d1c0360>),passthrough,"{'first_scale': 'passthrough', 'frequency': 'passthrough', 'model': HistGradientBoostingRegressor(early_stopping=True, max_iter=10000,
                              n_iter_no_change=100, random_state=42,
                              scoring='neg_root_mean_squared_error'), 'model__l2_regularization': 50, 'model__learning_rate': 0.1, 'model__loss': 'squared_error', 'model__max_bins': 32, 'model__max_depth': 3, 'model__max_features': 0.2, 'model__max_leaf_nodes': 511, 'model__min_samples_leaf': 800, 'reshape': FunctionTransformer(func=<function reshape at 0x7fdb1d1c0360>), 'second_scale': 'passthrough'}",0.07573030050403196,0.07573030050403196,0.0,1,0.3977823871054814,0.3977823871054814,0.0,0.9613894629628349,0.7760268119688383
0,26868.79012799263,0.0,79.38531255722046,0.0,passthrough,passthrough,"HistGradientBoostingRegressor(early_stopping=True, max_iter=10000,
                              n_iter_no_change=100, random_state=42,
                              scoring='neg_root_mean_squared_error')",100,0.01,squared_error,63,6,0.5,255,6400,FunctionTransformer(func=<function reshape at 0x7fdb1d1c0360>),passthrough,"{'first_scale': 'passthrough', 'frequency': 'passthrough', 'model': HistGradientBoostingRegressor(early_stopping=True, max_iter=10000,
                              n_iter_no_change=100, random_state=42,
                              scoring='neg_root_mean_squared_error'), 'model__l2_regularization': 100, 'model__learning_rate': 0.01, 'model__loss': 'squared_error', 'model__max_bins': 63, 'model__max_depth': 6, 'model__max_features': 0.5, 'model__max_leaf_nodes': 255, 'model__min_samples_leaf': 6400, 'reshape': FunctionTransformer(func=<function reshape at 0x7fdb1d1c0360>), 'second_scale': 'passthrough'}",0.08724076541208758,0.08724076541208758,0.0,1,0.3191822021069498,0.3191822021069498,0.0,0.9553843386762798,0.8251168389343719
0,29649.26994037628,0.0,65.5855004787445,0.0,passthrough,passthrough,"HistGradientBoostingRegressor(early_stopping=True, max_iter=10000,
                              n_iter_no_change=100, random_state=42,
                              scoring='neg_root_mean_squared_error')",200,0.02,squared_error,32,3,0.2,511,200,FunctionTransformer(func=<function reshape at 0x7fdb1d1c0360>),passthrough,"{'first_scale': 'passthrough', 'frequency': 'passthrough', 'model': HistGradientBoostingRegressor(early_stopping=True, max_iter=10000,
                              n_iter_no_change=100, random_state=42,
                              scoring='neg_root_mean_squared_error'), 'model__l2_regularization': 200, 'model__learning_rate': 0.02, 'model__loss': 'squared_error', 'model__max_bins': 32, 'model__max_depth': 3, 'model__max_features': 0.2, 'model__max_leaf_nodes': 511, 'model__min_samples_leaf': 200, 'reshape': FunctionTransformer(func=<function reshape at 0x7fdb1d1c0360>), 'second_scale': 'passthrough'}",0.08689244661609175,0.08689244661609175,0.0,1,0.4404469324137045,0.4404469324137045,0.0,0.955566613786767,0.7480327984696229
0,28377.470005750656,0.0,72.88223528862,0.0,passthrough,passthrough,"HistGradientBoostingRegressor(early_stopping=True, max_iter=10000,
                              n_iter_no_change=100, random_state=42,
                              scoring='neg_root_mean_squared_error')",200,0.02,squared_error,32,6,0.5,255,200,FunctionTransformer(func=<function reshape at 0x7fdb1d1c0360>),passthrough,"{'first_scale': 'passthrough', 'frequency': 'passthrough', 'model': HistGradientBoostingRegressor(early_stopping=True, max_iter=10000,
                              n_iter_no_change=100, random_state=42,
                              scoring='neg_root_mean_squared_error'), 'model__l2_regularization': 200, 'model__learning_rate': 0.02, 'model__loss': 'squared_error', 'model__max_bins': 32, 'model__max_depth': 6, 'model__max_features': 0.5, 'model__max_leaf_nodes': 255, 'model__min_samples_leaf': 200, 'reshape': FunctionTransformer(func=<function reshape at 0x7fdb1d1c0360>), 'second_scale': 'passthrough'}",0.08834036477780716,0.08834036477780716,0.0,1,0.8460035661670482,0.8460035661670482,0.0,0.9548086903784406,0.39242379366311597
0,4975.636627674103,0.0,12.508521556854248,0.0,passthrough,passthrough,"HistGradientBoostingRegressor(early_stopping=True, max_iter=10000,
                              n_iter_no_change=100, random_state=42,
                              scoring='neg_root_mean_squared_error')",50,0.1,squared_error,32,3,0.2,255,200,FunctionTransformer(func=<function reshape at 0x7fdb1d1c0360>),passthrough,"{'first_scale': 'passthrough', 'frequency': 'passthrough', 'model': HistGradientBoostingRegressor(early_stopping=True, max_iter=10000,
                              n_iter_no_change=100, random_state=42,
                              scoring='neg_root_mean_squared_error'), 'model__l2_regularization': 50, 'model__learning_rate': 0.1, 'model__loss': 'squared_error', 'model__max_bins': 32, 'model__max_depth': 3, 'model__max_features': 0.2, 'model__max_leaf_nodes': 255, 'model__min_samples_leaf': 200, 'reshape': FunctionTransformer(func=<function reshape at 0x7fdb1d1c0360>), 'second_scale': 'passthrough'}",0.07798856965501322,0.07798856965501322,0.0,1,0.41656755668678713,0.41656755668678713,0.0,0.9602142627273283,0.7638274957824004
0,11557.121621370316,0.0,23.002862215042114,0.0,passthrough,passthrough,"HistGradientBoostingRegressor(early_stopping=True, max_iter=10000,
                              n_iter_no_change=100, random_state=42,
                              scoring='neg_root_mean_squared_error')",400,0.1,squared_error,32,6,1.0,127,200,FunctionTransformer(func=<function reshape at 0x7fdb1d1c0360>),passthrough,"{'first_scale': 'passthrough', 'frequency': 'passthrough', 'model': HistGradientBoostingRegressor(early_stopping=True, max_iter=10000,
                              n_iter_no_change=100, random_state=42,
                              scoring='neg_root_mean_squared_error'), 'model__l2_regularization': 400, 'model__learning_rate': 0.1, 'model__loss': 'squared_error', 'model__max_bins': 32, 'model__max_depth': 6, 'model__max_features': 1.0, 'model__max_leaf_nodes': 127, 'model__min_samples_leaf': 200, 'reshape': FunctionTransformer(func=<function reshape at 0x7fdb1d1c0360>), 'second_scale': 'passthrough'}",0.0595238441325866,0.0595238441325866,0.0,1,0.8740139094653987,0.8740139094653987,0.0,0.9697814990333716,0.35494519370545263
0,29327.350570440292,0.0,52.266565561294556,0.0,passthrough,passthrough,"HistGradientBoostingRegressor(early_stopping=True, max_iter=10000,
                              n_iter_no_change=100, random_state=42,
                              scoring='neg_root_mean_squared_error')",50,0.02,squared_error,32,3,0.2,255,400,FunctionTransformer(func=<function reshape at 0x7fdb1d1c0360>),passthrough,"{'first_scale': 'passthrough', 'frequency': 'passthrough', 'model': HistGradientBoostingRegressor(early_stopping=True, max_iter=10000,
                              n_iter_no_change=100, random_state=42,
                              scoring='neg_root_mean_squared_error'), 'model__l2_regularization': 50, 'model__learning_rate': 0.02, 'model__loss': 'squared_error', 'model__max_bins': 32, 'model__max_depth': 3, 'model__max_features': 0.2, 'model__max_leaf_nodes': 255, 'model__min_samples_leaf': 400, 'reshape': FunctionTransformer(func=<function reshape at 0x7fdb1d1c0360>), 'second_scale': 'passthrough'}",0.08551029111788289,0.08551029111788289,0.0,1,0.45080986118830124,0.45080986118830124,0.0,0.9562895528458507,0.741073639263804
0,8687.502904176712,0.0,23.487046480178833,0.0,passthrough,passthrough,"HistGradientBoostingRegressor(early_stopping=True, max_iter=10000,
                              n_iter_no_change=100, random_state=42,
                              scoring='neg_root_mean_squared_error')",400,0.1,squared_error,32,6,1.0,511,800,FunctionTransformer(func=<function reshape at 0x7fdb1d1c0360>),passthrough,"{'first_scale': 'passthrough', 'frequency': 'passthrough', 'model': HistGradientBoostingRegressor(early_stopping=True, max_iter=10000,
                              n_iter_no_change=100, random_state=42,
                              scoring='neg_root_mean_squared_error'), 'model__l2_regularization': 400, 'model__learning_rate': 0.1, 'model__loss': 'squared_error', 'model__max_bins': 32, 'model__max_depth': 6, 'model__max_features': 1.0, 'model__max_leaf_nodes': 511, 'model__min_samples_leaf': 800, 'reshape': FunctionTransformer(func=<function reshape at 0x7fdb1d1c0360>), 'second_scale': 'passthrough'}",0.06932707948312067,0.06932707948312067,0.0,1,0.8084485946705392,0.8084485946705392,0.0,0.9647139060451442,0.43766586036548566
0,4387.026804685593,0.0,11.154209613800049,0.0,passthrough,passthrough,"HistGradientBoostingRegressor(early_stopping=True, max_iter=10000,
                              n_iter_no_change=100, random_state=42,
                              scoring='neg_root_mean_squared_error')",50,0.1,squared_error,32,3,0.5,511,800,FunctionTransformer(func=<function reshape at 0x7fdb1d1c0360>),passthrough,"{'first_scale': 'passthrough', 'frequency': 'passthrough', 'model': HistGradientBoostingRegressor(early_stopping=True, max_iter=10000,
                              n_iter_no_change=100, random_state=42,
                              scoring='neg_root_mean_squared_error'), 'model__l2_regularization': 50, 'model__learning_rate': 0.1, 'model__loss': 'squared_error', 'model__max_bins': 32, 'model__max_depth': 3, 'model__max_features': 0.5, 'model__max_leaf_nodes': 511, 'model__min_samples_leaf': 800, 'reshape': FunctionTransformer(func=<function reshape at 0x7fdb1d1c0360>), 'second_scale': 'passthrough'}",0.07881738726662668,0.07881738726662668,0.0,1,0.39156694346475207,0.39156694346475207,0.0,0.9597825861794812,0.780021189798872
0,6018.370457649231,0.0,16.03849768638611,0.0,passthrough,passthrough,"HistGradientBoostingRegressor(early_stopping=True, max_iter=10000,
                              n_iter_no_change=100, random_state=42,
                              scoring='neg_root_mean_squared_error')",200,0.1,squared_error,32,6,1.0,255,400,FunctionTransformer(func=<function reshape at 0x7fdb1d1c0360>),passthrough,"{'first_scale': 'passthrough', 'frequency': 'passthrough', 'model': HistGradientBoostingRegressor(early_stopping=True, max_iter=10000,
                              n_iter_no_change=100, random_state=42,
                              scoring='neg_root_mean_squared_error'), 'model__l2_regularization': 200, 'model__learning_rate': 0.1, 'model__loss': 'squared_error', 'model__max_bins': 32, 'model__max_depth': 6, 'model__max_features': 1.0, 'model__max_leaf_nodes': 255, 'model__min_samples_leaf': 400, 'reshape': FunctionTransformer(func=<function reshape at 0x7fdb1d1c0360>), 'second_scale': 'passthrough'}",0.05919350815555258,0.05919350815555258,0.0,1,0.845989639656375,0.845989639656375,0.0,0.9699517987222084,0.3924415374850438
0,10508.18364739418,0.0,36.1334331035614,0.0,passthrough,passthrough,"HistGradientBoostingRegressor(early_stopping=True, max_iter=10000,
                              n_iter_no_change=100, random_state=42,
                              scoring='neg_root_mean_squared_error')",400,0.05,squared_error,32,3,1.0,127,200,FunctionTransformer(func=<function reshape at 0x7fdb1d1c0360>),passthrough,"{'first_scale': 'passthrough', 'frequency': 'passthrough', 'model': HistGradientBoostingRegressor(early_stopping=True, max_iter=10000,
                              n_iter_no_change=100, random_state=42,
                              scoring='neg_root_mean_squared_error'), 'model__l2_regularization': 400, 'model__learning_rate': 0.05, 'model__loss': 'squared_error', 'model__max_bins': 32, 'model__max_depth': 3, 'model__max_features': 1.0, 'model__max_leaf_nodes': 127, 'model__min_samples_leaf': 200, 'reshape': FunctionTransformer(func=<function reshape at 0x7fdb1d1c0360>), 'second_scale': 'passthrough'}",0.0786285897580139,0.0786285897580139,0.0,1,0.4897926060550295,0.4897926060550295,0.0,0.9598809354508433,0.7142880329005733
0,19328.698899269104,0.0,47.69751691818237,0.0,passthrough,passthrough,"HistGradientBoostingRegressor(early_stopping=True, max_iter=10000,
                              n_iter_no_change=100, random_state=42,
                              scoring='neg_root_mean_squared_error')",200,0.05,squared_error,32,6,0.5,127,200,FunctionTransformer(func=<function reshape at 0x7fdb1d1c0360>),passthrough,"{'first_scale': 'passthrough', 'frequency': 'passthrough', 'model': HistGradientBoostingRegressor(early_stopping=True, max_iter=10000,
                              n_iter_no_change=100, random_state=42,
                              scoring='neg_root_mean_squared_error'), 'model__l2_regularization': 200, 'model__learning_rate': 0.05, 'model__loss': 'squared_error', 'model__max_bins': 32, 'model__max_depth': 6, 'model__max_features': 0.5, 'model__max_leaf_nodes': 127, 'model__min_samples_leaf': 200, 'reshape': FunctionTransformer(func=<function reshape at 0x7fdb1d1c0360>), 'second_scale': 'passthrough'}",0.07888021596245343,0.07888021596245343,0.0,1,0.9003165584587551,0.9003165584587551,0.0,0.9597498549296825,0.3157268464056309
0,27248.592878818512,0.0,76.27356624603271,0.0,passthrough,passthrough,"HistGradientBoostingRegressor(early_stopping=True, max_iter=10000,
                              n_iter_no_change=100, random_state=42,
                              scoring='neg_root_mean_squared_error')",400,0.005,squared_error,63,6,0.5,255,6400,FunctionTransformer(func=<function reshape at 0x7fdb1d1c0360>),passthrough,"{'first_scale': 'passthrough', 'frequency': 'passthrough', 'model': HistGradientBoostingRegressor(early_stopping=True, max_iter=10000,
                              n_iter_no_change=100, random_state=42,
                              scoring='neg_root_mean_squared_error'), 'model__l2_regularization': 400, 'model__learning_rate': 0.005, 'model__loss': 'squared_error', 'model__max_bins': 63, 'model__max_depth': 6, 'model__max_features': 0.5, 'model__max_leaf_nodes': 255, 'model__min_samples_leaf': 6400, 'reshape': FunctionTransformer(func=<function reshape at 0x7fdb1d1c0360>), 'second_scale': 'passthrough'}",0.08667620706404644,0.08667620706404644,0.0,1,0.22975533742718124,0.22975533742718124,0.0,0.9556797543821641,0.8776358371060395
0,28115.754085302353,0.0,76.50966215133667,0.0,passthrough,passthrough,"HistGradientBoostingRegressor(early_stopping=True, max_iter=10000,
                              n_iter_no_change=100, random_state=42,
                              scoring='neg_root_mean_squared_error')",400,0.02,squared_error,32,6,0.2,127,800,FunctionTransformer(func=<function reshape at 0x7fdb1d1c0360>),passthrough,"{'first_scale': 'passthrough', 'frequency': 'passthrough', 'model': HistGradientBoostingRegressor(early_stopping=True, max_iter=10000,
                              n_iter_no_change=100, random_state=42,
                              scoring='neg_root_mean_squared_error'), 'model__l2_regularization': 400, 'model__learning_rate': 0.02, 'model__loss': 'squared_error', 'model__max_bins': 32, 'model__max_depth': 6, 'model__max_features': 0.2, 'model__max_leaf_nodes': 127, 'model__min_samples_leaf': 800, 'reshape': FunctionTransformer(func=<function reshape at 0x7fdb1d1c0360>), 'second_scale': 'passthrough'}",0.0877055099238997,0.0877055099238997,0.0,1,0.8109136604008318,0.8109136604008318,0.0,0.9551410838593952,0.434840591020627
0,14859.683265686035,0.0,45.008493185043335,0.0,passthrough,passthrough,"HistGradientBoostingRegressor(early_stopping=True, max_iter=10000,
                              n_iter_no_change=100, random_state=42,
                              scoring='neg_root_mean_squared_error')",400,0.02,squared_error,32,3,0.5,255,800,FunctionTransformer(func=<function reshape at 0x7fdb1d1c0360>),passthrough,"{'first_scale': 'passthrough', 'frequency': 'passthrough', 'model': HistGradientBoostingRegressor(early_stopping=True, max_iter=10000,
                              n_iter_no_change=100, random_state=42,
                              scoring='neg_root_mean_squared_error'), 'model__l2_regularization': 400, 'model__learning_rate': 0.02, 'model__loss': 'squared_error', 'model__max_bins': 32, 'model__max_depth': 3, 'model__max_features': 0.5, 'model__max_leaf_nodes': 255, 'model__min_samples_leaf': 800, 'reshape': FunctionTransformer(func=<function reshape at 0x7fdb1d1c0360>), 'second_scale': 'passthrough'}",0.08611496093939319,0.08611496093939319,0.0,1,0.43643830765972946,0.43643830765972946,0.0,0.9559733464174651,0.7507074612259229
0,11499.66237783432,0.0,36.96876287460327,0.0,passthrough,passthrough,"HistGradientBoostingRegressor(early_stopping=True, max_iter=10000,
                              n_iter_no_change=100, random_state=42,
                              scoring='neg_root_mean_squared_error')",50,0.05,squared_error,32,3,0.2,511,800,FunctionTransformer(func=<function reshape at 0x7fdb1d1c0360>),passthrough,"{'first_scale': 'passthrough', 'frequency': 'passthrough', 'model': HistGradientBoostingRegressor(early_stopping=True, max_iter=10000,
                              n_iter_no_change=100, random_state=42,
                              scoring='neg_root_mean_squared_error'), 'model__l2_regularization': 50, 'model__learning_rate': 0.05, 'model__loss': 'squared_error', 'model__max_bins': 32, 'model__max_depth': 3, 'model__max_features': 0.2, 'model__max_leaf_nodes': 511, 'model__min_samples_leaf': 800, 'reshape': FunctionTransformer(func=<function reshape at 0x7fdb1d1c0360>), 'second_scale': 'passthrough'}",0.08077011513784937,0.08077011513784937,0.0,1,0.4761327740839211,0.4761327740839211,0.0,0.9587647703488852,0.7237867268167322
0,4786.523675918579,0.0,12.217406749725342,0.0,passthrough,passthrough,"HistGradientBoostingRegressor(early_stopping=True, max_iter=10000,
                              n_iter_no_change=100, random_state=42,
                              scoring='neg_root_mean_squared_error')",50,0.1,squared_error,32,3,0.2,127,200,FunctionTransformer(func=<function reshape at 0x7fdb1d1c0360>),passthrough,"{'first_scale': 'passthrough', 'frequency': 'passthrough', 'model': HistGradientBoostingRegressor(early_stopping=True, max_iter=10000,
                              n_iter_no_change=100, random_state=42,
                              scoring='neg_root_mean_squared_error'), 'model__l2_regularization': 50, 'model__learning_rate': 0.1, 'model__loss': 'squared_error', 'model__max_bins': 32, 'model__max_depth': 3, 'model__max_features': 0.2, 'model__max_leaf_nodes': 127, 'model__min_samples_leaf': 200, 'reshape': FunctionTransformer(func=<function reshape at 0x7fdb1d1c0360>), 'second_scale': 'passthrough'}",0.07798856965501322,0.07798856965501322,0.0,1,0.41656755668678713,0.41656755668678713,0.0,0.9602142627273283,0.7638274957824004
0,17559.32942032814,0.0,34.526684045791626,0.0,passthrough,passthrough,"HistGradientBoostingRegressor(early_stopping=True, max_iter=10000,
                              n_iter_no_change=100, random_state=42,
                              scoring='neg_root_mean_squared_error')",50,0.05,squared_error,32,6,1.0,511,800,FunctionTransformer(func=<function reshape at 0x7fdb1d1c0360>),passthrough,"{'first_scale': 'passthrough', 'frequency': 'passthrough', 'model': HistGradientBoostingRegressor(early_stopping=True, max_iter=10000,
                              n_iter_no_change=100, random_state=42,
                              scoring='neg_root_mean_squared_error'), 'model__l2_regularization': 50, 'model__learning_rate': 0.05, 'model__loss': 'squared_error', 'model__max_bins': 32, 'model__max_depth': 6, 'model__max_features': 1.0, 'model__max_leaf_nodes': 511, 'model__min_samples_leaf': 800, 'reshape': FunctionTransformer(func=<function reshape at 0x7fdb1d1c0360>), 'second_scale': 'passthrough'}",0.07688824590733256,0.07688824590733256,0.0,1,0.8474788055760542,0.8474788055760542,0.0,0.9607870492948307,0.3905396195316755
0,27993.53613638878,0.0,88.78739142417908,0.0,passthrough,passthrough,"HistGradientBoostingRegressor(early_stopping=True, max_iter=10000,
                              n_iter_no_change=100, random_state=42,
                              scoring='neg_root_mean_squared_error')",100,0.0025,squared_error,63,6,0.5,255,6400,FunctionTransformer(func=<function reshape at 0x7fdb1d1c0360>),passthrough,"{'first_scale': 'passthrough', 'frequency': 'passthrough', 'model': HistGradientBoostingRegressor(early_stopping=True, max_iter=10000,
                              n_iter_no_change=100, random_state=42,
                              scoring='neg_root_mean_squared_error'), 'model__l2_regularization': 100, 'model__learning_rate': 0.0025, 'model__loss': 'squared_error', 'model__max_bins': 63, 'model__max_depth': 6, 'model__max_features': 0.5, 'model__max_leaf_nodes': 255, 'model__min_samples_leaf': 6400, 'reshape': FunctionTransformer(func=<function reshape at 0x7fdb1d1c0360>), 'second_scale': 'passthrough'}",0.08118402586861218,0.08118402586861218,0.0,1,0.17484394218166444,0.17484394218166444,0.0,0.9585488897971703,0.9083810091686944
0,6164.070184230804,0.0,15.803314685821533,0.0,passthrough,passthrough,"HistGradientBoostingRegressor(early_stopping=True, max_iter=10000,
                              n_iter_no_change=100, random_state=42,
                              scoring='neg_root_mean_squared_error')",50,0.1,squared_error,32,3,1.0,127,400,FunctionTransformer(func=<function reshape at 0x7fdb1d1c0360>),passthrough,"{'first_scale': 'passthrough', 'frequency': 'passthrough', 'model': HistGradientBoostingRegressor(early_stopping=True, max_iter=10000,
                              n_iter_no_change=100, random_state=42,
                              scoring='neg_root_mean_squared_error'), 'model__l2_regularization': 50, 'model__learning_rate': 0.1, 'model__loss': 'squared_error', 'model__max_bins': 32, 'model__max_depth': 3, 'model__max_features': 1.0, 'model__max_leaf_nodes': 127, 'model__min_samples_leaf': 400, 'reshape': FunctionTransformer(func=<function reshape at 0x7fdb1d1c0360>), 'second_scale': 'passthrough'}",0.07056350918845178,0.07056350918845178,0.0,1,0.4943233982102424,0.4943233982102424,0.0,0.9640728659243285,0.711109416186959
0,7795.872776508331,0.0,19.163621187210083,0.0,passthrough,passthrough,"HistGradientBoostingRegressor(early_stopping=True, max_iter=10000,
                              n_iter_no_change=100, random_state=42,
                              scoring='neg_root_mean_squared_error')",100,0.1,squared_error,32,3,0.2,511,400,FunctionTransformer(func=<function reshape at 0x7fdb1d1c0360>),passthrough,"{'first_scale': 'passthrough', 'frequency': 'passthrough', 'model': HistGradientBoostingRegressor(early_stopping=True, max_iter=10000,
                              n_iter_no_change=100, random_state=42,
                              scoring='neg_root_mean_squared_error'), 'model__l2_regularization': 100, 'model__learning_rate': 0.1, 'model__loss': 'squared_error', 'model__max_bins': 32, 'model__max_depth': 3, 'model__max_features': 0.2, 'model__max_leaf_nodes': 511, 'model__min_samples_leaf': 400, 'reshape': FunctionTransformer(func=<function reshape at 0x7fdb1d1c0360>), 'second_scale': 'passthrough'}",0.07220074396653853,0.07220074396653853,0.0,1,0.48427164289364866,0.48427164289364866,0.0,0.963223367674114,0.7181422958622834
0,29156.447863578796,0.0,106.09779286384583,0.0,passthrough,passthrough,"HistGradientBoostingRegressor(early_stopping=True, max_iter=10000,
                              n_iter_no_change=100, random_state=42,
                              scoring='neg_root_mean_squared_error')",100,0.01,squared_error,63,6,1.0,127,3200,FunctionTransformer(func=<function reshape at 0x7fdb1d1c0360>),passthrough,"{'first_scale': 'passthrough', 'frequency': 'passthrough', 'model': HistGradientBoostingRegressor(early_stopping=True, max_iter=10000,
                              n_iter_no_change=100, random_state=42,
                              scoring='neg_root_mean_squared_error'), 'model__l2_regularization': 100, 'model__learning_rate': 0.01, 'model__loss': 'squared_error', 'model__max_bins': 63, 'model__max_depth': 6, 'model__max_features': 1.0, 'model__max_leaf_nodes': 127, 'model__min_samples_leaf': 3200, 'reshape': FunctionTransformer(func=<function reshape at 0x7fdb1d1c0360>), 'second_scale': 'passthrough'}",0.0885871804380618,0.0885871804380618,0.0,1,0.4385380868353016,0.4385380868353016,0.0,0.9546794328788791,0.7493076225187479
0,28704.8071038723,0.0,54.7403998374939,0.0,passthrough,passthrough,"HistGradientBoostingRegressor(early_stopping=True, max_iter=10000,
                              n_iter_no_change=100, random_state=42,
                              scoring='neg_root_mean_squared_error')",50,0.05,squared_error,32,6,0.2,127,800,FunctionTransformer(func=<function reshape at 0x7fdb1d1c0360>),passthrough,"{'first_scale': 'passthrough', 'frequency': 'passthrough', 'model': HistGradientBoostingRegressor(early_stopping=True, max_iter=10000,
                              n_iter_no_change=100, random_state=42,
                              scoring='neg_root_mean_squared_error'), 'model__l2_regularization': 50, 'model__learning_rate': 0.05, 'model__loss': 'squared_error', 'model__max_bins': 32, 'model__max_depth': 6, 'model__max_features': 0.2, 'model__max_leaf_nodes': 127, 'model__min_samples_leaf': 800, 'reshape': FunctionTransformer(func=<function reshape at 0x7fdb1d1c0360>), 'second_scale': 'passthrough'}",0.0706775434064848,0.0706775434064848,0.0,1,0.8812189434076991,0.8812189434076991,0.0,0.9640137222018758,0.34464627749665433
0,8460.250481843948,0.0,28.122868299484253,0.0,passthrough,passthrough,"HistGradientBoostingRegressor(early_stopping=True, max_iter=10000,
                              n_iter_no_change=100, random_state=42,
                              scoring='neg_root_mean_squared_error')",200,0.1,squared_error,32,6,0.5,511,800,FunctionTransformer(func=<function reshape at 0x7fdb1d1c0360>),passthrough,"{'first_scale': 'passthrough', 'frequency': 'passthrough', 'model': HistGradientBoostingRegressor(early_stopping=True, max_iter=10000,
                              n_iter_no_change=100, random_state=42,
                              scoring='neg_root_mean_squared_error'), 'model__l2_regularization': 200, 'model__learning_rate': 0.1, 'model__loss': 'squared_error', 'model__max_bins': 32, 'model__max_depth': 6, 'model__max_features': 0.5, 'model__max_leaf_nodes': 511, 'model__min_samples_leaf': 800, 'reshape': FunctionTransformer(func=<function reshape at 0x7fdb1d1c0360>), 'second_scale': 'passthrough'}",0.05341627186983322,0.05341627186983322,0.0,1,0.8724929832236696,0.8724929832236696,0.0,0.9729253456099121,0.35708124674411335
0,15941.70964384079,0.0,50.315884590148926,0.0,passthrough,passthrough,"HistGradientBoostingRegressor(early_stopping=True, max_iter=10000,
                              n_iter_no_change=100, random_state=42,
                              scoring='neg_root_mean_squared_error')",200,0.05,squared_error,32,6,0.2,255,800,FunctionTransformer(func=<function reshape at 0x7fdb1d1c0360>),passthrough,"{'first_scale': 'passthrough', 'frequency': 'passthrough', 'model': HistGradientBoostingRegressor(early_stopping=True, max_iter=10000,
                              n_iter_no_change=100, random_state=42,
                              scoring='neg_root_mean_squared_error'), 'model__l2_regularization': 200, 'model__learning_rate': 0.05, 'model__loss': 'squared_error', 'model__max_bins': 32, 'model__max_depth': 6, 'model__max_features': 0.2, 'model__max_leaf_nodes': 255, 'model__min_samples_leaf': 800, 'reshape': FunctionTransformer(func=<function reshape at 0x7fdb1d1c0360>), 'second_scale': 'passthrough'}",0.07210555029957333,0.07210555029957333,0.0,1,0.8613661474340915,0.8613661474340915,0.0,0.9632727805250321,0.37233567189554717
0,9076.069206476212,0.0,25.292498111724854,0.0,passthrough,passthrough,"HistGradientBoostingRegressor(early_stopping=True, max_iter=10000,
                              n_iter_no_change=100, random_state=42,
                              scoring='neg_root_mean_squared_error')",400,0.05,squared_error,32,3,0.5,511,200,FunctionTransformer(func=<function reshape at 0x7fdb1d1c0360>),passthrough,"{'first_scale': 'passthrough', 'frequency': 'passthrough', 'model': HistGradientBoostingRegressor(early_stopping=True, max_iter=10000,
                              n_iter_no_change=100, random_state=42,
                              scoring='neg_root_mean_squared_error'), 'model__l2_regularization': 400, 'model__learning_rate': 0.05, 'model__loss': 'squared_error', 'model__max_bins': 32, 'model__max_depth': 3, 'model__max_features': 0.5, 'model__max_leaf_nodes': 511, 'model__min_samples_leaf': 200, 'reshape': FunctionTransformer(func=<function reshape at 0x7fdb1d1c0360>), 'second_scale': 'passthrough'}",0.08206337427427901,0.08206337427427901,0.0,1,0.44104752875512965,0.44104752875512965,0.0,0.9580900926978219,0.7476312401477552
0,9084.106866121292,0.0,25.135915517807007,0.0,passthrough,passthrough,"HistGradientBoostingRegressor(early_stopping=True, max_iter=10000,
                              n_iter_no_change=100, random_state=42,
                              scoring='neg_root_mean_squared_error')",400,0.05,squared_error,32,3,0.5,255,200,FunctionTransformer(func=<function reshape at 0x7fdb1d1c0360>),passthrough,"{'first_scale': 'passthrough', 'frequency': 'passthrough', 'model': HistGradientBoostingRegressor(early_stopping=True, max_iter=10000,
                              n_iter_no_change=100, random_state=42,
                              scoring='neg_root_mean_squared_error'), 'model__l2_regularization': 400, 'model__learning_rate': 0.05, 'model__loss': 'squared_error', 'model__max_bins': 32, 'model__max_depth': 3, 'model__max_features': 0.5, 'model__max_leaf_nodes': 255, 'model__min_samples_leaf': 200, 'reshape': FunctionTransformer(func=<function reshape at 0x7fdb1d1c0360>), 'second_scale': 'passthrough'}",0.08206337427427901,0.08206337427427901,0.0,1,0.44104752875512965,0.44104752875512965,0.0,0.9580900926978219,0.7476312401477552
0,24351.223802804947,0.0,52.69325113296509,0.0,passthrough,passthrough,"HistGradientBoostingRegressor(early_stopping=True, max_iter=10000,
                              n_iter_no_change=100, random_state=42,
                              scoring='neg_root_mean_squared_error')",100,0.02,squared_error,32,3,0.2,511,400,FunctionTransformer(func=<function reshape at 0x7fdb1d1c0360>),passthrough,"{'first_scale': 'passthrough', 'frequency': 'passthrough', 'model': HistGradientBoostingRegressor(early_stopping=True, max_iter=10000,
                              n_iter_no_change=100, random_state=42,
                              scoring='neg_root_mean_squared_error'), 'model__l2_regularization': 100, 'model__learning_rate': 0.02, 'model__loss': 'squared_error', 'model__max_bins': 32, 'model__max_depth': 3, 'model__max_features': 0.2, 'model__max_leaf_nodes': 511, 'model__min_samples_leaf': 400, 'reshape': FunctionTransformer(func=<function reshape at 0x7fdb1d1c0360>), 'second_scale': 'passthrough'}",0.08565891705137962,0.08565891705137962,0.0,1,0.44649912799406455,0.44649912799406455,0.0,0.9562118399960442,0.7439763921025555
0,15057.945896863937,0.0,52.62898373603821,0.0,passthrough,passthrough,"HistGradientBoostingRegressor(early_stopping=True, max_iter=10000,
                              n_iter_no_change=100, random_state=42,
                              scoring='neg_root_mean_squared_error')",400,0.02,squared_error,32,3,0.2,255,200,FunctionTransformer(func=<function reshape at 0x7fdb1d1c0360>),passthrough,"{'first_scale': 'passthrough', 'frequency': 'passthrough', 'model': HistGradientBoostingRegressor(early_stopping=True, max_iter=10000,
                              n_iter_no_change=100, random_state=42,
                              scoring='neg_root_mean_squared_error'), 'model__l2_regularization': 400, 'model__learning_rate': 0.02, 'model__loss': 'squared_error', 'model__max_bins': 32, 'model__max_depth': 3, 'model__max_features': 0.2, 'model__max_leaf_nodes': 255, 'model__min_samples_leaf': 200, 'reshape': FunctionTransformer(func=<function reshape at 0x7fdb1d1c0360>), 'second_scale': 'passthrough'}",0.0863701501897789,0.0863701501897789,0.0,1,0.4283057922221909,0.4283057922221909,0.0,0.9558398661963317,0.7561046275336563
0,9925.651584386826,0.0,21.87166428565979,0.0,passthrough,passthrough,"HistGradientBoostingRegressor(early_stopping=True, max_iter=10000,
                              n_iter_no_change=100, random_state=42,
                              scoring='neg_root_mean_squared_error')",50,0.1,squared_error,32,6,0.5,127,800,FunctionTransformer(func=<function reshape at 0x7fdb1d1c0360>),passthrough,"{'first_scale': 'passthrough', 'frequency': 'passthrough', 'model': HistGradientBoostingRegressor(early_stopping=True, max_iter=10000,
                              n_iter_no_change=100, random_state=42,
                              scoring='neg_root_mean_squared_error'), 'model__l2_regularization': 50, 'model__learning_rate': 0.1, 'model__loss': 'squared_error', 'model__max_bins': 32, 'model__max_depth': 6, 'model__max_features': 0.5, 'model__max_leaf_nodes': 127, 'model__min_samples_leaf': 800, 'reshape': FunctionTransformer(func=<function reshape at 0x7fdb1d1c0360>), 'second_scale': 'passthrough'}",0.05549310936606999,0.05549310936606999,0.0,1,0.8273446467474209,0.8273446467474209,0.0,0.9718574435759239,0.41551817439503064
0,9646.52236366272,0.0,32.397409439086914,0.0,passthrough,passthrough,"HistGradientBoostingRegressor(early_stopping=True, max_iter=10000,
                              n_iter_no_change=100, random_state=42,
                              scoring='neg_root_mean_squared_error')",400,0.05,squared_error,32,3,0.5,511,800,FunctionTransformer(func=<function reshape at 0x7fdb1d1c0360>),passthrough,"{'first_scale': 'passthrough', 'frequency': 'passthrough', 'model': HistGradientBoostingRegressor(early_stopping=True, max_iter=10000,
                              n_iter_no_change=100, random_state=42,
                              scoring='neg_root_mean_squared_error'), 'model__l2_regularization': 400, 'model__learning_rate': 0.05, 'model__loss': 'squared_error', 'model__max_bins': 32, 'model__max_depth': 3, 'model__max_features': 0.5, 'model__max_leaf_nodes': 511, 'model__min_samples_leaf': 800, 'reshape': FunctionTransformer(func=<function reshape at 0x7fdb1d1c0360>), 'second_scale': 'passthrough'}",0.08140931639716764,0.08140931639716764,0.0,1,0.4547550611407103,0.4547550611407103,0.0,0.9584313661409628,0.7384070279048607
0,16298.223757266998,0.0,28.92841935157776,0.0,passthrough,passthrough,"HistGradientBoostingRegressor(early_stopping=True, max_iter=10000,
                              n_iter_no_change=100, random_state=42,
                              scoring='neg_root_mean_squared_error')",100,0.05,squared_error,32,6,1.0,127,200,FunctionTransformer(func=<function reshape at 0x7fdb1d1c0360>),passthrough,"{'first_scale': 'passthrough', 'frequency': 'passthrough', 'model': HistGradientBoostingRegressor(early_stopping=True, max_iter=10000,
                              n_iter_no_change=100, random_state=42,
                              scoring='neg_root_mean_squared_error'), 'model__l2_regularization': 100, 'model__learning_rate': 0.05, 'model__loss': 'squared_error', 'model__max_bins': 32, 'model__max_depth': 6, 'model__max_features': 1.0, 'model__max_leaf_nodes': 127, 'model__min_samples_leaf': 200, 'reshape': FunctionTransformer(func=<function reshape at 0x7fdb1d1c0360>), 'second_scale': 'passthrough'}",0.07785776098245722,0.07785776098245722,0.0,1,0.8510169567175135,0.8510169567175135,0.0,0.9602823746261007,0.38598321632227284
0,4825.820636510849,0.0,17.632872104644775,0.0,passthrough,passthrough,"HistGradientBoostingRegressor(early_stopping=True, max_iter=10000,
                              n_iter_no_change=100, random_state=42,
                              scoring='neg_root_mean_squared_error')",100,0.1,squared_error,32,3,0.5,127,800,FunctionTransformer(func=<function reshape at 0x7fdb1d1c0360>),passthrough,"{'first_scale': 'passthrough', 'frequency': 'passthrough', 'model': HistGradientBoostingRegressor(early_stopping=True, max_iter=10000,
                              n_iter_no_change=100, random_state=42,
                              scoring='neg_root_mean_squared_error'), 'model__l2_regularization': 100, 'model__learning_rate': 0.1, 'model__loss': 'squared_error', 'model__max_bins': 32, 'model__max_depth': 3, 'model__max_features': 0.5, 'model__max_leaf_nodes': 127, 'model__min_samples_leaf': 800, 'reshape': FunctionTransformer(func=<function reshape at 0x7fdb1d1c0360>), 'second_scale': 'passthrough'}",0.07383389553298048,0.07383389553298048,0.0,1,0.5030651209675987,0.5030651209675987,0.0,0.9623752409881603,0.7049360815225741
0,8327.95687675476,0.0,29.529425144195557,0.0,passthrough,passthrough,"HistGradientBoostingRegressor(early_stopping=True, max_iter=10000,
                              n_iter_no_change=100, random_state=42,
                              scoring='neg_root_mean_squared_error')",200,0.05,squared_error,32,3,0.2,511,800,FunctionTransformer(func=<function reshape at 0x7fdb1d1c0360>),passthrough,"{'first_scale': 'passthrough', 'frequency': 'passthrough', 'model': HistGradientBoostingRegressor(early_stopping=True, max_iter=10000,
                              n_iter_no_change=100, random_state=42,
                              scoring='neg_root_mean_squared_error'), 'model__l2_regularization': 200, 'model__learning_rate': 0.05, 'model__loss': 'squared_error', 'model__max_bins': 32, 'model__max_depth': 3, 'model__max_features': 0.2, 'model__max_leaf_nodes': 511, 'model__min_samples_leaf': 800, 'reshape': FunctionTransformer(func=<function reshape at 0x7fdb1d1c0360>), 'second_scale': 'passthrough'}",0.07967136600787728,0.07967136600787728,0.0,1,0.4818356074980169,0.4818356074980169,0.0,0.959337601677388,0.7198363650872212
0,11041.41649889946,0.0,22.451505661010742,0.0,passthrough,passthrough,"HistGradientBoostingRegressor(early_stopping=True, max_iter=10000,
                              n_iter_no_change=100, random_state=42,
                              scoring='neg_root_mean_squared_error')",400,0.1,squared_error,32,3,0.5,255,800,FunctionTransformer(func=<function reshape at 0x7fdb1d1c0360>),passthrough,"{'first_scale': 'passthrough', 'frequency': 'passthrough', 'model': HistGradientBoostingRegressor(early_stopping=True, max_iter=10000,
                              n_iter_no_change=100, random_state=42,
                              scoring='neg_root_mean_squared_error'), 'model__l2_regularization': 400, 'model__learning_rate': 0.1, 'model__loss': 'squared_error', 'model__max_bins': 32, 'model__max_depth': 3, 'model__max_features': 0.5, 'model__max_leaf_nodes': 255, 'model__min_samples_leaf': 800, 'reshape': FunctionTransformer(func=<function reshape at 0x7fdb1d1c0360>), 'second_scale': 'passthrough'}",0.06788627485492416,0.06788627485492416,0.0,1,0.5517370113926144,0.5517370113926144,0.0,0.9654603695362518,0.6695244495964173
0,17642.347237110138,0.0,27.50226092338562,0.0,passthrough,passthrough,"HistGradientBoostingRegressor(early_stopping=True, max_iter=10000,
                              n_iter_no_change=100, random_state=42,
                              scoring='neg_root_mean_squared_error')",100,0.1,squared_error,32,6,0.5,127,200,FunctionTransformer(func=<function reshape at 0x7fdb1d1c0360>),passthrough,"{'first_scale': 'passthrough', 'frequency': 'passthrough', 'model': HistGradientBoostingRegressor(early_stopping=True, max_iter=10000,
                              n_iter_no_change=100, random_state=42,
                              scoring='neg_root_mean_squared_error'), 'model__l2_regularization': 100, 'model__learning_rate': 0.1, 'model__loss': 'squared_error', 'model__max_bins': 32, 'model__max_depth': 6, 'model__max_features': 0.5, 'model__max_leaf_nodes': 127, 'model__min_samples_leaf': 200, 'reshape': FunctionTransformer(func=<function reshape at 0x7fdb1d1c0360>), 'second_scale': 'passthrough'}",0.06115463892452577,0.06115463892452577,0.0,1,0.8931046855814528,0.8931046855814528,0.0,0.9689403289550261,0.32694848893754985
0,8744.306556224823,0.0,24.205868005752563,0.0,passthrough,passthrough,"HistGradientBoostingRegressor(early_stopping=True, max_iter=10000,
                              n_iter_no_change=100, random_state=42,
                              scoring='neg_root_mean_squared_error')",400,0.05,squared_error,32,3,0.2,511,400,FunctionTransformer(func=<function reshape at 0x7fdb1d1c0360>),passthrough,"{'first_scale': 'passthrough', 'frequency': 'passthrough', 'model': HistGradientBoostingRegressor(early_stopping=True, max_iter=10000,
                              n_iter_no_change=100, random_state=42,
                              scoring='neg_root_mean_squared_error'), 'model__l2_regularization': 400, 'model__learning_rate': 0.05, 'model__loss': 'squared_error', 'model__max_bins': 32, 'model__max_depth': 3, 'model__max_features': 0.2, 'model__max_leaf_nodes': 511, 'model__min_samples_leaf': 400, 'reshape': FunctionTransformer(func=<function reshape at 0x7fdb1d1c0360>), 'second_scale': 'passthrough'}",0.08502482169571601,0.08502482169571601,0.0,1,0.39027380828350533,0.39027380828350533,0.0,0.9565433488892617,0.7808496601244664
0,15328.102040290833,0.0,42.11508822441101,0.0,passthrough,passthrough,"HistGradientBoostingRegressor(early_stopping=True, max_iter=10000,
                              n_iter_no_change=100, random_state=42,
                              scoring='neg_root_mean_squared_error')",200,0.05,squared_error,32,6,0.2,127,800,FunctionTransformer(func=<function reshape at 0x7fdb1d1c0360>),passthrough,"{'first_scale': 'passthrough', 'frequency': 'passthrough', 'model': HistGradientBoostingRegressor(early_stopping=True, max_iter=10000,
                              n_iter_no_change=100, random_state=42,
                              scoring='neg_root_mean_squared_error'), 'model__l2_regularization': 200, 'model__learning_rate': 0.05, 'model__loss': 'squared_error', 'model__max_bins': 32, 'model__max_depth': 6, 'model__max_features': 0.2, 'model__max_leaf_nodes': 127, 'model__min_samples_leaf': 800, 'reshape': FunctionTransformer(func=<function reshape at 0x7fdb1d1c0360>), 'second_scale': 'passthrough'}",0.07210555029957333,0.07210555029957333,0.0,1,0.8613661474340915,0.8613661474340915,0.0,0.9632727805250321,0.37233567189554717
0,12520.672286510468,0.0,19.99268651008606,0.0,passthrough,passthrough,"HistGradientBoostingRegressor(early_stopping=True, max_iter=10000,
                              n_iter_no_change=100, random_state=42,
                              scoring='neg_root_mean_squared_error')",50,0.1,squared_error,32,6,0.2,511,400,FunctionTransformer(func=<function reshape at 0x7fdb1d1c0360>),passthrough,"{'first_scale': 'passthrough', 'frequency': 'passthrough', 'model': HistGradientBoostingRegressor(early_stopping=True, max_iter=10000,
                              n_iter_no_change=100, random_state=42,
                              scoring='neg_root_mean_squared_error'), 'model__l2_regularization': 50, 'model__learning_rate': 0.1, 'model__loss': 'squared_error', 'model__max_bins': 32, 'model__max_depth': 6, 'model__max_features': 0.2, 'model__max_leaf_nodes': 511, 'model__min_samples_leaf': 400, 'reshape': FunctionTransformer(func=<function reshape at 0x7fdb1d1c0360>), 'second_scale': 'passthrough'}",0.05428243224049356,0.05428243224049356,0.0,1,0.8673343141289378,0.8673343141289378,0.0,0.9724801117552515,0.364233010408258
0,11793.434434890747,0.0,27.732348680496216,0.0,passthrough,passthrough,"HistGradientBoostingRegressor(early_stopping=True, max_iter=10000,
                              n_iter_no_change=100, random_state=42,
                              scoring='neg_root_mean_squared_error')",400,0.1,squared_error,32,6,1.0,127,400,FunctionTransformer(func=<function reshape at 0x7fdb1d1c0360>),passthrough,"{'first_scale': 'passthrough', 'frequency': 'passthrough', 'model': HistGradientBoostingRegressor(early_stopping=True, max_iter=10000,
                              n_iter_no_change=100, random_state=42,
                              scoring='neg_root_mean_squared_error'), 'model__l2_regularization': 400, 'model__learning_rate': 0.1, 'model__loss': 'squared_error', 'model__max_bins': 32, 'model__max_depth': 6, 'model__max_features': 1.0, 'model__max_leaf_nodes': 127, 'model__min_samples_leaf': 400, 'reshape': FunctionTransformer(func=<function reshape at 0x7fdb1d1c0360>), 'second_scale': 'passthrough'}",0.059762602436873036,0.059762602436873036,0.0,1,0.8817211354739021,0.8817211354739021,0.0,0.969658392199607,0.3439169442265064
0,14913.607610464096,0.0,46.259132385253906,0.0,passthrough,passthrough,"HistGradientBoostingRegressor(early_stopping=True, max_iter=10000,
                              n_iter_no_change=100, random_state=42,
                              scoring='neg_root_mean_squared_error')",200,0.02,squared_error,32,3,0.5,127,800,FunctionTransformer(func=<function reshape at 0x7fdb1d1c0360>),passthrough,"{'first_scale': 'passthrough', 'frequency': 'passthrough', 'model': HistGradientBoostingRegressor(early_stopping=True, max_iter=10000,
                              n_iter_no_change=100, random_state=42,
                              scoring='neg_root_mean_squared_error'), 'model__l2_regularization': 200, 'model__learning_rate': 0.02, 'model__loss': 'squared_error', 'model__max_bins': 32, 'model__max_depth': 3, 'model__max_features': 0.5, 'model__max_leaf_nodes': 127, 'model__min_samples_leaf': 800, 'reshape': FunctionTransformer(func=<function reshape at 0x7fdb1d1c0360>), 'second_scale': 'passthrough'}",0.0849111946817005,0.0849111946817005,0.0,1,0.4469478288322538,0.4469478288322538,0.0,0.9566027416426839,0.7436747751320776
0,7813.995151996613,0.0,17.907652616500854,0.0,passthrough,passthrough,"HistGradientBoostingRegressor(early_stopping=True, max_iter=10000,
                              n_iter_no_change=100, random_state=42,
                              scoring='neg_root_mean_squared_error')",50,0.1,squared_error,32,6,0.2,127,800,FunctionTransformer(func=<function reshape at 0x7fdb1d1c0360>),passthrough,"{'first_scale': 'passthrough', 'frequency': 'passthrough', 'model': HistGradientBoostingRegressor(early_stopping=True, max_iter=10000,
                              n_iter_no_change=100, random_state=42,
                              scoring='neg_root_mean_squared_error'), 'model__l2_regularization': 50, 'model__learning_rate': 0.1, 'model__loss': 'squared_error', 'model__max_bins': 32, 'model__max_depth': 6, 'model__max_features': 0.2, 'model__max_leaf_nodes': 127, 'model__min_samples_leaf': 800, 'reshape': FunctionTransformer(func=<function reshape at 0x7fdb1d1c0360>), 'second_scale': 'passthrough'}",0.05973357620508957,0.05973357620508957,0.0,1,0.7570403639974991,0.7570403639974991,0.0,0.9696733593303006,0.4929093588100158
0,29233.09490418434,0.0,104.38750672340393,0.0,passthrough,passthrough,"HistGradientBoostingRegressor(early_stopping=True, max_iter=10000,
                              n_iter_no_change=100, random_state=42,
                              scoring='neg_root_mean_squared_error')",200,0.01,squared_error,63,6,0.5,255,3200,FunctionTransformer(func=<function reshape at 0x7fdb1d1c0360>),passthrough,"{'first_scale': 'passthrough', 'frequency': 'passthrough', 'model': HistGradientBoostingRegressor(early_stopping=True, max_iter=10000,
                              n_iter_no_change=100, random_state=42,
                              scoring='neg_root_mean_squared_error'), 'model__l2_regularization': 200, 'model__learning_rate': 0.01, 'model__loss': 'squared_error', 'model__max_bins': 63, 'model__max_depth': 6, 'model__max_features': 0.5, 'model__max_leaf_nodes': 255, 'model__min_samples_leaf': 3200, 'reshape': FunctionTransformer(func=<function reshape at 0x7fdb1d1c0360>), 'second_scale': 'passthrough'}",0.09068076121248703,0.09068076121248703,0.0,1,0.43008525029032996,0.43008525029032996,0.0,0.9535823188312129,0.7549269830319155
0,31060.617913484573,0.0,91.99560451507568,0.0,passthrough,passthrough,"HistGradientBoostingRegressor(early_stopping=True, max_iter=10000,
                              n_iter_no_change=100, random_state=42,
                              scoring='neg_root_mean_squared_error')",100,0.0025,squared_error,63,6,1.0,127,3200,FunctionTransformer(func=<function reshape at 0x7fdb1d1c0360>),passthrough,"{'first_scale': 'passthrough', 'frequency': 'passthrough', 'model': HistGradientBoostingRegressor(early_stopping=True, max_iter=10000,
                              n_iter_no_change=100, random_state=42,
                              scoring='neg_root_mean_squared_error'), 'model__l2_regularization': 100, 'model__learning_rate': 0.0025, 'model__loss': 'squared_error', 'model__max_bins': 63, 'model__max_depth': 6, 'model__max_features': 1.0, 'model__max_leaf_nodes': 127, 'model__min_samples_leaf': 3200, 'reshape': FunctionTransformer(func=<function reshape at 0x7fdb1d1c0360>), 'second_scale': 'passthrough'}",0.08759181010201644,0.08759181010201644,0.0,1,0.23187196986590264,0.23187196986590264,0.0,0.955200601914584,0.876429135831356
0,17913.517718315125,0.0,54.55528903007507,0.0,passthrough,passthrough,"HistGradientBoostingRegressor(early_stopping=True, max_iter=10000,
                              n_iter_no_change=100, random_state=42,
                              scoring='neg_root_mean_squared_error')",200,0.02,squared_error,32,3,0.5,255,200,FunctionTransformer(func=<function reshape at 0x7fdb1d1c0360>),passthrough,"{'first_scale': 'passthrough', 'frequency': 'passthrough', 'model': HistGradientBoostingRegressor(early_stopping=True, max_iter=10000,
                              n_iter_no_change=100, random_state=42,
                              scoring='neg_root_mean_squared_error'), 'model__l2_regularization': 200, 'model__learning_rate': 0.02, 'model__loss': 'squared_error', 'model__max_bins': 32, 'model__max_depth': 3, 'model__max_features': 0.5, 'model__max_leaf_nodes': 255, 'model__min_samples_leaf': 200, 'reshape': FunctionTransformer(func=<function reshape at 0x7fdb1d1c0360>), 'second_scale': 'passthrough'}",0.08591178494767326,0.08591178494767326,0.0,1,0.4287291143766785,0.4287291143766785,0.0,0.9560796070685362,0.7558246394656114
0,5810.927153348923,0.0,19.029991149902344,0.0,passthrough,passthrough,"HistGradientBoostingRegressor(early_stopping=True, max_iter=10000,
                              n_iter_no_change=100, random_state=42,
                              scoring='neg_root_mean_squared_error')",200,0.1,squared_error,32,6,1.0,127,400,FunctionTransformer(func=<function reshape at 0x7fdb1d1c0360>),passthrough,"{'first_scale': 'passthrough', 'frequency': 'passthrough', 'model': HistGradientBoostingRegressor(early_stopping=True, max_iter=10000,
                              n_iter_no_change=100, random_state=42,
                              scoring='neg_root_mean_squared_error'), 'model__l2_regularization': 200, 'model__learning_rate': 0.1, 'model__loss': 'squared_error', 'model__max_bins': 32, 'model__max_depth': 6, 'model__max_features': 1.0, 'model__max_leaf_nodes': 127, 'model__min_samples_leaf': 400, 'reshape': FunctionTransformer(func=<function reshape at 0x7fdb1d1c0360>), 'second_scale': 'passthrough'}",0.05919350815555258,0.05919350815555258,0.0,1,0.845989639656375,0.845989639656375,0.0,0.9699517987222084,0.3924415374850438
0,9863.795706510544,0.0,32.67336654663086,0.0,passthrough,passthrough,"HistGradientBoostingRegressor(early_stopping=True, max_iter=10000,
                              n_iter_no_change=100, random_state=42,
                              scoring='neg_root_mean_squared_error')",400,0.05,squared_error,32,3,0.5,255,800,FunctionTransformer(func=<function reshape at 0x7fdb1d1c0360>),passthrough,"{'first_scale': 'passthrough', 'frequency': 'passthrough', 'model': HistGradientBoostingRegressor(early_stopping=True, max_iter=10000,
                              n_iter_no_change=100, random_state=42,
                              scoring='neg_root_mean_squared_error'), 'model__l2_regularization': 400, 'model__learning_rate': 0.05, 'model__loss': 'squared_error', 'model__max_bins': 32, 'model__max_depth': 3, 'model__max_features': 0.5, 'model__max_leaf_nodes': 255, 'model__min_samples_leaf': 800, 'reshape': FunctionTransformer(func=<function reshape at 0x7fdb1d1c0360>), 'second_scale': 'passthrough'}",0.08140931639716764,0.08140931639716764,0.0,1,0.4547550611407103,0.4547550611407103,0.0,0.9584313661409628,0.7384070279048607
0,14885.994769096375,0.0,50.59703850746155,0.0,passthrough,passthrough,"HistGradientBoostingRegressor(early_stopping=True, max_iter=10000,
                              n_iter_no_change=100, random_state=42,
                              scoring='neg_root_mean_squared_error')",200,0.02,squared_error,32,3,0.5,255,400,FunctionTransformer(func=<function reshape at 0x7fdb1d1c0360>),passthrough,"{'first_scale': 'passthrough', 'frequency': 'passthrough', 'model': HistGradientBoostingRegressor(early_stopping=True, max_iter=10000,
                              n_iter_no_change=100, random_state=42,
                              scoring='neg_root_mean_squared_error'), 'model__l2_regularization': 200, 'model__learning_rate': 0.02, 'model__loss': 'squared_error', 'model__max_bins': 32, 'model__max_depth': 3, 'model__max_features': 0.5, 'model__max_leaf_nodes': 255, 'model__min_samples_leaf': 400, 'reshape': FunctionTransformer(func=<function reshape at 0x7fdb1d1c0360>), 'second_scale': 'passthrough'}",0.08378604343749319,0.08378604343749319,0.0,1,0.4508091864769619,0.4508091864769619,0.0,0.9571906584179073,0.741074094489234
0,13596.88195347786,0.0,37.93869996070862,0.0,passthrough,passthrough,"HistGradientBoostingRegressor(early_stopping=True, max_iter=10000,
                              n_iter_no_change=100, random_state=42,
                              scoring='neg_root_mean_squared_error')",50,0.02,squared_error,32,3,1.0,255,200,FunctionTransformer(func=<function reshape at 0x7fdb1d1c0360>),passthrough,"{'first_scale': 'passthrough', 'frequency': 'passthrough', 'model': HistGradientBoostingRegressor(early_stopping=True, max_iter=10000,
                              n_iter_no_change=100, random_state=42,
                              scoring='neg_root_mean_squared_error'), 'model__l2_regularization': 50, 'model__learning_rate': 0.02, 'model__loss': 'squared_error', 'model__max_bins': 32, 'model__max_depth': 3, 'model__max_features': 1.0, 'model__max_leaf_nodes': 255, 'model__min_samples_leaf': 200, 'reshape': FunctionTransformer(func=<function reshape at 0x7fdb1d1c0360>), 'second_scale': 'passthrough'}",0.08307371767900673,0.08307371767900673,0.0,1,0.4417399123641057,0.4417399123641057,0.0,0.9575626780117286,0.747168045111603
0,33685.45619678497,0.0,64.96684169769287,0.0,passthrough,passthrough,"HistGradientBoostingRegressor(early_stopping=True, max_iter=10000,
                              n_iter_no_change=100, random_state=42,
                              scoring='neg_root_mean_squared_error')",400,0.05,squared_error,32,6,0.2,127,200,FunctionTransformer(func=<function reshape at 0x7fdb1d1c0360>),passthrough,"{'first_scale': 'passthrough', 'frequency': 'passthrough', 'model': HistGradientBoostingRegressor(early_stopping=True, max_iter=10000,
                              n_iter_no_change=100, random_state=42,
                              scoring='neg_root_mean_squared_error'), 'model__l2_regularization': 400, 'model__learning_rate': 0.05, 'model__loss': 'squared_error', 'model__max_bins': 32, 'model__max_depth': 6, 'model__max_features': 0.2, 'model__max_leaf_nodes': 127, 'model__min_samples_leaf': 200, 'reshape': FunctionTransformer(func=<function reshape at 0x7fdb1d1c0360>), 'second_scale': 'passthrough'}",0.07868118772286326,0.07868118772286326,0.0,1,0.9020112762063492,0.9020112762063492,0.0,0.9598535368883822,0.31303150607191405
0,21391.54485964775,0.0,49.978779554367065,0.0,passthrough,passthrough,"HistGradientBoostingRegressor(early_stopping=True, max_iter=10000,
                              n_iter_no_change=100, random_state=42,
                              scoring='neg_root_mean_squared_error')",400,0.05,squared_error,32,6,0.2,127,400,FunctionTransformer(func=<function reshape at 0x7fdb1d1c0360>),passthrough,"{'first_scale': 'passthrough', 'frequency': 'passthrough', 'model': HistGradientBoostingRegressor(early_stopping=True, max_iter=10000,
                              n_iter_no_change=100, random_state=42,
                              scoring='neg_root_mean_squared_error'), 'model__l2_regularization': 400, 'model__learning_rate': 0.05, 'model__loss': 'squared_error', 'model__max_bins': 32, 'model__max_depth': 6, 'model__max_features': 0.2, 'model__max_leaf_nodes': 127, 'model__min_samples_leaf': 400, 'reshape': FunctionTransformer(func=<function reshape at 0x7fdb1d1c0360>), 'second_scale': 'passthrough'}",0.07884414056594402,0.07884414056594402,0.0,1,0.858076239684292,0.858076239684292,0.0,0.9597686489118386,0.3767277004889712
0,6753.371311664581,0.0,22.378607273101807,0.0,passthrough,passthrough,"HistGradientBoostingRegressor(early_stopping=True, max_iter=10000,
                              n_iter_no_change=100, random_state=42,
                              scoring='neg_root_mean_squared_error')",200,0.05,squared_error,32,3,0.2,511,200,FunctionTransformer(func=<function reshape at 0x7fdb1d1c0360>),passthrough,"{'first_scale': 'passthrough', 'frequency': 'passthrough', 'model': HistGradientBoostingRegressor(early_stopping=True, max_iter=10000,
                              n_iter_no_change=100, random_state=42,
                              scoring='neg_root_mean_squared_error'), 'model__l2_regularization': 200, 'model__learning_rate': 0.05, 'model__loss': 'squared_error', 'model__max_bins': 32, 'model__max_depth': 3, 'model__max_features': 0.2, 'model__max_leaf_nodes': 511, 'model__min_samples_leaf': 200, 'reshape': FunctionTransformer(func=<function reshape at 0x7fdb1d1c0360>), 'second_scale': 'passthrough'}",0.08170437186035495,0.08170437186035495,0.0,1,0.44343920433672623,0.44343920433672623,0.0,0.9582774275436342,0.746030023298844
0,17083.49999666214,0.0,39.0596284866333,0.0,passthrough,passthrough,"HistGradientBoostingRegressor(early_stopping=True, max_iter=10000,
                              n_iter_no_change=100, random_state=42,
                              scoring='neg_root_mean_squared_error')",50,0.05,squared_error,32,6,0.5,511,800,FunctionTransformer(func=<function reshape at 0x7fdb1d1c0360>),passthrough,"{'first_scale': 'passthrough', 'frequency': 'passthrough', 'model': HistGradientBoostingRegressor(early_stopping=True, max_iter=10000,
                              n_iter_no_change=100, random_state=42,
                              scoring='neg_root_mean_squared_error'), 'model__l2_regularization': 50, 'model__learning_rate': 0.05, 'model__loss': 'squared_error', 'model__max_bins': 32, 'model__max_depth': 6, 'model__max_features': 0.5, 'model__max_leaf_nodes': 511, 'model__min_samples_leaf': 800, 'reshape': FunctionTransformer(func=<function reshape at 0x7fdb1d1c0360>), 'second_scale': 'passthrough'}",0.07929557494896367,0.07929557494896367,0.0,1,0.8195442625625595,0.8195442625625595,0.0,0.959533441340653,0.42480082090014903
0,4115.265003442764,0.0,14.021061897277832,0.0,passthrough,passthrough,"HistGradientBoostingRegressor(early_stopping=True, max_iter=10000,
                              n_iter_no_change=100, random_state=42,
                              scoring='neg_root_mean_squared_error')",100,0.1,squared_error,32,3,0.5,511,400,FunctionTransformer(func=<function reshape at 0x7fdb1d1c0360>),passthrough,"{'first_scale': 'passthrough', 'frequency': 'passthrough', 'model': HistGradientBoostingRegressor(early_stopping=True, max_iter=10000,
                              n_iter_no_change=100, random_state=42,
                              scoring='neg_root_mean_squared_error'), 'model__l2_regularization': 100, 'model__learning_rate': 0.1, 'model__loss': 'squared_error', 'model__max_bins': 32, 'model__max_depth': 3, 'model__max_features': 0.5, 'model__max_leaf_nodes': 511, 'model__min_samples_leaf': 400, 'reshape': FunctionTransformer(func=<function reshape at 0x7fdb1d1c0360>), 'second_scale': 'passthrough'}",0.073365416143931,0.073365416143931,0.0,1,0.46967963354710784,0.46967963354710784,0.0,0.9626186076822268,0.7282309842714001
0,29859.413597106934,0.0,104.82855820655823,0.0,passthrough,passthrough,"HistGradientBoostingRegressor(early_stopping=True, max_iter=10000,
                              n_iter_no_change=100, random_state=42,
                              scoring='neg_root_mean_squared_error')",400,0.01,squared_error,63,6,0.5,255,3200,FunctionTransformer(func=<function reshape at 0x7fdb1d1c0360>),passthrough,"{'first_scale': 'passthrough', 'frequency': 'passthrough', 'model': HistGradientBoostingRegressor(early_stopping=True, max_iter=10000,
                              n_iter_no_change=100, random_state=42,
                              scoring='neg_root_mean_squared_error'), 'model__l2_regularization': 400, 'model__learning_rate': 0.01, 'model__loss': 'squared_error', 'model__max_bins': 63, 'model__max_depth': 6, 'model__max_features': 0.5, 'model__max_leaf_nodes': 255, 'model__min_samples_leaf': 3200, 'reshape': FunctionTransformer(func=<function reshape at 0x7fdb1d1c0360>), 'second_scale': 'passthrough'}",0.09026275997373134,0.09026275997373134,0.0,1,0.42650053298232027,0.42650053298232027,0.0,0.9538014678255998,0.7572974759086945
0,27959.803804159164,0.0,80.51370120048523,0.0,passthrough,passthrough,"HistGradientBoostingRegressor(early_stopping=True, max_iter=10000,
                              n_iter_no_change=100, random_state=42,
                              scoring='neg_root_mean_squared_error')",400,0.01,squared_error,63,None,0.5,127,6400,FunctionTransformer(func=<function reshape at 0x7fdb1d1c0360>),passthrough,"{'first_scale': 'passthrough', 'frequency': 'passthrough', 'model': HistGradientBoostingRegressor(early_stopping=True, max_iter=10000,
                              n_iter_no_change=100, random_state=42,
                              scoring='neg_root_mean_squared_error'), 'model__l2_regularization': 400, 'model__learning_rate': 0.01, 'model__loss': 'squared_error', 'model__max_bins': 63, 'model__max_depth': None, 'model__max_features': 0.5, 'model__max_leaf_nodes': 127, 'model__min_samples_leaf': 6400, 'reshape': FunctionTransformer(func=<function reshape at 0x7fdb1d1c0360>), 'second_scale': 'passthrough'}",0.08773877943689268,0.08773877943689268,0.0,1,0.3239599352457928,0.3239599352457928,0.0,0.9551236676803205,0.8222165558745501
0,7772.054717063904,0.0,23.910245895385742,0.0,passthrough,passthrough,"HistGradientBoostingRegressor(early_stopping=True, max_iter=10000,
                              n_iter_no_change=100, random_state=42,
                              scoring='neg_root_mean_squared_error')",200,0.05,squared_error,32,3,0.5,511,800,FunctionTransformer(func=<function reshape at 0x7fdb1d1c0360>),passthrough,"{'first_scale': 'passthrough', 'frequency': 'passthrough', 'model': HistGradientBoostingRegressor(early_stopping=True, max_iter=10000,
                              n_iter_no_change=100, random_state=42,
                              scoring='neg_root_mean_squared_error'), 'model__l2_regularization': 200, 'model__learning_rate': 0.05, 'model__loss': 'squared_error', 'model__max_bins': 32, 'model__max_depth': 3, 'model__max_features': 0.5, 'model__max_leaf_nodes': 511, 'model__min_samples_leaf': 800, 'reshape': FunctionTransformer(func=<function reshape at 0x7fdb1d1c0360>), 'second_scale': 'passthrough'}",0.07925632932749804,0.07925632932749804,0.0,1,0.5051920846371722,0.5051920846371722,0.0,0.9595538914894264,0.703425842120424
0,27975.39984679222,0.0,78.83575105667114,0.0,passthrough,passthrough,"HistGradientBoostingRegressor(early_stopping=True, max_iter=10000,
                              n_iter_no_change=100, random_state=42,
                              scoring='neg_root_mean_squared_error')",400,0.005,squared_error,63,None,0.5,255,6400,FunctionTransformer(func=<function reshape at 0x7fdb1d1c0360>),passthrough,"{'first_scale': 'passthrough', 'frequency': 'passthrough', 'model': HistGradientBoostingRegressor(early_stopping=True, max_iter=10000,
                              n_iter_no_change=100, random_state=42,
                              scoring='neg_root_mean_squared_error'), 'model__l2_regularization': 400, 'model__learning_rate': 0.005, 'model__loss': 'squared_error', 'model__max_bins': 63, 'model__max_depth': None, 'model__max_features': 0.5, 'model__max_leaf_nodes': 255, 'model__min_samples_leaf': 6400, 'reshape': FunctionTransformer(func=<function reshape at 0x7fdb1d1c0360>), 'second_scale': 'passthrough'}",0.08659311059323582,0.08659311059323582,0.0,1,0.2340971293507189,0.2340971293507189,0.0,0.9557232284541191,0.8751587688238524
0,5688.18967795372,0.0,13.307917356491089,0.0,passthrough,passthrough,"HistGradientBoostingRegressor(early_stopping=True, max_iter=10000,
                              n_iter_no_change=100, random_state=42,
                              scoring='neg_root_mean_squared_error')",50,0.1,squared_error,32,3,0.5,255,400,FunctionTransformer(func=<function reshape at 0x7fdb1d1c0360>),passthrough,"{'first_scale': 'passthrough', 'frequency': 'passthrough', 'model': HistGradientBoostingRegressor(early_stopping=True, max_iter=10000,
                              n_iter_no_change=100, random_state=42,
                              scoring='neg_root_mean_squared_error'), 'model__l2_regularization': 50, 'model__learning_rate': 0.1, 'model__loss': 'squared_error', 'model__max_bins': 32, 'model__max_depth': 3, 'model__max_features': 0.5, 'model__max_leaf_nodes': 255, 'model__min_samples_leaf': 400, 'reshape': FunctionTransformer(func=<function reshape at 0x7fdb1d1c0360>), 'second_scale': 'passthrough'}",0.07008187183770542,0.07008187183770542,0.0,1,0.47046738274935274,0.47046738274935274,0.0,0.9643226265945929,0.7276899183379191
0,14530.164594650269,0.0,47.029419898986816,0.0,passthrough,passthrough,"HistGradientBoostingRegressor(early_stopping=True, max_iter=10000,
                              n_iter_no_change=100, random_state=42,
                              scoring='neg_root_mean_squared_error')",200,0.02,squared_error,32,3,0.5,127,400,FunctionTransformer(func=<function reshape at 0x7fdb1d1c0360>),passthrough,"{'first_scale': 'passthrough', 'frequency': 'passthrough', 'model': HistGradientBoostingRegressor(early_stopping=True, max_iter=10000,
                              n_iter_no_change=100, random_state=42,
                              scoring='neg_root_mean_squared_error'), 'model__l2_regularization': 200, 'model__learning_rate': 0.02, 'model__loss': 'squared_error', 'model__max_bins': 32, 'model__max_depth': 3, 'model__max_features': 0.5, 'model__max_leaf_nodes': 127, 'model__min_samples_leaf': 400, 'reshape': FunctionTransformer(func=<function reshape at 0x7fdb1d1c0360>), 'second_scale': 'passthrough'}",0.08378604343749319,0.08378604343749319,0.0,1,0.4508091864769619,0.4508091864769619,0.0,0.9571906584179073,0.741074094489234
0,18468.083521842957,0.0,42.68608832359314,0.0,passthrough,passthrough,"HistGradientBoostingRegressor(early_stopping=True, max_iter=10000,
                              n_iter_no_change=100, random_state=42,
                              scoring='neg_root_mean_squared_error')",200,0.02,squared_error,32,3,0.2,255,400,FunctionTransformer(func=<function reshape at 0x7fdb1d1c0360>),passthrough,"{'first_scale': 'passthrough', 'frequency': 'passthrough', 'model': HistGradientBoostingRegressor(early_stopping=True, max_iter=10000,
                              n_iter_no_change=100, random_state=42,
                              scoring='neg_root_mean_squared_error'), 'model__l2_regularization': 200, 'model__learning_rate': 0.02, 'model__loss': 'squared_error', 'model__max_bins': 32, 'model__max_depth': 3, 'model__max_features': 0.2, 'model__max_leaf_nodes': 255, 'model__min_samples_leaf': 400, 'reshape': FunctionTransformer(func=<function reshape at 0x7fdb1d1c0360>), 'second_scale': 'passthrough'}",0.08996132730257944,0.08996132730257944,0.0,1,0.3467269049418741,0.3467269049418741,0.0,0.9539594712027448,0.8082531132375093
0,21054.15308856964,0.0,46.226460218429565,0.0,passthrough,passthrough,"HistGradientBoostingRegressor(early_stopping=True, max_iter=10000,
                              n_iter_no_change=100, random_state=42,
                              scoring='neg_root_mean_squared_error')",400,0.05,squared_error,32,6,1.0,127,200,FunctionTransformer(func=<function reshape at 0x7fdb1d1c0360>),passthrough,"{'first_scale': 'passthrough', 'frequency': 'passthrough', 'model': HistGradientBoostingRegressor(early_stopping=True, max_iter=10000,
                              n_iter_no_change=100, random_state=42,
                              scoring='neg_root_mean_squared_error'), 'model__l2_regularization': 400, 'model__learning_rate': 0.05, 'model__loss': 'squared_error', 'model__max_bins': 32, 'model__max_depth': 6, 'model__max_features': 1.0, 'model__max_leaf_nodes': 127, 'model__min_samples_leaf': 200, 'reshape': FunctionTransformer(func=<function reshape at 0x7fdb1d1c0360>), 'second_scale': 'passthrough'}",0.0807964082192838,0.0807964082192838,0.0,1,0.8787870424497829,0.8787870424497829,0.0,0.958751058294444,0.3481565130084702
0,29057.366740942,0.0,72.15781950950623,0.0,passthrough,passthrough,"HistGradientBoostingRegressor(early_stopping=True, max_iter=10000,
                              n_iter_no_change=100, random_state=42,
                              scoring='neg_root_mean_squared_error')",50,0.05,squared_error,32,6,0.2,255,800,FunctionTransformer(func=<function reshape at 0x7fdb1d1c0360>),passthrough,"{'first_scale': 'passthrough', 'frequency': 'passthrough', 'model': HistGradientBoostingRegressor(early_stopping=True, max_iter=10000,
                              n_iter_no_change=100, random_state=42,
                              scoring='neg_root_mean_squared_error'), 'model__l2_regularization': 50, 'model__learning_rate': 0.05, 'model__loss': 'squared_error', 'model__max_bins': 32, 'model__max_depth': 6, 'model__max_features': 0.2, 'model__max_leaf_nodes': 255, 'model__min_samples_leaf': 800, 'reshape': FunctionTransformer(func=<function reshape at 0x7fdb1d1c0360>), 'second_scale': 'passthrough'}",0.0706775434064848,0.0706775434064848,0.0,1,0.8812189434076991,0.8812189434076991,0.0,0.9640137222018758,0.34464627749665433
0,13622.074802160263,0.0,43.78265023231506,0.0,passthrough,passthrough,"HistGradientBoostingRegressor(early_stopping=True, max_iter=10000,
                              n_iter_no_change=100, random_state=42,
                              scoring='neg_root_mean_squared_error')",400,0.02,squared_error,32,3,1.0,127,200,FunctionTransformer(func=<function reshape at 0x7fdb1d1c0360>),passthrough,"{'first_scale': 'passthrough', 'frequency': 'passthrough', 'model': HistGradientBoostingRegressor(early_stopping=True, max_iter=10000,
                              n_iter_no_change=100, random_state=42,
                              scoring='neg_root_mean_squared_error'), 'model__l2_regularization': 400, 'model__learning_rate': 0.02, 'model__loss': 'squared_error', 'model__max_bins': 32, 'model__max_depth': 3, 'model__max_features': 1.0, 'model__max_leaf_nodes': 127, 'model__min_samples_leaf': 200, 'reshape': FunctionTransformer(func=<function reshape at 0x7fdb1d1c0360>), 'second_scale': 'passthrough'}",0.08387024145536981,0.08387024145536981,0.0,1,0.4266259755642411,0.4266259755642411,0.0,0.9571466755647382,0.7572146488518027
0,28722.923105716705,0.0,55.84444451332092,0.0,passthrough,passthrough,"HistGradientBoostingRegressor(early_stopping=True, max_iter=10000,
                              n_iter_no_change=100, random_state=42,
                              scoring='neg_root_mean_squared_error')",100,0.05,squared_error,32,6,0.5,511,200,FunctionTransformer(func=<function reshape at 0x7fdb1d1c0360>),passthrough,"{'first_scale': 'passthrough', 'frequency': 'passthrough', 'model': HistGradientBoostingRegressor(early_stopping=True, max_iter=10000,
                              n_iter_no_change=100, random_state=42,
                              scoring='neg_root_mean_squared_error'), 'model__l2_regularization': 100, 'model__learning_rate': 0.05, 'model__loss': 'squared_error', 'model__max_bins': 32, 'model__max_depth': 6, 'model__max_features': 0.5, 'model__max_leaf_nodes': 511, 'model__min_samples_leaf': 200, 'reshape': FunctionTransformer(func=<function reshape at 0x7fdb1d1c0360>), 'second_scale': 'passthrough'}",0.07604898587759423,0.07604898587759423,0.0,1,0.900642317275541,0.900642317275541,0.0,0.9612237065961314,0.31521053714058955
0,24869.39985537529,0.0,52.61801791191101,0.0,passthrough,passthrough,"HistGradientBoostingRegressor(early_stopping=True, max_iter=10000,
                              n_iter_no_change=100, random_state=42,
                              scoring='neg_root_mean_squared_error')",100,0.05,squared_error,32,6,1.0,255,800,FunctionTransformer(func=<function reshape at 0x7fdb1d1c0360>),passthrough,"{'first_scale': 'passthrough', 'frequency': 'passthrough', 'model': HistGradientBoostingRegressor(early_stopping=True, max_iter=10000,
                              n_iter_no_change=100, random_state=42,
                              scoring='neg_root_mean_squared_error'), 'model__l2_regularization': 100, 'model__learning_rate': 0.05, 'model__loss': 'squared_error', 'model__max_bins': 32, 'model__max_depth': 6, 'model__max_features': 1.0, 'model__max_leaf_nodes': 255, 'model__min_samples_leaf': 800, 'reshape': FunctionTransformer(func=<function reshape at 0x7fdb1d1c0360>), 'second_scale': 'passthrough'}",0.07429964429447378,0.07429964429447378,0.0,1,0.8601911792184429,0.8601911792184429,0.0,0.9621332317852482,0.37391017742441446
0,31281.4595618248,0.0,103.16036081314087,0.0,passthrough,passthrough,"HistGradientBoostingRegressor(early_stopping=True, max_iter=10000,
                              n_iter_no_change=100, random_state=42,
                              scoring='neg_root_mean_squared_error')",200,0.02,squared_error,32,6,0.2,511,800,FunctionTransformer(func=<function reshape at 0x7fdb1d1c0360>),passthrough,"{'first_scale': 'passthrough', 'frequency': 'passthrough', 'model': HistGradientBoostingRegressor(early_stopping=True, max_iter=10000,
                              n_iter_no_change=100, random_state=42,
                              scoring='neg_root_mean_squared_error'), 'model__l2_regularization': 200, 'model__learning_rate': 0.02, 'model__loss': 'squared_error', 'model__max_bins': 32, 'model__max_depth': 6, 'model__max_features': 0.2, 'model__max_leaf_nodes': 511, 'model__min_samples_leaf': 800, 'reshape': FunctionTransformer(func=<function reshape at 0x7fdb1d1c0360>), 'second_scale': 'passthrough'}",0.08652128329920994,0.08652128329920994,0.0,1,0.8288136438293457,0.8288136438293457,0.0,0.9557608051708283,0.41374672949843877
0,3834.162391424179,0.0,9.927538394927979,0.0,passthrough,passthrough,"HistGradientBoostingRegressor(early_stopping=True, max_iter=10000,
                              n_iter_no_change=100, random_state=42,
                              scoring='neg_root_mean_squared_error')",50,0.1,squared_error,32,3,0.5,127,800,FunctionTransformer(func=<function reshape at 0x7fdb1d1c0360>),passthrough,"{'first_scale': 'passthrough', 'frequency': 'passthrough', 'model': HistGradientBoostingRegressor(early_stopping=True, max_iter=10000,
                              n_iter_no_change=100, random_state=42,
                              scoring='neg_root_mean_squared_error'), 'model__l2_regularization': 50, 'model__learning_rate': 0.1, 'model__loss': 'squared_error', 'model__max_bins': 32, 'model__max_depth': 3, 'model__max_features': 0.5, 'model__max_leaf_nodes': 127, 'model__min_samples_leaf': 800, 'reshape': FunctionTransformer(func=<function reshape at 0x7fdb1d1c0360>), 'second_scale': 'passthrough'}",0.07881738726662668,0.07881738726662668,0.0,1,0.39156694346475207,0.39156694346475207,0.0,0.9597825861794812,0.780021189798872
0,8809.652548789978,0.0,16.28543519973755,0.0,passthrough,passthrough,"HistGradientBoostingRegressor(early_stopping=True, max_iter=10000,
                              n_iter_no_change=100, random_state=42,
                              scoring='neg_root_mean_squared_error')",100,0.1,squared_error,32,3,0.2,255,200,FunctionTransformer(func=<function reshape at 0x7fdb1d1c0360>),passthrough,"{'first_scale': 'passthrough', 'frequency': 'passthrough', 'model': HistGradientBoostingRegressor(early_stopping=True, max_iter=10000,
                              n_iter_no_change=100, random_state=42,
                              scoring='neg_root_mean_squared_error'), 'model__l2_regularization': 100, 'model__learning_rate': 0.1, 'model__loss': 'squared_error', 'model__max_bins': 32, 'model__max_depth': 3, 'model__max_features': 0.2, 'model__max_leaf_nodes': 255, 'model__min_samples_leaf': 200, 'reshape': FunctionTransformer(func=<function reshape at 0x7fdb1d1c0360>), 'second_scale': 'passthrough'}",0.07089568820653902,0.07089568820653902,0.0,1,0.505609327051703,0.505609327051703,0.0,0.9639005715287552,0.703129200750685
0,30647.865185260773,0.0,54.26104784011841,0.0,passthrough,passthrough,"HistGradientBoostingRegressor(early_stopping=True, max_iter=10000,
                              n_iter_no_change=100, random_state=42,
                              scoring='neg_root_mean_squared_error')",50,0.05,squared_error,32,6,0.5,255,400,FunctionTransformer(func=<function reshape at 0x7fdb1d1c0360>),passthrough,"{'first_scale': 'passthrough', 'frequency': 'passthrough', 'model': HistGradientBoostingRegressor(early_stopping=True, max_iter=10000,
                              n_iter_no_change=100, random_state=42,
                              scoring='neg_root_mean_squared_error'), 'model__l2_regularization': 50, 'model__learning_rate': 0.05, 'model__loss': 'squared_error', 'model__max_bins': 32, 'model__max_depth': 6, 'model__max_features': 0.5, 'model__max_leaf_nodes': 255, 'model__min_samples_leaf': 400, 'reshape': FunctionTransformer(func=<function reshape at 0x7fdb1d1c0360>), 'second_scale': 'passthrough'}",0.07380451073032501,0.07380451073032501,0.0,1,0.8990466057677786,0.8990466057677786,0.0,0.9623905076784969,0.317731638701942
0,13462.818263530731,0.0,46.439438819885254,0.0,passthrough,passthrough,"HistGradientBoostingRegressor(early_stopping=True, max_iter=10000,
                              n_iter_no_change=100, random_state=42,
                              scoring='neg_root_mean_squared_error')",200,0.02,squared_error,32,3,0.5,127,200,FunctionTransformer(func=<function reshape at 0x7fdb1d1c0360>),passthrough,"{'first_scale': 'passthrough', 'frequency': 'passthrough', 'model': HistGradientBoostingRegressor(early_stopping=True, max_iter=10000,
                              n_iter_no_change=100, random_state=42,
                              scoring='neg_root_mean_squared_error'), 'model__l2_regularization': 200, 'model__learning_rate': 0.02, 'model__loss': 'squared_error', 'model__max_bins': 32, 'model__max_depth': 3, 'model__max_features': 0.5, 'model__max_leaf_nodes': 127, 'model__min_samples_leaf': 200, 'reshape': FunctionTransformer(func=<function reshape at 0x7fdb1d1c0360>), 'second_scale': 'passthrough'}",0.08591178494767326,0.08591178494767326,0.0,1,0.4287291143766785,0.4287291143766785,0.0,0.9560796070685362,0.7558246394656114
0,27800.796335458755,0.0,75.76411604881287,0.0,passthrough,passthrough,"HistGradientBoostingRegressor(early_stopping=True, max_iter=10000,
                              n_iter_no_change=100, random_state=42,
                              scoring='neg_root_mean_squared_error')",200,0.0025,squared_error,63,6,1.0,127,6400,FunctionTransformer(func=<function reshape at 0x7fdb1d1c0360>),passthrough,"{'first_scale': 'passthrough', 'frequency': 'passthrough', 'model': HistGradientBoostingRegressor(early_stopping=True, max_iter=10000,
                              n_iter_no_change=100, random_state=42,
                              scoring='neg_root_mean_squared_error'), 'model__l2_regularization': 200, 'model__learning_rate': 0.0025, 'model__loss': 'squared_error', 'model__max_bins': 63, 'model__max_depth': 6, 'model__max_features': 1.0, 'model__max_leaf_nodes': 127, 'model__min_samples_leaf': 6400, 'reshape': FunctionTransformer(func=<function reshape at 0x7fdb1d1c0360>), 'second_scale': 'passthrough'}",0.08007500098128018,0.08007500098128018,0.0,1,0.1761637729895813,0.1761637729895813,0.0,0.9591272069015245,0.9076542441978767
0,6429.1159036159515,0.0,10.484867095947266,0.0,passthrough,passthrough,"HistGradientBoostingRegressor(early_stopping=True, max_iter=10000,
                              n_iter_no_change=100, random_state=42,
                              scoring='neg_root_mean_squared_error')",50,0.1,squared_error,32,6,1.0,255,400,FunctionTransformer(func=<function reshape at 0x7fdb1d1c0360>),passthrough,"{'first_scale': 'passthrough', 'frequency': 'passthrough', 'model': HistGradientBoostingRegressor(early_stopping=True, max_iter=10000,
                              n_iter_no_change=100, random_state=42,
                              scoring='neg_root_mean_squared_error'), 'model__l2_regularization': 50, 'model__learning_rate': 0.1, 'model__loss': 'squared_error', 'model__max_bins': 32, 'model__max_depth': 6, 'model__max_features': 1.0, 'model__max_leaf_nodes': 255, 'model__min_samples_leaf': 400, 'reshape': FunctionTransformer(func=<function reshape at 0x7fdb1d1c0360>), 'second_scale': 'passthrough'}",0.050440074738406615,0.050440074738406615,0.0,1,0.8539868642120145,0.8539868642120145,0.0,0.9744536547530588,0.3821166520684298
0,22537.24652004242,0.0,49.57822942733765,0.0,passthrough,passthrough,"HistGradientBoostingRegressor(early_stopping=True, max_iter=10000,
                              n_iter_no_change=100, random_state=42,
                              scoring='neg_root_mean_squared_error')",50,0.05,squared_error,32,6,0.2,255,200,FunctionTransformer(func=<function reshape at 0x7fdb1d1c0360>),passthrough,"{'first_scale': 'passthrough', 'frequency': 'passthrough', 'model': HistGradientBoostingRegressor(early_stopping=True, max_iter=10000,
                              n_iter_no_change=100, random_state=42,
                              scoring='neg_root_mean_squared_error'), 'model__l2_regularization': 50, 'model__learning_rate': 0.05, 'model__loss': 'squared_error', 'model__max_bins': 32, 'model__max_depth': 6, 'model__max_features': 0.2, 'model__max_leaf_nodes': 255, 'model__min_samples_leaf': 200, 'reshape': FunctionTransformer(func=<function reshape at 0x7fdb1d1c0360>), 'second_scale': 'passthrough'}",0.07397364909842563,0.07397364909842563,0.0,1,0.8839635234526209,0.8839635234526209,0.0,0.9623026295825936,0.34064127252489407
0,22146.757578611374,0.0,48.27291488647461,0.0,passthrough,passthrough,"HistGradientBoostingRegressor(early_stopping=True, max_iter=10000,
                              n_iter_no_change=100, random_state=42,
                              scoring='neg_root_mean_squared_error')",100,0.02,squared_error,32,3,1.0,255,200,FunctionTransformer(func=<function reshape at 0x7fdb1d1c0360>),passthrough,"{'first_scale': 'passthrough', 'frequency': 'passthrough', 'model': HistGradientBoostingRegressor(early_stopping=True, max_iter=10000,
                              n_iter_no_change=100, random_state=42,
                              scoring='neg_root_mean_squared_error'), 'model__l2_regularization': 100, 'model__learning_rate': 0.02, 'model__loss': 'squared_error', 'model__max_bins': 32, 'model__max_depth': 3, 'model__max_features': 1.0, 'model__max_leaf_nodes': 255, 'model__min_samples_leaf': 200, 'reshape': FunctionTransformer(func=<function reshape at 0x7fdb1d1c0360>), 'second_scale': 'passthrough'}",0.08366436362720586,0.08366436362720586,0.0,1,0.4465600997383834,0.4465600997383834,0.0,0.9572542172133764,0.7439354140391601
0,27312.69447207451,0.0,95.70617008209229,0.0,passthrough,passthrough,"HistGradientBoostingRegressor(early_stopping=True, max_iter=10000,
                              n_iter_no_change=100, random_state=42,
                              scoring='neg_root_mean_squared_error')",100,0.005,squared_error,63,6,0.5,255,1600,FunctionTransformer(func=<function reshape at 0x7fdb1d1c0360>),passthrough,"{'first_scale': 'passthrough', 'frequency': 'passthrough', 'model': HistGradientBoostingRegressor(early_stopping=True, max_iter=10000,
                              n_iter_no_change=100, random_state=42,
                              scoring='neg_root_mean_squared_error'), 'model__l2_regularization': 100, 'model__learning_rate': 0.005, 'model__loss': 'squared_error', 'model__max_bins': 63, 'model__max_depth': 6, 'model__max_features': 0.5, 'model__max_leaf_nodes': 255, 'model__min_samples_leaf': 1600, 'reshape': FunctionTransformer(func=<function reshape at 0x7fdb1d1c0360>), 'second_scale': 'passthrough'}",0.09280551430441542,0.09280551430441542,0.0,1,0.4126790643523953,0.4126790643523953,0.0,0.9524675772411282,0.7663686682319448
0,28108.66795873642,0.0,80.55583643913269,0.0,passthrough,passthrough,"HistGradientBoostingRegressor(early_stopping=True, max_iter=10000,
                              n_iter_no_change=100, random_state=42,
                              scoring='neg_root_mean_squared_error')",400,0.01,squared_error,63,None,1.0,255,6400,FunctionTransformer(func=<function reshape at 0x7fdb1d1c0360>),passthrough,"{'first_scale': 'passthrough', 'frequency': 'passthrough', 'model': HistGradientBoostingRegressor(early_stopping=True, max_iter=10000,
                              n_iter_no_change=100, random_state=42,
                              scoring='neg_root_mean_squared_error'), 'model__l2_regularization': 400, 'model__learning_rate': 0.01, 'model__loss': 'squared_error', 'model__max_bins': 63, 'model__max_depth': None, 'model__max_features': 1.0, 'model__max_leaf_nodes': 255, 'model__min_samples_leaf': 6400, 'reshape': FunctionTransformer(func=<function reshape at 0x7fdb1d1c0360>), 'second_scale': 'passthrough'}",0.08623276779846567,0.08623276779846567,0.0,1,0.3296604425576014,0.3296604425576014,0.0,0.9559117282477155,0.8187426686342899
0,4388.69490814209,0.0,13.499043703079224,0.0,passthrough,passthrough,"HistGradientBoostingRegressor(early_stopping=True, max_iter=10000,
                              n_iter_no_change=100, random_state=42,
                              scoring='neg_root_mean_squared_error')",200,0.1,squared_error,32,3,0.2,255,200,FunctionTransformer(func=<function reshape at 0x7fdb1d1c0360>),passthrough,"{'first_scale': 'passthrough', 'frequency': 'passthrough', 'model': HistGradientBoostingRegressor(early_stopping=True, max_iter=10000,
                              n_iter_no_change=100, random_state=42,
                              scoring='neg_root_mean_squared_error'), 'model__l2_regularization': 200, 'model__learning_rate': 0.1, 'model__loss': 'squared_error', 'model__max_bins': 32, 'model__max_depth': 3, 'model__max_features': 0.2, 'model__max_leaf_nodes': 255, 'model__min_samples_leaf': 200, 'reshape': FunctionTransformer(func=<function reshape at 0x7fdb1d1c0360>), 'second_scale': 'passthrough'}",0.07466884042703359,0.07466884042703359,0.0,1,0.49523938664306444,0.49523938664306444,0.0,0.9619413493415108,0.7104650683579986
0,13071.88768196106,0.0,27.719802379608154,0.0,passthrough,passthrough,"HistGradientBoostingRegressor(early_stopping=True, max_iter=10000,
                              n_iter_no_change=100, random_state=42,
                              scoring='neg_root_mean_squared_error')",400,0.1,squared_error,32,6,1.0,511,400,FunctionTransformer(func=<function reshape at 0x7fdb1d1c0360>),passthrough,"{'first_scale': 'passthrough', 'frequency': 'passthrough', 'model': HistGradientBoostingRegressor(early_stopping=True, max_iter=10000,
                              n_iter_no_change=100, random_state=42,
                              scoring='neg_root_mean_squared_error'), 'model__l2_regularization': 400, 'model__learning_rate': 0.1, 'model__loss': 'squared_error', 'model__max_bins': 32, 'model__max_depth': 6, 'model__max_features': 1.0, 'model__max_leaf_nodes': 511, 'model__min_samples_leaf': 400, 'reshape': FunctionTransformer(func=<function reshape at 0x7fdb1d1c0360>), 'second_scale': 'passthrough'}",0.059762602436873036,0.059762602436873036,0.0,1,0.8817211354739021,0.8817211354739021,0.0,0.969658392199607,0.3439169442265064
0,25602.526614665985,0.0,85.75398135185242,0.0,passthrough,passthrough,"HistGradientBoostingRegressor(early_stopping=True, max_iter=10000,
                              n_iter_no_change=100, random_state=42,
                              scoring='neg_root_mean_squared_error')",100,0.02,squared_error,32,3,0.5,511,200,FunctionTransformer(func=<function reshape at 0x7fdb1d1c0360>),passthrough,"{'first_scale': 'passthrough', 'frequency': 'passthrough', 'model': HistGradientBoostingRegressor(early_stopping=True, max_iter=10000,
                              n_iter_no_change=100, random_state=42,
                              scoring='neg_root_mean_squared_error'), 'model__l2_regularization': 100, 'model__learning_rate': 0.02, 'model__loss': 'squared_error', 'model__max_bins': 32, 'model__max_depth': 3, 'model__max_features': 0.5, 'model__max_leaf_nodes': 511, 'model__min_samples_leaf': 200, 'reshape': FunctionTransformer(func=<function reshape at 0x7fdb1d1c0360>), 'second_scale': 'passthrough'}",0.08476366328471296,0.08476366328471296,0.0,1,0.461960147557664,0.461960147557664,0.0,0.9566798506895016,0.7335119988400571
0,5841.489499807358,0.0,17.265759706497192,0.0,passthrough,passthrough,"HistGradientBoostingRegressor(early_stopping=True, max_iter=10000,
                              n_iter_no_change=100, random_state=42,
                              scoring='neg_root_mean_squared_error')",400,0.1,squared_error,32,3,0.2,127,200,FunctionTransformer(func=<function reshape at 0x7fdb1d1c0360>),passthrough,"{'first_scale': 'passthrough', 'frequency': 'passthrough', 'model': HistGradientBoostingRegressor(early_stopping=True, max_iter=10000,
                              n_iter_no_change=100, random_state=42,
                              scoring='neg_root_mean_squared_error'), 'model__l2_regularization': 400, 'model__learning_rate': 0.1, 'model__loss': 'squared_error', 'model__max_bins': 32, 'model__max_depth': 3, 'model__max_features': 0.2, 'model__max_leaf_nodes': 127, 'model__min_samples_leaf': 200, 'reshape': FunctionTransformer(func=<function reshape at 0x7fdb1d1c0360>), 'second_scale': 'passthrough'}",0.07515605323627883,0.07515605323627883,0.0,1,0.4698659983461261,0.4698659983461261,0.0,0.9616880714471409,0.7281030158252841
0,15431.757272720337,0.0,42.012489557266235,0.0,passthrough,passthrough,"HistGradientBoostingRegressor(early_stopping=True, max_iter=10000,
                              n_iter_no_change=100, random_state=42,
                              scoring='neg_root_mean_squared_error')",100,0.05,squared_error,32,6,0.5,255,800,FunctionTransformer(func=<function reshape at 0x7fdb1d1c0360>),passthrough,"{'first_scale': 'passthrough', 'frequency': 'passthrough', 'model': HistGradientBoostingRegressor(early_stopping=True, max_iter=10000,
                              n_iter_no_change=100, random_state=42,
                              scoring='neg_root_mean_squared_error'), 'model__l2_regularization': 100, 'model__learning_rate': 0.05, 'model__loss': 'squared_error', 'model__max_bins': 32, 'model__max_depth': 6, 'model__max_features': 0.5, 'model__max_leaf_nodes': 255, 'model__min_samples_leaf': 800, 'reshape': FunctionTransformer(func=<function reshape at 0x7fdb1d1c0360>), 'second_scale': 'passthrough'}",0.07189737278325259,0.07189737278325259,0.0,1,0.7990038609763956,0.7990038609763956,0.0,0.9633808318711492,0.4483259294571354
0,28177.6273522377,0.0,82.08505201339722,0.0,passthrough,passthrough,"HistGradientBoostingRegressor(early_stopping=True, max_iter=10000,
                              n_iter_no_change=100, random_state=42,
                              scoring='neg_root_mean_squared_error')",100,0.01,squared_error,63,None,0.5,255,6400,FunctionTransformer(func=<function reshape at 0x7fdb1d1c0360>),passthrough,"{'first_scale': 'passthrough', 'frequency': 'passthrough', 'model': HistGradientBoostingRegressor(early_stopping=True, max_iter=10000,
                              n_iter_no_change=100, random_state=42,
                              scoring='neg_root_mean_squared_error'), 'model__l2_regularization': 100, 'model__learning_rate': 0.01, 'model__loss': 'squared_error', 'model__max_bins': 63, 'model__max_depth': None, 'model__max_features': 0.5, 'model__max_leaf_nodes': 255, 'model__min_samples_leaf': 6400, 'reshape': FunctionTransformer(func=<function reshape at 0x7fdb1d1c0360>), 'second_scale': 'passthrough'}",0.08764414075844462,0.08764414075844462,0.0,1,0.33054575750962445,0.33054575750962445,0.0,0.9551732090262768,0.8182018348123986
0,29204.91731786728,0.0,89.8444230556488,0.0,passthrough,passthrough,"HistGradientBoostingRegressor(early_stopping=True, max_iter=10000,
                              n_iter_no_change=100, random_state=42,
                              scoring='neg_root_mean_squared_error')",200,0.02,squared_error,32,6,0.5,255,800,FunctionTransformer(func=<function reshape at 0x7fdb1d1c0360>),passthrough,"{'first_scale': 'passthrough', 'frequency': 'passthrough', 'model': HistGradientBoostingRegressor(early_stopping=True, max_iter=10000,
                              n_iter_no_change=100, random_state=42,
                              scoring='neg_root_mean_squared_error'), 'model__l2_regularization': 200, 'model__learning_rate': 0.02, 'model__loss': 'squared_error', 'model__max_bins': 32, 'model__max_depth': 6, 'model__max_features': 0.5, 'model__max_leaf_nodes': 255, 'model__min_samples_leaf': 800, 'reshape': FunctionTransformer(func=<function reshape at 0x7fdb1d1c0360>), 'second_scale': 'passthrough'}",0.08329507633588895,0.08329507633588895,0.0,1,0.8301614924830445,0.8301614924830445,0.0,0.9574470866132034,0.4121146776286371
0,15374.101143836975,0.0,27.893587350845337,0.0,passthrough,passthrough,"HistGradientBoostingRegressor(early_stopping=True, max_iter=10000,
                              n_iter_no_change=100, random_state=42,
                              scoring='neg_root_mean_squared_error')",100,0.1,squared_error,32,6,0.5,255,400,FunctionTransformer(func=<function reshape at 0x7fdb1d1c0360>),passthrough,"{'first_scale': 'passthrough', 'frequency': 'passthrough', 'model': HistGradientBoostingRegressor(early_stopping=True, max_iter=10000,
                              n_iter_no_change=100, random_state=42,
                              scoring='neg_root_mean_squared_error'), 'model__l2_regularization': 100, 'model__learning_rate': 0.1, 'model__loss': 'squared_error', 'model__max_bins': 32, 'model__max_depth': 6, 'model__max_features': 0.5, 'model__max_leaf_nodes': 255, 'model__min_samples_leaf': 400, 'reshape': FunctionTransformer(func=<function reshape at 0x7fdb1d1c0360>), 'second_scale': 'passthrough'}",0.0567079655045698,0.0567079655045698,0.0,1,0.8806499169113702,0.8806499169113702,0.0,0.9712322248028172,0.34547081365671084
0,9054.581230163574,0.0,40.451342821121216,0.0,passthrough,passthrough,"HistGradientBoostingRegressor(early_stopping=True, max_iter=10000,
                              n_iter_no_change=100, random_state=42,
                              scoring='neg_root_mean_squared_error')",200,0.05,squared_error,32,3,0.5,127,400,FunctionTransformer(func=<function reshape at 0x7fdb1d1c0360>),passthrough,"{'first_scale': 'passthrough', 'frequency': 'passthrough', 'model': HistGradientBoostingRegressor(early_stopping=True, max_iter=10000,
                              n_iter_no_change=100, random_state=42,
                              scoring='neg_root_mean_squared_error'), 'model__l2_regularization': 200, 'model__learning_rate': 0.05, 'model__loss': 'squared_error', 'model__max_bins': 32, 'model__max_depth': 3, 'model__max_features': 0.5, 'model__max_leaf_nodes': 127, 'model__min_samples_leaf': 400, 'reshape': FunctionTransformer(func=<function reshape at 0x7fdb1d1c0360>), 'second_scale': 'passthrough'}",0.07686057474396968,0.07686057474396968,0.0,1,0.531034215502419,0.531034215502419,0.0,0.9608014494452173,0.6848107654655999
0,5600.522440195084,0.0,19.474509239196777,0.0,passthrough,passthrough,"HistGradientBoostingRegressor(early_stopping=True, max_iter=10000,
                              n_iter_no_change=100, random_state=42,
                              scoring='neg_root_mean_squared_error')",400,0.1,squared_error,32,3,0.2,255,200,FunctionTransformer(func=<function reshape at 0x7fdb1d1c0360>),passthrough,"{'first_scale': 'passthrough', 'frequency': 'passthrough', 'model': HistGradientBoostingRegressor(early_stopping=True, max_iter=10000,
                              n_iter_no_change=100, random_state=42,
                              scoring='neg_root_mean_squared_error'), 'model__l2_regularization': 400, 'model__learning_rate': 0.1, 'model__loss': 'squared_error', 'model__max_bins': 32, 'model__max_depth': 3, 'model__max_features': 0.2, 'model__max_leaf_nodes': 255, 'model__min_samples_leaf': 200, 'reshape': FunctionTransformer(func=<function reshape at 0x7fdb1d1c0360>), 'second_scale': 'passthrough'}",0.07515605323627883,0.07515605323627883,0.0,1,0.4698659983461261,0.4698659983461261,0.0,0.9616880714471409,0.7281030158252841
0,28607.084381580353,0.0,77.03357648849487,0.0,passthrough,passthrough,"HistGradientBoostingRegressor(early_stopping=True, max_iter=10000,
                              n_iter_no_change=100, random_state=42,
                              scoring='neg_root_mean_squared_error')",400,0.0025,squared_error,63,None,0.5,127,6400,FunctionTransformer(func=<function reshape at 0x7fdb1d1c0360>),passthrough,"{'first_scale': 'passthrough', 'frequency': 'passthrough', 'model': HistGradientBoostingRegressor(early_stopping=True, max_iter=10000,
                              n_iter_no_change=100, random_state=42,
                              scoring='neg_root_mean_squared_error'), 'model__l2_regularization': 400, 'model__learning_rate': 0.0025, 'model__loss': 'squared_error', 'model__max_bins': 63, 'model__max_depth': None, 'model__max_features': 0.5, 'model__max_leaf_nodes': 127, 'model__min_samples_leaf': 6400, 'reshape': FunctionTransformer(func=<function reshape at 0x7fdb1d1c0360>), 'second_scale': 'passthrough'}",0.080800295148028,0.080800295148028,0.0,1,0.1738471523331122,0.1738471523331122,0.0,0.9587490312130552,0.9089295064342932
0,33846.05526971817,0.0,81.54427337646484,0.0,passthrough,passthrough,"HistGradientBoostingRegressor(early_stopping=True, max_iter=10000,
                              n_iter_no_change=100, random_state=42,
                              scoring='neg_root_mean_squared_error')",800,0.005,squared_error,63,6,0.5,255,6400,FunctionTransformer(func=<function reshape at 0x7fdb1d1c0360>),passthrough,"{'first_scale': 'passthrough', 'frequency': 'passthrough', 'model': HistGradientBoostingRegressor(early_stopping=True, max_iter=10000,
                              n_iter_no_change=100, random_state=42,
                              scoring='neg_root_mean_squared_error'), 'model__l2_regularization': 800, 'model__learning_rate': 0.005, 'model__loss': 'squared_error', 'model__max_bins': 63, 'model__max_depth': 6, 'model__max_features': 0.5, 'model__max_leaf_nodes': 255, 'model__min_samples_leaf': 6400, 'reshape': FunctionTransformer(func=<function reshape at 0x7fdb1d1c0360>), 'second_scale': 'passthrough'}",0.08597918261010029,0.08597918261010029,0.0,1,0.22571290519066045,0.22571290519066045,0.0,0.9560443595304037,0.879935846985074
0,27170.733691215515,0.0,78.06588816642761,0.0,passthrough,passthrough,"HistGradientBoostingRegressor(early_stopping=True, max_iter=10000,
                              n_iter_no_change=100, random_state=42,
                              scoring='neg_root_mean_squared_error')",400,0.01,squared_error,63,6,1.0,255,6400,FunctionTransformer(func=<function reshape at 0x7fdb1d1c0360>),passthrough,"{'first_scale': 'passthrough', 'frequency': 'passthrough', 'model': HistGradientBoostingRegressor(early_stopping=True, max_iter=10000,
                              n_iter_no_change=100, random_state=42,
                              scoring='neg_root_mean_squared_error'), 'model__l2_regularization': 400, 'model__learning_rate': 0.01, 'model__loss': 'squared_error', 'model__max_bins': 63, 'model__max_depth': 6, 'model__max_features': 1.0, 'model__max_leaf_nodes': 255, 'model__min_samples_leaf': 6400, 'reshape': FunctionTransformer(func=<function reshape at 0x7fdb1d1c0360>), 'second_scale': 'passthrough'}",0.08705674939061947,0.08705674939061947,0.0,1,0.3193309931619912,0.3193309931619912,0.0,0.9554806385319279,0.8250266703798179
0,6124.0385682582855,0.0,19.6953182220459,0.0,passthrough,passthrough,"HistGradientBoostingRegressor(early_stopping=True, max_iter=10000,
                              n_iter_no_change=100, random_state=42,
                              scoring='neg_root_mean_squared_error')",200,0.05,squared_error,32,3,1.0,255,400,FunctionTransformer(func=<function reshape at 0x7fdb1d1c0360>),passthrough,"{'first_scale': 'passthrough', 'frequency': 'passthrough', 'model': HistGradientBoostingRegressor(early_stopping=True, max_iter=10000,
                              n_iter_no_change=100, random_state=42,
                              scoring='neg_root_mean_squared_error'), 'model__l2_regularization': 200, 'model__learning_rate': 0.05, 'model__loss': 'squared_error', 'model__max_bins': 32, 'model__max_depth': 3, 'model__max_features': 1.0, 'model__max_leaf_nodes': 255, 'model__min_samples_leaf': 400, 'reshape': FunctionTransformer(func=<function reshape at 0x7fdb1d1c0360>), 'second_scale': 'passthrough'}",0.08021606167228079,0.08021606167228079,0.0,1,0.4516207928171656,0.4516207928171656,0.0,0.9590536681165028,0.7405263041802326
0,27769.054547071457,0.0,75.39461898803711,0.0,passthrough,passthrough,"HistGradientBoostingRegressor(early_stopping=True, max_iter=10000,
                              n_iter_no_change=100, random_state=42,
                              scoring='neg_root_mean_squared_error')",200,0.0025,squared_error,63,6,0.5,255,6400,FunctionTransformer(func=<function reshape at 0x7fdb1d1c0360>),passthrough,"{'first_scale': 'passthrough', 'frequency': 'passthrough', 'model': HistGradientBoostingRegressor(early_stopping=True, max_iter=10000,
                              n_iter_no_change=100, random_state=42,
                              scoring='neg_root_mean_squared_error'), 'model__l2_regularization': 200, 'model__learning_rate': 0.0025, 'model__loss': 'squared_error', 'model__max_bins': 63, 'model__max_depth': 6, 'model__max_features': 0.5, 'model__max_leaf_nodes': 255, 'model__min_samples_leaf': 6400, 'reshape': FunctionTransformer(func=<function reshape at 0x7fdb1d1c0360>), 'second_scale': 'passthrough'}",0.08098595716523427,0.08098595716523427,0.0,1,0.17396821160019893,0.17396821160019893,0.0,0.9586522011839151,0.9088629095742664
0,10396.489313840866,0.0,30.053444147109985,0.0,passthrough,passthrough,"HistGradientBoostingRegressor(early_stopping=True, max_iter=10000,
                              n_iter_no_change=100, random_state=42,
                              scoring='neg_root_mean_squared_error')",200,0.05,squared_error,32,6,1.0,511,800,FunctionTransformer(func=<function reshape at 0x7fdb1d1c0360>),passthrough,"{'first_scale': 'passthrough', 'frequency': 'passthrough', 'model': HistGradientBoostingRegressor(early_stopping=True, max_iter=10000,
                              n_iter_no_change=100, random_state=42,
                              scoring='neg_root_mean_squared_error'), 'model__l2_regularization': 200, 'model__learning_rate': 0.05, 'model__loss': 'squared_error', 'model__max_bins': 32, 'model__max_depth': 6, 'model__max_features': 1.0, 'model__max_leaf_nodes': 511, 'model__min_samples_leaf': 800, 'reshape': FunctionTransformer(func=<function reshape at 0x7fdb1d1c0360>), 'second_scale': 'passthrough'}",0.07823704180761681,0.07823704180761681,0.0,1,0.8123528884913571,0.8123528884913571,0.0,0.9600848703069865,0.4331825383237913
0,12908.134906768799,0.0,26.199663162231445,0.0,passthrough,passthrough,"HistGradientBoostingRegressor(early_stopping=True, max_iter=10000,
                              n_iter_no_change=100, random_state=42,
                              scoring='neg_root_mean_squared_error')",100,0.1,squared_error,32,6,0.2,255,800,FunctionTransformer(func=<function reshape at 0x7fdb1d1c0360>),passthrough,"{'first_scale': 'passthrough', 'frequency': 'passthrough', 'model': HistGradientBoostingRegressor(early_stopping=True, max_iter=10000,
                              n_iter_no_change=100, random_state=42,
                              scoring='neg_root_mean_squared_error'), 'model__l2_regularization': 100, 'model__learning_rate': 0.1, 'model__loss': 'squared_error', 'model__max_bins': 32, 'model__max_depth': 6, 'model__max_features': 0.2, 'model__max_leaf_nodes': 255, 'model__min_samples_leaf': 800, 'reshape': FunctionTransformer(func=<function reshape at 0x7fdb1d1c0360>), 'second_scale': 'passthrough'}",0.06104957509941078,0.06104957509941078,0.0,1,0.8282168417622594,0.8282168417622594,0.0,0.9689945432769935,0.4144673186606401
0,15055.959968805313,0.0,48.61973023414612,0.0,passthrough,passthrough,"HistGradientBoostingRegressor(early_stopping=True, max_iter=10000,
                              n_iter_no_change=100, random_state=42,
                              scoring='neg_root_mean_squared_error')",400,0.02,squared_error,32,3,0.5,255,400,FunctionTransformer(func=<function reshape at 0x7fdb1d1c0360>),passthrough,"{'first_scale': 'passthrough', 'frequency': 'passthrough', 'model': HistGradientBoostingRegressor(early_stopping=True, max_iter=10000,
                              n_iter_no_change=100, random_state=42,
                              scoring='neg_root_mean_squared_error'), 'model__l2_regularization': 400, 'model__learning_rate': 0.02, 'model__loss': 'squared_error', 'model__max_bins': 32, 'model__max_depth': 3, 'model__max_features': 0.5, 'model__max_leaf_nodes': 255, 'model__min_samples_leaf': 400, 'reshape': FunctionTransformer(func=<function reshape at 0x7fdb1d1c0360>), 'second_scale': 'passthrough'}",0.08527775219420075,0.08527775219420075,0.0,1,0.44073944792463815,0.44073944792463815,0.0,0.9564111290683517,0.7478372497244048
0,27380.838315963745,0.0,75.69435358047485,0.0,passthrough,passthrough,"HistGradientBoostingRegressor(early_stopping=True, max_iter=10000,
                              n_iter_no_change=100, random_state=42,
                              scoring='neg_root_mean_squared_error')",200,0.02,squared_error,32,6,1.0,511,800,FunctionTransformer(func=<function reshape at 0x7fdb1d1c0360>),passthrough,"{'first_scale': 'passthrough', 'frequency': 'passthrough', 'model': HistGradientBoostingRegressor(early_stopping=True, max_iter=10000,
                              n_iter_no_change=100, random_state=42,
                              scoring='neg_root_mean_squared_error'), 'model__l2_regularization': 200, 'model__learning_rate': 0.02, 'model__loss': 'squared_error', 'model__max_bins': 32, 'model__max_depth': 6, 'model__max_features': 1.0, 'model__max_leaf_nodes': 511, 'model__min_samples_leaf': 800, 'reshape': FunctionTransformer(func=<function reshape at 0x7fdb1d1c0360>), 'second_scale': 'passthrough'}",0.08022560342544727,0.08022560342544727,0.0,1,0.8455667321454567,0.8455667321454567,0.0,0.9590486935367529,0.39297998403804646
0,26640.592780828476,0.0,53.58650588989258,0.0,passthrough,passthrough,"HistGradientBoostingRegressor(early_stopping=True, max_iter=10000,
                              n_iter_no_change=100, random_state=42,
                              scoring='neg_root_mean_squared_error')",100,0.05,squared_error,32,6,1.0,511,800,FunctionTransformer(func=<function reshape at 0x7fdb1d1c0360>),passthrough,"{'first_scale': 'passthrough', 'frequency': 'passthrough', 'model': HistGradientBoostingRegressor(early_stopping=True, max_iter=10000,
                              n_iter_no_change=100, random_state=42,
                              scoring='neg_root_mean_squared_error'), 'model__l2_regularization': 100, 'model__learning_rate': 0.05, 'model__loss': 'squared_error', 'model__max_bins': 32, 'model__max_depth': 6, 'model__max_features': 1.0, 'model__max_leaf_nodes': 511, 'model__min_samples_leaf': 800, 'reshape': FunctionTransformer(func=<function reshape at 0x7fdb1d1c0360>), 'second_scale': 'passthrough'}",0.07429964429447378,0.07429964429447378,0.0,1,0.8601911792184429,0.8601911792184429,0.0,0.9621332317852482,0.37391017742441446
0,11258.557861328125,0.0,30.33672285079956,0.0,passthrough,passthrough,"HistGradientBoostingRegressor(early_stopping=True, max_iter=10000,
                              n_iter_no_change=100, random_state=42,
                              scoring='neg_root_mean_squared_error')",400,0.1,squared_error,32,6,0.5,511,800,FunctionTransformer(func=<function reshape at 0x7fdb1d1c0360>),passthrough,"{'first_scale': 'passthrough', 'frequency': 'passthrough', 'model': HistGradientBoostingRegressor(early_stopping=True, max_iter=10000,
                              n_iter_no_change=100, random_state=42,
                              scoring='neg_root_mean_squared_error'), 'model__l2_regularization': 400, 'model__learning_rate': 0.1, 'model__loss': 'squared_error', 'model__max_bins': 32, 'model__max_depth': 6, 'model__max_features': 0.5, 'model__max_leaf_nodes': 511, 'model__min_samples_leaf': 800, 'reshape': FunctionTransformer(func=<function reshape at 0x7fdb1d1c0360>), 'second_scale': 'passthrough'}",0.06367552156267642,0.06367552156267642,0.0,1,0.842987966234393,0.842987966234393,0.0,0.9676386094184768,0.39624744007451584
0,17674.028879404068,0.0,40.98832368850708,0.0,passthrough,passthrough,"HistGradientBoostingRegressor(early_stopping=True, max_iter=10000,
                              n_iter_no_change=100, random_state=42,
                              scoring='neg_root_mean_squared_error')",200,0.05,squared_error,32,6,1.0,255,400,FunctionTransformer(func=<function reshape at 0x7fdb1d1c0360>),passthrough,"{'first_scale': 'passthrough', 'frequency': 'passthrough', 'model': HistGradientBoostingRegressor(early_stopping=True, max_iter=10000,
                              n_iter_no_change=100, random_state=42,
                              scoring='neg_root_mean_squared_error'), 'model__l2_regularization': 200, 'model__learning_rate': 0.05, 'model__loss': 'squared_error', 'model__max_bins': 32, 'model__max_depth': 6, 'model__max_features': 1.0, 'model__max_leaf_nodes': 255, 'model__min_samples_leaf': 400, 'reshape': FunctionTransformer(func=<function reshape at 0x7fdb1d1c0360>), 'second_scale': 'passthrough'}",0.07111069989632512,0.07111069989632512,0.0,1,0.8946290317278932,0.8946290317278932,0.0,0.9637890329857851,0.3246089466914102
0,10083.342121124268,0.0,17.469785690307617,0.0,passthrough,passthrough,"HistGradientBoostingRegressor(early_stopping=True, max_iter=10000,
                              n_iter_no_change=100, random_state=42,
                              scoring='neg_root_mean_squared_error')",50,0.1,squared_error,32,6,0.2,255,200,FunctionTransformer(func=<function reshape at 0x7fdb1d1c0360>),passthrough,"{'first_scale': 'passthrough', 'frequency': 'passthrough', 'model': HistGradientBoostingRegressor(early_stopping=True, max_iter=10000,
                              n_iter_no_change=100, random_state=42,
                              scoring='neg_root_mean_squared_error'), 'model__l2_regularization': 50, 'model__learning_rate': 0.1, 'model__loss': 'squared_error', 'model__max_bins': 32, 'model__max_depth': 6, 'model__max_features': 0.2, 'model__max_leaf_nodes': 255, 'model__min_samples_leaf': 200, 'reshape': FunctionTransformer(func=<function reshape at 0x7fdb1d1c0360>), 'second_scale': 'passthrough'}",0.05960527164823204,0.05960527164823204,0.0,1,0.8592632163273584,0.8592632163273584,0.0,0.9697395157214993,0.3751490152894469
0,28175.49563407898,0.0,82.41743922233582,0.0,passthrough,passthrough,"HistGradientBoostingRegressor(early_stopping=True, max_iter=10000,
                              n_iter_no_change=100, random_state=42,
                              scoring='neg_root_mean_squared_error')",100,0.01,squared_error,63,None,1.0,255,6400,FunctionTransformer(func=<function reshape at 0x7fdb1d1c0360>),passthrough,"{'first_scale': 'passthrough', 'frequency': 'passthrough', 'model': HistGradientBoostingRegressor(early_stopping=True, max_iter=10000,
                              n_iter_no_change=100, random_state=42,
                              scoring='neg_root_mean_squared_error'), 'model__l2_regularization': 100, 'model__learning_rate': 0.01, 'model__loss': 'squared_error', 'model__max_bins': 63, 'model__max_depth': None, 'model__max_features': 1.0, 'model__max_leaf_nodes': 255, 'model__min_samples_leaf': 6400, 'reshape': FunctionTransformer(func=<function reshape at 0x7fdb1d1c0360>), 'second_scale': 'passthrough'}",0.08669568278867512,0.08669568278867512,0.0,1,0.3361677678196675,0.3361677678196675,0.0,0.9556695648660811,0.8147590025156718
0,5671.247421979904,0.0,17.422749280929565,0.0,passthrough,passthrough,"HistGradientBoostingRegressor(early_stopping=True, max_iter=10000,
                              n_iter_no_change=100, random_state=42,
                              scoring='neg_root_mean_squared_error')",200,0.05,squared_error,32,3,1.0,127,400,FunctionTransformer(func=<function reshape at 0x7fdb1d1c0360>),passthrough,"{'first_scale': 'passthrough', 'frequency': 'passthrough', 'model': HistGradientBoostingRegressor(early_stopping=True, max_iter=10000,
                              n_iter_no_change=100, random_state=42,
                              scoring='neg_root_mean_squared_error'), 'model__l2_regularization': 200, 'model__learning_rate': 0.05, 'model__loss': 'squared_error', 'model__max_bins': 32, 'model__max_depth': 3, 'model__max_features': 1.0, 'model__max_leaf_nodes': 127, 'model__min_samples_leaf': 400, 'reshape': FunctionTransformer(func=<function reshape at 0x7fdb1d1c0360>), 'second_scale': 'passthrough'}",0.08021606167228079,0.08021606167228079,0.0,1,0.4516207928171656,0.4516207928171656,0.0,0.9590536681165028,0.7405263041802326
0,27915.330323457718,0.0,87.8519926071167,0.0,passthrough,passthrough,"HistGradientBoostingRegressor(early_stopping=True, max_iter=10000,
                              n_iter_no_change=100, random_state=42,
                              scoring='neg_root_mean_squared_error')",100,0.0025,squared_error,63,6,1.0,127,6400,FunctionTransformer(func=<function reshape at 0x7fdb1d1c0360>),passthrough,"{'first_scale': 'passthrough', 'frequency': 'passthrough', 'model': HistGradientBoostingRegressor(early_stopping=True, max_iter=10000,
                              n_iter_no_change=100, random_state=42,
                              scoring='neg_root_mean_squared_error'), 'model__l2_regularization': 100, 'model__learning_rate': 0.0025, 'model__loss': 'squared_error', 'model__max_bins': 63, 'model__max_depth': 6, 'model__max_features': 1.0, 'model__max_leaf_nodes': 127, 'model__min_samples_leaf': 6400, 'reshape': FunctionTransformer(func=<function reshape at 0x7fdb1d1c0360>), 'second_scale': 'passthrough'}",0.08031563768331706,0.08031563768331706,0.0,1,0.17689046308143808,0.17689046308143808,0.0,0.9590017530310792,0.9072538437055871
0,22086.59153342247,0.0,72.53549909591675,0.0,passthrough,passthrough,"HistGradientBoostingRegressor(early_stopping=True, max_iter=10000,
                              n_iter_no_change=100, random_state=42,
                              scoring='neg_root_mean_squared_error')",100,0.02,squared_error,32,3,1.0,511,200,FunctionTransformer(func=<function reshape at 0x7fdb1d1c0360>),passthrough,"{'first_scale': 'passthrough', 'frequency': 'passthrough', 'model': HistGradientBoostingRegressor(early_stopping=True, max_iter=10000,
                              n_iter_no_change=100, random_state=42,
                              scoring='neg_root_mean_squared_error'), 'model__l2_regularization': 100, 'model__learning_rate': 0.02, 'model__loss': 'squared_error', 'model__max_bins': 32, 'model__max_depth': 3, 'model__max_features': 1.0, 'model__max_leaf_nodes': 511, 'model__min_samples_leaf': 200, 'reshape': FunctionTransformer(func=<function reshape at 0x7fdb1d1c0360>), 'second_scale': 'passthrough'}",0.08366436362720586,0.08366436362720586,0.0,1,0.4465600997383834,0.4465600997383834,0.0,0.9572542172133764,0.7439354140391601
0,29738.29081606865,0.0,81.90782594680786,0.0,passthrough,passthrough,"HistGradientBoostingRegressor(early_stopping=True, max_iter=10000,
                              n_iter_no_change=100, random_state=42,
                              scoring='neg_root_mean_squared_error')",400,0.02,squared_error,32,6,0.2,255,800,FunctionTransformer(func=<function reshape at 0x7fdb1d1c0360>),passthrough,"{'first_scale': 'passthrough', 'frequency': 'passthrough', 'model': HistGradientBoostingRegressor(early_stopping=True, max_iter=10000,
                              n_iter_no_change=100, random_state=42,
                              scoring='neg_root_mean_squared_error'), 'model__l2_regularization': 400, 'model__learning_rate': 0.02, 'model__loss': 'squared_error', 'model__max_bins': 32, 'model__max_depth': 6, 'model__max_features': 0.2, 'model__max_leaf_nodes': 255, 'model__min_samples_leaf': 800, 'reshape': FunctionTransformer(func=<function reshape at 0x7fdb1d1c0360>), 'second_scale': 'passthrough'}",0.0877055099238997,0.0877055099238997,0.0,1,0.8109136604008318,0.8109136604008318,0.0,0.9551410838593952,0.434840591020627
0,11208.4982213974,0.0,31.658429622650146,0.0,passthrough,passthrough,"HistGradientBoostingRegressor(early_stopping=True, max_iter=10000,
                              n_iter_no_change=100, random_state=42,
                              scoring='neg_root_mean_squared_error')",200,0.1,squared_error,32,6,0.5,255,400,FunctionTransformer(func=<function reshape at 0x7fdb1d1c0360>),passthrough,"{'first_scale': 'passthrough', 'frequency': 'passthrough', 'model': HistGradientBoostingRegressor(early_stopping=True, max_iter=10000,
                              n_iter_no_change=100, random_state=42,
                              scoring='neg_root_mean_squared_error'), 'model__l2_regularization': 200, 'model__learning_rate': 0.1, 'model__loss': 'squared_error', 'model__max_bins': 32, 'model__max_depth': 6, 'model__max_features': 0.5, 'model__max_leaf_nodes': 255, 'model__min_samples_leaf': 400, 'reshape': FunctionTransformer(func=<function reshape at 0x7fdb1d1c0360>), 'second_scale': 'passthrough'}",0.05965558644088331,0.05965558644088331,0.0,1,0.8952407991766026,0.8952407991766026,0.0,0.9697135729477631,0.32366526045190175
0,9800.426981687546,0.0,25.66148829460144,0.0,passthrough,passthrough,"HistGradientBoostingRegressor(early_stopping=True, max_iter=10000,
                              n_iter_no_change=100, random_state=42,
                              scoring='neg_root_mean_squared_error')",200,0.1,squared_error,32,6,0.5,511,200,FunctionTransformer(func=<function reshape at 0x7fdb1d1c0360>),passthrough,"{'first_scale': 'passthrough', 'frequency': 'passthrough', 'model': HistGradientBoostingRegressor(early_stopping=True, max_iter=10000,
                              n_iter_no_change=100, random_state=42,
                              scoring='neg_root_mean_squared_error'), 'model__l2_regularization': 200, 'model__learning_rate': 0.1, 'model__loss': 'squared_error', 'model__max_bins': 32, 'model__max_depth': 6, 'model__max_features': 0.5, 'model__max_leaf_nodes': 511, 'model__min_samples_leaf': 200, 'reshape': FunctionTransformer(func=<function reshape at 0x7fdb1d1c0360>), 'second_scale': 'passthrough'}",0.06284598479741532,0.06284598479741532,0.0,1,0.897656744246282,0.897656744246282,0.0,0.968067154283516,0.3199113248288001
0,15136.517324924469,0.0,53.08409333229065,0.0,passthrough,passthrough,"HistGradientBoostingRegressor(early_stopping=True, max_iter=10000,
                              n_iter_no_change=100, random_state=42,
                              scoring='neg_root_mean_squared_error')",400,0.02,squared_error,32,3,0.5,511,800,FunctionTransformer(func=<function reshape at 0x7fdb1d1c0360>),passthrough,"{'first_scale': 'passthrough', 'frequency': 'passthrough', 'model': HistGradientBoostingRegressor(early_stopping=True, max_iter=10000,
                              n_iter_no_change=100, random_state=42,
                              scoring='neg_root_mean_squared_error'), 'model__l2_regularization': 400, 'model__learning_rate': 0.02, 'model__loss': 'squared_error', 'model__max_bins': 32, 'model__max_depth': 3, 'model__max_features': 0.5, 'model__max_leaf_nodes': 511, 'model__min_samples_leaf': 800, 'reshape': FunctionTransformer(func=<function reshape at 0x7fdb1d1c0360>), 'second_scale': 'passthrough'}",0.08611496093939319,0.08611496093939319,0.0,1,0.43643830765972946,0.43643830765972946,0.0,0.9559733464174651,0.7507074612259229
0,7148.742506980896,0.0,17.988802194595337,0.0,passthrough,passthrough,"HistGradientBoostingRegressor(early_stopping=True, max_iter=10000,
                              n_iter_no_change=100, random_state=42,
                              scoring='neg_root_mean_squared_error')",50,0.1,squared_error,32,6,0.2,255,800,FunctionTransformer(func=<function reshape at 0x7fdb1d1c0360>),passthrough,"{'first_scale': 'passthrough', 'frequency': 'passthrough', 'model': HistGradientBoostingRegressor(early_stopping=True, max_iter=10000,
                              n_iter_no_change=100, random_state=42,
                              scoring='neg_root_mean_squared_error'), 'model__l2_regularization': 50, 'model__learning_rate': 0.1, 'model__loss': 'squared_error', 'model__max_bins': 32, 'model__max_depth': 6, 'model__max_features': 0.2, 'model__max_leaf_nodes': 255, 'model__min_samples_leaf': 800, 'reshape': FunctionTransformer(func=<function reshape at 0x7fdb1d1c0360>), 'second_scale': 'passthrough'}",0.05973357620508957,0.05973357620508957,0.0,1,0.7570403639974991,0.7570403639974991,0.0,0.9696733593303006,0.4929093588100158
0,17070.409196138382,0.0,37.562092781066895,0.0,passthrough,passthrough,"HistGradientBoostingRegressor(early_stopping=True, max_iter=10000,
                              n_iter_no_change=100, random_state=42,
                              scoring='neg_root_mean_squared_error')",400,0.1,squared_error,32,6,0.2,511,400,FunctionTransformer(func=<function reshape at 0x7fdb1d1c0360>),passthrough,"{'first_scale': 'passthrough', 'frequency': 'passthrough', 'model': HistGradientBoostingRegressor(early_stopping=True, max_iter=10000,
                              n_iter_no_change=100, random_state=42,
                              scoring='neg_root_mean_squared_error'), 'model__l2_regularization': 400, 'model__learning_rate': 0.1, 'model__loss': 'squared_error', 'model__max_bins': 32, 'model__max_depth': 6, 'model__max_features': 0.2, 'model__max_leaf_nodes': 511, 'model__min_samples_leaf': 400, 'reshape': FunctionTransformer(func=<function reshape at 0x7fdb1d1c0360>), 'second_scale': 'passthrough'}",0.0578254943926616,0.0578254943926616,0.0,1,0.8906753919856116,0.8906753919856116,0.0,0.9706567393303044,0.33064271958473296
0,28113.729825735092,0.0,81.72914171218872,0.0,passthrough,passthrough,"HistGradientBoostingRegressor(early_stopping=True, max_iter=10000,
                              n_iter_no_change=100, random_state=42,
                              scoring='neg_root_mean_squared_error')",100,0.01,squared_error,63,None,1.0,127,6400,FunctionTransformer(func=<function reshape at 0x7fdb1d1c0360>),passthrough,"{'first_scale': 'passthrough', 'frequency': 'passthrough', 'model': HistGradientBoostingRegressor(early_stopping=True, max_iter=10000,
                              n_iter_no_change=100, random_state=42,
                              scoring='neg_root_mean_squared_error'), 'model__l2_regularization': 100, 'model__learning_rate': 0.01, 'model__loss': 'squared_error', 'model__max_bins': 63, 'model__max_depth': None, 'model__max_features': 1.0, 'model__max_leaf_nodes': 127, 'model__min_samples_leaf': 6400, 'reshape': FunctionTransformer(func=<function reshape at 0x7fdb1d1c0360>), 'second_scale': 'passthrough'}",0.08669568278867512,0.08669568278867512,0.0,1,0.3361677678196675,0.3361677678196675,0.0,0.9556695648660811,0.8147590025156718
0,31676.475150823593,0.0,68.91688799858093,0.0,passthrough,passthrough,"HistGradientBoostingRegressor(early_stopping=True, max_iter=10000,
                              n_iter_no_change=100, random_state=42,
                              scoring='neg_root_mean_squared_error')",800,0.01,squared_error,63,None,0.5,255,6400,FunctionTransformer(func=<function reshape at 0x7fdb1d1c0360>),passthrough,"{'first_scale': 'passthrough', 'frequency': 'passthrough', 'model': HistGradientBoostingRegressor(early_stopping=True, max_iter=10000,
                              n_iter_no_change=100, random_state=42,
                              scoring='neg_root_mean_squared_error'), 'model__l2_regularization': 800, 'model__learning_rate': 0.01, 'model__loss': 'squared_error', 'model__max_bins': 63, 'model__max_depth': None, 'model__max_features': 0.5, 'model__max_leaf_nodes': 255, 'model__min_samples_leaf': 6400, 'reshape': FunctionTransformer(func=<function reshape at 0x7fdb1d1c0360>), 'second_scale': 'passthrough'}",0.08808779801922961,0.08808779801922961,0.0,1,0.3167856660746172,0.3167856660746172,0.0,0.9549409416193079,0.826567803586241
0,26842.802885055542,0.0,78.18665981292725,0.0,passthrough,passthrough,"HistGradientBoostingRegressor(early_stopping=True, max_iter=10000,
                              n_iter_no_change=100, random_state=42,
                              scoring='neg_root_mean_squared_error')",200,0.01,squared_error,63,6,0.5,127,6400,FunctionTransformer(func=<function reshape at 0x7fdb1d1c0360>),passthrough,"{'first_scale': 'passthrough', 'frequency': 'passthrough', 'model': HistGradientBoostingRegressor(early_stopping=True, max_iter=10000,
                              n_iter_no_change=100, random_state=42,
                              scoring='neg_root_mean_squared_error'), 'model__l2_regularization': 200, 'model__learning_rate': 0.01, 'model__loss': 'squared_error', 'model__max_bins': 63, 'model__max_depth': 6, 'model__max_features': 0.5, 'model__max_leaf_nodes': 127, 'model__min_samples_leaf': 6400, 'reshape': FunctionTransformer(func=<function reshape at 0x7fdb1d1c0360>), 'second_scale': 'passthrough'}",0.08857940423379307,0.08857940423379307,0.0,1,0.31762452813792186,0.31762452813792186,0.0,0.9546835055484131,0.8260602107970569
0,9169.627069711685,0.0,16.20004391670227,0.0,passthrough,passthrough,"HistGradientBoostingRegressor(early_stopping=True, max_iter=10000,
                              n_iter_no_change=100, random_state=42,
                              scoring='neg_root_mean_squared_error')",50,0.1,squared_error,32,6,0.2,511,200,FunctionTransformer(func=<function reshape at 0x7fdb1d1c0360>),passthrough,"{'first_scale': 'passthrough', 'frequency': 'passthrough', 'model': HistGradientBoostingRegressor(early_stopping=True, max_iter=10000,
                              n_iter_no_change=100, random_state=42,
                              scoring='neg_root_mean_squared_error'), 'model__l2_regularization': 50, 'model__learning_rate': 0.1, 'model__loss': 'squared_error', 'model__max_bins': 32, 'model__max_depth': 6, 'model__max_features': 0.2, 'model__max_leaf_nodes': 511, 'model__min_samples_leaf': 200, 'reshape': FunctionTransformer(func=<function reshape at 0x7fdb1d1c0360>), 'second_scale': 'passthrough'}",0.05960527164823204,0.05960527164823204,0.0,1,0.8592632163273584,0.8592632163273584,0.0,0.9697395157214993,0.3751490152894469
0,28967.921974658966,0.0,47.9669303894043,0.0,passthrough,passthrough,"HistGradientBoostingRegressor(early_stopping=True, max_iter=10000,
                              n_iter_no_change=100, random_state=42,
                              scoring='neg_root_mean_squared_error')",50,0.05,squared_error,32,6,0.2,127,400,FunctionTransformer(func=<function reshape at 0x7fdb1d1c0360>),passthrough,"{'first_scale': 'passthrough', 'frequency': 'passthrough', 'model': HistGradientBoostingRegressor(early_stopping=True, max_iter=10000,
                              n_iter_no_change=100, random_state=42,
                              scoring='neg_root_mean_squared_error'), 'model__l2_regularization': 50, 'model__learning_rate': 0.05, 'model__loss': 'squared_error', 'model__max_bins': 32, 'model__max_depth': 6, 'model__max_features': 0.2, 'model__max_leaf_nodes': 127, 'model__min_samples_leaf': 400, 'reshape': FunctionTransformer(func=<function reshape at 0x7fdb1d1c0360>), 'second_scale': 'passthrough'}",0.07387705919931409,0.07387705919931409,0.0,1,0.8949360122945508,0.8949360122945508,0.0,0.9623528151362607,0.32413575505557735
0,12847.85196518898,0.0,35.88232946395874,0.0,passthrough,passthrough,"HistGradientBoostingRegressor(early_stopping=True, max_iter=10000,
                              n_iter_no_change=100, random_state=42,
                              scoring='neg_root_mean_squared_error')",400,0.05,squared_error,32,6,1.0,127,800,FunctionTransformer(func=<function reshape at 0x7fdb1d1c0360>),passthrough,"{'first_scale': 'passthrough', 'frequency': 'passthrough', 'model': HistGradientBoostingRegressor(early_stopping=True, max_iter=10000,
                              n_iter_no_change=100, random_state=42,
                              scoring='neg_root_mean_squared_error'), 'model__l2_regularization': 400, 'model__learning_rate': 0.05, 'model__loss': 'squared_error', 'model__max_bins': 32, 'model__max_depth': 6, 'model__max_features': 1.0, 'model__max_leaf_nodes': 127, 'model__min_samples_leaf': 800, 'reshape': FunctionTransformer(func=<function reshape at 0x7fdb1d1c0360>), 'second_scale': 'passthrough'}",0.07797055304223477,0.07797055304223477,0.0,1,0.7746023760973997,0.7746023760973997,0.0,0.9602236442401141,0.4747605964089694
0,2991.5580921173096,0.0,10.142767667770386,0.0,passthrough,passthrough,"HistGradientBoostingRegressor(early_stopping=True, max_iter=10000,
                              n_iter_no_change=100, random_state=42,
                              scoring='neg_root_mean_squared_error')",200,0.1,squared_error,32,3,0.2,511,800,FunctionTransformer(func=<function reshape at 0x7fdb1d1c0360>),passthrough,"{'first_scale': 'passthrough', 'frequency': 'passthrough', 'model': HistGradientBoostingRegressor(early_stopping=True, max_iter=10000,
                              n_iter_no_change=100, random_state=42,
                              scoring='neg_root_mean_squared_error'), 'model__l2_regularization': 200, 'model__learning_rate': 0.1, 'model__loss': 'squared_error', 'model__max_bins': 32, 'model__max_depth': 3, 'model__max_features': 0.2, 'model__max_leaf_nodes': 511, 'model__min_samples_leaf': 800, 'reshape': FunctionTransformer(func=<function reshape at 0x7fdb1d1c0360>), 'second_scale': 'passthrough'}",0.07853336381040343,0.07853336381040343,0.0,1,0.41229849840428756,0.41229849840428756,0.0,0.9599305371690166,0.7666169197165638
0,18482.955284833908,0.0,46.08288836479187,0.0,passthrough,passthrough,"HistGradientBoostingRegressor(early_stopping=True, max_iter=10000,
                              n_iter_no_change=100, random_state=42,
                              scoring='neg_root_mean_squared_error')",200,0.05,squared_error,32,6,0.5,255,200,FunctionTransformer(func=<function reshape at 0x7fdb1d1c0360>),passthrough,"{'first_scale': 'passthrough', 'frequency': 'passthrough', 'model': HistGradientBoostingRegressor(early_stopping=True, max_iter=10000,
                              n_iter_no_change=100, random_state=42,
                              scoring='neg_root_mean_squared_error'), 'model__l2_regularization': 200, 'model__learning_rate': 0.05, 'model__loss': 'squared_error', 'model__max_bins': 32, 'model__max_depth': 6, 'model__max_features': 0.5, 'model__max_leaf_nodes': 255, 'model__min_samples_leaf': 200, 'reshape': FunctionTransformer(func=<function reshape at 0x7fdb1d1c0360>), 'second_scale': 'passthrough'}",0.07888021596245343,0.07888021596245343,0.0,1,0.9003165584587551,0.9003165584587551,0.0,0.9597498549296825,0.3157268464056309
0,9685.164242267609,0.0,21.76711344718933,0.0,passthrough,passthrough,"HistGradientBoostingRegressor(early_stopping=True, max_iter=10000,
                              n_iter_no_change=100, random_state=42,
                              scoring='neg_root_mean_squared_error')",100,0.05,squared_error,32,3,0.2,255,200,FunctionTransformer(func=<function reshape at 0x7fdb1d1c0360>),passthrough,"{'first_scale': 'passthrough', 'frequency': 'passthrough', 'model': HistGradientBoostingRegressor(early_stopping=True, max_iter=10000,
                              n_iter_no_change=100, random_state=42,
                              scoring='neg_root_mean_squared_error'), 'model__l2_regularization': 100, 'model__learning_rate': 0.05, 'model__loss': 'squared_error', 'model__max_bins': 32, 'model__max_depth': 3, 'model__max_features': 0.2, 'model__max_leaf_nodes': 255, 'model__min_samples_leaf': 200, 'reshape': FunctionTransformer(func=<function reshape at 0x7fdb1d1c0360>), 'second_scale': 'passthrough'}",0.08335499663112633,0.08335499663112633,0.0,1,0.43096293674545605,0.43096293674545605,0.0,0.9574157944011963,0.754345453525468
0,15230.077247142792,0.0,52.420724630355835,0.0,passthrough,passthrough,"HistGradientBoostingRegressor(early_stopping=True, max_iter=10000,
                              n_iter_no_change=100, random_state=42,
                              scoring='neg_root_mean_squared_error')",400,0.02,squared_error,32,3,0.2,255,400,FunctionTransformer(func=<function reshape at 0x7fdb1d1c0360>),passthrough,"{'first_scale': 'passthrough', 'frequency': 'passthrough', 'model': HistGradientBoostingRegressor(early_stopping=True, max_iter=10000,
                              n_iter_no_change=100, random_state=42,
                              scoring='neg_root_mean_squared_error'), 'model__l2_regularization': 400, 'model__learning_rate': 0.02, 'model__loss': 'squared_error', 'model__max_bins': 32, 'model__max_depth': 3, 'model__max_features': 0.2, 'model__max_leaf_nodes': 255, 'model__min_samples_leaf': 400, 'reshape': FunctionTransformer(func=<function reshape at 0x7fdb1d1c0360>), 'second_scale': 'passthrough'}",0.08717321148439361,0.08717321148439361,0.0,1,0.42766900749657155,0.42766900749657155,0.0,0.9554196923423791,0.7565256059800147
0,8069.6837594509125,0.0,16.80688738822937,0.0,passthrough,passthrough,"HistGradientBoostingRegressor(early_stopping=True, max_iter=10000,
                              n_iter_no_change=100, random_state=42,
                              scoring='neg_root_mean_squared_error')",50,0.1,squared_error,32,6,1.0,127,200,FunctionTransformer(func=<function reshape at 0x7fdb1d1c0360>),passthrough,"{'first_scale': 'passthrough', 'frequency': 'passthrough', 'model': HistGradientBoostingRegressor(early_stopping=True, max_iter=10000,
                              n_iter_no_change=100, random_state=42,
                              scoring='neg_root_mean_squared_error'), 'model__l2_regularization': 50, 'model__learning_rate': 0.1, 'model__loss': 'squared_error', 'model__max_bins': 32, 'model__max_depth': 6, 'model__max_features': 1.0, 'model__max_leaf_nodes': 127, 'model__min_samples_leaf': 200, 'reshape': FunctionTransformer(func=<function reshape at 0x7fdb1d1c0360>), 'second_scale': 'passthrough'}",0.054520233732352485,0.054520233732352485,0.0,1,0.8550927094940075,0.8550927094940075,0.0,0.9723578385901188,0.38066690229909994
0,28214.73450732231,0.0,80.49331140518188,0.0,passthrough,passthrough,"HistGradientBoostingRegressor(early_stopping=True, max_iter=10000,
                              n_iter_no_change=100, random_state=42,
                              scoring='neg_root_mean_squared_error')",400,0.01,squared_error,63,None,0.5,255,6400,FunctionTransformer(func=<function reshape at 0x7fdb1d1c0360>),passthrough,"{'first_scale': 'passthrough', 'frequency': 'passthrough', 'model': HistGradientBoostingRegressor(early_stopping=True, max_iter=10000,
                              n_iter_no_change=100, random_state=42,
                              scoring='neg_root_mean_squared_error'), 'model__l2_regularization': 400, 'model__learning_rate': 0.01, 'model__loss': 'squared_error', 'model__max_bins': 63, 'model__max_depth': None, 'model__max_features': 0.5, 'model__max_leaf_nodes': 255, 'model__min_samples_leaf': 6400, 'reshape': FunctionTransformer(func=<function reshape at 0x7fdb1d1c0360>), 'second_scale': 'passthrough'}",0.08773877943689268,0.08773877943689268,0.0,1,0.3239599352457928,0.3239599352457928,0.0,0.9551236676803205,0.8222165558745501
0,24053.453454256058,0.0,35.21757364273071,0.0,passthrough,passthrough,"HistGradientBoostingRegressor(early_stopping=True, max_iter=10000,
                              n_iter_no_change=100, random_state=42,
                              scoring='neg_root_mean_squared_error')",50,0.05,squared_error,32,6,1.0,127,200,FunctionTransformer(func=<function reshape at 0x7fdb1d1c0360>),passthrough,"{'first_scale': 'passthrough', 'frequency': 'passthrough', 'model': HistGradientBoostingRegressor(early_stopping=True, max_iter=10000,
                              n_iter_no_change=100, random_state=42,
                              scoring='neg_root_mean_squared_error'), 'model__l2_regularization': 50, 'model__learning_rate': 0.05, 'model__loss': 'squared_error', 'model__max_bins': 32, 'model__max_depth': 6, 'model__max_features': 1.0, 'model__max_leaf_nodes': 127, 'model__min_samples_leaf': 200, 'reshape': FunctionTransformer(func=<function reshape at 0x7fdb1d1c0360>), 'second_scale': 'passthrough'}",0.07245810473384473,0.07245810473384473,0.0,1,0.893785223832593,0.893785223832593,0.0,0.9630897649057202,0.32590608488858724
0,24602.833678245544,0.0,70.62590146064758,0.0,passthrough,passthrough,"HistGradientBoostingRegressor(early_stopping=True, max_iter=10000,
                              n_iter_no_change=100, random_state=42,
                              scoring='neg_root_mean_squared_error')",100,0.02,squared_error,32,3,0.5,127,200,FunctionTransformer(func=<function reshape at 0x7fdb1d1c0360>),passthrough,"{'first_scale': 'passthrough', 'frequency': 'passthrough', 'model': HistGradientBoostingRegressor(early_stopping=True, max_iter=10000,
                              n_iter_no_change=100, random_state=42,
                              scoring='neg_root_mean_squared_error'), 'model__l2_regularization': 100, 'model__learning_rate': 0.02, 'model__loss': 'squared_error', 'model__max_bins': 32, 'model__max_depth': 3, 'model__max_features': 0.5, 'model__max_leaf_nodes': 127, 'model__min_samples_leaf': 200, 'reshape': FunctionTransformer(func=<function reshape at 0x7fdb1d1c0360>), 'second_scale': 'passthrough'}",0.08476366328471296,0.08476366328471296,0.0,1,0.461960147557664,0.461960147557664,0.0,0.9566798506895016,0.7335119988400571
0,12262.099254608154,0.0,27.530511379241943,0.0,passthrough,passthrough,"HistGradientBoostingRegressor(early_stopping=True, max_iter=10000,
                              n_iter_no_change=100, random_state=42,
                              scoring='neg_root_mean_squared_error')",400,0.05,squared_error,32,3,0.2,127,200,FunctionTransformer(func=<function reshape at 0x7fdb1d1c0360>),passthrough,"{'first_scale': 'passthrough', 'frequency': 'passthrough', 'model': HistGradientBoostingRegressor(early_stopping=True, max_iter=10000,
                              n_iter_no_change=100, random_state=42,
                              scoring='neg_root_mean_squared_error'), 'model__l2_regularization': 400, 'model__learning_rate': 0.05, 'model__loss': 'squared_error', 'model__max_bins': 32, 'model__max_depth': 3, 'model__max_features': 0.2, 'model__max_leaf_nodes': 127, 'model__min_samples_leaf': 200, 'reshape': FunctionTransformer(func=<function reshape at 0x7fdb1d1c0360>), 'second_scale': 'passthrough'}",0.08166823403258872,0.08166823403258872,0.0,1,0.4802314307417652,0.4802314307417652,0.0,0.9582962829769357,0.7209497688870111
0,25097.354006528854,0.0,83.49178051948547,0.0,passthrough,passthrough,"HistGradientBoostingRegressor(early_stopping=True, max_iter=10000,
                              n_iter_no_change=100, random_state=42,
                              scoring='neg_root_mean_squared_error')",100,0.02,squared_error,32,3,0.5,255,200,FunctionTransformer(func=<function reshape at 0x7fdb1d1c0360>),passthrough,"{'first_scale': 'passthrough', 'frequency': 'passthrough', 'model': HistGradientBoostingRegressor(early_stopping=True, max_iter=10000,
                              n_iter_no_change=100, random_state=42,
                              scoring='neg_root_mean_squared_error'), 'model__l2_regularization': 100, 'model__learning_rate': 0.02, 'model__loss': 'squared_error', 'model__max_bins': 32, 'model__max_depth': 3, 'model__max_features': 0.5, 'model__max_leaf_nodes': 255, 'model__min_samples_leaf': 200, 'reshape': FunctionTransformer(func=<function reshape at 0x7fdb1d1c0360>), 'second_scale': 'passthrough'}",0.08476366328471296,0.08476366328471296,0.0,1,0.461960147557664,0.461960147557664,0.0,0.9566798506895016,0.7335119988400571
0,2613.5285222530365,0.0,12.608768701553345,0.0,passthrough,passthrough,"HistGradientBoostingRegressor(early_stopping=True, max_iter=10000,
                              n_iter_no_change=100, random_state=42,
                              scoring='neg_root_mean_squared_error')",200,0.1,squared_error,32,3,1.0,511,400,FunctionTransformer(func=<function reshape at 0x7fdb1d1c0360>),passthrough,"{'first_scale': 'passthrough', 'frequency': 'passthrough', 'model': HistGradientBoostingRegressor(early_stopping=True, max_iter=10000,
                              n_iter_no_change=100, random_state=42,
                              scoring='neg_root_mean_squared_error'), 'model__l2_regularization': 200, 'model__learning_rate': 0.1, 'model__loss': 'squared_error', 'model__max_bins': 32, 'model__max_depth': 3, 'model__max_features': 1.0, 'model__max_leaf_nodes': 511, 'model__min_samples_leaf': 400, 'reshape': FunctionTransformer(func=<function reshape at 0x7fdb1d1c0360>), 'second_scale': 'passthrough'}",0.07505244595936589,0.07505244595936589,0.0,1,0.3851962070328342,0.3851962070328342,0.0,0.9617419373411114,0.7840942500536309
0,7760.737107515335,0.0,24.47330331802368,0.0,passthrough,passthrough,"HistGradientBoostingRegressor(early_stopping=True, max_iter=10000,
                              n_iter_no_change=100, random_state=42,
                              scoring='neg_root_mean_squared_error')",200,0.05,squared_error,32,3,0.2,127,800,FunctionTransformer(func=<function reshape at 0x7fdb1d1c0360>),passthrough,"{'first_scale': 'passthrough', 'frequency': 'passthrough', 'model': HistGradientBoostingRegressor(early_stopping=True, max_iter=10000,
                              n_iter_no_change=100, random_state=42,
                              scoring='neg_root_mean_squared_error'), 'model__l2_regularization': 200, 'model__learning_rate': 0.05, 'model__loss': 'squared_error', 'model__max_bins': 32, 'model__max_depth': 3, 'model__max_features': 0.2, 'model__max_leaf_nodes': 127, 'model__min_samples_leaf': 800, 'reshape': FunctionTransformer(func=<function reshape at 0x7fdb1d1c0360>), 'second_scale': 'passthrough'}",0.07967136600787728,0.07967136600787728,0.0,1,0.4818356074980169,0.4818356074980169,0.0,0.959337601677388,0.7198363650872212
0,14967.149104833603,0.0,51.987045764923096,0.0,passthrough,passthrough,"HistGradientBoostingRegressor(early_stopping=True, max_iter=10000,
                              n_iter_no_change=100, random_state=42,
                              scoring='neg_root_mean_squared_error')",400,0.02,squared_error,32,3,1.0,255,400,FunctionTransformer(func=<function reshape at 0x7fdb1d1c0360>),passthrough,"{'first_scale': 'passthrough', 'frequency': 'passthrough', 'model': HistGradientBoostingRegressor(early_stopping=True, max_iter=10000,
                              n_iter_no_change=100, random_state=42,
                              scoring='neg_root_mean_squared_error'), 'model__l2_regularization': 400, 'model__learning_rate': 0.02, 'model__loss': 'squared_error', 'model__max_bins': 32, 'model__max_depth': 3, 'model__max_features': 1.0, 'model__max_leaf_nodes': 255, 'model__min_samples_leaf': 400, 'reshape': FunctionTransformer(func=<function reshape at 0x7fdb1d1c0360>), 'second_scale': 'passthrough'}",0.08288298940232475,0.08288298940232475,0.0,1,0.448402579633443,0.448402579633443,0.0,0.957662263325477,0.7426960484387655
0,4777.723168134689,0.0,16.676007986068726,0.0,passthrough,passthrough,"HistGradientBoostingRegressor(early_stopping=True, max_iter=10000,
                              n_iter_no_change=100, random_state=42,
                              scoring='neg_root_mean_squared_error')",200,0.1,squared_error,32,6,0.2,255,800,FunctionTransformer(func=<function reshape at 0x7fdb1d1c0360>),passthrough,"{'first_scale': 'passthrough', 'frequency': 'passthrough', 'model': HistGradientBoostingRegressor(early_stopping=True, max_iter=10000,
                              n_iter_no_change=100, random_state=42,
                              scoring='neg_root_mean_squared_error'), 'model__l2_regularization': 200, 'model__learning_rate': 0.1, 'model__loss': 'squared_error', 'model__max_bins': 32, 'model__max_depth': 6, 'model__max_features': 0.2, 'model__max_leaf_nodes': 255, 'model__min_samples_leaf': 800, 'reshape': FunctionTransformer(func=<function reshape at 0x7fdb1d1c0360>), 'second_scale': 'passthrough'}",0.062133162196942426,0.062133162196942426,0.0,1,0.7696294603214976,0.7696294603214976,0.0,0.9684352522513096,0.47996931118406144
0,4111.671338558197,0.0,16.40635061264038,0.0,passthrough,passthrough,"HistGradientBoostingRegressor(early_stopping=True, max_iter=10000,
                              n_iter_no_change=100, random_state=42,
                              scoring='neg_root_mean_squared_error')",100,0.1,squared_error,32,3,0.5,127,400,FunctionTransformer(func=<function reshape at 0x7fdb1d1c0360>),passthrough,"{'first_scale': 'passthrough', 'frequency': 'passthrough', 'model': HistGradientBoostingRegressor(early_stopping=True, max_iter=10000,
                              n_iter_no_change=100, random_state=42,
                              scoring='neg_root_mean_squared_error'), 'model__l2_regularization': 100, 'model__learning_rate': 0.1, 'model__loss': 'squared_error', 'model__max_bins': 32, 'model__max_depth': 3, 'model__max_features': 0.5, 'model__max_leaf_nodes': 127, 'model__min_samples_leaf': 400, 'reshape': FunctionTransformer(func=<function reshape at 0x7fdb1d1c0360>), 'second_scale': 'passthrough'}",0.073365416143931,0.073365416143931,0.0,1,0.46967963354710784,0.46967963354710784,0.0,0.9626186076822268,0.7282309842714001
0,14442.816808462143,0.0,46.136961936950684,0.0,passthrough,passthrough,"HistGradientBoostingRegressor(early_stopping=True, max_iter=10000,
                              n_iter_no_change=100, random_state=42,
                              scoring='neg_root_mean_squared_error')",200,0.02,squared_error,32,3,1.0,255,200,FunctionTransformer(func=<function reshape at 0x7fdb1d1c0360>),passthrough,"{'first_scale': 'passthrough', 'frequency': 'passthrough', 'model': HistGradientBoostingRegressor(early_stopping=True, max_iter=10000,
                              n_iter_no_change=100, random_state=42,
                              scoring='neg_root_mean_squared_error'), 'model__l2_regularization': 200, 'model__learning_rate': 0.02, 'model__loss': 'squared_error', 'model__max_bins': 32, 'model__max_depth': 3, 'model__max_features': 1.0, 'model__max_leaf_nodes': 255, 'model__min_samples_leaf': 200, 'reshape': FunctionTransformer(func=<function reshape at 0x7fdb1d1c0360>), 'second_scale': 'passthrough'}",0.08251266555396575,0.08251266555396575,0.0,1,0.45097705617787576,0.45097705617787576,0.0,0.9578555916452304,0.7409608247553471
0,7997.207700014114,0.0,18.86169695854187,0.0,passthrough,passthrough,"HistGradientBoostingRegressor(early_stopping=True, max_iter=10000,
                              n_iter_no_change=100, random_state=42,
                              scoring='neg_root_mean_squared_error')",100,0.1,squared_error,32,3,1.0,127,200,FunctionTransformer(func=<function reshape at 0x7fdb1d1c0360>),passthrough,"{'first_scale': 'passthrough', 'frequency': 'passthrough', 'model': HistGradientBoostingRegressor(early_stopping=True, max_iter=10000,
                              n_iter_no_change=100, random_state=42,
                              scoring='neg_root_mean_squared_error'), 'model__l2_regularization': 100, 'model__learning_rate': 0.1, 'model__loss': 'squared_error', 'model__max_bins': 32, 'model__max_depth': 3, 'model__max_features': 1.0, 'model__max_leaf_nodes': 127, 'model__min_samples_leaf': 200, 'reshape': FunctionTransformer(func=<function reshape at 0x7fdb1d1c0360>), 'second_scale': 'passthrough'}",0.07032063649009201,0.07032063649009201,0.0,1,0.5005546257947053,0.5005546257947053,0.0,0.9641988194920734,0.7067144927092515
0,13504.55947804451,0.0,26.55426263809204,0.0,passthrough,passthrough,"HistGradientBoostingRegressor(early_stopping=True, max_iter=10000,
                              n_iter_no_change=100, random_state=42,
                              scoring='neg_root_mean_squared_error')",100,0.1,squared_error,32,6,0.2,511,800,FunctionTransformer(func=<function reshape at 0x7fdb1d1c0360>),passthrough,"{'first_scale': 'passthrough', 'frequency': 'passthrough', 'model': HistGradientBoostingRegressor(early_stopping=True, max_iter=10000,
                              n_iter_no_change=100, random_state=42,
                              scoring='neg_root_mean_squared_error'), 'model__l2_regularization': 100, 'model__learning_rate': 0.1, 'model__loss': 'squared_error', 'model__max_bins': 32, 'model__max_depth': 6, 'model__max_features': 0.2, 'model__max_leaf_nodes': 511, 'model__min_samples_leaf': 800, 'reshape': FunctionTransformer(func=<function reshape at 0x7fdb1d1c0360>), 'second_scale': 'passthrough'}",0.06104957509941078,0.06104957509941078,0.0,1,0.8282168417622594,0.8282168417622594,0.0,0.9689945432769935,0.4144673186606401
0,16085.476638793945,0.0,45.72558307647705,0.0,passthrough,passthrough,"HistGradientBoostingRegressor(early_stopping=True, max_iter=10000,
                              n_iter_no_change=100, random_state=42,
                              scoring='neg_root_mean_squared_error')",400,0.05,squared_error,32,6,0.5,127,800,FunctionTransformer(func=<function reshape at 0x7fdb1d1c0360>),passthrough,"{'first_scale': 'passthrough', 'frequency': 'passthrough', 'model': HistGradientBoostingRegressor(early_stopping=True, max_iter=10000,
                              n_iter_no_change=100, random_state=42,
                              scoring='neg_root_mean_squared_error'), 'model__l2_regularization': 400, 'model__learning_rate': 0.05, 'model__loss': 'squared_error', 'model__max_bins': 32, 'model__max_depth': 6, 'model__max_features': 0.5, 'model__max_leaf_nodes': 127, 'model__min_samples_leaf': 800, 'reshape': FunctionTransformer(func=<function reshape at 0x7fdb1d1c0360>), 'second_scale': 'passthrough'}",0.07944602273549417,0.07944602273549417,0.0,1,0.8131928383305764,0.8131928383305764,0.0,0.9594550418151472,0.43221194068353036
0,6493.534482955933,0.0,21.31086254119873,0.0,passthrough,passthrough,"HistGradientBoostingRegressor(early_stopping=True, max_iter=10000,
                              n_iter_no_change=100, random_state=42,
                              scoring='neg_root_mean_squared_error')",100,0.1,squared_error,32,3,0.2,255,400,FunctionTransformer(func=<function reshape at 0x7fdb1d1c0360>),passthrough,"{'first_scale': 'passthrough', 'frequency': 'passthrough', 'model': HistGradientBoostingRegressor(early_stopping=True, max_iter=10000,
                              n_iter_no_change=100, random_state=42,
                              scoring='neg_root_mean_squared_error'), 'model__l2_regularization': 100, 'model__learning_rate': 0.1, 'model__loss': 'squared_error', 'model__max_bins': 32, 'model__max_depth': 3, 'model__max_features': 0.2, 'model__max_leaf_nodes': 255, 'model__min_samples_leaf': 400, 'reshape': FunctionTransformer(func=<function reshape at 0x7fdb1d1c0360>), 'second_scale': 'passthrough'}",0.07220074396653853,0.07220074396653853,0.0,1,0.48427164289364866,0.48427164289364866,0.0,0.963223367674114,0.7181422958622834
0,24847.38087081909,0.0,61.44034147262573,0.0,passthrough,passthrough,"HistGradientBoostingRegressor(early_stopping=True, max_iter=10000,
                              n_iter_no_change=100, random_state=42,
                              scoring='neg_root_mean_squared_error')",100,0.02,squared_error,32,3,1.0,255,400,FunctionTransformer(func=<function reshape at 0x7fdb1d1c0360>),passthrough,"{'first_scale': 'passthrough', 'frequency': 'passthrough', 'model': HistGradientBoostingRegressor(early_stopping=True, max_iter=10000,
                              n_iter_no_change=100, random_state=42,
                              scoring='neg_root_mean_squared_error'), 'model__l2_regularization': 100, 'model__learning_rate': 0.02, 'model__loss': 'squared_error', 'model__max_bins': 32, 'model__max_depth': 3, 'model__max_features': 1.0, 'model__max_leaf_nodes': 255, 'model__min_samples_leaf': 400, 'reshape': FunctionTransformer(func=<function reshape at 0x7fdb1d1c0360>), 'second_scale': 'passthrough'}",0.08210605412295702,0.08210605412295702,0.0,1,0.4579711533136098,0.4579711533136098,0.0,0.9580678190384243,0.7362260839486674
0,28865.99983906746,0.0,75.00936818122864,0.0,passthrough,passthrough,"HistGradientBoostingRegressor(early_stopping=True, max_iter=10000,
                              n_iter_no_change=100, random_state=42,
                              scoring='neg_root_mean_squared_error')",800,0.0025,squared_error,63,None,1.0,255,6400,FunctionTransformer(func=<function reshape at 0x7fdb1d1c0360>),passthrough,"{'first_scale': 'passthrough', 'frequency': 'passthrough', 'model': HistGradientBoostingRegressor(early_stopping=True, max_iter=10000,
                              n_iter_no_change=100, random_state=42,
                              scoring='neg_root_mean_squared_error'), 'model__l2_regularization': 800, 'model__learning_rate': 0.0025, 'model__loss': 'squared_error', 'model__max_bins': 63, 'model__max_depth': None, 'model__max_features': 1.0, 'model__max_leaf_nodes': 255, 'model__min_samples_leaf': 6400, 'reshape': FunctionTransformer(func=<function reshape at 0x7fdb1d1c0360>), 'second_scale': 'passthrough'}",0.07942631806660327,0.07942631806660327,0.0,1,0.1727538704993078,0.1727538704993078,0.0,0.9594653104377442,0.9095307193826343
0,3587.925122499466,0.0,12.680994033813477,0.0,passthrough,passthrough,"HistGradientBoostingRegressor(early_stopping=True, max_iter=10000,
                              n_iter_no_change=100, random_state=42,
                              scoring='neg_root_mean_squared_error')",100,0.1,squared_error,32,3,0.5,255,200,FunctionTransformer(func=<function reshape at 0x7fdb1d1c0360>),passthrough,"{'first_scale': 'passthrough', 'frequency': 'passthrough', 'model': HistGradientBoostingRegressor(early_stopping=True, max_iter=10000,
                              n_iter_no_change=100, random_state=42,
                              scoring='neg_root_mean_squared_error'), 'model__l2_regularization': 100, 'model__learning_rate': 0.1, 'model__loss': 'squared_error', 'model__max_bins': 32, 'model__max_depth': 3, 'model__max_features': 0.5, 'model__max_leaf_nodes': 255, 'model__min_samples_leaf': 200, 'reshape': FunctionTransformer(func=<function reshape at 0x7fdb1d1c0360>), 'second_scale': 'passthrough'}",0.07676617267306618,0.07676617267306618,0.0,1,0.4393568627476305,0.4393568627476305,0.0,0.9608505749214775,0.7487610682002434
0,15832.487470626831,0.0,50.3680317401886,0.0,passthrough,passthrough,"HistGradientBoostingRegressor(early_stopping=True, max_iter=10000,
                              n_iter_no_change=100, random_state=42,
                              scoring='neg_root_mean_squared_error')",400,0.02,squared_error,32,3,0.2,511,400,FunctionTransformer(func=<function reshape at 0x7fdb1d1c0360>),passthrough,"{'first_scale': 'passthrough', 'frequency': 'passthrough', 'model': HistGradientBoostingRegressor(early_stopping=True, max_iter=10000,
                              n_iter_no_change=100, random_state=42,
                              scoring='neg_root_mean_squared_error'), 'model__l2_regularization': 400, 'model__learning_rate': 0.02, 'model__loss': 'squared_error', 'model__max_bins': 32, 'model__max_depth': 3, 'model__max_features': 0.2, 'model__max_leaf_nodes': 511, 'model__min_samples_leaf': 400, 'reshape': FunctionTransformer(func=<function reshape at 0x7fdb1d1c0360>), 'second_scale': 'passthrough'}",0.08717321148439361,0.08717321148439361,0.0,1,0.42766900749657155,0.42766900749657155,0.0,0.9554196923423791,0.7565256059800147
0,15397.144529819489,0.0,45.622615337371826,0.0,passthrough,passthrough,"HistGradientBoostingRegressor(early_stopping=True, max_iter=10000,
                              n_iter_no_change=100, random_state=42,
                              scoring='neg_root_mean_squared_error')",50,0.02,squared_error,32,3,1.0,127,800,FunctionTransformer(func=<function reshape at 0x7fdb1d1c0360>),passthrough,"{'first_scale': 'passthrough', 'frequency': 'passthrough', 'model': HistGradientBoostingRegressor(early_stopping=True, max_iter=10000,
                              n_iter_no_change=100, random_state=42,
                              scoring='neg_root_mean_squared_error'), 'model__l2_regularization': 50, 'model__learning_rate': 0.02, 'model__loss': 'squared_error', 'model__max_bins': 32, 'model__max_depth': 3, 'model__max_features': 1.0, 'model__max_leaf_nodes': 127, 'model__min_samples_leaf': 800, 'reshape': FunctionTransformer(func=<function reshape at 0x7fdb1d1c0360>), 'second_scale': 'passthrough'}",0.0826245674007745,0.0826245674007745,0.0,1,0.46326184953302296,0.46326184953302296,0.0,0.9577971771722996,0.7326241536196968
0,14582.528714895248,0.0,32.826276540756226,0.0,passthrough,passthrough,"HistGradientBoostingRegressor(early_stopping=True, max_iter=10000,
                              n_iter_no_change=100, random_state=42,
                              scoring='neg_root_mean_squared_error')",400,0.1,squared_error,32,6,0.5,511,400,FunctionTransformer(func=<function reshape at 0x7fdb1d1c0360>),passthrough,"{'first_scale': 'passthrough', 'frequency': 'passthrough', 'model': HistGradientBoostingRegressor(early_stopping=True, max_iter=10000,
                              n_iter_no_change=100, random_state=42,
                              scoring='neg_root_mean_squared_error'), 'model__l2_regularization': 400, 'model__learning_rate': 0.1, 'model__loss': 'squared_error', 'model__max_bins': 32, 'model__max_depth': 6, 'model__max_features': 0.5, 'model__max_leaf_nodes': 511, 'model__min_samples_leaf': 400, 'reshape': FunctionTransformer(func=<function reshape at 0x7fdb1d1c0360>), 'second_scale': 'passthrough'}",0.06042484551835381,0.06042484551835381,0.0,1,0.8843639282866118,0.8843639282866118,0.0,0.9693168493746749,0.3400530424998256
0,7994.308619737625,0.0,19.332634687423706,0.0,passthrough,passthrough,"HistGradientBoostingRegressor(early_stopping=True, max_iter=10000,
                              n_iter_no_change=100, random_state=42,
                              scoring='neg_root_mean_squared_error')",100,0.1,squared_error,32,3,0.2,127,400,FunctionTransformer(func=<function reshape at 0x7fdb1d1c0360>),passthrough,"{'first_scale': 'passthrough', 'frequency': 'passthrough', 'model': HistGradientBoostingRegressor(early_stopping=True, max_iter=10000,
                              n_iter_no_change=100, random_state=42,
                              scoring='neg_root_mean_squared_error'), 'model__l2_regularization': 100, 'model__learning_rate': 0.1, 'model__loss': 'squared_error', 'model__max_bins': 32, 'model__max_depth': 3, 'model__max_features': 0.2, 'model__max_leaf_nodes': 127, 'model__min_samples_leaf': 400, 'reshape': FunctionTransformer(func=<function reshape at 0x7fdb1d1c0360>), 'second_scale': 'passthrough'}",0.07220074396653853,0.07220074396653853,0.0,1,0.48427164289364866,0.48427164289364866,0.0,0.963223367674114,0.7181422958622834
0,15236.024547576904,0.0,33.3466579914093,0.0,passthrough,passthrough,"HistGradientBoostingRegressor(early_stopping=True, max_iter=10000,
                              n_iter_no_change=100, random_state=42,
                              scoring='neg_root_mean_squared_error')",100,0.05,squared_error,32,3,0.2,127,800,FunctionTransformer(func=<function reshape at 0x7fdb1d1c0360>),passthrough,"{'first_scale': 'passthrough', 'frequency': 'passthrough', 'model': HistGradientBoostingRegressor(early_stopping=True, max_iter=10000,
                              n_iter_no_change=100, random_state=42,
                              scoring='neg_root_mean_squared_error'), 'model__l2_regularization': 100, 'model__learning_rate': 0.05, 'model__loss': 'squared_error', 'model__max_bins': 32, 'model__max_depth': 3, 'model__max_features': 0.2, 'model__max_leaf_nodes': 127, 'model__min_samples_leaf': 800, 'reshape': FunctionTransformer(func=<function reshape at 0x7fdb1d1c0360>), 'second_scale': 'passthrough'}",0.07818729810375002,0.07818729810375002,0.0,1,0.5320100011429193,0.5320100011429193,0.0,0.9601107758463343,0.6840979453682643
0,10660.450150251389,0.0,27.782894134521484,0.0,passthrough,passthrough,"HistGradientBoostingRegressor(early_stopping=True, max_iter=10000,
                              n_iter_no_change=100, random_state=42,
                              scoring='neg_root_mean_squared_error')",200,0.1,squared_error,32,6,0.5,255,200,FunctionTransformer(func=<function reshape at 0x7fdb1d1c0360>),passthrough,"{'first_scale': 'passthrough', 'frequency': 'passthrough', 'model': HistGradientBoostingRegressor(early_stopping=True, max_iter=10000,
                              n_iter_no_change=100, random_state=42,
                              scoring='neg_root_mean_squared_error'), 'model__l2_regularization': 200, 'model__learning_rate': 0.1, 'model__loss': 'squared_error', 'model__max_bins': 32, 'model__max_depth': 6, 'model__max_features': 0.5, 'model__max_leaf_nodes': 255, 'model__min_samples_leaf': 200, 'reshape': FunctionTransformer(func=<function reshape at 0x7fdb1d1c0360>), 'second_scale': 'passthrough'}",0.06284598479741532,0.06284598479741532,0.0,1,0.897656744246282,0.897656744246282,0.0,0.968067154283516,0.3199113248288001
0,5186.421933412552,0.0,14.857215404510498,0.0,passthrough,passthrough,"HistGradientBoostingRegressor(early_stopping=True, max_iter=10000,
                              n_iter_no_change=100, random_state=42,
                              scoring='neg_root_mean_squared_error')",400,0.1,squared_error,32,3,1.0,127,200,FunctionTransformer(func=<function reshape at 0x7fdb1d1c0360>),passthrough,"{'first_scale': 'passthrough', 'frequency': 'passthrough', 'model': HistGradientBoostingRegressor(early_stopping=True, max_iter=10000,
                              n_iter_no_change=100, random_state=42,
                              scoring='neg_root_mean_squared_error'), 'model__l2_regularization': 400, 'model__learning_rate': 0.1, 'model__loss': 'squared_error', 'model__max_bins': 32, 'model__max_depth': 3, 'model__max_features': 1.0, 'model__max_leaf_nodes': 127, 'model__min_samples_leaf': 200, 'reshape': FunctionTransformer(func=<function reshape at 0x7fdb1d1c0360>), 'second_scale': 'passthrough'}",0.07768145544082039,0.07768145544082039,0.0,1,0.4663430831392583,0.4663430831392583,0.0,0.9603741690399527,0.7305182522433931
0,8370.368115186691,0.0,21.784087657928467,0.0,passthrough,passthrough,"HistGradientBoostingRegressor(early_stopping=True, max_iter=10000,
                              n_iter_no_change=100, random_state=42,
                              scoring='neg_root_mean_squared_error')",50,0.1,squared_error,32,6,0.5,127,400,FunctionTransformer(func=<function reshape at 0x7fdb1d1c0360>),passthrough,"{'first_scale': 'passthrough', 'frequency': 'passthrough', 'model': HistGradientBoostingRegressor(early_stopping=True, max_iter=10000,
                              n_iter_no_change=100, random_state=42,
                              scoring='neg_root_mean_squared_error'), 'model__l2_regularization': 50, 'model__learning_rate': 0.1, 'model__loss': 'squared_error', 'model__max_bins': 32, 'model__max_depth': 6, 'model__max_features': 0.5, 'model__max_leaf_nodes': 127, 'model__min_samples_leaf': 400, 'reshape': FunctionTransformer(func=<function reshape at 0x7fdb1d1c0360>), 'second_scale': 'passthrough'}",0.057603246246090256,0.057603246246090256,0.0,1,0.850206320082646,0.850206320082646,0.0,0.9707712159689892,0.38703188488463586
0,25674.34136724472,0.0,68.34634304046631,0.0,passthrough,passthrough,"HistGradientBoostingRegressor(early_stopping=True, max_iter=10000,
                              n_iter_no_change=100, random_state=42,
                              scoring='neg_root_mean_squared_error')",400,0.05,squared_error,32,6,0.2,255,800,FunctionTransformer(func=<function reshape at 0x7fdb1d1c0360>),passthrough,"{'first_scale': 'passthrough', 'frequency': 'passthrough', 'model': HistGradientBoostingRegressor(early_stopping=True, max_iter=10000,
                              n_iter_no_change=100, random_state=42,
                              scoring='neg_root_mean_squared_error'), 'model__l2_regularization': 400, 'model__learning_rate': 0.05, 'model__loss': 'squared_error', 'model__max_bins': 32, 'model__max_depth': 6, 'model__max_features': 0.2, 'model__max_leaf_nodes': 255, 'model__min_samples_leaf': 800, 'reshape': FunctionTransformer(func=<function reshape at 0x7fdb1d1c0360>), 'second_scale': 'passthrough'}",0.07456575602148219,0.07456575602148219,0.0,1,0.8753786350561461,0.8753786350561461,0.0,0.9619949292894,0.35301751365032
0,21049.080446243286,0.0,47.1634795665741,0.0,passthrough,passthrough,"HistGradientBoostingRegressor(early_stopping=True, max_iter=10000,
                              n_iter_no_change=100, random_state=42,
                              scoring='neg_root_mean_squared_error')",400,0.05,squared_error,32,6,1.0,255,200,FunctionTransformer(func=<function reshape at 0x7fdb1d1c0360>),passthrough,"{'first_scale': 'passthrough', 'frequency': 'passthrough', 'model': HistGradientBoostingRegressor(early_stopping=True, max_iter=10000,
                              n_iter_no_change=100, random_state=42,
                              scoring='neg_root_mean_squared_error'), 'model__l2_regularization': 400, 'model__learning_rate': 0.05, 'model__loss': 'squared_error', 'model__max_bins': 32, 'model__max_depth': 6, 'model__max_features': 1.0, 'model__max_leaf_nodes': 255, 'model__min_samples_leaf': 200, 'reshape': FunctionTransformer(func=<function reshape at 0x7fdb1d1c0360>), 'second_scale': 'passthrough'}",0.0807964082192838,0.0807964082192838,0.0,1,0.8787870424497829,0.8787870424497829,0.0,0.958751058294444,0.3481565130084702
0,16128.290236711502,0.0,45.50440859794617,0.0,passthrough,passthrough,"HistGradientBoostingRegressor(early_stopping=True, max_iter=10000,
                              n_iter_no_change=100, random_state=42,
                              scoring='neg_root_mean_squared_error')",400,0.05,squared_error,32,6,0.5,511,800,FunctionTransformer(func=<function reshape at 0x7fdb1d1c0360>),passthrough,"{'first_scale': 'passthrough', 'frequency': 'passthrough', 'model': HistGradientBoostingRegressor(early_stopping=True, max_iter=10000,
                              n_iter_no_change=100, random_state=42,
                              scoring='neg_root_mean_squared_error'), 'model__l2_regularization': 400, 'model__learning_rate': 0.05, 'model__loss': 'squared_error', 'model__max_bins': 32, 'model__max_depth': 6, 'model__max_features': 0.5, 'model__max_leaf_nodes': 511, 'model__min_samples_leaf': 800, 'reshape': FunctionTransformer(func=<function reshape at 0x7fdb1d1c0360>), 'second_scale': 'passthrough'}",0.07944602273549417,0.07944602273549417,0.0,1,0.8131928383305764,0.8131928383305764,0.0,0.9594550418151472,0.43221194068353036
0,30288.768949747086,0.0,75.20869779586792,0.0,passthrough,passthrough,"HistGradientBoostingRegressor(early_stopping=True, max_iter=10000,
                              n_iter_no_change=100, random_state=42,
                              scoring='neg_root_mean_squared_error')",100,0.005,squared_error,63,6,0.5,127,6400,FunctionTransformer(func=<function reshape at 0x7fdb1d1c0360>),passthrough,"{'first_scale': 'passthrough', 'frequency': 'passthrough', 'model': HistGradientBoostingRegressor(early_stopping=True, max_iter=10000,
                              n_iter_no_change=100, random_state=42,
                              scoring='neg_root_mean_squared_error'), 'model__l2_regularization': 100, 'model__learning_rate': 0.005, 'model__loss': 'squared_error', 'model__max_bins': 63, 'model__max_depth': 6, 'model__max_features': 0.5, 'model__max_leaf_nodes': 127, 'model__min_samples_leaf': 6400, 'reshape': FunctionTransformer(func=<function reshape at 0x7fdb1d1c0360>), 'second_scale': 'passthrough'}",0.08659657044289337,0.08659657044289337,0.0,1,0.2327704771585516,0.2327704771585516,0.0,0.9557214183835719,0.8759163903258395
0,22850.224143743515,0.0,77.80850601196289,0.0,passthrough,passthrough,"HistGradientBoostingRegressor(early_stopping=True, max_iter=10000,
                              n_iter_no_change=100, random_state=42,
                              scoring='neg_root_mean_squared_error')",800,0.005,squared_error,63,None,0.5,127,6400,FunctionTransformer(func=<function reshape at 0x7fdb1d1c0360>),passthrough,"{'first_scale': 'passthrough', 'frequency': 'passthrough', 'model': HistGradientBoostingRegressor(early_stopping=True, max_iter=10000,
                              n_iter_no_change=100, random_state=42,
                              scoring='neg_root_mean_squared_error'), 'model__l2_regularization': 800, 'model__learning_rate': 0.005, 'model__loss': 'squared_error', 'model__max_bins': 63, 'model__max_depth': None, 'model__max_features': 0.5, 'model__max_leaf_nodes': 127, 'model__min_samples_leaf': 6400, 'reshape': FunctionTransformer(func=<function reshape at 0x7fdb1d1c0360>), 'second_scale': 'passthrough'}",0.08643082145851388,0.08643082145851388,0.0,1,0.22929599184659566,0.22929599184659566,0.0,0.9558081285182116,0.8778974929645285
0,22243.977645874023,0.0,48.525503158569336,0.0,passthrough,passthrough,"HistGradientBoostingRegressor(early_stopping=True, max_iter=10000,
                              n_iter_no_change=100, random_state=42,
                              scoring='neg_root_mean_squared_error')",100,0.02,squared_error,32,3,1.0,127,200,FunctionTransformer(func=<function reshape at 0x7fdb1d1c0360>),passthrough,"{'first_scale': 'passthrough', 'frequency': 'passthrough', 'model': HistGradientBoostingRegressor(early_stopping=True, max_iter=10000,
                              n_iter_no_change=100, random_state=42,
                              scoring='neg_root_mean_squared_error'), 'model__l2_regularization': 100, 'model__learning_rate': 0.02, 'model__loss': 'squared_error', 'model__max_bins': 32, 'model__max_depth': 3, 'model__max_features': 1.0, 'model__max_leaf_nodes': 127, 'model__min_samples_leaf': 200, 'reshape': FunctionTransformer(func=<function reshape at 0x7fdb1d1c0360>), 'second_scale': 'passthrough'}",0.08366436362720586,0.08366436362720586,0.0,1,0.4465600997383834,0.4465600997383834,0.0,0.9572542172133764,0.7439354140391601
0,8364.038058757782,0.0,20.945630073547363,0.0,passthrough,passthrough,"HistGradientBoostingRegressor(early_stopping=True, max_iter=10000,
                              n_iter_no_change=100, random_state=42,
                              scoring='neg_root_mean_squared_error')",50,0.05,squared_error,32,3,0.5,127,200,FunctionTransformer(func=<function reshape at 0x7fdb1d1c0360>),passthrough,"{'first_scale': 'passthrough', 'frequency': 'passthrough', 'model': HistGradientBoostingRegressor(early_stopping=True, max_iter=10000,
                              n_iter_no_change=100, random_state=42,
                              scoring='neg_root_mean_squared_error'), 'model__l2_regularization': 50, 'model__learning_rate': 0.05, 'model__loss': 'squared_error', 'model__max_bins': 32, 'model__max_depth': 3, 'model__max_features': 0.5, 'model__max_leaf_nodes': 127, 'model__min_samples_leaf': 200, 'reshape': FunctionTransformer(func=<function reshape at 0x7fdb1d1c0360>), 'second_scale': 'passthrough'}",0.08320457789578961,0.08320457789578961,0.0,1,0.42337834533042884,0.42337834533042884,0.0,0.957494345729629,0.7593560789705783
0,9491.2284450531,0.0,25.644002437591553,0.0,passthrough,passthrough,"HistGradientBoostingRegressor(early_stopping=True, max_iter=10000,
                              n_iter_no_change=100, random_state=42,
                              scoring='neg_root_mean_squared_error')",400,0.05,squared_error,32,3,0.2,255,400,FunctionTransformer(func=<function reshape at 0x7fdb1d1c0360>),passthrough,"{'first_scale': 'passthrough', 'frequency': 'passthrough', 'model': HistGradientBoostingRegressor(early_stopping=True, max_iter=10000,
                              n_iter_no_change=100, random_state=42,
                              scoring='neg_root_mean_squared_error'), 'model__l2_regularization': 400, 'model__learning_rate': 0.05, 'model__loss': 'squared_error', 'model__max_bins': 32, 'model__max_depth': 3, 'model__max_features': 0.2, 'model__max_leaf_nodes': 255, 'model__min_samples_leaf': 400, 'reshape': FunctionTransformer(func=<function reshape at 0x7fdb1d1c0360>), 'second_scale': 'passthrough'}",0.08502482169571601,0.08502482169571601,0.0,1,0.39027380828350533,0.39027380828350533,0.0,0.9565433488892617,0.7808496601244664
0,14962.947504520416,0.0,48.25154733657837,0.0,passthrough,passthrough,"HistGradientBoostingRegressor(early_stopping=True, max_iter=10000,
                              n_iter_no_change=100, random_state=42,
                              scoring='neg_root_mean_squared_error')",400,0.02,squared_error,32,3,0.2,127,200,FunctionTransformer(func=<function reshape at 0x7fdb1d1c0360>),passthrough,"{'first_scale': 'passthrough', 'frequency': 'passthrough', 'model': HistGradientBoostingRegressor(early_stopping=True, max_iter=10000,
                              n_iter_no_change=100, random_state=42,
                              scoring='neg_root_mean_squared_error'), 'model__l2_regularization': 400, 'model__learning_rate': 0.02, 'model__loss': 'squared_error', 'model__max_bins': 32, 'model__max_depth': 3, 'model__max_features': 0.2, 'model__max_leaf_nodes': 127, 'model__min_samples_leaf': 200, 'reshape': FunctionTransformer(func=<function reshape at 0x7fdb1d1c0360>), 'second_scale': 'passthrough'}",0.0863701501897789,0.0863701501897789,0.0,1,0.4283057922221909,0.4283057922221909,0.0,0.9558398661963317,0.7561046275336563
0,20446.48032617569,0.0,51.206902265548706,0.0,passthrough,passthrough,"HistGradientBoostingRegressor(early_stopping=True, max_iter=10000,
                              n_iter_no_change=100, random_state=42,
                              scoring='neg_root_mean_squared_error')",200,0.05,squared_error,32,6,1.0,511,200,FunctionTransformer(func=<function reshape at 0x7fdb1d1c0360>),passthrough,"{'first_scale': 'passthrough', 'frequency': 'passthrough', 'model': HistGradientBoostingRegressor(early_stopping=True, max_iter=10000,
                              n_iter_no_change=100, random_state=42,
                              scoring='neg_root_mean_squared_error'), 'model__l2_regularization': 200, 'model__learning_rate': 0.05, 'model__loss': 'squared_error', 'model__max_bins': 32, 'model__max_depth': 6, 'model__max_features': 1.0, 'model__max_leaf_nodes': 511, 'model__min_samples_leaf': 200, 'reshape': FunctionTransformer(func=<function reshape at 0x7fdb1d1c0360>), 'second_scale': 'passthrough'}",0.075256471999958,0.075256471999958,0.0,1,0.9032013762947162,0.9032013762947162,0.0,0.9616358603962532,0.31112477192484017
0,16078.27474617958,0.0,27.733602046966553,0.0,passthrough,passthrough,"HistGradientBoostingRegressor(early_stopping=True, max_iter=10000,
                              n_iter_no_change=100, random_state=42,
                              scoring='neg_root_mean_squared_error')",100,0.1,squared_error,32,6,0.5,127,400,FunctionTransformer(func=<function reshape at 0x7fdb1d1c0360>),passthrough,"{'first_scale': 'passthrough', 'frequency': 'passthrough', 'model': HistGradientBoostingRegressor(early_stopping=True, max_iter=10000,
                              n_iter_no_change=100, random_state=42,
                              scoring='neg_root_mean_squared_error'), 'model__l2_regularization': 100, 'model__learning_rate': 0.1, 'model__loss': 'squared_error', 'model__max_bins': 32, 'model__max_depth': 6, 'model__max_features': 0.5, 'model__max_leaf_nodes': 127, 'model__min_samples_leaf': 400, 'reshape': FunctionTransformer(func=<function reshape at 0x7fdb1d1c0360>), 'second_scale': 'passthrough'}",0.0567079655045698,0.0567079655045698,0.0,1,0.8806499169113702,0.8806499169113702,0.0,0.9712322248028172,0.34547081365671084
0,3986.88919878006,0.0,12.184417009353638,0.0,passthrough,passthrough,"HistGradientBoostingRegressor(early_stopping=True, max_iter=10000,
                              n_iter_no_change=100, random_state=42,
                              scoring='neg_root_mean_squared_error')",200,0.1,squared_error,32,3,0.2,511,200,FunctionTransformer(func=<function reshape at 0x7fdb1d1c0360>),passthrough,"{'first_scale': 'passthrough', 'frequency': 'passthrough', 'model': HistGradientBoostingRegressor(early_stopping=True, max_iter=10000,
                              n_iter_no_change=100, random_state=42,
                              scoring='neg_root_mean_squared_error'), 'model__l2_regularization': 200, 'model__learning_rate': 0.1, 'model__loss': 'squared_error', 'model__max_bins': 32, 'model__max_depth': 3, 'model__max_features': 0.2, 'model__max_leaf_nodes': 511, 'model__min_samples_leaf': 200, 'reshape': FunctionTransformer(func=<function reshape at 0x7fdb1d1c0360>), 'second_scale': 'passthrough'}",0.07466884042703359,0.07466884042703359,0.0,1,0.49523938664306444,0.49523938664306444,0.0,0.9619413493415108,0.7104650683579986
0,29534.961844444275,0.0,105.0493700504303,0.0,passthrough,passthrough,"HistGradientBoostingRegressor(early_stopping=True, max_iter=10000,
                              n_iter_no_change=100, random_state=42,
                              scoring='neg_root_mean_squared_error')",400,0.01,squared_error,63,6,0.5,127,3200,FunctionTransformer(func=<function reshape at 0x7fdb1d1c0360>),passthrough,"{'first_scale': 'passthrough', 'frequency': 'passthrough', 'model': HistGradientBoostingRegressor(early_stopping=True, max_iter=10000,
                              n_iter_no_change=100, random_state=42,
                              scoring='neg_root_mean_squared_error'), 'model__l2_regularization': 400, 'model__learning_rate': 0.01, 'model__loss': 'squared_error', 'model__max_bins': 63, 'model__max_depth': 6, 'model__max_features': 0.5, 'model__max_leaf_nodes': 127, 'model__min_samples_leaf': 3200, 'reshape': FunctionTransformer(func=<function reshape at 0x7fdb1d1c0360>), 'second_scale': 'passthrough'}",0.09026275997373134,0.09026275997373134,0.0,1,0.42650053298232027,0.42650053298232027,0.0,0.9538014678255998,0.7572974759086945
0,28413.892758369446,0.0,76.11226224899292,0.0,passthrough,passthrough,"HistGradientBoostingRegressor(early_stopping=True, max_iter=10000,
                              n_iter_no_change=100, random_state=42,
                              scoring='neg_root_mean_squared_error')",800,0.0025,squared_error,63,None,0.5,255,6400,FunctionTransformer(func=<function reshape at 0x7fdb1d1c0360>),passthrough,"{'first_scale': 'passthrough', 'frequency': 'passthrough', 'model': HistGradientBoostingRegressor(early_stopping=True, max_iter=10000,
                              n_iter_no_change=100, random_state=42,
                              scoring='neg_root_mean_squared_error'), 'model__l2_regularization': 800, 'model__learning_rate': 0.0025, 'model__loss': 'squared_error', 'model__max_bins': 63, 'model__max_depth': None, 'model__max_features': 0.5, 'model__max_leaf_nodes': 255, 'model__min_samples_leaf': 6400, 'reshape': FunctionTransformer(func=<function reshape at 0x7fdb1d1c0360>), 'second_scale': 'passthrough'}",0.08008482380202198,0.08008482380202198,0.0,1,0.17041724280785198,0.17041724280785198,0.0,0.959122086179845,0.910814337388333
0,17211.17150235176,0.0,46.842639207839966,0.0,passthrough,passthrough,"HistGradientBoostingRegressor(early_stopping=True, max_iter=10000,
                              n_iter_no_change=100, random_state=42,
                              scoring='neg_root_mean_squared_error')",200,0.05,squared_error,32,6,0.2,511,400,FunctionTransformer(func=<function reshape at 0x7fdb1d1c0360>),passthrough,"{'first_scale': 'passthrough', 'frequency': 'passthrough', 'model': HistGradientBoostingRegressor(early_stopping=True, max_iter=10000,
                              n_iter_no_change=100, random_state=42,
                              scoring='neg_root_mean_squared_error'), 'model__l2_regularization': 200, 'model__learning_rate': 0.05, 'model__loss': 'squared_error', 'model__max_bins': 32, 'model__max_depth': 6, 'model__max_features': 0.2, 'model__max_leaf_nodes': 511, 'model__min_samples_leaf': 400, 'reshape': FunctionTransformer(func=<function reshape at 0x7fdb1d1c0360>), 'second_scale': 'passthrough'}",0.0756478876600376,0.0756478876600376,0.0,1,0.8827510163368881,0.8827510163368881,0.0,0.961432323328045,0.34241638930271995
0,18920.190564870834,0.0,57.03731966018677,0.0,passthrough,passthrough,"HistGradientBoostingRegressor(early_stopping=True, max_iter=10000,
                              n_iter_no_change=100, random_state=42,
                              scoring='neg_root_mean_squared_error')",100,0.005,squared_error,63,None,0.5,127,6400,FunctionTransformer(func=<function reshape at 0x7fdb1d1c0360>),passthrough,"{'first_scale': 'passthrough', 'frequency': 'passthrough', 'model': HistGradientBoostingRegressor(early_stopping=True, max_iter=10000,
                              n_iter_no_change=100, random_state=42,
                              scoring='neg_root_mean_squared_error'), 'model__l2_regularization': 100, 'model__learning_rate': 0.005, 'model__loss': 'squared_error', 'model__max_bins': 63, 'model__max_depth': None, 'model__max_features': 0.5, 'model__max_leaf_nodes': 127, 'model__min_samples_leaf': 6400, 'reshape': FunctionTransformer(func=<function reshape at 0x7fdb1d1c0360>), 'second_scale': 'passthrough'}",0.0869819232821829,0.0869819232821829,0.0,1,0.23830718361303327,0.23830718361303327,0.0,0.9555197939958214,0.8727501454522747
0,17137.21056985855,0.0,29.269764184951782,0.0,passthrough,passthrough,"HistGradientBoostingRegressor(early_stopping=True, max_iter=10000,
                              n_iter_no_change=100, random_state=42,
                              scoring='neg_root_mean_squared_error')",100,0.1,squared_error,32,6,0.2,255,200,FunctionTransformer(func=<function reshape at 0x7fdb1d1c0360>),passthrough,"{'first_scale': 'passthrough', 'frequency': 'passthrough', 'model': HistGradientBoostingRegressor(early_stopping=True, max_iter=10000,
                              n_iter_no_change=100, random_state=42,
                              scoring='neg_root_mean_squared_error'), 'model__l2_regularization': 100, 'model__learning_rate': 0.1, 'model__loss': 'squared_error', 'model__max_bins': 32, 'model__max_depth': 6, 'model__max_features': 0.2, 'model__max_leaf_nodes': 255, 'model__min_samples_leaf': 200, 'reshape': FunctionTransformer(func=<function reshape at 0x7fdb1d1c0360>), 'second_scale': 'passthrough'}",0.05663426622045198,0.05663426622045198,0.0,1,0.8925215262116302,0.8925215262116302,0.0,0.971270165185541,0.3278390974065934
0,12943.949750185013,0.0,34.939677476882935,0.0,passthrough,passthrough,"HistGradientBoostingRegressor(early_stopping=True, max_iter=10000,
                              n_iter_no_change=100, random_state=42,
                              scoring='neg_root_mean_squared_error')",400,0.1,squared_error,32,6,0.2,511,800,FunctionTransformer(func=<function reshape at 0x7fdb1d1c0360>),passthrough,"{'first_scale': 'passthrough', 'frequency': 'passthrough', 'model': HistGradientBoostingRegressor(early_stopping=True, max_iter=10000,
                              n_iter_no_change=100, random_state=42,
                              scoring='neg_root_mean_squared_error'), 'model__l2_regularization': 400, 'model__learning_rate': 0.1, 'model__loss': 'squared_error', 'model__max_bins': 32, 'model__max_depth': 6, 'model__max_features': 0.2, 'model__max_leaf_nodes': 511, 'model__min_samples_leaf': 800, 'reshape': FunctionTransformer(func=<function reshape at 0x7fdb1d1c0360>), 'second_scale': 'passthrough'}",0.06226225592836132,0.06226225592836132,0.0,1,0.8533462134115798,0.8533462134115798,0.0,0.9683685992800668,0.38295402672960654
0,10186.840846538544,0.0,25.877150297164917,0.0,passthrough,passthrough,"HistGradientBoostingRegressor(early_stopping=True, max_iter=10000,
                              n_iter_no_change=100, random_state=42,
                              scoring='neg_root_mean_squared_error')",400,0.05,squared_error,32,3,1.0,511,400,FunctionTransformer(func=<function reshape at 0x7fdb1d1c0360>),passthrough,"{'first_scale': 'passthrough', 'frequency': 'passthrough', 'model': HistGradientBoostingRegressor(early_stopping=True, max_iter=10000,
                              n_iter_no_change=100, random_state=42,
                              scoring='neg_root_mean_squared_error'), 'model__l2_regularization': 400, 'model__learning_rate': 0.05, 'model__loss': 'squared_error', 'model__max_bins': 32, 'model__max_depth': 3, 'model__max_features': 1.0, 'model__max_leaf_nodes': 511, 'model__min_samples_leaf': 400, 'reshape': FunctionTransformer(func=<function reshape at 0x7fdb1d1c0360>), 'second_scale': 'passthrough'}",0.08230453898608481,0.08230453898608481,0.0,1,0.47896312073576175,0.47896312073576175,0.0,0.9579642274187044,0.7218288434693076
0,27144.547973632812,0.0,76.92183756828308,0.0,passthrough,passthrough,"HistGradientBoostingRegressor(early_stopping=True, max_iter=10000,
                              n_iter_no_change=100, random_state=42,
                              scoring='neg_root_mean_squared_error')",400,0.005,squared_error,63,6,0.5,127,6400,FunctionTransformer(func=<function reshape at 0x7fdb1d1c0360>),passthrough,"{'first_scale': 'passthrough', 'frequency': 'passthrough', 'model': HistGradientBoostingRegressor(early_stopping=True, max_iter=10000,
                              n_iter_no_change=100, random_state=42,
                              scoring='neg_root_mean_squared_error'), 'model__l2_regularization': 400, 'model__learning_rate': 0.005, 'model__loss': 'squared_error', 'model__max_bins': 63, 'model__max_depth': 6, 'model__max_features': 0.5, 'model__max_leaf_nodes': 127, 'model__min_samples_leaf': 6400, 'reshape': FunctionTransformer(func=<function reshape at 0x7fdb1d1c0360>), 'second_scale': 'passthrough'}",0.08667620706404644,0.08667620706404644,0.0,1,0.22975533742718124,0.22975533742718124,0.0,0.9556797543821641,0.8776358371060395
0,19217.263758182526,0.0,55.13399529457092,0.0,passthrough,passthrough,"HistGradientBoostingRegressor(early_stopping=True, max_iter=10000,
                              n_iter_no_change=100, random_state=42,
                              scoring='neg_root_mean_squared_error')",200,0.05,squared_error,32,6,0.5,255,800,FunctionTransformer(func=<function reshape at 0x7fdb1d1c0360>),passthrough,"{'first_scale': 'passthrough', 'frequency': 'passthrough', 'model': HistGradientBoostingRegressor(early_stopping=True, max_iter=10000,
                              n_iter_no_change=100, random_state=42,
                              scoring='neg_root_mean_squared_error'), 'model__l2_regularization': 200, 'model__learning_rate': 0.05, 'model__loss': 'squared_error', 'model__max_bins': 32, 'model__max_depth': 6, 'model__max_features': 0.5, 'model__max_leaf_nodes': 255, 'model__min_samples_leaf': 800, 'reshape': FunctionTransformer(func=<function reshape at 0x7fdb1d1c0360>), 'second_scale': 'passthrough'}",0.07230628026956165,0.07230628026956165,0.0,1,0.8904222408072904,0.8904222408072904,0.0,0.9631685832347514,0.33102531503301924
0,9103.550136089325,0.0,27.645180225372314,0.0,passthrough,passthrough,"HistGradientBoostingRegressor(early_stopping=True, max_iter=10000,
                              n_iter_no_change=100, random_state=42,
                              scoring='neg_root_mean_squared_error')",100,0.05,squared_error,32,3,0.5,127,400,FunctionTransformer(func=<function reshape at 0x7fdb1d1c0360>),passthrough,"{'first_scale': 'passthrough', 'frequency': 'passthrough', 'model': HistGradientBoostingRegressor(early_stopping=True, max_iter=10000,
                              n_iter_no_change=100, random_state=42,
                              scoring='neg_root_mean_squared_error'), 'model__l2_regularization': 100, 'model__learning_rate': 0.05, 'model__loss': 'squared_error', 'model__max_bins': 32, 'model__max_depth': 3, 'model__max_features': 0.5, 'model__max_leaf_nodes': 127, 'model__min_samples_leaf': 400, 'reshape': FunctionTransformer(func=<function reshape at 0x7fdb1d1c0360>), 'second_scale': 'passthrough'}",0.08399917047094518,0.08399917047094518,0.0,1,0.42896558778284777,0.42896558778284777,0.0,0.95707932248537,0.7556681892319884
0,10134.451649904251,0.0,28.99538564682007,0.0,passthrough,passthrough,"HistGradientBoostingRegressor(early_stopping=True, max_iter=10000,
                              n_iter_no_change=100, random_state=42,
                              scoring='neg_root_mean_squared_error')",400,0.1,squared_error,32,3,0.5,127,800,FunctionTransformer(func=<function reshape at 0x7fdb1d1c0360>),passthrough,"{'first_scale': 'passthrough', 'frequency': 'passthrough', 'model': HistGradientBoostingRegressor(early_stopping=True, max_iter=10000,
                              n_iter_no_change=100, random_state=42,
                              scoring='neg_root_mean_squared_error'), 'model__l2_regularization': 400, 'model__learning_rate': 0.1, 'model__loss': 'squared_error', 'model__max_bins': 32, 'model__max_depth': 3, 'model__max_features': 0.5, 'model__max_leaf_nodes': 127, 'model__min_samples_leaf': 800, 'reshape': FunctionTransformer(func=<function reshape at 0x7fdb1d1c0360>), 'second_scale': 'passthrough'}",0.06788627485492416,0.06788627485492416,0.0,1,0.5517370113926144,0.5517370113926144,0.0,0.9654603695362518,0.6695244495964173
0,13507.997098445892,0.0,37.97448396682739,0.0,passthrough,passthrough,"HistGradientBoostingRegressor(early_stopping=True, max_iter=10000,
                              n_iter_no_change=100, random_state=42,
                              scoring='neg_root_mean_squared_error')",50,0.05,squared_error,32,3,1.0,511,400,FunctionTransformer(func=<function reshape at 0x7fdb1d1c0360>),passthrough,"{'first_scale': 'passthrough', 'frequency': 'passthrough', 'model': HistGradientBoostingRegressor(early_stopping=True, max_iter=10000,
                              n_iter_no_change=100, random_state=42,
                              scoring='neg_root_mean_squared_error'), 'model__l2_regularization': 50, 'model__learning_rate': 0.05, 'model__loss': 'squared_error', 'model__max_bins': 32, 'model__max_depth': 3, 'model__max_features': 1.0, 'model__max_leaf_nodes': 511, 'model__min_samples_leaf': 400, 'reshape': FunctionTransformer(func=<function reshape at 0x7fdb1d1c0360>), 'second_scale': 'passthrough'}",0.07334396694047018,0.07334396694047018,0.0,1,0.5399932087540016,0.5399932087540016,0.0,0.9626297486882118,0.6782380048670219
0,6556.140161514282,0.0,17.79935646057129,0.0,passthrough,passthrough,"HistGradientBoostingRegressor(early_stopping=True, max_iter=10000,
                              n_iter_no_change=100, random_state=42,
                              scoring='neg_root_mean_squared_error')",50,0.1,squared_error,32,3,0.5,255,200,FunctionTransformer(func=<function reshape at 0x7fdb1d1c0360>),passthrough,"{'first_scale': 'passthrough', 'frequency': 'passthrough', 'model': HistGradientBoostingRegressor(early_stopping=True, max_iter=10000,
                              n_iter_no_change=100, random_state=42,
                              scoring='neg_root_mean_squared_error'), 'model__l2_regularization': 50, 'model__learning_rate': 0.1, 'model__loss': 'squared_error', 'model__max_bins': 32, 'model__max_depth': 3, 'model__max_features': 0.5, 'model__max_leaf_nodes': 255, 'model__min_samples_leaf': 200, 'reshape': FunctionTransformer(func=<function reshape at 0x7fdb1d1c0360>), 'second_scale': 'passthrough'}",0.07229756660312847,0.07229756660312847,0.0,1,0.5099081005420911,0.5099081005420911,0.0,0.9631731066619704,0.7000656393924136
0,27046.400371551514,0.0,78.27549076080322,0.0,passthrough,passthrough,"HistGradientBoostingRegressor(early_stopping=True, max_iter=10000,
                              n_iter_no_change=100, random_state=42,
                              scoring='neg_root_mean_squared_error')",400,0.01,squared_error,63,6,1.0,127,6400,FunctionTransformer(func=<function reshape at 0x7fdb1d1c0360>),passthrough,"{'first_scale': 'passthrough', 'frequency': 'passthrough', 'model': HistGradientBoostingRegressor(early_stopping=True, max_iter=10000,
                              n_iter_no_change=100, random_state=42,
                              scoring='neg_root_mean_squared_error'), 'model__l2_regularization': 400, 'model__learning_rate': 0.01, 'model__loss': 'squared_error', 'model__max_bins': 63, 'model__max_depth': 6, 'model__max_features': 1.0, 'model__max_leaf_nodes': 127, 'model__min_samples_leaf': 6400, 'reshape': FunctionTransformer(func=<function reshape at 0x7fdb1d1c0360>), 'second_scale': 'passthrough'}",0.08705674939061947,0.08705674939061947,0.0,1,0.3193309931619912,0.3193309931619912,0.0,0.9554806385319279,0.8250266703798179
0,12140.913073778152,0.0,37.78147745132446,0.0,passthrough,passthrough,"HistGradientBoostingRegressor(early_stopping=True, max_iter=10000,
                              n_iter_no_change=100, random_state=42,
                              scoring='neg_root_mean_squared_error')",100,0.05,squared_error,32,3,0.5,511,800,FunctionTransformer(func=<function reshape at 0x7fdb1d1c0360>),passthrough,"{'first_scale': 'passthrough', 'frequency': 'passthrough', 'model': HistGradientBoostingRegressor(early_stopping=True, max_iter=10000,
                              n_iter_no_change=100, random_state=42,
                              scoring='neg_root_mean_squared_error'), 'model__l2_regularization': 100, 'model__learning_rate': 0.05, 'model__loss': 'squared_error', 'model__max_bins': 32, 'model__max_depth': 3, 'model__max_features': 0.5, 'model__max_leaf_nodes': 511, 'model__min_samples_leaf': 800, 'reshape': FunctionTransformer(func=<function reshape at 0x7fdb1d1c0360>), 'second_scale': 'passthrough'}",0.07943559936868883,0.07943559936868883,0.0,1,0.4986798654712188,0.4986798654712188,0.0,0.9594604737201586,0.7080396419189968
0,10072.592614650726,0.0,30.28049612045288,0.0,passthrough,passthrough,"HistGradientBoostingRegressor(early_stopping=True, max_iter=10000,
                              n_iter_no_change=100, random_state=42,
                              scoring='neg_root_mean_squared_error')",400,0.05,squared_error,32,3,1.0,255,400,FunctionTransformer(func=<function reshape at 0x7fdb1d1c0360>),passthrough,"{'first_scale': 'passthrough', 'frequency': 'passthrough', 'model': HistGradientBoostingRegressor(early_stopping=True, max_iter=10000,
                              n_iter_no_change=100, random_state=42,
                              scoring='neg_root_mean_squared_error'), 'model__l2_regularization': 400, 'model__learning_rate': 0.05, 'model__loss': 'squared_error', 'model__max_bins': 32, 'model__max_depth': 3, 'model__max_features': 1.0, 'model__max_leaf_nodes': 255, 'model__min_samples_leaf': 400, 'reshape': FunctionTransformer(func=<function reshape at 0x7fdb1d1c0360>), 'second_scale': 'passthrough'}",0.08230453898608481,0.08230453898608481,0.0,1,0.47896312073576175,0.47896312073576175,0.0,0.9579642274187044,0.7218288434693076
0,30880.63756132126,0.0,56.8105525970459,0.0,passthrough,passthrough,"HistGradientBoostingRegressor(early_stopping=True, max_iter=10000,
                              n_iter_no_change=100, random_state=42,
                              scoring='neg_root_mean_squared_error')",50,0.05,squared_error,32,6,0.5,127,400,FunctionTransformer(func=<function reshape at 0x7fdb1d1c0360>),passthrough,"{'first_scale': 'passthrough', 'frequency': 'passthrough', 'model': HistGradientBoostingRegressor(early_stopping=True, max_iter=10000,
                              n_iter_no_change=100, random_state=42,
                              scoring='neg_root_mean_squared_error'), 'model__l2_regularization': 50, 'model__learning_rate': 0.05, 'model__loss': 'squared_error', 'model__max_bins': 32, 'model__max_depth': 6, 'model__max_features': 0.5, 'model__max_leaf_nodes': 127, 'model__min_samples_leaf': 400, 'reshape': FunctionTransformer(func=<function reshape at 0x7fdb1d1c0360>), 'second_scale': 'passthrough'}",0.07380451073032501,0.07380451073032501,0.0,1,0.8990466057677786,0.8990466057677786,0.0,0.9623905076784969,0.317731638701942
0,6385.601063013077,0.0,21.237876892089844,0.0,passthrough,passthrough,"HistGradientBoostingRegressor(early_stopping=True, max_iter=10000,
                              n_iter_no_change=100, random_state=42,
                              scoring='neg_root_mean_squared_error')",200,0.05,squared_error,32,3,0.2,255,200,FunctionTransformer(func=<function reshape at 0x7fdb1d1c0360>),passthrough,"{'first_scale': 'passthrough', 'frequency': 'passthrough', 'model': HistGradientBoostingRegressor(early_stopping=True, max_iter=10000,
                              n_iter_no_change=100, random_state=42,
                              scoring='neg_root_mean_squared_error'), 'model__l2_regularization': 200, 'model__learning_rate': 0.05, 'model__loss': 'squared_error', 'model__max_bins': 32, 'model__max_depth': 3, 'model__max_features': 0.2, 'model__max_leaf_nodes': 255, 'model__min_samples_leaf': 200, 'reshape': FunctionTransformer(func=<function reshape at 0x7fdb1d1c0360>), 'second_scale': 'passthrough'}",0.08170437186035495,0.08170437186035495,0.0,1,0.44343920433672623,0.44343920433672623,0.0,0.9582774275436342,0.746030023298844
0,30053.69668197632,0.0,104.61572980880737,0.0,passthrough,passthrough,"HistGradientBoostingRegressor(early_stopping=True, max_iter=10000,
                              n_iter_no_change=100, random_state=42,
                              scoring='neg_root_mean_squared_error')",200,0.005,squared_error,63,6,0.5,255,3200,FunctionTransformer(func=<function reshape at 0x7fdb1d1c0360>),passthrough,"{'first_scale': 'passthrough', 'frequency': 'passthrough', 'model': HistGradientBoostingRegressor(early_stopping=True, max_iter=10000,
                              n_iter_no_change=100, random_state=42,
                              scoring='neg_root_mean_squared_error'), 'model__l2_regularization': 200, 'model__learning_rate': 0.005, 'model__loss': 'squared_error', 'model__max_bins': 63, 'model__max_depth': 6, 'model__max_features': 0.5, 'model__max_leaf_nodes': 255, 'model__min_samples_leaf': 3200, 'reshape': FunctionTransformer(func=<function reshape at 0x7fdb1d1c0360>), 'second_scale': 'passthrough'}",0.09155900054518795,0.09155900054518795,0.0,1,0.3089216706327409,0.3089216706327409,0.0,0.9531217128230853,0.8313112108995397
0,28923.54869055748,0.0,69.3596293926239,0.0,passthrough,passthrough,"HistGradientBoostingRegressor(early_stopping=True, max_iter=10000,
                              n_iter_no_change=100, random_state=42,
                              scoring='neg_root_mean_squared_error')",100,0.05,squared_error,32,6,0.2,511,400,FunctionTransformer(func=<function reshape at 0x7fdb1d1c0360>),passthrough,"{'first_scale': 'passthrough', 'frequency': 'passthrough', 'model': HistGradientBoostingRegressor(early_stopping=True, max_iter=10000,
                              n_iter_no_change=100, random_state=42,
                              scoring='neg_root_mean_squared_error'), 'model__l2_regularization': 100, 'model__learning_rate': 0.05, 'model__loss': 'squared_error', 'model__max_bins': 32, 'model__max_depth': 6, 'model__max_features': 0.2, 'model__max_leaf_nodes': 511, 'model__min_samples_leaf': 400, 'reshape': FunctionTransformer(func=<function reshape at 0x7fdb1d1c0360>), 'second_scale': 'passthrough'}",0.07539343965429501,0.07539343965429501,0.0,1,0.8937100255847408,0.8937100255847408,0.0,0.9615646417925864,0.3260214324477138
0,18635.7765147686,0.0,58.221999645233154,0.0,passthrough,passthrough,"HistGradientBoostingRegressor(early_stopping=True, max_iter=10000,
                              n_iter_no_change=100, random_state=42,
                              scoring='neg_root_mean_squared_error')",400,0.02,squared_error,32,3,0.2,127,800,FunctionTransformer(func=<function reshape at 0x7fdb1d1c0360>),passthrough,"{'first_scale': 'passthrough', 'frequency': 'passthrough', 'model': HistGradientBoostingRegressor(early_stopping=True, max_iter=10000,
                              n_iter_no_change=100, random_state=42,
                              scoring='neg_root_mean_squared_error'), 'model__l2_regularization': 400, 'model__learning_rate': 0.02, 'model__loss': 'squared_error', 'model__max_bins': 32, 'model__max_depth': 3, 'model__max_features': 0.2, 'model__max_leaf_nodes': 127, 'model__min_samples_leaf': 800, 'reshape': FunctionTransformer(func=<function reshape at 0x7fdb1d1c0360>), 'second_scale': 'passthrough'}",0.08611416617037304,0.08611416617037304,0.0,1,0.4223907456251035,0.4223907456251035,0.0,0.9559737621031379,0.76000608838015
0,21475.53618979454,0.0,33.09986615180969,0.0,passthrough,passthrough,"HistGradientBoostingRegressor(early_stopping=True, max_iter=10000,
                              n_iter_no_change=100, random_state=42,
                              scoring='neg_root_mean_squared_error')",50,0.05,squared_error,32,6,0.2,511,200,FunctionTransformer(func=<function reshape at 0x7fdb1d1c0360>),passthrough,"{'first_scale': 'passthrough', 'frequency': 'passthrough', 'model': HistGradientBoostingRegressor(early_stopping=True, max_iter=10000,
                              n_iter_no_change=100, random_state=42,
                              scoring='neg_root_mean_squared_error'), 'model__l2_regularization': 50, 'model__learning_rate': 0.05, 'model__loss': 'squared_error', 'model__max_bins': 32, 'model__max_depth': 6, 'model__max_features': 0.2, 'model__max_leaf_nodes': 511, 'model__min_samples_leaf': 200, 'reshape': FunctionTransformer(func=<function reshape at 0x7fdb1d1c0360>), 'second_scale': 'passthrough'}",0.07397364909842563,0.07397364909842563,0.0,1,0.8839635234526209,0.8839635234526209,0.0,0.9623026295825936,0.34064127252489407
0,32282.33451962471,0.0,103.96105527877808,0.0,passthrough,passthrough,"HistGradientBoostingRegressor(early_stopping=True, max_iter=10000,
                              n_iter_no_change=100, random_state=42,
                              scoring='neg_root_mean_squared_error')",400,0.02,squared_error,32,6,0.2,511,800,FunctionTransformer(func=<function reshape at 0x7fdb1d1c0360>),passthrough,"{'first_scale': 'passthrough', 'frequency': 'passthrough', 'model': HistGradientBoostingRegressor(early_stopping=True, max_iter=10000,
                              n_iter_no_change=100, random_state=42,
                              scoring='neg_root_mean_squared_error'), 'model__l2_regularization': 400, 'model__learning_rate': 0.02, 'model__loss': 'squared_error', 'model__max_bins': 32, 'model__max_depth': 6, 'model__max_features': 0.2, 'model__max_leaf_nodes': 511, 'model__min_samples_leaf': 800, 'reshape': FunctionTransformer(func=<function reshape at 0x7fdb1d1c0360>), 'second_scale': 'passthrough'}",0.0877055099238997,0.0877055099238997,0.0,1,0.8109136604008318,0.8109136604008318,0.0,0.9551410838593952,0.434840591020627
0,28839.346655368805,0.0,93.44533205032349,0.0,passthrough,passthrough,"HistGradientBoostingRegressor(early_stopping=True, max_iter=10000,
                              n_iter_no_change=100, random_state=42,
                              scoring='neg_root_mean_squared_error')",100,0.0025,squared_error,63,None,0.5,255,6400,FunctionTransformer(func=<function reshape at 0x7fdb1d1c0360>),passthrough,"{'first_scale': 'passthrough', 'frequency': 'passthrough', 'model': HistGradientBoostingRegressor(early_stopping=True, max_iter=10000,
                              n_iter_no_change=100, random_state=42,
                              scoring='neg_root_mean_squared_error'), 'model__l2_regularization': 100, 'model__learning_rate': 0.0025, 'model__loss': 'squared_error', 'model__max_bins': 63, 'model__max_depth': None, 'model__max_features': 0.5, 'model__max_leaf_nodes': 255, 'model__min_samples_leaf': 6400, 'reshape': FunctionTransformer(func=<function reshape at 0x7fdb1d1c0360>), 'second_scale': 'passthrough'}",0.0813774582389053,0.0813774582389053,0.0,1,0.17668400775108917,0.17668400775108917,0.0,0.9584479859445136,0.9073676169276215
0,27841.103892803192,0.0,74.78580045700073,0.0,passthrough,passthrough,"HistGradientBoostingRegressor(early_stopping=True, max_iter=10000,
                              n_iter_no_change=100, random_state=42,
                              scoring='neg_root_mean_squared_error')",400,0.0025,squared_error,63,6,1.0,255,6400,FunctionTransformer(func=<function reshape at 0x7fdb1d1c0360>),passthrough,"{'first_scale': 'passthrough', 'frequency': 'passthrough', 'model': HistGradientBoostingRegressor(early_stopping=True, max_iter=10000,
                              n_iter_no_change=100, random_state=42,
                              scoring='neg_root_mean_squared_error'), 'model__l2_regularization': 400, 'model__learning_rate': 0.0025, 'model__loss': 'squared_error', 'model__max_bins': 63, 'model__max_depth': 6, 'model__max_features': 1.0, 'model__max_leaf_nodes': 255, 'model__min_samples_leaf': 6400, 'reshape': FunctionTransformer(func=<function reshape at 0x7fdb1d1c0360>), 'second_scale': 'passthrough'}",0.07982811786020039,0.07982811786020039,0.0,1,0.17455749507899965,0.17455749507899965,0.0,0.9592559002371576,0.9085386645162661
0,27549.37237071991,0.0,77.76831126213074,0.0,passthrough,passthrough,"HistGradientBoostingRegressor(early_stopping=True, max_iter=10000,
                              n_iter_no_change=100, random_state=42,
                              scoring='neg_root_mean_squared_error')",400,0.005,squared_error,63,6,1.0,255,6400,FunctionTransformer(func=<function reshape at 0x7fdb1d1c0360>),passthrough,"{'first_scale': 'passthrough', 'frequency': 'passthrough', 'model': HistGradientBoostingRegressor(early_stopping=True, max_iter=10000,
                              n_iter_no_change=100, random_state=42,
                              scoring='neg_root_mean_squared_error'), 'model__l2_regularization': 400, 'model__learning_rate': 0.005, 'model__loss': 'squared_error', 'model__max_bins': 63, 'model__max_depth': 6, 'model__max_features': 1.0, 'model__max_leaf_nodes': 255, 'model__min_samples_leaf': 6400, 'reshape': FunctionTransformer(func=<function reshape at 0x7fdb1d1c0360>), 'second_scale': 'passthrough'}",0.08559305027580966,0.08559305027580966,0.0,1,0.23239862082546825,0.23239862082546825,0.0,0.9562462808943052,0.8761286316372339
0,8795.787678718567,0.0,18.44373846054077,0.0,passthrough,passthrough,"HistGradientBoostingRegressor(early_stopping=True, max_iter=10000,
                              n_iter_no_change=100, random_state=42,
                              scoring='neg_root_mean_squared_error')",50,0.1,squared_error,32,6,1.0,511,400,FunctionTransformer(func=<function reshape at 0x7fdb1d1c0360>),passthrough,"{'first_scale': 'passthrough', 'frequency': 'passthrough', 'model': HistGradientBoostingRegressor(early_stopping=True, max_iter=10000,
                              n_iter_no_change=100, random_state=42,
                              scoring='neg_root_mean_squared_error'), 'model__l2_regularization': 50, 'model__learning_rate': 0.1, 'model__loss': 'squared_error', 'model__max_bins': 32, 'model__max_depth': 6, 'model__max_features': 1.0, 'model__max_leaf_nodes': 511, 'model__min_samples_leaf': 400, 'reshape': FunctionTransformer(func=<function reshape at 0x7fdb1d1c0360>), 'second_scale': 'passthrough'}",0.050440074738406615,0.050440074738406615,0.0,1,0.8539868642120145,0.8539868642120145,0.0,0.9744536547530588,0.3821166520684298
0,9055.778533697128,0.0,18.681620121002197,0.0,passthrough,passthrough,"HistGradientBoostingRegressor(early_stopping=True, max_iter=10000,
                              n_iter_no_change=100, random_state=42,
                              scoring='neg_root_mean_squared_error')",100,0.1,squared_error,32,6,0.2,127,400,FunctionTransformer(func=<function reshape at 0x7fdb1d1c0360>),passthrough,"{'first_scale': 'passthrough', 'frequency': 'passthrough', 'model': HistGradientBoostingRegressor(early_stopping=True, max_iter=10000,
                              n_iter_no_change=100, random_state=42,
                              scoring='neg_root_mean_squared_error'), 'model__l2_regularization': 100, 'model__learning_rate': 0.1, 'model__loss': 'squared_error', 'model__max_bins': 32, 'model__max_depth': 6, 'model__max_features': 0.2, 'model__max_leaf_nodes': 127, 'model__min_samples_leaf': 400, 'reshape': FunctionTransformer(func=<function reshape at 0x7fdb1d1c0360>), 'second_scale': 'passthrough'}",0.06478372017849054,0.06478372017849054,0.0,1,0.8074252746228503,0.8074252746228503,0.0,0.9670658094574068,0.43883336857758404
0,5311.968044519424,0.0,15.262117862701416,0.0,passthrough,passthrough,"HistGradientBoostingRegressor(early_stopping=True, max_iter=10000,
                              n_iter_no_change=100, random_state=42,
                              scoring='neg_root_mean_squared_error')",200,0.1,squared_error,32,3,0.2,127,400,FunctionTransformer(func=<function reshape at 0x7fdb1d1c0360>),passthrough,"{'first_scale': 'passthrough', 'frequency': 'passthrough', 'model': HistGradientBoostingRegressor(early_stopping=True, max_iter=10000,
                              n_iter_no_change=100, random_state=42,
                              scoring='neg_root_mean_squared_error'), 'model__l2_regularization': 200, 'model__learning_rate': 0.1, 'model__loss': 'squared_error', 'model__max_bins': 32, 'model__max_depth': 3, 'model__max_features': 0.2, 'model__max_leaf_nodes': 127, 'model__min_samples_leaf': 400, 'reshape': FunctionTransformer(func=<function reshape at 0x7fdb1d1c0360>), 'second_scale': 'passthrough'}",0.07045899443243098,0.07045899443243098,0.0,1,0.5329614230274279,0.5329614230274279,0.0,0.9641270692017567,0.6834022073219929
0,5432.577595472336,0.0,17.885719299316406,0.0,passthrough,passthrough,"HistGradientBoostingRegressor(early_stopping=True, max_iter=10000,
                              n_iter_no_change=100, random_state=42,
                              scoring='neg_root_mean_squared_error')",100,0.1,squared_error,32,3,0.2,511,800,FunctionTransformer(func=<function reshape at 0x7fdb1d1c0360>),passthrough,"{'first_scale': 'passthrough', 'frequency': 'passthrough', 'model': HistGradientBoostingRegressor(early_stopping=True, max_iter=10000,
                              n_iter_no_change=100, random_state=42,
                              scoring='neg_root_mean_squared_error'), 'model__l2_regularization': 100, 'model__learning_rate': 0.1, 'model__loss': 'squared_error', 'model__max_bins': 32, 'model__max_depth': 3, 'model__max_features': 0.2, 'model__max_leaf_nodes': 511, 'model__min_samples_leaf': 800, 'reshape': FunctionTransformer(func=<function reshape at 0x7fdb1d1c0360>), 'second_scale': 'passthrough'}",0.07766063177819027,0.07766063177819027,0.0,1,0.4354095215465168,0.4354095215465168,0.0,0.9603850104108298,0.7513923598583387
0,7664.667455434799,0.0,25.6214861869812,0.0,passthrough,passthrough,"HistGradientBoostingRegressor(early_stopping=True, max_iter=10000,
                              n_iter_no_change=100, random_state=42,
                              scoring='neg_root_mean_squared_error')",400,0.1,squared_error,32,3,1.0,255,800,FunctionTransformer(func=<function reshape at 0x7fdb1d1c0360>),passthrough,"{'first_scale': 'passthrough', 'frequency': 'passthrough', 'model': HistGradientBoostingRegressor(early_stopping=True, max_iter=10000,
                              n_iter_no_change=100, random_state=42,
                              scoring='neg_root_mean_squared_error'), 'model__l2_regularization': 400, 'model__learning_rate': 0.1, 'model__loss': 'squared_error', 'model__max_bins': 32, 'model__max_depth': 3, 'model__max_features': 1.0, 'model__max_leaf_nodes': 255, 'model__min_samples_leaf': 800, 'reshape': FunctionTransformer(func=<function reshape at 0x7fdb1d1c0360>), 'second_scale': 'passthrough'}",0.06897826078967773,0.06897826078967773,0.0,1,0.5553749630362874,0.5553749630362874,0.0,0.9648946777811153,0.6668020973000255
0,16637.76735496521,0.0,33.574071645736694,0.0,passthrough,passthrough,"HistGradientBoostingRegressor(early_stopping=True, max_iter=10000,
                              n_iter_no_change=100, random_state=42,
                              scoring='neg_root_mean_squared_error')",50,0.05,squared_error,32,6,1.0,127,400,FunctionTransformer(func=<function reshape at 0x7fdb1d1c0360>),passthrough,"{'first_scale': 'passthrough', 'frequency': 'passthrough', 'model': HistGradientBoostingRegressor(early_stopping=True, max_iter=10000,
                              n_iter_no_change=100, random_state=42,
                              scoring='neg_root_mean_squared_error'), 'model__l2_regularization': 50, 'model__learning_rate': 0.05, 'model__loss': 'squared_error', 'model__max_bins': 32, 'model__max_depth': 6, 'model__max_features': 1.0, 'model__max_leaf_nodes': 127, 'model__min_samples_leaf': 400, 'reshape': FunctionTransformer(func=<function reshape at 0x7fdb1d1c0360>), 'second_scale': 'passthrough'}",0.07379916592612046,0.07379916592612046,0.0,1,0.8435068533919123,0.8435068533919123,0.0,0.9623932845120438,0.3955921467977943
0,22746.386786937714,0.0,58.09884786605835,0.0,passthrough,passthrough,"HistGradientBoostingRegressor(early_stopping=True, max_iter=10000,
                              n_iter_no_change=100, random_state=42,
                              scoring='neg_root_mean_squared_error')",100,0.02,squared_error,32,3,0.2,255,800,FunctionTransformer(func=<function reshape at 0x7fdb1d1c0360>),passthrough,"{'first_scale': 'passthrough', 'frequency': 'passthrough', 'model': HistGradientBoostingRegressor(early_stopping=True, max_iter=10000,
                              n_iter_no_change=100, random_state=42,
                              scoring='neg_root_mean_squared_error'), 'model__l2_regularization': 100, 'model__learning_rate': 0.02, 'model__loss': 'squared_error', 'model__max_bins': 32, 'model__max_depth': 3, 'model__max_features': 0.2, 'model__max_leaf_nodes': 255, 'model__min_samples_leaf': 800, 'reshape': FunctionTransformer(func=<function reshape at 0x7fdb1d1c0360>), 'second_scale': 'passthrough'}",0.08851772050073825,0.08851772050073825,0.0,1,0.411968134056773,0.411968134056773,0.0,0.9547158108564359,0.7668323584351582
0,31187.538471221924,0.0,65.30061411857605,0.0,passthrough,passthrough,"HistGradientBoostingRegressor(early_stopping=True, max_iter=10000,
                              n_iter_no_change=100, random_state=42,
                              scoring='neg_root_mean_squared_error')",50,0.02,squared_error,32,3,0.2,511,800,FunctionTransformer(func=<function reshape at 0x7fdb1d1c0360>),passthrough,"{'first_scale': 'passthrough', 'frequency': 'passthrough', 'model': HistGradientBoostingRegressor(early_stopping=True, max_iter=10000,
                              n_iter_no_change=100, random_state=42,
                              scoring='neg_root_mean_squared_error'), 'model__l2_regularization': 50, 'model__learning_rate': 0.02, 'model__loss': 'squared_error', 'model__max_bins': 32, 'model__max_depth': 3, 'model__max_features': 0.2, 'model__max_leaf_nodes': 511, 'model__min_samples_leaf': 800, 'reshape': FunctionTransformer(func=<function reshape at 0x7fdb1d1c0360>), 'second_scale': 'passthrough'}",0.085999820197459,0.085999820197459,0.0,1,0.4423994336842084,0.4423994336842084,0.0,0.9560335662530584,0.7467265673027789
0,5867.840514183044,0.0,14.050934076309204,0.0,passthrough,passthrough,"HistGradientBoostingRegressor(early_stopping=True, max_iter=10000,
                              n_iter_no_change=100, random_state=42,
                              scoring='neg_root_mean_squared_error')",50,0.1,squared_error,32,3,1.0,127,200,FunctionTransformer(func=<function reshape at 0x7fdb1d1c0360>),passthrough,"{'first_scale': 'passthrough', 'frequency': 'passthrough', 'model': HistGradientBoostingRegressor(early_stopping=True, max_iter=10000,
                              n_iter_no_change=100, random_state=42,
                              scoring='neg_root_mean_squared_error'), 'model__l2_regularization': 50, 'model__learning_rate': 0.1, 'model__loss': 'squared_error', 'model__max_bins': 32, 'model__max_depth': 3, 'model__max_features': 1.0, 'model__max_leaf_nodes': 127, 'model__min_samples_leaf': 200, 'reshape': FunctionTransformer(func=<function reshape at 0x7fdb1d1c0360>), 'second_scale': 'passthrough'}",0.06651456585136728,0.06651456585136728,0.0,1,0.48260306432675704,0.48260306432675704,0.0,0.9661704995230566,0.7193030902708837
0,10758.14198422432,0.0,34.92752814292908,0.0,passthrough,passthrough,"HistGradientBoostingRegressor(early_stopping=True, max_iter=10000,
                              n_iter_no_change=100, random_state=42,
                              scoring='neg_root_mean_squared_error')",400,0.05,squared_error,32,3,1.0,511,200,FunctionTransformer(func=<function reshape at 0x7fdb1d1c0360>),passthrough,"{'first_scale': 'passthrough', 'frequency': 'passthrough', 'model': HistGradientBoostingRegressor(early_stopping=True, max_iter=10000,
                              n_iter_no_change=100, random_state=42,
                              scoring='neg_root_mean_squared_error'), 'model__l2_regularization': 400, 'model__learning_rate': 0.05, 'model__loss': 'squared_error', 'model__max_bins': 32, 'model__max_depth': 3, 'model__max_features': 1.0, 'model__max_leaf_nodes': 511, 'model__min_samples_leaf': 200, 'reshape': FunctionTransformer(func=<function reshape at 0x7fdb1d1c0360>), 'second_scale': 'passthrough'}",0.0786285897580139,0.0786285897580139,0.0,1,0.4897926060550295,0.4897926060550295,0.0,0.9598809354508433,0.7142880329005733
0,24226.709158420563,0.0,136.61635279655457,0.0,passthrough,passthrough,"HistGradientBoostingRegressor(early_stopping=True, max_iter=10000,
                              n_iter_no_change=100, random_state=42,
                              scoring='neg_root_mean_squared_error')",100,0.005,squared_error,63,6,0.5,127,3200,FunctionTransformer(func=<function reshape at 0x7fdb1d1c0360>),passthrough,"{'first_scale': 'passthrough', 'frequency': 'passthrough', 'model': HistGradientBoostingRegressor(early_stopping=True, max_iter=10000,
                              n_iter_no_change=100, random_state=42,
                              scoring='neg_root_mean_squared_error'), 'model__l2_regularization': 100, 'model__learning_rate': 0.005, 'model__loss': 'squared_error', 'model__max_bins': 63, 'model__max_depth': 6, 'model__max_features': 0.5, 'model__max_leaf_nodes': 127, 'model__min_samples_leaf': 3200, 'reshape': FunctionTransformer(func=<function reshape at 0x7fdb1d1c0360>), 'second_scale': 'passthrough'}",0.09157181512854429,0.09157181512854429,0.0,1,0.3110193581229759,0.3110193581229759,0.0,0.9531149903718101,0.8300485780224096
0,29428.535975694656,0.0,110.15703558921814,0.0,passthrough,passthrough,"HistGradientBoostingRegressor(early_stopping=True, max_iter=10000,
                              n_iter_no_change=100, random_state=42,
                              scoring='neg_root_mean_squared_error')",100,0.005,squared_error,63,None,1.0,255,3200,FunctionTransformer(func=<function reshape at 0x7fdb1d1c0360>),passthrough,"{'first_scale': 'passthrough', 'frequency': 'passthrough', 'model': HistGradientBoostingRegressor(early_stopping=True, max_iter=10000,
                              n_iter_no_change=100, random_state=42,
                              scoring='neg_root_mean_squared_error'), 'model__l2_regularization': 100, 'model__learning_rate': 0.005, 'model__loss': 'squared_error', 'model__max_bins': 63, 'model__max_depth': None, 'model__max_features': 1.0, 'model__max_leaf_nodes': 255, 'model__min_samples_leaf': 3200, 'reshape': FunctionTransformer(func=<function reshape at 0x7fdb1d1c0360>), 'second_scale': 'passthrough'}",0.09154921253730164,0.09154921253730164,0.0,1,0.37828018504847793,0.37828018504847793,0.0,0.953126847519625,0.7884921147047205
0,24893.648483276367,0.0,73.1302125453949,0.0,passthrough,passthrough,"HistGradientBoostingRegressor(early_stopping=True, max_iter=10000,
                              n_iter_no_change=100, random_state=42,
                              scoring='neg_root_mean_squared_error')",100,0.02,squared_error,32,3,1.0,511,800,FunctionTransformer(func=<function reshape at 0x7fdb1d1c0360>),passthrough,"{'first_scale': 'passthrough', 'frequency': 'passthrough', 'model': HistGradientBoostingRegressor(early_stopping=True, max_iter=10000,
                              n_iter_no_change=100, random_state=42,
                              scoring='neg_root_mean_squared_error'), 'model__l2_regularization': 100, 'model__learning_rate': 0.02, 'model__loss': 'squared_error', 'model__max_bins': 32, 'model__max_depth': 3, 'model__max_features': 1.0, 'model__max_leaf_nodes': 511, 'model__min_samples_leaf': 800, 'reshape': FunctionTransformer(func=<function reshape at 0x7fdb1d1c0360>), 'second_scale': 'passthrough'}",0.08269731994154617,0.08269731994154617,0.0,1,0.4597935509689254,0.4597935509689254,0.0,0.9577591973238648,0.7349873801849081
0,18609.080952882767,0.0,41.48698091506958,0.0,passthrough,passthrough,"HistGradientBoostingRegressor(early_stopping=True, max_iter=10000,
                              n_iter_no_change=100, random_state=42,
                              scoring='neg_root_mean_squared_error')",200,0.02,squared_error,32,3,0.2,511,400,FunctionTransformer(func=<function reshape at 0x7fdb1d1c0360>),passthrough,"{'first_scale': 'passthrough', 'frequency': 'passthrough', 'model': HistGradientBoostingRegressor(early_stopping=True, max_iter=10000,
                              n_iter_no_change=100, random_state=42,
                              scoring='neg_root_mean_squared_error'), 'model__l2_regularization': 200, 'model__learning_rate': 0.02, 'model__loss': 'squared_error', 'model__max_bins': 32, 'model__max_depth': 3, 'model__max_features': 0.2, 'model__max_leaf_nodes': 511, 'model__min_samples_leaf': 400, 'reshape': FunctionTransformer(func=<function reshape at 0x7fdb1d1c0360>), 'second_scale': 'passthrough'}",0.08996132730257944,0.08996132730257944,0.0,1,0.3467269049418741,0.3467269049418741,0.0,0.9539594712027448,0.8082531132375093
0,11113.917316913605,0.0,34.78592252731323,0.0,passthrough,passthrough,"HistGradientBoostingRegressor(early_stopping=True, max_iter=10000,
                              n_iter_no_change=100, random_state=42,
                              scoring='neg_root_mean_squared_error')",200,0.05,squared_error,32,6,1.0,255,800,FunctionTransformer(func=<function reshape at 0x7fdb1d1c0360>),passthrough,"{'first_scale': 'passthrough', 'frequency': 'passthrough', 'model': HistGradientBoostingRegressor(early_stopping=True, max_iter=10000,
                              n_iter_no_change=100, random_state=42,
                              scoring='neg_root_mean_squared_error'), 'model__l2_regularization': 200, 'model__learning_rate': 0.05, 'model__loss': 'squared_error', 'model__max_bins': 32, 'model__max_depth': 6, 'model__max_features': 1.0, 'model__max_leaf_nodes': 255, 'model__min_samples_leaf': 800, 'reshape': FunctionTransformer(func=<function reshape at 0x7fdb1d1c0360>), 'second_scale': 'passthrough'}",0.07823704180761681,0.07823704180761681,0.0,1,0.8123528884913571,0.8123528884913571,0.0,0.9600848703069865,0.4331825383237913
0,5852.123853445053,0.0,14.59719181060791,0.0,passthrough,passthrough,"HistGradientBoostingRegressor(early_stopping=True, max_iter=10000,
                              n_iter_no_change=100, random_state=42,
                              scoring='neg_root_mean_squared_error')",50,0.1,squared_error,32,3,1.0,255,400,FunctionTransformer(func=<function reshape at 0x7fdb1d1c0360>),passthrough,"{'first_scale': 'passthrough', 'frequency': 'passthrough', 'model': HistGradientBoostingRegressor(early_stopping=True, max_iter=10000,
                              n_iter_no_change=100, random_state=42,
                              scoring='neg_root_mean_squared_error'), 'model__l2_regularization': 50, 'model__learning_rate': 0.1, 'model__loss': 'squared_error', 'model__max_bins': 32, 'model__max_depth': 3, 'model__max_features': 1.0, 'model__max_leaf_nodes': 255, 'model__min_samples_leaf': 400, 'reshape': FunctionTransformer(func=<function reshape at 0x7fdb1d1c0360>), 'second_scale': 'passthrough'}",0.07056350918845178,0.07056350918845178,0.0,1,0.4943233982102424,0.4943233982102424,0.0,0.9640728659243285,0.711109416186959
0,17680.154524564743,0.0,47.806172609329224,0.0,passthrough,passthrough,"HistGradientBoostingRegressor(early_stopping=True, max_iter=10000,
                              n_iter_no_change=100, random_state=42,
                              scoring='neg_root_mean_squared_error')",200,0.05,squared_error,32,6,0.5,127,400,FunctionTransformer(func=<function reshape at 0x7fdb1d1c0360>),passthrough,"{'first_scale': 'passthrough', 'frequency': 'passthrough', 'model': HistGradientBoostingRegressor(early_stopping=True, max_iter=10000,
                              n_iter_no_change=100, random_state=42,
                              scoring='neg_root_mean_squared_error'), 'model__l2_regularization': 200, 'model__learning_rate': 0.05, 'model__loss': 'squared_error', 'model__max_bins': 32, 'model__max_depth': 6, 'model__max_features': 0.5, 'model__max_leaf_nodes': 127, 'model__min_samples_leaf': 400, 'reshape': FunctionTransformer(func=<function reshape at 0x7fdb1d1c0360>), 'second_scale': 'passthrough'}",0.07417524976706558,0.07417524976706558,0.0,1,0.8909293871820225,0.8909293871820225,0.0,0.962197874780928,0.3302584030997205
0,8710.015954494476,0.0,21.415847301483154,0.0,passthrough,passthrough,"HistGradientBoostingRegressor(early_stopping=True, max_iter=10000,
                              n_iter_no_change=100, random_state=42,
                              scoring='neg_root_mean_squared_error')",100,0.1,squared_error,32,3,0.2,127,200,FunctionTransformer(func=<function reshape at 0x7fdb1d1c0360>),passthrough,"{'first_scale': 'passthrough', 'frequency': 'passthrough', 'model': HistGradientBoostingRegressor(early_stopping=True, max_iter=10000,
                              n_iter_no_change=100, random_state=42,
                              scoring='neg_root_mean_squared_error'), 'model__l2_regularization': 100, 'model__learning_rate': 0.1, 'model__loss': 'squared_error', 'model__max_bins': 32, 'model__max_depth': 3, 'model__max_features': 0.2, 'model__max_leaf_nodes': 127, 'model__min_samples_leaf': 200, 'reshape': FunctionTransformer(func=<function reshape at 0x7fdb1d1c0360>), 'second_scale': 'passthrough'}",0.07089568820653902,0.07089568820653902,0.0,1,0.505609327051703,0.505609327051703,0.0,0.9639005715287552,0.703129200750685
0,7547.78041601181,0.0,18.34377908706665,0.0,passthrough,passthrough,"HistGradientBoostingRegressor(early_stopping=True, max_iter=10000,
                              n_iter_no_change=100, random_state=42,
                              scoring='neg_root_mean_squared_error')",100,0.1,squared_error,32,3,1.0,511,200,FunctionTransformer(func=<function reshape at 0x7fdb1d1c0360>),passthrough,"{'first_scale': 'passthrough', 'frequency': 'passthrough', 'model': HistGradientBoostingRegressor(early_stopping=True, max_iter=10000,
                              n_iter_no_change=100, random_state=42,
                              scoring='neg_root_mean_squared_error'), 'model__l2_regularization': 100, 'model__learning_rate': 0.1, 'model__loss': 'squared_error', 'model__max_bins': 32, 'model__max_depth': 3, 'model__max_features': 1.0, 'model__max_leaf_nodes': 511, 'model__min_samples_leaf': 200, 'reshape': FunctionTransformer(func=<function reshape at 0x7fdb1d1c0360>), 'second_scale': 'passthrough'}",0.07032063649009201,0.07032063649009201,0.0,1,0.5005546257947053,0.5005546257947053,0.0,0.9641988194920734,0.7067144927092515
0,19875.59363079071,0.0,30.770814657211304,0.0,passthrough,passthrough,"HistGradientBoostingRegressor(early_stopping=True, max_iter=10000,
                              n_iter_no_change=100, random_state=42,
                              scoring='neg_root_mean_squared_error')",100,0.05,squared_error,32,6,1.0,255,200,FunctionTransformer(func=<function reshape at 0x7fdb1d1c0360>),passthrough,"{'first_scale': 'passthrough', 'frequency': 'passthrough', 'model': HistGradientBoostingRegressor(early_stopping=True, max_iter=10000,
                              n_iter_no_change=100, random_state=42,
                              scoring='neg_root_mean_squared_error'), 'model__l2_regularization': 100, 'model__learning_rate': 0.05, 'model__loss': 'squared_error', 'model__max_bins': 32, 'model__max_depth': 6, 'model__max_features': 1.0, 'model__max_leaf_nodes': 255, 'model__min_samples_leaf': 200, 'reshape': FunctionTransformer(func=<function reshape at 0x7fdb1d1c0360>), 'second_scale': 'passthrough'}",0.07785776098245722,0.07785776098245722,0.0,1,0.8510169567175135,0.8510169567175135,0.0,0.9602823746261007,0.38598321632227284
0,28088.71499156952,0.0,80.52442121505737,0.0,passthrough,passthrough,"HistGradientBoostingRegressor(early_stopping=True, max_iter=10000,
                              n_iter_no_change=100, random_state=42,
                              scoring='neg_root_mean_squared_error')",200,0.005,squared_error,63,None,0.5,255,6400,FunctionTransformer(func=<function reshape at 0x7fdb1d1c0360>),passthrough,"{'first_scale': 'passthrough', 'frequency': 'passthrough', 'model': HistGradientBoostingRegressor(early_stopping=True, max_iter=10000,
                              n_iter_no_change=100, random_state=42,
                              scoring='neg_root_mean_squared_error'), 'model__l2_regularization': 200, 'model__learning_rate': 0.005, 'model__loss': 'squared_error', 'model__max_bins': 63, 'model__max_depth': None, 'model__max_features': 0.5, 'model__max_leaf_nodes': 255, 'model__min_samples_leaf': 6400, 'reshape': FunctionTransformer(func=<function reshape at 0x7fdb1d1c0360>), 'second_scale': 'passthrough'}",0.08668651805827576,0.08668651805827576,0.0,1,0.23695322616033754,0.23695322616033754,0.0,0.9556743597804245,0.8735254855123933
0,4837.420282363892,0.0,17.182085752487183,0.0,passthrough,passthrough,"HistGradientBoostingRegressor(early_stopping=True, max_iter=10000,
                              n_iter_no_change=100, random_state=42,
                              scoring='neg_root_mean_squared_error')",100,0.1,squared_error,32,3,0.5,255,800,FunctionTransformer(func=<function reshape at 0x7fdb1d1c0360>),passthrough,"{'first_scale': 'passthrough', 'frequency': 'passthrough', 'model': HistGradientBoostingRegressor(early_stopping=True, max_iter=10000,
                              n_iter_no_change=100, random_state=42,
                              scoring='neg_root_mean_squared_error'), 'model__l2_regularization': 100, 'model__learning_rate': 0.1, 'model__loss': 'squared_error', 'model__max_bins': 32, 'model__max_depth': 3, 'model__max_features': 0.5, 'model__max_leaf_nodes': 255, 'model__min_samples_leaf': 800, 'reshape': FunctionTransformer(func=<function reshape at 0x7fdb1d1c0360>), 'second_scale': 'passthrough'}",0.07383389553298048,0.07383389553298048,0.0,1,0.5030651209675987,0.5030651209675987,0.0,0.9623752409881603,0.7049360815225741
0,26691.66272854805,0.0,74.49317622184753,0.0,passthrough,passthrough,"HistGradientBoostingRegressor(early_stopping=True, max_iter=10000,
                              n_iter_no_change=100, random_state=42,
                              scoring='neg_root_mean_squared_error')",100,0.005,squared_error,63,6,0.5,255,6400,FunctionTransformer(func=<function reshape at 0x7fdb1d1c0360>),passthrough,"{'first_scale': 'passthrough', 'frequency': 'passthrough', 'model': HistGradientBoostingRegressor(early_stopping=True, max_iter=10000,
                              n_iter_no_change=100, random_state=42,
                              scoring='neg_root_mean_squared_error'), 'model__l2_regularization': 100, 'model__learning_rate': 0.005, 'model__loss': 'squared_error', 'model__max_bins': 63, 'model__max_depth': 6, 'model__max_features': 0.5, 'model__max_leaf_nodes': 255, 'model__min_samples_leaf': 6400, 'reshape': FunctionTransformer(func=<function reshape at 0x7fdb1d1c0360>), 'second_scale': 'passthrough'}",0.08659657044289337,0.08659657044289337,0.0,1,0.2327704771585516,0.2327704771585516,0.0,0.9557214183835719,0.8759163903258395
0,2809.4164803028107,0.0,7.447503566741943,0.0,passthrough,passthrough,"HistGradientBoostingRegressor(early_stopping=True, max_iter=10000,
                              n_iter_no_change=100, random_state=42,
                              scoring='neg_root_mean_squared_error')",400,0.1,squared_error,32,3,0.2,255,800,FunctionTransformer(func=<function reshape at 0x7fdb1d1c0360>),passthrough,"{'first_scale': 'passthrough', 'frequency': 'passthrough', 'model': HistGradientBoostingRegressor(early_stopping=True, max_iter=10000,
                              n_iter_no_change=100, random_state=42,
                              scoring='neg_root_mean_squared_error'), 'model__l2_regularization': 400, 'model__learning_rate': 0.1, 'model__loss': 'squared_error', 'model__max_bins': 32, 'model__max_depth': 3, 'model__max_features': 0.2, 'model__max_leaf_nodes': 255, 'model__min_samples_leaf': 800, 'reshape': FunctionTransformer(func=<function reshape at 0x7fdb1d1c0360>), 'second_scale': 'passthrough'}",0.07944933502812557,0.07944933502812557,0.0,1,0.3821639340720171,0.3821639340720171,0.0,0.9594533156813178,0.7860254868183237
0,12766.382140398026,0.0,28.412349700927734,0.0,passthrough,passthrough,"HistGradientBoostingRegressor(early_stopping=True, max_iter=10000,
                              n_iter_no_change=100, random_state=42,
                              scoring='neg_root_mean_squared_error')",100,0.05,squared_error,32,3,1.0,511,400,FunctionTransformer(func=<function reshape at 0x7fdb1d1c0360>),passthrough,"{'first_scale': 'passthrough', 'frequency': 'passthrough', 'model': HistGradientBoostingRegressor(early_stopping=True, max_iter=10000,
                              n_iter_no_change=100, random_state=42,
                              scoring='neg_root_mean_squared_error'), 'model__l2_regularization': 100, 'model__learning_rate': 0.05, 'model__loss': 'squared_error', 'model__max_bins': 32, 'model__max_depth': 3, 'model__max_features': 1.0, 'model__max_leaf_nodes': 511, 'model__min_samples_leaf': 400, 'reshape': FunctionTransformer(func=<function reshape at 0x7fdb1d1c0360>), 'second_scale': 'passthrough'}",0.07546150706017474,0.07546150706017474,0.0,1,0.5247256910011608,0.5247256910011608,0.0,0.9615292470537884,0.6894014135457217
0,7447.235265493393,0.0,23.430214166641235,0.0,passthrough,passthrough,"HistGradientBoostingRegressor(early_stopping=True, max_iter=10000,
                              n_iter_no_change=100, random_state=42,
                              scoring='neg_root_mean_squared_error')",400,0.05,squared_error,32,3,1.0,511,800,FunctionTransformer(func=<function reshape at 0x7fdb1d1c0360>),passthrough,"{'first_scale': 'passthrough', 'frequency': 'passthrough', 'model': HistGradientBoostingRegressor(early_stopping=True, max_iter=10000,
                              n_iter_no_change=100, random_state=42,
                              scoring='neg_root_mean_squared_error'), 'model__l2_regularization': 400, 'model__learning_rate': 0.05, 'model__loss': 'squared_error', 'model__max_bins': 32, 'model__max_depth': 3, 'model__max_features': 1.0, 'model__max_leaf_nodes': 511, 'model__min_samples_leaf': 800, 'reshape': FunctionTransformer(func=<function reshape at 0x7fdb1d1c0360>), 'second_scale': 'passthrough'}",0.08363193132524294,0.08363193132524294,0.0,1,0.40491312378811584,0.40491312378811584,0.0,0.9572711573398401,0.771418742455668
0,9864.120250940323,0.0,23.067833185195923,0.0,passthrough,passthrough,"HistGradientBoostingRegressor(early_stopping=True, max_iter=10000,
                              n_iter_no_change=100, random_state=42,
                              scoring='neg_root_mean_squared_error')",50,0.1,squared_error,32,6,0.5,511,800,FunctionTransformer(func=<function reshape at 0x7fdb1d1c0360>),passthrough,"{'first_scale': 'passthrough', 'frequency': 'passthrough', 'model': HistGradientBoostingRegressor(early_stopping=True, max_iter=10000,
                              n_iter_no_change=100, random_state=42,
                              scoring='neg_root_mean_squared_error'), 'model__l2_regularization': 50, 'model__learning_rate': 0.1, 'model__loss': 'squared_error', 'model__max_bins': 32, 'model__max_depth': 6, 'model__max_features': 0.5, 'model__max_leaf_nodes': 511, 'model__min_samples_leaf': 800, 'reshape': FunctionTransformer(func=<function reshape at 0x7fdb1d1c0360>), 'second_scale': 'passthrough'}",0.05549310936606999,0.05549310936606999,0.0,1,0.8273446467474209,0.8273446467474209,0.0,0.9718574435759239,0.41551817439503064
0,16331.26765871048,0.0,27.347463369369507,0.0,passthrough,passthrough,"HistGradientBoostingRegressor(early_stopping=True, max_iter=10000,
                              n_iter_no_change=100, random_state=42,
                              scoring='neg_root_mean_squared_error')",100,0.1,squared_error,32,6,0.5,511,200,FunctionTransformer(func=<function reshape at 0x7fdb1d1c0360>),passthrough,"{'first_scale': 'passthrough', 'frequency': 'passthrough', 'model': HistGradientBoostingRegressor(early_stopping=True, max_iter=10000,
                              n_iter_no_change=100, random_state=42,
                              scoring='neg_root_mean_squared_error'), 'model__l2_regularization': 100, 'model__learning_rate': 0.1, 'model__loss': 'squared_error', 'model__max_bins': 32, 'model__max_depth': 6, 'model__max_features': 0.5, 'model__max_leaf_nodes': 511, 'model__min_samples_leaf': 200, 'reshape': FunctionTransformer(func=<function reshape at 0x7fdb1d1c0360>), 'second_scale': 'passthrough'}",0.06115463892452577,0.06115463892452577,0.0,1,0.8931046855814528,0.8931046855814528,0.0,0.9689403289550261,0.32694848893754985
0,5816.225342750549,0.0,16.401220321655273,0.0,passthrough,passthrough,"HistGradientBoostingRegressor(early_stopping=True, max_iter=10000,
                              n_iter_no_change=100, random_state=42,
                              scoring='neg_root_mean_squared_error')",200,0.1,squared_error,32,6,1.0,511,400,FunctionTransformer(func=<function reshape at 0x7fdb1d1c0360>),passthrough,"{'first_scale': 'passthrough', 'frequency': 'passthrough', 'model': HistGradientBoostingRegressor(early_stopping=True, max_iter=10000,
                              n_iter_no_change=100, random_state=42,
                              scoring='neg_root_mean_squared_error'), 'model__l2_regularization': 200, 'model__learning_rate': 0.1, 'model__loss': 'squared_error', 'model__max_bins': 32, 'model__max_depth': 6, 'model__max_features': 1.0, 'model__max_leaf_nodes': 511, 'model__min_samples_leaf': 400, 'reshape': FunctionTransformer(func=<function reshape at 0x7fdb1d1c0360>), 'second_scale': 'passthrough'}",0.05919350815555258,0.05919350815555258,0.0,1,0.845989639656375,0.845989639656375,0.0,0.9699517987222084,0.3924415374850438
0,19201.61221075058,0.0,49.45151662826538,0.0,passthrough,passthrough,"HistGradientBoostingRegressor(early_stopping=True, max_iter=10000,
                              n_iter_no_change=100, random_state=42,
                              scoring='neg_root_mean_squared_error')",200,0.05,squared_error,32,6,0.5,511,200,FunctionTransformer(func=<function reshape at 0x7fdb1d1c0360>),passthrough,"{'first_scale': 'passthrough', 'frequency': 'passthrough', 'model': HistGradientBoostingRegressor(early_stopping=True, max_iter=10000,
                              n_iter_no_change=100, random_state=42,
                              scoring='neg_root_mean_squared_error'), 'model__l2_regularization': 200, 'model__learning_rate': 0.05, 'model__loss': 'squared_error', 'model__max_bins': 32, 'model__max_depth': 6, 'model__max_features': 0.5, 'model__max_leaf_nodes': 511, 'model__min_samples_leaf': 200, 'reshape': FunctionTransformer(func=<function reshape at 0x7fdb1d1c0360>), 'second_scale': 'passthrough'}",0.07888021596245343,0.07888021596245343,0.0,1,0.9003165584587551,0.9003165584587551,0.0,0.9597498549296825,0.3157268464056309
0,9290.694566488266,0.0,25.25852084159851,0.0,passthrough,passthrough,"HistGradientBoostingRegressor(early_stopping=True, max_iter=10000,
                              n_iter_no_change=100, random_state=42,
                              scoring='neg_root_mean_squared_error')",100,0.05,squared_error,32,3,0.5,511,200,FunctionTransformer(func=<function reshape at 0x7fdb1d1c0360>),passthrough,"{'first_scale': 'passthrough', 'frequency': 'passthrough', 'model': HistGradientBoostingRegressor(early_stopping=True, max_iter=10000,
                              n_iter_no_change=100, random_state=42,
                              scoring='neg_root_mean_squared_error'), 'model__l2_regularization': 100, 'model__learning_rate': 0.05, 'model__loss': 'squared_error', 'model__max_bins': 32, 'model__max_depth': 3, 'model__max_features': 0.5, 'model__max_leaf_nodes': 511, 'model__min_samples_leaf': 200, 'reshape': FunctionTransformer(func=<function reshape at 0x7fdb1d1c0360>), 'second_scale': 'passthrough'}",0.08441521727823753,0.08441521727823753,0.0,1,0.43365256229463445,0.43365256229463445,0.0,0.9568619454873114,0.7525605873983606
0,27203.858866214752,0.0,77.56760311126709,0.0,passthrough,passthrough,"HistGradientBoostingRegressor(early_stopping=True, max_iter=10000,
                              n_iter_no_change=100, random_state=42,
                              scoring='neg_root_mean_squared_error')",200,0.005,squared_error,63,6,0.5,255,6400,FunctionTransformer(func=<function reshape at 0x7fdb1d1c0360>),passthrough,"{'first_scale': 'passthrough', 'frequency': 'passthrough', 'model': HistGradientBoostingRegressor(early_stopping=True, max_iter=10000,
                              n_iter_no_change=100, random_state=42,
                              scoring='neg_root_mean_squared_error'), 'model__l2_regularization': 200, 'model__learning_rate': 0.005, 'model__loss': 'squared_error', 'model__max_bins': 63, 'model__max_depth': 6, 'model__max_features': 0.5, 'model__max_leaf_nodes': 255, 'model__min_samples_leaf': 6400, 'reshape': FunctionTransformer(func=<function reshape at 0x7fdb1d1c0360>), 'second_scale': 'passthrough'}",0.08651992622418858,0.08651992622418858,0.0,1,0.23148312900695645,0.23148312900695645,0.0,0.9557615151154661,0.8766509402225287
0,9597.713937282562,0.0,30.672351837158203,0.0,passthrough,passthrough,"HistGradientBoostingRegressor(early_stopping=True, max_iter=10000,
                              n_iter_no_change=100, random_state=42,
                              scoring='neg_root_mean_squared_error')",200,0.1,squared_error,32,6,0.5,127,800,FunctionTransformer(func=<function reshape at 0x7fdb1d1c0360>),passthrough,"{'first_scale': 'passthrough', 'frequency': 'passthrough', 'model': HistGradientBoostingRegressor(early_stopping=True, max_iter=10000,
                              n_iter_no_change=100, random_state=42,
                              scoring='neg_root_mean_squared_error'), 'model__l2_regularization': 200, 'model__learning_rate': 0.1, 'model__loss': 'squared_error', 'model__max_bins': 32, 'model__max_depth': 6, 'model__max_features': 0.5, 'model__max_leaf_nodes': 127, 'model__min_samples_leaf': 800, 'reshape': FunctionTransformer(func=<function reshape at 0x7fdb1d1c0360>), 'second_scale': 'passthrough'}",0.05341627186983322,0.05341627186983322,0.0,1,0.8724929832236696,0.8724929832236696,0.0,0.9729253456099121,0.35708124674411335
0,9380.235435247421,0.0,22.10026240348816,0.0,passthrough,passthrough,"HistGradientBoostingRegressor(early_stopping=True, max_iter=10000,
                              n_iter_no_change=100, random_state=42,
                              scoring='neg_root_mean_squared_error')",50,0.1,squared_error,32,6,1.0,255,800,FunctionTransformer(func=<function reshape at 0x7fdb1d1c0360>),passthrough,"{'first_scale': 'passthrough', 'frequency': 'passthrough', 'model': HistGradientBoostingRegressor(early_stopping=True, max_iter=10000,
                              n_iter_no_change=100, random_state=42,
                              scoring='neg_root_mean_squared_error'), 'model__l2_regularization': 50, 'model__learning_rate': 0.1, 'model__loss': 'squared_error', 'model__max_bins': 32, 'model__max_depth': 6, 'model__max_features': 1.0, 'model__max_leaf_nodes': 255, 'model__min_samples_leaf': 800, 'reshape': FunctionTransformer(func=<function reshape at 0x7fdb1d1c0360>), 'second_scale': 'passthrough'}",0.05184072900940129,0.05184072900940129,0.0,1,0.8316876242020943,0.8316876242020943,0.0,0.9737347025707765,0.41025891312426804
0,20563.393883943558,0.0,45.85456204414368,0.0,passthrough,passthrough,"HistGradientBoostingRegressor(early_stopping=True, max_iter=10000,
                              n_iter_no_change=100, random_state=42,
                              scoring='neg_root_mean_squared_error')",400,0.05,squared_error,32,6,0.5,511,200,FunctionTransformer(func=<function reshape at 0x7fdb1d1c0360>),passthrough,"{'first_scale': 'passthrough', 'frequency': 'passthrough', 'model': HistGradientBoostingRegressor(early_stopping=True, max_iter=10000,
                              n_iter_no_change=100, random_state=42,
                              scoring='neg_root_mean_squared_error'), 'model__l2_regularization': 400, 'model__learning_rate': 0.05, 'model__loss': 'squared_error', 'model__max_bins': 32, 'model__max_depth': 6, 'model__max_features': 0.5, 'model__max_leaf_nodes': 511, 'model__min_samples_leaf': 200, 'reshape': FunctionTransformer(func=<function reshape at 0x7fdb1d1c0360>), 'second_scale': 'passthrough'}",0.07927871267199549,0.07927871267199549,0.0,1,0.8716182337577552,0.8716182337577552,0.0,0.9595422280066701,0.35830401371216153
0,8855.40173625946,0.0,28.369340896606445,0.0,passthrough,passthrough,"HistGradientBoostingRegressor(early_stopping=True, max_iter=10000,
                              n_iter_no_change=100, random_state=42,
                              scoring='neg_root_mean_squared_error')",400,0.1,squared_error,32,6,1.0,127,800,FunctionTransformer(func=<function reshape at 0x7fdb1d1c0360>),passthrough,"{'first_scale': 'passthrough', 'frequency': 'passthrough', 'model': HistGradientBoostingRegressor(early_stopping=True, max_iter=10000,
                              n_iter_no_change=100, random_state=42,
                              scoring='neg_root_mean_squared_error'), 'model__l2_regularization': 400, 'model__learning_rate': 0.1, 'model__loss': 'squared_error', 'model__max_bins': 32, 'model__max_depth': 6, 'model__max_features': 1.0, 'model__max_leaf_nodes': 127, 'model__min_samples_leaf': 800, 'reshape': FunctionTransformer(func=<function reshape at 0x7fdb1d1c0360>), 'second_scale': 'passthrough'}",0.06932707948312067,0.06932707948312067,0.0,1,0.8084485946705392,0.8084485946705392,0.0,0.9647139060451442,0.43766586036548566
0,3396.3258731365204,0.0,12.934061527252197,0.0,passthrough,passthrough,"HistGradientBoostingRegressor(early_stopping=True, max_iter=10000,
                              n_iter_no_change=100, random_state=42,
                              scoring='neg_root_mean_squared_error')",200,0.1,squared_error,32,3,0.5,255,200,FunctionTransformer(func=<function reshape at 0x7fdb1d1c0360>),passthrough,"{'first_scale': 'passthrough', 'frequency': 'passthrough', 'model': HistGradientBoostingRegressor(early_stopping=True, max_iter=10000,
                              n_iter_no_change=100, random_state=42,
                              scoring='neg_root_mean_squared_error'), 'model__l2_regularization': 200, 'model__learning_rate': 0.1, 'model__loss': 'squared_error', 'model__max_bins': 32, 'model__max_depth': 3, 'model__max_features': 0.5, 'model__max_leaf_nodes': 255, 'model__min_samples_leaf': 200, 'reshape': FunctionTransformer(func=<function reshape at 0x7fdb1d1c0360>), 'second_scale': 'passthrough'}",0.0730379440643677,0.0730379440643677,0.0,1,0.4611071148954703,0.4611071148954703,0.0,0.9627886870625518,0.7340932400618668
0,28476.563972711563,0.0,49.30622458457947,0.0,passthrough,passthrough,"HistGradientBoostingRegressor(early_stopping=True, max_iter=10000,
                              n_iter_no_change=100, random_state=42,
                              scoring='neg_root_mean_squared_error')",100,0.05,squared_error,32,6,0.5,255,400,FunctionTransformer(func=<function reshape at 0x7fdb1d1c0360>),passthrough,"{'first_scale': 'passthrough', 'frequency': 'passthrough', 'model': HistGradientBoostingRegressor(early_stopping=True, max_iter=10000,
                              n_iter_no_change=100, random_state=42,
                              scoring='neg_root_mean_squared_error'), 'model__l2_regularization': 100, 'model__learning_rate': 0.05, 'model__loss': 'squared_error', 'model__max_bins': 32, 'model__max_depth': 6, 'model__max_features': 0.5, 'model__max_leaf_nodes': 255, 'model__min_samples_leaf': 400, 'reshape': FunctionTransformer(func=<function reshape at 0x7fdb1d1c0360>), 'second_scale': 'passthrough'}",0.07507962407877156,0.07507962407877156,0.0,1,0.894004866964462,0.894004866964462,0.0,0.9617278076052644,0.325568937454939
0,8177.567412614822,0.0,19.37657594680786,0.0,passthrough,passthrough,"HistGradientBoostingRegressor(early_stopping=True, max_iter=10000,
                              n_iter_no_change=100, random_state=42,
                              scoring='neg_root_mean_squared_error')",200,0.1,squared_error,32,6,1.0,255,200,FunctionTransformer(func=<function reshape at 0x7fdb1d1c0360>),passthrough,"{'first_scale': 'passthrough', 'frequency': 'passthrough', 'model': HistGradientBoostingRegressor(early_stopping=True, max_iter=10000,
                              n_iter_no_change=100, random_state=42,
                              scoring='neg_root_mean_squared_error'), 'model__l2_regularization': 200, 'model__learning_rate': 0.1, 'model__loss': 'squared_error', 'model__max_bins': 32, 'model__max_depth': 6, 'model__max_features': 1.0, 'model__max_leaf_nodes': 255, 'model__min_samples_leaf': 200, 'reshape': FunctionTransformer(func=<function reshape at 0x7fdb1d1c0360>), 'second_scale': 'passthrough'}",0.05442619871958709,0.05442619871958709,0.0,1,0.8952079460041555,0.8952079460041555,0.0,0.9724061915066219,0.3237160082477301
0,9988.808769464493,0.0,28.335306644439697,0.0,passthrough,passthrough,"HistGradientBoostingRegressor(early_stopping=True, max_iter=10000,
                              n_iter_no_change=100, random_state=42,
                              scoring='neg_root_mean_squared_error')",200,0.1,squared_error,32,6,0.5,511,400,FunctionTransformer(func=<function reshape at 0x7fdb1d1c0360>),passthrough,"{'first_scale': 'passthrough', 'frequency': 'passthrough', 'model': HistGradientBoostingRegressor(early_stopping=True, max_iter=10000,
                              n_iter_no_change=100, random_state=42,
                              scoring='neg_root_mean_squared_error'), 'model__l2_regularization': 200, 'model__learning_rate': 0.1, 'model__loss': 'squared_error', 'model__max_bins': 32, 'model__max_depth': 6, 'model__max_features': 0.5, 'model__max_leaf_nodes': 511, 'model__min_samples_leaf': 400, 'reshape': FunctionTransformer(func=<function reshape at 0x7fdb1d1c0360>), 'second_scale': 'passthrough'}",0.05965558644088331,0.05965558644088331,0.0,1,0.8952407991766026,0.8952407991766026,0.0,0.9697135729477631,0.32366526045190175
0,10595.72532749176,0.0,36.159939765930176,0.0,passthrough,passthrough,"HistGradientBoostingRegressor(early_stopping=True, max_iter=10000,
                              n_iter_no_change=100, random_state=42,
                              scoring='neg_root_mean_squared_error')",400,0.05,squared_error,32,3,1.0,255,200,FunctionTransformer(func=<function reshape at 0x7fdb1d1c0360>),passthrough,"{'first_scale': 'passthrough', 'frequency': 'passthrough', 'model': HistGradientBoostingRegressor(early_stopping=True, max_iter=10000,
                              n_iter_no_change=100, random_state=42,
                              scoring='neg_root_mean_squared_error'), 'model__l2_regularization': 400, 'model__learning_rate': 0.05, 'model__loss': 'squared_error', 'model__max_bins': 32, 'model__max_depth': 3, 'model__max_features': 1.0, 'model__max_leaf_nodes': 255, 'model__min_samples_leaf': 200, 'reshape': FunctionTransformer(func=<function reshape at 0x7fdb1d1c0360>), 'second_scale': 'passthrough'}",0.0786285897580139,0.0786285897580139,0.0,1,0.4897926060550295,0.4897926060550295,0.0,0.9598809354508433,0.7142880329005733
0,13578.584263324738,0.0,45.466935873031616,0.0,passthrough,passthrough,"HistGradientBoostingRegressor(early_stopping=True, max_iter=10000,
                              n_iter_no_change=100, random_state=42,
                              scoring='neg_root_mean_squared_error')",400,0.02,squared_error,32,3,1.0,255,200,FunctionTransformer(func=<function reshape at 0x7fdb1d1c0360>),passthrough,"{'first_scale': 'passthrough', 'frequency': 'passthrough', 'model': HistGradientBoostingRegressor(early_stopping=True, max_iter=10000,
                              n_iter_no_change=100, random_state=42,
                              scoring='neg_root_mean_squared_error'), 'model__l2_regularization': 400, 'model__learning_rate': 0.02, 'model__loss': 'squared_error', 'model__max_bins': 32, 'model__max_depth': 3, 'model__max_features': 1.0, 'model__max_leaf_nodes': 255, 'model__min_samples_leaf': 200, 'reshape': FunctionTransformer(func=<function reshape at 0x7fdb1d1c0360>), 'second_scale': 'passthrough'}",0.08387024145536981,0.08387024145536981,0.0,1,0.4266259755642411,0.4266259755642411,0.0,0.9571466755647382,0.7572146488518027
0,6187.8225865364075,0.0,16.626314163208008,0.0,passthrough,passthrough,"HistGradientBoostingRegressor(early_stopping=True, max_iter=10000,
                              n_iter_no_change=100, random_state=42,
                              scoring='neg_root_mean_squared_error')",100,0.1,squared_error,32,3,0.5,127,200,FunctionTransformer(func=<function reshape at 0x7fdb1d1c0360>),passthrough,"{'first_scale': 'passthrough', 'frequency': 'passthrough', 'model': HistGradientBoostingRegressor(early_stopping=True, max_iter=10000,
                              n_iter_no_change=100, random_state=42,
                              scoring='neg_root_mean_squared_error'), 'model__l2_regularization': 100, 'model__learning_rate': 0.1, 'model__loss': 'squared_error', 'model__max_bins': 32, 'model__max_depth': 3, 'model__max_features': 0.5, 'model__max_leaf_nodes': 127, 'model__min_samples_leaf': 200, 'reshape': FunctionTransformer(func=<function reshape at 0x7fdb1d1c0360>), 'second_scale': 'passthrough'}",0.07676617267306618,0.07676617267306618,0.0,1,0.4393568627476305,0.4393568627476305,0.0,0.9608505749214775,0.7487610682002434
0,14049.302170753479,0.0,39.04676795005798,0.0,passthrough,passthrough,"HistGradientBoostingRegressor(early_stopping=True, max_iter=10000,
                              n_iter_no_change=100, random_state=42,
                              scoring='neg_root_mean_squared_error')",50,0.05,squared_error,32,3,0.2,511,200,FunctionTransformer(func=<function reshape at 0x7fdb1d1c0360>),passthrough,"{'first_scale': 'passthrough', 'frequency': 'passthrough', 'model': HistGradientBoostingRegressor(early_stopping=True, max_iter=10000,
                              n_iter_no_change=100, random_state=42,
                              scoring='neg_root_mean_squared_error'), 'model__l2_regularization': 50, 'model__learning_rate': 0.05, 'model__loss': 'squared_error', 'model__max_bins': 32, 'model__max_depth': 3, 'model__max_features': 0.2, 'model__max_leaf_nodes': 511, 'model__min_samples_leaf': 200, 'reshape': FunctionTransformer(func=<function reshape at 0x7fdb1d1c0360>), 'second_scale': 'passthrough'}",0.07999344393720775,0.07999344393720775,0.0,1,0.5108662180908863,0.5108662180908863,0.0,0.9591697222404345,0.6993809991050041
0,29000.249337673187,0.0,44.30868172645569,0.0,passthrough,passthrough,"HistGradientBoostingRegressor(early_stopping=True, max_iter=10000,
                              n_iter_no_change=100, random_state=42,
                              scoring='neg_root_mean_squared_error')",100,0.05,squared_error,32,6,0.5,127,200,FunctionTransformer(func=<function reshape at 0x7fdb1d1c0360>),passthrough,"{'first_scale': 'passthrough', 'frequency': 'passthrough', 'model': HistGradientBoostingRegressor(early_stopping=True, max_iter=10000,
                              n_iter_no_change=100, random_state=42,
                              scoring='neg_root_mean_squared_error'), 'model__l2_regularization': 100, 'model__learning_rate': 0.05, 'model__loss': 'squared_error', 'model__max_bins': 32, 'model__max_depth': 6, 'model__max_features': 0.5, 'model__max_leaf_nodes': 127, 'model__min_samples_leaf': 200, 'reshape': FunctionTransformer(func=<function reshape at 0x7fdb1d1c0360>), 'second_scale': 'passthrough'}",0.07604898587759423,0.07604898587759423,0.0,1,0.900642317275541,0.900642317275541,0.0,0.9612237065961314,0.31521053714058955
0,18788.73938369751,0.0,30.629910707473755,0.0,passthrough,passthrough,"HistGradientBoostingRegressor(early_stopping=True, max_iter=10000,
                              n_iter_no_change=100, random_state=42,
                              scoring='neg_root_mean_squared_error')",100,0.05,squared_error,32,6,0.2,127,200,FunctionTransformer(func=<function reshape at 0x7fdb1d1c0360>),passthrough,"{'first_scale': 'passthrough', 'frequency': 'passthrough', 'model': HistGradientBoostingRegressor(early_stopping=True, max_iter=10000,
                              n_iter_no_change=100, random_state=42,
                              scoring='neg_root_mean_squared_error'), 'model__l2_regularization': 100, 'model__learning_rate': 0.05, 'model__loss': 'squared_error', 'model__max_bins': 32, 'model__max_depth': 6, 'model__max_features': 0.2, 'model__max_leaf_nodes': 127, 'model__min_samples_leaf': 200, 'reshape': FunctionTransformer(func=<function reshape at 0x7fdb1d1c0360>), 'second_scale': 'passthrough'}",0.08182984766974011,0.08182984766974011,0.0,1,0.8568842524034127,0.8568842524034127,0.0,0.9582119558481098,0.3783064202423576
0,12942.182595729828,0.0,26.628490209579468,0.0,passthrough,passthrough,"HistGradientBoostingRegressor(early_stopping=True, max_iter=10000,
                              n_iter_no_change=100, random_state=42,
                              scoring='neg_root_mean_squared_error')",50,0.05,squared_error,32,3,1.0,127,200,FunctionTransformer(func=<function reshape at 0x7fdb1d1c0360>),passthrough,"{'first_scale': 'passthrough', 'frequency': 'passthrough', 'model': HistGradientBoostingRegressor(early_stopping=True, max_iter=10000,
                              n_iter_no_change=100, random_state=42,
                              scoring='neg_root_mean_squared_error'), 'model__l2_regularization': 50, 'model__learning_rate': 0.05, 'model__loss': 'squared_error', 'model__max_bins': 32, 'model__max_depth': 3, 'model__max_features': 1.0, 'model__max_leaf_nodes': 127, 'model__min_samples_leaf': 200, 'reshape': FunctionTransformer(func=<function reshape at 0x7fdb1d1c0360>), 'second_scale': 'passthrough'}",0.07474750747382997,0.07474750747382997,0.0,1,0.5260882637988831,0.5260882637988831,0.0,0.9619004587410124,0.6884124753380904
0,5694.046430587769,0.0,21.326627016067505,0.0,passthrough,passthrough,"HistGradientBoostingRegressor(early_stopping=True, max_iter=10000,
                              n_iter_no_change=100, random_state=42,
                              scoring='neg_root_mean_squared_error')",200,0.1,squared_error,32,6,0.2,127,800,FunctionTransformer(func=<function reshape at 0x7fdb1d1c0360>),passthrough,"{'first_scale': 'passthrough', 'frequency': 'passthrough', 'model': HistGradientBoostingRegressor(early_stopping=True, max_iter=10000,
                              n_iter_no_change=100, random_state=42,
                              scoring='neg_root_mean_squared_error'), 'model__l2_regularization': 200, 'model__learning_rate': 0.1, 'model__loss': 'squared_error', 'model__max_bins': 32, 'model__max_depth': 6, 'model__max_features': 0.2, 'model__max_leaf_nodes': 127, 'model__min_samples_leaf': 800, 'reshape': FunctionTransformer(func=<function reshape at 0x7fdb1d1c0360>), 'second_scale': 'passthrough'}",0.062133162196942426,0.062133162196942426,0.0,1,0.7696294603214976,0.7696294603214976,0.0,0.9684352522513096,0.47996931118406144
0,27891.407467365265,0.0,81.4806718826294,0.0,passthrough,passthrough,"HistGradientBoostingRegressor(early_stopping=True, max_iter=10000,
                              n_iter_no_change=100, random_state=42,
                              scoring='neg_root_mean_squared_error')",200,0.01,squared_error,63,None,0.5,255,6400,FunctionTransformer(func=<function reshape at 0x7fdb1d1c0360>),passthrough,"{'first_scale': 'passthrough', 'frequency': 'passthrough', 'model': HistGradientBoostingRegressor(early_stopping=True, max_iter=10000,
                              n_iter_no_change=100, random_state=42,
                              scoring='neg_root_mean_squared_error'), 'model__l2_regularization': 200, 'model__learning_rate': 0.01, 'model__loss': 'squared_error', 'model__max_bins': 63, 'model__max_depth': None, 'model__max_features': 0.5, 'model__max_leaf_nodes': 255, 'model__min_samples_leaf': 6400, 'reshape': FunctionTransformer(func=<function reshape at 0x7fdb1d1c0360>), 'second_scale': 'passthrough'}",0.08763585679316199,0.08763585679316199,0.0,1,0.3282046853193126,0.3282046853193126,0.0,0.9551775453845416,0.8196312065073459
0,29903.65124821663,0.0,103.93577980995178,0.0,passthrough,passthrough,"HistGradientBoostingRegressor(early_stopping=True, max_iter=10000,
                              n_iter_no_change=100, random_state=42,
                              scoring='neg_root_mean_squared_error')",100,0.005,squared_error,63,6,1.0,127,3200,FunctionTransformer(func=<function reshape at 0x7fdb1d1c0360>),passthrough,"{'first_scale': 'passthrough', 'frequency': 'passthrough', 'model': HistGradientBoostingRegressor(early_stopping=True, max_iter=10000,
                              n_iter_no_change=100, random_state=42,
                              scoring='neg_root_mean_squared_error'), 'model__l2_regularization': 100, 'model__learning_rate': 0.005, 'model__loss': 'squared_error', 'model__max_bins': 63, 'model__max_depth': 6, 'model__max_features': 1.0, 'model__max_leaf_nodes': 127, 'model__min_samples_leaf': 3200, 'reshape': FunctionTransformer(func=<function reshape at 0x7fdb1d1c0360>), 'second_scale': 'passthrough'}",0.09052501347219621,0.09052501347219621,0.0,1,0.3153202718705429,0.3153202718705429,0.0,0.9536639798837974,0.8274537619283975
0,11632.076853275299,0.0,32.00489830970764,0.0,passthrough,passthrough,"HistGradientBoostingRegressor(early_stopping=True, max_iter=10000,
                              n_iter_no_change=100, random_state=42,
                              scoring='neg_root_mean_squared_error')",50,0.05,squared_error,32,6,1.0,511,400,FunctionTransformer(func=<function reshape at 0x7fdb1d1c0360>),passthrough,"{'first_scale': 'passthrough', 'frequency': 'passthrough', 'model': HistGradientBoostingRegressor(early_stopping=True, max_iter=10000,
                              n_iter_no_change=100, random_state=42,
                              scoring='neg_root_mean_squared_error'), 'model__l2_regularization': 50, 'model__learning_rate': 0.05, 'model__loss': 'squared_error', 'model__max_bins': 32, 'model__max_depth': 6, 'model__max_features': 1.0, 'model__max_leaf_nodes': 511, 'model__min_samples_leaf': 400, 'reshape': FunctionTransformer(func=<function reshape at 0x7fdb1d1c0360>), 'second_scale': 'passthrough'}",0.07379916592612046,0.07379916592612046,0.0,1,0.8435068533919123,0.8435068533919123,0.0,0.9623932845120438,0.3955921467977943
0,7743.392549991608,0.0,26.627479314804077,0.0,passthrough,passthrough,"HistGradientBoostingRegressor(early_stopping=True, max_iter=10000,
                              n_iter_no_change=100, random_state=42,
                              scoring='neg_root_mean_squared_error')",400,0.1,squared_error,32,3,0.2,255,400,FunctionTransformer(func=<function reshape at 0x7fdb1d1c0360>),passthrough,"{'first_scale': 'passthrough', 'frequency': 'passthrough', 'model': HistGradientBoostingRegressor(early_stopping=True, max_iter=10000,
                              n_iter_no_change=100, random_state=42,
                              scoring='neg_root_mean_squared_error'), 'model__l2_regularization': 400, 'model__learning_rate': 0.1, 'model__loss': 'squared_error', 'model__max_bins': 32, 'model__max_depth': 3, 'model__max_features': 0.2, 'model__max_leaf_nodes': 255, 'model__min_samples_leaf': 400, 'reshape': FunctionTransformer(func=<function reshape at 0x7fdb1d1c0360>), 'second_scale': 'passthrough'}",0.06755263416163904,0.06755263416163904,0.0,1,0.5483204433658133,0.5483204433658133,0.0,0.9656331424709702,0.6720710949253708
0,7948.0472819805145,0.0,27.777793645858765,0.0,passthrough,passthrough,"HistGradientBoostingRegressor(early_stopping=True, max_iter=10000,
                              n_iter_no_change=100, random_state=42,
                              scoring='neg_root_mean_squared_error')",400,0.05,squared_error,32,3,1.0,255,800,FunctionTransformer(func=<function reshape at 0x7fdb1d1c0360>),passthrough,"{'first_scale': 'passthrough', 'frequency': 'passthrough', 'model': HistGradientBoostingRegressor(early_stopping=True, max_iter=10000,
                              n_iter_no_change=100, random_state=42,
                              scoring='neg_root_mean_squared_error'), 'model__l2_regularization': 400, 'model__learning_rate': 0.05, 'model__loss': 'squared_error', 'model__max_bins': 32, 'model__max_depth': 3, 'model__max_features': 1.0, 'model__max_leaf_nodes': 255, 'model__min_samples_leaf': 800, 'reshape': FunctionTransformer(func=<function reshape at 0x7fdb1d1c0360>), 'second_scale': 'passthrough'}",0.08363193132524294,0.08363193132524294,0.0,1,0.40491312378811584,0.40491312378811584,0.0,0.9572711573398401,0.771418742455668
0,33476.22633290291,0.0,81.13366842269897,0.0,passthrough,passthrough,"HistGradientBoostingRegressor(early_stopping=True, max_iter=10000,
                              n_iter_no_change=100, random_state=42,
                              scoring='neg_root_mean_squared_error')",800,0.01,squared_error,63,6,1.0,255,6400,FunctionTransformer(func=<function reshape at 0x7fdb1d1c0360>),passthrough,"{'first_scale': 'passthrough', 'frequency': 'passthrough', 'model': HistGradientBoostingRegressor(early_stopping=True, max_iter=10000,
                              n_iter_no_change=100, random_state=42,
                              scoring='neg_root_mean_squared_error'), 'model__l2_regularization': 800, 'model__learning_rate': 0.01, 'model__loss': 'squared_error', 'model__max_bins': 63, 'model__max_depth': 6, 'model__max_features': 1.0, 'model__max_leaf_nodes': 255, 'model__min_samples_leaf': 6400, 'reshape': FunctionTransformer(func=<function reshape at 0x7fdb1d1c0360>), 'second_scale': 'passthrough'}",0.08650830931976683,0.08650830931976683,0.0,1,0.3138942499065588,0.3138942499065588,0.0,0.9557675923990273,0.8283150065605724
0,12783.55116033554,0.0,28.111681938171387,0.0,passthrough,passthrough,"HistGradientBoostingRegressor(early_stopping=True, max_iter=10000,
                              n_iter_no_change=100, random_state=42,
                              scoring='neg_root_mean_squared_error')",100,0.05,squared_error,32,3,1.0,511,200,FunctionTransformer(func=<function reshape at 0x7fdb1d1c0360>),passthrough,"{'first_scale': 'passthrough', 'frequency': 'passthrough', 'model': HistGradientBoostingRegressor(early_stopping=True, max_iter=10000,
                              n_iter_no_change=100, random_state=42,
                              scoring='neg_root_mean_squared_error'), 'model__l2_regularization': 100, 'model__learning_rate': 0.05, 'model__loss': 'squared_error', 'model__max_bins': 32, 'model__max_depth': 3, 'model__max_features': 1.0, 'model__max_leaf_nodes': 511, 'model__min_samples_leaf': 200, 'reshape': FunctionTransformer(func=<function reshape at 0x7fdb1d1c0360>), 'second_scale': 'passthrough'}",0.07744562951075229,0.07744562951075229,0.0,1,0.523611052543947,0.523611052543947,0.0,0.9604969393440292,0.6902093504553911
0,27522.77609181404,0.0,77.33770370483398,0.0,passthrough,passthrough,"HistGradientBoostingRegressor(early_stopping=True, max_iter=10000,
                              n_iter_no_change=100, random_state=42,
                              scoring='neg_root_mean_squared_error')",400,0.005,squared_error,63,6,1.0,127,6400,FunctionTransformer(func=<function reshape at 0x7fdb1d1c0360>),passthrough,"{'first_scale': 'passthrough', 'frequency': 'passthrough', 'model': HistGradientBoostingRegressor(early_stopping=True, max_iter=10000,
                              n_iter_no_change=100, random_state=42,
                              scoring='neg_root_mean_squared_error'), 'model__l2_regularization': 400, 'model__learning_rate': 0.005, 'model__loss': 'squared_error', 'model__max_bins': 63, 'model__max_depth': 6, 'model__max_features': 1.0, 'model__max_leaf_nodes': 127, 'model__min_samples_leaf': 6400, 'reshape': FunctionTransformer(func=<function reshape at 0x7fdb1d1c0360>), 'second_scale': 'passthrough'}",0.08559305027580966,0.08559305027580966,0.0,1,0.23239862082546825,0.23239862082546825,0.0,0.9562462808943052,0.8761286316372339
0,27534.05906510353,0.0,45.657252073287964,0.0,passthrough,passthrough,"HistGradientBoostingRegressor(early_stopping=True, max_iter=10000,
                              n_iter_no_change=100, random_state=42,
                              scoring='neg_root_mean_squared_error')",100,0.05,squared_error,32,6,0.5,127,400,FunctionTransformer(func=<function reshape at 0x7fdb1d1c0360>),passthrough,"{'first_scale': 'passthrough', 'frequency': 'passthrough', 'model': HistGradientBoostingRegressor(early_stopping=True, max_iter=10000,
                              n_iter_no_change=100, random_state=42,
                              scoring='neg_root_mean_squared_error'), 'model__l2_regularization': 100, 'model__learning_rate': 0.05, 'model__loss': 'squared_error', 'model__max_bins': 32, 'model__max_depth': 6, 'model__max_features': 0.5, 'model__max_leaf_nodes': 127, 'model__min_samples_leaf': 400, 'reshape': FunctionTransformer(func=<function reshape at 0x7fdb1d1c0360>), 'second_scale': 'passthrough'}",0.07507962407877156,0.07507962407877156,0.0,1,0.894004866964462,0.894004866964462,0.0,0.9617278076052644,0.325568937454939
0,11116.661648988724,0.0,32.22214388847351,0.0,passthrough,passthrough,"HistGradientBoostingRegressor(early_stopping=True, max_iter=10000,
                              n_iter_no_change=100, random_state=42,
                              scoring='neg_root_mean_squared_error')",400,0.05,squared_error,32,3,0.2,255,200,FunctionTransformer(func=<function reshape at 0x7fdb1d1c0360>),passthrough,"{'first_scale': 'passthrough', 'frequency': 'passthrough', 'model': HistGradientBoostingRegressor(early_stopping=True, max_iter=10000,
                              n_iter_no_change=100, random_state=42,
                              scoring='neg_root_mean_squared_error'), 'model__l2_regularization': 400, 'model__learning_rate': 0.05, 'model__loss': 'squared_error', 'model__max_bins': 32, 'model__max_depth': 3, 'model__max_features': 0.2, 'model__max_leaf_nodes': 255, 'model__min_samples_leaf': 200, 'reshape': FunctionTransformer(func=<function reshape at 0x7fdb1d1c0360>), 'second_scale': 'passthrough'}",0.08166823403258872,0.08166823403258872,0.0,1,0.4802314307417652,0.4802314307417652,0.0,0.9582962829769357,0.7209497688870111
0,10393.079436302185,0.0,29.200772762298584,0.0,passthrough,passthrough,"HistGradientBoostingRegressor(early_stopping=True, max_iter=10000,
                              n_iter_no_change=100, random_state=42,
                              scoring='neg_root_mean_squared_error')",400,0.1,squared_error,32,3,0.5,127,400,FunctionTransformer(func=<function reshape at 0x7fdb1d1c0360>),passthrough,"{'first_scale': 'passthrough', 'frequency': 'passthrough', 'model': HistGradientBoostingRegressor(early_stopping=True, max_iter=10000,
                              n_iter_no_change=100, random_state=42,
                              scoring='neg_root_mean_squared_error'), 'model__l2_regularization': 400, 'model__learning_rate': 0.1, 'model__loss': 'squared_error', 'model__max_bins': 32, 'model__max_depth': 3, 'model__max_features': 0.5, 'model__max_leaf_nodes': 127, 'model__min_samples_leaf': 400, 'reshape': FunctionTransformer(func=<function reshape at 0x7fdb1d1c0360>), 'second_scale': 'passthrough'}",0.06770852727151444,0.06770852727151444,0.0,1,0.5630098892108679,0.5630098892108679,0.0,0.9655524184260974,0.6610522753830684
0,12341.546257019043,0.0,27.251647233963013,0.0,passthrough,passthrough,"HistGradientBoostingRegressor(early_stopping=True, max_iter=10000,
                              n_iter_no_change=100, random_state=42,
                              scoring='neg_root_mean_squared_error')",100,0.1,squared_error,32,6,0.2,127,800,FunctionTransformer(func=<function reshape at 0x7fdb1d1c0360>),passthrough,"{'first_scale': 'passthrough', 'frequency': 'passthrough', 'model': HistGradientBoostingRegressor(early_stopping=True, max_iter=10000,
                              n_iter_no_change=100, random_state=42,
                              scoring='neg_root_mean_squared_error'), 'model__l2_regularization': 100, 'model__learning_rate': 0.1, 'model__loss': 'squared_error', 'model__max_bins': 32, 'model__max_depth': 6, 'model__max_features': 0.2, 'model__max_leaf_nodes': 127, 'model__min_samples_leaf': 800, 'reshape': FunctionTransformer(func=<function reshape at 0x7fdb1d1c0360>), 'second_scale': 'passthrough'}",0.06104957509941078,0.06104957509941078,0.0,1,0.8282168417622594,0.8282168417622594,0.0,0.9689945432769935,0.4144673186606401
0,19832.3217792511,0.0,32.892932415008545,0.0,passthrough,passthrough,"HistGradientBoostingRegressor(early_stopping=True, max_iter=10000,
                              n_iter_no_change=100, random_state=42,
                              scoring='neg_root_mean_squared_error')",100,0.05,squared_error,32,6,1.0,511,200,FunctionTransformer(func=<function reshape at 0x7fdb1d1c0360>),passthrough,"{'first_scale': 'passthrough', 'frequency': 'passthrough', 'model': HistGradientBoostingRegressor(early_stopping=True, max_iter=10000,
                              n_iter_no_change=100, random_state=42,
                              scoring='neg_root_mean_squared_error'), 'model__l2_regularization': 100, 'model__learning_rate': 0.05, 'model__loss': 'squared_error', 'model__max_bins': 32, 'model__max_depth': 6, 'model__max_features': 1.0, 'model__max_leaf_nodes': 511, 'model__min_samples_leaf': 200, 'reshape': FunctionTransformer(func=<function reshape at 0x7fdb1d1c0360>), 'second_scale': 'passthrough'}",0.07785776098245722,0.07785776098245722,0.0,1,0.8510169567175135,0.8510169567175135,0.0,0.9602823746261007,0.38598321632227284
0,15375.88789010048,0.0,50.75532245635986,0.0,passthrough,passthrough,"HistGradientBoostingRegressor(early_stopping=True, max_iter=10000,
                              n_iter_no_change=100, random_state=42,
                              scoring='neg_root_mean_squared_error')",200,0.02,squared_error,32,3,1.0,255,400,FunctionTransformer(func=<function reshape at 0x7fdb1d1c0360>),passthrough,"{'first_scale': 'passthrough', 'frequency': 'passthrough', 'model': HistGradientBoostingRegressor(early_stopping=True, max_iter=10000,
                              n_iter_no_change=100, random_state=42,
                              scoring='neg_root_mean_squared_error'), 'model__l2_regularization': 200, 'model__learning_rate': 0.02, 'model__loss': 'squared_error', 'model__max_bins': 32, 'model__max_depth': 3, 'model__max_features': 1.0, 'model__max_leaf_nodes': 255, 'model__min_samples_leaf': 400, 'reshape': FunctionTransformer(func=<function reshape at 0x7fdb1d1c0360>), 'second_scale': 'passthrough'}",0.08320169686533507,0.08320169686533507,0.0,1,0.4604442137461079,0.4604442137461079,0.0,0.9574958501918768,0.7345446114797195
0,7194.718620061874,0.0,16.938997268676758,0.0,passthrough,passthrough,"HistGradientBoostingRegressor(early_stopping=True, max_iter=10000,
                              n_iter_no_change=100, random_state=42,
                              scoring='neg_root_mean_squared_error')",50,0.1,squared_error,32,3,1.0,255,800,FunctionTransformer(func=<function reshape at 0x7fdb1d1c0360>),passthrough,"{'first_scale': 'passthrough', 'frequency': 'passthrough', 'model': HistGradientBoostingRegressor(early_stopping=True, max_iter=10000,
                              n_iter_no_change=100, random_state=42,
                              scoring='neg_root_mean_squared_error'), 'model__l2_regularization': 50, 'model__learning_rate': 0.1, 'model__loss': 'squared_error', 'model__max_bins': 32, 'model__max_depth': 3, 'model__max_features': 1.0, 'model__max_leaf_nodes': 255, 'model__min_samples_leaf': 800, 'reshape': FunctionTransformer(func=<function reshape at 0x7fdb1d1c0360>), 'second_scale': 'passthrough'}",0.067641135026966,0.067641135026966,0.0,1,0.5260450623759212,0.5260450623759212,0.0,0.9655873160792006,0.6884438521942648
0,29984.323992729187,0.0,104.99890947341919,0.0,passthrough,passthrough,"HistGradientBoostingRegressor(early_stopping=True, max_iter=10000,
                              n_iter_no_change=100, random_state=42,
                              scoring='neg_root_mean_squared_error')",100,0.005,squared_error,63,6,1.0,255,3200,FunctionTransformer(func=<function reshape at 0x7fdb1d1c0360>),passthrough,"{'first_scale': 'passthrough', 'frequency': 'passthrough', 'model': HistGradientBoostingRegressor(early_stopping=True, max_iter=10000,
                              n_iter_no_change=100, random_state=42,
                              scoring='neg_root_mean_squared_error'), 'model__l2_regularization': 100, 'model__learning_rate': 0.005, 'model__loss': 'squared_error', 'model__max_bins': 63, 'model__max_depth': 6, 'model__max_features': 1.0, 'model__max_leaf_nodes': 255, 'model__min_samples_leaf': 3200, 'reshape': FunctionTransformer(func=<function reshape at 0x7fdb1d1c0360>), 'second_scale': 'passthrough'}",0.09052501347219621,0.09052501347219621,0.0,1,0.3153202718705429,0.3153202718705429,0.0,0.9536639798837974,0.8274537619283975
0,29418.688625097275,0.0,52.61091160774231,0.0,passthrough,passthrough,"HistGradientBoostingRegressor(early_stopping=True, max_iter=10000,
                              n_iter_no_change=100, random_state=42,
                              scoring='neg_root_mean_squared_error')",50,0.02,squared_error,32,3,0.2,127,800,FunctionTransformer(func=<function reshape at 0x7fdb1d1c0360>),passthrough,"{'first_scale': 'passthrough', 'frequency': 'passthrough', 'model': HistGradientBoostingRegressor(early_stopping=True, max_iter=10000,
                              n_iter_no_change=100, random_state=42,
                              scoring='neg_root_mean_squared_error'), 'model__l2_regularization': 50, 'model__learning_rate': 0.02, 'model__loss': 'squared_error', 'model__max_bins': 32, 'model__max_depth': 3, 'model__max_features': 0.2, 'model__max_leaf_nodes': 127, 'model__min_samples_leaf': 800, 'reshape': FunctionTransformer(func=<function reshape at 0x7fdb1d1c0360>), 'second_scale': 'passthrough'}",0.085999820197459,0.085999820197459,0.0,1,0.4423994336842084,0.4423994336842084,0.0,0.9560335662530584,0.7467265673027789
0,4374.753758907318,0.0,11.911822080612183,0.0,passthrough,passthrough,"HistGradientBoostingRegressor(early_stopping=True, max_iter=10000,
                              n_iter_no_change=100, random_state=42,
                              scoring='neg_root_mean_squared_error')",400,0.1,squared_error,32,3,0.5,255,200,FunctionTransformer(func=<function reshape at 0x7fdb1d1c0360>),passthrough,"{'first_scale': 'passthrough', 'frequency': 'passthrough', 'model': HistGradientBoostingRegressor(early_stopping=True, max_iter=10000,
                              n_iter_no_change=100, random_state=42,
                              scoring='neg_root_mean_squared_error'), 'model__l2_regularization': 400, 'model__learning_rate': 0.1, 'model__loss': 'squared_error', 'model__max_bins': 32, 'model__max_depth': 3, 'model__max_features': 0.5, 'model__max_leaf_nodes': 255, 'model__min_samples_leaf': 200, 'reshape': FunctionTransformer(func=<function reshape at 0x7fdb1d1c0360>), 'second_scale': 'passthrough'}",0.08079396059784782,0.08079396059784782,0.0,1,0.37769692732421656,0.37769692732421656,0.0,0.9587523347570801,0.7888618844105624
0,18453.417491436005,0.0,75.10895895957947,0.0,passthrough,passthrough,"HistGradientBoostingRegressor(early_stopping=True, max_iter=10000,
                              n_iter_no_change=100, random_state=42,
                              scoring='neg_root_mean_squared_error')",50,0.02,squared_error,32,3,1.0,255,800,FunctionTransformer(func=<function reshape at 0x7fdb1d1c0360>),passthrough,"{'first_scale': 'passthrough', 'frequency': 'passthrough', 'model': HistGradientBoostingRegressor(early_stopping=True, max_iter=10000,
                              n_iter_no_change=100, random_state=42,
                              scoring='neg_root_mean_squared_error'), 'model__l2_regularization': 50, 'model__learning_rate': 0.02, 'model__loss': 'squared_error', 'model__max_bins': 32, 'model__max_depth': 3, 'model__max_features': 1.0, 'model__max_leaf_nodes': 255, 'model__min_samples_leaf': 800, 'reshape': FunctionTransformer(func=<function reshape at 0x7fdb1d1c0360>), 'second_scale': 'passthrough'}",0.0826245674007745,0.0826245674007745,0.0,1,0.46326184953302296,0.46326184953302296,0.0,0.9577971771722996,0.7326241536196968
0,28368.829758405685,0.0,80.7861168384552,0.0,passthrough,passthrough,"HistGradientBoostingRegressor(early_stopping=True, max_iter=10000,
                              n_iter_no_change=100, random_state=42,
                              scoring='neg_root_mean_squared_error')",200,0.005,squared_error,63,None,1.0,127,6400,FunctionTransformer(func=<function reshape at 0x7fdb1d1c0360>),passthrough,"{'first_scale': 'passthrough', 'frequency': 'passthrough', 'model': HistGradientBoostingRegressor(early_stopping=True, max_iter=10000,
                              n_iter_no_change=100, random_state=42,
                              scoring='neg_root_mean_squared_error'), 'model__l2_regularization': 200, 'model__learning_rate': 0.005, 'model__loss': 'squared_error', 'model__max_bins': 63, 'model__max_depth': None, 'model__max_features': 1.0, 'model__max_leaf_nodes': 127, 'model__min_samples_leaf': 6400, 'reshape': FunctionTransformer(func=<function reshape at 0x7fdb1d1c0360>), 'second_scale': 'passthrough'}",0.08552057400472357,0.08552057400472357,0.0,1,0.24037313706770447,0.24037313706770447,0.0,0.9562841763802622,0.871565753648166
0,16005.091636657715,0.0,43.82520008087158,0.0,passthrough,passthrough,"HistGradientBoostingRegressor(early_stopping=True, max_iter=10000,
                              n_iter_no_change=100, random_state=42,
                              scoring='neg_root_mean_squared_error')",50,0.05,squared_error,32,6,1.0,255,400,FunctionTransformer(func=<function reshape at 0x7fdb1d1c0360>),passthrough,"{'first_scale': 'passthrough', 'frequency': 'passthrough', 'model': HistGradientBoostingRegressor(early_stopping=True, max_iter=10000,
                              n_iter_no_change=100, random_state=42,
                              scoring='neg_root_mean_squared_error'), 'model__l2_regularization': 50, 'model__learning_rate': 0.05, 'model__loss': 'squared_error', 'model__max_bins': 32, 'model__max_depth': 6, 'model__max_features': 1.0, 'model__max_leaf_nodes': 255, 'model__min_samples_leaf': 400, 'reshape': FunctionTransformer(func=<function reshape at 0x7fdb1d1c0360>), 'second_scale': 'passthrough'}",0.07379916592612046,0.07379916592612046,0.0,1,0.8435068533919123,0.8435068533919123,0.0,0.9623932845120438,0.3955921467977943
0,14565.695581197739,0.0,33.27044630050659,0.0,passthrough,passthrough,"HistGradientBoostingRegressor(early_stopping=True, max_iter=10000,
                              n_iter_no_change=100, random_state=42,
                              scoring='neg_root_mean_squared_error')",400,0.1,squared_error,32,6,0.5,255,400,FunctionTransformer(func=<function reshape at 0x7fdb1d1c0360>),passthrough,"{'first_scale': 'passthrough', 'frequency': 'passthrough', 'model': HistGradientBoostingRegressor(early_stopping=True, max_iter=10000,
                              n_iter_no_change=100, random_state=42,
                              scoring='neg_root_mean_squared_error'), 'model__l2_regularization': 400, 'model__learning_rate': 0.1, 'model__loss': 'squared_error', 'model__max_bins': 32, 'model__max_depth': 6, 'model__max_features': 0.5, 'model__max_leaf_nodes': 255, 'model__min_samples_leaf': 400, 'reshape': FunctionTransformer(func=<function reshape at 0x7fdb1d1c0360>), 'second_scale': 'passthrough'}",0.06042484551835381,0.06042484551835381,0.0,1,0.8843639282866118,0.8843639282866118,0.0,0.9693168493746749,0.3400530424998256
0,25019.777549028397,0.0,67.97561502456665,0.0,passthrough,passthrough,"HistGradientBoostingRegressor(early_stopping=True, max_iter=10000,
                              n_iter_no_change=100, random_state=42,
                              scoring='neg_root_mean_squared_error')",100,0.02,squared_error,32,3,1.0,127,400,FunctionTransformer(func=<function reshape at 0x7fdb1d1c0360>),passthrough,"{'first_scale': 'passthrough', 'frequency': 'passthrough', 'model': HistGradientBoostingRegressor(early_stopping=True, max_iter=10000,
                              n_iter_no_change=100, random_state=42,
                              scoring='neg_root_mean_squared_error'), 'model__l2_regularization': 100, 'model__learning_rate': 0.02, 'model__loss': 'squared_error', 'model__max_bins': 32, 'model__max_depth': 3, 'model__max_features': 1.0, 'model__max_leaf_nodes': 127, 'model__min_samples_leaf': 400, 'reshape': FunctionTransformer(func=<function reshape at 0x7fdb1d1c0360>), 'second_scale': 'passthrough'}",0.08210605412295702,0.08210605412295702,0.0,1,0.4579711533136098,0.4579711533136098,0.0,0.9580678190384243,0.7362260839486674
0,10162.70687866211,0.0,21.9200177192688,0.0,passthrough,passthrough,"HistGradientBoostingRegressor(early_stopping=True, max_iter=10000,
                              n_iter_no_change=100, random_state=42,
                              scoring='neg_root_mean_squared_error')",100,0.05,squared_error,32,3,0.2,511,200,FunctionTransformer(func=<function reshape at 0x7fdb1d1c0360>),passthrough,"{'first_scale': 'passthrough', 'frequency': 'passthrough', 'model': HistGradientBoostingRegressor(early_stopping=True, max_iter=10000,
                              n_iter_no_change=100, random_state=42,
                              scoring='neg_root_mean_squared_error'), 'model__l2_regularization': 100, 'model__learning_rate': 0.05, 'model__loss': 'squared_error', 'model__max_bins': 32, 'model__max_depth': 3, 'model__max_features': 0.2, 'model__max_leaf_nodes': 511, 'model__min_samples_leaf': 200, 'reshape': FunctionTransformer(func=<function reshape at 0x7fdb1d1c0360>), 'second_scale': 'passthrough'}",0.08335499663112633,0.08335499663112633,0.0,1,0.43096293674545605,0.43096293674545605,0.0,0.9574157944011963,0.754345453525468
0,28087.056928396225,0.0,82.52887463569641,0.0,passthrough,passthrough,"HistGradientBoostingRegressor(early_stopping=True, max_iter=10000,
                              n_iter_no_change=100, random_state=42,
                              scoring='neg_root_mean_squared_error')",200,0.0025,squared_error,63,None,0.5,127,6400,FunctionTransformer(func=<function reshape at 0x7fdb1d1c0360>),passthrough,"{'first_scale': 'passthrough', 'frequency': 'passthrough', 'model': HistGradientBoostingRegressor(early_stopping=True, max_iter=10000,
                              n_iter_no_change=100, random_state=42,
                              scoring='neg_root_mean_squared_error'), 'model__l2_regularization': 200, 'model__learning_rate': 0.0025, 'model__loss': 'squared_error', 'model__max_bins': 63, 'model__max_depth': None, 'model__max_features': 0.5, 'model__max_leaf_nodes': 127, 'model__min_samples_leaf': 6400, 'reshape': FunctionTransformer(func=<function reshape at 0x7fdb1d1c0360>), 'second_scale': 'passthrough'}",0.0810012863503039,0.0810012863503039,0.0,1,0.17562737279864804,0.17562737279864804,0.0,0.9586442059751344,0.9079496831880894
0,30098.420632600784,0.0,103.12603640556335,0.0,passthrough,passthrough,"HistGradientBoostingRegressor(early_stopping=True, max_iter=10000,
                              n_iter_no_change=100, random_state=42,
                              scoring='neg_root_mean_squared_error')",200,0.005,squared_error,63,6,0.5,127,3200,FunctionTransformer(func=<function reshape at 0x7fdb1d1c0360>),passthrough,"{'first_scale': 'passthrough', 'frequency': 'passthrough', 'model': HistGradientBoostingRegressor(early_stopping=True, max_iter=10000,
                              n_iter_no_change=100, random_state=42,
                              scoring='neg_root_mean_squared_error'), 'model__l2_regularization': 200, 'model__learning_rate': 0.005, 'model__loss': 'squared_error', 'model__max_bins': 63, 'model__max_depth': 6, 'model__max_features': 0.5, 'model__max_leaf_nodes': 127, 'model__min_samples_leaf': 3200, 'reshape': FunctionTransformer(func=<function reshape at 0x7fdb1d1c0360>), 'second_scale': 'passthrough'}",0.09155900054518795,0.09155900054518795,0.0,1,0.3089216706327409,0.3089216706327409,0.0,0.9531217128230853,0.8313112108995397
0,28404.22453069687,0.0,66.98079180717468,0.0,passthrough,passthrough,"HistGradientBoostingRegressor(early_stopping=True, max_iter=10000,
                              n_iter_no_change=100, random_state=42,
                              scoring='neg_root_mean_squared_error')",400,0.05,squared_error,32,6,0.5,511,400,FunctionTransformer(func=<function reshape at 0x7fdb1d1c0360>),passthrough,"{'first_scale': 'passthrough', 'frequency': 'passthrough', 'model': HistGradientBoostingRegressor(early_stopping=True, max_iter=10000,
                              n_iter_no_change=100, random_state=42,
                              scoring='neg_root_mean_squared_error'), 'model__l2_regularization': 400, 'model__learning_rate': 0.05, 'model__loss': 'squared_error', 'model__max_bins': 32, 'model__max_depth': 6, 'model__max_features': 0.5, 'model__max_leaf_nodes': 511, 'model__min_samples_leaf': 400, 'reshape': FunctionTransformer(func=<function reshape at 0x7fdb1d1c0360>), 'second_scale': 'passthrough'}",0.07493883005474966,0.07493883005474966,0.0,1,0.8931960793223281,0.8931960793223281,0.0,0.9618010032981097,0.326808691251735
0,13648.822954416275,0.0,29.434813976287842,0.0,passthrough,passthrough,"HistGradientBoostingRegressor(early_stopping=True, max_iter=10000,
                              n_iter_no_change=100, random_state=42,
                              scoring='neg_root_mean_squared_error')",100,0.1,squared_error,32,6,0.5,127,800,FunctionTransformer(func=<function reshape at 0x7fdb1d1c0360>),passthrough,"{'first_scale': 'passthrough', 'frequency': 'passthrough', 'model': HistGradientBoostingRegressor(early_stopping=True, max_iter=10000,
                              n_iter_no_change=100, random_state=42,
                              scoring='neg_root_mean_squared_error'), 'model__l2_regularization': 100, 'model__learning_rate': 0.1, 'model__loss': 'squared_error', 'model__max_bins': 32, 'model__max_depth': 6, 'model__max_features': 0.5, 'model__max_leaf_nodes': 127, 'model__min_samples_leaf': 800, 'reshape': FunctionTransformer(func=<function reshape at 0x7fdb1d1c0360>), 'second_scale': 'passthrough'}",0.05311313123167971,0.05311313123167971,0.0,1,0.8498127807173592,0.8498127807173592,0.0,0.9730811213708342,0.38753995830448346
0,29448.566482305527,0.0,68.23362731933594,0.0,passthrough,passthrough,"HistGradientBoostingRegressor(early_stopping=True, max_iter=10000,
                              n_iter_no_change=100, random_state=42,
                              scoring='neg_root_mean_squared_error')",400,0.05,squared_error,32,6,1.0,511,400,FunctionTransformer(func=<function reshape at 0x7fdb1d1c0360>),passthrough,"{'first_scale': 'passthrough', 'frequency': 'passthrough', 'model': HistGradientBoostingRegressor(early_stopping=True, max_iter=10000,
                              n_iter_no_change=100, random_state=42,
                              scoring='neg_root_mean_squared_error'), 'model__l2_regularization': 400, 'model__learning_rate': 0.05, 'model__loss': 'squared_error', 'model__max_bins': 32, 'model__max_depth': 6, 'model__max_features': 1.0, 'model__max_leaf_nodes': 511, 'model__min_samples_leaf': 400, 'reshape': FunctionTransformer(func=<function reshape at 0x7fdb1d1c0360>), 'second_scale': 'passthrough'}",0.07675401520974223,0.07675401520974223,0.0,1,0.896800320057842,0.896800320057842,0.0,0.9608569013075037,0.32124706993552166
0,23582.89436674118,0.0,41.05300712585449,0.0,passthrough,passthrough,"HistGradientBoostingRegressor(early_stopping=True, max_iter=10000,
                              n_iter_no_change=100, random_state=42,
                              scoring='neg_root_mean_squared_error')",50,0.05,squared_error,32,6,1.0,255,200,FunctionTransformer(func=<function reshape at 0x7fdb1d1c0360>),passthrough,"{'first_scale': 'passthrough', 'frequency': 'passthrough', 'model': HistGradientBoostingRegressor(early_stopping=True, max_iter=10000,
                              n_iter_no_change=100, random_state=42,
                              scoring='neg_root_mean_squared_error'), 'model__l2_regularization': 50, 'model__learning_rate': 0.05, 'model__loss': 'squared_error', 'model__max_bins': 32, 'model__max_depth': 6, 'model__max_features': 1.0, 'model__max_leaf_nodes': 255, 'model__min_samples_leaf': 200, 'reshape': FunctionTransformer(func=<function reshape at 0x7fdb1d1c0360>), 'second_scale': 'passthrough'}",0.07245810473384473,0.07245810473384473,0.0,1,0.893785223832593,0.893785223832593,0.0,0.9630897649057202,0.32590608488858724
0,8005.099403858185,0.0,17.50805926322937,0.0,passthrough,passthrough,"HistGradientBoostingRegressor(early_stopping=True, max_iter=10000,
                              n_iter_no_change=100, random_state=42,
                              scoring='neg_root_mean_squared_error')",200,0.1,squared_error,32,3,0.5,511,800,FunctionTransformer(func=<function reshape at 0x7fdb1d1c0360>),passthrough,"{'first_scale': 'passthrough', 'frequency': 'passthrough', 'model': HistGradientBoostingRegressor(early_stopping=True, max_iter=10000,
                              n_iter_no_change=100, random_state=42,
                              scoring='neg_root_mean_squared_error'), 'model__l2_regularization': 200, 'model__learning_rate': 0.1, 'model__loss': 'squared_error', 'model__max_bins': 32, 'model__max_depth': 3, 'model__max_features': 0.5, 'model__max_leaf_nodes': 511, 'model__min_samples_leaf': 800, 'reshape': FunctionTransformer(func=<function reshape at 0x7fdb1d1c0360>), 'second_scale': 'passthrough'}",0.0710521998780771,0.0710521998780771,0.0,1,0.49643147864146664,0.49643147864146664,0.0,0.9638193814828185,0.7096256205623732
0,7499.742720842361,0.0,24.2115421295166,0.0,passthrough,passthrough,"HistGradientBoostingRegressor(early_stopping=True, max_iter=10000,
                              n_iter_no_change=100, random_state=42,
                              scoring='neg_root_mean_squared_error')",50,0.1,squared_error,32,3,0.2,511,400,FunctionTransformer(func=<function reshape at 0x7fdb1d1c0360>),passthrough,"{'first_scale': 'passthrough', 'frequency': 'passthrough', 'model': HistGradientBoostingRegressor(early_stopping=True, max_iter=10000,
                              n_iter_no_change=100, random_state=42,
                              scoring='neg_root_mean_squared_error'), 'model__l2_regularization': 50, 'model__learning_rate': 0.1, 'model__loss': 'squared_error', 'model__max_bins': 32, 'model__max_depth': 3, 'model__max_features': 0.2, 'model__max_leaf_nodes': 511, 'model__min_samples_leaf': 400, 'reshape': FunctionTransformer(func=<function reshape at 0x7fdb1d1c0360>), 'second_scale': 'passthrough'}",0.07129169112169087,0.07129169112169087,0.0,1,0.5195623810039104,0.5195623810039104,0.0,0.9636951327459888,0.6931360753820923
0,5039.132196187973,0.0,10.697655439376831,0.0,passthrough,passthrough,"HistGradientBoostingRegressor(early_stopping=True, max_iter=10000,
                              n_iter_no_change=100, random_state=42,
                              scoring='neg_root_mean_squared_error')",400,0.1,squared_error,32,3,0.5,511,200,FunctionTransformer(func=<function reshape at 0x7fdb1d1c0360>),passthrough,"{'first_scale': 'passthrough', 'frequency': 'passthrough', 'model': HistGradientBoostingRegressor(early_stopping=True, max_iter=10000,
                              n_iter_no_change=100, random_state=42,
                              scoring='neg_root_mean_squared_error'), 'model__l2_regularization': 400, 'model__learning_rate': 0.1, 'model__loss': 'squared_error', 'model__max_bins': 32, 'model__max_depth': 3, 'model__max_features': 0.5, 'model__max_leaf_nodes': 511, 'model__min_samples_leaf': 200, 'reshape': FunctionTransformer(func=<function reshape at 0x7fdb1d1c0360>), 'second_scale': 'passthrough'}",0.08079396059784782,0.08079396059784782,0.0,1,0.37769692732421656,0.37769692732421656,0.0,0.9587523347570801,0.7888618844105624
0,33393.77852392197,0.0,81.3280234336853,0.0,passthrough,passthrough,"HistGradientBoostingRegressor(early_stopping=True, max_iter=10000,
                              n_iter_no_change=100, random_state=42,
                              scoring='neg_root_mean_squared_error')",800,0.01,squared_error,63,6,1.0,127,6400,FunctionTransformer(func=<function reshape at 0x7fdb1d1c0360>),passthrough,"{'first_scale': 'passthrough', 'frequency': 'passthrough', 'model': HistGradientBoostingRegressor(early_stopping=True, max_iter=10000,
                              n_iter_no_change=100, random_state=42,
                              scoring='neg_root_mean_squared_error'), 'model__l2_regularization': 800, 'model__learning_rate': 0.01, 'model__loss': 'squared_error', 'model__max_bins': 63, 'model__max_depth': 6, 'model__max_features': 1.0, 'model__max_leaf_nodes': 127, 'model__min_samples_leaf': 6400, 'reshape': FunctionTransformer(func=<function reshape at 0x7fdb1d1c0360>), 'second_scale': 'passthrough'}",0.08650830931976683,0.08650830931976683,0.0,1,0.3138942499065588,0.3138942499065588,0.0,0.9557675923990273,0.8283150065605724
0,4723.455489397049,0.0,15.398688554763794,0.0,passthrough,passthrough,"HistGradientBoostingRegressor(early_stopping=True, max_iter=10000,
                              n_iter_no_change=100, random_state=42,
                              scoring='neg_root_mean_squared_error')",400,0.1,squared_error,32,3,1.0,127,400,FunctionTransformer(func=<function reshape at 0x7fdb1d1c0360>),passthrough,"{'first_scale': 'passthrough', 'frequency': 'passthrough', 'model': HistGradientBoostingRegressor(early_stopping=True, max_iter=10000,
                              n_iter_no_change=100, random_state=42,
                              scoring='neg_root_mean_squared_error'), 'model__l2_regularization': 400, 'model__learning_rate': 0.1, 'model__loss': 'squared_error', 'model__max_bins': 32, 'model__max_depth': 3, 'model__max_features': 1.0, 'model__max_leaf_nodes': 127, 'model__min_samples_leaf': 400, 'reshape': FunctionTransformer(func=<function reshape at 0x7fdb1d1c0360>), 'second_scale': 'passthrough'}",0.07828539637282139,0.07828539637282139,0.0,1,0.43802704259906666,0.43802704259906666,0.0,0.9600596875336338,0.7496485559253305
0,7298.321161270142,0.0,24.223166465759277,0.0,passthrough,passthrough,"HistGradientBoostingRegressor(early_stopping=True, max_iter=10000,
                              n_iter_no_change=100, random_state=42,
                              scoring='neg_root_mean_squared_error')",50,0.1,squared_error,32,3,0.2,255,400,FunctionTransformer(func=<function reshape at 0x7fdb1d1c0360>),passthrough,"{'first_scale': 'passthrough', 'frequency': 'passthrough', 'model': HistGradientBoostingRegressor(early_stopping=True, max_iter=10000,
                              n_iter_no_change=100, random_state=42,
                              scoring='neg_root_mean_squared_error'), 'model__l2_regularization': 50, 'model__learning_rate': 0.1, 'model__loss': 'squared_error', 'model__max_bins': 32, 'model__max_depth': 3, 'model__max_features': 0.2, 'model__max_leaf_nodes': 255, 'model__min_samples_leaf': 400, 'reshape': FunctionTransformer(func=<function reshape at 0x7fdb1d1c0360>), 'second_scale': 'passthrough'}",0.07129169112169087,0.07129169112169087,0.0,1,0.5195623810039104,0.5195623810039104,0.0,0.9636951327459888,0.6931360753820923
0,2844.2318303585052,0.0,13.041516542434692,0.0,passthrough,passthrough,"HistGradientBoostingRegressor(early_stopping=True, max_iter=10000,
                              n_iter_no_change=100, random_state=42,
                              scoring='neg_root_mean_squared_error')",400,0.1,squared_error,32,3,0.5,127,200,FunctionTransformer(func=<function reshape at 0x7fdb1d1c0360>),passthrough,"{'first_scale': 'passthrough', 'frequency': 'passthrough', 'model': HistGradientBoostingRegressor(early_stopping=True, max_iter=10000,
                              n_iter_no_change=100, random_state=42,
                              scoring='neg_root_mean_squared_error'), 'model__l2_regularization': 400, 'model__learning_rate': 0.1, 'model__loss': 'squared_error', 'model__max_bins': 32, 'model__max_depth': 3, 'model__max_features': 0.5, 'model__max_leaf_nodes': 127, 'model__min_samples_leaf': 200, 'reshape': FunctionTransformer(func=<function reshape at 0x7fdb1d1c0360>), 'second_scale': 'passthrough'}",0.08079396059784782,0.08079396059784782,0.0,1,0.37769692732421656,0.37769692732421656,0.0,0.9587523347570801,0.7888618844105624
0,15054.244640350342,0.0,44.230642795562744,0.0,passthrough,passthrough,"HistGradientBoostingRegressor(early_stopping=True, max_iter=10000,
                              n_iter_no_change=100, random_state=42,
                              scoring='neg_root_mean_squared_error')",200,0.02,squared_error,32,3,1.0,511,800,FunctionTransformer(func=<function reshape at 0x7fdb1d1c0360>),passthrough,"{'first_scale': 'passthrough', 'frequency': 'passthrough', 'model': HistGradientBoostingRegressor(early_stopping=True, max_iter=10000,
                              n_iter_no_change=100, random_state=42,
                              scoring='neg_root_mean_squared_error'), 'model__l2_regularization': 200, 'model__learning_rate': 0.02, 'model__loss': 'squared_error', 'model__max_bins': 32, 'model__max_depth': 3, 'model__max_features': 1.0, 'model__max_leaf_nodes': 511, 'model__min_samples_leaf': 800, 'reshape': FunctionTransformer(func=<function reshape at 0x7fdb1d1c0360>), 'second_scale': 'passthrough'}",0.08207980490197442,0.08207980490197442,0.0,1,0.45338230695758575,0.45338230695758575,0.0,0.9580815179816515,0.7393359811631071
0,14541.806132793427,0.0,58.98029327392578,0.0,passthrough,passthrough,"HistGradientBoostingRegressor(early_stopping=True, max_iter=10000,
                              n_iter_no_change=100, random_state=42,
                              scoring='neg_root_mean_squared_error')",50,0.02,squared_error,32,3,1.0,511,400,FunctionTransformer(func=<function reshape at 0x7fdb1d1c0360>),passthrough,"{'first_scale': 'passthrough', 'frequency': 'passthrough', 'model': HistGradientBoostingRegressor(early_stopping=True, max_iter=10000,
                              n_iter_no_change=100, random_state=42,
                              scoring='neg_root_mean_squared_error'), 'model__l2_regularization': 50, 'model__learning_rate': 0.02, 'model__loss': 'squared_error', 'model__max_bins': 32, 'model__max_depth': 3, 'model__max_features': 1.0, 'model__max_leaf_nodes': 511, 'model__min_samples_leaf': 400, 'reshape': FunctionTransformer(func=<function reshape at 0x7fdb1d1c0360>), 'second_scale': 'passthrough'}",0.08429211423665284,0.08429211423665284,0.0,1,0.4182923016347294,0.4182923016347294,0.0,0.9569262697634271,0.7626976454436388
0,8788.346712350845,0.0,20.478689670562744,0.0,passthrough,passthrough,"HistGradientBoostingRegressor(early_stopping=True, max_iter=10000,
                              n_iter_no_change=100, random_state=42,
                              scoring='neg_root_mean_squared_error')",100,0.05,squared_error,32,3,0.5,255,400,FunctionTransformer(func=<function reshape at 0x7fdb1d1c0360>),passthrough,"{'first_scale': 'passthrough', 'frequency': 'passthrough', 'model': HistGradientBoostingRegressor(early_stopping=True, max_iter=10000,
                              n_iter_no_change=100, random_state=42,
                              scoring='neg_root_mean_squared_error'), 'model__l2_regularization': 100, 'model__learning_rate': 0.05, 'model__loss': 'squared_error', 'model__max_bins': 32, 'model__max_depth': 3, 'model__max_features': 0.5, 'model__max_leaf_nodes': 255, 'model__min_samples_leaf': 400, 'reshape': FunctionTransformer(func=<function reshape at 0x7fdb1d1c0360>), 'second_scale': 'passthrough'}",0.08399917047094518,0.08399917047094518,0.0,1,0.42896558778284777,0.42896558778284777,0.0,0.95707932248537,0.7556681892319884
0,11081.664735555649,0.0,30.728031635284424,0.0,passthrough,passthrough,"HistGradientBoostingRegressor(early_stopping=True, max_iter=10000,
                              n_iter_no_change=100, random_state=42,
                              scoring='neg_root_mean_squared_error')",50,0.05,squared_error,32,3,0.2,255,400,FunctionTransformer(func=<function reshape at 0x7fdb1d1c0360>),passthrough,"{'first_scale': 'passthrough', 'frequency': 'passthrough', 'model': HistGradientBoostingRegressor(early_stopping=True, max_iter=10000,
                              n_iter_no_change=100, random_state=42,
                              scoring='neg_root_mean_squared_error'), 'model__l2_regularization': 50, 'model__learning_rate': 0.05, 'model__loss': 'squared_error', 'model__max_bins': 32, 'model__max_depth': 3, 'model__max_features': 0.2, 'model__max_leaf_nodes': 255, 'model__min_samples_leaf': 400, 'reshape': FunctionTransformer(func=<function reshape at 0x7fdb1d1c0360>), 'second_scale': 'passthrough'}",0.0827724248614955,0.0827724248614955,0.0,1,0.456950520700236,0.456950520700236,0.0,0.9577199878557952,0.7369189095821629
0,24055.2001414299,0.0,59.264347076416016,0.0,passthrough,passthrough,"HistGradientBoostingRegressor(early_stopping=True, max_iter=10000,
                              n_iter_no_change=100, random_state=42,
                              scoring='neg_root_mean_squared_error')",50,0.02,squared_error,32,3,0.5,511,200,FunctionTransformer(func=<function reshape at 0x7fdb1d1c0360>),passthrough,"{'first_scale': 'passthrough', 'frequency': 'passthrough', 'model': HistGradientBoostingRegressor(early_stopping=True, max_iter=10000,
                              n_iter_no_change=100, random_state=42,
                              scoring='neg_root_mean_squared_error'), 'model__l2_regularization': 50, 'model__learning_rate': 0.02, 'model__loss': 'squared_error', 'model__max_bins': 32, 'model__max_depth': 3, 'model__max_features': 0.5, 'model__max_leaf_nodes': 511, 'model__min_samples_leaf': 200, 'reshape': FunctionTransformer(func=<function reshape at 0x7fdb1d1c0360>), 'second_scale': 'passthrough'}",0.08591230573220843,0.08591230573220843,0.0,1,0.44961182588355997,0.44961182588355997,0.0,0.9560793347143277,0.7418815094854704
0,23795.658068180084,0.0,61.79694676399231,0.0,passthrough,passthrough,"HistGradientBoostingRegressor(early_stopping=True, max_iter=10000,
                              n_iter_no_change=100, random_state=42,
                              scoring='neg_root_mean_squared_error')",400,0.05,squared_error,32,6,0.2,255,400,FunctionTransformer(func=<function reshape at 0x7fdb1d1c0360>),passthrough,"{'first_scale': 'passthrough', 'frequency': 'passthrough', 'model': HistGradientBoostingRegressor(early_stopping=True, max_iter=10000,
                              n_iter_no_change=100, random_state=42,
                              scoring='neg_root_mean_squared_error'), 'model__l2_regularization': 400, 'model__learning_rate': 0.05, 'model__loss': 'squared_error', 'model__max_bins': 32, 'model__max_depth': 6, 'model__max_features': 0.2, 'model__max_leaf_nodes': 255, 'model__min_samples_leaf': 400, 'reshape': FunctionTransformer(func=<function reshape at 0x7fdb1d1c0360>), 'second_scale': 'passthrough'}",0.07884414056594402,0.07884414056594402,0.0,1,0.858076239684292,0.858076239684292,0.0,0.9597686489118386,0.3767277004889712
0,14435.478897571564,0.0,32.324655055999756,0.0,passthrough,passthrough,"HistGradientBoostingRegressor(early_stopping=True, max_iter=10000,
                              n_iter_no_change=100, random_state=42,
                              scoring='neg_root_mean_squared_error')",400,0.05,squared_error,32,3,0.2,127,800,FunctionTransformer(func=<function reshape at 0x7fdb1d1c0360>),passthrough,"{'first_scale': 'passthrough', 'frequency': 'passthrough', 'model': HistGradientBoostingRegressor(early_stopping=True, max_iter=10000,
                              n_iter_no_change=100, random_state=42,
                              scoring='neg_root_mean_squared_error'), 'model__l2_regularization': 400, 'model__learning_rate': 0.05, 'model__loss': 'squared_error', 'model__max_bins': 32, 'model__max_depth': 3, 'model__max_features': 0.2, 'model__max_leaf_nodes': 127, 'model__min_samples_leaf': 800, 'reshape': FunctionTransformer(func=<function reshape at 0x7fdb1d1c0360>), 'second_scale': 'passthrough'}",0.07889250317076912,0.07889250317076912,0.0,1,0.5174640974078399,0.5174640974078399,0.0,0.9597434536527096,0.6946480422430916
0,10070.03389120102,0.0,33.56370973587036,0.0,passthrough,passthrough,"HistGradientBoostingRegressor(early_stopping=True, max_iter=10000,
                              n_iter_no_change=100, random_state=42,
                              scoring='neg_root_mean_squared_error')",400,0.05,squared_error,32,3,1.0,127,400,FunctionTransformer(func=<function reshape at 0x7fdb1d1c0360>),passthrough,"{'first_scale': 'passthrough', 'frequency': 'passthrough', 'model': HistGradientBoostingRegressor(early_stopping=True, max_iter=10000,
                              n_iter_no_change=100, random_state=42,
                              scoring='neg_root_mean_squared_error'), 'model__l2_regularization': 400, 'model__learning_rate': 0.05, 'model__loss': 'squared_error', 'model__max_bins': 32, 'model__max_depth': 3, 'model__max_features': 1.0, 'model__max_leaf_nodes': 127, 'model__min_samples_leaf': 400, 'reshape': FunctionTransformer(func=<function reshape at 0x7fdb1d1c0360>), 'second_scale': 'passthrough'}",0.08230453898608481,0.08230453898608481,0.0,1,0.47896312073576175,0.47896312073576175,0.0,0.9579642274187044,0.7218288434693076
0,5176.809182882309,0.0,14.508105516433716,0.0,passthrough,passthrough,"HistGradientBoostingRegressor(early_stopping=True, max_iter=10000,
                              n_iter_no_change=100, random_state=42,
                              scoring='neg_root_mean_squared_error')",400,0.1,squared_error,32,3,1.0,255,200,FunctionTransformer(func=<function reshape at 0x7fdb1d1c0360>),passthrough,"{'first_scale': 'passthrough', 'frequency': 'passthrough', 'model': HistGradientBoostingRegressor(early_stopping=True, max_iter=10000,
                              n_iter_no_change=100, random_state=42,
                              scoring='neg_root_mean_squared_error'), 'model__l2_regularization': 400, 'model__learning_rate': 0.1, 'model__loss': 'squared_error', 'model__max_bins': 32, 'model__max_depth': 3, 'model__max_features': 1.0, 'model__max_leaf_nodes': 255, 'model__min_samples_leaf': 200, 'reshape': FunctionTransformer(func=<function reshape at 0x7fdb1d1c0360>), 'second_scale': 'passthrough'}",0.07768145544082039,0.07768145544082039,0.0,1,0.4663430831392583,0.4663430831392583,0.0,0.9603741690399527,0.7305182522433931
0,9373.708909034729,0.0,19.893594980239868,0.0,passthrough,passthrough,"HistGradientBoostingRegressor(early_stopping=True, max_iter=10000,
                              n_iter_no_change=100, random_state=42,
                              scoring='neg_root_mean_squared_error')",50,0.1,squared_error,32,6,0.5,255,400,FunctionTransformer(func=<function reshape at 0x7fdb1d1c0360>),passthrough,"{'first_scale': 'passthrough', 'frequency': 'passthrough', 'model': HistGradientBoostingRegressor(early_stopping=True, max_iter=10000,
                              n_iter_no_change=100, random_state=42,
                              scoring='neg_root_mean_squared_error'), 'model__l2_regularization': 50, 'model__learning_rate': 0.1, 'model__loss': 'squared_error', 'model__max_bins': 32, 'model__max_depth': 6, 'model__max_features': 0.5, 'model__max_leaf_nodes': 255, 'model__min_samples_leaf': 400, 'reshape': FunctionTransformer(func=<function reshape at 0x7fdb1d1c0360>), 'second_scale': 'passthrough'}",0.057603246246090256,0.057603246246090256,0.0,1,0.850206320082646,0.850206320082646,0.0,0.9707712159689892,0.38703188488463586
0,15097.313996076584,0.0,57.262319564819336,0.0,passthrough,passthrough,"HistGradientBoostingRegressor(early_stopping=True, max_iter=10000,
                              n_iter_no_change=100, random_state=42,
                              scoring='neg_root_mean_squared_error')",400,0.02,squared_error,32,3,0.5,511,400,FunctionTransformer(func=<function reshape at 0x7fdb1d1c0360>),passthrough,"{'first_scale': 'passthrough', 'frequency': 'passthrough', 'model': HistGradientBoostingRegressor(early_stopping=True, max_iter=10000,
                              n_iter_no_change=100, random_state=42,
                              scoring='neg_root_mean_squared_error'), 'model__l2_regularization': 400, 'model__learning_rate': 0.02, 'model__loss': 'squared_error', 'model__max_bins': 32, 'model__max_depth': 3, 'model__max_features': 0.5, 'model__max_leaf_nodes': 511, 'model__min_samples_leaf': 400, 'reshape': FunctionTransformer(func=<function reshape at 0x7fdb1d1c0360>), 'second_scale': 'passthrough'}",0.08527775219420075,0.08527775219420075,0.0,1,0.44073944792463815,0.44073944792463815,0.0,0.9564111290683517,0.7478372497244048
0,27235.710512161255,0.0,61.39513874053955,0.0,passthrough,passthrough,"HistGradientBoostingRegressor(early_stopping=True, max_iter=10000,
                              n_iter_no_change=100, random_state=42,
                              scoring='neg_root_mean_squared_error')",200,0.02,squared_error,32,3,0.2,127,800,FunctionTransformer(func=<function reshape at 0x7fdb1d1c0360>),passthrough,"{'first_scale': 'passthrough', 'frequency': 'passthrough', 'model': HistGradientBoostingRegressor(early_stopping=True, max_iter=10000,
                              n_iter_no_change=100, random_state=42,
                              scoring='neg_root_mean_squared_error'), 'model__l2_regularization': 200, 'model__learning_rate': 0.02, 'model__loss': 'squared_error', 'model__max_bins': 32, 'model__max_depth': 3, 'model__max_features': 0.2, 'model__max_leaf_nodes': 127, 'model__min_samples_leaf': 800, 'reshape': FunctionTransformer(func=<function reshape at 0x7fdb1d1c0360>), 'second_scale': 'passthrough'}",0.0869895837824668,0.0869895837824668,0.0,1,0.41647565704823264,0.41647565704823264,0.0,0.9555157854360823,0.7638876507391433
0,32061.742329597473,0.0,146.7449562549591,0.0,passthrough,passthrough,"HistGradientBoostingRegressor(early_stopping=True, max_iter=10000,
                              n_iter_no_change=100, random_state=42,
                              scoring='neg_root_mean_squared_error')",100,0.005,squared_error,63,None,0.5,127,3200,FunctionTransformer(func=<function reshape at 0x7fdb1d1c0360>),passthrough,"{'first_scale': 'passthrough', 'frequency': 'passthrough', 'model': HistGradientBoostingRegressor(early_stopping=True, max_iter=10000,
                              n_iter_no_change=100, random_state=42,
                              scoring='neg_root_mean_squared_error'), 'model__l2_regularization': 100, 'model__learning_rate': 0.005, 'model__loss': 'squared_error', 'model__max_bins': 63, 'model__max_depth': None, 'model__max_features': 0.5, 'model__max_leaf_nodes': 127, 'model__min_samples_leaf': 3200, 'reshape': FunctionTransformer(func=<function reshape at 0x7fdb1d1c0360>), 'second_scale': 'passthrough'}",0.0921605721811275,0.0921605721811275,0.0,1,0.37031294200135134,0.37031294200135134,0.0,0.9528060809098945,0.7935282339013834
0,17351.460104465485,0.0,63.363903284072876,0.0,passthrough,passthrough,"HistGradientBoostingRegressor(early_stopping=True, max_iter=10000,
                              n_iter_no_change=100, random_state=42,
                              scoring='neg_root_mean_squared_error')",200,0.02,squared_error,32,3,1.0,127,800,FunctionTransformer(func=<function reshape at 0x7fdb1d1c0360>),passthrough,"{'first_scale': 'passthrough', 'frequency': 'passthrough', 'model': HistGradientBoostingRegressor(early_stopping=True, max_iter=10000,
                              n_iter_no_change=100, random_state=42,
                              scoring='neg_root_mean_squared_error'), 'model__l2_regularization': 200, 'model__learning_rate': 0.02, 'model__loss': 'squared_error', 'model__max_bins': 32, 'model__max_depth': 3, 'model__max_features': 1.0, 'model__max_leaf_nodes': 127, 'model__min_samples_leaf': 800, 'reshape': FunctionTransformer(func=<function reshape at 0x7fdb1d1c0360>), 'second_scale': 'passthrough'}",0.08207980490197442,0.08207980490197442,0.0,1,0.45338230695758575,0.45338230695758575,0.0,0.9580815179816515,0.7393359811631071
0,17733.408836126328,0.0,42.019073247909546,0.0,passthrough,passthrough,"HistGradientBoostingRegressor(early_stopping=True, max_iter=10000,
                              n_iter_no_change=100, random_state=42,
                              scoring='neg_root_mean_squared_error')",200,0.05,squared_error,32,6,1.0,511,400,FunctionTransformer(func=<function reshape at 0x7fdb1d1c0360>),passthrough,"{'first_scale': 'passthrough', 'frequency': 'passthrough', 'model': HistGradientBoostingRegressor(early_stopping=True, max_iter=10000,
                              n_iter_no_change=100, random_state=42,
                              scoring='neg_root_mean_squared_error'), 'model__l2_regularization': 200, 'model__learning_rate': 0.05, 'model__loss': 'squared_error', 'model__max_bins': 32, 'model__max_depth': 6, 'model__max_features': 1.0, 'model__max_leaf_nodes': 511, 'model__min_samples_leaf': 400, 'reshape': FunctionTransformer(func=<function reshape at 0x7fdb1d1c0360>), 'second_scale': 'passthrough'}",0.07111069989632512,0.07111069989632512,0.0,1,0.8946290317278932,0.8946290317278932,0.0,0.9637890329857851,0.3246089466914102
0,31273.119997262955,0.0,92.16881060600281,0.0,passthrough,passthrough,"HistGradientBoostingRegressor(early_stopping=True, max_iter=10000,
                              n_iter_no_change=100, random_state=42,
                              scoring='neg_root_mean_squared_error')",100,0.0025,squared_error,63,6,0.5,127,3200,FunctionTransformer(func=<function reshape at 0x7fdb1d1c0360>),passthrough,"{'first_scale': 'passthrough', 'frequency': 'passthrough', 'model': HistGradientBoostingRegressor(early_stopping=True, max_iter=10000,
                              n_iter_no_change=100, random_state=42,
                              scoring='neg_root_mean_squared_error'), 'model__l2_regularization': 100, 'model__learning_rate': 0.0025, 'model__loss': 'squared_error', 'model__max_bins': 63, 'model__max_depth': 6, 'model__max_features': 0.5, 'model__max_leaf_nodes': 127, 'model__min_samples_leaf': 3200, 'reshape': FunctionTransformer(func=<function reshape at 0x7fdb1d1c0360>), 'second_scale': 'passthrough'}",0.08783058291354595,0.08783058291354595,0.0,1,0.22911456394640228,0.22911456394640228,0.0,0.9550756080470562,0.8780008177977955
0,15703.085593700409,0.0,47.10926055908203,0.0,passthrough,passthrough,"HistGradientBoostingRegressor(early_stopping=True, max_iter=10000,
                              n_iter_no_change=100, random_state=42,
                              scoring='neg_root_mean_squared_error')",400,0.05,squared_error,32,6,1.0,255,800,FunctionTransformer(func=<function reshape at 0x7fdb1d1c0360>),passthrough,"{'first_scale': 'passthrough', 'frequency': 'passthrough', 'model': HistGradientBoostingRegressor(early_stopping=True, max_iter=10000,
                              n_iter_no_change=100, random_state=42,
                              scoring='neg_root_mean_squared_error'), 'model__l2_regularization': 400, 'model__learning_rate': 0.05, 'model__loss': 'squared_error', 'model__max_bins': 32, 'model__max_depth': 6, 'model__max_features': 1.0, 'model__max_leaf_nodes': 255, 'model__min_samples_leaf': 800, 'reshape': FunctionTransformer(func=<function reshape at 0x7fdb1d1c0360>), 'second_scale': 'passthrough'}",0.07797055304223477,0.07797055304223477,0.0,1,0.7746023760973997,0.7746023760973997,0.0,0.9602236442401141,0.4747605964089694
0,6875.94513964653,0.0,20.234727144241333,0.0,passthrough,passthrough,"HistGradientBoostingRegressor(early_stopping=True, max_iter=10000,
                              n_iter_no_change=100, random_state=42,
                              scoring='neg_root_mean_squared_error')",200,0.05,squared_error,32,3,0.5,127,200,FunctionTransformer(func=<function reshape at 0x7fdb1d1c0360>),passthrough,"{'first_scale': 'passthrough', 'frequency': 'passthrough', 'model': HistGradientBoostingRegressor(early_stopping=True, max_iter=10000,
                              n_iter_no_change=100, random_state=42,
                              scoring='neg_root_mean_squared_error'), 'model__l2_regularization': 200, 'model__learning_rate': 0.05, 'model__loss': 'squared_error', 'model__max_bins': 32, 'model__max_depth': 3, 'model__max_features': 0.5, 'model__max_leaf_nodes': 127, 'model__min_samples_leaf': 200, 'reshape': FunctionTransformer(func=<function reshape at 0x7fdb1d1c0360>), 'second_scale': 'passthrough'}",0.08033453979665506,0.08033453979665506,0.0,1,0.4695061321014623,0.4695061321014623,0.0,0.9589918978820129,0.7283500998136389
0,16821.405345916748,0.0,33.32434868812561,0.0,passthrough,passthrough,"HistGradientBoostingRegressor(early_stopping=True, max_iter=10000,
                              n_iter_no_change=100, random_state=42,
                              scoring='neg_root_mean_squared_error')",400,0.1,squared_error,32,6,0.5,255,200,FunctionTransformer(func=<function reshape at 0x7fdb1d1c0360>),passthrough,"{'first_scale': 'passthrough', 'frequency': 'passthrough', 'model': HistGradientBoostingRegressor(early_stopping=True, max_iter=10000,
                              n_iter_no_change=100, random_state=42,
                              scoring='neg_root_mean_squared_error'), 'model__l2_regularization': 400, 'model__learning_rate': 0.1, 'model__loss': 'squared_error', 'model__max_bins': 32, 'model__max_depth': 6, 'model__max_features': 0.5, 'model__max_leaf_nodes': 255, 'model__min_samples_leaf': 200, 'reshape': FunctionTransformer(func=<function reshape at 0x7fdb1d1c0360>), 'second_scale': 'passthrough'}",0.06392091468663563,0.06392091468663563,0.0,1,0.8996368056320664,0.8996368056320664,0.0,0.9675118011235648,0.31680150625894066
0,7291.761896133423,0.0,17.492838382720947,0.0,passthrough,passthrough,"HistGradientBoostingRegressor(early_stopping=True, max_iter=10000,
                              n_iter_no_change=100, random_state=42,
                              scoring='neg_root_mean_squared_error')",50,0.1,squared_error,32,3,0.2,127,400,FunctionTransformer(func=<function reshape at 0x7fdb1d1c0360>),passthrough,"{'first_scale': 'passthrough', 'frequency': 'passthrough', 'model': HistGradientBoostingRegressor(early_stopping=True, max_iter=10000,
                              n_iter_no_change=100, random_state=42,
                              scoring='neg_root_mean_squared_error'), 'model__l2_regularization': 50, 'model__learning_rate': 0.1, 'model__loss': 'squared_error', 'model__max_bins': 32, 'model__max_depth': 3, 'model__max_features': 0.2, 'model__max_leaf_nodes': 127, 'model__min_samples_leaf': 400, 'reshape': FunctionTransformer(func=<function reshape at 0x7fdb1d1c0360>), 'second_scale': 'passthrough'}",0.07129169112169087,0.07129169112169087,0.0,1,0.5195623810039104,0.5195623810039104,0.0,0.9636951327459888,0.6931360753820923
0,14224.533030748367,0.0,37.46002411842346,0.0,passthrough,passthrough,"HistGradientBoostingRegressor(early_stopping=True, max_iter=10000,
                              n_iter_no_change=100, random_state=42,
                              scoring='neg_root_mean_squared_error')",200,0.05,squared_error,32,6,0.2,511,200,FunctionTransformer(func=<function reshape at 0x7fdb1d1c0360>),passthrough,"{'first_scale': 'passthrough', 'frequency': 'passthrough', 'model': HistGradientBoostingRegressor(early_stopping=True, max_iter=10000,
                              n_iter_no_change=100, random_state=42,
                              scoring='neg_root_mean_squared_error'), 'model__l2_regularization': 200, 'model__learning_rate': 0.05, 'model__loss': 'squared_error', 'model__max_bins': 32, 'model__max_depth': 6, 'model__max_features': 0.2, 'model__max_leaf_nodes': 511, 'model__min_samples_leaf': 200, 'reshape': FunctionTransformer(func=<function reshape at 0x7fdb1d1c0360>), 'second_scale': 'passthrough'}",0.07799528210147244,0.07799528210147244,0.0,1,0.8655266955070888,0.8655266955070888,0.0,0.9602107674352166,0.3667060191664587
0,9753.521412611008,0.0,40.50114059448242,0.0,passthrough,passthrough,"HistGradientBoostingRegressor(early_stopping=True, max_iter=10000,
                              n_iter_no_change=100, random_state=42,
                              scoring='neg_root_mean_squared_error')",200,0.05,squared_error,32,3,0.5,255,400,FunctionTransformer(func=<function reshape at 0x7fdb1d1c0360>),passthrough,"{'first_scale': 'passthrough', 'frequency': 'passthrough', 'model': HistGradientBoostingRegressor(early_stopping=True, max_iter=10000,
                              n_iter_no_change=100, random_state=42,
                              scoring='neg_root_mean_squared_error'), 'model__l2_regularization': 200, 'model__learning_rate': 0.05, 'model__loss': 'squared_error', 'model__max_bins': 32, 'model__max_depth': 3, 'model__max_features': 0.5, 'model__max_leaf_nodes': 255, 'model__min_samples_leaf': 400, 'reshape': FunctionTransformer(func=<function reshape at 0x7fdb1d1c0360>), 'second_scale': 'passthrough'}",0.07686057474396968,0.07686057474396968,0.0,1,0.531034215502419,0.531034215502419,0.0,0.9608014494452173,0.6848107654655999
0,7556.069893836975,0.0,25.553395748138428,0.0,passthrough,passthrough,"HistGradientBoostingRegressor(early_stopping=True, max_iter=10000,
                              n_iter_no_change=100, random_state=42,
                              scoring='neg_root_mean_squared_error')",400,0.1,squared_error,32,3,1.0,127,800,FunctionTransformer(func=<function reshape at 0x7fdb1d1c0360>),passthrough,"{'first_scale': 'passthrough', 'frequency': 'passthrough', 'model': HistGradientBoostingRegressor(early_stopping=True, max_iter=10000,
                              n_iter_no_change=100, random_state=42,
                              scoring='neg_root_mean_squared_error'), 'model__l2_regularization': 400, 'model__learning_rate': 0.1, 'model__loss': 'squared_error', 'model__max_bins': 32, 'model__max_depth': 3, 'model__max_features': 1.0, 'model__max_leaf_nodes': 127, 'model__min_samples_leaf': 800, 'reshape': FunctionTransformer(func=<function reshape at 0x7fdb1d1c0360>), 'second_scale': 'passthrough'}",0.06897826078967773,0.06897826078967773,0.0,1,0.5553749630362874,0.5553749630362874,0.0,0.9648946777811153,0.6668020973000255
0,20225.006359815598,0.0,42.51138687133789,0.0,passthrough,passthrough,"HistGradientBoostingRegressor(early_stopping=True, max_iter=10000,
                              n_iter_no_change=100, random_state=42,
                              scoring='neg_root_mean_squared_error')",400,0.05,squared_error,32,6,1.0,511,200,FunctionTransformer(func=<function reshape at 0x7fdb1d1c0360>),passthrough,"{'first_scale': 'passthrough', 'frequency': 'passthrough', 'model': HistGradientBoostingRegressor(early_stopping=True, max_iter=10000,
                              n_iter_no_change=100, random_state=42,
                              scoring='neg_root_mean_squared_error'), 'model__l2_regularization': 400, 'model__learning_rate': 0.05, 'model__loss': 'squared_error', 'model__max_bins': 32, 'model__max_depth': 6, 'model__max_features': 1.0, 'model__max_leaf_nodes': 511, 'model__min_samples_leaf': 200, 'reshape': FunctionTransformer(func=<function reshape at 0x7fdb1d1c0360>), 'second_scale': 'passthrough'}",0.0807964082192838,0.0807964082192838,0.0,1,0.8787870424497829,0.8787870424497829,0.0,0.958751058294444,0.3481565130084702
0,23964.968223810196,0.0,120.06236124038696,0.0,passthrough,passthrough,"HistGradientBoostingRegressor(early_stopping=True, max_iter=10000,
                              n_iter_no_change=100, random_state=42,
                              scoring='neg_root_mean_squared_error')",100,0.005,squared_error,63,6,0.5,255,3200,FunctionTransformer(func=<function reshape at 0x7fdb1d1c0360>),passthrough,"{'first_scale': 'passthrough', 'frequency': 'passthrough', 'model': HistGradientBoostingRegressor(early_stopping=True, max_iter=10000,
                              n_iter_no_change=100, random_state=42,
                              scoring='neg_root_mean_squared_error'), 'model__l2_regularization': 100, 'model__learning_rate': 0.005, 'model__loss': 'squared_error', 'model__max_bins': 63, 'model__max_depth': 6, 'model__max_features': 0.5, 'model__max_leaf_nodes': 255, 'model__min_samples_leaf': 3200, 'reshape': FunctionTransformer(func=<function reshape at 0x7fdb1d1c0360>), 'second_scale': 'passthrough'}",0.09157181512854429,0.09157181512854429,0.0,1,0.3110193581229759,0.3110193581229759,0.0,0.9531149903718101,0.8300485780224096
0,9110.498499155045,0.0,30.496479749679565,0.0,passthrough,passthrough,"HistGradientBoostingRegressor(early_stopping=True, max_iter=10000,
                              n_iter_no_change=100, random_state=42,
                              scoring='neg_root_mean_squared_error')",50,0.1,squared_error,32,6,1.0,511,800,FunctionTransformer(func=<function reshape at 0x7fdb1d1c0360>),passthrough,"{'first_scale': 'passthrough', 'frequency': 'passthrough', 'model': HistGradientBoostingRegressor(early_stopping=True, max_iter=10000,
                              n_iter_no_change=100, random_state=42,
                              scoring='neg_root_mean_squared_error'), 'model__l2_regularization': 50, 'model__learning_rate': 0.1, 'model__loss': 'squared_error', 'model__max_bins': 32, 'model__max_depth': 6, 'model__max_features': 1.0, 'model__max_leaf_nodes': 511, 'model__min_samples_leaf': 800, 'reshape': FunctionTransformer(func=<function reshape at 0x7fdb1d1c0360>), 'second_scale': 'passthrough'}",0.05184072900940129,0.05184072900940129,0.0,1,0.8316876242020943,0.8316876242020943,0.0,0.9737347025707765,0.41025891312426804
0,8674.596380472183,0.0,20.321849584579468,0.0,passthrough,passthrough,"HistGradientBoostingRegressor(early_stopping=True, max_iter=10000,
                              n_iter_no_change=100, random_state=42,
                              scoring='neg_root_mean_squared_error')",100,0.1,squared_error,32,3,0.2,511,200,FunctionTransformer(func=<function reshape at 0x7fdb1d1c0360>),passthrough,"{'first_scale': 'passthrough', 'frequency': 'passthrough', 'model': HistGradientBoostingRegressor(early_stopping=True, max_iter=10000,
                              n_iter_no_change=100, random_state=42,
                              scoring='neg_root_mean_squared_error'), 'model__l2_regularization': 100, 'model__learning_rate': 0.1, 'model__loss': 'squared_error', 'model__max_bins': 32, 'model__max_depth': 3, 'model__max_features': 0.2, 'model__max_leaf_nodes': 511, 'model__min_samples_leaf': 200, 'reshape': FunctionTransformer(func=<function reshape at 0x7fdb1d1c0360>), 'second_scale': 'passthrough'}",0.07089568820653902,0.07089568820653902,0.0,1,0.505609327051703,0.505609327051703,0.0,0.9639005715287552,0.703129200750685
0,15036.293512105942,0.0,49.0108802318573,0.0,passthrough,passthrough,"HistGradientBoostingRegressor(early_stopping=True, max_iter=10000,
                              n_iter_no_change=100, random_state=42,
                              scoring='neg_root_mean_squared_error')",200,0.02,squared_error,32,3,0.5,511,400,FunctionTransformer(func=<function reshape at 0x7fdb1d1c0360>),passthrough,"{'first_scale': 'passthrough', 'frequency': 'passthrough', 'model': HistGradientBoostingRegressor(early_stopping=True, max_iter=10000,
                              n_iter_no_change=100, random_state=42,
                              scoring='neg_root_mean_squared_error'), 'model__l2_regularization': 200, 'model__learning_rate': 0.02, 'model__loss': 'squared_error', 'model__max_bins': 32, 'model__max_depth': 3, 'model__max_features': 0.5, 'model__max_leaf_nodes': 511, 'model__min_samples_leaf': 400, 'reshape': FunctionTransformer(func=<function reshape at 0x7fdb1d1c0360>), 'second_scale': 'passthrough'}",0.08378604343749319,0.08378604343749319,0.0,1,0.4508091864769619,0.4508091864769619,0.0,0.9571906584179073,0.741074094489234
0,27815.6640124321,0.0,75.17281460762024,0.0,passthrough,passthrough,"HistGradientBoostingRegressor(early_stopping=True, max_iter=10000,
                              n_iter_no_change=100, random_state=42,
                              scoring='neg_root_mean_squared_error')",200,0.0025,squared_error,63,6,1.0,255,6400,FunctionTransformer(func=<function reshape at 0x7fdb1d1c0360>),passthrough,"{'first_scale': 'passthrough', 'frequency': 'passthrough', 'model': HistGradientBoostingRegressor(early_stopping=True, max_iter=10000,
                              n_iter_no_change=100, random_state=42,
                              scoring='neg_root_mean_squared_error'), 'model__l2_regularization': 200, 'model__learning_rate': 0.0025, 'model__loss': 'squared_error', 'model__max_bins': 63, 'model__max_depth': 6, 'model__max_features': 1.0, 'model__max_leaf_nodes': 255, 'model__min_samples_leaf': 6400, 'reshape': FunctionTransformer(func=<function reshape at 0x7fdb1d1c0360>), 'second_scale': 'passthrough'}",0.08007500098128018,0.08007500098128018,0.0,1,0.1761637729895813,0.1761637729895813,0.0,0.9591272069015245,0.9076542441978767
0,21323.79130101204,0.0,46.56796336174011,0.0,passthrough,passthrough,"HistGradientBoostingRegressor(early_stopping=True, max_iter=10000,
                              n_iter_no_change=100, random_state=42,
                              scoring='neg_root_mean_squared_error')",100,0.02,squared_error,32,3,0.2,511,800,FunctionTransformer(func=<function reshape at 0x7fdb1d1c0360>),passthrough,"{'first_scale': 'passthrough', 'frequency': 'passthrough', 'model': HistGradientBoostingRegressor(early_stopping=True, max_iter=10000,
                              n_iter_no_change=100, random_state=42,
                              scoring='neg_root_mean_squared_error'), 'model__l2_regularization': 100, 'model__learning_rate': 0.02, 'model__loss': 'squared_error', 'model__max_bins': 32, 'model__max_depth': 3, 'model__max_features': 0.2, 'model__max_leaf_nodes': 511, 'model__min_samples_leaf': 800, 'reshape': FunctionTransformer(func=<function reshape at 0x7fdb1d1c0360>), 'second_scale': 'passthrough'}",0.08851772050073825,0.08851772050073825,0.0,1,0.411968134056773,0.411968134056773,0.0,0.9547158108564359,0.7668323584351582
0,14457.474588632584,0.0,58.19699549674988,0.0,passthrough,passthrough,"HistGradientBoostingRegressor(early_stopping=True, max_iter=10000,
                              n_iter_no_change=100, random_state=42,
                              scoring='neg_root_mean_squared_error')",50,0.02,squared_error,32,3,1.0,255,400,FunctionTransformer(func=<function reshape at 0x7fdb1d1c0360>),passthrough,"{'first_scale': 'passthrough', 'frequency': 'passthrough', 'model': HistGradientBoostingRegressor(early_stopping=True, max_iter=10000,
                              n_iter_no_change=100, random_state=42,
                              scoring='neg_root_mean_squared_error'), 'model__l2_regularization': 50, 'model__learning_rate': 0.02, 'model__loss': 'squared_error', 'model__max_bins': 32, 'model__max_depth': 3, 'model__max_features': 1.0, 'model__max_leaf_nodes': 255, 'model__min_samples_leaf': 400, 'reshape': FunctionTransformer(func=<function reshape at 0x7fdb1d1c0360>), 'second_scale': 'passthrough'}",0.08429211423665284,0.08429211423665284,0.0,1,0.4182923016347294,0.4182923016347294,0.0,0.9569262697634271,0.7626976454436388
0,29990.49672818184,0.0,65.77678775787354,0.0,passthrough,passthrough,"HistGradientBoostingRegressor(early_stopping=True, max_iter=10000,
                              n_iter_no_change=100, random_state=42,
                              scoring='neg_root_mean_squared_error')",200,0.02,squared_error,32,3,0.2,255,200,FunctionTransformer(func=<function reshape at 0x7fdb1d1c0360>),passthrough,"{'first_scale': 'passthrough', 'frequency': 'passthrough', 'model': HistGradientBoostingRegressor(early_stopping=True, max_iter=10000,
                              n_iter_no_change=100, random_state=42,
                              scoring='neg_root_mean_squared_error'), 'model__l2_regularization': 200, 'model__learning_rate': 0.02, 'model__loss': 'squared_error', 'model__max_bins': 32, 'model__max_depth': 3, 'model__max_features': 0.2, 'model__max_leaf_nodes': 255, 'model__min_samples_leaf': 200, 'reshape': FunctionTransformer(func=<function reshape at 0x7fdb1d1c0360>), 'second_scale': 'passthrough'}",0.08689244661609175,0.08689244661609175,0.0,1,0.4404469324137045,0.4404469324137045,0.0,0.955566613786767,0.7480327984696229
0,25147.866032361984,0.0,58.4317102432251,0.0,passthrough,passthrough,"HistGradientBoostingRegressor(early_stopping=True, max_iter=10000,
                              n_iter_no_change=100, random_state=42,
                              scoring='neg_root_mean_squared_error')",100,0.02,squared_error,32,3,0.2,127,200,FunctionTransformer(func=<function reshape at 0x7fdb1d1c0360>),passthrough,"{'first_scale': 'passthrough', 'frequency': 'passthrough', 'model': HistGradientBoostingRegressor(early_stopping=True, max_iter=10000,
                              n_iter_no_change=100, random_state=42,
                              scoring='neg_root_mean_squared_error'), 'model__l2_regularization': 100, 'model__learning_rate': 0.02, 'model__loss': 'squared_error', 'model__max_bins': 32, 'model__max_depth': 3, 'model__max_features': 0.2, 'model__max_leaf_nodes': 127, 'model__min_samples_leaf': 200, 'reshape': FunctionTransformer(func=<function reshape at 0x7fdb1d1c0360>), 'second_scale': 'passthrough'}",0.08815509759319873,0.08815509759319873,0.0,1,0.44264939030264416,0.44264939030264416,0.0,0.954905703410971,0.7465591803047873
0,26530.99197268486,0.0,70.62661743164062,0.0,passthrough,passthrough,"HistGradientBoostingRegressor(early_stopping=True, max_iter=10000,
                              n_iter_no_change=100, random_state=42,
                              scoring='neg_root_mean_squared_error')",100,0.01,squared_error,63,6,1.0,255,6400,FunctionTransformer(func=<function reshape at 0x7fdb1d1c0360>),passthrough,"{'first_scale': 'passthrough', 'frequency': 'passthrough', 'model': HistGradientBoostingRegressor(early_stopping=True, max_iter=10000,
                              n_iter_no_change=100, random_state=42,
                              scoring='neg_root_mean_squared_error'), 'model__l2_regularization': 100, 'model__learning_rate': 0.01, 'model__loss': 'squared_error', 'model__max_bins': 63, 'model__max_depth': 6, 'model__max_features': 1.0, 'model__max_leaf_nodes': 255, 'model__min_samples_leaf': 6400, 'reshape': FunctionTransformer(func=<function reshape at 0x7fdb1d1c0360>), 'second_scale': 'passthrough'}",0.08727234903508407,0.08727234903508407,0.0,1,0.32373994422379937,0.32373994422379937,0.0,0.9553678092572074,0.822350324239129
0,32599.721645116806,0.0,101.639812707901,0.0,passthrough,passthrough,"HistGradientBoostingRegressor(early_stopping=True, max_iter=10000,
                              n_iter_no_change=100, random_state=42,
                              scoring='neg_root_mean_squared_error')",800,0.0025,squared_error,63,6,0.5,127,3200,FunctionTransformer(func=<function reshape at 0x7fdb1d1c0360>),passthrough,"{'first_scale': 'passthrough', 'frequency': 'passthrough', 'model': HistGradientBoostingRegressor(early_stopping=True, max_iter=10000,
                              n_iter_no_change=100, random_state=42,
                              scoring='neg_root_mean_squared_error'), 'model__l2_regularization': 800, 'model__learning_rate': 0.0025, 'model__loss': 'squared_error', 'model__max_bins': 63, 'model__max_depth': 6, 'model__max_features': 0.5, 'model__max_leaf_nodes': 127, 'model__min_samples_leaf': 3200, 'reshape': FunctionTransformer(func=<function reshape at 0x7fdb1d1c0360>), 'second_scale': 'passthrough'}",0.08597079787775153,0.08597079787775153,0.0,1,0.22046790516897408,0.22046790516897408,0.0,0.9560487446371385,0.8829111477555519
0,18331.692262411118,0.0,66.13371706008911,0.0,passthrough,passthrough,"HistGradientBoostingRegressor(early_stopping=True, max_iter=10000,
                              n_iter_no_change=100, random_state=42,
                              scoring='neg_root_mean_squared_error')",50,0.02,squared_error,32,3,0.5,511,800,FunctionTransformer(func=<function reshape at 0x7fdb1d1c0360>),passthrough,"{'first_scale': 'passthrough', 'frequency': 'passthrough', 'model': HistGradientBoostingRegressor(early_stopping=True, max_iter=10000,
                              n_iter_no_change=100, random_state=42,
                              scoring='neg_root_mean_squared_error'), 'model__l2_regularization': 50, 'model__learning_rate': 0.02, 'model__loss': 'squared_error', 'model__max_bins': 32, 'model__max_depth': 3, 'model__max_features': 0.5, 'model__max_leaf_nodes': 511, 'model__min_samples_leaf': 800, 'reshape': FunctionTransformer(func=<function reshape at 0x7fdb1d1c0360>), 'second_scale': 'passthrough'}",0.08527470558881445,0.08527470558881445,0.0,1,0.4569227580086537,0.4569227580086537,0.0,0.9564127217949296,0.7369377463472382
0,15003.051592826843,0.0,50.248992919921875,0.0,passthrough,passthrough,"HistGradientBoostingRegressor(early_stopping=True, max_iter=10000,
                              n_iter_no_change=100, random_state=42,
                              scoring='neg_root_mean_squared_error')",200,0.02,squared_error,32,3,1.0,127,400,FunctionTransformer(func=<function reshape at 0x7fdb1d1c0360>),passthrough,"{'first_scale': 'passthrough', 'frequency': 'passthrough', 'model': HistGradientBoostingRegressor(early_stopping=True, max_iter=10000,
                              n_iter_no_change=100, random_state=42,
                              scoring='neg_root_mean_squared_error'), 'model__l2_regularization': 200, 'model__learning_rate': 0.02, 'model__loss': 'squared_error', 'model__max_bins': 32, 'model__max_depth': 3, 'model__max_features': 1.0, 'model__max_leaf_nodes': 127, 'model__min_samples_leaf': 400, 'reshape': FunctionTransformer(func=<function reshape at 0x7fdb1d1c0360>), 'second_scale': 'passthrough'}",0.08320169686533507,0.08320169686533507,0.0,1,0.4604442137461079,0.4604442137461079,0.0,0.9574958501918768,0.7345446114797195
0,15669.83681511879,0.0,50.42298674583435,0.0,passthrough,passthrough,"HistGradientBoostingRegressor(early_stopping=True, max_iter=10000,
                              n_iter_no_change=100, random_state=42,
                              scoring='neg_root_mean_squared_error')",400,0.02,squared_error,32,3,0.2,511,800,FunctionTransformer(func=<function reshape at 0x7fdb1d1c0360>),passthrough,"{'first_scale': 'passthrough', 'frequency': 'passthrough', 'model': HistGradientBoostingRegressor(early_stopping=True, max_iter=10000,
                              n_iter_no_change=100, random_state=42,
                              scoring='neg_root_mean_squared_error'), 'model__l2_regularization': 400, 'model__learning_rate': 0.02, 'model__loss': 'squared_error', 'model__max_bins': 32, 'model__max_depth': 3, 'model__max_features': 0.2, 'model__max_leaf_nodes': 511, 'model__min_samples_leaf': 800, 'reshape': FunctionTransformer(func=<function reshape at 0x7fdb1d1c0360>), 'second_scale': 'passthrough'}",0.08611416617037304,0.08611416617037304,0.0,1,0.4223907456251035,0.4223907456251035,0.0,0.9559737621031379,0.76000608838015
0,7657.01146197319,0.0,25.657973051071167,0.0,passthrough,passthrough,"HistGradientBoostingRegressor(early_stopping=True, max_iter=10000,
                              n_iter_no_change=100, random_state=42,
                              scoring='neg_root_mean_squared_error')",400,0.1,squared_error,32,3,1.0,511,800,FunctionTransformer(func=<function reshape at 0x7fdb1d1c0360>),passthrough,"{'first_scale': 'passthrough', 'frequency': 'passthrough', 'model': HistGradientBoostingRegressor(early_stopping=True, max_iter=10000,
                              n_iter_no_change=100, random_state=42,
                              scoring='neg_root_mean_squared_error'), 'model__l2_regularization': 400, 'model__learning_rate': 0.1, 'model__loss': 'squared_error', 'model__max_bins': 32, 'model__max_depth': 3, 'model__max_features': 1.0, 'model__max_leaf_nodes': 511, 'model__min_samples_leaf': 800, 'reshape': FunctionTransformer(func=<function reshape at 0x7fdb1d1c0360>), 'second_scale': 'passthrough'}",0.06897826078967773,0.06897826078967773,0.0,1,0.5553749630362874,0.5553749630362874,0.0,0.9648946777811153,0.6668020973000255
0,11884.809549808502,0.0,39.18405365943909,0.0,passthrough,passthrough,"HistGradientBoostingRegressor(early_stopping=True, max_iter=10000,
                              n_iter_no_change=100, random_state=42,
                              scoring='neg_root_mean_squared_error')",400,0.05,squared_error,32,3,0.5,127,400,FunctionTransformer(func=<function reshape at 0x7fdb1d1c0360>),passthrough,"{'first_scale': 'passthrough', 'frequency': 'passthrough', 'model': HistGradientBoostingRegressor(early_stopping=True, max_iter=10000,
                              n_iter_no_change=100, random_state=42,
                              scoring='neg_root_mean_squared_error'), 'model__l2_regularization': 400, 'model__learning_rate': 0.05, 'model__loss': 'squared_error', 'model__max_bins': 32, 'model__max_depth': 3, 'model__max_features': 0.5, 'model__max_leaf_nodes': 127, 'model__min_samples_leaf': 400, 'reshape': FunctionTransformer(func=<function reshape at 0x7fdb1d1c0360>), 'second_scale': 'passthrough'}",0.07857966121194626,0.07857966121194626,0.0,1,0.5022314692151562,0.5022314692151562,0.0,0.9599064218912454,0.7055271297298523
0,10201.491393327713,0.0,20.835497617721558,0.0,passthrough,passthrough,"HistGradientBoostingRegressor(early_stopping=True, max_iter=10000,
                              n_iter_no_change=100, random_state=42,
                              scoring='neg_root_mean_squared_error')",100,0.1,squared_error,32,6,1.0,511,800,FunctionTransformer(func=<function reshape at 0x7fdb1d1c0360>),passthrough,"{'first_scale': 'passthrough', 'frequency': 'passthrough', 'model': HistGradientBoostingRegressor(early_stopping=True, max_iter=10000,
                              n_iter_no_change=100, random_state=42,
                              scoring='neg_root_mean_squared_error'), 'model__l2_regularization': 100, 'model__learning_rate': 0.1, 'model__loss': 'squared_error', 'model__max_bins': 32, 'model__max_depth': 6, 'model__max_features': 1.0, 'model__max_leaf_nodes': 511, 'model__min_samples_leaf': 800, 'reshape': FunctionTransformer(func=<function reshape at 0x7fdb1d1c0360>), 'second_scale': 'passthrough'}",0.05854619575109565,0.05854619575109565,0.0,1,0.810284508882294,0.810284508882294,0.0,0.9702854241144223,0.43556341802050597
0,4235.872679233551,0.0,15.82084345817566,0.0,passthrough,passthrough,"HistGradientBoostingRegressor(early_stopping=True, max_iter=10000,
                              n_iter_no_change=100, random_state=42,
                              scoring='neg_root_mean_squared_error')",200,0.1,squared_error,32,3,1.0,255,800,FunctionTransformer(func=<function reshape at 0x7fdb1d1c0360>),passthrough,"{'first_scale': 'passthrough', 'frequency': 'passthrough', 'model': HistGradientBoostingRegressor(early_stopping=True, max_iter=10000,
                              n_iter_no_change=100, random_state=42,
                              scoring='neg_root_mean_squared_error'), 'model__l2_regularization': 200, 'model__learning_rate': 0.1, 'model__loss': 'squared_error', 'model__max_bins': 32, 'model__max_depth': 3, 'model__max_features': 1.0, 'model__max_leaf_nodes': 255, 'model__min_samples_leaf': 800, 'reshape': FunctionTransformer(func=<function reshape at 0x7fdb1d1c0360>), 'second_scale': 'passthrough'}",0.06691624946811658,0.06691624946811658,0.0,1,0.5272173030536758,0.5272173030536758,0.0,0.9659626030710937,0.6875919552658569
0,14911.871948957443,0.0,48.60258364677429,0.0,passthrough,passthrough,"HistGradientBoostingRegressor(early_stopping=True, max_iter=10000,
                              n_iter_no_change=100, random_state=42,
                              scoring='neg_root_mean_squared_error')",200,0.02,squared_error,32,3,0.5,255,800,FunctionTransformer(func=<function reshape at 0x7fdb1d1c0360>),passthrough,"{'first_scale': 'passthrough', 'frequency': 'passthrough', 'model': HistGradientBoostingRegressor(early_stopping=True, max_iter=10000,
                              n_iter_no_change=100, random_state=42,
                              scoring='neg_root_mean_squared_error'), 'model__l2_regularization': 200, 'model__learning_rate': 0.02, 'model__loss': 'squared_error', 'model__max_bins': 32, 'model__max_depth': 3, 'model__max_features': 0.5, 'model__max_leaf_nodes': 255, 'model__min_samples_leaf': 800, 'reshape': FunctionTransformer(func=<function reshape at 0x7fdb1d1c0360>), 'second_scale': 'passthrough'}",0.0849111946817005,0.0849111946817005,0.0,1,0.4469478288322538,0.4469478288322538,0.0,0.9566027416426839,0.7436747751320776
0,26803.065320014954,0.0,74.26759243011475,0.0,passthrough,passthrough,"HistGradientBoostingRegressor(early_stopping=True, max_iter=10000,
                              n_iter_no_change=100, random_state=42,
                              scoring='neg_root_mean_squared_error')",400,0.05,squared_error,32,6,0.2,511,800,FunctionTransformer(func=<function reshape at 0x7fdb1d1c0360>),passthrough,"{'first_scale': 'passthrough', 'frequency': 'passthrough', 'model': HistGradientBoostingRegressor(early_stopping=True, max_iter=10000,
                              n_iter_no_change=100, random_state=42,
                              scoring='neg_root_mean_squared_error'), 'model__l2_regularization': 400, 'model__learning_rate': 0.05, 'model__loss': 'squared_error', 'model__max_bins': 32, 'model__max_depth': 6, 'model__max_features': 0.2, 'model__max_leaf_nodes': 511, 'model__min_samples_leaf': 800, 'reshape': FunctionTransformer(func=<function reshape at 0x7fdb1d1c0360>), 'second_scale': 'passthrough'}",0.07456575602148219,0.07456575602148219,0.0,1,0.8753786350561461,0.8753786350561461,0.0,0.9619949292894,0.35301751365032
0,7577.783790111542,0.0,17.76753067970276,0.0,passthrough,passthrough,"HistGradientBoostingRegressor(early_stopping=True, max_iter=10000,
                              n_iter_no_change=100, random_state=42,
                              scoring='neg_root_mean_squared_error')",50,0.1,squared_error,32,3,1.0,511,800,FunctionTransformer(func=<function reshape at 0x7fdb1d1c0360>),passthrough,"{'first_scale': 'passthrough', 'frequency': 'passthrough', 'model': HistGradientBoostingRegressor(early_stopping=True, max_iter=10000,
                              n_iter_no_change=100, random_state=42,
                              scoring='neg_root_mean_squared_error'), 'model__l2_regularization': 50, 'model__learning_rate': 0.1, 'model__loss': 'squared_error', 'model__max_bins': 32, 'model__max_depth': 3, 'model__max_features': 1.0, 'model__max_leaf_nodes': 511, 'model__min_samples_leaf': 800, 'reshape': FunctionTransformer(func=<function reshape at 0x7fdb1d1c0360>), 'second_scale': 'passthrough'}",0.067641135026966,0.067641135026966,0.0,1,0.5260450623759212,0.5260450623759212,0.0,0.9655873160792006,0.6884438521942648
0,6340.037398338318,0.0,15.695579528808594,0.0,passthrough,passthrough,"HistGradientBoostingRegressor(early_stopping=True, max_iter=10000,
                              n_iter_no_change=100, random_state=42,
                              scoring='neg_root_mean_squared_error')",100,0.1,squared_error,32,3,0.2,127,800,FunctionTransformer(func=<function reshape at 0x7fdb1d1c0360>),passthrough,"{'first_scale': 'passthrough', 'frequency': 'passthrough', 'model': HistGradientBoostingRegressor(early_stopping=True, max_iter=10000,
                              n_iter_no_change=100, random_state=42,
                              scoring='neg_root_mean_squared_error'), 'model__l2_regularization': 100, 'model__learning_rate': 0.1, 'model__loss': 'squared_error', 'model__max_bins': 32, 'model__max_depth': 3, 'model__max_features': 0.2, 'model__max_leaf_nodes': 127, 'model__min_samples_leaf': 800, 'reshape': FunctionTransformer(func=<function reshape at 0x7fdb1d1c0360>), 'second_scale': 'passthrough'}",0.07766063177819027,0.07766063177819027,0.0,1,0.4354095215465168,0.4354095215465168,0.0,0.9603850104108298,0.7513923598583387
0,9712.840997219086,0.0,22.578864574432373,0.0,passthrough,passthrough,"HistGradientBoostingRegressor(early_stopping=True, max_iter=10000,
                              n_iter_no_change=100, random_state=42,
                              scoring='neg_root_mean_squared_error')",50,0.1,squared_error,32,6,0.5,255,800,FunctionTransformer(func=<function reshape at 0x7fdb1d1c0360>),passthrough,"{'first_scale': 'passthrough', 'frequency': 'passthrough', 'model': HistGradientBoostingRegressor(early_stopping=True, max_iter=10000,
                              n_iter_no_change=100, random_state=42,
                              scoring='neg_root_mean_squared_error'), 'model__l2_regularization': 50, 'model__learning_rate': 0.1, 'model__loss': 'squared_error', 'model__max_bins': 32, 'model__max_depth': 6, 'model__max_features': 0.5, 'model__max_leaf_nodes': 255, 'model__min_samples_leaf': 800, 'reshape': FunctionTransformer(func=<function reshape at 0x7fdb1d1c0360>), 'second_scale': 'passthrough'}",0.05549310936606999,0.05549310936606999,0.0,1,0.8273446467474209,0.8273446467474209,0.0,0.9718574435759239,0.41551817439503064
0,24191.1210873127,0.0,51.893370151519775,0.0,passthrough,passthrough,"HistGradientBoostingRegressor(early_stopping=True, max_iter=10000,
                              n_iter_no_change=100, random_state=42,
                              scoring='neg_root_mean_squared_error')",100,0.02,squared_error,32,3,0.5,255,800,FunctionTransformer(func=<function reshape at 0x7fdb1d1c0360>),passthrough,"{'first_scale': 'passthrough', 'frequency': 'passthrough', 'model': HistGradientBoostingRegressor(early_stopping=True, max_iter=10000,
                              n_iter_no_change=100, random_state=42,
                              scoring='neg_root_mean_squared_error'), 'model__l2_regularization': 100, 'model__learning_rate': 0.02, 'model__loss': 'squared_error', 'model__max_bins': 32, 'model__max_depth': 3, 'model__max_features': 0.5, 'model__max_leaf_nodes': 255, 'model__min_samples_leaf': 800, 'reshape': FunctionTransformer(func=<function reshape at 0x7fdb1d1c0360>), 'second_scale': 'passthrough'}",0.08472937058241603,0.08472937058241603,0.0,1,0.4485371925344972,0.4485371925344972,0.0,0.9566977732897595,0.7426054184191648
0,30434.65852332115,0.0,102.9302568435669,0.0,passthrough,passthrough,"HistGradientBoostingRegressor(early_stopping=True, max_iter=10000,
                              n_iter_no_change=100, random_state=42,
                              scoring='neg_root_mean_squared_error')",400,0.005,squared_error,63,6,0.5,255,3200,FunctionTransformer(func=<function reshape at 0x7fdb1d1c0360>),passthrough,"{'first_scale': 'passthrough', 'frequency': 'passthrough', 'model': HistGradientBoostingRegressor(early_stopping=True, max_iter=10000,
                              n_iter_no_change=100, random_state=42,
                              scoring='neg_root_mean_squared_error'), 'model__l2_regularization': 400, 'model__learning_rate': 0.005, 'model__loss': 'squared_error', 'model__max_bins': 63, 'model__max_depth': 6, 'model__max_features': 0.5, 'model__max_leaf_nodes': 255, 'model__min_samples_leaf': 3200, 'reshape': FunctionTransformer(func=<function reshape at 0x7fdb1d1c0360>), 'second_scale': 'passthrough'}",0.0909666910370589,0.0909666910370589,0.0,1,0.30612651271659563,0.30612651271659563,0.0,0.9534323830051825,0.8329906885934586
0,15614.207252025604,0.0,27.43324375152588,0.0,passthrough,passthrough,"HistGradientBoostingRegressor(early_stopping=True, max_iter=10000,
                              n_iter_no_change=100, random_state=42,
                              scoring='neg_root_mean_squared_error')",50,0.1,squared_error,32,6,0.5,255,200,FunctionTransformer(func=<function reshape at 0x7fdb1d1c0360>),passthrough,"{'first_scale': 'passthrough', 'frequency': 'passthrough', 'model': HistGradientBoostingRegressor(early_stopping=True, max_iter=10000,
                              n_iter_no_change=100, random_state=42,
                              scoring='neg_root_mean_squared_error'), 'model__l2_regularization': 50, 'model__learning_rate': 0.1, 'model__loss': 'squared_error', 'model__max_bins': 32, 'model__max_depth': 6, 'model__max_features': 0.5, 'model__max_leaf_nodes': 255, 'model__min_samples_leaf': 200, 'reshape': FunctionTransformer(func=<function reshape at 0x7fdb1d1c0360>), 'second_scale': 'passthrough'}",0.05348044586881939,0.05348044586881939,0.0,1,0.9019017477299078,0.9019017477299078,0.0,0.9728923651315086,0.3132064052188144
0,20696.360906362534,0.0,46.90504240989685,0.0,passthrough,passthrough,"HistGradientBoostingRegressor(early_stopping=True, max_iter=10000,
                              n_iter_no_change=100, random_state=42,
                              scoring='neg_root_mean_squared_error')",400,0.05,squared_error,32,6,0.5,255,200,FunctionTransformer(func=<function reshape at 0x7fdb1d1c0360>),passthrough,"{'first_scale': 'passthrough', 'frequency': 'passthrough', 'model': HistGradientBoostingRegressor(early_stopping=True, max_iter=10000,
                              n_iter_no_change=100, random_state=42,
                              scoring='neg_root_mean_squared_error'), 'model__l2_regularization': 400, 'model__learning_rate': 0.05, 'model__loss': 'squared_error', 'model__max_bins': 32, 'model__max_depth': 6, 'model__max_features': 0.5, 'model__max_leaf_nodes': 255, 'model__min_samples_leaf': 200, 'reshape': FunctionTransformer(func=<function reshape at 0x7fdb1d1c0360>), 'second_scale': 'passthrough'}",0.07927871267199549,0.07927871267199549,0.0,1,0.8716182337577552,0.8716182337577552,0.0,0.9595422280066701,0.35830401371216153
0,20233.061373233795,0.0,40.38379669189453,0.0,passthrough,passthrough,"HistGradientBoostingRegressor(early_stopping=True, max_iter=10000,
                              n_iter_no_change=100, random_state=42,
                              scoring='neg_root_mean_squared_error')",100,0.05,squared_error,32,6,0.2,127,800,FunctionTransformer(func=<function reshape at 0x7fdb1d1c0360>),passthrough,"{'first_scale': 'passthrough', 'frequency': 'passthrough', 'model': HistGradientBoostingRegressor(early_stopping=True, max_iter=10000,
                              n_iter_no_change=100, random_state=42,
                              scoring='neg_root_mean_squared_error'), 'model__l2_regularization': 100, 'model__learning_rate': 0.05, 'model__loss': 'squared_error', 'model__max_bins': 32, 'model__max_depth': 6, 'model__max_features': 0.2, 'model__max_leaf_nodes': 127, 'model__min_samples_leaf': 800, 'reshape': FunctionTransformer(func=<function reshape at 0x7fdb1d1c0360>), 'second_scale': 'passthrough'}",0.07386811292522533,0.07386811292522533,0.0,1,0.8351673222291011,0.8351673222291011,0.0,0.962357463250935,0.40599590856423534
0,9544.477506637573,0.0,19.0615496635437,0.0,passthrough,passthrough,"HistGradientBoostingRegressor(early_stopping=True, max_iter=10000,
                              n_iter_no_change=100, random_state=42,
                              scoring='neg_root_mean_squared_error')",100,0.1,squared_error,32,6,0.2,255,400,FunctionTransformer(func=<function reshape at 0x7fdb1d1c0360>),passthrough,"{'first_scale': 'passthrough', 'frequency': 'passthrough', 'model': HistGradientBoostingRegressor(early_stopping=True, max_iter=10000,
                              n_iter_no_change=100, random_state=42,
                              scoring='neg_root_mean_squared_error'), 'model__l2_regularization': 100, 'model__learning_rate': 0.1, 'model__loss': 'squared_error', 'model__max_bins': 32, 'model__max_depth': 6, 'model__max_features': 0.2, 'model__max_leaf_nodes': 255, 'model__min_samples_leaf': 400, 'reshape': FunctionTransformer(func=<function reshape at 0x7fdb1d1c0360>), 'second_scale': 'passthrough'}",0.06478372017849054,0.06478372017849054,0.0,1,0.8074252746228503,0.8074252746228503,0.0,0.9670658094574068,0.43883336857758404
0,7936.8099908828735,0.0,20.446576595306396,0.0,passthrough,passthrough,"HistGradientBoostingRegressor(early_stopping=True, max_iter=10000,
                              n_iter_no_change=100, random_state=42,
                              scoring='neg_root_mean_squared_error')",200,0.1,squared_error,32,6,0.2,511,400,FunctionTransformer(func=<function reshape at 0x7fdb1d1c0360>),passthrough,"{'first_scale': 'passthrough', 'frequency': 'passthrough', 'model': HistGradientBoostingRegressor(early_stopping=True, max_iter=10000,
                              n_iter_no_change=100, random_state=42,
                              scoring='neg_root_mean_squared_error'), 'model__l2_regularization': 200, 'model__learning_rate': 0.1, 'model__loss': 'squared_error', 'model__max_bins': 32, 'model__max_depth': 6, 'model__max_features': 0.2, 'model__max_leaf_nodes': 511, 'model__min_samples_leaf': 400, 'reshape': FunctionTransformer(func=<function reshape at 0x7fdb1d1c0360>), 'second_scale': 'passthrough'}",0.06002418910205631,0.06002418910205631,0.0,1,0.8789334647751943,0.8789334647751943,0.0,0.969523496826118,0.3479461671362478
0,10405.606518745422,0.0,21.741456270217896,0.0,passthrough,passthrough,"HistGradientBoostingRegressor(early_stopping=True, max_iter=10000,
                              n_iter_no_change=100, random_state=42,
                              scoring='neg_root_mean_squared_error')",100,0.1,squared_error,32,6,1.0,127,800,FunctionTransformer(func=<function reshape at 0x7fdb1d1c0360>),passthrough,"{'first_scale': 'passthrough', 'frequency': 'passthrough', 'model': HistGradientBoostingRegressor(early_stopping=True, max_iter=10000,
                              n_iter_no_change=100, random_state=42,
                              scoring='neg_root_mean_squared_error'), 'model__l2_regularization': 100, 'model__learning_rate': 0.1, 'model__loss': 'squared_error', 'model__max_bins': 32, 'model__max_depth': 6, 'model__max_features': 1.0, 'model__max_leaf_nodes': 127, 'model__min_samples_leaf': 800, 'reshape': FunctionTransformer(func=<function reshape at 0x7fdb1d1c0360>), 'second_scale': 'passthrough'}",0.05854619575109565,0.05854619575109565,0.0,1,0.810284508882294,0.810284508882294,0.0,0.9702854241144223,0.43556341802050597
0,28364.210029363632,0.0,80.25240182876587,0.0,passthrough,passthrough,"HistGradientBoostingRegressor(early_stopping=True, max_iter=10000,
                              n_iter_no_change=100, random_state=42,
                              scoring='neg_root_mean_squared_error')",400,0.005,squared_error,63,None,0.5,127,6400,FunctionTransformer(func=<function reshape at 0x7fdb1d1c0360>),passthrough,"{'first_scale': 'passthrough', 'frequency': 'passthrough', 'model': HistGradientBoostingRegressor(early_stopping=True, max_iter=10000,
                              n_iter_no_change=100, random_state=42,
                              scoring='neg_root_mean_squared_error'), 'model__l2_regularization': 400, 'model__learning_rate': 0.005, 'model__loss': 'squared_error', 'model__max_bins': 63, 'model__max_depth': None, 'model__max_features': 0.5, 'model__max_leaf_nodes': 127, 'model__min_samples_leaf': 6400, 'reshape': FunctionTransformer(func=<function reshape at 0x7fdb1d1c0360>), 'second_scale': 'passthrough'}",0.08659311059323582,0.08659311059323582,0.0,1,0.2340971293507189,0.2340971293507189,0.0,0.9557232284541191,0.8751587688238524
0,6577.44535946846,0.0,16.635764837265015,0.0,passthrough,passthrough,"HistGradientBoostingRegressor(early_stopping=True, max_iter=10000,
                              n_iter_no_change=100, random_state=42,
                              scoring='neg_root_mean_squared_error')",100,0.1,squared_error,32,3,0.2,255,800,FunctionTransformer(func=<function reshape at 0x7fdb1d1c0360>),passthrough,"{'first_scale': 'passthrough', 'frequency': 'passthrough', 'model': HistGradientBoostingRegressor(early_stopping=True, max_iter=10000,
                              n_iter_no_change=100, random_state=42,
                              scoring='neg_root_mean_squared_error'), 'model__l2_regularization': 100, 'model__learning_rate': 0.1, 'model__loss': 'squared_error', 'model__max_bins': 32, 'model__max_depth': 3, 'model__max_features': 0.2, 'model__max_leaf_nodes': 255, 'model__min_samples_leaf': 800, 'reshape': FunctionTransformer(func=<function reshape at 0x7fdb1d1c0360>), 'second_scale': 'passthrough'}",0.07766063177819027,0.07766063177819027,0.0,1,0.4354095215465168,0.4354095215465168,0.0,0.9603850104108298,0.7513923598583387
0,15086.509053945541,0.0,51.005250215530396,0.0,passthrough,passthrough,"HistGradientBoostingRegressor(early_stopping=True, max_iter=10000,
                              n_iter_no_change=100, random_state=42,
                              scoring='neg_root_mean_squared_error')",400,0.02,squared_error,32,3,1.0,127,400,FunctionTransformer(func=<function reshape at 0x7fdb1d1c0360>),passthrough,"{'first_scale': 'passthrough', 'frequency': 'passthrough', 'model': HistGradientBoostingRegressor(early_stopping=True, max_iter=10000,
                              n_iter_no_change=100, random_state=42,
                              scoring='neg_root_mean_squared_error'), 'model__l2_regularization': 400, 'model__learning_rate': 0.02, 'model__loss': 'squared_error', 'model__max_bins': 32, 'model__max_depth': 3, 'model__max_features': 1.0, 'model__max_leaf_nodes': 127, 'model__min_samples_leaf': 400, 'reshape': FunctionTransformer(func=<function reshape at 0x7fdb1d1c0360>), 'second_scale': 'passthrough'}",0.08288298940232475,0.08288298940232475,0.0,1,0.448402579633443,0.448402579633443,0.0,0.957662263325477,0.7426960484387655
0,6796.211705684662,0.0,21.392309188842773,0.0,passthrough,passthrough,"HistGradientBoostingRegressor(early_stopping=True, max_iter=10000,
                              n_iter_no_change=100, random_state=42,
                              scoring='neg_root_mean_squared_error')",200,0.05,squared_error,32,3,0.5,511,200,FunctionTransformer(func=<function reshape at 0x7fdb1d1c0360>),passthrough,"{'first_scale': 'passthrough', 'frequency': 'passthrough', 'model': HistGradientBoostingRegressor(early_stopping=True, max_iter=10000,
                              n_iter_no_change=100, random_state=42,
                              scoring='neg_root_mean_squared_error'), 'model__l2_regularization': 200, 'model__learning_rate': 0.05, 'model__loss': 'squared_error', 'model__max_bins': 32, 'model__max_depth': 3, 'model__max_features': 0.5, 'model__max_leaf_nodes': 511, 'model__min_samples_leaf': 200, 'reshape': FunctionTransformer(func=<function reshape at 0x7fdb1d1c0360>), 'second_scale': 'passthrough'}",0.08033453979665506,0.08033453979665506,0.0,1,0.4695061321014623,0.4695061321014623,0.0,0.9589918978820129,0.7283500998136389
0,28312.240379810333,0.0,113.29111433029175,0.0,passthrough,passthrough,"HistGradientBoostingRegressor(early_stopping=True, max_iter=10000,
                              n_iter_no_change=100, random_state=42,
                              scoring='neg_root_mean_squared_error')",800,0.005,squared_error,63,None,0.5,127,3200,FunctionTransformer(func=<function reshape at 0x7fdb1d1c0360>),passthrough,"{'first_scale': 'passthrough', 'frequency': 'passthrough', 'model': HistGradientBoostingRegressor(early_stopping=True, max_iter=10000,
                              n_iter_no_change=100, random_state=42,
                              scoring='neg_root_mean_squared_error'), 'model__l2_regularization': 800, 'model__learning_rate': 0.005, 'model__loss': 'squared_error', 'model__max_bins': 63, 'model__max_depth': None, 'model__max_features': 0.5, 'model__max_leaf_nodes': 127, 'model__min_samples_leaf': 3200, 'reshape': FunctionTransformer(func=<function reshape at 0x7fdb1d1c0360>), 'second_scale': 'passthrough'}",0.09136759408797546,0.09136759408797546,0.0,1,0.3415018425047208,0.3415018425047208,0.0,0.9532221178256538,0.8114789938718556
0,28483.96569132805,0.0,55.41143608093262,0.0,passthrough,passthrough,"HistGradientBoostingRegressor(early_stopping=True, max_iter=10000,
                              n_iter_no_change=100, random_state=42,
                              scoring='neg_root_mean_squared_error')",50,0.05,squared_error,32,6,0.2,511,400,FunctionTransformer(func=<function reshape at 0x7fdb1d1c0360>),passthrough,"{'first_scale': 'passthrough', 'frequency': 'passthrough', 'model': HistGradientBoostingRegressor(early_stopping=True, max_iter=10000,
                              n_iter_no_change=100, random_state=42,
                              scoring='neg_root_mean_squared_error'), 'model__l2_regularization': 50, 'model__learning_rate': 0.05, 'model__loss': 'squared_error', 'model__max_bins': 32, 'model__max_depth': 6, 'model__max_features': 0.2, 'model__max_leaf_nodes': 511, 'model__min_samples_leaf': 400, 'reshape': FunctionTransformer(func=<function reshape at 0x7fdb1d1c0360>), 'second_scale': 'passthrough'}",0.07387705919931409,0.07387705919931409,0.0,1,0.8949360122945508,0.8949360122945508,0.0,0.9623528151362607,0.32413575505557735
0,9871.345064640045,0.0,33.044358015060425,0.0,passthrough,passthrough,"HistGradientBoostingRegressor(early_stopping=True, max_iter=10000,
                              n_iter_no_change=100, random_state=42,
                              scoring='neg_root_mean_squared_error')",400,0.05,squared_error,32,3,0.5,127,800,FunctionTransformer(func=<function reshape at 0x7fdb1d1c0360>),passthrough,"{'first_scale': 'passthrough', 'frequency': 'passthrough', 'model': HistGradientBoostingRegressor(early_stopping=True, max_iter=10000,
                              n_iter_no_change=100, random_state=42,
                              scoring='neg_root_mean_squared_error'), 'model__l2_regularization': 400, 'model__learning_rate': 0.05, 'model__loss': 'squared_error', 'model__max_bins': 32, 'model__max_depth': 3, 'model__max_features': 0.5, 'model__max_leaf_nodes': 127, 'model__min_samples_leaf': 800, 'reshape': FunctionTransformer(func=<function reshape at 0x7fdb1d1c0360>), 'second_scale': 'passthrough'}",0.08140931639716764,0.08140931639716764,0.0,1,0.4547550611407103,0.4547550611407103,0.0,0.9584313661409628,0.7384070279048607
0,28755.280254125595,0.0,78.76223182678223,0.0,passthrough,passthrough,"HistGradientBoostingRegressor(early_stopping=True, max_iter=10000,
                              n_iter_no_change=100, random_state=42,
                              scoring='neg_root_mean_squared_error')",200,0.0025,squared_error,63,None,1.0,127,6400,FunctionTransformer(func=<function reshape at 0x7fdb1d1c0360>),passthrough,"{'first_scale': 'passthrough', 'frequency': 'passthrough', 'model': HistGradientBoostingRegressor(early_stopping=True, max_iter=10000,
                              n_iter_no_change=100, random_state=42,
                              scoring='neg_root_mean_squared_error'), 'model__l2_regularization': 200, 'model__learning_rate': 0.0025, 'model__loss': 'squared_error', 'model__max_bins': 63, 'model__max_depth': None, 'model__max_features': 1.0, 'model__max_leaf_nodes': 127, 'model__min_samples_leaf': 6400, 'reshape': FunctionTransformer(func=<function reshape at 0x7fdb1d1c0360>), 'second_scale': 'passthrough'}",0.08035889037654986,0.08035889037654986,0.0,1,0.17820468690063118,0.17820468690063118,0.0,0.9589792018722044,0.9065292676463176
0,15654.372852563858,0.0,47.98671317100525,0.0,passthrough,passthrough,"HistGradientBoostingRegressor(early_stopping=True, max_iter=10000,
                              n_iter_no_change=100, random_state=42,
                              scoring='neg_root_mean_squared_error')",400,0.02,squared_error,32,3,0.5,127,800,FunctionTransformer(func=<function reshape at 0x7fdb1d1c0360>),passthrough,"{'first_scale': 'passthrough', 'frequency': 'passthrough', 'model': HistGradientBoostingRegressor(early_stopping=True, max_iter=10000,
                              n_iter_no_change=100, random_state=42,
                              scoring='neg_root_mean_squared_error'), 'model__l2_regularization': 400, 'model__learning_rate': 0.02, 'model__loss': 'squared_error', 'model__max_bins': 32, 'model__max_depth': 3, 'model__max_features': 0.5, 'model__max_leaf_nodes': 127, 'model__min_samples_leaf': 800, 'reshape': FunctionTransformer(func=<function reshape at 0x7fdb1d1c0360>), 'second_scale': 'passthrough'}",0.08611496093939319,0.08611496093939319,0.0,1,0.43643830765972946,0.43643830765972946,0.0,0.9559733464174651,0.7507074612259229
0,12597.257047176361,0.0,42.16171455383301,0.0,passthrough,passthrough,"HistGradientBoostingRegressor(early_stopping=True, max_iter=10000,
                              n_iter_no_change=100, random_state=42,
                              scoring='neg_root_mean_squared_error')",100,0.05,squared_error,32,3,1.0,127,200,FunctionTransformer(func=<function reshape at 0x7fdb1d1c0360>),passthrough,"{'first_scale': 'passthrough', 'frequency': 'passthrough', 'model': HistGradientBoostingRegressor(early_stopping=True, max_iter=10000,
                              n_iter_no_change=100, random_state=42,
                              scoring='neg_root_mean_squared_error'), 'model__l2_regularization': 100, 'model__learning_rate': 0.05, 'model__loss': 'squared_error', 'model__max_bins': 32, 'model__max_depth': 3, 'model__max_features': 1.0, 'model__max_leaf_nodes': 127, 'model__min_samples_leaf': 200, 'reshape': FunctionTransformer(func=<function reshape at 0x7fdb1d1c0360>), 'second_scale': 'passthrough'}",0.07744562951075229,0.07744562951075229,0.0,1,0.523611052543947,0.523611052543947,0.0,0.9604969393440292,0.6902093504553911
0,16182.06740617752,0.0,43.69764995574951,0.0,passthrough,passthrough,"HistGradientBoostingRegressor(early_stopping=True, max_iter=10000,
                              n_iter_no_change=100, random_state=42,
                              scoring='neg_root_mean_squared_error')",200,0.05,squared_error,32,6,0.5,255,400,FunctionTransformer(func=<function reshape at 0x7fdb1d1c0360>),passthrough,"{'first_scale': 'passthrough', 'frequency': 'passthrough', 'model': HistGradientBoostingRegressor(early_stopping=True, max_iter=10000,
                              n_iter_no_change=100, random_state=42,
                              scoring='neg_root_mean_squared_error'), 'model__l2_regularization': 200, 'model__learning_rate': 0.05, 'model__loss': 'squared_error', 'model__max_bins': 32, 'model__max_depth': 6, 'model__max_features': 0.5, 'model__max_leaf_nodes': 255, 'model__min_samples_leaf': 400, 'reshape': FunctionTransformer(func=<function reshape at 0x7fdb1d1c0360>), 'second_scale': 'passthrough'}",0.07417524976706558,0.07417524976706558,0.0,1,0.8909293871820225,0.8909293871820225,0.0,0.962197874780928,0.3302584030997205
0,8519.731414794922,0.0,22.67404270172119,0.0,passthrough,passthrough,"HistGradientBoostingRegressor(early_stopping=True, max_iter=10000,
                              n_iter_no_change=100, random_state=42,
                              scoring='neg_root_mean_squared_error')",200,0.1,squared_error,32,6,0.2,127,400,FunctionTransformer(func=<function reshape at 0x7fdb1d1c0360>),passthrough,"{'first_scale': 'passthrough', 'frequency': 'passthrough', 'model': HistGradientBoostingRegressor(early_stopping=True, max_iter=10000,
                              n_iter_no_change=100, random_state=42,
                              scoring='neg_root_mean_squared_error'), 'model__l2_regularization': 200, 'model__learning_rate': 0.1, 'model__loss': 'squared_error', 'model__max_bins': 32, 'model__max_depth': 6, 'model__max_features': 0.2, 'model__max_leaf_nodes': 127, 'model__min_samples_leaf': 400, 'reshape': FunctionTransformer(func=<function reshape at 0x7fdb1d1c0360>), 'second_scale': 'passthrough'}",0.06002418910205631,0.06002418910205631,0.0,1,0.8789334647751943,0.8789334647751943,0.0,0.969523496826118,0.3479461671362478
0,9496.003422737122,0.0,23.11258101463318,0.0,passthrough,passthrough,"HistGradientBoostingRegressor(early_stopping=True, max_iter=10000,
                              n_iter_no_change=100, random_state=42,
                              scoring='neg_root_mean_squared_error')",200,0.1,squared_error,32,6,1.0,511,800,FunctionTransformer(func=<function reshape at 0x7fdb1d1c0360>),passthrough,"{'first_scale': 'passthrough', 'frequency': 'passthrough', 'model': HistGradientBoostingRegressor(early_stopping=True, max_iter=10000,
                              n_iter_no_change=100, random_state=42,
                              scoring='neg_root_mean_squared_error'), 'model__l2_regularization': 200, 'model__learning_rate': 0.1, 'model__loss': 'squared_error', 'model__max_bins': 32, 'model__max_depth': 6, 'model__max_features': 1.0, 'model__max_leaf_nodes': 511, 'model__min_samples_leaf': 800, 'reshape': FunctionTransformer(func=<function reshape at 0x7fdb1d1c0360>), 'second_scale': 'passthrough'}",0.059392084328615535,0.059392084328615535,0.0,1,0.8406923443668046,0.8406923443668046,0.0,0.969849429381378,0.39913363129808466
0,7999.9880340099335,0.0,20.23441743850708,0.0,passthrough,passthrough,"HistGradientBoostingRegressor(early_stopping=True, max_iter=10000,
                              n_iter_no_change=100, random_state=42,
                              scoring='neg_root_mean_squared_error')",200,0.1,squared_error,32,6,1.0,127,200,FunctionTransformer(func=<function reshape at 0x7fdb1d1c0360>),passthrough,"{'first_scale': 'passthrough', 'frequency': 'passthrough', 'model': HistGradientBoostingRegressor(early_stopping=True, max_iter=10000,
                              n_iter_no_change=100, random_state=42,
                              scoring='neg_root_mean_squared_error'), 'model__l2_regularization': 200, 'model__learning_rate': 0.1, 'model__loss': 'squared_error', 'model__max_bins': 32, 'model__max_depth': 6, 'model__max_features': 1.0, 'model__max_leaf_nodes': 127, 'model__min_samples_leaf': 200, 'reshape': FunctionTransformer(func=<function reshape at 0x7fdb1d1c0360>), 'second_scale': 'passthrough'}",0.05442619871958709,0.05442619871958709,0.0,1,0.8952079460041555,0.8952079460041555,0.0,0.9724061915066219,0.3237160082477301
0,29643.553449869156,0.0,105.25364565849304,0.0,passthrough,passthrough,"HistGradientBoostingRegressor(early_stopping=True, max_iter=10000,
                              n_iter_no_change=100, random_state=42,
                              scoring='neg_root_mean_squared_error')",400,0.01,squared_error,63,6,1.0,127,3200,FunctionTransformer(func=<function reshape at 0x7fdb1d1c0360>),passthrough,"{'first_scale': 'passthrough', 'frequency': 'passthrough', 'model': HistGradientBoostingRegressor(early_stopping=True, max_iter=10000,
                              n_iter_no_change=100, random_state=42,
                              scoring='neg_root_mean_squared_error'), 'model__l2_regularization': 400, 'model__learning_rate': 0.01, 'model__loss': 'squared_error', 'model__max_bins': 63, 'model__max_depth': 6, 'model__max_features': 1.0, 'model__max_leaf_nodes': 127, 'model__min_samples_leaf': 3200, 'reshape': FunctionTransformer(func=<function reshape at 0x7fdb1d1c0360>), 'second_scale': 'passthrough'}",0.08844389447813072,0.08844389447813072,0.0,1,0.4326752871525372,0.4326752871525372,0.0,0.9547544739470296,0.7532096075113904
0,8838.281833410263,0.0,25.206101655960083,0.0,passthrough,passthrough,"HistGradientBoostingRegressor(early_stopping=True, max_iter=10000,
                              n_iter_no_change=100, random_state=42,
                              scoring='neg_root_mean_squared_error')",200,0.05,squared_error,32,3,1.0,511,200,FunctionTransformer(func=<function reshape at 0x7fdb1d1c0360>),passthrough,"{'first_scale': 'passthrough', 'frequency': 'passthrough', 'model': HistGradientBoostingRegressor(early_stopping=True, max_iter=10000,
                              n_iter_no_change=100, random_state=42,
                              scoring='neg_root_mean_squared_error'), 'model__l2_regularization': 200, 'model__learning_rate': 0.05, 'model__loss': 'squared_error', 'model__max_bins': 32, 'model__max_depth': 3, 'model__max_features': 1.0, 'model__max_leaf_nodes': 511, 'model__min_samples_leaf': 200, 'reshape': FunctionTransformer(func=<function reshape at 0x7fdb1d1c0360>), 'second_scale': 'passthrough'}",0.07654420721808852,0.07654420721808852,0.0,1,0.5404576901525013,0.5404576901525013,0.0,0.9609660726487234,0.6778955006839171
0,12184.728880643845,0.0,37.51589322090149,0.0,passthrough,passthrough,"HistGradientBoostingRegressor(early_stopping=True, max_iter=10000,
                              n_iter_no_change=100, random_state=42,
                              scoring='neg_root_mean_squared_error')",100,0.05,squared_error,32,3,0.5,255,800,FunctionTransformer(func=<function reshape at 0x7fdb1d1c0360>),passthrough,"{'first_scale': 'passthrough', 'frequency': 'passthrough', 'model': HistGradientBoostingRegressor(early_stopping=True, max_iter=10000,
                              n_iter_no_change=100, random_state=42,
                              scoring='neg_root_mean_squared_error'), 'model__l2_regularization': 100, 'model__learning_rate': 0.05, 'model__loss': 'squared_error', 'model__max_bins': 32, 'model__max_depth': 3, 'model__max_features': 0.5, 'model__max_leaf_nodes': 255, 'model__min_samples_leaf': 800, 'reshape': FunctionTransformer(func=<function reshape at 0x7fdb1d1c0360>), 'second_scale': 'passthrough'}",0.07943559936868883,0.07943559936868883,0.0,1,0.4986798654712188,0.4986798654712188,0.0,0.9594604737201586,0.7080396419189968
0,20173.087282657623,0.0,51.68065810203552,0.0,passthrough,passthrough,"HistGradientBoostingRegressor(early_stopping=True, max_iter=10000,
                              n_iter_no_change=100, random_state=42,
                              scoring='neg_root_mean_squared_error')",200,0.05,squared_error,32,6,1.0,127,200,FunctionTransformer(func=<function reshape at 0x7fdb1d1c0360>),passthrough,"{'first_scale': 'passthrough', 'frequency': 'passthrough', 'model': HistGradientBoostingRegressor(early_stopping=True, max_iter=10000,
                              n_iter_no_change=100, random_state=42,
                              scoring='neg_root_mean_squared_error'), 'model__l2_regularization': 200, 'model__learning_rate': 0.05, 'model__loss': 'squared_error', 'model__max_bins': 32, 'model__max_depth': 6, 'model__max_features': 1.0, 'model__max_leaf_nodes': 127, 'model__min_samples_leaf': 200, 'reshape': FunctionTransformer(func=<function reshape at 0x7fdb1d1c0360>), 'second_scale': 'passthrough'}",0.075256471999958,0.075256471999958,0.0,1,0.9032013762947162,0.9032013762947162,0.0,0.9616358603962532,0.31112477192484017
0,22581.653060674667,0.0,76.0260694026947,0.0,passthrough,passthrough,"HistGradientBoostingRegressor(early_stopping=True, max_iter=10000,
                              n_iter_no_change=100, random_state=42,
                              scoring='neg_root_mean_squared_error')",100,0.005,squared_error,63,None,1.0,255,6400,FunctionTransformer(func=<function reshape at 0x7fdb1d1c0360>),passthrough,"{'first_scale': 'passthrough', 'frequency': 'passthrough', 'model': HistGradientBoostingRegressor(early_stopping=True, max_iter=10000,
                              n_iter_no_change=100, random_state=42,
                              scoring='neg_root_mean_squared_error'), 'model__l2_regularization': 100, 'model__learning_rate': 0.005, 'model__loss': 'squared_error', 'model__max_bins': 63, 'model__max_depth': None, 'model__max_features': 1.0, 'model__max_leaf_nodes': 255, 'model__min_samples_leaf': 6400, 'reshape': FunctionTransformer(func=<function reshape at 0x7fdb1d1c0360>), 'second_scale': 'passthrough'}",0.08568723751718021,0.08568723751718021,0.0,1,0.2418228423904829,0.2418228423904829,0.0,0.9561970312037262,0.8707336892583846
0,15581.651009082794,0.0,39.099074363708496,0.0,passthrough,passthrough,"HistGradientBoostingRegressor(early_stopping=True, max_iter=10000,
                              n_iter_no_change=100, random_state=42,
                              scoring='neg_root_mean_squared_error')",200,0.05,squared_error,32,6,0.2,255,400,FunctionTransformer(func=<function reshape at 0x7fdb1d1c0360>),passthrough,"{'first_scale': 'passthrough', 'frequency': 'passthrough', 'model': HistGradientBoostingRegressor(early_stopping=True, max_iter=10000,
                              n_iter_no_change=100, random_state=42,
                              scoring='neg_root_mean_squared_error'), 'model__l2_regularization': 200, 'model__learning_rate': 0.05, 'model__loss': 'squared_error', 'model__max_bins': 32, 'model__max_depth': 6, 'model__max_features': 0.2, 'model__max_leaf_nodes': 255, 'model__min_samples_leaf': 400, 'reshape': FunctionTransformer(func=<function reshape at 0x7fdb1d1c0360>), 'second_scale': 'passthrough'}",0.0756478876600376,0.0756478876600376,0.0,1,0.8827510163368881,0.8827510163368881,0.0,0.961432323328045,0.34241638930271995
0,28217.95174717903,0.0,69.0824248790741,0.0,passthrough,passthrough,"HistGradientBoostingRegressor(early_stopping=True, max_iter=10000,
                              n_iter_no_change=100, random_state=42,
                              scoring='neg_root_mean_squared_error')",400,0.05,squared_error,32,6,0.5,255,400,FunctionTransformer(func=<function reshape at 0x7fdb1d1c0360>),passthrough,"{'first_scale': 'passthrough', 'frequency': 'passthrough', 'model': HistGradientBoostingRegressor(early_stopping=True, max_iter=10000,
                              n_iter_no_change=100, random_state=42,
                              scoring='neg_root_mean_squared_error'), 'model__l2_regularization': 400, 'model__learning_rate': 0.05, 'model__loss': 'squared_error', 'model__max_bins': 32, 'model__max_depth': 6, 'model__max_features': 0.5, 'model__max_leaf_nodes': 255, 'model__min_samples_leaf': 400, 'reshape': FunctionTransformer(func=<function reshape at 0x7fdb1d1c0360>), 'second_scale': 'passthrough'}",0.07493883005474966,0.07493883005474966,0.0,1,0.8931960793223281,0.8931960793223281,0.0,0.9618010032981097,0.326808691251735
0,7730.7933003902435,0.0,26.900397300720215,0.0,passthrough,passthrough,"HistGradientBoostingRegressor(early_stopping=True, max_iter=10000,
                              n_iter_no_change=100, random_state=42,
                              scoring='neg_root_mean_squared_error')",400,0.1,squared_error,32,3,0.2,127,400,FunctionTransformer(func=<function reshape at 0x7fdb1d1c0360>),passthrough,"{'first_scale': 'passthrough', 'frequency': 'passthrough', 'model': HistGradientBoostingRegressor(early_stopping=True, max_iter=10000,
                              n_iter_no_change=100, random_state=42,
                              scoring='neg_root_mean_squared_error'), 'model__l2_regularization': 400, 'model__learning_rate': 0.1, 'model__loss': 'squared_error', 'model__max_bins': 32, 'model__max_depth': 3, 'model__max_features': 0.2, 'model__max_leaf_nodes': 127, 'model__min_samples_leaf': 400, 'reshape': FunctionTransformer(func=<function reshape at 0x7fdb1d1c0360>), 'second_scale': 'passthrough'}",0.06755263416163904,0.06755263416163904,0.0,1,0.5483204433658133,0.5483204433658133,0.0,0.9656331424709702,0.6720710949253708
0,28946.63693523407,0.0,69.4186339378357,0.0,passthrough,passthrough,"HistGradientBoostingRegressor(early_stopping=True, max_iter=10000,
                              n_iter_no_change=100, random_state=42,
                              scoring='neg_root_mean_squared_error')",400,0.05,squared_error,32,6,0.5,127,400,FunctionTransformer(func=<function reshape at 0x7fdb1d1c0360>),passthrough,"{'first_scale': 'passthrough', 'frequency': 'passthrough', 'model': HistGradientBoostingRegressor(early_stopping=True, max_iter=10000,
                              n_iter_no_change=100, random_state=42,
                              scoring='neg_root_mean_squared_error'), 'model__l2_regularization': 400, 'model__learning_rate': 0.05, 'model__loss': 'squared_error', 'model__max_bins': 32, 'model__max_depth': 6, 'model__max_features': 0.5, 'model__max_leaf_nodes': 127, 'model__min_samples_leaf': 400, 'reshape': FunctionTransformer(func=<function reshape at 0x7fdb1d1c0360>), 'second_scale': 'passthrough'}",0.07493883005474966,0.07493883005474966,0.0,1,0.8931960793223281,0.8931960793223281,0.0,0.9618010032981097,0.326808691251735
0,3571.671808719635,0.0,12.072989225387573,0.0,passthrough,passthrough,"HistGradientBoostingRegressor(early_stopping=True, max_iter=10000,
                              n_iter_no_change=100, random_state=42,
                              scoring='neg_root_mean_squared_error')",100,0.1,squared_error,32,3,0.5,511,200,FunctionTransformer(func=<function reshape at 0x7fdb1d1c0360>),passthrough,"{'first_scale': 'passthrough', 'frequency': 'passthrough', 'model': HistGradientBoostingRegressor(early_stopping=True, max_iter=10000,
                              n_iter_no_change=100, random_state=42,
                              scoring='neg_root_mean_squared_error'), 'model__l2_regularization': 100, 'model__learning_rate': 0.1, 'model__loss': 'squared_error', 'model__max_bins': 32, 'model__max_depth': 3, 'model__max_features': 0.5, 'model__max_leaf_nodes': 511, 'model__min_samples_leaf': 200, 'reshape': FunctionTransformer(func=<function reshape at 0x7fdb1d1c0360>), 'second_scale': 'passthrough'}",0.07676617267306618,0.07676617267306618,0.0,1,0.4393568627476305,0.4393568627476305,0.0,0.9608505749214775,0.7487610682002434
0,10340.592328310013,0.0,24.31464695930481,0.0,passthrough,passthrough,"HistGradientBoostingRegressor(early_stopping=True, max_iter=10000,
                              n_iter_no_change=100, random_state=42,
                              scoring='neg_root_mean_squared_error')",50,0.05,squared_error,32,3,0.2,511,400,FunctionTransformer(func=<function reshape at 0x7fdb1d1c0360>),passthrough,"{'first_scale': 'passthrough', 'frequency': 'passthrough', 'model': HistGradientBoostingRegressor(early_stopping=True, max_iter=10000,
                              n_iter_no_change=100, random_state=42,
                              scoring='neg_root_mean_squared_error'), 'model__l2_regularization': 50, 'model__learning_rate': 0.05, 'model__loss': 'squared_error', 'model__max_bins': 32, 'model__max_depth': 3, 'model__max_features': 0.2, 'model__max_leaf_nodes': 511, 'model__min_samples_leaf': 400, 'reshape': FunctionTransformer(func=<function reshape at 0x7fdb1d1c0360>), 'second_scale': 'passthrough'}",0.0827724248614955,0.0827724248614955,0.0,1,0.456950520700236,0.456950520700236,0.0,0.9577199878557952,0.7369189095821629
0,15026.428629875183,0.0,49.694753646850586,0.0,passthrough,passthrough,"HistGradientBoostingRegressor(early_stopping=True, max_iter=10000,
                              n_iter_no_change=100, random_state=42,
                              scoring='neg_root_mean_squared_error')",400,0.02,squared_error,32,3,1.0,255,800,FunctionTransformer(func=<function reshape at 0x7fdb1d1c0360>),passthrough,"{'first_scale': 'passthrough', 'frequency': 'passthrough', 'model': HistGradientBoostingRegressor(early_stopping=True, max_iter=10000,
                              n_iter_no_change=100, random_state=42,
                              scoring='neg_root_mean_squared_error'), 'model__l2_regularization': 400, 'model__learning_rate': 0.02, 'model__loss': 'squared_error', 'model__max_bins': 32, 'model__max_depth': 3, 'model__max_features': 1.0, 'model__max_leaf_nodes': 255, 'model__min_samples_leaf': 800, 'reshape': FunctionTransformer(func=<function reshape at 0x7fdb1d1c0360>), 'second_scale': 'passthrough'}",0.08372887255472938,0.08372887255472938,0.0,1,0.4430530157877105,0.4430530157877105,0.0,0.9572205218471189,0.7462888075083864
0,28119.575353384018,0.0,88.50148701667786,0.0,passthrough,passthrough,"HistGradientBoostingRegressor(early_stopping=True, max_iter=10000,
                              n_iter_no_change=100, random_state=42,
                              scoring='neg_root_mean_squared_error')",100,0.0025,squared_error,63,6,0.5,127,6400,FunctionTransformer(func=<function reshape at 0x7fdb1d1c0360>),passthrough,"{'first_scale': 'passthrough', 'frequency': 'passthrough', 'model': HistGradientBoostingRegressor(early_stopping=True, max_iter=10000,
                              n_iter_no_change=100, random_state=42,
                              scoring='neg_root_mean_squared_error'), 'model__l2_regularization': 100, 'model__learning_rate': 0.0025, 'model__loss': 'squared_error', 'model__max_bins': 63, 'model__max_depth': 6, 'model__max_features': 0.5, 'model__max_leaf_nodes': 127, 'model__min_samples_leaf': 6400, 'reshape': FunctionTransformer(func=<function reshape at 0x7fdb1d1c0360>), 'second_scale': 'passthrough'}",0.08118402586861218,0.08118402586861218,0.0,1,0.17484394218166444,0.17484394218166444,0.0,0.9585488897971703,0.9083810091686944
0,24938.36866760254,0.0,61.61494851112366,0.0,passthrough,passthrough,"HistGradientBoostingRegressor(early_stopping=True, max_iter=10000,
                              n_iter_no_change=100, random_state=42,
                              scoring='neg_root_mean_squared_error')",100,0.02,squared_error,32,3,0.2,127,400,FunctionTransformer(func=<function reshape at 0x7fdb1d1c0360>),passthrough,"{'first_scale': 'passthrough', 'frequency': 'passthrough', 'model': HistGradientBoostingRegressor(early_stopping=True, max_iter=10000,
                              n_iter_no_change=100, random_state=42,
                              scoring='neg_root_mean_squared_error'), 'model__l2_regularization': 100, 'model__learning_rate': 0.02, 'model__loss': 'squared_error', 'model__max_bins': 32, 'model__max_depth': 3, 'model__max_features': 0.2, 'model__max_leaf_nodes': 127, 'model__min_samples_leaf': 400, 'reshape': FunctionTransformer(func=<function reshape at 0x7fdb1d1c0360>), 'second_scale': 'passthrough'}",0.08565891705137962,0.08565891705137962,0.0,1,0.44649912799406455,0.44649912799406455,0.0,0.9562118399960442,0.7439763921025555
0,18071.160413503647,0.0,32.56706404685974,0.0,passthrough,passthrough,"HistGradientBoostingRegressor(early_stopping=True, max_iter=10000,
                              n_iter_no_change=100, random_state=42,
                              scoring='neg_root_mean_squared_error')",100,0.1,squared_error,32,6,1.0,255,400,FunctionTransformer(func=<function reshape at 0x7fdb1d1c0360>),passthrough,"{'first_scale': 'passthrough', 'frequency': 'passthrough', 'model': HistGradientBoostingRegressor(early_stopping=True, max_iter=10000,
                              n_iter_no_change=100, random_state=42,
                              scoring='neg_root_mean_squared_error'), 'model__l2_regularization': 100, 'model__learning_rate': 0.1, 'model__loss': 'squared_error', 'model__max_bins': 32, 'model__max_depth': 6, 'model__max_features': 1.0, 'model__max_leaf_nodes': 255, 'model__min_samples_leaf': 400, 'reshape': FunctionTransformer(func=<function reshape at 0x7fdb1d1c0360>), 'second_scale': 'passthrough'}",0.05237271934495036,0.05237271934495036,0.0,1,0.8960251978925049,0.8960251978925049,0.0,0.9734614941819988,0.3224512398913906
0,20440.19770336151,0.0,47.22990393638611,0.0,passthrough,passthrough,"HistGradientBoostingRegressor(early_stopping=True, max_iter=10000,
                              n_iter_no_change=100, random_state=42,
                              scoring='neg_root_mean_squared_error')",200,0.05,squared_error,32,6,0.5,511,400,FunctionTransformer(func=<function reshape at 0x7fdb1d1c0360>),passthrough,"{'first_scale': 'passthrough', 'frequency': 'passthrough', 'model': HistGradientBoostingRegressor(early_stopping=True, max_iter=10000,
                              n_iter_no_change=100, random_state=42,
                              scoring='neg_root_mean_squared_error'), 'model__l2_regularization': 200, 'model__learning_rate': 0.05, 'model__loss': 'squared_error', 'model__max_bins': 32, 'model__max_depth': 6, 'model__max_features': 0.5, 'model__max_leaf_nodes': 511, 'model__min_samples_leaf': 400, 'reshape': FunctionTransformer(func=<function reshape at 0x7fdb1d1c0360>), 'second_scale': 'passthrough'}",0.07417524976706558,0.07417524976706558,0.0,1,0.8909293871820225,0.8909293871820225,0.0,0.962197874780928,0.3302584030997205
0,15993.59739279747,0.0,32.766926765441895,0.0,passthrough,passthrough,"HistGradientBoostingRegressor(early_stopping=True, max_iter=10000,
                              n_iter_no_change=100, random_state=42,
                              scoring='neg_root_mean_squared_error')",400,0.1,squared_error,32,6,0.2,127,200,FunctionTransformer(func=<function reshape at 0x7fdb1d1c0360>),passthrough,"{'first_scale': 'passthrough', 'frequency': 'passthrough', 'model': HistGradientBoostingRegressor(early_stopping=True, max_iter=10000,
                              n_iter_no_change=100, random_state=42,
                              scoring='neg_root_mean_squared_error'), 'model__l2_regularization': 400, 'model__learning_rate': 0.1, 'model__loss': 'squared_error', 'model__max_bins': 32, 'model__max_depth': 6, 'model__max_features': 0.2, 'model__max_leaf_nodes': 127, 'model__min_samples_leaf': 200, 'reshape': FunctionTransformer(func=<function reshape at 0x7fdb1d1c0360>), 'second_scale': 'passthrough'}",0.06381100908841242,0.06381100908841242,0.0,1,0.8957445603999631,0.8957445603999631,0.0,0.9675685975224638,0.3228861093327443
0,30292.493572711945,0.0,104.24774122238159,0.0,passthrough,passthrough,"HistGradientBoostingRegressor(early_stopping=True, max_iter=10000,
                              n_iter_no_change=100, random_state=42,
                              scoring='neg_root_mean_squared_error')",400,0.005,squared_error,63,6,0.5,127,3200,FunctionTransformer(func=<function reshape at 0x7fdb1d1c0360>),passthrough,"{'first_scale': 'passthrough', 'frequency': 'passthrough', 'model': HistGradientBoostingRegressor(early_stopping=True, max_iter=10000,
                              n_iter_no_change=100, random_state=42,
                              scoring='neg_root_mean_squared_error'), 'model__l2_regularization': 400, 'model__learning_rate': 0.005, 'model__loss': 'squared_error', 'model__max_bins': 63, 'model__max_depth': 6, 'model__max_features': 0.5, 'model__max_leaf_nodes': 127, 'model__min_samples_leaf': 3200, 'reshape': FunctionTransformer(func=<function reshape at 0x7fdb1d1c0360>), 'second_scale': 'passthrough'}",0.0909666910370589,0.0909666910370589,0.0,1,0.30612651271659563,0.30612651271659563,0.0,0.9534323830051825,0.8329906885934586
0,7585.795284748077,0.0,27.593860864639282,0.0,passthrough,passthrough,"HistGradientBoostingRegressor(early_stopping=True, max_iter=10000,
                              n_iter_no_change=100, random_state=42,
                              scoring='neg_root_mean_squared_error')",200,0.05,squared_error,32,3,0.5,255,200,FunctionTransformer(func=<function reshape at 0x7fdb1d1c0360>),passthrough,"{'first_scale': 'passthrough', 'frequency': 'passthrough', 'model': HistGradientBoostingRegressor(early_stopping=True, max_iter=10000,
                              n_iter_no_change=100, random_state=42,
                              scoring='neg_root_mean_squared_error'), 'model__l2_regularization': 200, 'model__learning_rate': 0.05, 'model__loss': 'squared_error', 'model__max_bins': 32, 'model__max_depth': 3, 'model__max_features': 0.5, 'model__max_leaf_nodes': 255, 'model__min_samples_leaf': 200, 'reshape': FunctionTransformer(func=<function reshape at 0x7fdb1d1c0360>), 'second_scale': 'passthrough'}",0.08033453979665506,0.08033453979665506,0.0,1,0.4695061321014623,0.4695061321014623,0.0,0.9589918978820129,0.7283500998136389
0,33346.43701457977,0.0,79.57227540016174,0.0,passthrough,passthrough,"HistGradientBoostingRegressor(early_stopping=True, max_iter=10000,
                              n_iter_no_change=100, random_state=42,
                              scoring='neg_root_mean_squared_error')",800,0.01,squared_error,63,6,0.5,255,6400,FunctionTransformer(func=<function reshape at 0x7fdb1d1c0360>),passthrough,"{'first_scale': 'passthrough', 'frequency': 'passthrough', 'model': HistGradientBoostingRegressor(early_stopping=True, max_iter=10000,
                              n_iter_no_change=100, random_state=42,
                              scoring='neg_root_mean_squared_error'), 'model__l2_regularization': 800, 'model__learning_rate': 0.01, 'model__loss': 'squared_error', 'model__max_bins': 63, 'model__max_depth': 6, 'model__max_features': 0.5, 'model__max_leaf_nodes': 255, 'model__min_samples_leaf': 6400, 'reshape': FunctionTransformer(func=<function reshape at 0x7fdb1d1c0360>), 'second_scale': 'passthrough'}",0.08833038326969689,0.08833038326969689,0.0,1,0.3093295827275002,0.3093295827275002,0.0,0.9548139173316983,0.8310658320930417
0,8006.999954938889,0.0,27.73952031135559,0.0,passthrough,passthrough,"HistGradientBoostingRegressor(early_stopping=True, max_iter=10000,
                              n_iter_no_change=100, random_state=42,
                              scoring='neg_root_mean_squared_error')",400,0.1,squared_error,32,3,0.5,511,400,FunctionTransformer(func=<function reshape at 0x7fdb1d1c0360>),passthrough,"{'first_scale': 'passthrough', 'frequency': 'passthrough', 'model': HistGradientBoostingRegressor(early_stopping=True, max_iter=10000,
                              n_iter_no_change=100, random_state=42,
                              scoring='neg_root_mean_squared_error'), 'model__l2_regularization': 400, 'model__learning_rate': 0.1, 'model__loss': 'squared_error', 'model__max_bins': 32, 'model__max_depth': 3, 'model__max_features': 0.5, 'model__max_leaf_nodes': 511, 'model__min_samples_leaf': 400, 'reshape': FunctionTransformer(func=<function reshape at 0x7fdb1d1c0360>), 'second_scale': 'passthrough'}",0.06770852727151444,0.06770852727151444,0.0,1,0.5630098892108679,0.5630098892108679,0.0,0.9655524184260974,0.6610522753830684
0,12925.178826332092,0.0,29.079012155532837,0.0,passthrough,passthrough,"HistGradientBoostingRegressor(early_stopping=True, max_iter=10000,
                              n_iter_no_change=100, random_state=42,
                              scoring='neg_root_mean_squared_error')",50,0.05,squared_error,32,3,0.2,127,200,FunctionTransformer(func=<function reshape at 0x7fdb1d1c0360>),passthrough,"{'first_scale': 'passthrough', 'frequency': 'passthrough', 'model': HistGradientBoostingRegressor(early_stopping=True, max_iter=10000,
                              n_iter_no_change=100, random_state=42,
                              scoring='neg_root_mean_squared_error'), 'model__l2_regularization': 50, 'model__learning_rate': 0.05, 'model__loss': 'squared_error', 'model__max_bins': 32, 'model__max_depth': 3, 'model__max_features': 0.2, 'model__max_leaf_nodes': 127, 'model__min_samples_leaf': 200, 'reshape': FunctionTransformer(func=<function reshape at 0x7fdb1d1c0360>), 'second_scale': 'passthrough'}",0.07999344393720775,0.07999344393720775,0.0,1,0.5108662180908863,0.5108662180908863,0.0,0.9591697222404345,0.6993809991050041
0,28444.609065294266,0.0,68.74509119987488,0.0,passthrough,passthrough,"HistGradientBoostingRegressor(early_stopping=True, max_iter=10000,
                              n_iter_no_change=100, random_state=42,
                              scoring='neg_root_mean_squared_error')",400,0.05,squared_error,32,6,1.0,127,400,FunctionTransformer(func=<function reshape at 0x7fdb1d1c0360>),passthrough,"{'first_scale': 'passthrough', 'frequency': 'passthrough', 'model': HistGradientBoostingRegressor(early_stopping=True, max_iter=10000,
                              n_iter_no_change=100, random_state=42,
                              scoring='neg_root_mean_squared_error'), 'model__l2_regularization': 400, 'model__learning_rate': 0.05, 'model__loss': 'squared_error', 'model__max_bins': 32, 'model__max_depth': 6, 'model__max_features': 1.0, 'model__max_leaf_nodes': 127, 'model__min_samples_leaf': 400, 'reshape': FunctionTransformer(func=<function reshape at 0x7fdb1d1c0360>), 'second_scale': 'passthrough'}",0.07675401520974223,0.07675401520974223,0.0,1,0.896800320057842,0.896800320057842,0.0,0.9608569013075037,0.32124706993552166
0,4606.991276979446,0.0,14.250920295715332,0.0,passthrough,passthrough,"HistGradientBoostingRegressor(early_stopping=True, max_iter=10000,
                              n_iter_no_change=100, random_state=42,
                              scoring='neg_root_mean_squared_error')",50,0.1,squared_error,32,3,0.2,511,200,FunctionTransformer(func=<function reshape at 0x7fdb1d1c0360>),passthrough,"{'first_scale': 'passthrough', 'frequency': 'passthrough', 'model': HistGradientBoostingRegressor(early_stopping=True, max_iter=10000,
                              n_iter_no_change=100, random_state=42,
                              scoring='neg_root_mean_squared_error'), 'model__l2_regularization': 50, 'model__learning_rate': 0.1, 'model__loss': 'squared_error', 'model__max_bins': 32, 'model__max_depth': 3, 'model__max_features': 0.2, 'model__max_leaf_nodes': 511, 'model__min_samples_leaf': 200, 'reshape': FunctionTransformer(func=<function reshape at 0x7fdb1d1c0360>), 'second_scale': 'passthrough'}",0.07798856965501322,0.07798856965501322,0.0,1,0.41656755668678713,0.41656755668678713,0.0,0.9602142627273283,0.7638274957824004
0,27222.685589313507,0.0,55.31535220146179,0.0,passthrough,passthrough,"HistGradientBoostingRegressor(early_stopping=True, max_iter=10000,
                              n_iter_no_change=100, random_state=42,
                              scoring='neg_root_mean_squared_error')",50,0.02,squared_error,32,3,0.2,127,400,FunctionTransformer(func=<function reshape at 0x7fdb1d1c0360>),passthrough,"{'first_scale': 'passthrough', 'frequency': 'passthrough', 'model': HistGradientBoostingRegressor(early_stopping=True, max_iter=10000,
                              n_iter_no_change=100, random_state=42,
                              scoring='neg_root_mean_squared_error'), 'model__l2_regularization': 50, 'model__learning_rate': 0.02, 'model__loss': 'squared_error', 'model__max_bins': 32, 'model__max_depth': 3, 'model__max_features': 0.2, 'model__max_leaf_nodes': 127, 'model__min_samples_leaf': 400, 'reshape': FunctionTransformer(func=<function reshape at 0x7fdb1d1c0360>), 'second_scale': 'passthrough'}",0.08551029111788289,0.08551029111788289,0.0,1,0.45080986118830124,0.45080986118830124,0.0,0.9562895528458507,0.741073639263804
0,29050.707228899002,0.0,50.23518109321594,0.0,passthrough,passthrough,"HistGradientBoostingRegressor(early_stopping=True, max_iter=10000,
                              n_iter_no_change=100, random_state=42,
                              scoring='neg_root_mean_squared_error')",100,0.05,squared_error,32,6,0.2,127,400,FunctionTransformer(func=<function reshape at 0x7fdb1d1c0360>),passthrough,"{'first_scale': 'passthrough', 'frequency': 'passthrough', 'model': HistGradientBoostingRegressor(early_stopping=True, max_iter=10000,
                              n_iter_no_change=100, random_state=42,
                              scoring='neg_root_mean_squared_error'), 'model__l2_regularization': 100, 'model__learning_rate': 0.05, 'model__loss': 'squared_error', 'model__max_bins': 32, 'model__max_depth': 6, 'model__max_features': 0.2, 'model__max_leaf_nodes': 127, 'model__min_samples_leaf': 400, 'reshape': FunctionTransformer(func=<function reshape at 0x7fdb1d1c0360>), 'second_scale': 'passthrough'}",0.07539343965429501,0.07539343965429501,0.0,1,0.8937100255847408,0.8937100255847408,0.0,0.9615646417925864,0.3260214324477138
0,9069.094094753265,0.0,28.053704738616943,0.0,passthrough,passthrough,"HistGradientBoostingRegressor(early_stopping=True, max_iter=10000,
                              n_iter_no_change=100, random_state=42,
                              scoring='neg_root_mean_squared_error')",100,0.05,squared_error,32,3,0.5,255,200,FunctionTransformer(func=<function reshape at 0x7fdb1d1c0360>),passthrough,"{'first_scale': 'passthrough', 'frequency': 'passthrough', 'model': HistGradientBoostingRegressor(early_stopping=True, max_iter=10000,
                              n_iter_no_change=100, random_state=42,
                              scoring='neg_root_mean_squared_error'), 'model__l2_regularization': 100, 'model__learning_rate': 0.05, 'model__loss': 'squared_error', 'model__max_bins': 32, 'model__max_depth': 3, 'model__max_features': 0.5, 'model__max_leaf_nodes': 255, 'model__min_samples_leaf': 200, 'reshape': FunctionTransformer(func=<function reshape at 0x7fdb1d1c0360>), 'second_scale': 'passthrough'}",0.08441521727823753,0.08441521727823753,0.0,1,0.43365256229463445,0.43365256229463445,0.0,0.9568619454873114,0.7525605873983606
0,27199.632110118866,0.0,77.07477736473083,0.0,passthrough,passthrough,"HistGradientBoostingRegressor(early_stopping=True, max_iter=10000,
                              n_iter_no_change=100, random_state=42,
                              scoring='neg_root_mean_squared_error')",100,0.005,squared_error,63,6,1.0,255,6400,FunctionTransformer(func=<function reshape at 0x7fdb1d1c0360>),passthrough,"{'first_scale': 'passthrough', 'frequency': 'passthrough', 'model': HistGradientBoostingRegressor(early_stopping=True, max_iter=10000,
                              n_iter_no_change=100, random_state=42,
                              scoring='neg_root_mean_squared_error'), 'model__l2_regularization': 100, 'model__learning_rate': 0.005, 'model__loss': 'squared_error', 'model__max_bins': 63, 'model__max_depth': 6, 'model__max_features': 1.0, 'model__max_leaf_nodes': 255, 'model__min_samples_leaf': 6400, 'reshape': FunctionTransformer(func=<function reshape at 0x7fdb1d1c0360>), 'second_scale': 'passthrough'}",0.08576893342950764,0.08576893342950764,0.0,1,0.23544120376159317,0.23544120376159317,0.0,0.9561543110662067,0.8743905284473333
0,9282.46491765976,0.0,24.786553621292114,0.0,passthrough,passthrough,"HistGradientBoostingRegressor(early_stopping=True, max_iter=10000,
                              n_iter_no_change=100, random_state=42,
                              scoring='neg_root_mean_squared_error')",50,0.1,squared_error,32,6,0.5,511,400,FunctionTransformer(func=<function reshape at 0x7fdb1d1c0360>),passthrough,"{'first_scale': 'passthrough', 'frequency': 'passthrough', 'model': HistGradientBoostingRegressor(early_stopping=True, max_iter=10000,
                              n_iter_no_change=100, random_state=42,
                              scoring='neg_root_mean_squared_error'), 'model__l2_regularization': 50, 'model__learning_rate': 0.1, 'model__loss': 'squared_error', 'model__max_bins': 32, 'model__max_depth': 6, 'model__max_features': 0.5, 'model__max_leaf_nodes': 511, 'model__min_samples_leaf': 400, 'reshape': FunctionTransformer(func=<function reshape at 0x7fdb1d1c0360>), 'second_scale': 'passthrough'}",0.057603246246090256,0.057603246246090256,0.0,1,0.850206320082646,0.850206320082646,0.0,0.9707712159689892,0.38703188488463586
0,15110.15857052803,0.0,47.88677406311035,0.0,passthrough,passthrough,"HistGradientBoostingRegressor(early_stopping=True, max_iter=10000,
                              n_iter_no_change=100, random_state=42,
                              scoring='neg_root_mean_squared_error')",200,0.02,squared_error,32,3,1.0,511,400,FunctionTransformer(func=<function reshape at 0x7fdb1d1c0360>),passthrough,"{'first_scale': 'passthrough', 'frequency': 'passthrough', 'model': HistGradientBoostingRegressor(early_stopping=True, max_iter=10000,
                              n_iter_no_change=100, random_state=42,
                              scoring='neg_root_mean_squared_error'), 'model__l2_regularization': 200, 'model__learning_rate': 0.02, 'model__loss': 'squared_error', 'model__max_bins': 32, 'model__max_depth': 3, 'model__max_features': 1.0, 'model__max_leaf_nodes': 511, 'model__min_samples_leaf': 400, 'reshape': FunctionTransformer(func=<function reshape at 0x7fdb1d1c0360>), 'second_scale': 'passthrough'}",0.08320169686533507,0.08320169686533507,0.0,1,0.4604442137461079,0.4604442137461079,0.0,0.9574958501918768,0.7345446114797195
0,24545.251488685608,0.0,62.35710573196411,0.0,passthrough,passthrough,"HistGradientBoostingRegressor(early_stopping=True, max_iter=10000,
                              n_iter_no_change=100, random_state=42,
                              scoring='neg_root_mean_squared_error')",100,0.02,squared_error,32,3,0.5,511,400,FunctionTransformer(func=<function reshape at 0x7fdb1d1c0360>),passthrough,"{'first_scale': 'passthrough', 'frequency': 'passthrough', 'model': HistGradientBoostingRegressor(early_stopping=True, max_iter=10000,
                              n_iter_no_change=100, random_state=42,
                              scoring='neg_root_mean_squared_error'), 'model__l2_regularization': 100, 'model__learning_rate': 0.02, 'model__loss': 'squared_error', 'model__max_bins': 32, 'model__max_depth': 3, 'model__max_features': 0.5, 'model__max_leaf_nodes': 511, 'model__min_samples_leaf': 400, 'reshape': FunctionTransformer(func=<function reshape at 0x7fdb1d1c0360>), 'second_scale': 'passthrough'}",0.08507907044183072,0.08507907044183072,0.0,1,0.46063626663405544,0.46063626663405544,0.0,0.9565149918104626,0.7344138706246939
0,10679.117045640945,0.0,25.68467903137207,0.0,passthrough,passthrough,"HistGradientBoostingRegressor(early_stopping=True, max_iter=10000,
                              n_iter_no_change=100, random_state=42,
                              scoring='neg_root_mean_squared_error')",50,0.05,squared_error,32,3,0.2,127,800,FunctionTransformer(func=<function reshape at 0x7fdb1d1c0360>),passthrough,"{'first_scale': 'passthrough', 'frequency': 'passthrough', 'model': HistGradientBoostingRegressor(early_stopping=True, max_iter=10000,
                              n_iter_no_change=100, random_state=42,
                              scoring='neg_root_mean_squared_error'), 'model__l2_regularization': 50, 'model__learning_rate': 0.05, 'model__loss': 'squared_error', 'model__max_bins': 32, 'model__max_depth': 3, 'model__max_features': 0.2, 'model__max_leaf_nodes': 127, 'model__min_samples_leaf': 800, 'reshape': FunctionTransformer(func=<function reshape at 0x7fdb1d1c0360>), 'second_scale': 'passthrough'}",0.08077011513784937,0.08077011513784937,0.0,1,0.4761327740839211,0.4761327740839211,0.0,0.9587647703488852,0.7237867268167322
0,12360.244615793228,0.0,27.731361865997314,0.0,passthrough,passthrough,"HistGradientBoostingRegressor(early_stopping=True, max_iter=10000,
                              n_iter_no_change=100, random_state=42,
                              scoring='neg_root_mean_squared_error')",50,0.05,squared_error,32,3,1.0,255,400,FunctionTransformer(func=<function reshape at 0x7fdb1d1c0360>),passthrough,"{'first_scale': 'passthrough', 'frequency': 'passthrough', 'model': HistGradientBoostingRegressor(early_stopping=True, max_iter=10000,
                              n_iter_no_change=100, random_state=42,
                              scoring='neg_root_mean_squared_error'), 'model__l2_regularization': 50, 'model__learning_rate': 0.05, 'model__loss': 'squared_error', 'model__max_bins': 32, 'model__max_depth': 3, 'model__max_features': 1.0, 'model__max_leaf_nodes': 255, 'model__min_samples_leaf': 400, 'reshape': FunctionTransformer(func=<function reshape at 0x7fdb1d1c0360>), 'second_scale': 'passthrough'}",0.07334396694047018,0.07334396694047018,0.0,1,0.5399932087540016,0.5399932087540016,0.0,0.9626297486882118,0.6782380048670219
0,7885.014432191849,0.0,22.24583888053894,0.0,passthrough,passthrough,"HistGradientBoostingRegressor(early_stopping=True, max_iter=10000,
                              n_iter_no_change=100, random_state=42,
                              scoring='neg_root_mean_squared_error')",50,0.05,squared_error,32,3,1.0,255,800,FunctionTransformer(func=<function reshape at 0x7fdb1d1c0360>),passthrough,"{'first_scale': 'passthrough', 'frequency': 'passthrough', 'model': HistGradientBoostingRegressor(early_stopping=True, max_iter=10000,
                              n_iter_no_change=100, random_state=42,
                              scoring='neg_root_mean_squared_error'), 'model__l2_regularization': 50, 'model__learning_rate': 0.05, 'model__loss': 'squared_error', 'model__max_bins': 32, 'model__max_depth': 3, 'model__max_features': 1.0, 'model__max_leaf_nodes': 255, 'model__min_samples_leaf': 800, 'reshape': FunctionTransformer(func=<function reshape at 0x7fdb1d1c0360>), 'second_scale': 'passthrough'}",0.07797715627418178,0.07797715627418178,0.0,1,0.4977966115917708,0.4977966115917708,0.0,0.9602202058516672,0.7086630993696718
0,29899.181310415268,0.0,55.02233862876892,0.0,passthrough,passthrough,"HistGradientBoostingRegressor(early_stopping=True, max_iter=10000,
                              n_iter_no_change=100, random_state=42,
                              scoring='neg_root_mean_squared_error')",50,0.02,squared_error,32,3,0.2,511,200,FunctionTransformer(func=<function reshape at 0x7fdb1d1c0360>),passthrough,"{'first_scale': 'passthrough', 'frequency': 'passthrough', 'model': HistGradientBoostingRegressor(early_stopping=True, max_iter=10000,
                              n_iter_no_change=100, random_state=42,
                              scoring='neg_root_mean_squared_error'), 'model__l2_regularization': 50, 'model__learning_rate': 0.02, 'model__loss': 'squared_error', 'model__max_bins': 32, 'model__max_depth': 3, 'model__max_features': 0.2, 'model__max_leaf_nodes': 511, 'model__min_samples_leaf': 200, 'reshape': FunctionTransformer(func=<function reshape at 0x7fdb1d1c0360>), 'second_scale': 'passthrough'}",0.08730463992099358,0.08730463992099358,0.0,1,0.4529741702452691,0.4529741702452691,0.0,0.95535090939351,0.7396119453840175
0,4756.292195558548,0.0,11.421536445617676,0.0,passthrough,passthrough,"HistGradientBoostingRegressor(early_stopping=True, max_iter=10000,
                              n_iter_no_change=100, random_state=42,
                              scoring='neg_root_mean_squared_error')",50,0.1,squared_error,32,3,0.2,127,800,FunctionTransformer(func=<function reshape at 0x7fdb1d1c0360>),passthrough,"{'first_scale': 'passthrough', 'frequency': 'passthrough', 'model': HistGradientBoostingRegressor(early_stopping=True, max_iter=10000,
                              n_iter_no_change=100, random_state=42,
                              scoring='neg_root_mean_squared_error'), 'model__l2_regularization': 50, 'model__learning_rate': 0.1, 'model__loss': 'squared_error', 'model__max_bins': 32, 'model__max_depth': 3, 'model__max_features': 0.2, 'model__max_leaf_nodes': 127, 'model__min_samples_leaf': 800, 'reshape': FunctionTransformer(func=<function reshape at 0x7fdb1d1c0360>), 'second_scale': 'passthrough'}",0.07573030050403196,0.07573030050403196,0.0,1,0.3977823871054814,0.3977823871054814,0.0,0.9613894629628349,0.7760268119688383
0,6713.586139202118,0.0,16.793814182281494,0.0,passthrough,passthrough,"HistGradientBoostingRegressor(early_stopping=True, max_iter=10000,
                              n_iter_no_change=100, random_state=42,
                              scoring='neg_root_mean_squared_error')",100,0.1,squared_error,32,3,0.5,255,400,FunctionTransformer(func=<function reshape at 0x7fdb1d1c0360>),passthrough,"{'first_scale': 'passthrough', 'frequency': 'passthrough', 'model': HistGradientBoostingRegressor(early_stopping=True, max_iter=10000,
                              n_iter_no_change=100, random_state=42,
                              scoring='neg_root_mean_squared_error'), 'model__l2_regularization': 100, 'model__learning_rate': 0.1, 'model__loss': 'squared_error', 'model__max_bins': 32, 'model__max_depth': 3, 'model__max_features': 0.5, 'model__max_leaf_nodes': 255, 'model__min_samples_leaf': 400, 'reshape': FunctionTransformer(func=<function reshape at 0x7fdb1d1c0360>), 'second_scale': 'passthrough'}",0.073365416143931,0.073365416143931,0.0,1,0.46967963354710784,0.46967963354710784,0.0,0.9626186076822268,0.7282309842714001
0,13089.834585428238,0.0,38.21841502189636,0.0,passthrough,passthrough,"HistGradientBoostingRegressor(early_stopping=True, max_iter=10000,
                              n_iter_no_change=100, random_state=42,
                              scoring='neg_root_mean_squared_error')",200,0.02,squared_error,32,3,0.5,511,200,FunctionTransformer(func=<function reshape at 0x7fdb1d1c0360>),passthrough,"{'first_scale': 'passthrough', 'frequency': 'passthrough', 'model': HistGradientBoostingRegressor(early_stopping=True, max_iter=10000,
                              n_iter_no_change=100, random_state=42,
                              scoring='neg_root_mean_squared_error'), 'model__l2_regularization': 200, 'model__learning_rate': 0.02, 'model__loss': 'squared_error', 'model__max_bins': 32, 'model__max_depth': 3, 'model__max_features': 0.5, 'model__max_leaf_nodes': 511, 'model__min_samples_leaf': 200, 'reshape': FunctionTransformer(func=<function reshape at 0x7fdb1d1c0360>), 'second_scale': 'passthrough'}",0.08591178494767326,0.08591178494767326,0.0,1,0.4287291143766785,0.4287291143766785,0.0,0.9560796070685362,0.7558246394656114
0,33258.03329086304,0.0,78.86326384544373,0.0,passthrough,passthrough,"HistGradientBoostingRegressor(early_stopping=True, max_iter=10000,
                              n_iter_no_change=100, random_state=42,
                              scoring='neg_root_mean_squared_error')",800,0.005,squared_error,63,6,1.0,127,6400,FunctionTransformer(func=<function reshape at 0x7fdb1d1c0360>),passthrough,"{'first_scale': 'passthrough', 'frequency': 'passthrough', 'model': HistGradientBoostingRegressor(early_stopping=True, max_iter=10000,
                              n_iter_no_change=100, random_state=42,
                              scoring='neg_root_mean_squared_error'), 'model__l2_regularization': 800, 'model__learning_rate': 0.005, 'model__loss': 'squared_error', 'model__max_bins': 63, 'model__max_depth': 6, 'model__max_features': 1.0, 'model__max_leaf_nodes': 127, 'model__min_samples_leaf': 6400, 'reshape': FunctionTransformer(func=<function reshape at 0x7fdb1d1c0360>), 'second_scale': 'passthrough'}",0.08559326408904078,0.08559326408904078,0.0,1,0.22863186628943066,0.22863186628943066,0.0,0.9562461690960959,0.8782756592952861
0,15560.586782217026,0.0,64.2316644191742,0.0,passthrough,passthrough,"HistGradientBoostingRegressor(early_stopping=True, max_iter=10000,
                              n_iter_no_change=100, random_state=42,
                              scoring='neg_root_mean_squared_error')",400,0.02,squared_error,32,3,1.0,511,200,FunctionTransformer(func=<function reshape at 0x7fdb1d1c0360>),passthrough,"{'first_scale': 'passthrough', 'frequency': 'passthrough', 'model': HistGradientBoostingRegressor(early_stopping=True, max_iter=10000,
                              n_iter_no_change=100, random_state=42,
                              scoring='neg_root_mean_squared_error'), 'model__l2_regularization': 400, 'model__learning_rate': 0.02, 'model__loss': 'squared_error', 'model__max_bins': 32, 'model__max_depth': 3, 'model__max_features': 1.0, 'model__max_leaf_nodes': 511, 'model__min_samples_leaf': 200, 'reshape': FunctionTransformer(func=<function reshape at 0x7fdb1d1c0360>), 'second_scale': 'passthrough'}",0.08387024145536981,0.08387024145536981,0.0,1,0.4266259755642411,0.4266259755642411,0.0,0.9571466755647382,0.7572146488518027
0,4886.4624490737915,0.0,13.335812330245972,0.0,passthrough,passthrough,"HistGradientBoostingRegressor(early_stopping=True, max_iter=10000,
                              n_iter_no_change=100, random_state=42,
                              scoring='neg_root_mean_squared_error')",50,0.1,squared_error,32,3,0.5,127,400,FunctionTransformer(func=<function reshape at 0x7fdb1d1c0360>),passthrough,"{'first_scale': 'passthrough', 'frequency': 'passthrough', 'model': HistGradientBoostingRegressor(early_stopping=True, max_iter=10000,
                              n_iter_no_change=100, random_state=42,
                              scoring='neg_root_mean_squared_error'), 'model__l2_regularization': 50, 'model__learning_rate': 0.1, 'model__loss': 'squared_error', 'model__max_bins': 32, 'model__max_depth': 3, 'model__max_features': 0.5, 'model__max_leaf_nodes': 127, 'model__min_samples_leaf': 400, 'reshape': FunctionTransformer(func=<function reshape at 0x7fdb1d1c0360>), 'second_scale': 'passthrough'}",0.07008187183770542,0.07008187183770542,0.0,1,0.47046738274935274,0.47046738274935274,0.0,0.9643226265945929,0.7276899183379191
0,10412.073268413544,0.0,21.841609954833984,0.0,passthrough,passthrough,"HistGradientBoostingRegressor(early_stopping=True, max_iter=10000,
                              n_iter_no_change=100, random_state=42,
                              scoring='neg_root_mean_squared_error')",100,0.1,squared_error,32,6,1.0,255,800,FunctionTransformer(func=<function reshape at 0x7fdb1d1c0360>),passthrough,"{'first_scale': 'passthrough', 'frequency': 'passthrough', 'model': HistGradientBoostingRegressor(early_stopping=True, max_iter=10000,
                              n_iter_no_change=100, random_state=42,
                              scoring='neg_root_mean_squared_error'), 'model__l2_regularization': 100, 'model__learning_rate': 0.1, 'model__loss': 'squared_error', 'model__max_bins': 32, 'model__max_depth': 6, 'model__max_features': 1.0, 'model__max_leaf_nodes': 255, 'model__min_samples_leaf': 800, 'reshape': FunctionTransformer(func=<function reshape at 0x7fdb1d1c0360>), 'second_scale': 'passthrough'}",0.05854619575109565,0.05854619575109565,0.0,1,0.810284508882294,0.810284508882294,0.0,0.9702854241144223,0.43556341802050597
0,27997.571267843246,0.0,81.44721555709839,0.0,passthrough,passthrough,"HistGradientBoostingRegressor(early_stopping=True, max_iter=10000,
                              n_iter_no_change=100, random_state=42,
                              scoring='neg_root_mean_squared_error')",200,0.01,squared_error,63,None,0.5,127,6400,FunctionTransformer(func=<function reshape at 0x7fdb1d1c0360>),passthrough,"{'first_scale': 'passthrough', 'frequency': 'passthrough', 'model': HistGradientBoostingRegressor(early_stopping=True, max_iter=10000,
                              n_iter_no_change=100, random_state=42,
                              scoring='neg_root_mean_squared_error'), 'model__l2_regularization': 200, 'model__learning_rate': 0.01, 'model__loss': 'squared_error', 'model__max_bins': 63, 'model__max_depth': None, 'model__max_features': 0.5, 'model__max_leaf_nodes': 127, 'model__min_samples_leaf': 6400, 'reshape': FunctionTransformer(func=<function reshape at 0x7fdb1d1c0360>), 'second_scale': 'passthrough'}",0.08763585679316199,0.08763585679316199,0.0,1,0.3282046853193126,0.3282046853193126,0.0,0.9551775453845416,0.8196312065073459
0,5789.674636602402,0.0,20.52287244796753,0.0,passthrough,passthrough,"HistGradientBoostingRegressor(early_stopping=True, max_iter=10000,
                              n_iter_no_change=100, random_state=42,
                              scoring='neg_root_mean_squared_error')",200,0.05,squared_error,32,3,1.0,511,400,FunctionTransformer(func=<function reshape at 0x7fdb1d1c0360>),passthrough,"{'first_scale': 'passthrough', 'frequency': 'passthrough', 'model': HistGradientBoostingRegressor(early_stopping=True, max_iter=10000,
                              n_iter_no_change=100, random_state=42,
                              scoring='neg_root_mean_squared_error'), 'model__l2_regularization': 200, 'model__learning_rate': 0.05, 'model__loss': 'squared_error', 'model__max_bins': 32, 'model__max_depth': 3, 'model__max_features': 1.0, 'model__max_leaf_nodes': 511, 'model__min_samples_leaf': 400, 'reshape': FunctionTransformer(func=<function reshape at 0x7fdb1d1c0360>), 'second_scale': 'passthrough'}",0.08021606167228079,0.08021606167228079,0.0,1,0.4516207928171656,0.4516207928171656,0.0,0.9590536681165028,0.7405263041802326
0,16450.257469892502,0.0,65.57848596572876,0.0,passthrough,passthrough,"HistGradientBoostingRegressor(early_stopping=True, max_iter=10000,
                              n_iter_no_change=100, random_state=42,
                              scoring='neg_root_mean_squared_error')",50,0.02,squared_error,32,3,0.5,255,200,FunctionTransformer(func=<function reshape at 0x7fdb1d1c0360>),passthrough,"{'first_scale': 'passthrough', 'frequency': 'passthrough', 'model': HistGradientBoostingRegressor(early_stopping=True, max_iter=10000,
                              n_iter_no_change=100, random_state=42,
                              scoring='neg_root_mean_squared_error'), 'model__l2_regularization': 50, 'model__learning_rate': 0.02, 'model__loss': 'squared_error', 'model__max_bins': 32, 'model__max_depth': 3, 'model__max_features': 0.5, 'model__max_leaf_nodes': 255, 'model__min_samples_leaf': 200, 'reshape': FunctionTransformer(func=<function reshape at 0x7fdb1d1c0360>), 'second_scale': 'passthrough'}",0.08591230573220843,0.08591230573220843,0.0,1,0.44961182588355997,0.44961182588355997,0.0,0.9560793347143277,0.7418815094854704
0,6199.839061498642,0.0,15.575654983520508,0.0,passthrough,passthrough,"HistGradientBoostingRegressor(early_stopping=True, max_iter=10000,
                              n_iter_no_change=100, random_state=42,
                              scoring='neg_root_mean_squared_error')",50,0.1,squared_error,32,3,0.5,127,200,FunctionTransformer(func=<function reshape at 0x7fdb1d1c0360>),passthrough,"{'first_scale': 'passthrough', 'frequency': 'passthrough', 'model': HistGradientBoostingRegressor(early_stopping=True, max_iter=10000,
                              n_iter_no_change=100, random_state=42,
                              scoring='neg_root_mean_squared_error'), 'model__l2_regularization': 50, 'model__learning_rate': 0.1, 'model__loss': 'squared_error', 'model__max_bins': 32, 'model__max_depth': 3, 'model__max_features': 0.5, 'model__max_leaf_nodes': 127, 'model__min_samples_leaf': 200, 'reshape': FunctionTransformer(func=<function reshape at 0x7fdb1d1c0360>), 'second_scale': 'passthrough'}",0.07229756660312847,0.07229756660312847,0.0,1,0.5099081005420911,0.5099081005420911,0.0,0.9631731066619704,0.7000656393924136
0,22805.099304914474,0.0,66.04658317565918,0.0,passthrough,passthrough,"HistGradientBoostingRegressor(early_stopping=True, max_iter=10000,
                              n_iter_no_change=100, random_state=42,
                              scoring='neg_root_mean_squared_error')",100,0.02,squared_error,32,3,0.2,127,800,FunctionTransformer(func=<function reshape at 0x7fdb1d1c0360>),passthrough,"{'first_scale': 'passthrough', 'frequency': 'passthrough', 'model': HistGradientBoostingRegressor(early_stopping=True, max_iter=10000,
                              n_iter_no_change=100, random_state=42,
                              scoring='neg_root_mean_squared_error'), 'model__l2_regularization': 100, 'model__learning_rate': 0.02, 'model__loss': 'squared_error', 'model__max_bins': 32, 'model__max_depth': 3, 'model__max_features': 0.2, 'model__max_leaf_nodes': 127, 'model__min_samples_leaf': 800, 'reshape': FunctionTransformer(func=<function reshape at 0x7fdb1d1c0360>), 'second_scale': 'passthrough'}",0.08851772050073825,0.08851772050073825,0.0,1,0.411968134056773,0.411968134056773,0.0,0.9547158108564359,0.7668323584351582
0,3857.4014108181,0.0,12.610000371932983,0.0,passthrough,passthrough,"HistGradientBoostingRegressor(early_stopping=True, max_iter=10000,
                              n_iter_no_change=100, random_state=42,
                              scoring='neg_root_mean_squared_error')",200,0.1,squared_error,32,3,0.5,127,800,FunctionTransformer(func=<function reshape at 0x7fdb1d1c0360>),passthrough,"{'first_scale': 'passthrough', 'frequency': 'passthrough', 'model': HistGradientBoostingRegressor(early_stopping=True, max_iter=10000,
                              n_iter_no_change=100, random_state=42,
                              scoring='neg_root_mean_squared_error'), 'model__l2_regularization': 200, 'model__learning_rate': 0.1, 'model__loss': 'squared_error', 'model__max_bins': 32, 'model__max_depth': 3, 'model__max_features': 0.5, 'model__max_leaf_nodes': 127, 'model__min_samples_leaf': 800, 'reshape': FunctionTransformer(func=<function reshape at 0x7fdb1d1c0360>), 'second_scale': 'passthrough'}",0.0710521998780771,0.0710521998780771,0.0,1,0.49643147864146664,0.49643147864146664,0.0,0.9638193814828185,0.7096256205623732
0,28124.08505654335,0.0,51.223376750946045,0.0,passthrough,passthrough,"HistGradientBoostingRegressor(early_stopping=True, max_iter=10000,
                              n_iter_no_change=100, random_state=42,
                              scoring='neg_root_mean_squared_error')",50,0.05,squared_error,32,6,0.2,511,800,FunctionTransformer(func=<function reshape at 0x7fdb1d1c0360>),passthrough,"{'first_scale': 'passthrough', 'frequency': 'passthrough', 'model': HistGradientBoostingRegressor(early_stopping=True, max_iter=10000,
                              n_iter_no_change=100, random_state=42,
                              scoring='neg_root_mean_squared_error'), 'model__l2_regularization': 50, 'model__learning_rate': 0.05, 'model__loss': 'squared_error', 'model__max_bins': 32, 'model__max_depth': 6, 'model__max_features': 0.2, 'model__max_leaf_nodes': 511, 'model__min_samples_leaf': 800, 'reshape': FunctionTransformer(func=<function reshape at 0x7fdb1d1c0360>), 'second_scale': 'passthrough'}",0.0706775434064848,0.0706775434064848,0.0,1,0.8812189434076991,0.8812189434076991,0.0,0.9640137222018758,0.34464627749665433
0,6988.553681612015,0.0,21.96367049217224,0.0,passthrough,passthrough,"HistGradientBoostingRegressor(early_stopping=True, max_iter=10000,
                              n_iter_no_change=100, random_state=42,
                              scoring='neg_root_mean_squared_error')",100,0.05,squared_error,32,3,1.0,255,800,FunctionTransformer(func=<function reshape at 0x7fdb1d1c0360>),passthrough,"{'first_scale': 'passthrough', 'frequency': 'passthrough', 'model': HistGradientBoostingRegressor(early_stopping=True, max_iter=10000,
                              n_iter_no_change=100, random_state=42,
                              scoring='neg_root_mean_squared_error'), 'model__l2_regularization': 100, 'model__learning_rate': 0.05, 'model__loss': 'squared_error', 'model__max_bins': 32, 'model__max_depth': 3, 'model__max_features': 1.0, 'model__max_leaf_nodes': 255, 'model__min_samples_leaf': 800, 'reshape': FunctionTransformer(func=<function reshape at 0x7fdb1d1c0360>), 'second_scale': 'passthrough'}",0.084973726660442,0.084973726660442,0.0,1,0.3803098576051994,0.3803098576051994,0.0,0.9565700566814529,0.7872040030353
0,15418.937351942062,0.0,55.63335609436035,0.0,passthrough,passthrough,"HistGradientBoostingRegressor(early_stopping=True, max_iter=10000,
                              n_iter_no_change=100, random_state=42,
                              scoring='neg_root_mean_squared_error')",400,0.02,squared_error,32,3,1.0,511,400,FunctionTransformer(func=<function reshape at 0x7fdb1d1c0360>),passthrough,"{'first_scale': 'passthrough', 'frequency': 'passthrough', 'model': HistGradientBoostingRegressor(early_stopping=True, max_iter=10000,
                              n_iter_no_change=100, random_state=42,
                              scoring='neg_root_mean_squared_error'), 'model__l2_regularization': 400, 'model__learning_rate': 0.02, 'model__loss': 'squared_error', 'model__max_bins': 32, 'model__max_depth': 3, 'model__max_features': 1.0, 'model__max_leaf_nodes': 511, 'model__min_samples_leaf': 400, 'reshape': FunctionTransformer(func=<function reshape at 0x7fdb1d1c0360>), 'second_scale': 'passthrough'}",0.08288298940232475,0.08288298940232475,0.0,1,0.448402579633443,0.448402579633443,0.0,0.957662263325477,0.7426960484387655
0,31415.22044801712,0.0,99.41400599479675,0.0,passthrough,passthrough,"HistGradientBoostingRegressor(early_stopping=True, max_iter=10000,
                              n_iter_no_change=100, random_state=42,
                              scoring='neg_root_mean_squared_error')",400,0.02,squared_error,32,6,0.5,255,800,FunctionTransformer(func=<function reshape at 0x7fdb1d1c0360>),passthrough,"{'first_scale': 'passthrough', 'frequency': 'passthrough', 'model': HistGradientBoostingRegressor(early_stopping=True, max_iter=10000,
                              n_iter_no_change=100, random_state=42,
                              scoring='neg_root_mean_squared_error'), 'model__l2_regularization': 400, 'model__learning_rate': 0.02, 'model__loss': 'squared_error', 'model__max_bins': 32, 'model__max_depth': 6, 'model__max_features': 0.5, 'model__max_leaf_nodes': 255, 'model__min_samples_leaf': 800, 'reshape': FunctionTransformer(func=<function reshape at 0x7fdb1d1c0360>), 'second_scale': 'passthrough'}",0.08508042618186507,0.08508042618186507,0.0,1,0.8230043098769901,0.8230043098769901,0.0,0.9565142831229103,0.4207085572257948
0,29343.426556825638,0.0,106.17724180221558,0.0,passthrough,passthrough,"HistGradientBoostingRegressor(early_stopping=True, max_iter=10000,
                              n_iter_no_change=100, random_state=42,
                              scoring='neg_root_mean_squared_error')",100,0.01,squared_error,63,6,0.5,127,3200,FunctionTransformer(func=<function reshape at 0x7fdb1d1c0360>),passthrough,"{'first_scale': 'passthrough', 'frequency': 'passthrough', 'model': HistGradientBoostingRegressor(early_stopping=True, max_iter=10000,
                              n_iter_no_change=100, random_state=42,
                              scoring='neg_root_mean_squared_error'), 'model__l2_regularization': 100, 'model__learning_rate': 0.01, 'model__loss': 'squared_error', 'model__max_bins': 63, 'model__max_depth': 6, 'model__max_features': 0.5, 'model__max_leaf_nodes': 127, 'model__min_samples_leaf': 3200, 'reshape': FunctionTransformer(func=<function reshape at 0x7fdb1d1c0360>), 'second_scale': 'passthrough'}",0.09019874670198746,0.09019874670198746,0.0,1,0.4325209935874498,0.4325209935874498,0.0,0.953835024151458,0.7533120246037164
0,28525.073825597763,0.0,76.44379949569702,0.0,passthrough,passthrough,"HistGradientBoostingRegressor(early_stopping=True, max_iter=10000,
                              n_iter_no_change=100, random_state=42,
                              scoring='neg_root_mean_squared_error')",800,0.0025,squared_error,63,None,1.0,127,6400,FunctionTransformer(func=<function reshape at 0x7fdb1d1c0360>),passthrough,"{'first_scale': 'passthrough', 'frequency': 'passthrough', 'model': HistGradientBoostingRegressor(early_stopping=True, max_iter=10000,
                              n_iter_no_change=100, random_state=42,
                              scoring='neg_root_mean_squared_error'), 'model__l2_regularization': 800, 'model__learning_rate': 0.0025, 'model__loss': 'squared_error', 'model__max_bins': 63, 'model__max_depth': None, 'model__max_features': 1.0, 'model__max_leaf_nodes': 127, 'model__min_samples_leaf': 6400, 'reshape': FunctionTransformer(func=<function reshape at 0x7fdb1d1c0360>), 'second_scale': 'passthrough'}",0.07942631806660327,0.07942631806660327,0.0,1,0.1727538704993078,0.1727538704993078,0.0,0.9594653104377442,0.9095307193826343
0,2378.5281863212585,0.0,11.02553677558899,0.0,passthrough,passthrough,"HistGradientBoostingRegressor(early_stopping=True, max_iter=10000,
                              n_iter_no_change=100, random_state=42,
                              scoring='neg_root_mean_squared_error')",200,0.1,squared_error,32,3,1.0,255,400,FunctionTransformer(func=<function reshape at 0x7fdb1d1c0360>),passthrough,"{'first_scale': 'passthrough', 'frequency': 'passthrough', 'model': HistGradientBoostingRegressor(early_stopping=True, max_iter=10000,
                              n_iter_no_change=100, random_state=42,
                              scoring='neg_root_mean_squared_error'), 'model__l2_regularization': 200, 'model__learning_rate': 0.1, 'model__loss': 'squared_error', 'model__max_bins': 32, 'model__max_depth': 3, 'model__max_features': 1.0, 'model__max_leaf_nodes': 255, 'model__min_samples_leaf': 400, 'reshape': FunctionTransformer(func=<function reshape at 0x7fdb1d1c0360>), 'second_scale': 'passthrough'}",0.07505244595936589,0.07505244595936589,0.0,1,0.3851962070328342,0.3851962070328342,0.0,0.9617419373411114,0.7840942500536309
0,28345.47317790985,0.0,81.10355424880981,0.0,passthrough,passthrough,"HistGradientBoostingRegressor(early_stopping=True, max_iter=10000,
                              n_iter_no_change=100, random_state=42,
                              scoring='neg_root_mean_squared_error')",200,0.005,squared_error,63,None,1.0,255,6400,FunctionTransformer(func=<function reshape at 0x7fdb1d1c0360>),passthrough,"{'first_scale': 'passthrough', 'frequency': 'passthrough', 'model': HistGradientBoostingRegressor(early_stopping=True, max_iter=10000,
                              n_iter_no_change=100, random_state=42,
                              scoring='neg_root_mean_squared_error'), 'model__l2_regularization': 200, 'model__learning_rate': 0.005, 'model__loss': 'squared_error', 'model__max_bins': 63, 'model__max_depth': None, 'model__max_features': 1.0, 'model__max_leaf_nodes': 255, 'model__min_samples_leaf': 6400, 'reshape': FunctionTransformer(func=<function reshape at 0x7fdb1d1c0360>), 'second_scale': 'passthrough'}",0.08552057400472357,0.08552057400472357,0.0,1,0.24037313706770447,0.24037313706770447,0.0,0.9562841763802622,0.871565753648166
0,24775.715044498444,0.0,56.68691372871399,0.0,passthrough,passthrough,"HistGradientBoostingRegressor(early_stopping=True, max_iter=10000,
                              n_iter_no_change=100, random_state=42,
                              scoring='neg_root_mean_squared_error')",100,0.02,squared_error,32,3,0.5,255,400,FunctionTransformer(func=<function reshape at 0x7fdb1d1c0360>),passthrough,"{'first_scale': 'passthrough', 'frequency': 'passthrough', 'model': HistGradientBoostingRegressor(early_stopping=True, max_iter=10000,
                              n_iter_no_change=100, random_state=42,
                              scoring='neg_root_mean_squared_error'), 'model__l2_regularization': 100, 'model__learning_rate': 0.02, 'model__loss': 'squared_error', 'model__max_bins': 32, 'model__max_depth': 3, 'model__max_features': 0.5, 'model__max_leaf_nodes': 255, 'model__min_samples_leaf': 400, 'reshape': FunctionTransformer(func=<function reshape at 0x7fdb1d1c0360>), 'second_scale': 'passthrough'}",0.08507907044183072,0.08507907044183072,0.0,1,0.46063626663405544,0.46063626663405544,0.0,0.9565149918104626,0.7344138706246939
0,7210.498728275299,0.0,23.515210151672363,0.0,passthrough,passthrough,"HistGradientBoostingRegressor(early_stopping=True, max_iter=10000,
                              n_iter_no_change=100, random_state=42,
                              scoring='neg_root_mean_squared_error')",100,0.05,squared_error,32,3,1.0,127,800,FunctionTransformer(func=<function reshape at 0x7fdb1d1c0360>),passthrough,"{'first_scale': 'passthrough', 'frequency': 'passthrough', 'model': HistGradientBoostingRegressor(early_stopping=True, max_iter=10000,
                              n_iter_no_change=100, random_state=42,
                              scoring='neg_root_mean_squared_error'), 'model__l2_regularization': 100, 'model__learning_rate': 0.05, 'model__loss': 'squared_error', 'model__max_bins': 32, 'model__max_depth': 3, 'model__max_features': 1.0, 'model__max_leaf_nodes': 127, 'model__min_samples_leaf': 800, 'reshape': FunctionTransformer(func=<function reshape at 0x7fdb1d1c0360>), 'second_scale': 'passthrough'}",0.084973726660442,0.084973726660442,0.0,1,0.3803098576051994,0.3803098576051994,0.0,0.9565700566814529,0.7872040030353
0,17920.144486904144,0.0,32.122676849365234,0.0,passthrough,passthrough,"HistGradientBoostingRegressor(early_stopping=True, max_iter=10000,
                              n_iter_no_change=100, random_state=42,
                              scoring='neg_root_mean_squared_error')",100,0.1,squared_error,32,6,1.0,511,400,FunctionTransformer(func=<function reshape at 0x7fdb1d1c0360>),passthrough,"{'first_scale': 'passthrough', 'frequency': 'passthrough', 'model': HistGradientBoostingRegressor(early_stopping=True, max_iter=10000,
                              n_iter_no_change=100, random_state=42,
                              scoring='neg_root_mean_squared_error'), 'model__l2_regularization': 100, 'model__learning_rate': 0.1, 'model__loss': 'squared_error', 'model__max_bins': 32, 'model__max_depth': 6, 'model__max_features': 1.0, 'model__max_leaf_nodes': 511, 'model__min_samples_leaf': 400, 'reshape': FunctionTransformer(func=<function reshape at 0x7fdb1d1c0360>), 'second_scale': 'passthrough'}",0.05237271934495036,0.05237271934495036,0.0,1,0.8960251978925049,0.8960251978925049,0.0,0.9734614941819988,0.3224512398913906
0,7067.62118768692,0.0,17.090911149978638,0.0,passthrough,passthrough,"HistGradientBoostingRegressor(early_stopping=True, max_iter=10000,
                              n_iter_no_change=100, random_state=42,
                              scoring='neg_root_mean_squared_error')",50,0.1,squared_error,32,3,0.5,511,200,FunctionTransformer(func=<function reshape at 0x7fdb1d1c0360>),passthrough,"{'first_scale': 'passthrough', 'frequency': 'passthrough', 'model': HistGradientBoostingRegressor(early_stopping=True, max_iter=10000,
                              n_iter_no_change=100, random_state=42,
                              scoring='neg_root_mean_squared_error'), 'model__l2_regularization': 50, 'model__learning_rate': 0.1, 'model__loss': 'squared_error', 'model__max_bins': 32, 'model__max_depth': 3, 'model__max_features': 0.5, 'model__max_leaf_nodes': 511, 'model__min_samples_leaf': 200, 'reshape': FunctionTransformer(func=<function reshape at 0x7fdb1d1c0360>), 'second_scale': 'passthrough'}",0.07229756660312847,0.07229756660312847,0.0,1,0.5099081005420911,0.5099081005420911,0.0,0.9631731066619704,0.7000656393924136
0,9468.57966375351,0.0,16.439173936843872,0.0,passthrough,passthrough,"HistGradientBoostingRegressor(early_stopping=True, max_iter=10000,
                              n_iter_no_change=100, random_state=42,
                              scoring='neg_root_mean_squared_error')",50,0.1,squared_error,32,6,1.0,255,200,FunctionTransformer(func=<function reshape at 0x7fdb1d1c0360>),passthrough,"{'first_scale': 'passthrough', 'frequency': 'passthrough', 'model': HistGradientBoostingRegressor(early_stopping=True, max_iter=10000,
                              n_iter_no_change=100, random_state=42,
                              scoring='neg_root_mean_squared_error'), 'model__l2_regularization': 50, 'model__learning_rate': 0.1, 'model__loss': 'squared_error', 'model__max_bins': 32, 'model__max_depth': 6, 'model__max_features': 1.0, 'model__max_leaf_nodes': 255, 'model__min_samples_leaf': 200, 'reshape': FunctionTransformer(func=<function reshape at 0x7fdb1d1c0360>), 'second_scale': 'passthrough'}",0.054520233732352485,0.054520233732352485,0.0,1,0.8550927094940075,0.8550927094940075,0.0,0.9723578385901188,0.38066690229909994
0,12902.214391469955,0.0,34.897992849349976,0.0,passthrough,passthrough,"HistGradientBoostingRegressor(early_stopping=True, max_iter=10000,
                              n_iter_no_change=100, random_state=42,
                              scoring='neg_root_mean_squared_error')",400,0.1,squared_error,32,6,0.2,127,800,FunctionTransformer(func=<function reshape at 0x7fdb1d1c0360>),passthrough,"{'first_scale': 'passthrough', 'frequency': 'passthrough', 'model': HistGradientBoostingRegressor(early_stopping=True, max_iter=10000,
                              n_iter_no_change=100, random_state=42,
                              scoring='neg_root_mean_squared_error'), 'model__l2_regularization': 400, 'model__learning_rate': 0.1, 'model__loss': 'squared_error', 'model__max_bins': 32, 'model__max_depth': 6, 'model__max_features': 0.2, 'model__max_leaf_nodes': 127, 'model__min_samples_leaf': 800, 'reshape': FunctionTransformer(func=<function reshape at 0x7fdb1d1c0360>), 'second_scale': 'passthrough'}",0.06226225592836132,0.06226225592836132,0.0,1,0.8533462134115798,0.8533462134115798,0.0,0.9683685992800668,0.38295402672960654
0,26918.104133605957,0.0,78.20738911628723,0.0,passthrough,passthrough,"HistGradientBoostingRegressor(early_stopping=True, max_iter=10000,
                              n_iter_no_change=100, random_state=42,
                              scoring='neg_root_mean_squared_error')",100,0.01,squared_error,63,6,0.5,127,6400,FunctionTransformer(func=<function reshape at 0x7fdb1d1c0360>),passthrough,"{'first_scale': 'passthrough', 'frequency': 'passthrough', 'model': HistGradientBoostingRegressor(early_stopping=True, max_iter=10000,
                              n_iter_no_change=100, random_state=42,
                              scoring='neg_root_mean_squared_error'), 'model__l2_regularization': 100, 'model__learning_rate': 0.01, 'model__loss': 'squared_error', 'model__max_bins': 63, 'model__max_depth': 6, 'model__max_features': 0.5, 'model__max_leaf_nodes': 127, 'model__min_samples_leaf': 6400, 'reshape': FunctionTransformer(func=<function reshape at 0x7fdb1d1c0360>), 'second_scale': 'passthrough'}",0.08724076541208758,0.08724076541208758,0.0,1,0.3191822021069498,0.3191822021069498,0.0,0.9553843386762798,0.8251168389343719
0,4515.540551185608,0.0,10.94617247581482,0.0,passthrough,passthrough,"HistGradientBoostingRegressor(early_stopping=True, max_iter=10000,
                              n_iter_no_change=100, random_state=42,
                              scoring='neg_root_mean_squared_error')",50,0.1,squared_error,32,3,0.5,255,800,FunctionTransformer(func=<function reshape at 0x7fdb1d1c0360>),passthrough,"{'first_scale': 'passthrough', 'frequency': 'passthrough', 'model': HistGradientBoostingRegressor(early_stopping=True, max_iter=10000,
                              n_iter_no_change=100, random_state=42,
                              scoring='neg_root_mean_squared_error'), 'model__l2_regularization': 50, 'model__learning_rate': 0.1, 'model__loss': 'squared_error', 'model__max_bins': 32, 'model__max_depth': 3, 'model__max_features': 0.5, 'model__max_leaf_nodes': 255, 'model__min_samples_leaf': 800, 'reshape': FunctionTransformer(func=<function reshape at 0x7fdb1d1c0360>), 'second_scale': 'passthrough'}",0.07881738726662668,0.07881738726662668,0.0,1,0.39156694346475207,0.39156694346475207,0.0,0.9597825861794812,0.780021189798872
0,28091.605586528778,0.0,47.48810267448425,0.0,passthrough,passthrough,"HistGradientBoostingRegressor(early_stopping=True, max_iter=10000,
                              n_iter_no_change=100, random_state=42,
                              scoring='neg_root_mean_squared_error')",100,0.05,squared_error,32,6,0.5,511,400,FunctionTransformer(func=<function reshape at 0x7fdb1d1c0360>),passthrough,"{'first_scale': 'passthrough', 'frequency': 'passthrough', 'model': HistGradientBoostingRegressor(early_stopping=True, max_iter=10000,
                              n_iter_no_change=100, random_state=42,
                              scoring='neg_root_mean_squared_error'), 'model__l2_regularization': 100, 'model__learning_rate': 0.05, 'model__loss': 'squared_error', 'model__max_bins': 32, 'model__max_depth': 6, 'model__max_features': 0.5, 'model__max_leaf_nodes': 511, 'model__min_samples_leaf': 400, 'reshape': FunctionTransformer(func=<function reshape at 0x7fdb1d1c0360>), 'second_scale': 'passthrough'}",0.07507962407877156,0.07507962407877156,0.0,1,0.894004866964462,0.894004866964462,0.0,0.9617278076052644,0.325568937454939
0,30904.293172597885,0.0,98.70663261413574,0.0,passthrough,passthrough,"HistGradientBoostingRegressor(early_stopping=True, max_iter=10000,
                              n_iter_no_change=100, random_state=42,
                              scoring='neg_root_mean_squared_error')",200,0.02,squared_error,32,6,0.2,255,800,FunctionTransformer(func=<function reshape at 0x7fdb1d1c0360>),passthrough,"{'first_scale': 'passthrough', 'frequency': 'passthrough', 'model': HistGradientBoostingRegressor(early_stopping=True, max_iter=10000,
                              n_iter_no_change=100, random_state=42,
                              scoring='neg_root_mean_squared_error'), 'model__l2_regularization': 200, 'model__learning_rate': 0.02, 'model__loss': 'squared_error', 'model__max_bins': 32, 'model__max_depth': 6, 'model__max_features': 0.2, 'model__max_leaf_nodes': 255, 'model__min_samples_leaf': 800, 'reshape': FunctionTransformer(func=<function reshape at 0x7fdb1d1c0360>), 'second_scale': 'passthrough'}",0.08652128329920994,0.08652128329920994,0.0,1,0.8288136438293457,0.8288136438293457,0.0,0.9557608051708283,0.41374672949843877
0,17763.25887489319,0.0,72.72272157669067,0.0,passthrough,passthrough,"HistGradientBoostingRegressor(early_stopping=True, max_iter=10000,
                              n_iter_no_change=100, random_state=42,
                              scoring='neg_root_mean_squared_error')",50,0.02,squared_error,32,3,0.5,255,400,FunctionTransformer(func=<function reshape at 0x7fdb1d1c0360>),passthrough,"{'first_scale': 'passthrough', 'frequency': 'passthrough', 'model': HistGradientBoostingRegressor(early_stopping=True, max_iter=10000,
                              n_iter_no_change=100, random_state=42,
                              scoring='neg_root_mean_squared_error'), 'model__l2_regularization': 50, 'model__learning_rate': 0.02, 'model__loss': 'squared_error', 'model__max_bins': 32, 'model__max_depth': 3, 'model__max_features': 0.5, 'model__max_leaf_nodes': 255, 'model__min_samples_leaf': 400, 'reshape': FunctionTransformer(func=<function reshape at 0x7fdb1d1c0360>), 'second_scale': 'passthrough'}",0.08510939637347881,0.08510939637347881,0.0,1,0.464933189781503,0.464933189781503,0.0,0.9564991393757347,0.7314826110158033
0,10459.121796607971,0.0,30.6784245967865,0.0,passthrough,passthrough,"HistGradientBoostingRegressor(early_stopping=True, max_iter=10000,
                              n_iter_no_change=100, random_state=42,
                              scoring='neg_root_mean_squared_error')",400,0.02,squared_error,32,3,0.5,255,200,FunctionTransformer(func=<function reshape at 0x7fdb1d1c0360>),passthrough,"{'first_scale': 'passthrough', 'frequency': 'passthrough', 'model': HistGradientBoostingRegressor(early_stopping=True, max_iter=10000,
                              n_iter_no_change=100, random_state=42,
                              scoring='neg_root_mean_squared_error'), 'model__l2_regularization': 400, 'model__learning_rate': 0.02, 'model__loss': 'squared_error', 'model__max_bins': 32, 'model__max_depth': 3, 'model__max_features': 0.5, 'model__max_leaf_nodes': 255, 'model__min_samples_leaf': 200, 'reshape': FunctionTransformer(func=<function reshape at 0x7fdb1d1c0360>), 'second_scale': 'passthrough'}",0.08811676784573697,0.08811676784573697,0.0,1,0.35623333467943585,0.35623333467943585,0.0,0.9549257731123729,0.8023507121705347
0,10145.258618116379,0.0,39.95439410209656,0.0,passthrough,passthrough,"HistGradientBoostingRegressor(early_stopping=True, max_iter=10000,
                              n_iter_no_change=100, random_state=42,
                              scoring='neg_root_mean_squared_error')",200,0.05,squared_error,32,3,1.0,255,200,FunctionTransformer(func=<function reshape at 0x7fdb1d1c0360>),passthrough,"{'first_scale': 'passthrough', 'frequency': 'passthrough', 'model': HistGradientBoostingRegressor(early_stopping=True, max_iter=10000,
                              n_iter_no_change=100, random_state=42,
                              scoring='neg_root_mean_squared_error'), 'model__l2_regularization': 200, 'model__learning_rate': 0.05, 'model__loss': 'squared_error', 'model__max_bins': 32, 'model__max_depth': 3, 'model__max_features': 1.0, 'model__max_leaf_nodes': 255, 'model__min_samples_leaf': 200, 'reshape': FunctionTransformer(func=<function reshape at 0x7fdb1d1c0360>), 'second_scale': 'passthrough'}",0.07654420721808852,0.07654420721808852,0.0,1,0.5404576901525013,0.5404576901525013,0.0,0.9609660726487234,0.6778955006839171
0,27265.110347270966,0.0,77.59022927284241,0.0,passthrough,passthrough,"HistGradientBoostingRegressor(early_stopping=True, max_iter=10000,
                              n_iter_no_change=100, random_state=42,
                              scoring='neg_root_mean_squared_error')",200,0.005,squared_error,63,6,0.5,127,6400,FunctionTransformer(func=<function reshape at 0x7fdb1d1c0360>),passthrough,"{'first_scale': 'passthrough', 'frequency': 'passthrough', 'model': HistGradientBoostingRegressor(early_stopping=True, max_iter=10000,
                              n_iter_no_change=100, random_state=42,
                              scoring='neg_root_mean_squared_error'), 'model__l2_regularization': 200, 'model__learning_rate': 0.005, 'model__loss': 'squared_error', 'model__max_bins': 63, 'model__max_depth': 6, 'model__max_features': 0.5, 'model__max_leaf_nodes': 127, 'model__min_samples_leaf': 6400, 'reshape': FunctionTransformer(func=<function reshape at 0x7fdb1d1c0360>), 'second_scale': 'passthrough'}",0.08651992622418858,0.08651992622418858,0.0,1,0.23148312900695645,0.23148312900695645,0.0,0.9557615151154661,0.8766509402225287
0,18471.314213514328,0.0,63.49874567985535,0.0,passthrough,passthrough,"HistGradientBoostingRegressor(early_stopping=True, max_iter=10000,
                              n_iter_no_change=100, random_state=42,
                              scoring='neg_root_mean_squared_error')",200,0.02,squared_error,32,3,1.0,255,800,FunctionTransformer(func=<function reshape at 0x7fdb1d1c0360>),passthrough,"{'first_scale': 'passthrough', 'frequency': 'passthrough', 'model': HistGradientBoostingRegressor(early_stopping=True, max_iter=10000,
                              n_iter_no_change=100, random_state=42,
                              scoring='neg_root_mean_squared_error'), 'model__l2_regularization': 200, 'model__learning_rate': 0.02, 'model__loss': 'squared_error', 'model__max_bins': 32, 'model__max_depth': 3, 'model__max_features': 1.0, 'model__max_leaf_nodes': 255, 'model__min_samples_leaf': 800, 'reshape': FunctionTransformer(func=<function reshape at 0x7fdb1d1c0360>), 'second_scale': 'passthrough'}",0.08207980490197442,0.08207980490197442,0.0,1,0.45338230695758575,0.45338230695758575,0.0,0.9580815179816515,0.7393359811631071
0,22223.257462978363,0.0,45.47422432899475,0.0,passthrough,passthrough,"HistGradientBoostingRegressor(early_stopping=True, max_iter=10000,
                              n_iter_no_change=100, random_state=42,
                              scoring='neg_root_mean_squared_error')",50,0.05,squared_error,32,6,0.5,127,200,FunctionTransformer(func=<function reshape at 0x7fdb1d1c0360>),passthrough,"{'first_scale': 'passthrough', 'frequency': 'passthrough', 'model': HistGradientBoostingRegressor(early_stopping=True, max_iter=10000,
                              n_iter_no_change=100, random_state=42,
                              scoring='neg_root_mean_squared_error'), 'model__l2_regularization': 50, 'model__learning_rate': 0.05, 'model__loss': 'squared_error', 'model__max_bins': 32, 'model__max_depth': 6, 'model__max_features': 0.5, 'model__max_leaf_nodes': 127, 'model__min_samples_leaf': 200, 'reshape': FunctionTransformer(func=<function reshape at 0x7fdb1d1c0360>), 'second_scale': 'passthrough'}",0.07419184235853693,0.07419184235853693,0.0,1,0.8875216814633936,0.8875216814633936,0.0,0.962189252507771,0.3353778742502349
0,6324.458052158356,0.0,21.605788230895996,0.0,passthrough,passthrough,"HistGradientBoostingRegressor(early_stopping=True, max_iter=10000,
                              n_iter_no_change=100, random_state=42,
                              scoring='neg_root_mean_squared_error')",200,0.05,squared_error,32,3,0.2,127,200,FunctionTransformer(func=<function reshape at 0x7fdb1d1c0360>),passthrough,"{'first_scale': 'passthrough', 'frequency': 'passthrough', 'model': HistGradientBoostingRegressor(early_stopping=True, max_iter=10000,
                              n_iter_no_change=100, random_state=42,
                              scoring='neg_root_mean_squared_error'), 'model__l2_regularization': 200, 'model__learning_rate': 0.05, 'model__loss': 'squared_error', 'model__max_bins': 32, 'model__max_depth': 3, 'model__max_features': 0.2, 'model__max_leaf_nodes': 127, 'model__min_samples_leaf': 200, 'reshape': FunctionTransformer(func=<function reshape at 0x7fdb1d1c0360>), 'second_scale': 'passthrough'}",0.08170437186035495,0.08170437186035495,0.0,1,0.44343920433672623,0.44343920433672623,0.0,0.9582774275436342,0.746030023298844
0,17004.379322767258,0.0,38.00206279754639,0.0,passthrough,passthrough,"HistGradientBoostingRegressor(early_stopping=True, max_iter=10000,
                              n_iter_no_change=100, random_state=42,
                              scoring='neg_root_mean_squared_error')",400,0.1,squared_error,32,6,0.2,127,400,FunctionTransformer(func=<function reshape at 0x7fdb1d1c0360>),passthrough,"{'first_scale': 'passthrough', 'frequency': 'passthrough', 'model': HistGradientBoostingRegressor(early_stopping=True, max_iter=10000,
                              n_iter_no_change=100, random_state=42,
                              scoring='neg_root_mean_squared_error'), 'model__l2_regularization': 400, 'model__learning_rate': 0.1, 'model__loss': 'squared_error', 'model__max_bins': 32, 'model__max_depth': 6, 'model__max_features': 0.2, 'model__max_leaf_nodes': 127, 'model__min_samples_leaf': 400, 'reshape': FunctionTransformer(func=<function reshape at 0x7fdb1d1c0360>), 'second_scale': 'passthrough'}",0.0578254943926616,0.0578254943926616,0.0,1,0.8906753919856116,0.8906753919856116,0.0,0.9706567393303044,0.33064271958473296
0,11954.646589279175,0.0,28.750349521636963,0.0,passthrough,passthrough,"HistGradientBoostingRegressor(early_stopping=True, max_iter=10000,
                              n_iter_no_change=100, random_state=42,
                              scoring='neg_root_mean_squared_error')",400,0.1,squared_error,32,6,1.0,255,400,FunctionTransformer(func=<function reshape at 0x7fdb1d1c0360>),passthrough,"{'first_scale': 'passthrough', 'frequency': 'passthrough', 'model': HistGradientBoostingRegressor(early_stopping=True, max_iter=10000,
                              n_iter_no_change=100, random_state=42,
                              scoring='neg_root_mean_squared_error'), 'model__l2_regularization': 400, 'model__learning_rate': 0.1, 'model__loss': 'squared_error', 'model__max_bins': 32, 'model__max_depth': 6, 'model__max_features': 1.0, 'model__max_leaf_nodes': 255, 'model__min_samples_leaf': 400, 'reshape': FunctionTransformer(func=<function reshape at 0x7fdb1d1c0360>), 'second_scale': 'passthrough'}",0.059762602436873036,0.059762602436873036,0.0,1,0.8817211354739021,0.8817211354739021,0.0,0.969658392199607,0.3439169442265064
0,23693.50400042534,0.0,72.20225930213928,0.0,passthrough,passthrough,"HistGradientBoostingRegressor(early_stopping=True, max_iter=10000,
                              n_iter_no_change=100, random_state=42,
                              scoring='neg_root_mean_squared_error')",100,0.02,squared_error,32,3,0.2,511,200,FunctionTransformer(func=<function reshape at 0x7fdb1d1c0360>),passthrough,"{'first_scale': 'passthrough', 'frequency': 'passthrough', 'model': HistGradientBoostingRegressor(early_stopping=True, max_iter=10000,
                              n_iter_no_change=100, random_state=42,
                              scoring='neg_root_mean_squared_error'), 'model__l2_regularization': 100, 'model__learning_rate': 0.02, 'model__loss': 'squared_error', 'model__max_bins': 32, 'model__max_depth': 3, 'model__max_features': 0.2, 'model__max_leaf_nodes': 511, 'model__min_samples_leaf': 200, 'reshape': FunctionTransformer(func=<function reshape at 0x7fdb1d1c0360>), 'second_scale': 'passthrough'}",0.08815509759319873,0.08815509759319873,0.0,1,0.44264939030264416,0.44264939030264416,0.0,0.954905703410971,0.7465591803047873
0,16849.351633548737,0.0,33.76056528091431,0.0,passthrough,passthrough,"HistGradientBoostingRegressor(early_stopping=True, max_iter=10000,
                              n_iter_no_change=100, random_state=42,
                              scoring='neg_root_mean_squared_error')",400,0.1,squared_error,32,6,0.2,511,200,FunctionTransformer(func=<function reshape at 0x7fdb1d1c0360>),passthrough,"{'first_scale': 'passthrough', 'frequency': 'passthrough', 'model': HistGradientBoostingRegressor(early_stopping=True, max_iter=10000,
                              n_iter_no_change=100, random_state=42,
                              scoring='neg_root_mean_squared_error'), 'model__l2_regularization': 400, 'model__learning_rate': 0.1, 'model__loss': 'squared_error', 'model__max_bins': 32, 'model__max_depth': 6, 'model__max_features': 0.2, 'model__max_leaf_nodes': 511, 'model__min_samples_leaf': 200, 'reshape': FunctionTransformer(func=<function reshape at 0x7fdb1d1c0360>), 'second_scale': 'passthrough'}",0.06381100908841242,0.06381100908841242,0.0,1,0.8957445603999631,0.8957445603999631,0.0,0.9675685975224638,0.3228861093327443
0,13216.18241763115,0.0,37.638938665390015,0.0,passthrough,passthrough,"HistGradientBoostingRegressor(early_stopping=True, max_iter=10000,
                              n_iter_no_change=100, random_state=42,
                              scoring='neg_root_mean_squared_error')",400,0.05,squared_error,32,3,0.2,255,800,FunctionTransformer(func=<function reshape at 0x7fdb1d1c0360>),passthrough,"{'first_scale': 'passthrough', 'frequency': 'passthrough', 'model': HistGradientBoostingRegressor(early_stopping=True, max_iter=10000,
                              n_iter_no_change=100, random_state=42,
                              scoring='neg_root_mean_squared_error'), 'model__l2_regularization': 400, 'model__learning_rate': 0.05, 'model__loss': 'squared_error', 'model__max_bins': 32, 'model__max_depth': 3, 'model__max_features': 0.2, 'model__max_leaf_nodes': 255, 'model__min_samples_leaf': 800, 'reshape': FunctionTransformer(func=<function reshape at 0x7fdb1d1c0360>), 'second_scale': 'passthrough'}",0.07889250317076912,0.07889250317076912,0.0,1,0.5174640974078399,0.5174640974078399,0.0,0.9597434536527096,0.6946480422430916
0,23910.00196003914,0.0,51.49051594734192,0.0,passthrough,passthrough,"HistGradientBoostingRegressor(early_stopping=True, max_iter=10000,
                              n_iter_no_change=100, random_state=42,
                              scoring='neg_root_mean_squared_error')",100,0.02,squared_error,32,3,0.5,511,800,FunctionTransformer(func=<function reshape at 0x7fdb1d1c0360>),passthrough,"{'first_scale': 'passthrough', 'frequency': 'passthrough', 'model': HistGradientBoostingRegressor(early_stopping=True, max_iter=10000,
                              n_iter_no_change=100, random_state=42,
                              scoring='neg_root_mean_squared_error'), 'model__l2_regularization': 100, 'model__learning_rate': 0.02, 'model__loss': 'squared_error', 'model__max_bins': 32, 'model__max_depth': 3, 'model__max_features': 0.5, 'model__max_leaf_nodes': 511, 'model__min_samples_leaf': 800, 'reshape': FunctionTransformer(func=<function reshape at 0x7fdb1d1c0360>), 'second_scale': 'passthrough'}",0.08472937058241603,0.08472937058241603,0.0,1,0.4485371925344972,0.4485371925344972,0.0,0.9566977732897595,0.7426054184191648
0,19627.66819047928,0.0,33.46176552772522,0.0,passthrough,passthrough,"HistGradientBoostingRegressor(early_stopping=True, max_iter=10000,
                              n_iter_no_change=100, random_state=42,
                              scoring='neg_root_mean_squared_error')",100,0.1,squared_error,32,6,1.0,255,200,FunctionTransformer(func=<function reshape at 0x7fdb1d1c0360>),passthrough,"{'first_scale': 'passthrough', 'frequency': 'passthrough', 'model': HistGradientBoostingRegressor(early_stopping=True, max_iter=10000,
                              n_iter_no_change=100, random_state=42,
                              scoring='neg_root_mean_squared_error'), 'model__l2_regularization': 100, 'model__learning_rate': 0.1, 'model__loss': 'squared_error', 'model__max_bins': 32, 'model__max_depth': 6, 'model__max_features': 1.0, 'model__max_leaf_nodes': 255, 'model__min_samples_leaf': 200, 'reshape': FunctionTransformer(func=<function reshape at 0x7fdb1d1c0360>), 'second_scale': 'passthrough'}",0.054138210517863716,0.054138210517863716,0.0,1,0.9041795097345765,0.9041795097345765,0.0,0.9725542604308185,0.30954884956242934
0,13541.828196287155,0.0,41.957329511642456,0.0,passthrough,passthrough,"HistGradientBoostingRegressor(early_stopping=True, max_iter=10000,
                              n_iter_no_change=100, random_state=42,
                              scoring='neg_root_mean_squared_error')",50,0.05,squared_error,32,3,0.2,255,200,FunctionTransformer(func=<function reshape at 0x7fdb1d1c0360>),passthrough,"{'first_scale': 'passthrough', 'frequency': 'passthrough', 'model': HistGradientBoostingRegressor(early_stopping=True, max_iter=10000,
                              n_iter_no_change=100, random_state=42,
                              scoring='neg_root_mean_squared_error'), 'model__l2_regularization': 50, 'model__learning_rate': 0.05, 'model__loss': 'squared_error', 'model__max_bins': 32, 'model__max_depth': 3, 'model__max_features': 0.2, 'model__max_leaf_nodes': 255, 'model__min_samples_leaf': 200, 'reshape': FunctionTransformer(func=<function reshape at 0x7fdb1d1c0360>), 'second_scale': 'passthrough'}",0.07999344393720775,0.07999344393720775,0.0,1,0.5108662180908863,0.5108662180908863,0.0,0.9591697222404345,0.6993809991050041
0,31543.717346668243,0.0,103.2077624797821,0.0,passthrough,passthrough,"HistGradientBoostingRegressor(early_stopping=True, max_iter=10000,
                              n_iter_no_change=100, random_state=42,
                              scoring='neg_root_mean_squared_error')",200,0.0025,squared_error,63,6,1.0,255,3200,FunctionTransformer(func=<function reshape at 0x7fdb1d1c0360>),passthrough,"{'first_scale': 'passthrough', 'frequency': 'passthrough', 'model': HistGradientBoostingRegressor(early_stopping=True, max_iter=10000,
                              n_iter_no_change=100, random_state=42,
                              scoring='neg_root_mean_squared_error'), 'model__l2_regularization': 200, 'model__learning_rate': 0.0025, 'model__loss': 'squared_error', 'model__max_bins': 63, 'model__max_depth': 6, 'model__max_features': 1.0, 'model__max_leaf_nodes': 255, 'model__min_samples_leaf': 3200, 'reshape': FunctionTransformer(func=<function reshape at 0x7fdb1d1c0360>), 'second_scale': 'passthrough'}",0.0871096090461273,0.0871096090461273,0.0,1,0.23072742294482795,0.23072742294482795,0.0,0.9554529768407615,0.8770818531101713
0,17097.66294169426,0.0,38.46138072013855,0.0,passthrough,passthrough,"HistGradientBoostingRegressor(early_stopping=True, max_iter=10000,
                              n_iter_no_change=100, random_state=42,
                              scoring='neg_root_mean_squared_error')",400,0.1,squared_error,32,6,0.2,255,400,FunctionTransformer(func=<function reshape at 0x7fdb1d1c0360>),passthrough,"{'first_scale': 'passthrough', 'frequency': 'passthrough', 'model': HistGradientBoostingRegressor(early_stopping=True, max_iter=10000,
                              n_iter_no_change=100, random_state=42,
                              scoring='neg_root_mean_squared_error'), 'model__l2_regularization': 400, 'model__learning_rate': 0.1, 'model__loss': 'squared_error', 'model__max_bins': 32, 'model__max_depth': 6, 'model__max_features': 0.2, 'model__max_leaf_nodes': 255, 'model__min_samples_leaf': 400, 'reshape': FunctionTransformer(func=<function reshape at 0x7fdb1d1c0360>), 'second_scale': 'passthrough'}",0.0578254943926616,0.0578254943926616,0.0,1,0.8906753919856116,0.8906753919856116,0.0,0.9706567393303044,0.33064271958473296
0,32406.61852645874,0.0,84.61311483383179,0.0,passthrough,passthrough,"HistGradientBoostingRegressor(early_stopping=True, max_iter=10000,
                              n_iter_no_change=100, random_state=42,
                              scoring='neg_root_mean_squared_error')",200,0.02,squared_error,32,6,1.0,255,800,FunctionTransformer(func=<function reshape at 0x7fdb1d1c0360>),passthrough,"{'first_scale': 'passthrough', 'frequency': 'passthrough', 'model': HistGradientBoostingRegressor(early_stopping=True, max_iter=10000,
                              n_iter_no_change=100, random_state=42,
                              scoring='neg_root_mean_squared_error'), 'model__l2_regularization': 200, 'model__learning_rate': 0.02, 'model__loss': 'squared_error', 'model__max_bins': 32, 'model__max_depth': 6, 'model__max_features': 1.0, 'model__max_leaf_nodes': 255, 'model__min_samples_leaf': 800, 'reshape': FunctionTransformer(func=<function reshape at 0x7fdb1d1c0360>), 'second_scale': 'passthrough'}",0.08022560342544727,0.08022560342544727,0.0,1,0.8455667321454567,0.8455667321454567,0.0,0.9590486935367529,0.39297998403804646
0,8439.075733423233,0.0,21.678258419036865,0.0,passthrough,passthrough,"HistGradientBoostingRegressor(early_stopping=True, max_iter=10000,
                              n_iter_no_change=100, random_state=42,
                              scoring='neg_root_mean_squared_error')",50,0.1,squared_error,32,6,1.0,511,200,FunctionTransformer(func=<function reshape at 0x7fdb1d1c0360>),passthrough,"{'first_scale': 'passthrough', 'frequency': 'passthrough', 'model': HistGradientBoostingRegressor(early_stopping=True, max_iter=10000,
                              n_iter_no_change=100, random_state=42,
                              scoring='neg_root_mean_squared_error'), 'model__l2_regularization': 50, 'model__learning_rate': 0.1, 'model__loss': 'squared_error', 'model__max_bins': 32, 'model__max_depth': 6, 'model__max_features': 1.0, 'model__max_leaf_nodes': 511, 'model__min_samples_leaf': 200, 'reshape': FunctionTransformer(func=<function reshape at 0x7fdb1d1c0360>), 'second_scale': 'passthrough'}",0.054520233732352485,0.054520233732352485,0.0,1,0.8550927094940075,0.8550927094940075,0.0,0.9723578385901188,0.38066690229909994
0,4781.421093702316,0.0,15.731747388839722,0.0,passthrough,passthrough,"HistGradientBoostingRegressor(early_stopping=True, max_iter=10000,
                              n_iter_no_change=100, random_state=42,
                              scoring='neg_root_mean_squared_error')",400,0.1,squared_error,32,3,1.0,255,400,FunctionTransformer(func=<function reshape at 0x7fdb1d1c0360>),passthrough,"{'first_scale': 'passthrough', 'frequency': 'passthrough', 'model': HistGradientBoostingRegressor(early_stopping=True, max_iter=10000,
                              n_iter_no_change=100, random_state=42,
                              scoring='neg_root_mean_squared_error'), 'model__l2_regularization': 400, 'model__learning_rate': 0.1, 'model__loss': 'squared_error', 'model__max_bins': 32, 'model__max_depth': 3, 'model__max_features': 1.0, 'model__max_leaf_nodes': 255, 'model__min_samples_leaf': 400, 'reshape': FunctionTransformer(func=<function reshape at 0x7fdb1d1c0360>), 'second_scale': 'passthrough'}",0.07828539637282139,0.07828539637282139,0.0,1,0.43802704259906666,0.43802704259906666,0.0,0.9600596875336338,0.7496485559253305
0,30995.796908140182,0.0,92.22826957702637,0.0,passthrough,passthrough,"HistGradientBoostingRegressor(early_stopping=True, max_iter=10000,
                              n_iter_no_change=100, random_state=42,
                              scoring='neg_root_mean_squared_error')",100,0.0025,squared_error,63,6,1.0,255,3200,FunctionTransformer(func=<function reshape at 0x7fdb1d1c0360>),passthrough,"{'first_scale': 'passthrough', 'frequency': 'passthrough', 'model': HistGradientBoostingRegressor(early_stopping=True, max_iter=10000,
                              n_iter_no_change=100, random_state=42,
                              scoring='neg_root_mean_squared_error'), 'model__l2_regularization': 100, 'model__learning_rate': 0.0025, 'model__loss': 'squared_error', 'model__max_bins': 63, 'model__max_depth': 6, 'model__max_features': 1.0, 'model__max_leaf_nodes': 255, 'model__min_samples_leaf': 3200, 'reshape': FunctionTransformer(func=<function reshape at 0x7fdb1d1c0360>), 'second_scale': 'passthrough'}",0.08759181010201644,0.08759181010201644,0.0,1,0.23187196986590264,0.23187196986590264,0.0,0.955200601914584,0.876429135831356
0,10860.247503042221,0.0,24.44135093688965,0.0,passthrough,passthrough,"HistGradientBoostingRegressor(early_stopping=True, max_iter=10000,
                              n_iter_no_change=100, random_state=42,
                              scoring='neg_root_mean_squared_error')",50,0.05,squared_error,32,3,0.5,127,400,FunctionTransformer(func=<function reshape at 0x7fdb1d1c0360>),passthrough,"{'first_scale': 'passthrough', 'frequency': 'passthrough', 'model': HistGradientBoostingRegressor(early_stopping=True, max_iter=10000,
                              n_iter_no_change=100, random_state=42,
                              scoring='neg_root_mean_squared_error'), 'model__l2_regularization': 50, 'model__learning_rate': 0.05, 'model__loss': 'squared_error', 'model__max_bins': 32, 'model__max_depth': 3, 'model__max_features': 0.5, 'model__max_leaf_nodes': 127, 'model__min_samples_leaf': 400, 'reshape': FunctionTransformer(func=<function reshape at 0x7fdb1d1c0360>), 'second_scale': 'passthrough'}",0.07931800613370366,0.07931800613370366,0.0,1,0.4830265305503322,0.4830265305503322,0.0,0.9595217526801028,0.7190086713313462
0,33835.64503121376,0.0,79.93368434906006,0.0,passthrough,passthrough,"HistGradientBoostingRegressor(early_stopping=True, max_iter=10000,
                              n_iter_no_change=100, random_state=42,
                              scoring='neg_root_mean_squared_error')",800,0.005,squared_error,63,6,0.5,127,6400,FunctionTransformer(func=<function reshape at 0x7fdb1d1c0360>),passthrough,"{'first_scale': 'passthrough', 'frequency': 'passthrough', 'model': HistGradientBoostingRegressor(early_stopping=True, max_iter=10000,
                              n_iter_no_change=100, random_state=42,
                              scoring='neg_root_mean_squared_error'), 'model__l2_regularization': 800, 'model__learning_rate': 0.005, 'model__loss': 'squared_error', 'model__max_bins': 63, 'model__max_depth': 6, 'model__max_features': 0.5, 'model__max_leaf_nodes': 127, 'model__min_samples_leaf': 6400, 'reshape': FunctionTransformer(func=<function reshape at 0x7fdb1d1c0360>), 'second_scale': 'passthrough'}",0.08597918261010029,0.08597918261010029,0.0,1,0.22571290519066045,0.22571290519066045,0.0,0.9560443595304037,0.879935846985074
0,11721.205746412277,0.0,37.76129126548767,0.0,passthrough,passthrough,"HistGradientBoostingRegressor(early_stopping=True, max_iter=10000,
                              n_iter_no_change=100, random_state=42,
                              scoring='neg_root_mean_squared_error')",50,0.05,squared_error,32,6,0.5,255,800,FunctionTransformer(func=<function reshape at 0x7fdb1d1c0360>),passthrough,"{'first_scale': 'passthrough', 'frequency': 'passthrough', 'model': HistGradientBoostingRegressor(early_stopping=True, max_iter=10000,
                              n_iter_no_change=100, random_state=42,
                              scoring='neg_root_mean_squared_error'), 'model__l2_regularization': 50, 'model__learning_rate': 0.05, 'model__loss': 'squared_error', 'model__max_bins': 32, 'model__max_depth': 6, 'model__max_features': 0.5, 'model__max_leaf_nodes': 255, 'model__min_samples_leaf': 800, 'reshape': FunctionTransformer(func=<function reshape at 0x7fdb1d1c0360>), 'second_scale': 'passthrough'}",0.07929557494896367,0.07929557494896367,0.0,1,0.8195442625625595,0.8195442625625595,0.0,0.959533441340653,0.42480082090014903
0,15699.30410027504,0.0,40.91195869445801,0.0,passthrough,passthrough,"HistGradientBoostingRegressor(early_stopping=True, max_iter=10000,
                              n_iter_no_change=100, random_state=42,
                              scoring='neg_root_mean_squared_error')",50,0.05,squared_error,32,6,1.0,511,200,FunctionTransformer(func=<function reshape at 0x7fdb1d1c0360>),passthrough,"{'first_scale': 'passthrough', 'frequency': 'passthrough', 'model': HistGradientBoostingRegressor(early_stopping=True, max_iter=10000,
                              n_iter_no_change=100, random_state=42,
                              scoring='neg_root_mean_squared_error'), 'model__l2_regularization': 50, 'model__learning_rate': 0.05, 'model__loss': 'squared_error', 'model__max_bins': 32, 'model__max_depth': 6, 'model__max_features': 1.0, 'model__max_leaf_nodes': 511, 'model__min_samples_leaf': 200, 'reshape': FunctionTransformer(func=<function reshape at 0x7fdb1d1c0360>), 'second_scale': 'passthrough'}",0.07245810473384473,0.07245810473384473,0.0,1,0.893785223832593,0.893785223832593,0.0,0.9630897649057202,0.32590608488858724
0,11910.529070854187,0.0,25.203053951263428,0.0,passthrough,passthrough,"HistGradientBoostingRegressor(early_stopping=True, max_iter=10000,
                              n_iter_no_change=100, random_state=42,
                              scoring='neg_root_mean_squared_error')",400,0.1,squared_error,32,6,1.0,511,200,FunctionTransformer(func=<function reshape at 0x7fdb1d1c0360>),passthrough,"{'first_scale': 'passthrough', 'frequency': 'passthrough', 'model': HistGradientBoostingRegressor(early_stopping=True, max_iter=10000,
                              n_iter_no_change=100, random_state=42,
                              scoring='neg_root_mean_squared_error'), 'model__l2_regularization': 400, 'model__learning_rate': 0.1, 'model__loss': 'squared_error', 'model__max_bins': 32, 'model__max_depth': 6, 'model__max_features': 1.0, 'model__max_leaf_nodes': 511, 'model__min_samples_leaf': 200, 'reshape': FunctionTransformer(func=<function reshape at 0x7fdb1d1c0360>), 'second_scale': 'passthrough'}",0.0595238441325866,0.0595238441325866,0.0,1,0.8740139094653987,0.8740139094653987,0.0,0.9697814990333716,0.35494519370545263
0,10355.83260679245,0.0,33.07283425331116,0.0,passthrough,passthrough,"HistGradientBoostingRegressor(early_stopping=True, max_iter=10000,
                              n_iter_no_change=100, random_state=42,
                              scoring='neg_root_mean_squared_error')",400,0.02,squared_error,32,3,0.5,127,200,FunctionTransformer(func=<function reshape at 0x7fdb1d1c0360>),passthrough,"{'first_scale': 'passthrough', 'frequency': 'passthrough', 'model': HistGradientBoostingRegressor(early_stopping=True, max_iter=10000,
                              n_iter_no_change=100, random_state=42,
                              scoring='neg_root_mean_squared_error'), 'model__l2_regularization': 400, 'model__learning_rate': 0.02, 'model__loss': 'squared_error', 'model__max_bins': 32, 'model__max_depth': 3, 'model__max_features': 0.5, 'model__max_leaf_nodes': 127, 'model__min_samples_leaf': 200, 'reshape': FunctionTransformer(func=<function reshape at 0x7fdb1d1c0360>), 'second_scale': 'passthrough'}",0.08811676784573697,0.08811676784573697,0.0,1,0.35623333467943585,0.35623333467943585,0.0,0.9549257731123729,0.8023507121705347
0,11646.541338443756,0.0,39.57207703590393,0.0,passthrough,passthrough,"HistGradientBoostingRegressor(early_stopping=True, max_iter=10000,
                              n_iter_no_change=100, random_state=42,
                              scoring='neg_root_mean_squared_error')",400,0.05,squared_error,32,3,0.5,511,400,FunctionTransformer(func=<function reshape at 0x7fdb1d1c0360>),passthrough,"{'first_scale': 'passthrough', 'frequency': 'passthrough', 'model': HistGradientBoostingRegressor(early_stopping=True, max_iter=10000,
                              n_iter_no_change=100, random_state=42,
                              scoring='neg_root_mean_squared_error'), 'model__l2_regularization': 400, 'model__learning_rate': 0.05, 'model__loss': 'squared_error', 'model__max_bins': 32, 'model__max_depth': 3, 'model__max_features': 0.5, 'model__max_leaf_nodes': 511, 'model__min_samples_leaf': 400, 'reshape': FunctionTransformer(func=<function reshape at 0x7fdb1d1c0360>), 'second_scale': 'passthrough'}",0.07857966121194626,0.07857966121194626,0.0,1,0.5022314692151562,0.5022314692151562,0.0,0.9599064218912454,0.7055271297298523
0,28520.934072732925,0.0,88.21123552322388,0.0,passthrough,passthrough,"HistGradientBoostingRegressor(early_stopping=True, max_iter=10000,
                              n_iter_no_change=100, random_state=42,
                              scoring='neg_root_mean_squared_error')",100,0.0025,squared_error,63,None,1.0,255,6400,FunctionTransformer(func=<function reshape at 0x7fdb1d1c0360>),passthrough,"{'first_scale': 'passthrough', 'frequency': 'passthrough', 'model': HistGradientBoostingRegressor(early_stopping=True, max_iter=10000,
                              n_iter_no_change=100, random_state=42,
                              scoring='neg_root_mean_squared_error'), 'model__l2_regularization': 100, 'model__learning_rate': 0.0025, 'model__loss': 'squared_error', 'model__max_bins': 63, 'model__max_depth': None, 'model__max_features': 1.0, 'model__max_leaf_nodes': 255, 'model__min_samples_leaf': 6400, 'reshape': FunctionTransformer(func=<function reshape at 0x7fdb1d1c0360>), 'second_scale': 'passthrough'}",0.08057385922039695,0.08057385922039695,0.0,1,0.17916567406888162,0.17916567406888162,0.0,0.9588671132016172,0.9059990761204552
0,8625.880401611328,0.0,19.78380012512207,0.0,passthrough,passthrough,"HistGradientBoostingRegressor(early_stopping=True, max_iter=10000,
                              n_iter_no_change=100, random_state=42,
                              scoring='neg_root_mean_squared_error')",100,0.1,squared_error,32,3,0.5,511,800,FunctionTransformer(func=<function reshape at 0x7fdb1d1c0360>),passthrough,"{'first_scale': 'passthrough', 'frequency': 'passthrough', 'model': HistGradientBoostingRegressor(early_stopping=True, max_iter=10000,
                              n_iter_no_change=100, random_state=42,
                              scoring='neg_root_mean_squared_error'), 'model__l2_regularization': 100, 'model__learning_rate': 0.1, 'model__loss': 'squared_error', 'model__max_bins': 32, 'model__max_depth': 3, 'model__max_features': 0.5, 'model__max_leaf_nodes': 511, 'model__min_samples_leaf': 800, 'reshape': FunctionTransformer(func=<function reshape at 0x7fdb1d1c0360>), 'second_scale': 'passthrough'}",0.07383389553298048,0.07383389553298048,0.0,1,0.5030651209675987,0.5030651209675987,0.0,0.9623752409881603,0.7049360815225741
0,26897.898854970932,0.0,78.41648173332214,0.0,passthrough,passthrough,"HistGradientBoostingRegressor(early_stopping=True, max_iter=10000,
                              n_iter_no_change=100, random_state=42,
                              scoring='neg_root_mean_squared_error')",100,0.01,squared_error,63,6,1.0,127,6400,FunctionTransformer(func=<function reshape at 0x7fdb1d1c0360>),passthrough,"{'first_scale': 'passthrough', 'frequency': 'passthrough', 'model': HistGradientBoostingRegressor(early_stopping=True, max_iter=10000,
                              n_iter_no_change=100, random_state=42,
                              scoring='neg_root_mean_squared_error'), 'model__l2_regularization': 100, 'model__learning_rate': 0.01, 'model__loss': 'squared_error', 'model__max_bins': 63, 'model__max_depth': 6, 'model__max_features': 1.0, 'model__max_leaf_nodes': 127, 'model__min_samples_leaf': 6400, 'reshape': FunctionTransformer(func=<function reshape at 0x7fdb1d1c0360>), 'second_scale': 'passthrough'}",0.08727234903508407,0.08727234903508407,0.0,1,0.32373994422379937,0.32373994422379937,0.0,0.9553678092572074,0.822350324239129
0,17780.75475168228,0.0,40.44154119491577,0.0,passthrough,passthrough,"HistGradientBoostingRegressor(early_stopping=True, max_iter=10000,
                              n_iter_no_change=100, random_state=42,
                              scoring='neg_root_mean_squared_error')",50,0.05,squared_error,32,6,0.5,127,800,FunctionTransformer(func=<function reshape at 0x7fdb1d1c0360>),passthrough,"{'first_scale': 'passthrough', 'frequency': 'passthrough', 'model': HistGradientBoostingRegressor(early_stopping=True, max_iter=10000,
                              n_iter_no_change=100, random_state=42,
                              scoring='neg_root_mean_squared_error'), 'model__l2_regularization': 50, 'model__learning_rate': 0.05, 'model__loss': 'squared_error', 'model__max_bins': 32, 'model__max_depth': 6, 'model__max_features': 0.5, 'model__max_leaf_nodes': 127, 'model__min_samples_leaf': 800, 'reshape': FunctionTransformer(func=<function reshape at 0x7fdb1d1c0360>), 'second_scale': 'passthrough'}",0.07929557494896367,0.07929557494896367,0.0,1,0.8195442625625595,0.8195442625625595,0.0,0.959533441340653,0.42480082090014903
0,31038.462842702866,0.0,97.99686169624329,0.0,passthrough,passthrough,"HistGradientBoostingRegressor(early_stopping=True, max_iter=10000,
                              n_iter_no_change=100, random_state=42,
                              scoring='neg_root_mean_squared_error')",400,0.02,squared_error,32,6,0.5,127,800,FunctionTransformer(func=<function reshape at 0x7fdb1d1c0360>),passthrough,"{'first_scale': 'passthrough', 'frequency': 'passthrough', 'model': HistGradientBoostingRegressor(early_stopping=True, max_iter=10000,
                              n_iter_no_change=100, random_state=42,
                              scoring='neg_root_mean_squared_error'), 'model__l2_regularization': 400, 'model__learning_rate': 0.02, 'model__loss': 'squared_error', 'model__max_bins': 32, 'model__max_depth': 6, 'model__max_features': 0.5, 'model__max_leaf_nodes': 127, 'model__min_samples_leaf': 800, 'reshape': FunctionTransformer(func=<function reshape at 0x7fdb1d1c0360>), 'second_scale': 'passthrough'}",0.08508042618186507,0.08508042618186507,0.0,1,0.8230043098769901,0.8230043098769901,0.0,0.9565142831229103,0.4207085572257948
0,17381.445904493332,0.0,40.71642351150513,0.0,passthrough,passthrough,"HistGradientBoostingRegressor(early_stopping=True, max_iter=10000,
                              n_iter_no_change=100, random_state=42,
                              scoring='neg_root_mean_squared_error')",200,0.05,squared_error,32,6,1.0,127,400,FunctionTransformer(func=<function reshape at 0x7fdb1d1c0360>),passthrough,"{'first_scale': 'passthrough', 'frequency': 'passthrough', 'model': HistGradientBoostingRegressor(early_stopping=True, max_iter=10000,
                              n_iter_no_change=100, random_state=42,
                              scoring='neg_root_mean_squared_error'), 'model__l2_regularization': 200, 'model__learning_rate': 0.05, 'model__loss': 'squared_error', 'model__max_bins': 32, 'model__max_depth': 6, 'model__max_features': 1.0, 'model__max_leaf_nodes': 127, 'model__min_samples_leaf': 400, 'reshape': FunctionTransformer(func=<function reshape at 0x7fdb1d1c0360>), 'second_scale': 'passthrough'}",0.07111069989632512,0.07111069989632512,0.0,1,0.8946290317278932,0.8946290317278932,0.0,0.9637890329857851,0.3246089466914102
0,2836.070704936981,0.0,9.129303932189941,0.0,passthrough,passthrough,"HistGradientBoostingRegressor(early_stopping=True, max_iter=10000,
                              n_iter_no_change=100, random_state=42,
                              scoring='neg_root_mean_squared_error')",200,0.1,squared_error,32,3,0.2,255,800,FunctionTransformer(func=<function reshape at 0x7fdb1d1c0360>),passthrough,"{'first_scale': 'passthrough', 'frequency': 'passthrough', 'model': HistGradientBoostingRegressor(early_stopping=True, max_iter=10000,
                              n_iter_no_change=100, random_state=42,
                              scoring='neg_root_mean_squared_error'), 'model__l2_regularization': 200, 'model__learning_rate': 0.1, 'model__loss': 'squared_error', 'model__max_bins': 32, 'model__max_depth': 3, 'model__max_features': 0.2, 'model__max_leaf_nodes': 255, 'model__min_samples_leaf': 800, 'reshape': FunctionTransformer(func=<function reshape at 0x7fdb1d1c0360>), 'second_scale': 'passthrough'}",0.07853336381040343,0.07853336381040343,0.0,1,0.41229849840428756,0.41229849840428756,0.0,0.9599305371690166,0.7666169197165638
0,15209.506960630417,0.0,38.602004528045654,0.0,passthrough,passthrough,"HistGradientBoostingRegressor(early_stopping=True, max_iter=10000,
                              n_iter_no_change=100, random_state=42,
                              scoring='neg_root_mean_squared_error')",50,0.05,squared_error,32,6,0.5,511,200,FunctionTransformer(func=<function reshape at 0x7fdb1d1c0360>),passthrough,"{'first_scale': 'passthrough', 'frequency': 'passthrough', 'model': HistGradientBoostingRegressor(early_stopping=True, max_iter=10000,
                              n_iter_no_change=100, random_state=42,
                              scoring='neg_root_mean_squared_error'), 'model__l2_regularization': 50, 'model__learning_rate': 0.05, 'model__loss': 'squared_error', 'model__max_bins': 32, 'model__max_depth': 6, 'model__max_features': 0.5, 'model__max_leaf_nodes': 511, 'model__min_samples_leaf': 200, 'reshape': FunctionTransformer(func=<function reshape at 0x7fdb1d1c0360>), 'second_scale': 'passthrough'}",0.07419184235853693,0.07419184235853693,0.0,1,0.8875216814633936,0.8875216814633936,0.0,0.962189252507771,0.3353778742502349
0,15808.28833436966,0.0,42.878870725631714,0.0,passthrough,passthrough,"HistGradientBoostingRegressor(early_stopping=True, max_iter=10000,
                              n_iter_no_change=100, random_state=42,
                              scoring='neg_root_mean_squared_error')",100,0.05,squared_error,32,6,0.5,511,800,FunctionTransformer(func=<function reshape at 0x7fdb1d1c0360>),passthrough,"{'first_scale': 'passthrough', 'frequency': 'passthrough', 'model': HistGradientBoostingRegressor(early_stopping=True, max_iter=10000,
                              n_iter_no_change=100, random_state=42,
                              scoring='neg_root_mean_squared_error'), 'model__l2_regularization': 100, 'model__learning_rate': 0.05, 'model__loss': 'squared_error', 'model__max_bins': 32, 'model__max_depth': 6, 'model__max_features': 0.5, 'model__max_leaf_nodes': 511, 'model__min_samples_leaf': 800, 'reshape': FunctionTransformer(func=<function reshape at 0x7fdb1d1c0360>), 'second_scale': 'passthrough'}",0.07189737278325259,0.07189737278325259,0.0,1,0.7990038609763956,0.7990038609763956,0.0,0.9633808318711492,0.4483259294571354
0,30323.185858011246,0.0,94.75078845024109,0.0,passthrough,passthrough,"HistGradientBoostingRegressor(early_stopping=True, max_iter=10000,
                              n_iter_no_change=100, random_state=42,
                              scoring='neg_root_mean_squared_error')",200,0.02,squared_error,32,6,1.0,127,800,FunctionTransformer(func=<function reshape at 0x7fdb1d1c0360>),passthrough,"{'first_scale': 'passthrough', 'frequency': 'passthrough', 'model': HistGradientBoostingRegressor(early_stopping=True, max_iter=10000,
                              n_iter_no_change=100, random_state=42,
                              scoring='neg_root_mean_squared_error'), 'model__l2_regularization': 200, 'model__learning_rate': 0.02, 'model__loss': 'squared_error', 'model__max_bins': 32, 'model__max_depth': 6, 'model__max_features': 1.0, 'model__max_leaf_nodes': 127, 'model__min_samples_leaf': 800, 'reshape': FunctionTransformer(func=<function reshape at 0x7fdb1d1c0360>), 'second_scale': 'passthrough'}",0.08022560342544727,0.08022560342544727,0.0,1,0.8455667321454567,0.8455667321454567,0.0,0.9590486935367529,0.39297998403804646
0,12376.402357339859,0.0,29.412113189697266,0.0,passthrough,passthrough,"HistGradientBoostingRegressor(early_stopping=True, max_iter=10000,
                              n_iter_no_change=100, random_state=42,
                              scoring='neg_root_mean_squared_error')",100,0.05,squared_error,32,3,0.5,127,800,FunctionTransformer(func=<function reshape at 0x7fdb1d1c0360>),passthrough,"{'first_scale': 'passthrough', 'frequency': 'passthrough', 'model': HistGradientBoostingRegressor(early_stopping=True, max_iter=10000,
                              n_iter_no_change=100, random_state=42,
                              scoring='neg_root_mean_squared_error'), 'model__l2_regularization': 100, 'model__learning_rate': 0.05, 'model__loss': 'squared_error', 'model__max_bins': 32, 'model__max_depth': 3, 'model__max_features': 0.5, 'model__max_leaf_nodes': 127, 'model__min_samples_leaf': 800, 'reshape': FunctionTransformer(func=<function reshape at 0x7fdb1d1c0360>), 'second_scale': 'passthrough'}",0.07943559936868883,0.07943559936868883,0.0,1,0.4986798654712188,0.4986798654712188,0.0,0.9594604737201586,0.7080396419189968
0,20472.53241276741,0.0,39.827731132507324,0.0,passthrough,passthrough,"HistGradientBoostingRegressor(early_stopping=True, max_iter=10000,
                              n_iter_no_change=100, random_state=42,
                              scoring='neg_root_mean_squared_error')",100,0.05,squared_error,32,6,0.2,511,800,FunctionTransformer(func=<function reshape at 0x7fdb1d1c0360>),passthrough,"{'first_scale': 'passthrough', 'frequency': 'passthrough', 'model': HistGradientBoostingRegressor(early_stopping=True, max_iter=10000,
                              n_iter_no_change=100, random_state=42,
                              scoring='neg_root_mean_squared_error'), 'model__l2_regularization': 100, 'model__learning_rate': 0.05, 'model__loss': 'squared_error', 'model__max_bins': 32, 'model__max_depth': 6, 'model__max_features': 0.2, 'model__max_leaf_nodes': 511, 'model__min_samples_leaf': 800, 'reshape': FunctionTransformer(func=<function reshape at 0x7fdb1d1c0360>), 'second_scale': 'passthrough'}",0.07386811292522533,0.07386811292522533,0.0,1,0.8351673222291011,0.8351673222291011,0.0,0.962357463250935,0.40599590856423534
0,30403.924686193466,0.0,86.56749057769775,0.0,passthrough,passthrough,"HistGradientBoostingRegressor(early_stopping=True, max_iter=10000,
                              n_iter_no_change=100, random_state=42,
                              scoring='neg_root_mean_squared_error')",50,0.02,squared_error,32,3,0.2,255,200,FunctionTransformer(func=<function reshape at 0x7fdb1d1c0360>),passthrough,"{'first_scale': 'passthrough', 'frequency': 'passthrough', 'model': HistGradientBoostingRegressor(early_stopping=True, max_iter=10000,
                              n_iter_no_change=100, random_state=42,
                              scoring='neg_root_mean_squared_error'), 'model__l2_regularization': 50, 'model__learning_rate': 0.02, 'model__loss': 'squared_error', 'model__max_bins': 32, 'model__max_depth': 3, 'model__max_features': 0.2, 'model__max_leaf_nodes': 255, 'model__min_samples_leaf': 200, 'reshape': FunctionTransformer(func=<function reshape at 0x7fdb1d1c0360>), 'second_scale': 'passthrough'}",0.08730463992099358,0.08730463992099358,0.0,1,0.4529741702452691,0.4529741702452691,0.0,0.95535090939351,0.7396119453840175
0,31308.675290346146,0.0,92.2185275554657,0.0,passthrough,passthrough,"HistGradientBoostingRegressor(early_stopping=True, max_iter=10000,
                              n_iter_no_change=100, random_state=42,
                              scoring='neg_root_mean_squared_error')",100,0.0025,squared_error,63,6,0.5,255,3200,FunctionTransformer(func=<function reshape at 0x7fdb1d1c0360>),passthrough,"{'first_scale': 'passthrough', 'frequency': 'passthrough', 'model': HistGradientBoostingRegressor(early_stopping=True, max_iter=10000,
                              n_iter_no_change=100, random_state=42,
                              scoring='neg_root_mean_squared_error'), 'model__l2_regularization': 100, 'model__learning_rate': 0.0025, 'model__loss': 'squared_error', 'model__max_bins': 63, 'model__max_depth': 6, 'model__max_features': 0.5, 'model__max_leaf_nodes': 255, 'model__min_samples_leaf': 3200, 'reshape': FunctionTransformer(func=<function reshape at 0x7fdb1d1c0360>), 'second_scale': 'passthrough'}",0.08783058291354595,0.08783058291354595,0.0,1,0.22911456394640228,0.22911456394640228,0.0,0.9550756080470562,0.8780008177977955
0,12775.730171442032,0.0,29.268526315689087,0.0,passthrough,passthrough,"HistGradientBoostingRegressor(early_stopping=True, max_iter=10000,
                              n_iter_no_change=100, random_state=42,
                              scoring='neg_root_mean_squared_error')",100,0.05,squared_error,32,3,1.0,255,400,FunctionTransformer(func=<function reshape at 0x7fdb1d1c0360>),passthrough,"{'first_scale': 'passthrough', 'frequency': 'passthrough', 'model': HistGradientBoostingRegressor(early_stopping=True, max_iter=10000,
                              n_iter_no_change=100, random_state=42,
                              scoring='neg_root_mean_squared_error'), 'model__l2_regularization': 100, 'model__learning_rate': 0.05, 'model__loss': 'squared_error', 'model__max_bins': 32, 'model__max_depth': 3, 'model__max_features': 1.0, 'model__max_leaf_nodes': 255, 'model__min_samples_leaf': 400, 'reshape': FunctionTransformer(func=<function reshape at 0x7fdb1d1c0360>), 'second_scale': 'passthrough'}",0.07546150706017474,0.07546150706017474,0.0,1,0.5247256910011608,0.5247256910011608,0.0,0.9615292470537884,0.6894014135457217
0,3625.5959470272064,0.0,12.990752220153809,0.0,passthrough,passthrough,"HistGradientBoostingRegressor(early_stopping=True, max_iter=10000,
                              n_iter_no_change=100, random_state=42,
                              scoring='neg_root_mean_squared_error')",200,0.1,squared_error,32,3,0.5,511,200,FunctionTransformer(func=<function reshape at 0x7fdb1d1c0360>),passthrough,"{'first_scale': 'passthrough', 'frequency': 'passthrough', 'model': HistGradientBoostingRegressor(early_stopping=True, max_iter=10000,
                              n_iter_no_change=100, random_state=42,
                              scoring='neg_root_mean_squared_error'), 'model__l2_regularization': 200, 'model__learning_rate': 0.1, 'model__loss': 'squared_error', 'model__max_bins': 32, 'model__max_depth': 3, 'model__max_features': 0.5, 'model__max_leaf_nodes': 511, 'model__min_samples_leaf': 200, 'reshape': FunctionTransformer(func=<function reshape at 0x7fdb1d1c0360>), 'second_scale': 'passthrough'}",0.0730379440643677,0.0730379440643677,0.0,1,0.4611071148954703,0.4611071148954703,0.0,0.9627886870625518,0.7340932400618668
0,6410.371741771698,0.0,15.665700435638428,0.0,passthrough,passthrough,"HistGradientBoostingRegressor(early_stopping=True, max_iter=10000,
                              n_iter_no_change=100, random_state=42,
                              scoring='neg_root_mean_squared_error')",50,0.1,squared_error,32,3,1.0,511,400,FunctionTransformer(func=<function reshape at 0x7fdb1d1c0360>),passthrough,"{'first_scale': 'passthrough', 'frequency': 'passthrough', 'model': HistGradientBoostingRegressor(early_stopping=True, max_iter=10000,
                              n_iter_no_change=100, random_state=42,
                              scoring='neg_root_mean_squared_error'), 'model__l2_regularization': 50, 'model__learning_rate': 0.1, 'model__loss': 'squared_error', 'model__max_bins': 32, 'model__max_depth': 3, 'model__max_features': 1.0, 'model__max_leaf_nodes': 511, 'model__min_samples_leaf': 400, 'reshape': FunctionTransformer(func=<function reshape at 0x7fdb1d1c0360>), 'second_scale': 'passthrough'}",0.07056350918845178,0.07056350918845178,0.0,1,0.4943233982102424,0.4943233982102424,0.0,0.9640728659243285,0.711109416186959
0,10767.414793491364,0.0,24.955730199813843,0.0,passthrough,passthrough,"HistGradientBoostingRegressor(early_stopping=True, max_iter=10000,
                              n_iter_no_change=100, random_state=42,
                              scoring='neg_root_mean_squared_error')",50,0.05,squared_error,32,3,0.5,511,800,FunctionTransformer(func=<function reshape at 0x7fdb1d1c0360>),passthrough,"{'first_scale': 'passthrough', 'frequency': 'passthrough', 'model': HistGradientBoostingRegressor(early_stopping=True, max_iter=10000,
                              n_iter_no_change=100, random_state=42,
                              scoring='neg_root_mean_squared_error'), 'model__l2_regularization': 50, 'model__learning_rate': 0.05, 'model__loss': 'squared_error', 'model__max_bins': 32, 'model__max_depth': 3, 'model__max_features': 0.5, 'model__max_leaf_nodes': 511, 'model__min_samples_leaf': 800, 'reshape': FunctionTransformer(func=<function reshape at 0x7fdb1d1c0360>), 'second_scale': 'passthrough'}",0.07970259367275001,0.07970259367275001,0.0,1,0.4886785189003855,0.4886785189003855,0.0,0.9593213259003732,0.7150674661174388
0,13181.678946495056,0.0,36.64098763465881,0.0,passthrough,passthrough,"HistGradientBoostingRegressor(early_stopping=True, max_iter=10000,
                              n_iter_no_change=100, random_state=42,
                              scoring='neg_root_mean_squared_error')",400,0.05,squared_error,32,3,0.2,511,800,FunctionTransformer(func=<function reshape at 0x7fdb1d1c0360>),passthrough,"{'first_scale': 'passthrough', 'frequency': 'passthrough', 'model': HistGradientBoostingRegressor(early_stopping=True, max_iter=10000,
                              n_iter_no_change=100, random_state=42,
                              scoring='neg_root_mean_squared_error'), 'model__l2_regularization': 400, 'model__learning_rate': 0.05, 'model__loss': 'squared_error', 'model__max_bins': 32, 'model__max_depth': 3, 'model__max_features': 0.2, 'model__max_leaf_nodes': 511, 'model__min_samples_leaf': 800, 'reshape': FunctionTransformer(func=<function reshape at 0x7fdb1d1c0360>), 'second_scale': 'passthrough'}",0.07889250317076912,0.07889250317076912,0.0,1,0.5174640974078399,0.5174640974078399,0.0,0.9597434536527096,0.6946480422430916
0,4752.705896615982,0.0,23.77804732322693,0.0,passthrough,passthrough,"HistGradientBoostingRegressor(early_stopping=True, max_iter=10000,
                              n_iter_no_change=100, random_state=42,
                              scoring='neg_root_mean_squared_error')",200,0.1,squared_error,32,3,0.5,255,800,FunctionTransformer(func=<function reshape at 0x7fdb1d1c0360>),passthrough,"{'first_scale': 'passthrough', 'frequency': 'passthrough', 'model': HistGradientBoostingRegressor(early_stopping=True, max_iter=10000,
                              n_iter_no_change=100, random_state=42,
                              scoring='neg_root_mean_squared_error'), 'model__l2_regularization': 200, 'model__learning_rate': 0.1, 'model__loss': 'squared_error', 'model__max_bins': 32, 'model__max_depth': 3, 'model__max_features': 0.5, 'model__max_leaf_nodes': 255, 'model__min_samples_leaf': 800, 'reshape': FunctionTransformer(func=<function reshape at 0x7fdb1d1c0360>), 'second_scale': 'passthrough'}",0.0710521998780771,0.0710521998780771,0.0,1,0.49643147864146664,0.49643147864146664,0.0,0.9638193814828185,0.7096256205623732
0,19889.694301843643,0.0,39.77528238296509,0.0,passthrough,passthrough,"HistGradientBoostingRegressor(early_stopping=True, max_iter=10000,
                              n_iter_no_change=100, random_state=42,
                              scoring='neg_root_mean_squared_error')",100,0.05,squared_error,32,6,0.2,255,800,FunctionTransformer(func=<function reshape at 0x7fdb1d1c0360>),passthrough,"{'first_scale': 'passthrough', 'frequency': 'passthrough', 'model': HistGradientBoostingRegressor(early_stopping=True, max_iter=10000,
                              n_iter_no_change=100, random_state=42,
                              scoring='neg_root_mean_squared_error'), 'model__l2_regularization': 100, 'model__learning_rate': 0.05, 'model__loss': 'squared_error', 'model__max_bins': 32, 'model__max_depth': 6, 'model__max_features': 0.2, 'model__max_leaf_nodes': 255, 'model__min_samples_leaf': 800, 'reshape': FunctionTransformer(func=<function reshape at 0x7fdb1d1c0360>), 'second_scale': 'passthrough'}",0.07386811292522533,0.07386811292522533,0.0,1,0.8351673222291011,0.8351673222291011,0.0,0.962357463250935,0.40599590856423534
0,31722.4847342968,0.0,104.36161088943481,0.0,passthrough,passthrough,"HistGradientBoostingRegressor(early_stopping=True, max_iter=10000,
                              n_iter_no_change=100, random_state=42,
                              scoring='neg_root_mean_squared_error')",200,0.0025,squared_error,63,6,0.5,127,3200,FunctionTransformer(func=<function reshape at 0x7fdb1d1c0360>),passthrough,"{'first_scale': 'passthrough', 'frequency': 'passthrough', 'model': HistGradientBoostingRegressor(early_stopping=True, max_iter=10000,
                              n_iter_no_change=100, random_state=42,
                              scoring='neg_root_mean_squared_error'), 'model__l2_regularization': 200, 'model__learning_rate': 0.0025, 'model__loss': 'squared_error', 'model__max_bins': 63, 'model__max_depth': 6, 'model__max_features': 0.5, 'model__max_leaf_nodes': 127, 'model__min_samples_leaf': 3200, 'reshape': FunctionTransformer(func=<function reshape at 0x7fdb1d1c0360>), 'second_scale': 'passthrough'}",0.08742318855004139,0.08742318855004139,0.0,1,0.22748809115851387,0.22748809115851387,0.0,0.9552888628315305,0.878926566239459
0,12971.928815364838,0.0,28.875500917434692,0.0,passthrough,passthrough,"HistGradientBoostingRegressor(early_stopping=True, max_iter=10000,
                              n_iter_no_change=100, random_state=42,
                              scoring='neg_root_mean_squared_error')",100,0.05,squared_error,32,3,0.2,127,400,FunctionTransformer(func=<function reshape at 0x7fdb1d1c0360>),passthrough,"{'first_scale': 'passthrough', 'frequency': 'passthrough', 'model': HistGradientBoostingRegressor(early_stopping=True, max_iter=10000,
                              n_iter_no_change=100, random_state=42,
                              scoring='neg_root_mean_squared_error'), 'model__l2_regularization': 100, 'model__learning_rate': 0.05, 'model__loss': 'squared_error', 'model__max_bins': 32, 'model__max_depth': 3, 'model__max_features': 0.2, 'model__max_leaf_nodes': 127, 'model__min_samples_leaf': 400, 'reshape': FunctionTransformer(func=<function reshape at 0x7fdb1d1c0360>), 'second_scale': 'passthrough'}",0.07978266702840198,0.07978266702840198,0.0,1,0.5018405027059336,0.5018405027059336,0.0,0.9592795906155817,0.70580414938853
0,7584.805811882019,0.0,18.223856449127197,0.0,passthrough,passthrough,"HistGradientBoostingRegressor(early_stopping=True, max_iter=10000,
                              n_iter_no_change=100, random_state=42,
                              scoring='neg_root_mean_squared_error')",100,0.1,squared_error,32,3,1.0,511,400,FunctionTransformer(func=<function reshape at 0x7fdb1d1c0360>),passthrough,"{'first_scale': 'passthrough', 'frequency': 'passthrough', 'model': HistGradientBoostingRegressor(early_stopping=True, max_iter=10000,
                              n_iter_no_change=100, random_state=42,
                              scoring='neg_root_mean_squared_error'), 'model__l2_regularization': 100, 'model__learning_rate': 0.1, 'model__loss': 'squared_error', 'model__max_bins': 32, 'model__max_depth': 3, 'model__max_features': 1.0, 'model__max_leaf_nodes': 511, 'model__min_samples_leaf': 400, 'reshape': FunctionTransformer(func=<function reshape at 0x7fdb1d1c0360>), 'second_scale': 'passthrough'}",0.06923647208957018,0.06923647208957018,0.0,1,0.500657394992404,0.500657394992404,0.0,0.9647608656607242,0.7066417798344476
0,17278.110039711,0.0,47.33320951461792,0.0,passthrough,passthrough,"HistGradientBoostingRegressor(early_stopping=True, max_iter=10000,
                              n_iter_no_change=100, random_state=42,
                              scoring='neg_root_mean_squared_error')",200,0.05,squared_error,32,6,0.2,127,400,FunctionTransformer(func=<function reshape at 0x7fdb1d1c0360>),passthrough,"{'first_scale': 'passthrough', 'frequency': 'passthrough', 'model': HistGradientBoostingRegressor(early_stopping=True, max_iter=10000,
                              n_iter_no_change=100, random_state=42,
                              scoring='neg_root_mean_squared_error'), 'model__l2_regularization': 200, 'model__learning_rate': 0.05, 'model__loss': 'squared_error', 'model__max_bins': 32, 'model__max_depth': 6, 'model__max_features': 0.2, 'model__max_leaf_nodes': 127, 'model__min_samples_leaf': 400, 'reshape': FunctionTransformer(func=<function reshape at 0x7fdb1d1c0360>), 'second_scale': 'passthrough'}",0.0756478876600376,0.0756478876600376,0.0,1,0.8827510163368881,0.8827510163368881,0.0,0.961432323328045,0.34241638930271995
0,31594.392813682556,0.0,103.90723991394043,0.0,passthrough,passthrough,"HistGradientBoostingRegressor(early_stopping=True, max_iter=10000,
                              n_iter_no_change=100, random_state=42,
                              scoring='neg_root_mean_squared_error')",200,0.0025,squared_error,63,6,0.5,255,3200,FunctionTransformer(func=<function reshape at 0x7fdb1d1c0360>),passthrough,"{'first_scale': 'passthrough', 'frequency': 'passthrough', 'model': HistGradientBoostingRegressor(early_stopping=True, max_iter=10000,
                              n_iter_no_change=100, random_state=42,
                              scoring='neg_root_mean_squared_error'), 'model__l2_regularization': 200, 'model__learning_rate': 0.0025, 'model__loss': 'squared_error', 'model__max_bins': 63, 'model__max_depth': 6, 'model__max_features': 0.5, 'model__max_leaf_nodes': 255, 'model__min_samples_leaf': 3200, 'reshape': FunctionTransformer(func=<function reshape at 0x7fdb1d1c0360>), 'second_scale': 'passthrough'}",0.08742318855004139,0.08742318855004139,0.0,1,0.22748809115851387,0.22748809115851387,0.0,0.9552888628315305,0.878926566239459
0,8540.41494846344,0.0,21.364500522613525,0.0,passthrough,passthrough,"HistGradientBoostingRegressor(early_stopping=True, max_iter=10000,
                              n_iter_no_change=100, random_state=42,
                              scoring='neg_root_mean_squared_error')",100,0.1,squared_error,32,3,1.0,127,800,FunctionTransformer(func=<function reshape at 0x7fdb1d1c0360>),passthrough,"{'first_scale': 'passthrough', 'frequency': 'passthrough', 'model': HistGradientBoostingRegressor(early_stopping=True, max_iter=10000,
                              n_iter_no_change=100, random_state=42,
                              scoring='neg_root_mean_squared_error'), 'model__l2_regularization': 100, 'model__learning_rate': 0.1, 'model__loss': 'squared_error', 'model__max_bins': 32, 'model__max_depth': 3, 'model__max_features': 1.0, 'model__max_leaf_nodes': 127, 'model__min_samples_leaf': 800, 'reshape': FunctionTransformer(func=<function reshape at 0x7fdb1d1c0360>), 'second_scale': 'passthrough'}",0.06625160261629615,0.06625160261629615,0.0,1,0.5226644983612555,0.5226644983612555,0.0,0.9663065752563748,0.6908947109645177
0,13152.00486588478,0.0,33.37481904029846,0.0,passthrough,passthrough,"HistGradientBoostingRegressor(early_stopping=True, max_iter=10000,
                              n_iter_no_change=100, random_state=42,
                              scoring='neg_root_mean_squared_error')",50,0.05,squared_error,32,3,1.0,255,200,FunctionTransformer(func=<function reshape at 0x7fdb1d1c0360>),passthrough,"{'first_scale': 'passthrough', 'frequency': 'passthrough', 'model': HistGradientBoostingRegressor(early_stopping=True, max_iter=10000,
                              n_iter_no_change=100, random_state=42,
                              scoring='neg_root_mean_squared_error'), 'model__l2_regularization': 50, 'model__learning_rate': 0.05, 'model__loss': 'squared_error', 'model__max_bins': 32, 'model__max_depth': 3, 'model__max_features': 1.0, 'model__max_leaf_nodes': 255, 'model__min_samples_leaf': 200, 'reshape': FunctionTransformer(func=<function reshape at 0x7fdb1d1c0360>), 'second_scale': 'passthrough'}",0.07474750747382997,0.07474750747382997,0.0,1,0.5260882637988831,0.5260882637988831,0.0,0.9619004587410124,0.6884124753380904
0,7791.535936832428,0.0,25.90098285675049,0.0,passthrough,passthrough,"HistGradientBoostingRegressor(early_stopping=True, max_iter=10000,
                              n_iter_no_change=100, random_state=42,
                              scoring='neg_root_mean_squared_error')",400,0.1,squared_error,32,3,0.5,511,800,FunctionTransformer(func=<function reshape at 0x7fdb1d1c0360>),passthrough,"{'first_scale': 'passthrough', 'frequency': 'passthrough', 'model': HistGradientBoostingRegressor(early_stopping=True, max_iter=10000,
                              n_iter_no_change=100, random_state=42,
                              scoring='neg_root_mean_squared_error'), 'model__l2_regularization': 400, 'model__learning_rate': 0.1, 'model__loss': 'squared_error', 'model__max_bins': 32, 'model__max_depth': 3, 'model__max_features': 0.5, 'model__max_leaf_nodes': 511, 'model__min_samples_leaf': 800, 'reshape': FunctionTransformer(func=<function reshape at 0x7fdb1d1c0360>), 'second_scale': 'passthrough'}",0.06788627485492416,0.06788627485492416,0.0,1,0.5517370113926144,0.5517370113926144,0.0,0.9654603695362518,0.6695244495964173
0,15668.365112066269,0.0,33.12279748916626,0.0,passthrough,passthrough,"HistGradientBoostingRegressor(early_stopping=True, max_iter=10000,
                              n_iter_no_change=100, random_state=42,
                              scoring='neg_root_mean_squared_error')",100,0.05,squared_error,32,3,0.2,255,800,FunctionTransformer(func=<function reshape at 0x7fdb1d1c0360>),passthrough,"{'first_scale': 'passthrough', 'frequency': 'passthrough', 'model': HistGradientBoostingRegressor(early_stopping=True, max_iter=10000,
                              n_iter_no_change=100, random_state=42,
                              scoring='neg_root_mean_squared_error'), 'model__l2_regularization': 100, 'model__learning_rate': 0.05, 'model__loss': 'squared_error', 'model__max_bins': 32, 'model__max_depth': 3, 'model__max_features': 0.2, 'model__max_leaf_nodes': 255, 'model__min_samples_leaf': 800, 'reshape': FunctionTransformer(func=<function reshape at 0x7fdb1d1c0360>), 'second_scale': 'passthrough'}",0.07818729810375002,0.07818729810375002,0.0,1,0.5320100011429193,0.5320100011429193,0.0,0.9601107758463343,0.6840979453682643
0,19667.80086350441,0.0,62.638291358947754,0.0,passthrough,passthrough,"HistGradientBoostingRegressor(early_stopping=True, max_iter=10000,
                              n_iter_no_change=100, random_state=42,
                              scoring='neg_root_mean_squared_error')",200,0.05,squared_error,32,6,0.5,127,800,FunctionTransformer(func=<function reshape at 0x7fdb1d1c0360>),passthrough,"{'first_scale': 'passthrough', 'frequency': 'passthrough', 'model': HistGradientBoostingRegressor(early_stopping=True, max_iter=10000,
                              n_iter_no_change=100, random_state=42,
                              scoring='neg_root_mean_squared_error'), 'model__l2_regularization': 200, 'model__learning_rate': 0.05, 'model__loss': 'squared_error', 'model__max_bins': 32, 'model__max_depth': 6, 'model__max_features': 0.5, 'model__max_leaf_nodes': 127, 'model__min_samples_leaf': 800, 'reshape': FunctionTransformer(func=<function reshape at 0x7fdb1d1c0360>), 'second_scale': 'passthrough'}",0.07230628026956165,0.07230628026956165,0.0,1,0.8904222408072904,0.8904222408072904,0.0,0.9631685832347514,0.33102531503301924
0,8668.200259685516,0.0,25.110562324523926,0.0,passthrough,passthrough,"HistGradientBoostingRegressor(early_stopping=True, max_iter=10000,
                              n_iter_no_change=100, random_state=42,
                              scoring='neg_root_mean_squared_error')",400,0.05,squared_error,32,3,0.5,127,200,FunctionTransformer(func=<function reshape at 0x7fdb1d1c0360>),passthrough,"{'first_scale': 'passthrough', 'frequency': 'passthrough', 'model': HistGradientBoostingRegressor(early_stopping=True, max_iter=10000,
                              n_iter_no_change=100, random_state=42,
                              scoring='neg_root_mean_squared_error'), 'model__l2_regularization': 400, 'model__learning_rate': 0.05, 'model__loss': 'squared_error', 'model__max_bins': 32, 'model__max_depth': 3, 'model__max_features': 0.5, 'model__max_leaf_nodes': 127, 'model__min_samples_leaf': 200, 'reshape': FunctionTransformer(func=<function reshape at 0x7fdb1d1c0360>), 'second_scale': 'passthrough'}",0.08206337427427901,0.08206337427427901,0.0,1,0.44104752875512965,0.44104752875512965,0.0,0.9580900926978219,0.7476312401477552
0,13881.209096193314,0.0,36.043278217315674,0.0,passthrough,passthrough,"HistGradientBoostingRegressor(early_stopping=True, max_iter=10000,
                              n_iter_no_change=100, random_state=42,
                              scoring='neg_root_mean_squared_error')",200,0.05,squared_error,32,6,0.2,127,200,FunctionTransformer(func=<function reshape at 0x7fdb1d1c0360>),passthrough,"{'first_scale': 'passthrough', 'frequency': 'passthrough', 'model': HistGradientBoostingRegressor(early_stopping=True, max_iter=10000,
                              n_iter_no_change=100, random_state=42,
                              scoring='neg_root_mean_squared_error'), 'model__l2_regularization': 200, 'model__learning_rate': 0.05, 'model__loss': 'squared_error', 'model__max_bins': 32, 'model__max_depth': 6, 'model__max_features': 0.2, 'model__max_leaf_nodes': 127, 'model__min_samples_leaf': 200, 'reshape': FunctionTransformer(func=<function reshape at 0x7fdb1d1c0360>), 'second_scale': 'passthrough'}",0.07799528210147244,0.07799528210147244,0.0,1,0.8655266955070888,0.8655266955070888,0.0,0.9602107674352166,0.3667060191664587
0,28327.352498054504,0.0,80.31081342697144,0.0,passthrough,passthrough,"HistGradientBoostingRegressor(early_stopping=True, max_iter=10000,
                              n_iter_no_change=100, random_state=42,
                              scoring='neg_root_mean_squared_error')",400,0.005,squared_error,63,None,1.0,127,6400,FunctionTransformer(func=<function reshape at 0x7fdb1d1c0360>),passthrough,"{'first_scale': 'passthrough', 'frequency': 'passthrough', 'model': HistGradientBoostingRegressor(early_stopping=True, max_iter=10000,
                              n_iter_no_change=100, random_state=42,
                              scoring='neg_root_mean_squared_error'), 'model__l2_regularization': 400, 'model__learning_rate': 0.005, 'model__loss': 'squared_error', 'model__max_bins': 63, 'model__max_depth': None, 'model__max_features': 1.0, 'model__max_leaf_nodes': 127, 'model__min_samples_leaf': 6400, 'reshape': FunctionTransformer(func=<function reshape at 0x7fdb1d1c0360>), 'second_scale': 'passthrough'}",0.08528102592761055,0.08528102592761055,0.0,1,0.23772198921865084,0.23772198921865084,0.0,0.9564094175991731,0.8730853399189274
