,mean_fit_time,std_fit_time,mean_score_time,std_score_time,param_first_scale,param_frequency,param_model,param_model__l2_regularization,param_model__learning_rate,param_model__loss,param_model__max_bins,param_model__max_depth,param_model__max_features,param_model__max_leaf_nodes,param_model__min_samples_leaf,param_reshape,param_second_scale,params,split0_test_score,mean_test_score,std_test_score,rank_test_score,split0_train_score,mean_train_score,std_train_score,nrmse_test,nrmse_train
0,26232.30393886566,0.0,61.613468408584595,0.0,passthrough,passthrough,"HistGradientBoostingRegressor(early_stopping=True, max_iter=10000,
                              n_iter_no_change=100, random_state=42,
                              scoring='neg_root_mean_squared_error')",200,0.02,absolute_error,32,3,0.2,255,3200,FunctionTransformer(func=<function reshape at 0x7fdb1d1c0360>),passthrough,"{'first_scale': 'passthrough', 'frequency': 'passthrough', 'model': HistGradientBoostingRegressor(early_stopping=True, max_iter=10000,
                              n_iter_no_change=100, random_state=42,
                              scoring='neg_root_mean_squared_error'), 'model__l2_regularization': 200, 'model__learning_rate': 0.02, 'model__loss': 'absolute_error', 'model__max_bins': 32, 'model__max_depth': 3, 'model__max_features': 0.2, 'model__max_leaf_nodes': 255, 'model__min_samples_leaf': 3200, 'reshape': FunctionTransformer(func=<function reshape at 0x7fdb1d1c0360>), 'second_scale': 'passthrough'}",0.08277532819616584,0.08277532819616584,0.0,1,0.18813019453003654,0.18813019453003654,0.0,0.9577184721011881,0.9010381820266905
0,24453.72190451622,0.0,109.4804139137268,0.0,passthrough,passthrough,"HistGradientBoostingRegressor(early_stopping=True, max_iter=10000,
                              n_iter_no_change=100, random_state=42,
                              scoring='neg_root_mean_squared_error')",200,0.05,squared_error,63,None,0.005,255,1600,FunctionTransformer(func=<function reshape at 0x7fdb1d1c0360>),passthrough,"{'first_scale': 'passthrough', 'frequency': 'passthrough', 'model': HistGradientBoostingRegressor(early_stopping=True, max_iter=10000,
                              n_iter_no_change=100, random_state=42,
                              scoring='neg_root_mean_squared_error'), 'model__l2_regularization': 200, 'model__learning_rate': 0.05, 'model__loss': 'squared_error', 'model__max_bins': 63, 'model__max_depth': None, 'model__max_features': 0.005, 'model__max_leaf_nodes': 255, 'model__min_samples_leaf': 1600, 'reshape': FunctionTransformer(func=<function reshape at 0x7fdb1d1c0360>), 'second_scale': 'passthrough'}",0.07748624712340102,0.07748624712340102,0.0,1,0.7777319771285106,0.7777319771285106,0.0,0.9604757950498279,0.47145309721274437
0,26495.739835739136,0.0,62.22676706314087,0.0,passthrough,passthrough,"HistGradientBoostingRegressor(early_stopping=True, max_iter=10000,
                              n_iter_no_change=100, random_state=42,
                              scoring='neg_root_mean_squared_error')",200,0.05,absolute_error,32,3,1.0,255,1600,FunctionTransformer(func=<function reshape at 0x7fdb1d1c0360>),passthrough,"{'first_scale': 'passthrough', 'frequency': 'passthrough', 'model': HistGradientBoostingRegressor(early_stopping=True, max_iter=10000,
                              n_iter_no_change=100, random_state=42,
                              scoring='neg_root_mean_squared_error'), 'model__l2_regularization': 200, 'model__learning_rate': 0.05, 'model__loss': 'absolute_error', 'model__max_bins': 32, 'model__max_depth': 3, 'model__max_features': 1.0, 'model__max_leaf_nodes': 255, 'model__min_samples_leaf': 1600, 'reshape': FunctionTransformer(func=<function reshape at 0x7fdb1d1c0360>), 'second_scale': 'passthrough'}",0.08585574248433303,0.08585574248433303,0.0,1,0.23325889706342073,0.23325889706342073,0.0,0.95610891509057,0.8756375408447146
0,24399.081114053726,0.0,82.24000430107117,0.0,passthrough,passthrough,"HistGradientBoostingRegressor(early_stopping=True, max_iter=10000,
                              n_iter_no_change=100, random_state=42,
                              scoring='neg_root_mean_squared_error')",200,0.02,squared_error,63,3,0.005,255,1600,FunctionTransformer(func=<function reshape at 0x7fdb1d1c0360>),passthrough,"{'first_scale': 'passthrough', 'frequency': 'passthrough', 'model': HistGradientBoostingRegressor(early_stopping=True, max_iter=10000,
                              n_iter_no_change=100, random_state=42,
                              scoring='neg_root_mean_squared_error'), 'model__l2_regularization': 200, 'model__learning_rate': 0.02, 'model__loss': 'squared_error', 'model__max_bins': 63, 'model__max_depth': 3, 'model__max_features': 0.005, 'model__max_leaf_nodes': 255, 'model__min_samples_leaf': 1600, 'reshape': FunctionTransformer(func=<function reshape at 0x7fdb1d1c0360>), 'second_scale': 'passthrough'}",0.09083578535600467,0.09083578535600467,0.0,1,0.32724655633598454,0.32724655633598454,0.0,0.9535010302270236,0.8202154861157008
0,26789.265296459198,0.0,64.89534068107605,0.0,passthrough,passthrough,"HistGradientBoostingRegressor(early_stopping=True, max_iter=10000,
                              n_iter_no_change=100, random_state=42,
                              scoring='neg_root_mean_squared_error')",50,0.05,absolute_error,32,3,0.5,127,800,FunctionTransformer(func=<function reshape at 0x7fdb1d1c0360>),passthrough,"{'first_scale': 'passthrough', 'frequency': 'passthrough', 'model': HistGradientBoostingRegressor(early_stopping=True, max_iter=10000,
                              n_iter_no_change=100, random_state=42,
                              scoring='neg_root_mean_squared_error'), 'model__l2_regularization': 50, 'model__learning_rate': 0.05, 'model__loss': 'absolute_error', 'model__max_bins': 32, 'model__max_depth': 3, 'model__max_features': 0.5, 'model__max_leaf_nodes': 127, 'model__min_samples_leaf': 800, 'reshape': FunctionTransformer(func=<function reshape at 0x7fdb1d1c0360>), 'second_scale': 'passthrough'}",0.0856198023741529,0.0856198023741529,0.0,1,0.23992407647521052,0.23992407647521052,0.0,0.9562322927123132,0.8718233327485503
0,32847.04773187637,0.0,68.63723754882812,0.0,passthrough,passthrough,"HistGradientBoostingRegressor(early_stopping=True, max_iter=10000,
                              n_iter_no_change=100, random_state=42,
                              scoring='neg_root_mean_squared_error')",50,0.05,squared_error,63,6,0.005,127,1600,FunctionTransformer(func=<function reshape at 0x7fdb1d1c0360>),passthrough,"{'first_scale': 'passthrough', 'frequency': 'passthrough', 'model': HistGradientBoostingRegressor(early_stopping=True, max_iter=10000,
                              n_iter_no_change=100, random_state=42,
                              scoring='neg_root_mean_squared_error'), 'model__l2_regularization': 50, 'model__learning_rate': 0.05, 'model__loss': 'squared_error', 'model__max_bins': 63, 'model__max_depth': 6, 'model__max_features': 0.005, 'model__max_leaf_nodes': 127, 'model__min_samples_leaf': 1600, 'reshape': FunctionTransformer(func=<function reshape at 0x7fdb1d1c0360>), 'second_scale': 'passthrough'}",0.07367859474556138,0.07367859474556138,0.0,1,0.7506137377710693,0.7506137377710693,0.0,0.9624559237982998,0.4993858850918102
0,26297.61351943016,0.0,58.21744394302368,0.0,passthrough,passthrough,"HistGradientBoostingRegressor(early_stopping=True, max_iter=10000,
                              n_iter_no_change=100, random_state=42,
                              scoring='neg_root_mean_squared_error')",200,0.02,absolute_error,32,3,0.5,255,3200,FunctionTransformer(func=<function reshape at 0x7fdb1d1c0360>),passthrough,"{'first_scale': 'passthrough', 'frequency': 'passthrough', 'model': HistGradientBoostingRegressor(early_stopping=True, max_iter=10000,
                              n_iter_no_change=100, random_state=42,
                              scoring='neg_root_mean_squared_error'), 'model__l2_regularization': 200, 'model__learning_rate': 0.02, 'model__loss': 'absolute_error', 'model__max_bins': 32, 'model__max_depth': 3, 'model__max_features': 0.5, 'model__max_leaf_nodes': 255, 'model__min_samples_leaf': 3200, 'reshape': FunctionTransformer(func=<function reshape at 0x7fdb1d1c0360>), 'second_scale': 'passthrough'}",0.08391229475648243,0.08391229475648243,0.0,1,0.19000803120959953,0.19000803120959953,0.0,0.9571247072578983,0.8999955382058293
0,29113.24159836769,0.0,53.71630096435547,0.0,passthrough,passthrough,"HistGradientBoostingRegressor(early_stopping=True, max_iter=20000,
                              n_iter_no_change=100, random_state=42,
                              scoring='neg_root_mean_squared_error')",5000,0.0025,squared_error,32,1,0.02,31,50,FunctionTransformer(func=<function reshape at 0x7fdb1d1c0360>),passthrough,"{'first_scale': 'passthrough', 'frequency': 'passthrough', 'model': HistGradientBoostingRegressor(early_stopping=True, max_iter=20000,
                              n_iter_no_change=100, random_state=42,
                              scoring='neg_root_mean_squared_error'), 'model__l2_regularization': 5000, 'model__learning_rate': 0.0025, 'model__loss': 'squared_error', 'model__max_bins': 32, 'model__max_depth': 1, 'model__max_features': 0.02, 'model__max_leaf_nodes': 31, 'model__min_samples_leaf': 50, 'reshape': FunctionTransformer(func=<function reshape at 0x7fdb1d1c0360>), 'second_scale': 'passthrough'}",0.0643273267124338,0.0643273267124338,0.0,1,0.09063459253062511,0.09063459253062511,0.0,0.9673017488289609,0.9536065265450813
0,29129.836488723755,0.0,53.92083787918091,0.0,passthrough,passthrough,"HistGradientBoostingRegressor(early_stopping=True, max_iter=20000,
                              n_iter_no_change=100, random_state=42,
                              scoring='neg_root_mean_squared_error')",5000,0.0015,squared_error,32,1,0.02,31,50,FunctionTransformer(func=<function reshape at 0x7fdb1d1c0360>),passthrough,"{'first_scale': 'passthrough', 'frequency': 'passthrough', 'model': HistGradientBoostingRegressor(early_stopping=True, max_iter=20000,
                              n_iter_no_change=100, random_state=42,
                              scoring='neg_root_mean_squared_error'), 'model__l2_regularization': 5000, 'model__learning_rate': 0.0015, 'model__loss': 'squared_error', 'model__max_bins': 32, 'model__max_depth': 1, 'model__max_features': 0.02, 'model__max_leaf_nodes': 31, 'model__min_samples_leaf': 50, 'reshape': FunctionTransformer(func=<function reshape at 0x7fdb1d1c0360>), 'second_scale': 'passthrough'}",0.058134060580565694,0.058134060580565694,0.0,1,0.07880650217858043,0.07880650217858043,0.0,0.9704977791934581,0.959788256763657
0,26624.900324344635,0.0,66.72680163383484,0.0,passthrough,passthrough,"HistGradientBoostingRegressor(early_stopping=True, max_iter=10000,
                              n_iter_no_change=100, random_state=42,
                              scoring='neg_root_mean_squared_error')",50,0.05,absolute_error,32,3,0.2,127,800,FunctionTransformer(func=<function reshape at 0x7fdb1d1c0360>),passthrough,"{'first_scale': 'passthrough', 'frequency': 'passthrough', 'model': HistGradientBoostingRegressor(early_stopping=True, max_iter=10000,
                              n_iter_no_change=100, random_state=42,
                              scoring='neg_root_mean_squared_error'), 'model__l2_regularization': 50, 'model__learning_rate': 0.05, 'model__loss': 'absolute_error', 'model__max_bins': 32, 'model__max_depth': 3, 'model__max_features': 0.2, 'model__max_leaf_nodes': 127, 'model__min_samples_leaf': 800, 'reshape': FunctionTransformer(func=<function reshape at 0x7fdb1d1c0360>), 'second_scale': 'passthrough'}",0.08484551619439595,0.08484551619439595,0.0,1,0.23642840720225367,0.23642840720225367,0.0,0.9566370700561442,0.8738258366503856
0,26983.849046468735,0.0,62.76210379600525,0.0,passthrough,passthrough,"HistGradientBoostingRegressor(early_stopping=True, max_iter=10000,
                              n_iter_no_change=100, random_state=42,
                              scoring='neg_root_mean_squared_error')",10,0.005,squared_error,63,3,0.005,127,1600,FunctionTransformer(func=<function reshape at 0x7fdb1d1c0360>),passthrough,"{'first_scale': 'passthrough', 'frequency': 'passthrough', 'model': HistGradientBoostingRegressor(early_stopping=True, max_iter=10000,
                              n_iter_no_change=100, random_state=42,
                              scoring='neg_root_mean_squared_error'), 'model__l2_regularization': 10, 'model__learning_rate': 0.005, 'model__loss': 'squared_error', 'model__max_bins': 63, 'model__max_depth': 3, 'model__max_features': 0.005, 'model__max_leaf_nodes': 127, 'model__min_samples_leaf': 1600, 'reshape': FunctionTransformer(func=<function reshape at 0x7fdb1d1c0360>), 'second_scale': 'passthrough'}",0.08784635662853002,0.08784635662853002,0.0,1,0.18700866812449513,0.18700866812449513,0.0,0.9550673501756146,0.9016603195635843
0,26899.252435207367,0.0,60.31625843048096,0.0,passthrough,passthrough,"HistGradientBoostingRegressor(early_stopping=True, max_iter=10000,
                              n_iter_no_change=100, random_state=42,
                              scoring='neg_root_mean_squared_error')",50,0.02,absolute_error,32,3,1.0,255,1600,FunctionTransformer(func=<function reshape at 0x7fdb1d1c0360>),passthrough,"{'first_scale': 'passthrough', 'frequency': 'passthrough', 'model': HistGradientBoostingRegressor(early_stopping=True, max_iter=10000,
                              n_iter_no_change=100, random_state=42,
                              scoring='neg_root_mean_squared_error'), 'model__l2_regularization': 50, 'model__learning_rate': 0.02, 'model__loss': 'absolute_error', 'model__max_bins': 32, 'model__max_depth': 3, 'model__max_features': 1.0, 'model__max_leaf_nodes': 255, 'model__min_samples_leaf': 1600, 'reshape': FunctionTransformer(func=<function reshape at 0x7fdb1d1c0360>), 'second_scale': 'passthrough'}",0.083526525054608,0.083526525054608,0.0,1,0.20421354122540192,0.20421354122540192,0.0,0.957326211353994,0.8920686401699132
0,26439.427042722702,0.0,64.46882152557373,0.0,passthrough,passthrough,"HistGradientBoostingRegressor(early_stopping=True, max_iter=10000,
                              n_iter_no_change=100, random_state=42,
                              scoring='neg_root_mean_squared_error')",200,0.05,absolute_error,32,3,0.2,127,1600,FunctionTransformer(func=<function reshape at 0x7fdb1d1c0360>),passthrough,"{'first_scale': 'passthrough', 'frequency': 'passthrough', 'model': HistGradientBoostingRegressor(early_stopping=True, max_iter=10000,
                              n_iter_no_change=100, random_state=42,
                              scoring='neg_root_mean_squared_error'), 'model__l2_regularization': 200, 'model__learning_rate': 0.05, 'model__loss': 'absolute_error', 'model__max_bins': 32, 'model__max_depth': 3, 'model__max_features': 0.2, 'model__max_leaf_nodes': 127, 'model__min_samples_leaf': 1600, 'reshape': FunctionTransformer(func=<function reshape at 0x7fdb1d1c0360>), 'second_scale': 'passthrough'}",0.08505413900574454,0.08505413900574454,0.0,1,0.22737961364241122,0.22737961364241122,0.0,0.9565280241552024,0.8789882743003963
0,28278.408335208893,0.0,73.0794427394867,0.0,passthrough,passthrough,"HistGradientBoostingRegressor(early_stopping=True, max_iter=10000,
                              n_iter_no_change=100, random_state=42,
                              scoring='neg_root_mean_squared_error')",50,0.0025,squared_error,63,3,0.005,127,800,FunctionTransformer(func=<function reshape at 0x7fdb1d1c0360>),passthrough,"{'first_scale': 'passthrough', 'frequency': 'passthrough', 'model': HistGradientBoostingRegressor(early_stopping=True, max_iter=10000,
                              n_iter_no_change=100, random_state=42,
                              scoring='neg_root_mean_squared_error'), 'model__l2_regularization': 50, 'model__learning_rate': 0.0025, 'model__loss': 'squared_error', 'model__max_bins': 63, 'model__max_depth': 3, 'model__max_features': 0.005, 'model__max_leaf_nodes': 127, 'model__min_samples_leaf': 800, 'reshape': FunctionTransformer(func=<function reshape at 0x7fdb1d1c0360>), 'second_scale': 'passthrough'}",0.08066724905314981,0.08066724905314981,0.0,1,0.14696477706760092,0.14696477706760092,0.0,0.9588184139589989,0.9235990596207854
0,17611.662394285202,0.0,24.554686784744263,0.0,passthrough,passthrough,"HistGradientBoostingRegressor(early_stopping=True, max_iter=20000,
                              n_iter_no_change=100, random_state=42,
                              scoring='neg_root_mean_squared_error')",0,0.005,squared_error,32,1,0.2,31,50,FunctionTransformer(func=<function reshape at 0x7fdb1d1c0360>),passthrough,"{'first_scale': 'passthrough', 'frequency': 'passthrough', 'model': HistGradientBoostingRegressor(early_stopping=True, max_iter=20000,
                              n_iter_no_change=100, random_state=42,
                              scoring='neg_root_mean_squared_error'), 'model__l2_regularization': 0, 'model__learning_rate': 0.005, 'model__loss': 'squared_error', 'model__max_bins': 32, 'model__max_depth': 1, 'model__max_features': 0.2, 'model__max_leaf_nodes': 31, 'model__min_samples_leaf': 50, 'reshape': FunctionTransformer(func=<function reshape at 0x7fdb1d1c0360>), 'second_scale': 'passthrough'}",0.07209005829263904,0.07209005829263904,0.0,1,0.11497754969165352,0.11497754969165352,0.0,0.9632808218309762,0.940756318239929
0,19613.237641096115,0.0,86.0654706954956,0.0,passthrough,passthrough,"HistGradientBoostingRegressor(early_stopping=True, max_iter=10000,
                              n_iter_no_change=100, random_state=42,
                              scoring='neg_root_mean_squared_error')",400,0.02,squared_error,63,3,0.005,127,800,FunctionTransformer(func=<function reshape at 0x7fdb1d1c0360>),passthrough,"{'first_scale': 'passthrough', 'frequency': 'passthrough', 'model': HistGradientBoostingRegressor(early_stopping=True, max_iter=10000,
                              n_iter_no_change=100, random_state=42,
                              scoring='neg_root_mean_squared_error'), 'model__l2_regularization': 400, 'model__learning_rate': 0.02, 'model__loss': 'squared_error', 'model__max_bins': 63, 'model__max_depth': 3, 'model__max_features': 0.005, 'model__max_leaf_nodes': 127, 'model__min_samples_leaf': 800, 'reshape': FunctionTransformer(func=<function reshape at 0x7fdb1d1c0360>), 'second_scale': 'passthrough'}",0.0911287637368341,0.0911287637368341,0.0,1,0.3540782683663217,0.3540782683663217,0.0,0.9533473848829533,0.8036925603946314
0,26827.787311792374,0.0,70.91339778900146,0.0,passthrough,passthrough,"HistGradientBoostingRegressor(early_stopping=True, max_iter=10000,
                              n_iter_no_change=100, random_state=42,
                              scoring='neg_root_mean_squared_error')",50,0.05,absolute_error,32,3,1.0,127,800,FunctionTransformer(func=<function reshape at 0x7fdb1d1c0360>),passthrough,"{'first_scale': 'passthrough', 'frequency': 'passthrough', 'model': HistGradientBoostingRegressor(early_stopping=True, max_iter=10000,
                              n_iter_no_change=100, random_state=42,
                              scoring='neg_root_mean_squared_error'), 'model__l2_regularization': 50, 'model__learning_rate': 0.05, 'model__loss': 'absolute_error', 'model__max_bins': 32, 'model__max_depth': 3, 'model__max_features': 1.0, 'model__max_leaf_nodes': 127, 'model__min_samples_leaf': 800, 'reshape': FunctionTransformer(func=<function reshape at 0x7fdb1d1c0360>), 'second_scale': 'passthrough'}",0.0846730885381799,0.0846730885381799,0.0,1,0.24201614873609245,0.24201614873609245,0.0,0.956727187583702,0.870622680191544
0,27124.021825790405,0.0,86.7733051776886,0.0,passthrough,passthrough,"HistGradientBoostingRegressor(early_stopping=True, max_iter=10000,
                              n_iter_no_change=100, random_state=42,
                              scoring='neg_root_mean_squared_error')",200,0.0025,squared_error,63,3,0.005,255,800,FunctionTransformer(func=<function reshape at 0x7fdb1d1c0360>),passthrough,"{'first_scale': 'passthrough', 'frequency': 'passthrough', 'model': HistGradientBoostingRegressor(early_stopping=True, max_iter=10000,
                              n_iter_no_change=100, random_state=42,
                              scoring='neg_root_mean_squared_error'), 'model__l2_regularization': 200, 'model__learning_rate': 0.0025, 'model__loss': 'squared_error', 'model__max_bins': 63, 'model__max_depth': 3, 'model__max_features': 0.005, 'model__max_leaf_nodes': 255, 'model__min_samples_leaf': 800, 'reshape': FunctionTransformer(func=<function reshape at 0x7fdb1d1c0360>), 'second_scale': 'passthrough'}",0.0805210067694726,0.0805210067694726,0.0,1,0.14518963045672784,0.14518963045672784,0.0,0.9588946726468592,0.9245595543518396
0,32637.083474636078,0.0,106.75456595420837,0.0,passthrough,passthrough,"HistGradientBoostingRegressor(early_stopping=True, max_iter=10000,
                              n_iter_no_change=100, random_state=42,
                              scoring='neg_root_mean_squared_error')",50,0.005,squared_error,63,6,0.005,255,800,FunctionTransformer(func=<function reshape at 0x7fdb1d1c0360>),passthrough,"{'first_scale': 'passthrough', 'frequency': 'passthrough', 'model': HistGradientBoostingRegressor(early_stopping=True, max_iter=10000,
                              n_iter_no_change=100, random_state=42,
                              scoring='neg_root_mean_squared_error'), 'model__l2_regularization': 50, 'model__learning_rate': 0.005, 'model__loss': 'squared_error', 'model__max_bins': 63, 'model__max_depth': 6, 'model__max_features': 0.005, 'model__max_leaf_nodes': 255, 'model__min_samples_leaf': 800, 'reshape': FunctionTransformer(func=<function reshape at 0x7fdb1d1c0360>), 'second_scale': 'passthrough'}",0.09598109224523754,0.09598109224523754,0.0,1,0.4137564662370117,0.4137564662370117,0.0,0.950799089058652,0.765665418941582
0,13149.686800956726,0.0,65.4488251209259,0.0,passthrough,passthrough,"HistGradientBoostingRegressor(early_stopping=True, max_iter=10000,
                              n_iter_no_change=100, random_state=42,
                              scoring='neg_root_mean_squared_error')",400,0.05,squared_error,63,3,0.005,255,800,FunctionTransformer(func=<function reshape at 0x7fdb1d1c0360>),passthrough,"{'first_scale': 'passthrough', 'frequency': 'passthrough', 'model': HistGradientBoostingRegressor(early_stopping=True, max_iter=10000,
                              n_iter_no_change=100, random_state=42,
                              scoring='neg_root_mean_squared_error'), 'model__l2_regularization': 400, 'model__learning_rate': 0.05, 'model__loss': 'squared_error', 'model__max_bins': 63, 'model__max_depth': 3, 'model__max_features': 0.005, 'model__max_leaf_nodes': 255, 'model__min_samples_leaf': 800, 'reshape': FunctionTransformer(func=<function reshape at 0x7fdb1d1c0360>), 'second_scale': 'passthrough'}",0.08525801914836506,0.08525801914836506,0.0,1,0.41884565694866394,0.41884565694866394,0.0,0.9564214452068894,0.7623347972192638
0,27049.330547571182,0.0,68.05255913734436,0.0,passthrough,passthrough,"HistGradientBoostingRegressor(early_stopping=True, max_iter=10000,
                              n_iter_no_change=100, random_state=42,
                              scoring='neg_root_mean_squared_error')",200,0.05,absolute_error,32,3,1.0,255,800,FunctionTransformer(func=<function reshape at 0x7fdb1d1c0360>),passthrough,"{'first_scale': 'passthrough', 'frequency': 'passthrough', 'model': HistGradientBoostingRegressor(early_stopping=True, max_iter=10000,
                              n_iter_no_change=100, random_state=42,
                              scoring='neg_root_mean_squared_error'), 'model__l2_regularization': 200, 'model__learning_rate': 0.05, 'model__loss': 'absolute_error', 'model__max_bins': 32, 'model__max_depth': 3, 'model__max_features': 1.0, 'model__max_leaf_nodes': 255, 'model__min_samples_leaf': 800, 'reshape': FunctionTransformer(func=<function reshape at 0x7fdb1d1c0360>), 'second_scale': 'passthrough'}",0.08379043402007924,0.08379043402007924,0.0,1,0.23940765298635314,0.23940765298635314,0.0,0.9571883649417813,0.8721194568484566
0,23912.370656728745,0.0,64.72146105766296,0.0,passthrough,passthrough,"HistGradientBoostingRegressor(early_stopping=True, max_iter=10000,
                              n_iter_no_change=100, random_state=42,
                              scoring='neg_root_mean_squared_error')",200,0.02,absolute_error,32,3,1.0,127,3200,FunctionTransformer(func=<function reshape at 0x7fdb1d1c0360>),passthrough,"{'first_scale': 'passthrough', 'frequency': 'passthrough', 'model': HistGradientBoostingRegressor(early_stopping=True, max_iter=10000,
                              n_iter_no_change=100, random_state=42,
                              scoring='neg_root_mean_squared_error'), 'model__l2_regularization': 200, 'model__learning_rate': 0.02, 'model__loss': 'absolute_error', 'model__max_bins': 32, 'model__max_depth': 3, 'model__max_features': 1.0, 'model__max_leaf_nodes': 127, 'model__min_samples_leaf': 3200, 'reshape': FunctionTransformer(func=<function reshape at 0x7fdb1d1c0360>), 'second_scale': 'passthrough'}",0.08305437876872501,0.08305437876872501,0.0,1,0.1919143647535383,0.1919143647535383,0.0,0.9575727759451367,0.898935834888376
0,27035.778010606766,0.0,59.405062437057495,0.0,passthrough,passthrough,"HistGradientBoostingRegressor(early_stopping=True, max_iter=10000,
                              n_iter_no_change=100, random_state=42,
                              scoring='neg_root_mean_squared_error')",50,0.02,absolute_error,32,3,0.5,255,1600,FunctionTransformer(func=<function reshape at 0x7fdb1d1c0360>),passthrough,"{'first_scale': 'passthrough', 'frequency': 'passthrough', 'model': HistGradientBoostingRegressor(early_stopping=True, max_iter=10000,
                              n_iter_no_change=100, random_state=42,
                              scoring='neg_root_mean_squared_error'), 'model__l2_regularization': 50, 'model__learning_rate': 0.02, 'model__loss': 'absolute_error', 'model__max_bins': 32, 'model__max_depth': 3, 'model__max_features': 0.5, 'model__max_leaf_nodes': 255, 'model__min_samples_leaf': 1600, 'reshape': FunctionTransformer(func=<function reshape at 0x7fdb1d1c0360>), 'second_scale': 'passthrough'}",0.08541095306169111,0.08541095306169111,0.0,1,0.203825047332311,0.203825047332311,0.0,0.9563414907543795,0.8922863624799434
0,24289.97477221489,0.0,18.361536264419556,0.0,passthrough,passthrough,"HistGradientBoostingRegressor(early_stopping=True, max_iter=20000,
                              n_iter_no_change=100, random_state=42,
                              scoring='neg_root_mean_squared_error')",10,0.005,squared_error,32,1,0.2,31,50,FunctionTransformer(func=<function reshape at 0x7fdb1d1c0360>),passthrough,"{'first_scale': 'passthrough', 'frequency': 'passthrough', 'model': HistGradientBoostingRegressor(early_stopping=True, max_iter=20000,
                              n_iter_no_change=100, random_state=42,
                              scoring='neg_root_mean_squared_error'), 'model__l2_regularization': 10, 'model__learning_rate': 0.005, 'model__loss': 'squared_error', 'model__max_bins': 32, 'model__max_depth': 1, 'model__max_features': 0.2, 'model__max_leaf_nodes': 31, 'model__min_samples_leaf': 50, 'reshape': FunctionTransformer(func=<function reshape at 0x7fdb1d1c0360>), 'second_scale': 'passthrough'}",0.0720906058704357,0.0720906058704357,0.0,1,0.11496171652222242,0.11496171652222242,0.0,0.963280537605512,0.9407647333301656
0,23602.743628263474,0.0,72.74799275398254,0.0,passthrough,passthrough,"HistGradientBoostingRegressor(early_stopping=True, max_iter=10000,
                              n_iter_no_change=100, random_state=42,
                              scoring='neg_root_mean_squared_error')",50,0.02,absolute_error,32,3,1.0,127,3200,FunctionTransformer(func=<function reshape at 0x7fdb1d1c0360>),passthrough,"{'first_scale': 'passthrough', 'frequency': 'passthrough', 'model': HistGradientBoostingRegressor(early_stopping=True, max_iter=10000,
                              n_iter_no_change=100, random_state=42,
                              scoring='neg_root_mean_squared_error'), 'model__l2_regularization': 50, 'model__learning_rate': 0.02, 'model__loss': 'absolute_error', 'model__max_bins': 32, 'model__max_depth': 3, 'model__max_features': 1.0, 'model__max_leaf_nodes': 127, 'model__min_samples_leaf': 3200, 'reshape': FunctionTransformer(func=<function reshape at 0x7fdb1d1c0360>), 'second_scale': 'passthrough'}",0.08362508374960187,0.08362508374960187,0.0,1,0.1915139946525769,0.1915139946525769,0.0,0.9572747339454845,0.8991584984569868
0,26142.998108386993,0.0,68.87617135047913,0.0,passthrough,passthrough,"HistGradientBoostingRegressor(early_stopping=True, max_iter=10000,
                              n_iter_no_change=100, random_state=42,
                              scoring='neg_root_mean_squared_error')",50,0.05,absolute_error,32,3,0.2,127,1600,FunctionTransformer(func=<function reshape at 0x7fdb1d1c0360>),passthrough,"{'first_scale': 'passthrough', 'frequency': 'passthrough', 'model': HistGradientBoostingRegressor(early_stopping=True, max_iter=10000,
                              n_iter_no_change=100, random_state=42,
                              scoring='neg_root_mean_squared_error'), 'model__l2_regularization': 50, 'model__learning_rate': 0.05, 'model__loss': 'absolute_error', 'model__max_bins': 32, 'model__max_depth': 3, 'model__max_features': 0.2, 'model__max_leaf_nodes': 127, 'model__min_samples_leaf': 1600, 'reshape': FunctionTransformer(func=<function reshape at 0x7fdb1d1c0360>), 'second_scale': 'passthrough'}",0.0850904476692127,0.0850904476692127,0.0,1,0.2296445741532337,0.2296445741532337,0.0,0.9565090445629812,0.8776989380458234
0,29290.475400447845,0.0,54.93887186050415,0.0,passthrough,passthrough,"HistGradientBoostingRegressor(early_stopping=True, max_iter=20000,
                              n_iter_no_change=100, random_state=42,
                              scoring='neg_root_mean_squared_error')",0,0.0015,squared_error,32,1,0.5,31,50,FunctionTransformer(func=<function reshape at 0x7fdb1d1c0360>),passthrough,"{'first_scale': 'passthrough', 'frequency': 'passthrough', 'model': HistGradientBoostingRegressor(early_stopping=True, max_iter=20000,
                              n_iter_no_change=100, random_state=42,
                              scoring='neg_root_mean_squared_error'), 'model__l2_regularization': 0, 'model__learning_rate': 0.0015, 'model__loss': 'squared_error', 'model__max_bins': 32, 'model__max_depth': 1, 'model__max_features': 0.5, 'model__max_leaf_nodes': 31, 'model__min_samples_leaf': 50, 'reshape': FunctionTransformer(func=<function reshape at 0x7fdb1d1c0360>), 'second_scale': 'passthrough'}",0.060060397247916564,0.060060397247916564,0.0,1,0.0832741397762079,0.0832741397762079,0.0,0.969504823480566,0.9574580200843231
0,25372.09258723259,0.0,65.12495541572571,0.0,passthrough,passthrough,"HistGradientBoostingRegressor(early_stopping=True, max_iter=10000,
                              n_iter_no_change=100, random_state=42,
                              scoring='neg_root_mean_squared_error')",200,0.05,absolute_error,32,3,1.0,127,800,FunctionTransformer(func=<function reshape at 0x7fdb1d1c0360>),passthrough,"{'first_scale': 'passthrough', 'frequency': 'passthrough', 'model': HistGradientBoostingRegressor(early_stopping=True, max_iter=10000,
                              n_iter_no_change=100, random_state=42,
                              scoring='neg_root_mean_squared_error'), 'model__l2_regularization': 200, 'model__learning_rate': 0.05, 'model__loss': 'absolute_error', 'model__max_bins': 32, 'model__max_depth': 3, 'model__max_features': 1.0, 'model__max_leaf_nodes': 127, 'model__min_samples_leaf': 800, 'reshape': FunctionTransformer(func=<function reshape at 0x7fdb1d1c0360>), 'second_scale': 'passthrough'}",0.08379043402007924,0.08379043402007924,0.0,1,0.23940765298635314,0.23940765298635314,0.0,0.9571883649417813,0.8721194568484566
0,41322.83332490921,0.0,9.892433166503906,0.0,passthrough,passthrough,"HistGradientBoostingRegressor(early_stopping=True, max_iter=20000,
                              n_iter_no_change=100, random_state=42,
                              scoring='neg_root_mean_squared_error')",0,0.02,squared_error,32,1,0.2,31,50,FunctionTransformer(func=<function reshape at 0x7fdb1d1c0360>),passthrough,"{'first_scale': 'passthrough', 'frequency': 'passthrough', 'model': HistGradientBoostingRegressor(early_stopping=True, max_iter=20000,
                              n_iter_no_change=100, random_state=42,
                              scoring='neg_root_mean_squared_error'), 'model__l2_regularization': 0, 'model__learning_rate': 0.02, 'model__loss': 'squared_error', 'model__max_bins': 32, 'model__max_depth': 1, 'model__max_features': 0.2, 'model__max_leaf_nodes': 31, 'model__min_samples_leaf': 50, 'reshape': FunctionTransformer(func=<function reshape at 0x7fdb1d1c0360>), 'second_scale': 'passthrough'}",0.07776110112418844,0.07776110112418844,0.0,1,0.14866327882488628,0.14866327882488628,0.0,0.9603327021797246,0.9226790997823207
0,26582.349071502686,0.0,60.67269515991211,0.0,passthrough,passthrough,"HistGradientBoostingRegressor(early_stopping=True, max_iter=10000,
                              n_iter_no_change=100, random_state=42,
                              scoring='neg_root_mean_squared_error')",200,0.05,absolute_error,32,3,1.0,127,1600,FunctionTransformer(func=<function reshape at 0x7fdb1d1c0360>),passthrough,"{'first_scale': 'passthrough', 'frequency': 'passthrough', 'model': HistGradientBoostingRegressor(early_stopping=True, max_iter=10000,
                              n_iter_no_change=100, random_state=42,
                              scoring='neg_root_mean_squared_error'), 'model__l2_regularization': 200, 'model__learning_rate': 0.05, 'model__loss': 'absolute_error', 'model__max_bins': 32, 'model__max_depth': 3, 'model__max_features': 1.0, 'model__max_leaf_nodes': 127, 'model__min_samples_leaf': 1600, 'reshape': FunctionTransformer(func=<function reshape at 0x7fdb1d1c0360>), 'second_scale': 'passthrough'}",0.08585574248433303,0.08585574248433303,0.0,1,0.23325889706342073,0.23325889706342073,0.0,0.95610891509057,0.8756375408447146
0,26774.648530960083,0.0,101.29489278793335,0.0,passthrough,passthrough,"HistGradientBoostingRegressor(early_stopping=True, max_iter=10000,
                              n_iter_no_change=100, random_state=42,
                              scoring='neg_root_mean_squared_error')",200,0.0025,squared_error,63,3,0.005,255,1600,FunctionTransformer(func=<function reshape at 0x7fdb1d1c0360>),passthrough,"{'first_scale': 'passthrough', 'frequency': 'passthrough', 'model': HistGradientBoostingRegressor(early_stopping=True, max_iter=10000,
                              n_iter_no_change=100, random_state=42,
                              scoring='neg_root_mean_squared_error'), 'model__l2_regularization': 200, 'model__learning_rate': 0.0025, 'model__loss': 'squared_error', 'model__max_bins': 63, 'model__max_depth': 3, 'model__max_features': 0.005, 'model__max_leaf_nodes': 255, 'model__min_samples_leaf': 1600, 'reshape': FunctionTransformer(func=<function reshape at 0x7fdb1d1c0360>), 'second_scale': 'passthrough'}",0.07967119345803353,0.07967119345803353,0.0,1,0.14160229489840126,0.14160229489840126,0.0,0.9593376916091468,0.9264975472723059
0,29099.183622598648,0.0,59.514448404312134,0.0,passthrough,passthrough,"HistGradientBoostingRegressor(early_stopping=True, max_iter=10000,
                              n_iter_no_change=100, random_state=42,
                              scoring='neg_root_mean_squared_error')",50,0.05,squared_error,63,6,0.005,255,1600,FunctionTransformer(func=<function reshape at 0x7fdb1d1c0360>),passthrough,"{'first_scale': 'passthrough', 'frequency': 'passthrough', 'model': HistGradientBoostingRegressor(early_stopping=True, max_iter=10000,
                              n_iter_no_change=100, random_state=42,
                              scoring='neg_root_mean_squared_error'), 'model__l2_regularization': 50, 'model__learning_rate': 0.05, 'model__loss': 'squared_error', 'model__max_bins': 63, 'model__max_depth': 6, 'model__max_features': 0.005, 'model__max_leaf_nodes': 255, 'model__min_samples_leaf': 1600, 'reshape': FunctionTransformer(func=<function reshape at 0x7fdb1d1c0360>), 'second_scale': 'passthrough'}",0.07367859474556138,0.07367859474556138,0.0,1,0.7506137377710693,0.7506137377710693,0.0,0.9624559237982998,0.4993858850918102
0,25552.32858467102,0.0,61.09941840171814,0.0,passthrough,passthrough,"HistGradientBoostingRegressor(early_stopping=True, max_iter=10000,
                              n_iter_no_change=100, random_state=42,
                              scoring='neg_root_mean_squared_error')",50,0.05,absolute_error,32,3,0.5,127,3200,FunctionTransformer(func=<function reshape at 0x7fdb1d1c0360>),passthrough,"{'first_scale': 'passthrough', 'frequency': 'passthrough', 'model': HistGradientBoostingRegressor(early_stopping=True, max_iter=10000,
                              n_iter_no_change=100, random_state=42,
                              scoring='neg_root_mean_squared_error'), 'model__l2_regularization': 50, 'model__learning_rate': 0.05, 'model__loss': 'absolute_error', 'model__max_bins': 32, 'model__max_depth': 3, 'model__max_features': 0.5, 'model__max_leaf_nodes': 127, 'model__min_samples_leaf': 3200, 'reshape': FunctionTransformer(func=<function reshape at 0x7fdb1d1c0360>), 'second_scale': 'passthrough'}",0.0832134093793514,0.0832134093793514,0.0,1,0.21751853838287816,0.21751853838287816,0.0,0.9574897339505257,0.8845798220721077
0,27945.467336654663,0.0,60.97404956817627,0.0,passthrough,passthrough,"HistGradientBoostingRegressor(early_stopping=True, max_iter=10000,
                              n_iter_no_change=100, random_state=42,
                              scoring='neg_root_mean_squared_error')",10,0.0025,squared_error,63,3,0.005,255,800,FunctionTransformer(func=<function reshape at 0x7fdb1d1c0360>),passthrough,"{'first_scale': 'passthrough', 'frequency': 'passthrough', 'model': HistGradientBoostingRegressor(early_stopping=True, max_iter=10000,
                              n_iter_no_change=100, random_state=42,
                              scoring='neg_root_mean_squared_error'), 'model__l2_regularization': 10, 'model__learning_rate': 0.0025, 'model__loss': 'squared_error', 'model__max_bins': 63, 'model__max_depth': 3, 'model__max_features': 0.005, 'model__max_leaf_nodes': 255, 'model__min_samples_leaf': 800, 'reshape': FunctionTransformer(func=<function reshape at 0x7fdb1d1c0360>), 'second_scale': 'passthrough'}",0.08074767444246445,0.08074767444246445,0.0,1,0.14740166274079858,0.14740166274079858,0.0,0.9587764731977603,0.9233625167068465
0,18645.23646903038,0.0,75.45838189125061,0.0,passthrough,passthrough,"HistGradientBoostingRegressor(early_stopping=True, max_iter=10000,
                              n_iter_no_change=100, random_state=42,
                              scoring='neg_root_mean_squared_error')",400,0.0025,squared_error,63,3,0.005,127,1600,FunctionTransformer(func=<function reshape at 0x7fdb1d1c0360>),passthrough,"{'first_scale': 'passthrough', 'frequency': 'passthrough', 'model': HistGradientBoostingRegressor(early_stopping=True, max_iter=10000,
                              n_iter_no_change=100, random_state=42,
                              scoring='neg_root_mean_squared_error'), 'model__l2_regularization': 400, 'model__learning_rate': 0.0025, 'model__loss': 'squared_error', 'model__max_bins': 63, 'model__max_depth': 3, 'model__max_features': 0.005, 'model__max_leaf_nodes': 127, 'model__min_samples_leaf': 1600, 'reshape': FunctionTransformer(func=<function reshape at 0x7fdb1d1c0360>), 'second_scale': 'passthrough'}",0.07932164600782043,0.07932164600782043,0.0,1,0.14024723755325752,0.14024723755325752,0.0,0.9595198559655655,0.9272285384125871
0,23034.494663000107,0.0,85.46837425231934,0.0,passthrough,passthrough,"HistGradientBoostingRegressor(early_stopping=True, max_iter=10000,
                              n_iter_no_change=100, random_state=42,
                              scoring='neg_root_mean_squared_error')",400,0.005,squared_error,63,3,0.005,127,1600,FunctionTransformer(func=<function reshape at 0x7fdb1d1c0360>),passthrough,"{'first_scale': 'passthrough', 'frequency': 'passthrough', 'model': HistGradientBoostingRegressor(early_stopping=True, max_iter=10000,
                              n_iter_no_change=100, random_state=42,
                              scoring='neg_root_mean_squared_error'), 'model__l2_regularization': 400, 'model__learning_rate': 0.005, 'model__loss': 'squared_error', 'model__max_bins': 63, 'model__max_depth': 3, 'model__max_features': 0.005, 'model__max_leaf_nodes': 127, 'model__min_samples_leaf': 1600, 'reshape': FunctionTransformer(func=<function reshape at 0x7fdb1d1c0360>), 'second_scale': 'passthrough'}",0.08732544423206845,0.08732544423206845,0.0,1,0.18193441731779458,0.18193441731779458,0.0,0.9553400210228459,0.9044697798612209
0,27190.610426664352,0.0,60.025697231292725,0.0,passthrough,passthrough,"HistGradientBoostingRegressor(early_stopping=True, max_iter=10000,
                              n_iter_no_change=100, random_state=42,
                              scoring='neg_root_mean_squared_error')",200,0.02,absolute_error,32,3,0.5,127,1600,FunctionTransformer(func=<function reshape at 0x7fdb1d1c0360>),passthrough,"{'first_scale': 'passthrough', 'frequency': 'passthrough', 'model': HistGradientBoostingRegressor(early_stopping=True, max_iter=10000,
                              n_iter_no_change=100, random_state=42,
                              scoring='neg_root_mean_squared_error'), 'model__l2_regularization': 200, 'model__learning_rate': 0.02, 'model__loss': 'absolute_error', 'model__max_bins': 32, 'model__max_depth': 3, 'model__max_features': 0.5, 'model__max_leaf_nodes': 127, 'model__min_samples_leaf': 1600, 'reshape': FunctionTransformer(func=<function reshape at 0x7fdb1d1c0360>), 'second_scale': 'passthrough'}",0.08388743567907353,0.08388743567907353,0.0,1,0.20310382952668848,0.20310382952668848,0.0,0.9571376935012677,0.8926904113259599
0,25806.967492341995,0.0,59.26135563850403,0.0,passthrough,passthrough,"HistGradientBoostingRegressor(early_stopping=True, max_iter=10000,
                              n_iter_no_change=100, random_state=42,
                              scoring='neg_root_mean_squared_error')",200,0.05,absolute_error,32,3,0.5,255,3200,FunctionTransformer(func=<function reshape at 0x7fdb1d1c0360>),passthrough,"{'first_scale': 'passthrough', 'frequency': 'passthrough', 'model': HistGradientBoostingRegressor(early_stopping=True, max_iter=10000,
                              n_iter_no_change=100, random_state=42,
                              scoring='neg_root_mean_squared_error'), 'model__l2_regularization': 200, 'model__learning_rate': 0.05, 'model__loss': 'absolute_error', 'model__max_bins': 32, 'model__max_depth': 3, 'model__max_features': 0.5, 'model__max_leaf_nodes': 255, 'model__min_samples_leaf': 3200, 'reshape': FunctionTransformer(func=<function reshape at 0x7fdb1d1c0360>), 'second_scale': 'passthrough'}",0.08421445139641082,0.08421445139641082,0.0,1,0.217501756776041,0.217501756776041,0.0,0.9569668482259922,0.8845893076586213
0,27054.81825900078,0.0,132.9976363182068,0.0,passthrough,passthrough,"HistGradientBoostingRegressor(early_stopping=True, max_iter=10000,
                              n_iter_no_change=100, random_state=42,
                              scoring='neg_root_mean_squared_error')",100,0.01,squared_error,63,3,0.005,127,800,FunctionTransformer(func=<function reshape at 0x7fdb1d1c0360>),passthrough,"{'first_scale': 'passthrough', 'frequency': 'passthrough', 'model': HistGradientBoostingRegressor(early_stopping=True, max_iter=10000,
                              n_iter_no_change=100, random_state=42,
                              scoring='neg_root_mean_squared_error'), 'model__l2_regularization': 100, 'model__learning_rate': 0.01, 'model__loss': 'squared_error', 'model__max_bins': 63, 'model__max_depth': 3, 'model__max_features': 0.005, 'model__max_leaf_nodes': 127, 'model__min_samples_leaf': 800, 'reshape': FunctionTransformer(func=<function reshape at 0x7fdb1d1c0360>), 'second_scale': 'passthrough'}",0.09214959188579208,0.09214959188579208,0.0,1,0.2634348102818126,0.2634348102818126,0.0,0.9528118429754155,0.8582337616979347
0,27771.708216667175,0.0,63.901169538497925,0.0,passthrough,passthrough,"HistGradientBoostingRegressor(early_stopping=True, max_iter=10000,
                              n_iter_no_change=100, random_state=42,
                              scoring='neg_root_mean_squared_error')",10,0.0025,squared_error,63,3,0.005,127,1600,FunctionTransformer(func=<function reshape at 0x7fdb1d1c0360>),passthrough,"{'first_scale': 'passthrough', 'frequency': 'passthrough', 'model': HistGradientBoostingRegressor(early_stopping=True, max_iter=10000,
                              n_iter_no_change=100, random_state=42,
                              scoring='neg_root_mean_squared_error'), 'model__l2_regularization': 10, 'model__learning_rate': 0.0025, 'model__loss': 'squared_error', 'model__max_bins': 63, 'model__max_depth': 3, 'model__max_features': 0.005, 'model__max_leaf_nodes': 127, 'model__min_samples_leaf': 1600, 'reshape': FunctionTransformer(func=<function reshape at 0x7fdb1d1c0360>), 'second_scale': 'passthrough'}",0.07984928665074253,0.07984928665074253,0.0,1,0.14313452578224195,0.14313452578224195,0.0,0.9592448662094875,0.9256702837499744
0,27951.268797636032,0.0,63.955302000045776,0.0,passthrough,passthrough,"HistGradientBoostingRegressor(early_stopping=True, max_iter=10000,
                              n_iter_no_change=100, random_state=42,
                              scoring='neg_root_mean_squared_error')",50,0.0025,squared_error,63,3,0.005,255,1600,FunctionTransformer(func=<function reshape at 0x7fdb1d1c0360>),passthrough,"{'first_scale': 'passthrough', 'frequency': 'passthrough', 'model': HistGradientBoostingRegressor(early_stopping=True, max_iter=10000,
                              n_iter_no_change=100, random_state=42,
                              scoring='neg_root_mean_squared_error'), 'model__l2_regularization': 50, 'model__learning_rate': 0.0025, 'model__loss': 'squared_error', 'model__max_bins': 63, 'model__max_depth': 3, 'model__max_features': 0.005, 'model__max_leaf_nodes': 255, 'model__min_samples_leaf': 1600, 'reshape': FunctionTransformer(func=<function reshape at 0x7fdb1d1c0360>), 'second_scale': 'passthrough'}",0.07998821941621859,0.07998821941621859,0.0,1,0.14299301784705942,0.14299301784705942,0.0,0.9591724456966961,0.9257467159828009
0,27679.171677589417,0.0,67.99922800064087,0.0,passthrough,passthrough,"HistGradientBoostingRegressor(early_stopping=True, max_iter=10000,
                              n_iter_no_change=100, random_state=42,
                              scoring='neg_root_mean_squared_error')",50,0.05,squared_error,63,None,0.005,255,1600,FunctionTransformer(func=<function reshape at 0x7fdb1d1c0360>),passthrough,"{'first_scale': 'passthrough', 'frequency': 'passthrough', 'model': HistGradientBoostingRegressor(early_stopping=True, max_iter=10000,
                              n_iter_no_change=100, random_state=42,
                              scoring='neg_root_mean_squared_error'), 'model__l2_regularization': 50, 'model__learning_rate': 0.05, 'model__loss': 'squared_error', 'model__max_bins': 63, 'model__max_depth': None, 'model__max_features': 0.005, 'model__max_leaf_nodes': 255, 'model__min_samples_leaf': 1600, 'reshape': FunctionTransformer(func=<function reshape at 0x7fdb1d1c0360>), 'second_scale': 'passthrough'}",0.07083258131286352,0.07083258131286352,0.0,1,0.8145770519628958,0.8145770519628958,0.0,0.9639333061405941,0.4306076497661232
0,22957.815097808838,0.0,71.34084916114807,0.0,passthrough,passthrough,"HistGradientBoostingRegressor(early_stopping=True, max_iter=10000,
                              n_iter_no_change=100, random_state=42,
                              scoring='neg_root_mean_squared_error')",200,0.02,squared_error,63,3,0.005,127,1600,FunctionTransformer(func=<function reshape at 0x7fdb1d1c0360>),passthrough,"{'first_scale': 'passthrough', 'frequency': 'passthrough', 'model': HistGradientBoostingRegressor(early_stopping=True, max_iter=10000,
                              n_iter_no_change=100, random_state=42,
                              scoring='neg_root_mean_squared_error'), 'model__l2_regularization': 200, 'model__learning_rate': 0.02, 'model__loss': 'squared_error', 'model__max_bins': 63, 'model__max_depth': 3, 'model__max_features': 0.005, 'model__max_leaf_nodes': 127, 'model__min_samples_leaf': 1600, 'reshape': FunctionTransformer(func=<function reshape at 0x7fdb1d1c0360>), 'second_scale': 'passthrough'}",0.09083578535600467,0.09083578535600467,0.0,1,0.32724655633598454,0.32724655633598454,0.0,0.9535010302270236,0.8202154861157008
0,24768.911896705627,0.0,71.93584990501404,0.0,passthrough,passthrough,"HistGradientBoostingRegressor(early_stopping=True, max_iter=10000,
                              n_iter_no_change=100, random_state=42,
                              scoring='neg_root_mean_squared_error')",50,0.02,absolute_error,32,3,0.5,127,1600,FunctionTransformer(func=<function reshape at 0x7fdb1d1c0360>),passthrough,"{'first_scale': 'passthrough', 'frequency': 'passthrough', 'model': HistGradientBoostingRegressor(early_stopping=True, max_iter=10000,
                              n_iter_no_change=100, random_state=42,
                              scoring='neg_root_mean_squared_error'), 'model__l2_regularization': 50, 'model__learning_rate': 0.02, 'model__loss': 'absolute_error', 'model__max_bins': 32, 'model__max_depth': 3, 'model__max_features': 0.5, 'model__max_leaf_nodes': 127, 'model__min_samples_leaf': 1600, 'reshape': FunctionTransformer(func=<function reshape at 0x7fdb1d1c0360>), 'second_scale': 'passthrough'}",0.08541095306169111,0.08541095306169111,0.0,1,0.203825047332311,0.203825047332311,0.0,0.9563414907543795,0.8922863624799434
0,16931.120523929596,0.0,38.25488090515137,0.0,passthrough,passthrough,"HistGradientBoostingRegressor(early_stopping=True, max_iter=10000,
                              n_iter_no_change=100, random_state=42,
                              scoring='neg_root_mean_squared_error')",200,0.05,squared_error,63,3,0.005,255,1600,FunctionTransformer(func=<function reshape at 0x7fdb1d1c0360>),passthrough,"{'first_scale': 'passthrough', 'frequency': 'passthrough', 'model': HistGradientBoostingRegressor(early_stopping=True, max_iter=10000,
                              n_iter_no_change=100, random_state=42,
                              scoring='neg_root_mean_squared_error'), 'model__l2_regularization': 200, 'model__learning_rate': 0.05, 'model__loss': 'squared_error', 'model__max_bins': 63, 'model__max_depth': 3, 'model__max_features': 0.005, 'model__max_leaf_nodes': 255, 'model__min_samples_leaf': 1600, 'reshape': FunctionTransformer(func=<function reshape at 0x7fdb1d1c0360>), 'second_scale': 'passthrough'}",0.08469431458807453,0.08469431458807453,0.0,1,0.4058482570197772,0.4058482570197772,0.0,0.9567160944668619,0.7708123915585574
0,26117.61282801628,0.0,58.123597383499146,0.0,passthrough,passthrough,"HistGradientBoostingRegressor(early_stopping=True, max_iter=10000,
                              n_iter_no_change=100, random_state=42,
                              scoring='neg_root_mean_squared_error')",50,0.02,absolute_error,32,3,0.5,255,3200,FunctionTransformer(func=<function reshape at 0x7fdb1d1c0360>),passthrough,"{'first_scale': 'passthrough', 'frequency': 'passthrough', 'model': HistGradientBoostingRegressor(early_stopping=True, max_iter=10000,
                              n_iter_no_change=100, random_state=42,
                              scoring='neg_root_mean_squared_error'), 'model__l2_regularization': 50, 'model__learning_rate': 0.02, 'model__loss': 'absolute_error', 'model__max_bins': 32, 'model__max_depth': 3, 'model__max_features': 0.5, 'model__max_leaf_nodes': 255, 'model__min_samples_leaf': 3200, 'reshape': FunctionTransformer(func=<function reshape at 0x7fdb1d1c0360>), 'second_scale': 'passthrough'}",0.0829275253429611,0.0829275253429611,0.0,1,0.19138898722522157,0.19138898722522157,0.0,0.9576390106178,0.8992280093362186
0,26210.56684446335,0.0,61.37629151344299,0.0,passthrough,passthrough,"HistGradientBoostingRegressor(early_stopping=True, max_iter=10000,
                              n_iter_no_change=100, random_state=42,
                              scoring='neg_root_mean_squared_error')",200,0.02,absolute_error,32,3,0.5,127,3200,FunctionTransformer(func=<function reshape at 0x7fdb1d1c0360>),passthrough,"{'first_scale': 'passthrough', 'frequency': 'passthrough', 'model': HistGradientBoostingRegressor(early_stopping=True, max_iter=10000,
                              n_iter_no_change=100, random_state=42,
                              scoring='neg_root_mean_squared_error'), 'model__l2_regularization': 200, 'model__learning_rate': 0.02, 'model__loss': 'absolute_error', 'model__max_bins': 32, 'model__max_depth': 3, 'model__max_features': 0.5, 'model__max_leaf_nodes': 127, 'model__min_samples_leaf': 3200, 'reshape': FunctionTransformer(func=<function reshape at 0x7fdb1d1c0360>), 'second_scale': 'passthrough'}",0.08391229475648243,0.08391229475648243,0.0,1,0.19000803120959953,0.19000803120959953,0.0,0.9571247072578983,0.8999955382058293
0,18425.305837631226,0.0,77.62526226043701,0.0,passthrough,passthrough,"HistGradientBoostingRegressor(early_stopping=True, max_iter=10000,
                              n_iter_no_change=100, random_state=42,
                              scoring='neg_root_mean_squared_error')",50,0.005,squared_error,63,3,0.005,127,800,FunctionTransformer(func=<function reshape at 0x7fdb1d1c0360>),passthrough,"{'first_scale': 'passthrough', 'frequency': 'passthrough', 'model': HistGradientBoostingRegressor(early_stopping=True, max_iter=10000,
                              n_iter_no_change=100, random_state=42,
                              scoring='neg_root_mean_squared_error'), 'model__l2_regularization': 50, 'model__learning_rate': 0.005, 'model__loss': 'squared_error', 'model__max_bins': 63, 'model__max_depth': 3, 'model__max_features': 0.005, 'model__max_leaf_nodes': 127, 'model__min_samples_leaf': 800, 'reshape': FunctionTransformer(func=<function reshape at 0x7fdb1d1c0360>), 'second_scale': 'passthrough'}",0.08843526079598352,0.08843526079598352,0.0,1,0.19471523538695068,0.19471523538695068,0.0,0.9547589953511915,0.8973766013291462
0,25554.241863012314,0.0,60.83108711242676,0.0,passthrough,passthrough,"HistGradientBoostingRegressor(early_stopping=True, max_iter=10000,
                              n_iter_no_change=100, random_state=42,
                              scoring='neg_root_mean_squared_error')",50,0.05,absolute_error,32,3,0.5,255,3200,FunctionTransformer(func=<function reshape at 0x7fdb1d1c0360>),passthrough,"{'first_scale': 'passthrough', 'frequency': 'passthrough', 'model': HistGradientBoostingRegressor(early_stopping=True, max_iter=10000,
                              n_iter_no_change=100, random_state=42,
                              scoring='neg_root_mean_squared_error'), 'model__l2_regularization': 50, 'model__learning_rate': 0.05, 'model__loss': 'absolute_error', 'model__max_bins': 32, 'model__max_depth': 3, 'model__max_features': 0.5, 'model__max_leaf_nodes': 255, 'model__min_samples_leaf': 3200, 'reshape': FunctionTransformer(func=<function reshape at 0x7fdb1d1c0360>), 'second_scale': 'passthrough'}",0.0832134093793514,0.0832134093793514,0.0,1,0.21751853838287816,0.21751853838287816,0.0,0.9574897339505257,0.8845798220721077
0,14926.210135698318,0.0,35.08023118972778,0.0,passthrough,passthrough,"HistGradientBoostingRegressor(early_stopping=True, max_iter=10000,
                              n_iter_no_change=100, random_state=42,
                              scoring='neg_root_mean_squared_error')",50,0.05,squared_error,63,3,0.005,255,800,FunctionTransformer(func=<function reshape at 0x7fdb1d1c0360>),passthrough,"{'first_scale': 'passthrough', 'frequency': 'passthrough', 'model': HistGradientBoostingRegressor(early_stopping=True, max_iter=10000,
                              n_iter_no_change=100, random_state=42,
                              scoring='neg_root_mean_squared_error'), 'model__l2_regularization': 50, 'model__learning_rate': 0.05, 'model__loss': 'squared_error', 'model__max_bins': 63, 'model__max_depth': 3, 'model__max_features': 0.005, 'model__max_leaf_nodes': 255, 'model__min_samples_leaf': 800, 'reshape': FunctionTransformer(func=<function reshape at 0x7fdb1d1c0360>), 'second_scale': 'passthrough'}",0.08370849220299315,0.08370849220299315,0.0,1,0.3903709604711131,0.3903709604711131,0.0,0.9572311673765156,0.7807874483679197
0,20976.967658281326,0.0,11.235172510147095,0.0,passthrough,passthrough,"HistGradientBoostingRegressor(early_stopping=True, max_iter=20000,
                              n_iter_no_change=100, random_state=42,
                              scoring='neg_root_mean_squared_error')",5000,0.02,squared_error,32,1,1.0,31,50,FunctionTransformer(func=<function reshape at 0x7fdb1d1c0360>),passthrough,"{'first_scale': 'passthrough', 'frequency': 'passthrough', 'model': HistGradientBoostingRegressor(early_stopping=True, max_iter=20000,
                              n_iter_no_change=100, random_state=42,
                              scoring='neg_root_mean_squared_error'), 'model__l2_regularization': 5000, 'model__learning_rate': 0.02, 'model__loss': 'squared_error', 'model__max_bins': 32, 'model__max_depth': 1, 'model__max_features': 1.0, 'model__max_leaf_nodes': 31, 'model__min_samples_leaf': 50, 'reshape': FunctionTransformer(func=<function reshape at 0x7fdb1d1c0360>), 'second_scale': 'passthrough'}",0.07574222735361191,0.07574222735361191,0.0,1,0.14916880031351687,0.14916880031351687,0.0,0.9613832600198466,0.922405116901724
0,25721.050965309143,0.0,60.16903209686279,0.0,passthrough,passthrough,"HistGradientBoostingRegressor(early_stopping=True, max_iter=10000,
                              n_iter_no_change=100, random_state=42,
                              scoring='neg_root_mean_squared_error')",200,0.05,absolute_error,32,3,1.0,127,3200,FunctionTransformer(func=<function reshape at 0x7fdb1d1c0360>),passthrough,"{'first_scale': 'passthrough', 'frequency': 'passthrough', 'model': HistGradientBoostingRegressor(early_stopping=True, max_iter=10000,
                              n_iter_no_change=100, random_state=42,
                              scoring='neg_root_mean_squared_error'), 'model__l2_regularization': 200, 'model__learning_rate': 0.05, 'model__loss': 'absolute_error', 'model__max_bins': 32, 'model__max_depth': 3, 'model__max_features': 1.0, 'model__max_leaf_nodes': 127, 'model__min_samples_leaf': 3200, 'reshape': FunctionTransformer(func=<function reshape at 0x7fdb1d1c0360>), 'second_scale': 'passthrough'}",0.08394834738829204,0.08394834738829204,0.0,1,0.219172153618716,0.219172153618716,0.0,0.9571058732510777,0.8836446380651466
0,25895.865421772003,0.0,63.32727098464966,0.0,passthrough,passthrough,"HistGradientBoostingRegressor(early_stopping=True, max_iter=10000,
                              n_iter_no_change=100, random_state=42,
                              scoring='neg_root_mean_squared_error')",10,0.01,squared_error,63,3,0.005,127,1600,FunctionTransformer(func=<function reshape at 0x7fdb1d1c0360>),passthrough,"{'first_scale': 'passthrough', 'frequency': 'passthrough', 'model': HistGradientBoostingRegressor(early_stopping=True, max_iter=10000,
                              n_iter_no_change=100, random_state=42,
                              scoring='neg_root_mean_squared_error'), 'model__l2_regularization': 10, 'model__learning_rate': 0.01, 'model__loss': 'squared_error', 'model__max_bins': 63, 'model__max_depth': 3, 'model__max_features': 0.005, 'model__max_leaf_nodes': 127, 'model__min_samples_leaf': 1600, 'reshape': FunctionTransformer(func=<function reshape at 0x7fdb1d1c0360>), 'second_scale': 'passthrough'}",0.09131968535225177,0.09131968535225177,0.0,1,0.2527201894152673,0.2527201894152673,0.0,0.9532472473853508,0.8644534750839589
0,29210.634126663208,0.0,59.25875473022461,0.0,passthrough,passthrough,"HistGradientBoostingRegressor(early_stopping=True, max_iter=20000,
                              n_iter_no_change=100, random_state=42,
                              scoring='neg_root_mean_squared_error')",5000,0.0015,squared_error,32,1,1.0,31,50,FunctionTransformer(func=<function reshape at 0x7fdb1d1c0360>),passthrough,"{'first_scale': 'passthrough', 'frequency': 'passthrough', 'model': HistGradientBoostingRegressor(early_stopping=True, max_iter=20000,
                              n_iter_no_change=100, random_state=42,
                              scoring='neg_root_mean_squared_error'), 'model__l2_regularization': 5000, 'model__learning_rate': 0.0015, 'model__loss': 'squared_error', 'model__max_bins': 32, 'model__max_depth': 1, 'model__max_features': 1.0, 'model__max_leaf_nodes': 31, 'model__min_samples_leaf': 50, 'reshape': FunctionTransformer(func=<function reshape at 0x7fdb1d1c0360>), 'second_scale': 'passthrough'}",0.05808548972157934,0.05808548972157934,0.0,1,0.07931470466046742,0.07931470466046742,0.0,0.9705228025545926,0.9595234730529173
0,28027.528176546097,0.0,98.04658317565918,0.0,passthrough,passthrough,"HistGradientBoostingRegressor(early_stopping=True, max_iter=10000,
                              n_iter_no_change=100, random_state=42,
                              scoring='neg_root_mean_squared_error')",400,0.005,squared_error,63,3,0.005,127,800,FunctionTransformer(func=<function reshape at 0x7fdb1d1c0360>),passthrough,"{'first_scale': 'passthrough', 'frequency': 'passthrough', 'model': HistGradientBoostingRegressor(early_stopping=True, max_iter=10000,
                              n_iter_no_change=100, random_state=42,
                              scoring='neg_root_mean_squared_error'), 'model__l2_regularization': 400, 'model__learning_rate': 0.005, 'model__loss': 'squared_error', 'model__max_bins': 63, 'model__max_depth': 3, 'model__max_features': 0.005, 'model__max_leaf_nodes': 127, 'model__min_samples_leaf': 800, 'reshape': FunctionTransformer(func=<function reshape at 0x7fdb1d1c0360>), 'second_scale': 'passthrough'}",0.08778672753789474,0.08778672753789474,0.0,1,0.18820697194931635,0.18820697194931635,0.0,0.9550985668830758,0.9009955760439025
0,27591.406729221344,0.0,68.44767236709595,0.0,passthrough,passthrough,"HistGradientBoostingRegressor(early_stopping=True, max_iter=10000,
                              n_iter_no_change=100, random_state=42,
                              scoring='neg_root_mean_squared_error')",50,0.02,absolute_error,32,3,0.5,255,800,FunctionTransformer(func=<function reshape at 0x7fdb1d1c0360>),passthrough,"{'first_scale': 'passthrough', 'frequency': 'passthrough', 'model': HistGradientBoostingRegressor(early_stopping=True, max_iter=10000,
                              n_iter_no_change=100, random_state=42,
                              scoring='neg_root_mean_squared_error'), 'model__l2_regularization': 50, 'model__learning_rate': 0.02, 'model__loss': 'absolute_error', 'model__max_bins': 32, 'model__max_depth': 3, 'model__max_features': 0.5, 'model__max_leaf_nodes': 255, 'model__min_samples_leaf': 800, 'reshape': FunctionTransformer(func=<function reshape at 0x7fdb1d1c0360>), 'second_scale': 'passthrough'}",0.08385167223865486,0.08385167223865486,0.0,1,0.209561984110199,0.209561984110199,0.0,0.957156375813976,0.8890658107754459
0,24815.4134349823,0.0,53.57940912246704,0.0,passthrough,passthrough,"HistGradientBoostingRegressor(early_stopping=True, max_iter=10000,
                              n_iter_no_change=100, random_state=42,
                              scoring='neg_root_mean_squared_error')",50,0.02,absolute_error,32,3,0.2,255,3200,FunctionTransformer(func=<function reshape at 0x7fdb1d1c0360>),passthrough,"{'first_scale': 'passthrough', 'frequency': 'passthrough', 'model': HistGradientBoostingRegressor(early_stopping=True, max_iter=10000,
                              n_iter_no_change=100, random_state=42,
                              scoring='neg_root_mean_squared_error'), 'model__l2_regularization': 50, 'model__learning_rate': 0.02, 'model__loss': 'absolute_error', 'model__max_bins': 32, 'model__max_depth': 3, 'model__max_features': 0.2, 'model__max_leaf_nodes': 255, 'model__min_samples_leaf': 3200, 'reshape': FunctionTransformer(func=<function reshape at 0x7fdb1d1c0360>), 'second_scale': 'passthrough'}",0.08293923940863501,0.08293923940863501,0.0,1,0.18818536343060377,0.18818536343060377,0.0,0.9576328944806382,0.9010075674318148
0,29204.402320861816,0.0,61.107830286026,0.0,passthrough,passthrough,"HistGradientBoostingRegressor(early_stopping=True, max_iter=20000,
                              n_iter_no_change=100, random_state=42,
                              scoring='neg_root_mean_squared_error')",5000,0.0025,squared_error,32,1,0.5,31,50,FunctionTransformer(func=<function reshape at 0x7fdb1d1c0360>),passthrough,"{'first_scale': 'passthrough', 'frequency': 'passthrough', 'model': HistGradientBoostingRegressor(early_stopping=True, max_iter=20000,
                              n_iter_no_change=100, random_state=42,
                              scoring='neg_root_mean_squared_error'), 'model__l2_regularization': 5000, 'model__learning_rate': 0.0025, 'model__loss': 'squared_error', 'model__max_bins': 32, 'model__max_depth': 1, 'model__max_features': 0.5, 'model__max_leaf_nodes': 31, 'model__min_samples_leaf': 50, 'reshape': FunctionTransformer(func=<function reshape at 0x7fdb1d1c0360>), 'second_scale': 'passthrough'}",0.06428209641956817,0.06428209641956817,0.0,1,0.09116628620272149,0.09116628620272149,0.0,0.967325128165516,0.9533277053549207
0,10745.285759210587,0.0,57.007410287857056,0.0,passthrough,passthrough,"HistGradientBoostingRegressor(early_stopping=True, max_iter=10000,
                              n_iter_no_change=100, random_state=42,
                              scoring='neg_root_mean_squared_error')",400,0.05,squared_error,63,3,0.005,255,1600,FunctionTransformer(func=<function reshape at 0x7fdb1d1c0360>),passthrough,"{'first_scale': 'passthrough', 'frequency': 'passthrough', 'model': HistGradientBoostingRegressor(early_stopping=True, max_iter=10000,
                              n_iter_no_change=100, random_state=42,
                              scoring='neg_root_mean_squared_error'), 'model__l2_regularization': 400, 'model__learning_rate': 0.05, 'model__loss': 'squared_error', 'model__max_bins': 63, 'model__max_depth': 3, 'model__max_features': 0.005, 'model__max_leaf_nodes': 255, 'model__min_samples_leaf': 1600, 'reshape': FunctionTransformer(func=<function reshape at 0x7fdb1d1c0360>), 'second_scale': 'passthrough'}",0.08725129581465418,0.08725129581465418,0.0,1,0.35608195802857623,0.35608195802857623,0.0,0.9553788275785401,0.8024450398447384
0,20829.989238977432,0.0,52.08514046669006,0.0,passthrough,passthrough,"HistGradientBoostingRegressor(early_stopping=True, max_iter=10000,
                              n_iter_no_change=100, random_state=42,
                              scoring='neg_root_mean_squared_error')",10,0.02,squared_error,63,3,0.005,255,1600,FunctionTransformer(func=<function reshape at 0x7fdb1d1c0360>),passthrough,"{'first_scale': 'passthrough', 'frequency': 'passthrough', 'model': HistGradientBoostingRegressor(early_stopping=True, max_iter=10000,
                              n_iter_no_change=100, random_state=42,
                              scoring='neg_root_mean_squared_error'), 'model__l2_regularization': 10, 'model__learning_rate': 0.02, 'model__loss': 'squared_error', 'model__max_bins': 63, 'model__max_depth': 3, 'model__max_features': 0.005, 'model__max_leaf_nodes': 255, 'model__min_samples_leaf': 1600, 'reshape': FunctionTransformer(func=<function reshape at 0x7fdb1d1c0360>), 'second_scale': 'passthrough'}",0.08999941213902518,0.08999941213902518,0.0,1,0.31263936208371623,0.31263936208371623,0.0,0.9539395095397689,0.8290721548311002
0,13455.477141141891,0.0,32.16163730621338,0.0,passthrough,passthrough,"HistGradientBoostingRegressor(early_stopping=True, max_iter=10000,
                              n_iter_no_change=100, random_state=42,
                              scoring='neg_root_mean_squared_error')",10,0.05,squared_error,63,6,0.005,127,1600,FunctionTransformer(func=<function reshape at 0x7fdb1d1c0360>),passthrough,"{'first_scale': 'passthrough', 'frequency': 'passthrough', 'model': HistGradientBoostingRegressor(early_stopping=True, max_iter=10000,
                              n_iter_no_change=100, random_state=42,
                              scoring='neg_root_mean_squared_error'), 'model__l2_regularization': 10, 'model__learning_rate': 0.05, 'model__loss': 'squared_error', 'model__max_bins': 63, 'model__max_depth': 6, 'model__max_features': 0.005, 'model__max_leaf_nodes': 127, 'model__min_samples_leaf': 1600, 'reshape': FunctionTransformer(func=<function reshape at 0x7fdb1d1c0360>), 'second_scale': 'passthrough'}",0.08472762303456405,0.08472762303456405,0.0,1,0.544560922000829,0.544560922000829,0.0,0.9566986866121621,0.6748622659470384
0,25884.913787841797,0.0,58.83597183227539,0.0,passthrough,passthrough,"HistGradientBoostingRegressor(early_stopping=True, max_iter=10000,
                              n_iter_no_change=100, random_state=42,
                              scoring='neg_root_mean_squared_error')",200,0.05,absolute_error,32,3,0.5,127,3200,FunctionTransformer(func=<function reshape at 0x7fdb1d1c0360>),passthrough,"{'first_scale': 'passthrough', 'frequency': 'passthrough', 'model': HistGradientBoostingRegressor(early_stopping=True, max_iter=10000,
                              n_iter_no_change=100, random_state=42,
                              scoring='neg_root_mean_squared_error'), 'model__l2_regularization': 200, 'model__learning_rate': 0.05, 'model__loss': 'absolute_error', 'model__max_bins': 32, 'model__max_depth': 3, 'model__max_features': 0.5, 'model__max_leaf_nodes': 127, 'model__min_samples_leaf': 3200, 'reshape': FunctionTransformer(func=<function reshape at 0x7fdb1d1c0360>), 'second_scale': 'passthrough'}",0.08421445139641082,0.08421445139641082,0.0,1,0.217501756776041,0.217501756776041,0.0,0.9569668482259922,0.8845893076586213
0,26473.65350651741,0.0,60.40762376785278,0.0,passthrough,passthrough,"HistGradientBoostingRegressor(early_stopping=True, max_iter=10000,
                              n_iter_no_change=100, random_state=42,
                              scoring='neg_root_mean_squared_error')",10,0.02,squared_error,63,3,0.005,127,800,FunctionTransformer(func=<function reshape at 0x7fdb1d1c0360>),passthrough,"{'first_scale': 'passthrough', 'frequency': 'passthrough', 'model': HistGradientBoostingRegressor(early_stopping=True, max_iter=10000,
                              n_iter_no_change=100, random_state=42,
                              scoring='neg_root_mean_squared_error'), 'model__l2_regularization': 10, 'model__learning_rate': 0.02, 'model__loss': 'squared_error', 'model__max_bins': 63, 'model__max_depth': 3, 'model__max_features': 0.005, 'model__max_leaf_nodes': 127, 'model__min_samples_leaf': 800, 'reshape': FunctionTransformer(func=<function reshape at 0x7fdb1d1c0360>), 'second_scale': 'passthrough'}",0.08890707429903799,0.08890707429903799,0.0,1,0.3722868450860358,0.3722868450860358,0.0,0.9545118782398477,0.7922835066527412
0,28883.670662879944,0.0,63.601746797561646,0.0,passthrough,passthrough,"HistGradientBoostingRegressor(early_stopping=True, max_iter=20000,
                              n_iter_no_change=100, random_state=42,
                              scoring='neg_root_mean_squared_error')",5000,0.01,squared_error,32,1,0.2,31,50,FunctionTransformer(func=<function reshape at 0x7fdb1d1c0360>),passthrough,"{'first_scale': 'passthrough', 'frequency': 'passthrough', 'model': HistGradientBoostingRegressor(early_stopping=True, max_iter=20000,
                              n_iter_no_change=100, random_state=42,
                              scoring='neg_root_mean_squared_error'), 'model__l2_regularization': 5000, 'model__learning_rate': 0.01, 'model__loss': 'squared_error', 'model__max_bins': 32, 'model__max_depth': 1, 'model__max_features': 0.2, 'model__max_leaf_nodes': 31, 'model__min_samples_leaf': 50, 'reshape': FunctionTransformer(func=<function reshape at 0x7fdb1d1c0360>), 'second_scale': 'passthrough'}",0.07400757886528697,0.07400757886528697,0.0,1,0.12723075756023028,0.12723075756023028,0.0,0.9622849999530873,0.9342211956703668
0,13372.13959145546,0.0,32.762993574142456,0.0,passthrough,passthrough,"HistGradientBoostingRegressor(early_stopping=True, max_iter=10000,
                              n_iter_no_change=100, random_state=42,
                              scoring='neg_root_mean_squared_error')",10,0.05,squared_error,63,6,0.005,255,1600,FunctionTransformer(func=<function reshape at 0x7fdb1d1c0360>),passthrough,"{'first_scale': 'passthrough', 'frequency': 'passthrough', 'model': HistGradientBoostingRegressor(early_stopping=True, max_iter=10000,
                              n_iter_no_change=100, random_state=42,
                              scoring='neg_root_mean_squared_error'), 'model__l2_regularization': 10, 'model__learning_rate': 0.05, 'model__loss': 'squared_error', 'model__max_bins': 63, 'model__max_depth': 6, 'model__max_features': 0.005, 'model__max_leaf_nodes': 255, 'model__min_samples_leaf': 1600, 'reshape': FunctionTransformer(func=<function reshape at 0x7fdb1d1c0360>), 'second_scale': 'passthrough'}",0.08472762303456405,0.08472762303456405,0.0,1,0.544560922000829,0.544560922000829,0.0,0.9566986866121621,0.6748622659470384
0,29199.180465221405,0.0,59.12280201911926,0.0,passthrough,passthrough,"HistGradientBoostingRegressor(early_stopping=True, max_iter=20000,
                              n_iter_no_change=100, random_state=42,
                              scoring='neg_root_mean_squared_error')",5000,0.0015,squared_error,32,1,0.5,31,50,FunctionTransformer(func=<function reshape at 0x7fdb1d1c0360>),passthrough,"{'first_scale': 'passthrough', 'frequency': 'passthrough', 'model': HistGradientBoostingRegressor(early_stopping=True, max_iter=20000,
                              n_iter_no_change=100, random_state=42,
                              scoring='neg_root_mean_squared_error'), 'model__l2_regularization': 5000, 'model__learning_rate': 0.0015, 'model__loss': 'squared_error', 'model__max_bins': 32, 'model__max_depth': 1, 'model__max_features': 0.5, 'model__max_leaf_nodes': 31, 'model__min_samples_leaf': 50, 'reshape': FunctionTransformer(func=<function reshape at 0x7fdb1d1c0360>), 'second_scale': 'passthrough'}",0.05807967297898586,0.05807967297898586,0.0,1,0.07931271796804273,0.07931271796804273,0.0,0.9705257992557509,0.9595245083018762
0,25160.40506696701,0.0,125.02345180511475,0.0,passthrough,passthrough,"HistGradientBoostingRegressor(early_stopping=True, max_iter=10000,
                              n_iter_no_change=100, random_state=42,
                              scoring='neg_root_mean_squared_error')",200,0.01,squared_error,63,3,0.005,127,1600,FunctionTransformer(func=<function reshape at 0x7fdb1d1c0360>),passthrough,"{'first_scale': 'passthrough', 'frequency': 'passthrough', 'model': HistGradientBoostingRegressor(early_stopping=True, max_iter=10000,
                              n_iter_no_change=100, random_state=42,
                              scoring='neg_root_mean_squared_error'), 'model__l2_regularization': 200, 'model__learning_rate': 0.01, 'model__loss': 'squared_error', 'model__max_bins': 63, 'model__max_depth': 3, 'model__max_features': 0.005, 'model__max_leaf_nodes': 127, 'model__min_samples_leaf': 1600, 'reshape': FunctionTransformer(func=<function reshape at 0x7fdb1d1c0360>), 'second_scale': 'passthrough'}",0.09137203195257337,0.09137203195257337,0.0,1,0.2481294738272365,0.2481294738272365,0.0,0.9532197899998859,0.8671046800546999
0,27315.39168524742,0.0,59.950982093811035,0.0,passthrough,passthrough,"HistGradientBoostingRegressor(early_stopping=True, max_iter=10000,
                              n_iter_no_change=100, random_state=42,
                              scoring='neg_root_mean_squared_error')",200,0.02,absolute_error,32,3,0.2,255,800,FunctionTransformer(func=<function reshape at 0x7fdb1d1c0360>),passthrough,"{'first_scale': 'passthrough', 'frequency': 'passthrough', 'model': HistGradientBoostingRegressor(early_stopping=True, max_iter=10000,
                              n_iter_no_change=100, random_state=42,
                              scoring='neg_root_mean_squared_error'), 'model__l2_regularization': 200, 'model__learning_rate': 0.02, 'model__loss': 'absolute_error', 'model__max_bins': 32, 'model__max_depth': 3, 'model__max_features': 0.2, 'model__max_leaf_nodes': 255, 'model__min_samples_leaf': 800, 'reshape': FunctionTransformer(func=<function reshape at 0x7fdb1d1c0360>), 'second_scale': 'passthrough'}",0.08410957697619414,0.08410957697619414,0.0,1,0.2063946905570292,0.2063946905570292,0.0,0.9570216418784927,0.8908452780606578
0,32027.364707946777,0.0,74.59801721572876,0.0,passthrough,passthrough,"HistGradientBoostingRegressor(early_stopping=True, max_iter=10000,
                              n_iter_no_change=100, random_state=42,
                              scoring='neg_root_mean_squared_error')",50,0.02,squared_error,63,3,0.005,127,1600,FunctionTransformer(func=<function reshape at 0x7fdb1d1c0360>),passthrough,"{'first_scale': 'passthrough', 'frequency': 'passthrough', 'model': HistGradientBoostingRegressor(early_stopping=True, max_iter=10000,
                              n_iter_no_change=100, random_state=42,
                              scoring='neg_root_mean_squared_error'), 'model__l2_regularization': 50, 'model__learning_rate': 0.02, 'model__loss': 'squared_error', 'model__max_bins': 63, 'model__max_depth': 3, 'model__max_features': 0.005, 'model__max_leaf_nodes': 127, 'model__min_samples_leaf': 1600, 'reshape': FunctionTransformer(func=<function reshape at 0x7fdb1d1c0360>), 'second_scale': 'passthrough'}",0.08894616664417465,0.08894616664417465,0.0,1,0.34978709851182044,0.34978709851182044,0.0,0.9544914003571878,0.8063577999177409
0,18316.279687404633,0.0,71.14200043678284,0.0,passthrough,passthrough,"HistGradientBoostingRegressor(early_stopping=True, max_iter=10000,
                              n_iter_no_change=100, random_state=42,
                              scoring='neg_root_mean_squared_error')",50,0.005,squared_error,63,3,0.005,255,800,FunctionTransformer(func=<function reshape at 0x7fdb1d1c0360>),passthrough,"{'first_scale': 'passthrough', 'frequency': 'passthrough', 'model': HistGradientBoostingRegressor(early_stopping=True, max_iter=10000,
                              n_iter_no_change=100, random_state=42,
                              scoring='neg_root_mean_squared_error'), 'model__l2_regularization': 50, 'model__learning_rate': 0.005, 'model__loss': 'squared_error', 'model__max_bins': 63, 'model__max_depth': 3, 'model__max_features': 0.005, 'model__max_leaf_nodes': 255, 'model__min_samples_leaf': 800, 'reshape': FunctionTransformer(func=<function reshape at 0x7fdb1d1c0360>), 'second_scale': 'passthrough'}",0.08843526079598352,0.08843526079598352,0.0,1,0.19471523538695068,0.19471523538695068,0.0,0.9547589953511915,0.8973766013291462
0,28954.029730319977,0.0,58.598697662353516,0.0,passthrough,passthrough,"HistGradientBoostingRegressor(early_stopping=True, max_iter=20000,
                              n_iter_no_change=100, random_state=42,
                              scoring='neg_root_mean_squared_error')",5000,0.01,squared_error,32,1,1.0,31,50,FunctionTransformer(func=<function reshape at 0x7fdb1d1c0360>),passthrough,"{'first_scale': 'passthrough', 'frequency': 'passthrough', 'model': HistGradientBoostingRegressor(early_stopping=True, max_iter=20000,
                              n_iter_no_change=100, random_state=42,
                              scoring='neg_root_mean_squared_error'), 'model__l2_regularization': 5000, 'model__learning_rate': 0.01, 'model__loss': 'squared_error', 'model__max_bins': 32, 'model__max_depth': 1, 'model__max_features': 1.0, 'model__max_leaf_nodes': 31, 'model__min_samples_leaf': 50, 'reshape': FunctionTransformer(func=<function reshape at 0x7fdb1d1c0360>), 'second_scale': 'passthrough'}",0.07405237077702875,0.07405237077702875,0.0,1,0.12726808588155625,0.12726808588155625,0.0,0.9622617259472452,0.9342012171467364
0,28168.567585229874,0.0,148.83290767669678,0.0,passthrough,passthrough,"HistGradientBoostingRegressor(early_stopping=True, max_iter=10000,
                              n_iter_no_change=100, random_state=42,
                              scoring='neg_root_mean_squared_error')",400,0.01,squared_error,63,3,0.005,127,800,FunctionTransformer(func=<function reshape at 0x7fdb1d1c0360>),passthrough,"{'first_scale': 'passthrough', 'frequency': 'passthrough', 'model': HistGradientBoostingRegressor(early_stopping=True, max_iter=10000,
                              n_iter_no_change=100, random_state=42,
                              scoring='neg_root_mean_squared_error'), 'model__l2_regularization': 400, 'model__learning_rate': 0.01, 'model__loss': 'squared_error', 'model__max_bins': 63, 'model__max_depth': 3, 'model__max_features': 0.005, 'model__max_leaf_nodes': 127, 'model__min_samples_leaf': 800, 'reshape': FunctionTransformer(func=<function reshape at 0x7fdb1d1c0360>), 'second_scale': 'passthrough'}",0.09137074314677107,0.09137074314677107,0.0,1,0.25480445871220225,0.25480445871220225,0.0,0.9532204660272612,0.8632470916764201
0,28397.87922668457,0.0,144.454204082489,0.0,passthrough,passthrough,"HistGradientBoostingRegressor(early_stopping=True, max_iter=10000,
                              n_iter_no_change=100, random_state=42,
                              scoring='neg_root_mean_squared_error')",400,0.01,squared_error,63,3,0.005,127,1600,FunctionTransformer(func=<function reshape at 0x7fdb1d1c0360>),passthrough,"{'first_scale': 'passthrough', 'frequency': 'passthrough', 'model': HistGradientBoostingRegressor(early_stopping=True, max_iter=10000,
                              n_iter_no_change=100, random_state=42,
                              scoring='neg_root_mean_squared_error'), 'model__l2_regularization': 400, 'model__learning_rate': 0.01, 'model__loss': 'squared_error', 'model__max_bins': 63, 'model__max_depth': 3, 'model__max_features': 0.005, 'model__max_leaf_nodes': 127, 'model__min_samples_leaf': 1600, 'reshape': FunctionTransformer(func=<function reshape at 0x7fdb1d1c0360>), 'second_scale': 'passthrough'}",0.09136117424844714,0.09136117424844714,0.0,1,0.24404386028559988,0.24404386028559988,0.0,0.9532254852612538,0.8694573823451038
0,26787.876297473907,0.0,65.92336750030518,0.0,passthrough,passthrough,"HistGradientBoostingRegressor(early_stopping=True, max_iter=10000,
                              n_iter_no_change=100, random_state=42,
                              scoring='neg_root_mean_squared_error')",50,0.05,absolute_error,32,3,0.2,255,800,FunctionTransformer(func=<function reshape at 0x7fdb1d1c0360>),passthrough,"{'first_scale': 'passthrough', 'frequency': 'passthrough', 'model': HistGradientBoostingRegressor(early_stopping=True, max_iter=10000,
                              n_iter_no_change=100, random_state=42,
                              scoring='neg_root_mean_squared_error'), 'model__l2_regularization': 50, 'model__learning_rate': 0.05, 'model__loss': 'absolute_error', 'model__max_bins': 32, 'model__max_depth': 3, 'model__max_features': 0.2, 'model__max_leaf_nodes': 255, 'model__min_samples_leaf': 800, 'reshape': FunctionTransformer(func=<function reshape at 0x7fdb1d1c0360>), 'second_scale': 'passthrough'}",0.08484551619439595,0.08484551619439595,0.0,1,0.23642840720225367,0.23642840720225367,0.0,0.9566370700561442,0.8738258366503856
0,26306.485857248306,0.0,71.26220488548279,0.0,passthrough,passthrough,"HistGradientBoostingRegressor(early_stopping=True, max_iter=10000,
                              n_iter_no_change=100, random_state=42,
                              scoring='neg_root_mean_squared_error')",10,0.01,squared_error,63,3,0.005,255,800,FunctionTransformer(func=<function reshape at 0x7fdb1d1c0360>),passthrough,"{'first_scale': 'passthrough', 'frequency': 'passthrough', 'model': HistGradientBoostingRegressor(early_stopping=True, max_iter=10000,
                              n_iter_no_change=100, random_state=42,
                              scoring='neg_root_mean_squared_error'), 'model__l2_regularization': 10, 'model__learning_rate': 0.01, 'model__loss': 'squared_error', 'model__max_bins': 63, 'model__max_depth': 3, 'model__max_features': 0.005, 'model__max_leaf_nodes': 255, 'model__min_samples_leaf': 800, 'reshape': FunctionTransformer(func=<function reshape at 0x7fdb1d1c0360>), 'second_scale': 'passthrough'}",0.09216422606238206,0.09216422606238206,0.0,1,0.2672755982635012,0.2672755982635012,0.0,0.9528041634762192,0.8559932252865666
0,10343.681520938873,0.0,47.81612682342529,0.0,passthrough,passthrough,"HistGradientBoostingRegressor(early_stopping=True, max_iter=10000,
                              n_iter_no_change=100, random_state=42,
                              scoring='neg_root_mean_squared_error')",400,0.05,squared_error,63,3,0.005,127,1600,FunctionTransformer(func=<function reshape at 0x7fdb1d1c0360>),passthrough,"{'first_scale': 'passthrough', 'frequency': 'passthrough', 'model': HistGradientBoostingRegressor(early_stopping=True, max_iter=10000,
                              n_iter_no_change=100, random_state=42,
                              scoring='neg_root_mean_squared_error'), 'model__l2_regularization': 400, 'model__learning_rate': 0.05, 'model__loss': 'squared_error', 'model__max_bins': 63, 'model__max_depth': 3, 'model__max_features': 0.005, 'model__max_leaf_nodes': 127, 'model__min_samples_leaf': 1600, 'reshape': FunctionTransformer(func=<function reshape at 0x7fdb1d1c0360>), 'second_scale': 'passthrough'}",0.08725129581465418,0.08725129581465418,0.0,1,0.35608195802857623,0.35608195802857623,0.0,0.9553788275785401,0.8024450398447384
0,13037.440716981888,0.0,69.80694484710693,0.0,passthrough,passthrough,"HistGradientBoostingRegressor(early_stopping=True, max_iter=10000,
                              n_iter_no_change=100, random_state=42,
                              scoring='neg_root_mean_squared_error')",400,0.05,squared_error,63,3,0.005,127,800,FunctionTransformer(func=<function reshape at 0x7fdb1d1c0360>),passthrough,"{'first_scale': 'passthrough', 'frequency': 'passthrough', 'model': HistGradientBoostingRegressor(early_stopping=True, max_iter=10000,
                              n_iter_no_change=100, random_state=42,
                              scoring='neg_root_mean_squared_error'), 'model__l2_regularization': 400, 'model__learning_rate': 0.05, 'model__loss': 'squared_error', 'model__max_bins': 63, 'model__max_depth': 3, 'model__max_features': 0.005, 'model__max_leaf_nodes': 127, 'model__min_samples_leaf': 800, 'reshape': FunctionTransformer(func=<function reshape at 0x7fdb1d1c0360>), 'second_scale': 'passthrough'}",0.08525801914836506,0.08525801914836506,0.0,1,0.41884565694866394,0.41884565694866394,0.0,0.9564214452068894,0.7623347972192638
0,18446.626059532166,0.0,45.541653633117676,0.0,passthrough,passthrough,"HistGradientBoostingRegressor(early_stopping=True, max_iter=10000,
                              n_iter_no_change=100, random_state=42,
                              scoring='neg_root_mean_squared_error')",50,0.05,absolute_error,32,3,1.0,255,3200,FunctionTransformer(func=<function reshape at 0x7fdb1d1c0360>),passthrough,"{'first_scale': 'passthrough', 'frequency': 'passthrough', 'model': HistGradientBoostingRegressor(early_stopping=True, max_iter=10000,
                              n_iter_no_change=100, random_state=42,
                              scoring='neg_root_mean_squared_error'), 'model__l2_regularization': 50, 'model__learning_rate': 0.05, 'model__loss': 'absolute_error', 'model__max_bins': 32, 'model__max_depth': 3, 'model__max_features': 1.0, 'model__max_leaf_nodes': 255, 'model__min_samples_leaf': 3200, 'reshape': FunctionTransformer(func=<function reshape at 0x7fdb1d1c0360>), 'second_scale': 'passthrough'}",0.08319094962915952,0.08319094962915952,0.0,1,0.2119531620150641,0.2119531620150641,0.0,0.9575014623335258,0.8877200222958452
0,10358.991201162338,0.0,26.318445444107056,0.0,passthrough,passthrough,"HistGradientBoostingRegressor(early_stopping=True, max_iter=10000,
                              n_iter_no_change=100, random_state=42,
                              scoring='neg_root_mean_squared_error')",10,0.05,squared_error,63,3,0.005,127,1600,FunctionTransformer(func=<function reshape at 0x7fdb1d1c0360>),passthrough,"{'first_scale': 'passthrough', 'frequency': 'passthrough', 'model': HistGradientBoostingRegressor(early_stopping=True, max_iter=10000,
                              n_iter_no_change=100, random_state=42,
                              scoring='neg_root_mean_squared_error'), 'model__l2_regularization': 10, 'model__learning_rate': 0.05, 'model__loss': 'squared_error', 'model__max_bins': 63, 'model__max_depth': 3, 'model__max_features': 0.005, 'model__max_leaf_nodes': 127, 'model__min_samples_leaf': 1600, 'reshape': FunctionTransformer(func=<function reshape at 0x7fdb1d1c0360>), 'second_scale': 'passthrough'}",0.08535400442733476,0.08535400442733476,0.0,1,0.3377037147903824,0.3377037147903824,0.0,0.9563712645059267,0.8138158791825197
0,17632.898606061935,0.0,25.729571104049683,0.0,passthrough,passthrough,"HistGradientBoostingRegressor(early_stopping=True, max_iter=20000,
                              n_iter_no_change=100, random_state=42,
                              scoring='neg_root_mean_squared_error')",0,0.01,squared_error,32,1,0.2,31,50,FunctionTransformer(func=<function reshape at 0x7fdb1d1c0360>),passthrough,"{'first_scale': 'passthrough', 'frequency': 'passthrough', 'model': HistGradientBoostingRegressor(early_stopping=True, max_iter=20000,
                              n_iter_no_change=100, random_state=42,
                              scoring='neg_root_mean_squared_error'), 'model__l2_regularization': 0, 'model__learning_rate': 0.01, 'model__loss': 'squared_error', 'model__max_bins': 32, 'model__max_depth': 1, 'model__max_features': 0.2, 'model__max_leaf_nodes': 31, 'model__min_samples_leaf': 50, 'reshape': FunctionTransformer(func=<function reshape at 0x7fdb1d1c0360>), 'second_scale': 'passthrough'}",0.07668248185667947,0.07668248185667947,0.0,1,0.1364323131536792,0.1364323131536792,0.0,0.9608941243151196,0.929283426542366
0,22961.239547491074,0.0,56.49167227745056,0.0,passthrough,passthrough,"HistGradientBoostingRegressor(early_stopping=True, max_iter=10000,
                              n_iter_no_change=100, random_state=42,
                              scoring='neg_root_mean_squared_error')",100,0.0025,squared_error,63,3,0.005,127,800,FunctionTransformer(func=<function reshape at 0x7fdb1d1c0360>),passthrough,"{'first_scale': 'passthrough', 'frequency': 'passthrough', 'model': HistGradientBoostingRegressor(early_stopping=True, max_iter=10000,
                              n_iter_no_change=100, random_state=42,
                              scoring='neg_root_mean_squared_error'), 'model__l2_regularization': 100, 'model__learning_rate': 0.0025, 'model__loss': 'squared_error', 'model__max_bins': 63, 'model__max_depth': 3, 'model__max_features': 0.005, 'model__max_leaf_nodes': 127, 'model__min_samples_leaf': 800, 'reshape': FunctionTransformer(func=<function reshape at 0x7fdb1d1c0360>), 'second_scale': 'passthrough'}",0.08076355740188546,0.08076355740188546,0.0,1,0.1462941441138541,0.1462941441138541,0.0,0.9587681902306284,0.9239620424487934
0,27398.639064073563,0.0,71.0950038433075,0.0,passthrough,passthrough,"HistGradientBoostingRegressor(early_stopping=True, max_iter=10000,
                              n_iter_no_change=100, random_state=42,
                              scoring='neg_root_mean_squared_error')",10,0.005,squared_error,63,3,0.005,255,800,FunctionTransformer(func=<function reshape at 0x7fdb1d1c0360>),passthrough,"{'first_scale': 'passthrough', 'frequency': 'passthrough', 'model': HistGradientBoostingRegressor(early_stopping=True, max_iter=10000,
                              n_iter_no_change=100, random_state=42,
                              scoring='neg_root_mean_squared_error'), 'model__l2_regularization': 10, 'model__learning_rate': 0.005, 'model__loss': 'squared_error', 'model__max_bins': 63, 'model__max_depth': 3, 'model__max_features': 0.005, 'model__max_leaf_nodes': 255, 'model__min_samples_leaf': 800, 'reshape': FunctionTransformer(func=<function reshape at 0x7fdb1d1c0360>), 'second_scale': 'passthrough'}",0.08860083935477647,0.08860083935477647,0.0,1,0.1956812143016946,0.1956812143016946,0.0,0.9546722791854928,0.8968382160112857
0,26550.432734012604,0.0,115.29864716529846,0.0,passthrough,passthrough,"HistGradientBoostingRegressor(early_stopping=True, max_iter=10000,
                              n_iter_no_change=100, random_state=42,
                              scoring='neg_root_mean_squared_error')",200,0.005,squared_error,63,3,0.005,255,800,FunctionTransformer(func=<function reshape at 0x7fdb1d1c0360>),passthrough,"{'first_scale': 'passthrough', 'frequency': 'passthrough', 'model': HistGradientBoostingRegressor(early_stopping=True, max_iter=10000,
                              n_iter_no_change=100, random_state=42,
                              scoring='neg_root_mean_squared_error'), 'model__l2_regularization': 200, 'model__learning_rate': 0.005, 'model__loss': 'squared_error', 'model__max_bins': 63, 'model__max_depth': 3, 'model__max_features': 0.005, 'model__max_leaf_nodes': 255, 'model__min_samples_leaf': 800, 'reshape': FunctionTransformer(func=<function reshape at 0x7fdb1d1c0360>), 'second_scale': 'passthrough'}",0.08810447267231436,0.08810447267231436,0.0,1,0.19169143589089743,0.19169143589089743,0.0,0.9549322108546164,0.899059822319462
0,27112.76198363304,0.0,60.46427130699158,0.0,passthrough,passthrough,"HistGradientBoostingRegressor(early_stopping=True, max_iter=10000,
                              n_iter_no_change=100, random_state=42,
                              scoring='neg_root_mean_squared_error')",10,0.005,squared_error,63,3,0.005,127,800,FunctionTransformer(func=<function reshape at 0x7fdb1d1c0360>),passthrough,"{'first_scale': 'passthrough', 'frequency': 'passthrough', 'model': HistGradientBoostingRegressor(early_stopping=True, max_iter=10000,
                              n_iter_no_change=100, random_state=42,
                              scoring='neg_root_mean_squared_error'), 'model__l2_regularization': 10, 'model__learning_rate': 0.005, 'model__loss': 'squared_error', 'model__max_bins': 63, 'model__max_depth': 3, 'model__max_features': 0.005, 'model__max_leaf_nodes': 127, 'model__min_samples_leaf': 800, 'reshape': FunctionTransformer(func=<function reshape at 0x7fdb1d1c0360>), 'second_scale': 'passthrough'}",0.08860083935477647,0.08860083935477647,0.0,1,0.1956812143016946,0.1956812143016946,0.0,0.9546722791854928,0.8968382160112857
0,15129.619557857513,0.0,37.18352460861206,0.0,passthrough,passthrough,"HistGradientBoostingRegressor(early_stopping=True, max_iter=10000,
                              n_iter_no_change=100, random_state=42,
                              scoring='neg_root_mean_squared_error')",50,0.05,squared_error,63,3,0.005,255,1600,FunctionTransformer(func=<function reshape at 0x7fdb1d1c0360>),passthrough,"{'first_scale': 'passthrough', 'frequency': 'passthrough', 'model': HistGradientBoostingRegressor(early_stopping=True, max_iter=10000,
                              n_iter_no_change=100, random_state=42,
                              scoring='neg_root_mean_squared_error'), 'model__l2_regularization': 50, 'model__learning_rate': 0.05, 'model__loss': 'squared_error', 'model__max_bins': 63, 'model__max_depth': 3, 'model__max_features': 0.005, 'model__max_leaf_nodes': 255, 'model__min_samples_leaf': 1600, 'reshape': FunctionTransformer(func=<function reshape at 0x7fdb1d1c0360>), 'second_scale': 'passthrough'}",0.08383005079233363,0.08383005079233363,0.0,1,0.3738780211674523,0.3738780211674523,0.0,0.9571676703732039,0.7912786985838477
0,27145.792754888535,0.0,59.41226649284363,0.0,passthrough,passthrough,"HistGradientBoostingRegressor(early_stopping=True, max_iter=10000,
                              n_iter_no_change=100, random_state=42,
                              scoring='neg_root_mean_squared_error')",200,0.02,absolute_error,32,3,0.2,127,1600,FunctionTransformer(func=<function reshape at 0x7fdb1d1c0360>),passthrough,"{'first_scale': 'passthrough', 'frequency': 'passthrough', 'model': HistGradientBoostingRegressor(early_stopping=True, max_iter=10000,
                              n_iter_no_change=100, random_state=42,
                              scoring='neg_root_mean_squared_error'), 'model__l2_regularization': 200, 'model__learning_rate': 0.02, 'model__loss': 'absolute_error', 'model__max_bins': 32, 'model__max_depth': 3, 'model__max_features': 0.2, 'model__max_leaf_nodes': 127, 'model__min_samples_leaf': 1600, 'reshape': FunctionTransformer(func=<function reshape at 0x7fdb1d1c0360>), 'second_scale': 'passthrough'}",0.08488100925166686,0.08488100925166686,0.0,1,0.19964703407495277,0.19964703407495277,0.0,0.9566185189239925,0.8946244831911584
0,27082.635461091995,0.0,61.887529134750366,0.0,passthrough,passthrough,"HistGradientBoostingRegressor(early_stopping=True, max_iter=10000,
                              n_iter_no_change=100, random_state=42,
                              scoring='neg_root_mean_squared_error')",200,0.02,absolute_error,32,3,0.2,255,1600,FunctionTransformer(func=<function reshape at 0x7fdb1d1c0360>),passthrough,"{'first_scale': 'passthrough', 'frequency': 'passthrough', 'model': HistGradientBoostingRegressor(early_stopping=True, max_iter=10000,
                              n_iter_no_change=100, random_state=42,
                              scoring='neg_root_mean_squared_error'), 'model__l2_regularization': 200, 'model__learning_rate': 0.02, 'model__loss': 'absolute_error', 'model__max_bins': 32, 'model__max_depth': 3, 'model__max_features': 0.2, 'model__max_leaf_nodes': 255, 'model__min_samples_leaf': 1600, 'reshape': FunctionTransformer(func=<function reshape at 0x7fdb1d1c0360>), 'second_scale': 'passthrough'}",0.08488100925166686,0.08488100925166686,0.0,1,0.19964703407495277,0.19964703407495277,0.0,0.9566185189239925,0.8946244831911584
0,29082.830218076706,0.0,73.12809038162231,0.0,passthrough,passthrough,"HistGradientBoostingRegressor(early_stopping=True, max_iter=20000,
                              n_iter_no_change=100, random_state=42,
                              scoring='neg_root_mean_squared_error')",0,0.0015,squared_error,32,1,0.2,31,50,FunctionTransformer(func=<function reshape at 0x7fdb1d1c0360>),passthrough,"{'first_scale': 'passthrough', 'frequency': 'passthrough', 'model': HistGradientBoostingRegressor(early_stopping=True, max_iter=20000,
                              n_iter_no_change=100, random_state=42,
                              scoring='neg_root_mean_squared_error'), 'model__l2_regularization': 0, 'model__learning_rate': 0.0015, 'model__loss': 'squared_error', 'model__max_bins': 32, 'model__max_depth': 1, 'model__max_features': 0.2, 'model__max_leaf_nodes': 31, 'model__min_samples_leaf': 50, 'reshape': FunctionTransformer(func=<function reshape at 0x7fdb1d1c0360>), 'second_scale': 'passthrough'}",0.06005398678812235,0.06005398678812235,0.0,1,0.08326064756017226,0.08326064756017226,0.0,0.9695081295233566,0.9574650659109333
0,27878.328832626343,0.0,69.76298022270203,0.0,passthrough,passthrough,"HistGradientBoostingRegressor(early_stopping=True, max_iter=10000,
                              n_iter_no_change=100, random_state=42,
                              scoring='neg_root_mean_squared_error')",200,0.02,absolute_error,32,3,0.5,255,800,FunctionTransformer(func=<function reshape at 0x7fdb1d1c0360>),passthrough,"{'first_scale': 'passthrough', 'frequency': 'passthrough', 'model': HistGradientBoostingRegressor(early_stopping=True, max_iter=10000,
                              n_iter_no_change=100, random_state=42,
                              scoring='neg_root_mean_squared_error'), 'model__l2_regularization': 200, 'model__learning_rate': 0.02, 'model__loss': 'absolute_error', 'model__max_bins': 32, 'model__max_depth': 3, 'model__max_features': 0.5, 'model__max_leaf_nodes': 255, 'model__min_samples_leaf': 800, 'reshape': FunctionTransformer(func=<function reshape at 0x7fdb1d1c0360>), 'second_scale': 'passthrough'}",0.08504616932620723,0.08504616932620723,0.0,1,0.20908190693665007,0.20908190693665007,0.0,0.9565321900876064,0.8893357594650908
0,11178.277318954468,0.0,32.55323839187622,0.0,passthrough,passthrough,"HistGradientBoostingRegressor(early_stopping=True, max_iter=10000,
                              n_iter_no_change=100, random_state=42,
                              scoring='neg_root_mean_squared_error')",200,0.05,squared_error,63,3,0.005,255,800,FunctionTransformer(func=<function reshape at 0x7fdb1d1c0360>),passthrough,"{'first_scale': 'passthrough', 'frequency': 'passthrough', 'model': HistGradientBoostingRegressor(early_stopping=True, max_iter=10000,
                              n_iter_no_change=100, random_state=42,
                              scoring='neg_root_mean_squared_error'), 'model__l2_regularization': 200, 'model__learning_rate': 0.05, 'model__loss': 'squared_error', 'model__max_bins': 63, 'model__max_depth': 3, 'model__max_features': 0.005, 'model__max_leaf_nodes': 255, 'model__min_samples_leaf': 800, 'reshape': FunctionTransformer(func=<function reshape at 0x7fdb1d1c0360>), 'second_scale': 'passthrough'}",0.08593048609525811,0.08593048609525811,0.0,1,0.33392503552068076,0.33392503552068076,0.0,0.9560698268979844,0.8161341583828723
0,28494.9596991539,0.0,52.4693763256073,0.0,passthrough,passthrough,"HistGradientBoostingRegressor(early_stopping=True, max_iter=20000,
                              n_iter_no_change=100, random_state=42,
                              scoring='neg_root_mean_squared_error')",5000,0.02,squared_error,32,1,0.02,31,50,FunctionTransformer(func=<function reshape at 0x7fdb1d1c0360>),passthrough,"{'first_scale': 'passthrough', 'frequency': 'passthrough', 'model': HistGradientBoostingRegressor(early_stopping=True, max_iter=20000,
                              n_iter_no_change=100, random_state=42,
                              scoring='neg_root_mean_squared_error'), 'model__l2_regularization': 5000, 'model__learning_rate': 0.02, 'model__loss': 'squared_error', 'model__max_bins': 32, 'model__max_depth': 1, 'model__max_features': 0.02, 'model__max_leaf_nodes': 31, 'model__min_samples_leaf': 50, 'reshape': FunctionTransformer(func=<function reshape at 0x7fdb1d1c0360>), 'second_scale': 'passthrough'}",0.07611635103612713,0.07611635103612713,0.0,1,0.14897246904917294,0.14897246904917294,0.0,0.9611886646043392,0.9225115343185835
0,27116.837599039078,0.0,48.9592547416687,0.0,passthrough,passthrough,"HistGradientBoostingRegressor(early_stopping=True, max_iter=20000,
                              n_iter_no_change=100, random_state=42,
                              scoring='neg_root_mean_squared_error')",5000,0.02,squared_error,32,1,0.2,31,50,FunctionTransformer(func=<function reshape at 0x7fdb1d1c0360>),passthrough,"{'first_scale': 'passthrough', 'frequency': 'passthrough', 'model': HistGradientBoostingRegressor(early_stopping=True, max_iter=20000,
                              n_iter_no_change=100, random_state=42,
                              scoring='neg_root_mean_squared_error'), 'model__l2_regularization': 5000, 'model__learning_rate': 0.02, 'model__loss': 'squared_error', 'model__max_bins': 32, 'model__max_depth': 1, 'model__max_features': 0.2, 'model__max_leaf_nodes': 31, 'model__min_samples_leaf': 50, 'reshape': FunctionTransformer(func=<function reshape at 0x7fdb1d1c0360>), 'second_scale': 'passthrough'}",0.07566813515371495,0.07566813515371495,0.0,1,0.14782022703447728,0.14782022703447728,0.0,0.961421793411344,0.9231358366814294
0,27277.925840377808,0.0,60.09456253051758,0.0,passthrough,passthrough,"HistGradientBoostingRegressor(early_stopping=True, max_iter=10000,
                              n_iter_no_change=100, random_state=42,
                              scoring='neg_root_mean_squared_error')",200,0.02,absolute_error,32,3,0.5,255,1600,FunctionTransformer(func=<function reshape at 0x7fdb1d1c0360>),passthrough,"{'first_scale': 'passthrough', 'frequency': 'passthrough', 'model': HistGradientBoostingRegressor(early_stopping=True, max_iter=10000,
                              n_iter_no_change=100, random_state=42,
                              scoring='neg_root_mean_squared_error'), 'model__l2_regularization': 200, 'model__learning_rate': 0.02, 'model__loss': 'absolute_error', 'model__max_bins': 32, 'model__max_depth': 3, 'model__max_features': 0.5, 'model__max_leaf_nodes': 255, 'model__min_samples_leaf': 1600, 'reshape': FunctionTransformer(func=<function reshape at 0x7fdb1d1c0360>), 'second_scale': 'passthrough'}",0.08388743567907353,0.08388743567907353,0.0,1,0.20310382952668848,0.20310382952668848,0.0,0.9571376935012677,0.8926904113259599
0,17549.926679849625,0.0,25.970650672912598,0.0,passthrough,passthrough,"HistGradientBoostingRegressor(early_stopping=True, max_iter=20000,
                              n_iter_no_change=100, random_state=42,
                              scoring='neg_root_mean_squared_error')",0,0.01,squared_error,32,1,1.0,31,50,FunctionTransformer(func=<function reshape at 0x7fdb1d1c0360>),passthrough,"{'first_scale': 'passthrough', 'frequency': 'passthrough', 'model': HistGradientBoostingRegressor(early_stopping=True, max_iter=20000,
                              n_iter_no_change=100, random_state=42,
                              scoring='neg_root_mean_squared_error'), 'model__l2_regularization': 0, 'model__learning_rate': 0.01, 'model__loss': 'squared_error', 'model__max_bins': 32, 'model__max_depth': 1, 'model__max_features': 1.0, 'model__max_leaf_nodes': 31, 'model__min_samples_leaf': 50, 'reshape': FunctionTransformer(func=<function reshape at 0x7fdb1d1c0360>), 'second_scale': 'passthrough'}",0.07663977364575603,0.07663977364575603,0.0,1,0.13647209690718598,0.13647209690718598,0.0,0.9609163472198003,0.9292620206878219
0,26399.056580543518,0.0,61.53233623504639,0.0,passthrough,passthrough,"HistGradientBoostingRegressor(early_stopping=True, max_iter=10000,
                              n_iter_no_change=100, random_state=42,
                              scoring='neg_root_mean_squared_error')",50,0.05,absolute_error,32,3,1.0,255,1600,FunctionTransformer(func=<function reshape at 0x7fdb1d1c0360>),passthrough,"{'first_scale': 'passthrough', 'frequency': 'passthrough', 'model': HistGradientBoostingRegressor(early_stopping=True, max_iter=10000,
                              n_iter_no_change=100, random_state=42,
                              scoring='neg_root_mean_squared_error'), 'model__l2_regularization': 50, 'model__learning_rate': 0.05, 'model__loss': 'absolute_error', 'model__max_bins': 32, 'model__max_depth': 3, 'model__max_features': 1.0, 'model__max_leaf_nodes': 255, 'model__min_samples_leaf': 1600, 'reshape': FunctionTransformer(func=<function reshape at 0x7fdb1d1c0360>), 'second_scale': 'passthrough'}",0.08519791276154887,0.08519791276154887,0.0,1,0.2329247316358991,0.2329247316358991,0.0,0.9564528672331173,0.8758283327023059
0,25645.770919322968,0.0,97.0227952003479,0.0,passthrough,passthrough,"HistGradientBoostingRegressor(early_stopping=True, max_iter=10000,
                              n_iter_no_change=100, random_state=42,
                              scoring='neg_root_mean_squared_error')",100,0.01,squared_error,63,3,0.005,255,1600,FunctionTransformer(func=<function reshape at 0x7fdb1d1c0360>),passthrough,"{'first_scale': 'passthrough', 'frequency': 'passthrough', 'model': HistGradientBoostingRegressor(early_stopping=True, max_iter=10000,
                              n_iter_no_change=100, random_state=42,
                              scoring='neg_root_mean_squared_error'), 'model__l2_regularization': 100, 'model__learning_rate': 0.01, 'model__loss': 'squared_error', 'model__max_bins': 63, 'model__max_depth': 3, 'model__max_features': 0.005, 'model__max_leaf_nodes': 255, 'model__min_samples_leaf': 1600, 'reshape': FunctionTransformer(func=<function reshape at 0x7fdb1d1c0360>), 'second_scale': 'passthrough'}",0.09149369161992216,0.09149369161992216,0.0,1,0.25015456470074704,0.25015456470074704,0.0,0.9531559727453204,0.8659361612147012
0,26067.354299545288,0.0,62.564725160598755,0.0,passthrough,passthrough,"HistGradientBoostingRegressor(early_stopping=True, max_iter=10000,
                              n_iter_no_change=100, random_state=42,
                              scoring='neg_root_mean_squared_error')",10,0.01,squared_error,63,3,0.005,255,1600,FunctionTransformer(func=<function reshape at 0x7fdb1d1c0360>),passthrough,"{'first_scale': 'passthrough', 'frequency': 'passthrough', 'model': HistGradientBoostingRegressor(early_stopping=True, max_iter=10000,
                              n_iter_no_change=100, random_state=42,
                              scoring='neg_root_mean_squared_error'), 'model__l2_regularization': 10, 'model__learning_rate': 0.01, 'model__loss': 'squared_error', 'model__max_bins': 63, 'model__max_depth': 3, 'model__max_features': 0.005, 'model__max_leaf_nodes': 255, 'model__min_samples_leaf': 1600, 'reshape': FunctionTransformer(func=<function reshape at 0x7fdb1d1c0360>), 'second_scale': 'passthrough'}",0.09131968535225177,0.09131968535225177,0.0,1,0.2527201894152673,0.2527201894152673,0.0,0.9532472473853508,0.8644534750839589
0,31982.963144302368,0.0,71.26548290252686,0.0,passthrough,passthrough,"HistGradientBoostingRegressor(early_stopping=True, max_iter=10000,
                              n_iter_no_change=100, random_state=42,
                              scoring='neg_root_mean_squared_error')",50,0.02,squared_error,63,3,0.005,255,1600,FunctionTransformer(func=<function reshape at 0x7fdb1d1c0360>),passthrough,"{'first_scale': 'passthrough', 'frequency': 'passthrough', 'model': HistGradientBoostingRegressor(early_stopping=True, max_iter=10000,
                              n_iter_no_change=100, random_state=42,
                              scoring='neg_root_mean_squared_error'), 'model__l2_regularization': 50, 'model__learning_rate': 0.02, 'model__loss': 'squared_error', 'model__max_bins': 63, 'model__max_depth': 3, 'model__max_features': 0.005, 'model__max_leaf_nodes': 255, 'model__min_samples_leaf': 1600, 'reshape': FunctionTransformer(func=<function reshape at 0x7fdb1d1c0360>), 'second_scale': 'passthrough'}",0.08894616664417465,0.08894616664417465,0.0,1,0.34978709851182044,0.34978709851182044,0.0,0.9544914003571878,0.8063577999177409
0,29006.306686878204,0.0,58.97183966636658,0.0,passthrough,passthrough,"HistGradientBoostingRegressor(early_stopping=True, max_iter=20000,
                              n_iter_no_change=100, random_state=42,
                              scoring='neg_root_mean_squared_error')",5000,0.01,squared_error,32,1,0.5,31,50,FunctionTransformer(func=<function reshape at 0x7fdb1d1c0360>),passthrough,"{'first_scale': 'passthrough', 'frequency': 'passthrough', 'model': HistGradientBoostingRegressor(early_stopping=True, max_iter=20000,
                              n_iter_no_change=100, random_state=42,
                              scoring='neg_root_mean_squared_error'), 'model__l2_regularization': 5000, 'model__learning_rate': 0.01, 'model__loss': 'squared_error', 'model__max_bins': 32, 'model__max_depth': 1, 'model__max_features': 0.5, 'model__max_leaf_nodes': 31, 'model__min_samples_leaf': 50, 'reshape': FunctionTransformer(func=<function reshape at 0x7fdb1d1c0360>), 'second_scale': 'passthrough'}",0.07403291773007092,0.07403291773007092,0.0,1,0.12727015277854548,0.12727015277854548,0.0,0.9622718338754019,0.9342001109085004
0,26304.379613637924,0.0,104.2929220199585,0.0,passthrough,passthrough,"HistGradientBoostingRegressor(early_stopping=True, max_iter=10000,
                              n_iter_no_change=100, random_state=42,
                              scoring='neg_root_mean_squared_error')",200,0.02,squared_error,63,3,0.005,127,800,FunctionTransformer(func=<function reshape at 0x7fdb1d1c0360>),passthrough,"{'first_scale': 'passthrough', 'frequency': 'passthrough', 'model': HistGradientBoostingRegressor(early_stopping=True, max_iter=10000,
                              n_iter_no_change=100, random_state=42,
                              scoring='neg_root_mean_squared_error'), 'model__l2_regularization': 200, 'model__learning_rate': 0.02, 'model__loss': 'squared_error', 'model__max_bins': 63, 'model__max_depth': 3, 'model__max_features': 0.005, 'model__max_leaf_nodes': 127, 'model__min_samples_leaf': 800, 'reshape': FunctionTransformer(func=<function reshape at 0x7fdb1d1c0360>), 'second_scale': 'passthrough'}",0.090800658797204,0.090800658797204,0.0,1,0.3627558893370715,0.3627558893370715,0.0,0.9535194498293131,0.7982757109313351
0,25590.59973192215,0.0,60.700279712677,0.0,passthrough,passthrough,"HistGradientBoostingRegressor(early_stopping=True, max_iter=10000,
                              n_iter_no_change=100, random_state=42,
                              scoring='neg_root_mean_squared_error')",50,0.05,absolute_error,32,3,0.2,127,3200,FunctionTransformer(func=<function reshape at 0x7fdb1d1c0360>),passthrough,"{'first_scale': 'passthrough', 'frequency': 'passthrough', 'model': HistGradientBoostingRegressor(early_stopping=True, max_iter=10000,
                              n_iter_no_change=100, random_state=42,
                              scoring='neg_root_mean_squared_error'), 'model__l2_regularization': 50, 'model__learning_rate': 0.05, 'model__loss': 'absolute_error', 'model__max_bins': 32, 'model__max_depth': 3, 'model__max_features': 0.2, 'model__max_leaf_nodes': 127, 'model__min_samples_leaf': 3200, 'reshape': FunctionTransformer(func=<function reshape at 0x7fdb1d1c0360>), 'second_scale': 'passthrough'}",0.08285245931694107,0.08285245931694107,0.0,1,0.21448013927615173,0.21448013927615173,0.0,0.9576782030948908,0.8862955831571363
0,26272.04413342476,0.0,106.03238248825073,0.0,passthrough,passthrough,"HistGradientBoostingRegressor(early_stopping=True, max_iter=10000,
                              n_iter_no_change=100, random_state=42,
                              scoring='neg_root_mean_squared_error')",100,0.01,squared_error,63,3,0.005,255,800,FunctionTransformer(func=<function reshape at 0x7fdb1d1c0360>),passthrough,"{'first_scale': 'passthrough', 'frequency': 'passthrough', 'model': HistGradientBoostingRegressor(early_stopping=True, max_iter=10000,
                              n_iter_no_change=100, random_state=42,
                              scoring='neg_root_mean_squared_error'), 'model__l2_regularization': 100, 'model__learning_rate': 0.01, 'model__loss': 'squared_error', 'model__max_bins': 63, 'model__max_depth': 3, 'model__max_features': 0.005, 'model__max_leaf_nodes': 255, 'model__min_samples_leaf': 800, 'reshape': FunctionTransformer(func=<function reshape at 0x7fdb1d1c0360>), 'second_scale': 'passthrough'}",0.09214959188579208,0.09214959188579208,0.0,1,0.2634348102818126,0.2634348102818126,0.0,0.9528118429754155,0.8582337616979347
0,17773.772683382034,0.0,73.75356125831604,0.0,passthrough,passthrough,"HistGradientBoostingRegressor(early_stopping=True, max_iter=10000,
                              n_iter_no_change=100, random_state=42,
                              scoring='neg_root_mean_squared_error')",50,0.005,squared_error,63,3,0.005,127,1600,FunctionTransformer(func=<function reshape at 0x7fdb1d1c0360>),passthrough,"{'first_scale': 'passthrough', 'frequency': 'passthrough', 'model': HistGradientBoostingRegressor(early_stopping=True, max_iter=10000,
                              n_iter_no_change=100, random_state=42,
                              scoring='neg_root_mean_squared_error'), 'model__l2_regularization': 50, 'model__learning_rate': 0.005, 'model__loss': 'squared_error', 'model__max_bins': 63, 'model__max_depth': 3, 'model__max_features': 0.005, 'model__max_leaf_nodes': 127, 'model__min_samples_leaf': 1600, 'reshape': FunctionTransformer(func=<function reshape at 0x7fdb1d1c0360>), 'second_scale': 'passthrough'}",0.0879768542507745,0.0879768542507745,0.0,1,0.1864076152322166,0.1864076152322166,0.0,0.9549990291875827,0.9019935613782304
0,29049.127349615097,0.0,51.55032134056091,0.0,passthrough,passthrough,"HistGradientBoostingRegressor(early_stopping=True, max_iter=20000,
                              n_iter_no_change=100, random_state=42,
                              scoring='neg_root_mean_squared_error')",0,0.0015,squared_error,32,1,0.02,31,50,FunctionTransformer(func=<function reshape at 0x7fdb1d1c0360>),passthrough,"{'first_scale': 'passthrough', 'frequency': 'passthrough', 'model': HistGradientBoostingRegressor(early_stopping=True, max_iter=20000,
                              n_iter_no_change=100, random_state=42,
                              scoring='neg_root_mean_squared_error'), 'model__l2_regularization': 0, 'model__learning_rate': 0.0015, 'model__loss': 'squared_error', 'model__max_bins': 32, 'model__max_depth': 1, 'model__max_features': 0.02, 'model__max_leaf_nodes': 31, 'model__min_samples_leaf': 50, 'reshape': FunctionTransformer(func=<function reshape at 0x7fdb1d1c0360>), 'second_scale': 'passthrough'}",0.06014902587835169,0.06014902587835169,0.0,1,0.0827793956155849,0.0827793956155849,0.0,0.969459114208355,0.9577163486045412
0,42808.816924095154,0.0,10.991195678710938,0.0,passthrough,passthrough,"HistGradientBoostingRegressor(early_stopping=True, max_iter=20000,
                              n_iter_no_change=100, random_state=42,
                              scoring='neg_root_mean_squared_error')",0,0.02,squared_error,32,1,0.02,31,50,FunctionTransformer(func=<function reshape at 0x7fdb1d1c0360>),passthrough,"{'first_scale': 'passthrough', 'frequency': 'passthrough', 'model': HistGradientBoostingRegressor(early_stopping=True, max_iter=20000,
                              n_iter_no_change=100, random_state=42,
                              scoring='neg_root_mean_squared_error'), 'model__l2_regularization': 0, 'model__learning_rate': 0.02, 'model__loss': 'squared_error', 'model__max_bins': 32, 'model__max_depth': 1, 'model__max_features': 0.02, 'model__max_leaf_nodes': 31, 'model__min_samples_leaf': 50, 'reshape': FunctionTransformer(func=<function reshape at 0x7fdb1d1c0360>), 'second_scale': 'passthrough'}",0.07830544789236105,0.07830544789236105,0.0,1,0.15110365187296182,0.15110365187296182,0.0,0.9600492446263571,0.9213557120499325
0,17603.19886779785,0.0,24.695645093917847,0.0,passthrough,passthrough,"HistGradientBoostingRegressor(early_stopping=True, max_iter=20000,
                              n_iter_no_change=100, random_state=42,
                              scoring='neg_root_mean_squared_error')",0,0.01,squared_error,32,1,0.02,31,50,FunctionTransformer(func=<function reshape at 0x7fdb1d1c0360>),passthrough,"{'first_scale': 'passthrough', 'frequency': 'passthrough', 'model': HistGradientBoostingRegressor(early_stopping=True, max_iter=20000,
                              n_iter_no_change=100, random_state=42,
                              scoring='neg_root_mean_squared_error'), 'model__l2_regularization': 0, 'model__learning_rate': 0.01, 'model__loss': 'squared_error', 'model__max_bins': 32, 'model__max_depth': 1, 'model__max_features': 0.02, 'model__max_leaf_nodes': 31, 'model__min_samples_leaf': 50, 'reshape': FunctionTransformer(func=<function reshape at 0x7fdb1d1c0360>), 'second_scale': 'passthrough'}",0.07669389862775688,0.07669389862775688,0.0,1,0.1359342731277403,0.1359342731277403,0.0,0.9608881835948672,0.9295513578454176
0,13003.264922380447,0.0,39.595216274261475,0.0,passthrough,passthrough,"HistGradientBoostingRegressor(early_stopping=True, max_iter=10000,
                              n_iter_no_change=100, random_state=42,
                              scoring='neg_root_mean_squared_error')",50,0.05,squared_error,63,3,0.005,127,800,FunctionTransformer(func=<function reshape at 0x7fdb1d1c0360>),passthrough,"{'first_scale': 'passthrough', 'frequency': 'passthrough', 'model': HistGradientBoostingRegressor(early_stopping=True, max_iter=10000,
                              n_iter_no_change=100, random_state=42,
                              scoring='neg_root_mean_squared_error'), 'model__l2_regularization': 50, 'model__learning_rate': 0.05, 'model__loss': 'squared_error', 'model__max_bins': 63, 'model__max_depth': 3, 'model__max_features': 0.005, 'model__max_leaf_nodes': 127, 'model__min_samples_leaf': 800, 'reshape': FunctionTransformer(func=<function reshape at 0x7fdb1d1c0360>), 'second_scale': 'passthrough'}",0.08370849220299315,0.08370849220299315,0.0,1,0.3903709604711131,0.3903709604711131,0.0,0.9572311673765156,0.7807874483679197
0,22677.008804559708,0.0,53.401686906814575,0.0,passthrough,passthrough,"HistGradientBoostingRegressor(early_stopping=True, max_iter=10000,
                              n_iter_no_change=100, random_state=42,
                              scoring='neg_root_mean_squared_error')",100,0.0025,squared_error,63,3,0.005,127,1600,FunctionTransformer(func=<function reshape at 0x7fdb1d1c0360>),passthrough,"{'first_scale': 'passthrough', 'frequency': 'passthrough', 'model': HistGradientBoostingRegressor(early_stopping=True, max_iter=10000,
                              n_iter_no_change=100, random_state=42,
                              scoring='neg_root_mean_squared_error'), 'model__l2_regularization': 100, 'model__learning_rate': 0.0025, 'model__loss': 'squared_error', 'model__max_bins': 63, 'model__max_depth': 3, 'model__max_features': 0.005, 'model__max_leaf_nodes': 127, 'model__min_samples_leaf': 1600, 'reshape': FunctionTransformer(func=<function reshape at 0x7fdb1d1c0360>), 'second_scale': 'passthrough'}",0.07992878862073027,0.07992878862073027,0.0,1,0.14255471831652333,0.14255471831652333,0.0,0.9592034254417932,0.9259834132874502
0,25763.28854250908,0.0,99.01650333404541,0.0,passthrough,passthrough,"HistGradientBoostingRegressor(early_stopping=True, max_iter=10000,
                              n_iter_no_change=100, random_state=42,
                              scoring='neg_root_mean_squared_error')",200,0.05,squared_error,63,6,0.005,255,1600,FunctionTransformer(func=<function reshape at 0x7fdb1d1c0360>),passthrough,"{'first_scale': 'passthrough', 'frequency': 'passthrough', 'model': HistGradientBoostingRegressor(early_stopping=True, max_iter=10000,
                              n_iter_no_change=100, random_state=42,
                              scoring='neg_root_mean_squared_error'), 'model__l2_regularization': 200, 'model__learning_rate': 0.05, 'model__loss': 'squared_error', 'model__max_bins': 63, 'model__max_depth': 6, 'model__max_features': 0.005, 'model__max_leaf_nodes': 255, 'model__min_samples_leaf': 1600, 'reshape': FunctionTransformer(func=<function reshape at 0x7fdb1d1c0360>), 'second_scale': 'passthrough'}",0.07601780418733595,0.07601780418733595,0.0,1,0.7127137086100509,0.7127137086100509,0.0,0.9612399262476897,0.5359909433842601
0,11233.909419298172,0.0,31.766143321990967,0.0,passthrough,passthrough,"HistGradientBoostingRegressor(early_stopping=True, max_iter=10000,
                              n_iter_no_change=100, random_state=42,
                              scoring='neg_root_mean_squared_error')",200,0.05,squared_error,63,3,0.005,127,800,FunctionTransformer(func=<function reshape at 0x7fdb1d1c0360>),passthrough,"{'first_scale': 'passthrough', 'frequency': 'passthrough', 'model': HistGradientBoostingRegressor(early_stopping=True, max_iter=10000,
                              n_iter_no_change=100, random_state=42,
                              scoring='neg_root_mean_squared_error'), 'model__l2_regularization': 200, 'model__learning_rate': 0.05, 'model__loss': 'squared_error', 'model__max_bins': 63, 'model__max_depth': 3, 'model__max_features': 0.005, 'model__max_leaf_nodes': 127, 'model__min_samples_leaf': 800, 'reshape': FunctionTransformer(func=<function reshape at 0x7fdb1d1c0360>), 'second_scale': 'passthrough'}",0.08593048609525811,0.08593048609525811,0.0,1,0.33392503552068076,0.33392503552068076,0.0,0.9560698268979844,0.8161341583828723
0,18649.11972260475,0.0,44.738173484802246,0.0,passthrough,passthrough,"HistGradientBoostingRegressor(early_stopping=True, max_iter=10000,
                              n_iter_no_change=100, random_state=42,
                              scoring='neg_root_mean_squared_error')",10,0.05,squared_error,63,3,0.005,127,800,FunctionTransformer(func=<function reshape at 0x7fdb1d1c0360>),passthrough,"{'first_scale': 'passthrough', 'frequency': 'passthrough', 'model': HistGradientBoostingRegressor(early_stopping=True, max_iter=10000,
                              n_iter_no_change=100, random_state=42,
                              scoring='neg_root_mean_squared_error'), 'model__l2_regularization': 10, 'model__learning_rate': 0.05, 'model__loss': 'squared_error', 'model__max_bins': 63, 'model__max_depth': 3, 'model__max_features': 0.005, 'model__max_leaf_nodes': 127, 'model__min_samples_leaf': 800, 'reshape': FunctionTransformer(func=<function reshape at 0x7fdb1d1c0360>), 'second_scale': 'passthrough'}",0.08092269872072477,0.08092269872072477,0.0,1,0.4844074663903374,0.4844074663903374,0.0,0.9586851940440486,0.718047723768875
0,26812.966487646103,0.0,62.25587201118469,0.0,passthrough,passthrough,"HistGradientBoostingRegressor(early_stopping=True, max_iter=10000,
                              n_iter_no_change=100, random_state=42,
                              scoring='neg_root_mean_squared_error')",50,0.05,absolute_error,32,3,0.5,255,800,FunctionTransformer(func=<function reshape at 0x7fdb1d1c0360>),passthrough,"{'first_scale': 'passthrough', 'frequency': 'passthrough', 'model': HistGradientBoostingRegressor(early_stopping=True, max_iter=10000,
                              n_iter_no_change=100, random_state=42,
                              scoring='neg_root_mean_squared_error'), 'model__l2_regularization': 50, 'model__learning_rate': 0.05, 'model__loss': 'absolute_error', 'model__max_bins': 32, 'model__max_depth': 3, 'model__max_features': 0.5, 'model__max_leaf_nodes': 255, 'model__min_samples_leaf': 800, 'reshape': FunctionTransformer(func=<function reshape at 0x7fdb1d1c0360>), 'second_scale': 'passthrough'}",0.0856198023741529,0.0856198023741529,0.0,1,0.23992407647521052,0.23992407647521052,0.0,0.9562322927123132,0.8718233327485503
0,26913.4505610466,0.0,61.544673681259155,0.0,passthrough,passthrough,"HistGradientBoostingRegressor(early_stopping=True, max_iter=10000,
                              n_iter_no_change=100, random_state=42,
                              scoring='neg_root_mean_squared_error')",10,0.005,squared_error,63,3,0.005,255,1600,FunctionTransformer(func=<function reshape at 0x7fdb1d1c0360>),passthrough,"{'first_scale': 'passthrough', 'frequency': 'passthrough', 'model': HistGradientBoostingRegressor(early_stopping=True, max_iter=10000,
                              n_iter_no_change=100, random_state=42,
                              scoring='neg_root_mean_squared_error'), 'model__l2_regularization': 10, 'model__learning_rate': 0.005, 'model__loss': 'squared_error', 'model__max_bins': 63, 'model__max_depth': 3, 'model__max_features': 0.005, 'model__max_leaf_nodes': 255, 'model__min_samples_leaf': 1600, 'reshape': FunctionTransformer(func=<function reshape at 0x7fdb1d1c0360>), 'second_scale': 'passthrough'}",0.08784635662853002,0.08784635662853002,0.0,1,0.18700866812449513,0.18700866812449513,0.0,0.9550673501756146,0.9016603195635843
0,29127.735637187958,0.0,60.13367414474487,0.0,passthrough,passthrough,"HistGradientBoostingRegressor(early_stopping=True, max_iter=20000,
                              n_iter_no_change=100, random_state=42,
                              scoring='neg_root_mean_squared_error')",5000,0.0015,squared_error,32,1,0.2,31,50,FunctionTransformer(func=<function reshape at 0x7fdb1d1c0360>),passthrough,"{'first_scale': 'passthrough', 'frequency': 'passthrough', 'model': HistGradientBoostingRegressor(early_stopping=True, max_iter=20000,
                              n_iter_no_change=100, random_state=42,
                              scoring='neg_root_mean_squared_error'), 'model__l2_regularization': 5000, 'model__learning_rate': 0.0015, 'model__loss': 'squared_error', 'model__max_bins': 32, 'model__max_depth': 1, 'model__max_features': 0.2, 'model__max_leaf_nodes': 31, 'model__min_samples_leaf': 50, 'reshape': FunctionTransformer(func=<function reshape at 0x7fdb1d1c0360>), 'second_scale': 'passthrough'}",0.058087269071005476,0.058087269071005476,0.0,1,0.07930534588130267,0.07930534588130267,0.0,0.9705218858578072,0.9595283498254219
0,27327.293553113937,0.0,51.75711512565613,0.0,passthrough,passthrough,"HistGradientBoostingRegressor(early_stopping=True, max_iter=20000,
                              n_iter_no_change=100, random_state=42,
                              scoring='neg_root_mean_squared_error')",5000,0.005,squared_error,32,1,0.02,31,50,FunctionTransformer(func=<function reshape at 0x7fdb1d1c0360>),passthrough,"{'first_scale': 'passthrough', 'frequency': 'passthrough', 'model': HistGradientBoostingRegressor(early_stopping=True, max_iter=20000,
                              n_iter_no_change=100, random_state=42,
                              scoring='neg_root_mean_squared_error'), 'model__l2_regularization': 5000, 'model__learning_rate': 0.005, 'model__loss': 'squared_error', 'model__max_bins': 32, 'model__max_depth': 1, 'model__max_features': 0.02, 'model__max_leaf_nodes': 31, 'model__min_samples_leaf': 50, 'reshape': FunctionTransformer(func=<function reshape at 0x7fdb1d1c0360>), 'second_scale': 'passthrough'}",0.07000038330826852,0.07000038330826852,0.0,1,0.10753000340275842,0.10753000340275842,0.0,0.9643648773631956,0.9447063017664493
0,27976.680277347565,0.0,61.349862813949585,0.0,passthrough,passthrough,"HistGradientBoostingRegressor(early_stopping=True, max_iter=10000,
                              n_iter_no_change=100, random_state=42,
                              scoring='neg_root_mean_squared_error')",200,0.02,absolute_error,32,3,0.5,127,800,FunctionTransformer(func=<function reshape at 0x7fdb1d1c0360>),passthrough,"{'first_scale': 'passthrough', 'frequency': 'passthrough', 'model': HistGradientBoostingRegressor(early_stopping=True, max_iter=10000,
                              n_iter_no_change=100, random_state=42,
                              scoring='neg_root_mean_squared_error'), 'model__l2_regularization': 200, 'model__learning_rate': 0.02, 'model__loss': 'absolute_error', 'model__max_bins': 32, 'model__max_depth': 3, 'model__max_features': 0.5, 'model__max_leaf_nodes': 127, 'model__min_samples_leaf': 800, 'reshape': FunctionTransformer(func=<function reshape at 0x7fdb1d1c0360>), 'second_scale': 'passthrough'}",0.08504616932620723,0.08504616932620723,0.0,1,0.20908190693665007,0.20908190693665007,0.0,0.9565321900876064,0.8893357594650908
0,20706.967612981796,0.0,73.14728021621704,0.0,passthrough,passthrough,"HistGradientBoostingRegressor(early_stopping=True, max_iter=10000,
                              n_iter_no_change=100, random_state=42,
                              scoring='neg_root_mean_squared_error')",200,0.01,squared_error,63,3,0.005,255,800,FunctionTransformer(func=<function reshape at 0x7fdb1d1c0360>),passthrough,"{'first_scale': 'passthrough', 'frequency': 'passthrough', 'model': HistGradientBoostingRegressor(early_stopping=True, max_iter=10000,
                              n_iter_no_change=100, random_state=42,
                              scoring='neg_root_mean_squared_error'), 'model__l2_regularization': 200, 'model__learning_rate': 0.01, 'model__loss': 'squared_error', 'model__max_bins': 63, 'model__max_depth': 3, 'model__max_features': 0.005, 'model__max_leaf_nodes': 255, 'model__min_samples_leaf': 800, 'reshape': FunctionTransformer(func=<function reshape at 0x7fdb1d1c0360>), 'second_scale': 'passthrough'}",0.09202826897090921,0.09202826897090921,0.0,1,0.260483707102354,0.260483707102354,0.0,0.9528755065742276,0.8599513317029319
0,25551.24262237549,0.0,64.14581394195557,0.0,passthrough,passthrough,"HistGradientBoostingRegressor(early_stopping=True, max_iter=10000,
                              n_iter_no_change=100, random_state=42,
                              scoring='neg_root_mean_squared_error')",50,0.02,absolute_error,32,3,0.5,127,3200,FunctionTransformer(func=<function reshape at 0x7fdb1d1c0360>),passthrough,"{'first_scale': 'passthrough', 'frequency': 'passthrough', 'model': HistGradientBoostingRegressor(early_stopping=True, max_iter=10000,
                              n_iter_no_change=100, random_state=42,
                              scoring='neg_root_mean_squared_error'), 'model__l2_regularization': 50, 'model__learning_rate': 0.02, 'model__loss': 'absolute_error', 'model__max_bins': 32, 'model__max_depth': 3, 'model__max_features': 0.5, 'model__max_leaf_nodes': 127, 'model__min_samples_leaf': 3200, 'reshape': FunctionTransformer(func=<function reshape at 0x7fdb1d1c0360>), 'second_scale': 'passthrough'}",0.0829275253429611,0.0829275253429611,0.0,1,0.19138898722522157,0.19138898722522157,0.0,0.9576390106178,0.8992280093362186
0,30085.870514154434,0.0,89.57530212402344,0.0,passthrough,passthrough,"HistGradientBoostingRegressor(early_stopping=True, max_iter=10000,
                              n_iter_no_change=100, random_state=42,
                              scoring='neg_root_mean_squared_error')",100,0.005,squared_error,63,3,0.005,255,1600,FunctionTransformer(func=<function reshape at 0x7fdb1d1c0360>),passthrough,"{'first_scale': 'passthrough', 'frequency': 'passthrough', 'model': HistGradientBoostingRegressor(early_stopping=True, max_iter=10000,
                              n_iter_no_change=100, random_state=42,
                              scoring='neg_root_mean_squared_error'), 'model__l2_regularization': 100, 'model__learning_rate': 0.005, 'model__loss': 'squared_error', 'model__max_bins': 63, 'model__max_depth': 3, 'model__max_features': 0.005, 'model__max_leaf_nodes': 255, 'model__min_samples_leaf': 1600, 'reshape': FunctionTransformer(func=<function reshape at 0x7fdb1d1c0360>), 'second_scale': 'passthrough'}",0.08766803407269164,0.08766803407269164,0.0,1,0.18568510375674074,0.18568510375674074,0.0,0.9551607016242389,0.9023939806111626
0,20031.46896338463,0.0,57.29268479347229,0.0,passthrough,passthrough,"HistGradientBoostingRegressor(early_stopping=True, max_iter=10000,
                              n_iter_no_change=100, random_state=42,
                              scoring='neg_root_mean_squared_error')",200,0.005,squared_error,63,3,0.005,127,1600,FunctionTransformer(func=<function reshape at 0x7fdb1d1c0360>),passthrough,"{'first_scale': 'passthrough', 'frequency': 'passthrough', 'model': HistGradientBoostingRegressor(early_stopping=True, max_iter=10000,
                              n_iter_no_change=100, random_state=42,
                              scoring='neg_root_mean_squared_error'), 'model__l2_regularization': 200, 'model__learning_rate': 0.005, 'model__loss': 'squared_error', 'model__max_bins': 63, 'model__max_depth': 3, 'model__max_features': 0.005, 'model__max_leaf_nodes': 127, 'model__min_samples_leaf': 1600, 'reshape': FunctionTransformer(func=<function reshape at 0x7fdb1d1c0360>), 'second_scale': 'passthrough'}",0.08747465567700763,0.08747465567700763,0.0,1,0.18433133116912914,0.18433133116912914,0.0,0.9552619244599841,0.9031437697459197
0,20483.689113378525,0.0,78.25032019615173,0.0,passthrough,passthrough,"HistGradientBoostingRegressor(early_stopping=True, max_iter=10000,
                              n_iter_no_change=100, random_state=42,
                              scoring='neg_root_mean_squared_error')",200,0.005,squared_error,63,3,0.005,127,800,FunctionTransformer(func=<function reshape at 0x7fdb1d1c0360>),passthrough,"{'first_scale': 'passthrough', 'frequency': 'passthrough', 'model': HistGradientBoostingRegressor(early_stopping=True, max_iter=10000,
                              n_iter_no_change=100, random_state=42,
                              scoring='neg_root_mean_squared_error'), 'model__l2_regularization': 200, 'model__learning_rate': 0.005, 'model__loss': 'squared_error', 'model__max_bins': 63, 'model__max_depth': 3, 'model__max_features': 0.005, 'model__max_leaf_nodes': 127, 'model__min_samples_leaf': 800, 'reshape': FunctionTransformer(func=<function reshape at 0x7fdb1d1c0360>), 'second_scale': 'passthrough'}",0.08810447267231436,0.08810447267231436,0.0,1,0.19169143589089743,0.19169143589089743,0.0,0.9549322108546164,0.899059822319462
0,8346.947853803635,0.0,30.661692142486572,0.0,passthrough,passthrough,"HistGradientBoostingRegressor(early_stopping=True, max_iter=10000,
                              n_iter_no_change=100, random_state=42,
                              scoring='neg_root_mean_squared_error')",100,0.05,squared_error,63,3,0.005,127,1600,FunctionTransformer(func=<function reshape at 0x7fdb1d1c0360>),passthrough,"{'first_scale': 'passthrough', 'frequency': 'passthrough', 'model': HistGradientBoostingRegressor(early_stopping=True, max_iter=10000,
                              n_iter_no_change=100, random_state=42,
                              scoring='neg_root_mean_squared_error'), 'model__l2_regularization': 100, 'model__learning_rate': 0.05, 'model__loss': 'squared_error', 'model__max_bins': 63, 'model__max_depth': 3, 'model__max_features': 0.005, 'model__max_leaf_nodes': 127, 'model__min_samples_leaf': 1600, 'reshape': FunctionTransformer(func=<function reshape at 0x7fdb1d1c0360>), 'second_scale': 'passthrough'}",0.08469226333173585,0.08469226333173585,0.0,1,0.3792562259174149,0.3792562259174149,0.0,0.9567171664960675,0.7878729428547379
0,26059.61318039894,0.0,116.07886147499084,0.0,passthrough,passthrough,"HistGradientBoostingRegressor(early_stopping=True, max_iter=10000,
                              n_iter_no_change=100, random_state=42,
                              scoring='neg_root_mean_squared_error')",400,0.0025,squared_error,63,3,0.005,127,800,FunctionTransformer(func=<function reshape at 0x7fdb1d1c0360>),passthrough,"{'first_scale': 'passthrough', 'frequency': 'passthrough', 'model': HistGradientBoostingRegressor(early_stopping=True, max_iter=10000,
                              n_iter_no_change=100, random_state=42,
                              scoring='neg_root_mean_squared_error'), 'model__l2_regularization': 400, 'model__learning_rate': 0.0025, 'model__loss': 'squared_error', 'model__max_bins': 63, 'model__max_depth': 3, 'model__max_features': 0.005, 'model__max_leaf_nodes': 127, 'model__min_samples_leaf': 800, 'reshape': FunctionTransformer(func=<function reshape at 0x7fdb1d1c0360>), 'second_scale': 'passthrough'}",0.08028133232790258,0.08028133232790258,0.0,1,0.1430788833724057,0.1430788833724057,0.0,0.9590196388354607,0.9257003384614236
0,25235.639589071274,0.0,191.57208156585693,0.0,passthrough,passthrough,"HistGradientBoostingRegressor(early_stopping=True, max_iter=10000,
                              n_iter_no_change=100, random_state=42,
                              scoring='neg_root_mean_squared_error')",50,0.01,squared_error,63,3,0.005,255,800,FunctionTransformer(func=<function reshape at 0x7fdb1d1c0360>),passthrough,"{'first_scale': 'passthrough', 'frequency': 'passthrough', 'model': HistGradientBoostingRegressor(early_stopping=True, max_iter=10000,
                              n_iter_no_change=100, random_state=42,
                              scoring='neg_root_mean_squared_error'), 'model__l2_regularization': 50, 'model__learning_rate': 0.01, 'model__loss': 'squared_error', 'model__max_bins': 63, 'model__max_depth': 3, 'model__max_features': 0.005, 'model__max_leaf_nodes': 255, 'model__min_samples_leaf': 800, 'reshape': FunctionTransformer(func=<function reshape at 0x7fdb1d1c0360>), 'second_scale': 'passthrough'}",0.09118294824026185,0.09118294824026185,0.0,1,0.2654213939021056,0.2654213939021056,0.0,0.9533189664323993,0.8570756128241512
0,17653.73909139633,0.0,26.921443939208984,0.0,passthrough,passthrough,"HistGradientBoostingRegressor(early_stopping=True, max_iter=20000,
                              n_iter_no_change=100, random_state=42,
                              scoring='neg_root_mean_squared_error')",0,0.005,squared_error,32,1,0.5,31,50,FunctionTransformer(func=<function reshape at 0x7fdb1d1c0360>),passthrough,"{'first_scale': 'passthrough', 'frequency': 'passthrough', 'model': HistGradientBoostingRegressor(early_stopping=True, max_iter=20000,
                              n_iter_no_change=100, random_state=42,
                              scoring='neg_root_mean_squared_error'), 'model__l2_regularization': 0, 'model__learning_rate': 0.005, 'model__loss': 'squared_error', 'model__max_bins': 32, 'model__max_depth': 1, 'model__max_features': 0.5, 'model__max_leaf_nodes': 31, 'model__min_samples_leaf': 50, 'reshape': FunctionTransformer(func=<function reshape at 0x7fdb1d1c0360>), 'second_scale': 'passthrough'}",0.07207747374287232,0.07207747374287232,0.0,1,0.11500726550871876,0.11500726550871876,0.0,0.9632873539381318,0.9407405245290974
0,20149.787556409836,0.0,57.86363172531128,0.0,passthrough,passthrough,"HistGradientBoostingRegressor(early_stopping=True, max_iter=10000,
                              n_iter_no_change=100, random_state=42,
                              scoring='neg_root_mean_squared_error')",200,0.01,squared_error,63,3,0.005,255,1600,FunctionTransformer(func=<function reshape at 0x7fdb1d1c0360>),passthrough,"{'first_scale': 'passthrough', 'frequency': 'passthrough', 'model': HistGradientBoostingRegressor(early_stopping=True, max_iter=10000,
                              n_iter_no_change=100, random_state=42,
                              scoring='neg_root_mean_squared_error'), 'model__l2_regularization': 200, 'model__learning_rate': 0.01, 'model__loss': 'squared_error', 'model__max_bins': 63, 'model__max_depth': 3, 'model__max_features': 0.005, 'model__max_leaf_nodes': 255, 'model__min_samples_leaf': 1600, 'reshape': FunctionTransformer(func=<function reshape at 0x7fdb1d1c0360>), 'second_scale': 'passthrough'}",0.09137203195257337,0.09137203195257337,0.0,1,0.2481294738272365,0.2481294738272365,0.0,0.9532197899998859,0.8671046800546999
0,26744.072479963303,0.0,62.98604464530945,0.0,passthrough,passthrough,"HistGradientBoostingRegressor(early_stopping=True, max_iter=10000,
                              n_iter_no_change=100, random_state=42,
                              scoring='neg_root_mean_squared_error')",200,0.05,absolute_error,32,3,0.5,127,800,FunctionTransformer(func=<function reshape at 0x7fdb1d1c0360>),passthrough,"{'first_scale': 'passthrough', 'frequency': 'passthrough', 'model': HistGradientBoostingRegressor(early_stopping=True, max_iter=10000,
                              n_iter_no_change=100, random_state=42,
                              scoring='neg_root_mean_squared_error'), 'model__l2_regularization': 200, 'model__learning_rate': 0.05, 'model__loss': 'absolute_error', 'model__max_bins': 32, 'model__max_depth': 3, 'model__max_features': 0.5, 'model__max_leaf_nodes': 127, 'model__min_samples_leaf': 800, 'reshape': FunctionTransformer(func=<function reshape at 0x7fdb1d1c0360>), 'second_scale': 'passthrough'}",0.0860018194399167,0.0860018194399167,0.0,1,0.23882153819462848,0.23882153819462848,0.0,0.9560325206602981,0.8724554210991937
0,25130.651570796967,0.0,99.27992272377014,0.0,passthrough,passthrough,"HistGradientBoostingRegressor(early_stopping=True, max_iter=10000,
                              n_iter_no_change=100, random_state=42,
                              scoring='neg_root_mean_squared_error')",200,0.0025,squared_error,63,3,0.005,127,800,FunctionTransformer(func=<function reshape at 0x7fdb1d1c0360>),passthrough,"{'first_scale': 'passthrough', 'frequency': 'passthrough', 'model': HistGradientBoostingRegressor(early_stopping=True, max_iter=10000,
                              n_iter_no_change=100, random_state=42,
                              scoring='neg_root_mean_squared_error'), 'model__l2_regularization': 200, 'model__learning_rate': 0.0025, 'model__loss': 'squared_error', 'model__max_bins': 63, 'model__max_depth': 3, 'model__max_features': 0.005, 'model__max_leaf_nodes': 127, 'model__min_samples_leaf': 800, 'reshape': FunctionTransformer(func=<function reshape at 0x7fdb1d1c0360>), 'second_scale': 'passthrough'}",0.0805210067694726,0.0805210067694726,0.0,1,0.14518963045672784,0.14518963045672784,0.0,0.9588946726468592,0.9245595543518396
0,28028.780643224716,0.0,60.910860538482666,0.0,passthrough,passthrough,"HistGradientBoostingRegressor(early_stopping=True, max_iter=10000,
                              n_iter_no_change=100, random_state=42,
                              scoring='neg_root_mean_squared_error')",10,0.0025,squared_error,63,3,0.005,127,800,FunctionTransformer(func=<function reshape at 0x7fdb1d1c0360>),passthrough,"{'first_scale': 'passthrough', 'frequency': 'passthrough', 'model': HistGradientBoostingRegressor(early_stopping=True, max_iter=10000,
                              n_iter_no_change=100, random_state=42,
                              scoring='neg_root_mean_squared_error'), 'model__l2_regularization': 10, 'model__learning_rate': 0.0025, 'model__loss': 'squared_error', 'model__max_bins': 63, 'model__max_depth': 3, 'model__max_features': 0.005, 'model__max_leaf_nodes': 127, 'model__min_samples_leaf': 800, 'reshape': FunctionTransformer(func=<function reshape at 0x7fdb1d1c0360>), 'second_scale': 'passthrough'}",0.08074767444246445,0.08074767444246445,0.0,1,0.14740166274079858,0.14740166274079858,0.0,0.9587764731977603,0.9233625167068465
0,5405.32549238205,0.0,18.708306789398193,0.0,passthrough,passthrough,"HistGradientBoostingRegressor(early_stopping=True, max_iter=10000,
                              n_iter_no_change=100, random_state=42,
                              scoring='neg_root_mean_squared_error')",100,0.05,squared_error,63,3,0.005,127,800,FunctionTransformer(func=<function reshape at 0x7fdb1d1c0360>),passthrough,"{'first_scale': 'passthrough', 'frequency': 'passthrough', 'model': HistGradientBoostingRegressor(early_stopping=True, max_iter=10000,
                              n_iter_no_change=100, random_state=42,
                              scoring='neg_root_mean_squared_error'), 'model__l2_regularization': 100, 'model__learning_rate': 0.05, 'model__loss': 'squared_error', 'model__max_bins': 63, 'model__max_depth': 3, 'model__max_features': 0.005, 'model__max_leaf_nodes': 127, 'model__min_samples_leaf': 800, 'reshape': FunctionTransformer(func=<function reshape at 0x7fdb1d1c0360>), 'second_scale': 'passthrough'}",0.08804316315180527,0.08804316315180527,0.0,1,0.3187145191819126,0.3187145191819126,0.0,0.9549643118191353,0.8254001943409557
0,26773.04497694969,0.0,101.06528306007385,0.0,passthrough,passthrough,"HistGradientBoostingRegressor(early_stopping=True, max_iter=10000,
                              n_iter_no_change=100, random_state=42,
                              scoring='neg_root_mean_squared_error')",200,0.0025,squared_error,63,3,0.005,127,1600,FunctionTransformer(func=<function reshape at 0x7fdb1d1c0360>),passthrough,"{'first_scale': 'passthrough', 'frequency': 'passthrough', 'model': HistGradientBoostingRegressor(early_stopping=True, max_iter=10000,
                              n_iter_no_change=100, random_state=42,
                              scoring='neg_root_mean_squared_error'), 'model__l2_regularization': 200, 'model__learning_rate': 0.0025, 'model__loss': 'squared_error', 'model__max_bins': 63, 'model__max_depth': 3, 'model__max_features': 0.005, 'model__max_leaf_nodes': 127, 'model__min_samples_leaf': 1600, 'reshape': FunctionTransformer(func=<function reshape at 0x7fdb1d1c0360>), 'second_scale': 'passthrough'}",0.07967119345803353,0.07967119345803353,0.0,1,0.14160229489840126,0.14160229489840126,0.0,0.9593376916091468,0.9264975472723059
0,22086.66197538376,0.0,12.12971830368042,0.0,passthrough,passthrough,"HistGradientBoostingRegressor(early_stopping=True, max_iter=20000,
                              n_iter_no_change=100, random_state=42,
                              scoring='neg_root_mean_squared_error')",10,0.01,squared_error,32,1,0.02,31,50,FunctionTransformer(func=<function reshape at 0x7fdb1d1c0360>),passthrough,"{'first_scale': 'passthrough', 'frequency': 'passthrough', 'model': HistGradientBoostingRegressor(early_stopping=True, max_iter=20000,
                              n_iter_no_change=100, random_state=42,
                              scoring='neg_root_mean_squared_error'), 'model__l2_regularization': 10, 'model__learning_rate': 0.01, 'model__loss': 'squared_error', 'model__max_bins': 32, 'model__max_depth': 1, 'model__max_features': 0.02, 'model__max_leaf_nodes': 31, 'model__min_samples_leaf': 50, 'reshape': FunctionTransformer(func=<function reshape at 0x7fdb1d1c0360>), 'second_scale': 'passthrough'}",0.07668818283002643,0.07668818283002643,0.0,1,0.13589920946662226,0.13589920946662226,0.0,0.9608911578165207,0.929570218183316
0,27237.158380508423,0.0,113.26176977157593,0.0,passthrough,passthrough,"HistGradientBoostingRegressor(early_stopping=True, max_iter=10000,
                              n_iter_no_change=100, random_state=42,
                              scoring='neg_root_mean_squared_error')",200,0.005,squared_error,63,3,0.005,255,1600,FunctionTransformer(func=<function reshape at 0x7fdb1d1c0360>),passthrough,"{'first_scale': 'passthrough', 'frequency': 'passthrough', 'model': HistGradientBoostingRegressor(early_stopping=True, max_iter=10000,
                              n_iter_no_change=100, random_state=42,
                              scoring='neg_root_mean_squared_error'), 'model__l2_regularization': 200, 'model__learning_rate': 0.005, 'model__loss': 'squared_error', 'model__max_bins': 63, 'model__max_depth': 3, 'model__max_features': 0.005, 'model__max_leaf_nodes': 255, 'model__min_samples_leaf': 1600, 'reshape': FunctionTransformer(func=<function reshape at 0x7fdb1d1c0360>), 'second_scale': 'passthrough'}",0.08747465567700763,0.08747465567700763,0.0,1,0.18433133116912914,0.18433133116912914,0.0,0.9552619244599841,0.9031437697459197
0,25602.72448015213,0.0,61.331860303878784,0.0,passthrough,passthrough,"HistGradientBoostingRegressor(early_stopping=True, max_iter=10000,
                              n_iter_no_change=100, random_state=42,
                              scoring='neg_root_mean_squared_error')",50,0.05,absolute_error,32,3,0.2,255,3200,FunctionTransformer(func=<function reshape at 0x7fdb1d1c0360>),passthrough,"{'first_scale': 'passthrough', 'frequency': 'passthrough', 'model': HistGradientBoostingRegressor(early_stopping=True, max_iter=10000,
                              n_iter_no_change=100, random_state=42,
                              scoring='neg_root_mean_squared_error'), 'model__l2_regularization': 50, 'model__learning_rate': 0.05, 'model__loss': 'absolute_error', 'model__max_bins': 32, 'model__max_depth': 3, 'model__max_features': 0.2, 'model__max_leaf_nodes': 255, 'model__min_samples_leaf': 3200, 'reshape': FunctionTransformer(func=<function reshape at 0x7fdb1d1c0360>), 'second_scale': 'passthrough'}",0.08285245931694107,0.08285245931694107,0.0,1,0.21448013927615173,0.21448013927615173,0.0,0.9576782030948908,0.8862955831571363
0,15144.847954511642,0.0,37.687278509140015,0.0,passthrough,passthrough,"HistGradientBoostingRegressor(early_stopping=True, max_iter=10000,
                              n_iter_no_change=100, random_state=42,
                              scoring='neg_root_mean_squared_error')",50,0.05,squared_error,63,3,0.005,127,1600,FunctionTransformer(func=<function reshape at 0x7fdb1d1c0360>),passthrough,"{'first_scale': 'passthrough', 'frequency': 'passthrough', 'model': HistGradientBoostingRegressor(early_stopping=True, max_iter=10000,
                              n_iter_no_change=100, random_state=42,
                              scoring='neg_root_mean_squared_error'), 'model__l2_regularization': 50, 'model__learning_rate': 0.05, 'model__loss': 'squared_error', 'model__max_bins': 63, 'model__max_depth': 3, 'model__max_features': 0.005, 'model__max_leaf_nodes': 127, 'model__min_samples_leaf': 1600, 'reshape': FunctionTransformer(func=<function reshape at 0x7fdb1d1c0360>), 'second_scale': 'passthrough'}",0.08383005079233363,0.08383005079233363,0.0,1,0.3738780211674523,0.3738780211674523,0.0,0.9571676703732039,0.7912786985838477
0,17646.700690984726,0.0,26.64930534362793,0.0,passthrough,passthrough,"HistGradientBoostingRegressor(early_stopping=True, max_iter=20000,
                              n_iter_no_change=100, random_state=42,
                              scoring='neg_root_mean_squared_error')",0,0.005,squared_error,32,1,1.0,31,50,FunctionTransformer(func=<function reshape at 0x7fdb1d1c0360>),passthrough,"{'first_scale': 'passthrough', 'frequency': 'passthrough', 'model': HistGradientBoostingRegressor(early_stopping=True, max_iter=20000,
                              n_iter_no_change=100, random_state=42,
                              scoring='neg_root_mean_squared_error'), 'model__l2_regularization': 0, 'model__learning_rate': 0.005, 'model__loss': 'squared_error', 'model__max_bins': 32, 'model__max_depth': 1, 'model__max_features': 1.0, 'model__max_leaf_nodes': 31, 'model__min_samples_leaf': 50, 'reshape': FunctionTransformer(func=<function reshape at 0x7fdb1d1c0360>), 'second_scale': 'passthrough'}",0.07208405713175081,0.07208405713175081,0.0,1,0.11500962078539734,0.11500962078539734,0.0,0.9632839367851252,0.9407392727076949
0,23716.68315052986,0.0,16.733623027801514,0.0,passthrough,passthrough,"HistGradientBoostingRegressor(early_stopping=True, max_iter=20000,
                              n_iter_no_change=100, random_state=42,
                              scoring='neg_root_mean_squared_error')",10,0.005,squared_error,32,1,1.0,31,50,FunctionTransformer(func=<function reshape at 0x7fdb1d1c0360>),passthrough,"{'first_scale': 'passthrough', 'frequency': 'passthrough', 'model': HistGradientBoostingRegressor(early_stopping=True, max_iter=20000,
                              n_iter_no_change=100, random_state=42,
                              scoring='neg_root_mean_squared_error'), 'model__l2_regularization': 10, 'model__learning_rate': 0.005, 'model__loss': 'squared_error', 'model__max_bins': 32, 'model__max_depth': 1, 'model__max_features': 1.0, 'model__max_leaf_nodes': 31, 'model__min_samples_leaf': 50, 'reshape': FunctionTransformer(func=<function reshape at 0x7fdb1d1c0360>), 'second_scale': 'passthrough'}",0.07206587938545428,0.07206587938545428,0.0,1,0.11498715083803956,0.11498715083803956,0.0,0.9632933720391446,0.9407512153390823
0,26203.669091939926,0.0,62.22545599937439,0.0,passthrough,passthrough,"HistGradientBoostingRegressor(early_stopping=True, max_iter=10000,
                              n_iter_no_change=100, random_state=42,
                              scoring='neg_root_mean_squared_error')",50,0.05,absolute_error,32,3,0.5,127,1600,FunctionTransformer(func=<function reshape at 0x7fdb1d1c0360>),passthrough,"{'first_scale': 'passthrough', 'frequency': 'passthrough', 'model': HistGradientBoostingRegressor(early_stopping=True, max_iter=10000,
                              n_iter_no_change=100, random_state=42,
                              scoring='neg_root_mean_squared_error'), 'model__l2_regularization': 50, 'model__learning_rate': 0.05, 'model__loss': 'absolute_error', 'model__max_bins': 32, 'model__max_depth': 3, 'model__max_features': 0.5, 'model__max_leaf_nodes': 127, 'model__min_samples_leaf': 1600, 'reshape': FunctionTransformer(func=<function reshape at 0x7fdb1d1c0360>), 'second_scale': 'passthrough'}",0.08549429495397187,0.08549429495397187,0.0,1,0.2313066047448974,0.2313066047448974,0.0,0.9562979164706091,0.8767516154847407
0,26920.27219748497,0.0,69.28676724433899,0.0,passthrough,passthrough,"HistGradientBoostingRegressor(early_stopping=True, max_iter=10000,
                              n_iter_no_change=100, random_state=42,
                              scoring='neg_root_mean_squared_error')",50,0.05,absolute_error,32,3,1.0,255,800,FunctionTransformer(func=<function reshape at 0x7fdb1d1c0360>),passthrough,"{'first_scale': 'passthrough', 'frequency': 'passthrough', 'model': HistGradientBoostingRegressor(early_stopping=True, max_iter=10000,
                              n_iter_no_change=100, random_state=42,
                              scoring='neg_root_mean_squared_error'), 'model__l2_regularization': 50, 'model__learning_rate': 0.05, 'model__loss': 'absolute_error', 'model__max_bins': 32, 'model__max_depth': 3, 'model__max_features': 1.0, 'model__max_leaf_nodes': 255, 'model__min_samples_leaf': 800, 'reshape': FunctionTransformer(func=<function reshape at 0x7fdb1d1c0360>), 'second_scale': 'passthrough'}",0.0846730885381799,0.0846730885381799,0.0,1,0.24201614873609245,0.24201614873609245,0.0,0.956727187583702,0.870622680191544
0,18765.81509423256,0.0,42.78398323059082,0.0,passthrough,passthrough,"HistGradientBoostingRegressor(early_stopping=True, max_iter=10000,
                              n_iter_no_change=100, random_state=42,
                              scoring='neg_root_mean_squared_error')",50,0.05,absolute_error,32,3,1.0,127,3200,FunctionTransformer(func=<function reshape at 0x7fdb1d1c0360>),passthrough,"{'first_scale': 'passthrough', 'frequency': 'passthrough', 'model': HistGradientBoostingRegressor(early_stopping=True, max_iter=10000,
                              n_iter_no_change=100, random_state=42,
                              scoring='neg_root_mean_squared_error'), 'model__l2_regularization': 50, 'model__learning_rate': 0.05, 'model__loss': 'absolute_error', 'model__max_bins': 32, 'model__max_depth': 3, 'model__max_features': 1.0, 'model__max_leaf_nodes': 127, 'model__min_samples_leaf': 3200, 'reshape': FunctionTransformer(func=<function reshape at 0x7fdb1d1c0360>), 'second_scale': 'passthrough'}",0.08319094962915952,0.08319094962915952,0.0,1,0.2119531620150641,0.2119531620150641,0.0,0.9575014623335258,0.8877200222958452
0,25697.828466892242,0.0,46.402918577194214,0.0,passthrough,passthrough,"HistGradientBoostingRegressor(early_stopping=True, max_iter=20000,
                              n_iter_no_change=100, random_state=42,
                              scoring='neg_root_mean_squared_error')",1000,0.02,squared_error,32,1,1.0,31,50,FunctionTransformer(func=<function reshape at 0x7fdb1d1c0360>),passthrough,"{'first_scale': 'passthrough', 'frequency': 'passthrough', 'model': HistGradientBoostingRegressor(early_stopping=True, max_iter=20000,
                              n_iter_no_change=100, random_state=42,
                              scoring='neg_root_mean_squared_error'), 'model__l2_regularization': 1000, 'model__learning_rate': 0.02, 'model__loss': 'squared_error', 'model__max_bins': 32, 'model__max_depth': 1, 'model__max_features': 1.0, 'model__max_leaf_nodes': 31, 'model__min_samples_leaf': 50, 'reshape': FunctionTransformer(func=<function reshape at 0x7fdb1d1c0360>), 'second_scale': 'passthrough'}",0.07755578672319174,0.07755578672319174,0.0,1,0.15373483167599522,0.15373483167599522,0.0,0.9604395937677748,0.9199267189966844
0,27374.41026377678,0.0,66.90043640136719,0.0,passthrough,passthrough,"HistGradientBoostingRegressor(early_stopping=True, max_iter=10000,
                              n_iter_no_change=100, random_state=42,
                              scoring='neg_root_mean_squared_error')",50,0.02,absolute_error,32,3,1.0,255,800,FunctionTransformer(func=<function reshape at 0x7fdb1d1c0360>),passthrough,"{'first_scale': 'passthrough', 'frequency': 'passthrough', 'model': HistGradientBoostingRegressor(early_stopping=True, max_iter=10000,
                              n_iter_no_change=100, random_state=42,
                              scoring='neg_root_mean_squared_error'), 'model__l2_regularization': 50, 'model__learning_rate': 0.02, 'model__loss': 'absolute_error', 'model__max_bins': 32, 'model__max_depth': 3, 'model__max_features': 1.0, 'model__max_leaf_nodes': 255, 'model__min_samples_leaf': 800, 'reshape': FunctionTransformer(func=<function reshape at 0x7fdb1d1c0360>), 'second_scale': 'passthrough'}",0.08393879896579004,0.08393879896579004,0.0,1,0.21104864900950748,0.21104864900950748,0.0,0.9571108614127257,0.8882293346824864
0,23195.948496103287,0.0,85.01222348213196,0.0,passthrough,passthrough,"HistGradientBoostingRegressor(early_stopping=True, max_iter=10000,
                              n_iter_no_change=100, random_state=42,
                              scoring='neg_root_mean_squared_error')",400,0.005,squared_error,63,3,0.005,255,800,FunctionTransformer(func=<function reshape at 0x7fdb1d1c0360>),passthrough,"{'first_scale': 'passthrough', 'frequency': 'passthrough', 'model': HistGradientBoostingRegressor(early_stopping=True, max_iter=10000,
                              n_iter_no_change=100, random_state=42,
                              scoring='neg_root_mean_squared_error'), 'model__l2_regularization': 400, 'model__learning_rate': 0.005, 'model__loss': 'squared_error', 'model__max_bins': 63, 'model__max_depth': 3, 'model__max_features': 0.005, 'model__max_leaf_nodes': 255, 'model__min_samples_leaf': 800, 'reshape': FunctionTransformer(func=<function reshape at 0x7fdb1d1c0360>), 'second_scale': 'passthrough'}",0.08778672753789474,0.08778672753789474,0.0,1,0.18820697194931635,0.18820697194931635,0.0,0.9550985668830758,0.9009955760439025
0,27401.967660188675,0.0,55.50174689292908,0.0,passthrough,passthrough,"HistGradientBoostingRegressor(early_stopping=True, max_iter=20000,
                              n_iter_no_change=100, random_state=42,
                              scoring='neg_root_mean_squared_error')",5000,0.005,squared_error,32,1,0.2,31,50,FunctionTransformer(func=<function reshape at 0x7fdb1d1c0360>),passthrough,"{'first_scale': 'passthrough', 'frequency': 'passthrough', 'model': HistGradientBoostingRegressor(early_stopping=True, max_iter=20000,
                              n_iter_no_change=100, random_state=42,
                              scoring='neg_root_mean_squared_error'), 'model__l2_regularization': 5000, 'model__learning_rate': 0.005, 'model__loss': 'squared_error', 'model__max_bins': 32, 'model__max_depth': 1, 'model__max_features': 0.2, 'model__max_leaf_nodes': 31, 'model__min_samples_leaf': 50, 'reshape': FunctionTransformer(func=<function reshape at 0x7fdb1d1c0360>), 'second_scale': 'passthrough'}",0.06992483824520568,0.06992483824520568,0.0,1,0.10804873470812026,0.10804873470812026,0.0,0.9644040448664628,0.9444317155262628
0,27535.015982866287,0.0,69.55386137962341,0.0,passthrough,passthrough,"HistGradientBoostingRegressor(early_stopping=True, max_iter=10000,
                              n_iter_no_change=100, random_state=42,
                              scoring='neg_root_mean_squared_error')",200,0.02,absolute_error,32,3,0.2,127,800,FunctionTransformer(func=<function reshape at 0x7fdb1d1c0360>),passthrough,"{'first_scale': 'passthrough', 'frequency': 'passthrough', 'model': HistGradientBoostingRegressor(early_stopping=True, max_iter=10000,
                              n_iter_no_change=100, random_state=42,
                              scoring='neg_root_mean_squared_error'), 'model__l2_regularization': 200, 'model__learning_rate': 0.02, 'model__loss': 'absolute_error', 'model__max_bins': 32, 'model__max_depth': 3, 'model__max_features': 0.2, 'model__max_leaf_nodes': 127, 'model__min_samples_leaf': 800, 'reshape': FunctionTransformer(func=<function reshape at 0x7fdb1d1c0360>), 'second_scale': 'passthrough'}",0.08410957697619414,0.08410957697619414,0.0,1,0.2063946905570292,0.2063946905570292,0.0,0.9570216418784927,0.8908452780606578
0,20873.12672686577,0.0,51.15951728820801,0.0,passthrough,passthrough,"HistGradientBoostingRegressor(early_stopping=True, max_iter=10000,
                              n_iter_no_change=100, random_state=42,
                              scoring='neg_root_mean_squared_error')",10,0.02,squared_error,63,3,0.005,127,1600,FunctionTransformer(func=<function reshape at 0x7fdb1d1c0360>),passthrough,"{'first_scale': 'passthrough', 'frequency': 'passthrough', 'model': HistGradientBoostingRegressor(early_stopping=True, max_iter=10000,
                              n_iter_no_change=100, random_state=42,
                              scoring='neg_root_mean_squared_error'), 'model__l2_regularization': 10, 'model__learning_rate': 0.02, 'model__loss': 'squared_error', 'model__max_bins': 63, 'model__max_depth': 3, 'model__max_features': 0.005, 'model__max_leaf_nodes': 127, 'model__min_samples_leaf': 1600, 'reshape': FunctionTransformer(func=<function reshape at 0x7fdb1d1c0360>), 'second_scale': 'passthrough'}",0.08999941213902518,0.08999941213902518,0.0,1,0.31263936208371623,0.31263936208371623,0.0,0.9539395095397689,0.8290721548311002
0,25770.585237026215,0.0,111.02527141571045,0.0,passthrough,passthrough,"HistGradientBoostingRegressor(early_stopping=True, max_iter=10000,
                              n_iter_no_change=100, random_state=42,
                              scoring='neg_root_mean_squared_error')",200,0.01,squared_error,63,3,0.005,127,800,FunctionTransformer(func=<function reshape at 0x7fdb1d1c0360>),passthrough,"{'first_scale': 'passthrough', 'frequency': 'passthrough', 'model': HistGradientBoostingRegressor(early_stopping=True, max_iter=10000,
                              n_iter_no_change=100, random_state=42,
                              scoring='neg_root_mean_squared_error'), 'model__l2_regularization': 200, 'model__learning_rate': 0.01, 'model__loss': 'squared_error', 'model__max_bins': 63, 'model__max_depth': 3, 'model__max_features': 0.005, 'model__max_leaf_nodes': 127, 'model__min_samples_leaf': 800, 'reshape': FunctionTransformer(func=<function reshape at 0x7fdb1d1c0360>), 'second_scale': 'passthrough'}",0.09202826897090921,0.09202826897090921,0.0,1,0.260483707102354,0.260483707102354,0.0,0.9528755065742276,0.8599513317029319
0,32520.475091457367,0.0,71.32059073448181,0.0,passthrough,passthrough,"HistGradientBoostingRegressor(early_stopping=True, max_iter=10000,
                              n_iter_no_change=100, random_state=42,
                              scoring='neg_root_mean_squared_error')",50,0.02,squared_error,63,3,0.005,255,800,FunctionTransformer(func=<function reshape at 0x7fdb1d1c0360>),passthrough,"{'first_scale': 'passthrough', 'frequency': 'passthrough', 'model': HistGradientBoostingRegressor(early_stopping=True, max_iter=10000,
                              n_iter_no_change=100, random_state=42,
                              scoring='neg_root_mean_squared_error'), 'model__l2_regularization': 50, 'model__learning_rate': 0.02, 'model__loss': 'squared_error', 'model__max_bins': 63, 'model__max_depth': 3, 'model__max_features': 0.005, 'model__max_leaf_nodes': 255, 'model__min_samples_leaf': 800, 'reshape': FunctionTransformer(func=<function reshape at 0x7fdb1d1c0360>), 'second_scale': 'passthrough'}",0.08986733996074392,0.08986733996074392,0.0,1,0.3702887508816247,0.3702887508816247,0.0,0.9540087316368001,0.7935434765142836
0,26444.03428006172,0.0,62.14316177368164,0.0,passthrough,passthrough,"HistGradientBoostingRegressor(early_stopping=True, max_iter=10000,
                              n_iter_no_change=100, random_state=42,
                              scoring='neg_root_mean_squared_error')",50,0.05,absolute_error,32,3,0.2,255,1600,FunctionTransformer(func=<function reshape at 0x7fdb1d1c0360>),passthrough,"{'first_scale': 'passthrough', 'frequency': 'passthrough', 'model': HistGradientBoostingRegressor(early_stopping=True, max_iter=10000,
                              n_iter_no_change=100, random_state=42,
                              scoring='neg_root_mean_squared_error'), 'model__l2_regularization': 50, 'model__learning_rate': 0.05, 'model__loss': 'absolute_error', 'model__max_bins': 32, 'model__max_depth': 3, 'model__max_features': 0.2, 'model__max_leaf_nodes': 255, 'model__min_samples_leaf': 1600, 'reshape': FunctionTransformer(func=<function reshape at 0x7fdb1d1c0360>), 'second_scale': 'passthrough'}",0.0850904476692127,0.0850904476692127,0.0,1,0.2296445741532337,0.2296445741532337,0.0,0.9565090445629812,0.8776989380458234
0,26799.00752401352,0.0,111.42992687225342,0.0,passthrough,passthrough,"HistGradientBoostingRegressor(early_stopping=True, max_iter=10000,
                              n_iter_no_change=100, random_state=42,
                              scoring='neg_root_mean_squared_error')",400,0.005,squared_error,63,3,0.005,255,1600,FunctionTransformer(func=<function reshape at 0x7fdb1d1c0360>),passthrough,"{'first_scale': 'passthrough', 'frequency': 'passthrough', 'model': HistGradientBoostingRegressor(early_stopping=True, max_iter=10000,
                              n_iter_no_change=100, random_state=42,
                              scoring='neg_root_mean_squared_error'), 'model__l2_regularization': 400, 'model__learning_rate': 0.005, 'model__loss': 'squared_error', 'model__max_bins': 63, 'model__max_depth': 3, 'model__max_features': 0.005, 'model__max_leaf_nodes': 255, 'model__min_samples_leaf': 1600, 'reshape': FunctionTransformer(func=<function reshape at 0x7fdb1d1c0360>), 'second_scale': 'passthrough'}",0.08732544423206845,0.08732544423206845,0.0,1,0.18193441731779458,0.18193441731779458,0.0,0.9553400210228459,0.9044697798612209
0,26278.499107837677,0.0,61.85378813743591,0.0,passthrough,passthrough,"HistGradientBoostingRegressor(early_stopping=True, max_iter=10000,
                              n_iter_no_change=100, random_state=42,
                              scoring='neg_root_mean_squared_error')",50,0.05,absolute_error,32,3,0.5,255,1600,FunctionTransformer(func=<function reshape at 0x7fdb1d1c0360>),passthrough,"{'first_scale': 'passthrough', 'frequency': 'passthrough', 'model': HistGradientBoostingRegressor(early_stopping=True, max_iter=10000,
                              n_iter_no_change=100, random_state=42,
                              scoring='neg_root_mean_squared_error'), 'model__l2_regularization': 50, 'model__learning_rate': 0.05, 'model__loss': 'absolute_error', 'model__max_bins': 32, 'model__max_depth': 3, 'model__max_features': 0.5, 'model__max_leaf_nodes': 255, 'model__min_samples_leaf': 1600, 'reshape': FunctionTransformer(func=<function reshape at 0x7fdb1d1c0360>), 'second_scale': 'passthrough'}",0.08549429495397187,0.08549429495397187,0.0,1,0.2313066047448974,0.2313066047448974,0.0,0.9562979164706091,0.8767516154847407
0,25763.88711667061,0.0,58.11439299583435,0.0,passthrough,passthrough,"HistGradientBoostingRegressor(early_stopping=True, max_iter=10000,
                              n_iter_no_change=100, random_state=42,
                              scoring='neg_root_mean_squared_error')",50,0.02,absolute_error,32,3,1.0,255,3200,FunctionTransformer(func=<function reshape at 0x7fdb1d1c0360>),passthrough,"{'first_scale': 'passthrough', 'frequency': 'passthrough', 'model': HistGradientBoostingRegressor(early_stopping=True, max_iter=10000,
                              n_iter_no_change=100, random_state=42,
                              scoring='neg_root_mean_squared_error'), 'model__l2_regularization': 50, 'model__learning_rate': 0.02, 'model__loss': 'absolute_error', 'model__max_bins': 32, 'model__max_depth': 3, 'model__max_features': 1.0, 'model__max_leaf_nodes': 255, 'model__min_samples_leaf': 3200, 'reshape': FunctionTransformer(func=<function reshape at 0x7fdb1d1c0360>), 'second_scale': 'passthrough'}",0.08362508374960187,0.08362508374960187,0.0,1,0.1915139946525769,0.1915139946525769,0.0,0.9572747339454845,0.8991584984569868
0,25224.694143295288,0.0,158.00537824630737,0.0,passthrough,passthrough,"HistGradientBoostingRegressor(early_stopping=True, max_iter=10000,
                              n_iter_no_change=100, random_state=42,
                              scoring='neg_root_mean_squared_error')",400,0.01,squared_error,63,3,0.005,255,800,FunctionTransformer(func=<function reshape at 0x7fdb1d1c0360>),passthrough,"{'first_scale': 'passthrough', 'frequency': 'passthrough', 'model': HistGradientBoostingRegressor(early_stopping=True, max_iter=10000,
                              n_iter_no_change=100, random_state=42,
                              scoring='neg_root_mean_squared_error'), 'model__l2_regularization': 400, 'model__learning_rate': 0.01, 'model__loss': 'squared_error', 'model__max_bins': 63, 'model__max_depth': 3, 'model__max_features': 0.005, 'model__max_leaf_nodes': 255, 'model__min_samples_leaf': 800, 'reshape': FunctionTransformer(func=<function reshape at 0x7fdb1d1c0360>), 'second_scale': 'passthrough'}",0.09137074314677107,0.09137074314677107,0.0,1,0.25480445871220225,0.25480445871220225,0.0,0.9532204660272612,0.8632470916764201
0,26606.30017542839,0.0,48.25999927520752,0.0,passthrough,passthrough,"HistGradientBoostingRegressor(early_stopping=True, max_iter=20000,
                              n_iter_no_change=100, random_state=42,
                              scoring='neg_root_mean_squared_error')",0,0.0015,squared_error,32,1,1.0,31,50,FunctionTransformer(func=<function reshape at 0x7fdb1d1c0360>),passthrough,"{'first_scale': 'passthrough', 'frequency': 'passthrough', 'model': HistGradientBoostingRegressor(early_stopping=True, max_iter=20000,
                              n_iter_no_change=100, random_state=42,
                              scoring='neg_root_mean_squared_error'), 'model__l2_regularization': 0, 'model__learning_rate': 0.0015, 'model__loss': 'squared_error', 'model__max_bins': 32, 'model__max_depth': 1, 'model__max_features': 1.0, 'model__max_leaf_nodes': 31, 'model__min_samples_leaf': 50, 'reshape': FunctionTransformer(func=<function reshape at 0x7fdb1d1c0360>), 'second_scale': 'passthrough'}",0.06006491503756883,0.06006491503756883,0.0,1,0.0832762386405399,0.0832762386405399,0.0,0.969502493530796,0.9574569240229349
0,28399.555210113525,0.0,71.60192799568176,0.0,passthrough,passthrough,"HistGradientBoostingRegressor(early_stopping=True, max_iter=10000,
                              n_iter_no_change=100, random_state=42,
                              scoring='neg_root_mean_squared_error')",50,0.0025,squared_error,63,3,0.005,255,800,FunctionTransformer(func=<function reshape at 0x7fdb1d1c0360>),passthrough,"{'first_scale': 'passthrough', 'frequency': 'passthrough', 'model': HistGradientBoostingRegressor(early_stopping=True, max_iter=10000,
                              n_iter_no_change=100, random_state=42,
                              scoring='neg_root_mean_squared_error'), 'model__l2_regularization': 50, 'model__learning_rate': 0.0025, 'model__loss': 'squared_error', 'model__max_bins': 63, 'model__max_depth': 3, 'model__max_features': 0.005, 'model__max_leaf_nodes': 255, 'model__min_samples_leaf': 800, 'reshape': FunctionTransformer(func=<function reshape at 0x7fdb1d1c0360>), 'second_scale': 'passthrough'}",0.08066724905314981,0.08066724905314981,0.0,1,0.14696477706760092,0.14696477706760092,0.0,0.9588184139589989,0.9235990596207854
0,31773.44208574295,0.0,56.88155508041382,0.0,passthrough,passthrough,"HistGradientBoostingRegressor(early_stopping=True, max_iter=10000,
                              n_iter_no_change=100, random_state=42,
                              scoring='neg_root_mean_squared_error')",50,0.005,squared_error,63,3,0.005,255,1600,FunctionTransformer(func=<function reshape at 0x7fdb1d1c0360>),passthrough,"{'first_scale': 'passthrough', 'frequency': 'passthrough', 'model': HistGradientBoostingRegressor(early_stopping=True, max_iter=10000,
                              n_iter_no_change=100, random_state=42,
                              scoring='neg_root_mean_squared_error'), 'model__l2_regularization': 50, 'model__learning_rate': 0.005, 'model__loss': 'squared_error', 'model__max_bins': 63, 'model__max_depth': 3, 'model__max_features': 0.005, 'model__max_leaf_nodes': 255, 'model__min_samples_leaf': 1600, 'reshape': FunctionTransformer(func=<function reshape at 0x7fdb1d1c0360>), 'second_scale': 'passthrough'}",0.0879768542507745,0.0879768542507745,0.0,1,0.1864076152322166,0.1864076152322166,0.0,0.9549990291875827,0.9019935613782304
0,29535.024135112762,0.0,43.69282412528992,0.0,passthrough,passthrough,"HistGradientBoostingRegressor(early_stopping=True, max_iter=20000,
                              n_iter_no_change=100, random_state=42,
                              scoring='neg_root_mean_squared_error')",0,0.0025,squared_error,32,1,1.0,31,50,FunctionTransformer(func=<function reshape at 0x7fdb1d1c0360>),passthrough,"{'first_scale': 'passthrough', 'frequency': 'passthrough', 'model': HistGradientBoostingRegressor(early_stopping=True, max_iter=20000,
                              n_iter_no_change=100, random_state=42,
                              scoring='neg_root_mean_squared_error'), 'model__l2_regularization': 0, 'model__learning_rate': 0.0025, 'model__loss': 'squared_error', 'model__max_bins': 32, 'model__max_depth': 1, 'model__max_features': 1.0, 'model__max_leaf_nodes': 31, 'model__min_samples_leaf': 50, 'reshape': FunctionTransformer(func=<function reshape at 0x7fdb1d1c0360>), 'second_scale': 'passthrough'}",0.06591676603347685,0.06591676603347685,0.0,1,0.09615931285454538,0.09615931285454538,0.0,0.9664798156022314,0.950705362951874
0,17602.46564269066,0.0,50.7551052570343,0.0,passthrough,passthrough,"HistGradientBoostingRegressor(early_stopping=True, max_iter=10000,
                              n_iter_no_change=100, random_state=42,
                              scoring='neg_root_mean_squared_error')",200,0.05,squared_error,63,3,0.005,127,1600,FunctionTransformer(func=<function reshape at 0x7fdb1d1c0360>),passthrough,"{'first_scale': 'passthrough', 'frequency': 'passthrough', 'model': HistGradientBoostingRegressor(early_stopping=True, max_iter=10000,
                              n_iter_no_change=100, random_state=42,
                              scoring='neg_root_mean_squared_error'), 'model__l2_regularization': 200, 'model__learning_rate': 0.05, 'model__loss': 'squared_error', 'model__max_bins': 63, 'model__max_depth': 3, 'model__max_features': 0.005, 'model__max_leaf_nodes': 127, 'model__min_samples_leaf': 1600, 'reshape': FunctionTransformer(func=<function reshape at 0x7fdb1d1c0360>), 'second_scale': 'passthrough'}",0.08469431458807453,0.08469431458807453,0.0,1,0.4058482570197772,0.4058482570197772,0.0,0.9567160944668619,0.7708123915585574
0,26439.34670305252,0.0,61.69760346412659,0.0,passthrough,passthrough,"HistGradientBoostingRegressor(early_stopping=True, max_iter=10000,
                              n_iter_no_change=100, random_state=42,
                              scoring='neg_root_mean_squared_error')",50,0.05,absolute_error,32,3,1.0,127,1600,FunctionTransformer(func=<function reshape at 0x7fdb1d1c0360>),passthrough,"{'first_scale': 'passthrough', 'frequency': 'passthrough', 'model': HistGradientBoostingRegressor(early_stopping=True, max_iter=10000,
                              n_iter_no_change=100, random_state=42,
                              scoring='neg_root_mean_squared_error'), 'model__l2_regularization': 50, 'model__learning_rate': 0.05, 'model__loss': 'absolute_error', 'model__max_bins': 32, 'model__max_depth': 3, 'model__max_features': 1.0, 'model__max_leaf_nodes': 127, 'model__min_samples_leaf': 1600, 'reshape': FunctionTransformer(func=<function reshape at 0x7fdb1d1c0360>), 'second_scale': 'passthrough'}",0.08519791276154887,0.08519791276154887,0.0,1,0.2329247316358991,0.2329247316358991,0.0,0.9564528672331173,0.8758283327023059
0,26206.492511034012,0.0,59.74179172515869,0.0,passthrough,passthrough,"HistGradientBoostingRegressor(early_stopping=True, max_iter=10000,
                              n_iter_no_change=100, random_state=42,
                              scoring='neg_root_mean_squared_error')",200,0.02,absolute_error,32,3,0.2,127,3200,FunctionTransformer(func=<function reshape at 0x7fdb1d1c0360>),passthrough,"{'first_scale': 'passthrough', 'frequency': 'passthrough', 'model': HistGradientBoostingRegressor(early_stopping=True, max_iter=10000,
                              n_iter_no_change=100, random_state=42,
                              scoring='neg_root_mean_squared_error'), 'model__l2_regularization': 200, 'model__learning_rate': 0.02, 'model__loss': 'absolute_error', 'model__max_bins': 32, 'model__max_depth': 3, 'model__max_features': 0.2, 'model__max_leaf_nodes': 127, 'model__min_samples_leaf': 3200, 'reshape': FunctionTransformer(func=<function reshape at 0x7fdb1d1c0360>), 'second_scale': 'passthrough'}",0.08277532819616584,0.08277532819616584,0.0,1,0.18813019453003654,0.18813019453003654,0.0,0.9577184721011881,0.9010381820266905
0,37140.84268784523,0.0,97.89124131202698,0.0,passthrough,passthrough,"HistGradientBoostingRegressor(early_stopping=True, max_iter=10000,
                              n_iter_no_change=100, random_state=42,
                              scoring='neg_root_mean_squared_error')",100,0.02,squared_error,63,3,0.005,255,800,FunctionTransformer(func=<function reshape at 0x7fdb1d1c0360>),passthrough,"{'first_scale': 'passthrough', 'frequency': 'passthrough', 'model': HistGradientBoostingRegressor(early_stopping=True, max_iter=10000,
                              n_iter_no_change=100, random_state=42,
                              scoring='neg_root_mean_squared_error'), 'model__l2_regularization': 100, 'model__learning_rate': 0.02, 'model__loss': 'squared_error', 'model__max_bins': 63, 'model__max_depth': 3, 'model__max_features': 0.005, 'model__max_leaf_nodes': 255, 'model__min_samples_leaf': 800, 'reshape': FunctionTransformer(func=<function reshape at 0x7fdb1d1c0360>), 'second_scale': 'passthrough'}",0.09097135975476012,0.09097135975476012,0.0,1,0.36753179662898217,0.36753179662898217,0.0,0.9534299346282556,0.795278695408734
0,29294.103689432144,0.0,77.12304878234863,0.0,passthrough,passthrough,"HistGradientBoostingRegressor(early_stopping=True, max_iter=20000,
                              n_iter_no_change=100, random_state=42,
                              scoring='neg_root_mean_squared_error')",0,0.005,squared_error,32,1,0.02,31,50,FunctionTransformer(func=<function reshape at 0x7fdb1d1c0360>),passthrough,"{'first_scale': 'passthrough', 'frequency': 'passthrough', 'model': HistGradientBoostingRegressor(early_stopping=True, max_iter=20000,
                              n_iter_no_change=100, random_state=42,
                              scoring='neg_root_mean_squared_error'), 'model__l2_regularization': 0, 'model__learning_rate': 0.005, 'model__loss': 'squared_error', 'model__max_bins': 32, 'model__max_depth': 1, 'model__max_features': 0.02, 'model__max_leaf_nodes': 31, 'model__min_samples_leaf': 50, 'reshape': FunctionTransformer(func=<function reshape at 0x7fdb1d1c0360>), 'second_scale': 'passthrough'}",0.07214401324893405,0.07214401324893405,0.0,1,0.11445384953620341,0.11445384953620341,0.0,0.9632528155946735,0.9410346170379688
0,29202.063171625137,0.0,60.30958366394043,0.0,passthrough,passthrough,"HistGradientBoostingRegressor(early_stopping=True, max_iter=20000,
                              n_iter_no_change=100, random_state=42,
                              scoring='neg_root_mean_squared_error')",5000,0.0025,squared_error,32,1,0.2,31,50,FunctionTransformer(func=<function reshape at 0x7fdb1d1c0360>),passthrough,"{'first_scale': 'passthrough', 'frequency': 'passthrough', 'model': HistGradientBoostingRegressor(early_stopping=True, max_iter=20000,
                              n_iter_no_change=100, random_state=42,
                              scoring='neg_root_mean_squared_error'), 'model__l2_regularization': 5000, 'model__learning_rate': 0.0025, 'model__loss': 'squared_error', 'model__max_bins': 32, 'model__max_depth': 1, 'model__max_features': 0.2, 'model__max_leaf_nodes': 31, 'model__min_samples_leaf': 50, 'reshape': FunctionTransformer(func=<function reshape at 0x7fdb1d1c0360>), 'second_scale': 'passthrough'}",0.06427687038476337,0.06427687038476337,0.0,1,0.09115739773772835,0.09115739773772835,0.0,0.9673278294431711,0.9533323671533824
0,27346.894573688507,0.0,54.064894914627075,0.0,passthrough,passthrough,"HistGradientBoostingRegressor(early_stopping=True, max_iter=20000,
                              n_iter_no_change=100, random_state=42,
                              scoring='neg_root_mean_squared_error')",5000,0.005,squared_error,32,1,0.5,31,50,FunctionTransformer(func=<function reshape at 0x7fdb1d1c0360>),passthrough,"{'first_scale': 'passthrough', 'frequency': 'passthrough', 'model': HistGradientBoostingRegressor(early_stopping=True, max_iter=20000,
                              n_iter_no_change=100, random_state=42,
                              scoring='neg_root_mean_squared_error'), 'model__l2_regularization': 5000, 'model__learning_rate': 0.005, 'model__loss': 'squared_error', 'model__max_bins': 32, 'model__max_depth': 1, 'model__max_features': 0.5, 'model__max_leaf_nodes': 31, 'model__min_samples_leaf': 50, 'reshape': FunctionTransformer(func=<function reshape at 0x7fdb1d1c0360>), 'second_scale': 'passthrough'}",0.06989343626816569,0.06989343626816569,0.0,1,0.1080613643787981,0.1080613643787981,0.0,0.9644203252378262,0.9444250291162353
0,17659.360413074493,0.0,27.73029065132141,0.0,passthrough,passthrough,"HistGradientBoostingRegressor(early_stopping=True, max_iter=20000,
                              n_iter_no_change=100, random_state=42,
                              scoring='neg_root_mean_squared_error')",0,0.01,squared_error,32,1,0.5,31,50,FunctionTransformer(func=<function reshape at 0x7fdb1d1c0360>),passthrough,"{'first_scale': 'passthrough', 'frequency': 'passthrough', 'model': HistGradientBoostingRegressor(early_stopping=True, max_iter=20000,
                              n_iter_no_change=100, random_state=42,
                              scoring='neg_root_mean_squared_error'), 'model__l2_regularization': 0, 'model__learning_rate': 0.01, 'model__loss': 'squared_error', 'model__max_bins': 32, 'model__max_depth': 1, 'model__max_features': 0.5, 'model__max_leaf_nodes': 31, 'model__min_samples_leaf': 50, 'reshape': FunctionTransformer(func=<function reshape at 0x7fdb1d1c0360>), 'second_scale': 'passthrough'}",0.07662101455511927,0.07662101455511927,0.0,1,0.13645328552422886,0.13645328552422886,0.0,0.960926108212739,0.9292721423112668
0,25762.55992245674,0.0,55.97271227836609,0.0,passthrough,passthrough,"HistGradientBoostingRegressor(early_stopping=True, max_iter=10000,
                              n_iter_no_change=100, random_state=42,
                              scoring='neg_root_mean_squared_error')",50,0.02,absolute_error,32,3,0.2,127,1600,FunctionTransformer(func=<function reshape at 0x7fdb1d1c0360>),passthrough,"{'first_scale': 'passthrough', 'frequency': 'passthrough', 'model': HistGradientBoostingRegressor(early_stopping=True, max_iter=10000,
                              n_iter_no_change=100, random_state=42,
                              scoring='neg_root_mean_squared_error'), 'model__l2_regularization': 50, 'model__learning_rate': 0.02, 'model__loss': 'absolute_error', 'model__max_bins': 32, 'model__max_depth': 3, 'model__max_features': 0.2, 'model__max_leaf_nodes': 127, 'model__min_samples_leaf': 1600, 'reshape': FunctionTransformer(func=<function reshape at 0x7fdb1d1c0360>), 'second_scale': 'passthrough'}",0.08463571028043126,0.08463571028043126,0.0,1,0.20016786478455628,0.20016786478455628,0.0,0.9567467218232675,0.894333346809479
0,37080.85246658325,0.0,94.51463675498962,0.0,passthrough,passthrough,"HistGradientBoostingRegressor(early_stopping=True, max_iter=10000,
                              n_iter_no_change=100, random_state=42,
                              scoring='neg_root_mean_squared_error')",100,0.02,squared_error,63,3,0.005,127,800,FunctionTransformer(func=<function reshape at 0x7fdb1d1c0360>),passthrough,"{'first_scale': 'passthrough', 'frequency': 'passthrough', 'model': HistGradientBoostingRegressor(early_stopping=True, max_iter=10000,
                              n_iter_no_change=100, random_state=42,
                              scoring='neg_root_mean_squared_error'), 'model__l2_regularization': 100, 'model__learning_rate': 0.02, 'model__loss': 'squared_error', 'model__max_bins': 63, 'model__max_depth': 3, 'model__max_features': 0.005, 'model__max_leaf_nodes': 127, 'model__min_samples_leaf': 800, 'reshape': FunctionTransformer(func=<function reshape at 0x7fdb1d1c0360>), 'second_scale': 'passthrough'}",0.09097135975476012,0.09097135975476012,0.0,1,0.36753179662898217,0.36753179662898217,0.0,0.9534299346282556,0.795278695408734
0,27418.162570238113,0.0,59.507904291152954,0.0,passthrough,passthrough,"HistGradientBoostingRegressor(early_stopping=True, max_iter=10000,
                              n_iter_no_change=100, random_state=42,
                              scoring='neg_root_mean_squared_error')",200,0.02,absolute_error,32,3,1.0,127,1600,FunctionTransformer(func=<function reshape at 0x7fdb1d1c0360>),passthrough,"{'first_scale': 'passthrough', 'frequency': 'passthrough', 'model': HistGradientBoostingRegressor(early_stopping=True, max_iter=10000,
                              n_iter_no_change=100, random_state=42,
                              scoring='neg_root_mean_squared_error'), 'model__l2_regularization': 200, 'model__learning_rate': 0.02, 'model__loss': 'absolute_error', 'model__max_bins': 32, 'model__max_depth': 3, 'model__max_features': 1.0, 'model__max_leaf_nodes': 127, 'model__min_samples_leaf': 1600, 'reshape': FunctionTransformer(func=<function reshape at 0x7fdb1d1c0360>), 'second_scale': 'passthrough'}",0.0838301464083604,0.0838301464083604,0.0,1,0.2042814472685932,0.2042814472685932,0.0,0.9571676204258268,0.8920305783611943
0,28031.176645040512,0.0,63.55164313316345,0.0,passthrough,passthrough,"HistGradientBoostingRegressor(early_stopping=True, max_iter=10000,
                              n_iter_no_change=100, random_state=42,
                              scoring='neg_root_mean_squared_error')",200,0.02,absolute_error,32,3,1.0,127,800,FunctionTransformer(func=<function reshape at 0x7fdb1d1c0360>),passthrough,"{'first_scale': 'passthrough', 'frequency': 'passthrough', 'model': HistGradientBoostingRegressor(early_stopping=True, max_iter=10000,
                              n_iter_no_change=100, random_state=42,
                              scoring='neg_root_mean_squared_error'), 'model__l2_regularization': 200, 'model__learning_rate': 0.02, 'model__loss': 'absolute_error', 'model__max_bins': 32, 'model__max_depth': 3, 'model__max_features': 1.0, 'model__max_leaf_nodes': 127, 'model__min_samples_leaf': 800, 'reshape': FunctionTransformer(func=<function reshape at 0x7fdb1d1c0360>), 'second_scale': 'passthrough'}",0.08393585871262121,0.08393585871262121,0.0,1,0.21017579341195025,0.21017579341195025,0.0,0.9571123974159873,0.8887205447091058
0,26351.9357714653,0.0,55.050488233566284,0.0,passthrough,passthrough,"HistGradientBoostingRegressor(early_stopping=True, max_iter=10000,
                              n_iter_no_change=100, random_state=42,
                              scoring='neg_root_mean_squared_error')",50,0.02,absolute_error,32,3,0.5,127,800,FunctionTransformer(func=<function reshape at 0x7fdb1d1c0360>),passthrough,"{'first_scale': 'passthrough', 'frequency': 'passthrough', 'model': HistGradientBoostingRegressor(early_stopping=True, max_iter=10000,
                              n_iter_no_change=100, random_state=42,
                              scoring='neg_root_mean_squared_error'), 'model__l2_regularization': 50, 'model__learning_rate': 0.02, 'model__loss': 'absolute_error', 'model__max_bins': 32, 'model__max_depth': 3, 'model__max_features': 0.5, 'model__max_leaf_nodes': 127, 'model__min_samples_leaf': 800, 'reshape': FunctionTransformer(func=<function reshape at 0x7fdb1d1c0360>), 'second_scale': 'passthrough'}",0.08385167223865486,0.08385167223865486,0.0,1,0.209561984110199,0.209561984110199,0.0,0.957156375813976,0.8890658107754459
0,26191.893421649933,0.0,61.62242078781128,0.0,passthrough,passthrough,"HistGradientBoostingRegressor(early_stopping=True, max_iter=10000,
                              n_iter_no_change=100, random_state=42,
                              scoring='neg_root_mean_squared_error')",10,0.02,squared_error,63,3,0.005,255,800,FunctionTransformer(func=<function reshape at 0x7fdb1d1c0360>),passthrough,"{'first_scale': 'passthrough', 'frequency': 'passthrough', 'model': HistGradientBoostingRegressor(early_stopping=True, max_iter=10000,
                              n_iter_no_change=100, random_state=42,
                              scoring='neg_root_mean_squared_error'), 'model__l2_regularization': 10, 'model__learning_rate': 0.02, 'model__loss': 'squared_error', 'model__max_bins': 63, 'model__max_depth': 3, 'model__max_features': 0.005, 'model__max_leaf_nodes': 255, 'model__min_samples_leaf': 800, 'reshape': FunctionTransformer(func=<function reshape at 0x7fdb1d1c0360>), 'second_scale': 'passthrough'}",0.08890707429903799,0.08890707429903799,0.0,1,0.3722868450860358,0.3722868450860358,0.0,0.9545118782398477,0.7922835066527412
0,27739.374373197556,0.0,63.319594621658325,0.0,passthrough,passthrough,"HistGradientBoostingRegressor(early_stopping=True, max_iter=10000,
                              n_iter_no_change=100, random_state=42,
                              scoring='neg_root_mean_squared_error')",50,0.02,absolute_error,32,3,1.0,127,800,FunctionTransformer(func=<function reshape at 0x7fdb1d1c0360>),passthrough,"{'first_scale': 'passthrough', 'frequency': 'passthrough', 'model': HistGradientBoostingRegressor(early_stopping=True, max_iter=10000,
                              n_iter_no_change=100, random_state=42,
                              scoring='neg_root_mean_squared_error'), 'model__l2_regularization': 50, 'model__learning_rate': 0.02, 'model__loss': 'absolute_error', 'model__max_bins': 32, 'model__max_depth': 3, 'model__max_features': 1.0, 'model__max_leaf_nodes': 127, 'model__min_samples_leaf': 800, 'reshape': FunctionTransformer(func=<function reshape at 0x7fdb1d1c0360>), 'second_scale': 'passthrough'}",0.08393879896579004,0.08393879896579004,0.0,1,0.21104864900950748,0.21104864900950748,0.0,0.9571108614127257,0.8882293346824864
0,27301.391531944275,0.0,55.85339069366455,0.0,passthrough,passthrough,"HistGradientBoostingRegressor(early_stopping=True, max_iter=20000,
                              n_iter_no_change=100, random_state=42,
                              scoring='neg_root_mean_squared_error')",5000,0.005,squared_error,32,1,1.0,31,50,FunctionTransformer(func=<function reshape at 0x7fdb1d1c0360>),passthrough,"{'first_scale': 'passthrough', 'frequency': 'passthrough', 'model': HistGradientBoostingRegressor(early_stopping=True, max_iter=20000,
                              n_iter_no_change=100, random_state=42,
                              scoring='neg_root_mean_squared_error'), 'model__l2_regularization': 5000, 'model__learning_rate': 0.005, 'model__loss': 'squared_error', 'model__max_bins': 32, 'model__max_depth': 1, 'model__max_features': 1.0, 'model__max_leaf_nodes': 31, 'model__min_samples_leaf': 50, 'reshape': FunctionTransformer(func=<function reshape at 0x7fdb1d1c0360>), 'second_scale': 'passthrough'}",0.0699110550700014,0.0699110550700014,0.0,1,0.10806646542168985,0.10806646542168985,0.0,0.9644111907946727,0.9444223285047374
0,10331.65616941452,0.0,25.771137475967407,0.0,passthrough,passthrough,"HistGradientBoostingRegressor(early_stopping=True, max_iter=10000,
                              n_iter_no_change=100, random_state=42,
                              scoring='neg_root_mean_squared_error')",10,0.05,squared_error,63,3,0.005,255,1600,FunctionTransformer(func=<function reshape at 0x7fdb1d1c0360>),passthrough,"{'first_scale': 'passthrough', 'frequency': 'passthrough', 'model': HistGradientBoostingRegressor(early_stopping=True, max_iter=10000,
                              n_iter_no_change=100, random_state=42,
                              scoring='neg_root_mean_squared_error'), 'model__l2_regularization': 10, 'model__learning_rate': 0.05, 'model__loss': 'squared_error', 'model__max_bins': 63, 'model__max_depth': 3, 'model__max_features': 0.005, 'model__max_leaf_nodes': 255, 'model__min_samples_leaf': 1600, 'reshape': FunctionTransformer(func=<function reshape at 0x7fdb1d1c0360>), 'second_scale': 'passthrough'}",0.08535400442733476,0.08535400442733476,0.0,1,0.3377037147903824,0.3377037147903824,0.0,0.9563712645059267,0.8138158791825197
0,14182.335005998611,0.0,52.498462438583374,0.0,passthrough,passthrough,"HistGradientBoostingRegressor(early_stopping=True, max_iter=10000,
                              n_iter_no_change=100, random_state=42,
                              scoring='neg_root_mean_squared_error')",50,0.01,squared_error,63,3,0.005,127,800,FunctionTransformer(func=<function reshape at 0x7fdb1d1c0360>),passthrough,"{'first_scale': 'passthrough', 'frequency': 'passthrough', 'model': HistGradientBoostingRegressor(early_stopping=True, max_iter=10000,
                              n_iter_no_change=100, random_state=42,
                              scoring='neg_root_mean_squared_error'), 'model__l2_regularization': 50, 'model__learning_rate': 0.01, 'model__loss': 'squared_error', 'model__max_bins': 63, 'model__max_depth': 3, 'model__max_features': 0.005, 'model__max_leaf_nodes': 127, 'model__min_samples_leaf': 800, 'reshape': FunctionTransformer(func=<function reshape at 0x7fdb1d1c0360>), 'second_scale': 'passthrough'}",0.09118294824026185,0.09118294824026185,0.0,1,0.2654213939021056,0.2654213939021056,0.0,0.9533189664323993,0.8570756128241512
0,18566.022279024124,0.0,43.466166496276855,0.0,passthrough,passthrough,"HistGradientBoostingRegressor(early_stopping=True, max_iter=10000,
                              n_iter_no_change=100, random_state=42,
                              scoring='neg_root_mean_squared_error')",10,0.05,squared_error,63,3,0.005,255,800,FunctionTransformer(func=<function reshape at 0x7fdb1d1c0360>),passthrough,"{'first_scale': 'passthrough', 'frequency': 'passthrough', 'model': HistGradientBoostingRegressor(early_stopping=True, max_iter=10000,
                              n_iter_no_change=100, random_state=42,
                              scoring='neg_root_mean_squared_error'), 'model__l2_regularization': 10, 'model__learning_rate': 0.05, 'model__loss': 'squared_error', 'model__max_bins': 63, 'model__max_depth': 3, 'model__max_features': 0.005, 'model__max_leaf_nodes': 255, 'model__min_samples_leaf': 800, 'reshape': FunctionTransformer(func=<function reshape at 0x7fdb1d1c0360>), 'second_scale': 'passthrough'}",0.08092269872072477,0.08092269872072477,0.0,1,0.4844074663903374,0.4844074663903374,0.0,0.9586851940440486,0.718047723768875
0,27187.89133501053,0.0,59.621673583984375,0.0,passthrough,passthrough,"HistGradientBoostingRegressor(early_stopping=True, max_iter=10000,
                              n_iter_no_change=100, random_state=42,
                              scoring='neg_root_mean_squared_error')",50,0.02,absolute_error,32,3,1.0,127,1600,FunctionTransformer(func=<function reshape at 0x7fdb1d1c0360>),passthrough,"{'first_scale': 'passthrough', 'frequency': 'passthrough', 'model': HistGradientBoostingRegressor(early_stopping=True, max_iter=10000,
                              n_iter_no_change=100, random_state=42,
                              scoring='neg_root_mean_squared_error'), 'model__l2_regularization': 50, 'model__learning_rate': 0.02, 'model__loss': 'absolute_error', 'model__max_bins': 32, 'model__max_depth': 3, 'model__max_features': 1.0, 'model__max_leaf_nodes': 127, 'model__min_samples_leaf': 1600, 'reshape': FunctionTransformer(func=<function reshape at 0x7fdb1d1c0360>), 'second_scale': 'passthrough'}",0.083526525054608,0.083526525054608,0.0,1,0.20421354122540192,0.20421354122540192,0.0,0.957326211353994,0.8920686401699132
0,32392.842704296112,0.0,75.74312996864319,0.0,passthrough,passthrough,"HistGradientBoostingRegressor(early_stopping=True, max_iter=10000,
                              n_iter_no_change=100, random_state=42,
                              scoring='neg_root_mean_squared_error')",50,0.02,squared_error,63,3,0.005,127,800,FunctionTransformer(func=<function reshape at 0x7fdb1d1c0360>),passthrough,"{'first_scale': 'passthrough', 'frequency': 'passthrough', 'model': HistGradientBoostingRegressor(early_stopping=True, max_iter=10000,
                              n_iter_no_change=100, random_state=42,
                              scoring='neg_root_mean_squared_error'), 'model__l2_regularization': 50, 'model__learning_rate': 0.02, 'model__loss': 'squared_error', 'model__max_bins': 63, 'model__max_depth': 3, 'model__max_features': 0.005, 'model__max_leaf_nodes': 127, 'model__min_samples_leaf': 800, 'reshape': FunctionTransformer(func=<function reshape at 0x7fdb1d1c0360>), 'second_scale': 'passthrough'}",0.08986733996074392,0.08986733996074392,0.0,1,0.3702887508816247,0.3702887508816247,0.0,0.9540087316368001,0.7935434765142836
0,24356.797768592834,0.0,123.33414006233215,0.0,passthrough,passthrough,"HistGradientBoostingRegressor(early_stopping=True, max_iter=10000,
                              n_iter_no_change=100, random_state=42,
                              scoring='neg_root_mean_squared_error')",50,0.01,squared_error,63,3,0.005,255,1600,FunctionTransformer(func=<function reshape at 0x7fdb1d1c0360>),passthrough,"{'first_scale': 'passthrough', 'frequency': 'passthrough', 'model': HistGradientBoostingRegressor(early_stopping=True, max_iter=10000,
                              n_iter_no_change=100, random_state=42,
                              scoring='neg_root_mean_squared_error'), 'model__l2_regularization': 50, 'model__learning_rate': 0.01, 'model__loss': 'squared_error', 'model__max_bins': 63, 'model__max_depth': 3, 'model__max_features': 0.005, 'model__max_leaf_nodes': 255, 'model__min_samples_leaf': 1600, 'reshape': FunctionTransformer(func=<function reshape at 0x7fdb1d1c0360>), 'second_scale': 'passthrough'}",0.09112835699249722,0.09112835699249722,0.0,1,0.25192269175517756,0.25192269175517756,0.0,0.9533475982072346,0.8649146248300016
0,41280.85508751869,0.0,83.60460472106934,0.0,passthrough,passthrough,"HistGradientBoostingRegressor(early_stopping=True, max_iter=20000,
                              n_iter_no_change=100, random_state=42,
                              scoring='neg_root_mean_squared_error')",5000,0.02,squared_error,32,1,0.5,31,50,FunctionTransformer(func=<function reshape at 0x7fdb1d1c0360>),passthrough,"{'first_scale': 'passthrough', 'frequency': 'passthrough', 'model': HistGradientBoostingRegressor(early_stopping=True, max_iter=20000,
                              n_iter_no_change=100, random_state=42,
                              scoring='neg_root_mean_squared_error'), 'model__l2_regularization': 5000, 'model__learning_rate': 0.02, 'model__loss': 'squared_error', 'model__max_bins': 32, 'model__max_depth': 1, 'model__max_features': 0.5, 'model__max_leaf_nodes': 31, 'model__min_samples_leaf': 50, 'reshape': FunctionTransformer(func=<function reshape at 0x7fdb1d1c0360>), 'second_scale': 'passthrough'}",0.0757827287718651,0.0757827287718651,0.0,1,0.14796542240699007,0.14796542240699007,0.0,0.9613621956516363,0.923057190857105
0,26583.212919950485,0.0,62.807592153549194,0.0,passthrough,passthrough,"HistGradientBoostingRegressor(early_stopping=True, max_iter=10000,
                              n_iter_no_change=100, random_state=42,
                              scoring='neg_root_mean_squared_error')",200,0.05,absolute_error,32,3,0.5,255,1600,FunctionTransformer(func=<function reshape at 0x7fdb1d1c0360>),passthrough,"{'first_scale': 'passthrough', 'frequency': 'passthrough', 'model': HistGradientBoostingRegressor(early_stopping=True, max_iter=10000,
                              n_iter_no_change=100, random_state=42,
                              scoring='neg_root_mean_squared_error'), 'model__l2_regularization': 200, 'model__learning_rate': 0.05, 'model__loss': 'absolute_error', 'model__max_bins': 32, 'model__max_depth': 3, 'model__max_features': 0.5, 'model__max_leaf_nodes': 255, 'model__min_samples_leaf': 1600, 'reshape': FunctionTransformer(func=<function reshape at 0x7fdb1d1c0360>), 'second_scale': 'passthrough'}",0.08521056242327818,0.08521056242327818,0.0,1,0.23191515253071593,0.23191515253071593,0.0,0.9564462544109428,0.876404499913872
0,27385.432653427124,0.0,54.40711545944214,0.0,passthrough,passthrough,"HistGradientBoostingRegressor(early_stopping=True, max_iter=20000,
                              n_iter_no_change=100, random_state=42,
                              scoring='neg_root_mean_squared_error')",5000,0.0025,squared_error,32,1,1.0,31,50,FunctionTransformer(func=<function reshape at 0x7fdb1d1c0360>),passthrough,"{'first_scale': 'passthrough', 'frequency': 'passthrough', 'model': HistGradientBoostingRegressor(early_stopping=True, max_iter=20000,
                              n_iter_no_change=100, random_state=42,
                              scoring='neg_root_mean_squared_error'), 'model__l2_regularization': 5000, 'model__learning_rate': 0.0025, 'model__loss': 'squared_error', 'model__max_bins': 32, 'model__max_depth': 1, 'model__max_features': 1.0, 'model__max_leaf_nodes': 31, 'model__min_samples_leaf': 50, 'reshape': FunctionTransformer(func=<function reshape at 0x7fdb1d1c0360>), 'second_scale': 'passthrough'}",0.06428132943235076,0.06428132943235076,0.0,1,0.0911690494209777,0.0911690494209777,0.0,0.967325524612914,0.9533262561049194
0,30052.619030952454,0.0,91.67875051498413,0.0,passthrough,passthrough,"HistGradientBoostingRegressor(early_stopping=True, max_iter=10000,
                              n_iter_no_change=100, random_state=42,
                              scoring='neg_root_mean_squared_error')",100,0.005,squared_error,63,3,0.005,127,1600,FunctionTransformer(func=<function reshape at 0x7fdb1d1c0360>),passthrough,"{'first_scale': 'passthrough', 'frequency': 'passthrough', 'model': HistGradientBoostingRegressor(early_stopping=True, max_iter=10000,
                              n_iter_no_change=100, random_state=42,
                              scoring='neg_root_mean_squared_error'), 'model__l2_regularization': 100, 'model__learning_rate': 0.005, 'model__loss': 'squared_error', 'model__max_bins': 63, 'model__max_depth': 3, 'model__max_features': 0.005, 'model__max_leaf_nodes': 127, 'model__min_samples_leaf': 1600, 'reshape': FunctionTransformer(func=<function reshape at 0x7fdb1d1c0360>), 'second_scale': 'passthrough'}",0.08766803407269164,0.08766803407269164,0.0,1,0.18568510375674074,0.18568510375674074,0.0,0.9551607016242389,0.9023939806111626
0,26624.224781513214,0.0,69.33085131645203,0.0,passthrough,passthrough,"HistGradientBoostingRegressor(early_stopping=True, max_iter=10000,
                              n_iter_no_change=100, random_state=42,
                              scoring='neg_root_mean_squared_error')",10,0.01,squared_error,63,3,0.005,127,800,FunctionTransformer(func=<function reshape at 0x7fdb1d1c0360>),passthrough,"{'first_scale': 'passthrough', 'frequency': 'passthrough', 'model': HistGradientBoostingRegressor(early_stopping=True, max_iter=10000,
                              n_iter_no_change=100, random_state=42,
                              scoring='neg_root_mean_squared_error'), 'model__l2_regularization': 10, 'model__learning_rate': 0.01, 'model__loss': 'squared_error', 'model__max_bins': 63, 'model__max_depth': 3, 'model__max_features': 0.005, 'model__max_leaf_nodes': 127, 'model__min_samples_leaf': 800, 'reshape': FunctionTransformer(func=<function reshape at 0x7fdb1d1c0360>), 'second_scale': 'passthrough'}",0.09216422606238206,0.09216422606238206,0.0,1,0.2672755982635012,0.2672755982635012,0.0,0.9528041634762192,0.8559932252865666
0,28847.263983011246,0.0,64.00524139404297,0.0,passthrough,passthrough,"HistGradientBoostingRegressor(early_stopping=True, max_iter=20000,
                              n_iter_no_change=100, random_state=42,
                              scoring='neg_root_mean_squared_error')",5000,0.01,squared_error,32,1,0.02,31,50,FunctionTransformer(func=<function reshape at 0x7fdb1d1c0360>),passthrough,"{'first_scale': 'passthrough', 'frequency': 'passthrough', 'model': HistGradientBoostingRegressor(early_stopping=True, max_iter=20000,
                              n_iter_no_change=100, random_state=42,
                              scoring='neg_root_mean_squared_error'), 'model__l2_regularization': 5000, 'model__learning_rate': 0.01, 'model__loss': 'squared_error', 'model__max_bins': 32, 'model__max_depth': 1, 'model__max_features': 0.02, 'model__max_leaf_nodes': 31, 'model__min_samples_leaf': 50, 'reshape': FunctionTransformer(func=<function reshape at 0x7fdb1d1c0360>), 'second_scale': 'passthrough'}",0.07405381212278783,0.07405381212278783,0.0,1,0.12665722040808836,0.12665722040808836,0.0,0.9622609770105053,0.9345281052980224
0,27784.377283096313,0.0,66.2768816947937,0.0,passthrough,passthrough,"HistGradientBoostingRegressor(early_stopping=True, max_iter=10000,
                              n_iter_no_change=100, random_state=42,
                              scoring='neg_root_mean_squared_error')",50,0.0025,squared_error,63,3,0.005,127,1600,FunctionTransformer(func=<function reshape at 0x7fdb1d1c0360>),passthrough,"{'first_scale': 'passthrough', 'frequency': 'passthrough', 'model': HistGradientBoostingRegressor(early_stopping=True, max_iter=10000,
                              n_iter_no_change=100, random_state=42,
                              scoring='neg_root_mean_squared_error'), 'model__l2_regularization': 50, 'model__learning_rate': 0.0025, 'model__loss': 'squared_error', 'model__max_bins': 63, 'model__max_depth': 3, 'model__max_features': 0.005, 'model__max_leaf_nodes': 127, 'model__min_samples_leaf': 1600, 'reshape': FunctionTransformer(func=<function reshape at 0x7fdb1d1c0360>), 'second_scale': 'passthrough'}",0.07998821941621859,0.07998821941621859,0.0,1,0.14299301784705942,0.14299301784705942,0.0,0.9591724456966961,0.9257467159828009
0,25723.258632183075,0.0,60.13253402709961,0.0,passthrough,passthrough,"HistGradientBoostingRegressor(early_stopping=True, max_iter=10000,
                              n_iter_no_change=100, random_state=42,
                              scoring='neg_root_mean_squared_error')",200,0.05,absolute_error,32,3,1.0,255,3200,FunctionTransformer(func=<function reshape at 0x7fdb1d1c0360>),passthrough,"{'first_scale': 'passthrough', 'frequency': 'passthrough', 'model': HistGradientBoostingRegressor(early_stopping=True, max_iter=10000,
                              n_iter_no_change=100, random_state=42,
                              scoring='neg_root_mean_squared_error'), 'model__l2_regularization': 200, 'model__learning_rate': 0.05, 'model__loss': 'absolute_error', 'model__max_bins': 32, 'model__max_depth': 3, 'model__max_features': 1.0, 'model__max_leaf_nodes': 255, 'model__min_samples_leaf': 3200, 'reshape': FunctionTransformer(func=<function reshape at 0x7fdb1d1c0360>), 'second_scale': 'passthrough'}",0.08394834738829204,0.08394834738829204,0.0,1,0.219172153618716,0.219172153618716,0.0,0.9571058732510777,0.8836446380651466
0,27270.93599510193,0.0,114.35530924797058,0.0,passthrough,passthrough,"HistGradientBoostingRegressor(early_stopping=True, max_iter=10000,
                              n_iter_no_change=100, random_state=42,
                              scoring='neg_root_mean_squared_error')",100,0.01,squared_error,63,3,0.005,127,1600,FunctionTransformer(func=<function reshape at 0x7fdb1d1c0360>),passthrough,"{'first_scale': 'passthrough', 'frequency': 'passthrough', 'model': HistGradientBoostingRegressor(early_stopping=True, max_iter=10000,
                              n_iter_no_change=100, random_state=42,
                              scoring='neg_root_mean_squared_error'), 'model__l2_regularization': 100, 'model__learning_rate': 0.01, 'model__loss': 'squared_error', 'model__max_bins': 63, 'model__max_depth': 3, 'model__max_features': 0.005, 'model__max_leaf_nodes': 127, 'model__min_samples_leaf': 1600, 'reshape': FunctionTransformer(func=<function reshape at 0x7fdb1d1c0360>), 'second_scale': 'passthrough'}",0.09149369161992216,0.09149369161992216,0.0,1,0.25015456470074704,0.25015456470074704,0.0,0.9531559727453204,0.8659361612147012
0,25642.216536283493,0.0,97.40446257591248,0.0,passthrough,passthrough,"HistGradientBoostingRegressor(early_stopping=True, max_iter=10000,
                              n_iter_no_change=100, random_state=42,
                              scoring='neg_root_mean_squared_error')",200,0.02,squared_error,63,3,0.005,255,800,FunctionTransformer(func=<function reshape at 0x7fdb1d1c0360>),passthrough,"{'first_scale': 'passthrough', 'frequency': 'passthrough', 'model': HistGradientBoostingRegressor(early_stopping=True, max_iter=10000,
                              n_iter_no_change=100, random_state=42,
                              scoring='neg_root_mean_squared_error'), 'model__l2_regularization': 200, 'model__learning_rate': 0.02, 'model__loss': 'squared_error', 'model__max_bins': 63, 'model__max_depth': 3, 'model__max_features': 0.005, 'model__max_leaf_nodes': 255, 'model__min_samples_leaf': 800, 'reshape': FunctionTransformer(func=<function reshape at 0x7fdb1d1c0360>), 'second_scale': 'passthrough'}",0.090800658797204,0.090800658797204,0.0,1,0.3627558893370715,0.3627558893370715,0.0,0.9535194498293131,0.7982757109313351
0,27764.9340801239,0.0,62.24179291725159,0.0,passthrough,passthrough,"HistGradientBoostingRegressor(early_stopping=True, max_iter=10000,
                              n_iter_no_change=100, random_state=42,
                              scoring='neg_root_mean_squared_error')",10,0.0025,squared_error,63,3,0.005,255,1600,FunctionTransformer(func=<function reshape at 0x7fdb1d1c0360>),passthrough,"{'first_scale': 'passthrough', 'frequency': 'passthrough', 'model': HistGradientBoostingRegressor(early_stopping=True, max_iter=10000,
                              n_iter_no_change=100, random_state=42,
                              scoring='neg_root_mean_squared_error'), 'model__l2_regularization': 10, 'model__learning_rate': 0.0025, 'model__loss': 'squared_error', 'model__max_bins': 63, 'model__max_depth': 3, 'model__max_features': 0.005, 'model__max_leaf_nodes': 255, 'model__min_samples_leaf': 1600, 'reshape': FunctionTransformer(func=<function reshape at 0x7fdb1d1c0360>), 'second_scale': 'passthrough'}",0.07984928665074253,0.07984928665074253,0.0,1,0.14313452578224195,0.14313452578224195,0.0,0.9592448662094875,0.9256702837499744
0,31749.91340970993,0.0,78.42761325836182,0.0,passthrough,passthrough,"HistGradientBoostingRegressor(early_stopping=True, max_iter=10000,
                              n_iter_no_change=100, random_state=42,
                              scoring='neg_root_mean_squared_error')",50,0.05,squared_error,63,None,0.005,127,1600,FunctionTransformer(func=<function reshape at 0x7fdb1d1c0360>),passthrough,"{'first_scale': 'passthrough', 'frequency': 'passthrough', 'model': HistGradientBoostingRegressor(early_stopping=True, max_iter=10000,
                              n_iter_no_change=100, random_state=42,
                              scoring='neg_root_mean_squared_error'), 'model__l2_regularization': 50, 'model__learning_rate': 0.05, 'model__loss': 'squared_error', 'model__max_bins': 63, 'model__max_depth': None, 'model__max_features': 0.005, 'model__max_leaf_nodes': 127, 'model__min_samples_leaf': 1600, 'reshape': FunctionTransformer(func=<function reshape at 0x7fdb1d1c0360>), 'second_scale': 'passthrough'}",0.07083258131286352,0.07083258131286352,0.0,1,0.8145770519628958,0.8145770519628958,0.0,0.9639333061405941,0.4306076497661232
