,mean_fit_time,std_fit_time,mean_score_time,std_score_time,param_first_scale,param_frequency,param_model,param_model__l2_regularization,param_model__learning_rate,param_model__loss,param_model__max_bins,param_model__max_depth,param_model__max_features,param_model__max_leaf_nodes,param_model__min_samples_leaf,param_reshape,param_second_scale,params,split0_test_score,mean_test_score,std_test_score,rank_test_score,split0_train_score,mean_train_score,std_train_score,nrmse_test,nrmse_train
0,24315.464767932892,0.0,51.74518322944641,0.0,passthrough,passthrough,"HistGradientBoostingRegressor(early_stopping=True, max_iter=20000,
                              n_iter_no_change=100, random_state=42,
                              scoring='neg_root_mean_squared_error')",100.0,0.005,squared_error,32,2,0.01,255,400,FunctionTransformer(func=<function reshape at 0x7fdb1d1c0360>),passthrough,"{'first_scale': 'passthrough', 'frequency': 'passthrough', 'model': HistGradientBoostingRegressor(early_stopping=True, max_iter=20000,
                              n_iter_no_change=100, random_state=42,
                              scoring='neg_root_mean_squared_error'), 'model__l2_regularization': 100, 'model__learning_rate': 0.005, 'model__loss': 'squared_error', 'model__max_bins': 32, 'model__max_depth': 2, 'model__max_features': 0.01, 'model__max_leaf_nodes': 255, 'model__min_samples_leaf': 400, 'reshape': FunctionTransformer(func=<function reshape at 0x7fdb1d1c0360>), 'second_scale': 'passthrough'}",0.08603451036494814,0.08603451036494814,0.0,1,0.17949466352796684,0.17949466352796684,0.0,0.9560154233248812,0.9058174962275972
0,32681.3412566185,0.0,80.0963659286499,0.0,passthrough,passthrough,"HistGradientBoostingRegressor(early_stopping=True, max_iter=20000,
                              n_iter_no_change=100, random_state=42,
                              scoring='neg_root_mean_squared_error')",10.0,0.01,squared_error,32,2,0.1,127,400,FunctionTransformer(func=<function reshape at 0x7fdb1d1c0360>),passthrough,"{'first_scale': 'passthrough', 'frequency': 'passthrough', 'model': HistGradientBoostingRegressor(early_stopping=True, max_iter=20000,
                              n_iter_no_change=100, random_state=42,
                              scoring='neg_root_mean_squared_error'), 'model__l2_regularization': 10, 'model__learning_rate': 0.01, 'model__loss': 'squared_error', 'model__max_bins': 32, 'model__max_depth': 2, 'model__max_features': 0.1, 'model__max_leaf_nodes': 127, 'model__min_samples_leaf': 400, 'reshape': FunctionTransformer(func=<function reshape at 0x7fdb1d1c0360>), 'second_scale': 'passthrough'}",0.08737995890203987,0.08737995890203987,0.0,1,0.25516870638603995,0.25516870638603995,0.0,0.9553114890432126,0.8630360905628224
0,29593.542613506317,0.0,116.8515841960907,0.0,passthrough,passthrough,"HistGradientBoostingRegressor(early_stopping=True, max_iter=20000,
                              n_iter_no_change=100, random_state=42,
                              scoring='neg_root_mean_squared_error')",100.0,0.005,squared_error,32,2,0.01,127,400,FunctionTransformer(func=<function reshape at 0x7fdb1d1c0360>),passthrough,"{'first_scale': 'passthrough', 'frequency': 'passthrough', 'model': HistGradientBoostingRegressor(early_stopping=True, max_iter=20000,
                              n_iter_no_change=100, random_state=42,
                              scoring='neg_root_mean_squared_error'), 'model__l2_regularization': 100, 'model__learning_rate': 0.005, 'model__loss': 'squared_error', 'model__max_bins': 32, 'model__max_depth': 2, 'model__max_features': 0.01, 'model__max_leaf_nodes': 127, 'model__min_samples_leaf': 400, 'reshape': FunctionTransformer(func=<function reshape at 0x7fdb1d1c0360>), 'second_scale': 'passthrough'}",0.08603451036494814,0.08603451036494814,0.0,1,0.17949466352796684,0.17949466352796684,0.0,0.9560154233248812,0.9058174962275972
0,24899.420863628387,0.0,88.23569202423096,0.0,passthrough,passthrough,"HistGradientBoostingRegressor(early_stopping=True, max_iter=20000,
                              n_iter_no_change=100, random_state=42,
                              scoring='neg_root_mean_squared_error')",1.0,0.0025,squared_error,32,2,0.1,127,100,FunctionTransformer(func=<function reshape at 0x7fdb1d1c0360>),passthrough,"{'first_scale': 'passthrough', 'frequency': 'passthrough', 'model': HistGradientBoostingRegressor(early_stopping=True, max_iter=20000,
                              n_iter_no_change=100, random_state=42,
                              scoring='neg_root_mean_squared_error'), 'model__l2_regularization': 1, 'model__learning_rate': 0.0025, 'model__loss': 'squared_error', 'model__max_bins': 32, 'model__max_depth': 2, 'model__max_features': 0.1, 'model__max_leaf_nodes': 127, 'model__min_samples_leaf': 100, 'reshape': FunctionTransformer(func=<function reshape at 0x7fdb1d1c0360>), 'second_scale': 'passthrough'}",0.08099949510657778,0.08099949510657778,0.0,1,0.15130657796342317,0.15130657796342317,0.0,0.9586451402335602,0.9212455818274391
0,12737.370235443115,0.0,29.917166233062744,0.0,passthrough,passthrough,"HistGradientBoostingRegressor(early_stopping=True, max_iter=20000,
                              n_iter_no_change=100, random_state=42,
                              scoring='neg_root_mean_squared_error')",1.0,0.05,squared_error,32,2,1.0,127,100,FunctionTransformer(func=<function reshape at 0x7fdb1d1c0360>),passthrough,"{'first_scale': 'passthrough', 'frequency': 'passthrough', 'model': HistGradientBoostingRegressor(early_stopping=True, max_iter=20000,
                              n_iter_no_change=100, random_state=42,
                              scoring='neg_root_mean_squared_error'), 'model__l2_regularization': 1, 'model__learning_rate': 0.05, 'model__loss': 'squared_error', 'model__max_bins': 32, 'model__max_depth': 2, 'model__max_features': 1.0, 'model__max_leaf_nodes': 127, 'model__min_samples_leaf': 100, 'reshape': FunctionTransformer(func=<function reshape at 0x7fdb1d1c0360>), 'second_scale': 'passthrough'}",0.079115043700966,0.079115043700966,0.0,1,0.3144221046213139,0.3144221046213139,0.0,0.9596275091404133,0.8279963136262661
0,12116.588939666748,0.0,33.13652729988098,0.0,passthrough,passthrough,"HistGradientBoostingRegressor(early_stopping=True, max_iter=20000,
                              n_iter_no_change=100, random_state=42,
                              scoring='neg_root_mean_squared_error')",10.0,0.05,squared_error,32,2,0.01,255,1600,FunctionTransformer(func=<function reshape at 0x7fdb1d1c0360>),passthrough,"{'first_scale': 'passthrough', 'frequency': 'passthrough', 'model': HistGradientBoostingRegressor(early_stopping=True, max_iter=20000,
                              n_iter_no_change=100, random_state=42,
                              scoring='neg_root_mean_squared_error'), 'model__l2_regularization': 10, 'model__learning_rate': 0.05, 'model__loss': 'squared_error', 'model__max_bins': 32, 'model__max_depth': 2, 'model__max_features': 0.01, 'model__max_leaf_nodes': 255, 'model__min_samples_leaf': 1600, 'reshape': FunctionTransformer(func=<function reshape at 0x7fdb1d1c0360>), 'second_scale': 'passthrough'}",0.08440282986583059,0.08440282986583059,0.0,1,0.2937594772525781,0.2937594772525781,0.0,0.9568684184014903,0.8403811770544495
0,24219.70901298523,0.0,37.70506286621094,0.0,passthrough,passthrough,"HistGradientBoostingRegressor(early_stopping=True, max_iter=20000,
                              n_iter_no_change=100, random_state=42,
                              scoring='neg_root_mean_squared_error')",100.0,0.0025,squared_error,32,2,1.0,255,3200,FunctionTransformer(func=<function reshape at 0x7fdb1d1c0360>),passthrough,"{'first_scale': 'passthrough', 'frequency': 'passthrough', 'model': HistGradientBoostingRegressor(early_stopping=True, max_iter=20000,
                              n_iter_no_change=100, random_state=42,
                              scoring='neg_root_mean_squared_error'), 'model__l2_regularization': 100, 'model__learning_rate': 0.0025, 'model__loss': 'squared_error', 'model__max_bins': 32, 'model__max_depth': 2, 'model__max_features': 1.0, 'model__max_leaf_nodes': 255, 'model__min_samples_leaf': 3200, 'reshape': FunctionTransformer(func=<function reshape at 0x7fdb1d1c0360>), 'second_scale': 'passthrough'}",0.07883795196197207,0.07883795196197207,0.0,1,0.15056529843133748,0.15056529843133748,0.0,0.959771872914615,0.9216478186208995
0,14122.79053735733,0.0,34.94856381416321,0.0,passthrough,passthrough,"HistGradientBoostingRegressor(early_stopping=True, max_iter=20000,
                              n_iter_no_change=100, random_state=42,
                              scoring='neg_root_mean_squared_error')",10.0,0.02,squared_error,32,2,1.0,255,100,FunctionTransformer(func=<function reshape at 0x7fdb1d1c0360>),passthrough,"{'first_scale': 'passthrough', 'frequency': 'passthrough', 'model': HistGradientBoostingRegressor(early_stopping=True, max_iter=20000,
                              n_iter_no_change=100, random_state=42,
                              scoring='neg_root_mean_squared_error'), 'model__l2_regularization': 10, 'model__learning_rate': 0.02, 'model__loss': 'squared_error', 'model__max_bins': 32, 'model__max_depth': 2, 'model__max_features': 1.0, 'model__max_leaf_nodes': 255, 'model__min_samples_leaf': 100, 'reshape': FunctionTransformer(func=<function reshape at 0x7fdb1d1c0360>), 'second_scale': 'passthrough'}",0.0842976943892606,0.0842976943892606,0.0,1,0.252033352367798,0.252033352367798,0.0,0.9569233540941194,0.8648506504779897
0,13069.311596393585,0.0,33.93042588233948,0.0,passthrough,passthrough,"HistGradientBoostingRegressor(early_stopping=True, max_iter=20000,
                              n_iter_no_change=100, random_state=42,
                              scoring='neg_root_mean_squared_error')",1.0,0.02,squared_error,32,2,0.01,255,400,FunctionTransformer(func=<function reshape at 0x7fdb1d1c0360>),passthrough,"{'first_scale': 'passthrough', 'frequency': 'passthrough', 'model': HistGradientBoostingRegressor(early_stopping=True, max_iter=20000,
                              n_iter_no_change=100, random_state=42,
                              scoring='neg_root_mean_squared_error'), 'model__l2_regularization': 1, 'model__learning_rate': 0.02, 'model__loss': 'squared_error', 'model__max_bins': 32, 'model__max_depth': 2, 'model__max_features': 0.01, 'model__max_leaf_nodes': 255, 'model__min_samples_leaf': 400, 'reshape': FunctionTransformer(func=<function reshape at 0x7fdb1d1c0360>), 'second_scale': 'passthrough'}",0.0865017246569415,0.0865017246569415,0.0,1,0.2107882163469771,0.2107882163469771,0.0,0.9557710370915508,0.8883759247373957
0,23778.137541294098,0.0,71.69003701210022,0.0,passthrough,passthrough,"HistGradientBoostingRegressor(early_stopping=True, max_iter=20000,
                              n_iter_no_change=100, random_state=42,
                              scoring='neg_root_mean_squared_error')",1.0,0.01,squared_error,32,2,1.0,127,400,FunctionTransformer(func=<function reshape at 0x7fdb1d1c0360>),passthrough,"{'first_scale': 'passthrough', 'frequency': 'passthrough', 'model': HistGradientBoostingRegressor(early_stopping=True, max_iter=20000,
                              n_iter_no_change=100, random_state=42,
                              scoring='neg_root_mean_squared_error'), 'model__l2_regularization': 1, 'model__learning_rate': 0.01, 'model__loss': 'squared_error', 'model__max_bins': 32, 'model__max_depth': 2, 'model__max_features': 1.0, 'model__max_leaf_nodes': 127, 'model__min_samples_leaf': 400, 'reshape': FunctionTransformer(func=<function reshape at 0x7fdb1d1c0360>), 'second_scale': 'passthrough'}",0.0844126522724089,0.0844126522724089,0.0,1,0.23342203529012007,0.23342203529012007,0.0,0.9568632858081614,0.875544381918975
0,8227.07443857193,0.0,39.89637637138367,0.0,passthrough,passthrough,"HistGradientBoostingRegressor(early_stopping=True, max_iter=20000,
                              n_iter_no_change=100, random_state=42,
                              scoring='neg_root_mean_squared_error')",100.0,0.05,squared_error,32,2,0.1,255,400,FunctionTransformer(func=<function reshape at 0x7fdb1d1c0360>),passthrough,"{'first_scale': 'passthrough', 'frequency': 'passthrough', 'model': HistGradientBoostingRegressor(early_stopping=True, max_iter=20000,
                              n_iter_no_change=100, random_state=42,
                              scoring='neg_root_mean_squared_error'), 'model__l2_regularization': 100, 'model__learning_rate': 0.05, 'model__loss': 'squared_error', 'model__max_bins': 32, 'model__max_depth': 2, 'model__max_features': 0.1, 'model__max_leaf_nodes': 255, 'model__min_samples_leaf': 400, 'reshape': FunctionTransformer(func=<function reshape at 0x7fdb1d1c0360>), 'second_scale': 'passthrough'}",0.08317989132952675,0.08317989132952675,0.0,1,0.2974551634200363,0.2974551634200363,0.0,0.9575072368762929,0.8381794775464045
0,6834.873070478439,0.0,24.053457975387573,0.0,passthrough,passthrough,"HistGradientBoostingRegressor(early_stopping=True, max_iter=20000,
                              n_iter_no_change=100, random_state=42,
                              scoring='neg_root_mean_squared_error')",100.0,0.05,squared_error,32,2,0.01,255,1600,FunctionTransformer(func=<function reshape at 0x7fdb1d1c0360>),passthrough,"{'first_scale': 'passthrough', 'frequency': 'passthrough', 'model': HistGradientBoostingRegressor(early_stopping=True, max_iter=20000,
                              n_iter_no_change=100, random_state=42,
                              scoring='neg_root_mean_squared_error'), 'model__l2_regularization': 100, 'model__learning_rate': 0.05, 'model__loss': 'squared_error', 'model__max_bins': 32, 'model__max_depth': 2, 'model__max_features': 0.01, 'model__max_leaf_nodes': 255, 'model__min_samples_leaf': 1600, 'reshape': FunctionTransformer(func=<function reshape at 0x7fdb1d1c0360>), 'second_scale': 'passthrough'}",0.08621380024694247,0.08621380024694247,0.0,1,0.24349540531328207,0.24349540531328207,0.0,0.9559216493798315,0.8697727258811453
0,24707.198266744614,0.0,46.925782918930054,0.0,passthrough,passthrough,"HistGradientBoostingRegressor(early_stopping=True, max_iter=20000,
                              n_iter_no_change=100, random_state=42,
                              scoring='neg_root_mean_squared_error')",400.0,0.01,squared_error,32,2,0.01,255,100,FunctionTransformer(func=<function reshape at 0x7fdb1d1c0360>),passthrough,"{'first_scale': 'passthrough', 'frequency': 'passthrough', 'model': HistGradientBoostingRegressor(early_stopping=True, max_iter=20000,
                              n_iter_no_change=100, random_state=42,
                              scoring='neg_root_mean_squared_error'), 'model__l2_regularization': 400, 'model__learning_rate': 0.01, 'model__loss': 'squared_error', 'model__max_bins': 32, 'model__max_depth': 2, 'model__max_features': 0.01, 'model__max_leaf_nodes': 255, 'model__min_samples_leaf': 100, 'reshape': FunctionTransformer(func=<function reshape at 0x7fdb1d1c0360>), 'second_scale': 'passthrough'}",0.0888358908951965,0.0888358908951965,0.0,1,0.22944117196487235,0.22944117196487235,0.0,0.9545491653680305,0.8778148028115769
0,7347.30059671402,0.0,16.827539205551147,0.0,passthrough,passthrough,"HistGradientBoostingRegressor(early_stopping=True, max_iter=20000,
                              n_iter_no_change=100, random_state=42,
                              scoring='neg_root_mean_squared_error')",100.0,0.05,squared_error,32,2,1.0,255,3200,FunctionTransformer(func=<function reshape at 0x7fdb1d1c0360>),passthrough,"{'first_scale': 'passthrough', 'frequency': 'passthrough', 'model': HistGradientBoostingRegressor(early_stopping=True, max_iter=20000,
                              n_iter_no_change=100, random_state=42,
                              scoring='neg_root_mean_squared_error'), 'model__l2_regularization': 100, 'model__learning_rate': 0.05, 'model__loss': 'squared_error', 'model__max_bins': 32, 'model__max_depth': 2, 'model__max_features': 1.0, 'model__max_leaf_nodes': 255, 'model__min_samples_leaf': 3200, 'reshape': FunctionTransformer(func=<function reshape at 0x7fdb1d1c0360>), 'second_scale': 'passthrough'}",0.08480641761230734,0.08480641761230734,0.0,1,0.254252897986185,0.254252897986185,0.0,0.9566575052690972,0.863566501211004
0,8404.365166664124,0.0,21.19173812866211,0.0,passthrough,passthrough,"HistGradientBoostingRegressor(early_stopping=True, max_iter=20000,
                              n_iter_no_change=100, random_state=42,
                              scoring='neg_root_mean_squared_error')",400.0,0.05,squared_error,32,2,0.01,127,100,FunctionTransformer(func=<function reshape at 0x7fdb1d1c0360>),passthrough,"{'first_scale': 'passthrough', 'frequency': 'passthrough', 'model': HistGradientBoostingRegressor(early_stopping=True, max_iter=20000,
                              n_iter_no_change=100, random_state=42,
                              scoring='neg_root_mean_squared_error'), 'model__l2_regularization': 400, 'model__learning_rate': 0.05, 'model__loss': 'squared_error', 'model__max_bins': 32, 'model__max_depth': 2, 'model__max_features': 0.01, 'model__max_leaf_nodes': 127, 'model__min_samples_leaf': 100, 'reshape': FunctionTransformer(func=<function reshape at 0x7fdb1d1c0360>), 'second_scale': 'passthrough'}",0.08575217401371615,0.08575217401371615,0.0,1,0.2890233196761065,0.2890233196761065,0.0,0.9561630749962498,0.8431943312925517
0,17444.14523601532,0.0,61.55193042755127,0.0,passthrough,passthrough,"HistGradientBoostingRegressor(early_stopping=True, max_iter=20000,
                              n_iter_no_change=100, random_state=42,
                              scoring='neg_root_mean_squared_error')",100.0,0.02,squared_error,32,2,0.01,255,100,FunctionTransformer(func=<function reshape at 0x7fdb1d1c0360>),passthrough,"{'first_scale': 'passthrough', 'frequency': 'passthrough', 'model': HistGradientBoostingRegressor(early_stopping=True, max_iter=20000,
                              n_iter_no_change=100, random_state=42,
                              scoring='neg_root_mean_squared_error'), 'model__l2_regularization': 100, 'model__learning_rate': 0.02, 'model__loss': 'squared_error', 'model__max_bins': 32, 'model__max_depth': 2, 'model__max_features': 0.01, 'model__max_leaf_nodes': 255, 'model__min_samples_leaf': 100, 'reshape': FunctionTransformer(func=<function reshape at 0x7fdb1d1c0360>), 'second_scale': 'passthrough'}",0.0876449122495323,0.0876449122495323,0.0,1,0.2700245235544013,0.2700245235544013,0.0,0.9551728051774023,0.8543860230865196
0,8050.8221781253815,0.0,25.302383184432983,0.0,passthrough,passthrough,"HistGradientBoostingRegressor(early_stopping=True, max_iter=20000,
                              n_iter_no_change=100, random_state=42,
                              scoring='neg_root_mean_squared_error')",100.0,0.05,squared_error,32,2,0.1,127,3200,FunctionTransformer(func=<function reshape at 0x7fdb1d1c0360>),passthrough,"{'first_scale': 'passthrough', 'frequency': 'passthrough', 'model': HistGradientBoostingRegressor(early_stopping=True, max_iter=20000,
                              n_iter_no_change=100, random_state=42,
                              scoring='neg_root_mean_squared_error'), 'model__l2_regularization': 100, 'model__learning_rate': 0.05, 'model__loss': 'squared_error', 'model__max_bins': 32, 'model__max_depth': 2, 'model__max_features': 0.1, 'model__max_leaf_nodes': 127, 'model__min_samples_leaf': 3200, 'reshape': FunctionTransformer(func=<function reshape at 0x7fdb1d1c0360>), 'second_scale': 'passthrough'}",0.08494295349867198,0.08494295349867198,0.0,1,0.27947734090887044,0.27947734090887044,0.0,0.9565861417046183,0.8488360613752985
0,23973.0529088974,0.0,72.71346998214722,0.0,passthrough,passthrough,"HistGradientBoostingRegressor(early_stopping=True, max_iter=20000,
                              n_iter_no_change=100, random_state=42,
                              scoring='neg_root_mean_squared_error')",100.0,0.01,squared_error,32,2,0.1,255,1600,FunctionTransformer(func=<function reshape at 0x7fdb1d1c0360>),passthrough,"{'first_scale': 'passthrough', 'frequency': 'passthrough', 'model': HistGradientBoostingRegressor(early_stopping=True, max_iter=20000,
                              n_iter_no_change=100, random_state=42,
                              scoring='neg_root_mean_squared_error'), 'model__l2_regularization': 100, 'model__learning_rate': 0.01, 'model__loss': 'squared_error', 'model__max_bins': 32, 'model__max_depth': 2, 'model__max_features': 0.1, 'model__max_leaf_nodes': 255, 'model__min_samples_leaf': 1600, 'reshape': FunctionTransformer(func=<function reshape at 0x7fdb1d1c0360>), 'second_scale': 'passthrough'}",0.08667349631842092,0.08667349631842092,0.0,1,0.25140333179407326,0.25140333179407326,0.0,0.9556811726101855,0.8652148104406944
0,24539.81355190277,0.0,81.95517659187317,0.0,passthrough,passthrough,"HistGradientBoostingRegressor(early_stopping=True, max_iter=20000,
                              n_iter_no_change=100, random_state=42,
                              scoring='neg_root_mean_squared_error')",1.0,0.0025,squared_error,32,2,1.0,255,3200,FunctionTransformer(func=<function reshape at 0x7fdb1d1c0360>),passthrough,"{'first_scale': 'passthrough', 'frequency': 'passthrough', 'model': HistGradientBoostingRegressor(early_stopping=True, max_iter=20000,
                              n_iter_no_change=100, random_state=42,
                              scoring='neg_root_mean_squared_error'), 'model__l2_regularization': 1, 'model__learning_rate': 0.0025, 'model__loss': 'squared_error', 'model__max_bins': 32, 'model__max_depth': 2, 'model__max_features': 1.0, 'model__max_leaf_nodes': 255, 'model__min_samples_leaf': 3200, 'reshape': FunctionTransformer(func=<function reshape at 0x7fdb1d1c0360>), 'second_scale': 'passthrough'}",0.0789697974925948,0.0789697974925948,0.0,1,0.15119689909979572,0.15119689909979572,0.0,0.9597031845875084,0.9213051073885373
0,6525.328232049942,0.0,18.57062816619873,0.0,passthrough,passthrough,"HistGradientBoostingRegressor(early_stopping=True, max_iter=20000,
                              n_iter_no_change=100, random_state=42,
                              scoring='neg_root_mean_squared_error')",400.0,0.05,squared_error,32,2,1.0,127,400,FunctionTransformer(func=<function reshape at 0x7fdb1d1c0360>),passthrough,"{'first_scale': 'passthrough', 'frequency': 'passthrough', 'model': HistGradientBoostingRegressor(early_stopping=True, max_iter=20000,
                              n_iter_no_change=100, random_state=42,
                              scoring='neg_root_mean_squared_error'), 'model__l2_regularization': 400, 'model__learning_rate': 0.05, 'model__loss': 'squared_error', 'model__max_bins': 32, 'model__max_depth': 2, 'model__max_features': 1.0, 'model__max_leaf_nodes': 127, 'model__min_samples_leaf': 400, 'reshape': FunctionTransformer(func=<function reshape at 0x7fdb1d1c0360>), 'second_scale': 'passthrough'}",0.08299228489640509,0.08299228489640509,0.0,1,0.27854827871531374,0.27854827871531374,0.0,0.9576051979305432,0.849383141629669
0,13861.127281188965,0.0,40.62221097946167,0.0,passthrough,passthrough,"HistGradientBoostingRegressor(early_stopping=True, max_iter=20000,
                              n_iter_no_change=100, random_state=42,
                              scoring='neg_root_mean_squared_error')",100.0,0.02,squared_error,32,2,1.0,127,1600,FunctionTransformer(func=<function reshape at 0x7fdb1d1c0360>),passthrough,"{'first_scale': 'passthrough', 'frequency': 'passthrough', 'model': HistGradientBoostingRegressor(early_stopping=True, max_iter=20000,
                              n_iter_no_change=100, random_state=42,
                              scoring='neg_root_mean_squared_error'), 'model__l2_regularization': 100, 'model__learning_rate': 0.02, 'model__loss': 'squared_error', 'model__max_bins': 32, 'model__max_depth': 2, 'model__max_features': 1.0, 'model__max_leaf_nodes': 127, 'model__min_samples_leaf': 1600, 'reshape': FunctionTransformer(func=<function reshape at 0x7fdb1d1c0360>), 'second_scale': 'passthrough'}",0.08427001122549505,0.08427001122549505,0.0,1,0.2619018574118567,0.2619018574118567,0.0,0.9569378186562097,0.8591263833616933
0,13650.90206694603,0.0,43.31420707702637,0.0,passthrough,passthrough,"HistGradientBoostingRegressor(early_stopping=True, max_iter=20000,
                              n_iter_no_change=100, random_state=42,
                              scoring='neg_root_mean_squared_error')",100.0,0.02,squared_error,32,2,0.1,255,400,FunctionTransformer(func=<function reshape at 0x7fdb1d1c0360>),passthrough,"{'first_scale': 'passthrough', 'frequency': 'passthrough', 'model': HistGradientBoostingRegressor(early_stopping=True, max_iter=20000,
                              n_iter_no_change=100, random_state=42,
                              scoring='neg_root_mean_squared_error'), 'model__l2_regularization': 100, 'model__learning_rate': 0.02, 'model__loss': 'squared_error', 'model__max_bins': 32, 'model__max_depth': 2, 'model__max_features': 0.1, 'model__max_leaf_nodes': 255, 'model__min_samples_leaf': 400, 'reshape': FunctionTransformer(func=<function reshape at 0x7fdb1d1c0360>), 'second_scale': 'passthrough'}",0.08653913235604616,0.08653913235604616,0.0,1,0.25324247584507187,0.25324247584507187,0.0,0.9557514675081351,0.8641513317439996
0,23967.328614473343,0.0,85.04375123977661,0.0,passthrough,passthrough,"HistGradientBoostingRegressor(early_stopping=True, max_iter=20000,
                              n_iter_no_change=100, random_state=42,
                              scoring='neg_root_mean_squared_error')",1.0,0.0025,squared_error,32,2,0.1,255,100,FunctionTransformer(func=<function reshape at 0x7fdb1d1c0360>),passthrough,"{'first_scale': 'passthrough', 'frequency': 'passthrough', 'model': HistGradientBoostingRegressor(early_stopping=True, max_iter=20000,
                              n_iter_no_change=100, random_state=42,
                              scoring='neg_root_mean_squared_error'), 'model__l2_regularization': 1, 'model__learning_rate': 0.0025, 'model__loss': 'squared_error', 'model__max_bins': 32, 'model__max_depth': 2, 'model__max_features': 0.1, 'model__max_leaf_nodes': 255, 'model__min_samples_leaf': 100, 'reshape': FunctionTransformer(func=<function reshape at 0x7fdb1d1c0360>), 'second_scale': 'passthrough'}",0.08099949510657778,0.08099949510657778,0.0,1,0.15130657796342317,0.15130657796342317,0.0,0.9586451402335602,0.9212455818274391
0,10151.271066188812,0.0,32.28711485862732,0.0,passthrough,passthrough,"HistGradientBoostingRegressor(early_stopping=True, max_iter=20000,
                              n_iter_no_change=100, random_state=42,
                              scoring='neg_root_mean_squared_error')",10.0,0.05,squared_error,32,2,0.1,255,3200,FunctionTransformer(func=<function reshape at 0x7fdb1d1c0360>),passthrough,"{'first_scale': 'passthrough', 'frequency': 'passthrough', 'model': HistGradientBoostingRegressor(early_stopping=True, max_iter=20000,
                              n_iter_no_change=100, random_state=42,
                              scoring='neg_root_mean_squared_error'), 'model__l2_regularization': 10, 'model__learning_rate': 0.05, 'model__loss': 'squared_error', 'model__max_bins': 32, 'model__max_depth': 2, 'model__max_features': 0.1, 'model__max_leaf_nodes': 255, 'model__min_samples_leaf': 3200, 'reshape': FunctionTransformer(func=<function reshape at 0x7fdb1d1c0360>), 'second_scale': 'passthrough'}",0.08479771859171947,0.08479771859171947,0.0,1,0.2858369703177851,0.2858369703177851,0.0,0.9566620518282726,0.8450816704213948
0,6686.944568157196,0.0,13.515761613845825,0.0,passthrough,passthrough,"HistGradientBoostingRegressor(early_stopping=True, max_iter=20000,
                              n_iter_no_change=100, random_state=42,
                              scoring='neg_root_mean_squared_error')",400.0,0.05,squared_error,32,2,0.01,255,400,FunctionTransformer(func=<function reshape at 0x7fdb1d1c0360>),passthrough,"{'first_scale': 'passthrough', 'frequency': 'passthrough', 'model': HistGradientBoostingRegressor(early_stopping=True, max_iter=20000,
                              n_iter_no_change=100, random_state=42,
                              scoring='neg_root_mean_squared_error'), 'model__l2_regularization': 400, 'model__learning_rate': 0.05, 'model__loss': 'squared_error', 'model__max_bins': 32, 'model__max_depth': 2, 'model__max_features': 0.01, 'model__max_leaf_nodes': 255, 'model__min_samples_leaf': 400, 'reshape': FunctionTransformer(func=<function reshape at 0x7fdb1d1c0360>), 'second_scale': 'passthrough'}",0.08559801789897092,0.08559801789897092,0.0,1,0.2600888103330873,0.2600888103330873,0.0,0.9562436834306562,0.8601809051978035
0,24092.093782901764,0.0,39.954633712768555,0.0,passthrough,passthrough,"HistGradientBoostingRegressor(early_stopping=True, max_iter=20000,
                              n_iter_no_change=100, random_state=42,
                              scoring='neg_root_mean_squared_error')",100.0,0.0025,squared_error,32,2,1.0,127,3200,FunctionTransformer(func=<function reshape at 0x7fdb1d1c0360>),passthrough,"{'first_scale': 'passthrough', 'frequency': 'passthrough', 'model': HistGradientBoostingRegressor(early_stopping=True, max_iter=20000,
                              n_iter_no_change=100, random_state=42,
                              scoring='neg_root_mean_squared_error'), 'model__l2_regularization': 100, 'model__learning_rate': 0.0025, 'model__loss': 'squared_error', 'model__max_bins': 32, 'model__max_depth': 2, 'model__max_features': 1.0, 'model__max_leaf_nodes': 127, 'model__min_samples_leaf': 3200, 'reshape': FunctionTransformer(func=<function reshape at 0x7fdb1d1c0360>), 'second_scale': 'passthrough'}",0.07883795196197207,0.07883795196197207,0.0,1,0.15056529843133748,0.15056529843133748,0.0,0.959771872914615,0.9216478186208995
0,9027.87010383606,0.0,19.88747763633728,0.0,passthrough,passthrough,"HistGradientBoostingRegressor(early_stopping=True, max_iter=20000,
                              n_iter_no_change=100, random_state=42,
                              scoring='neg_root_mean_squared_error')",10.0,0.05,squared_error,32,2,0.01,255,400,FunctionTransformer(func=<function reshape at 0x7fdb1d1c0360>),passthrough,"{'first_scale': 'passthrough', 'frequency': 'passthrough', 'model': HistGradientBoostingRegressor(early_stopping=True, max_iter=20000,
                              n_iter_no_change=100, random_state=42,
                              scoring='neg_root_mean_squared_error'), 'model__l2_regularization': 10, 'model__learning_rate': 0.05, 'model__loss': 'squared_error', 'model__max_bins': 32, 'model__max_depth': 2, 'model__max_features': 0.01, 'model__max_leaf_nodes': 255, 'model__min_samples_leaf': 400, 'reshape': FunctionTransformer(func=<function reshape at 0x7fdb1d1c0360>), 'second_scale': 'passthrough'}",0.08610690549747357,0.08610690549747357,0.0,1,0.25188553470207,0.25188553470207,0.0,0.9559775596228849,0.8649361047487438
0,7700.942615509033,0.0,13.46436595916748,0.0,passthrough,passthrough,"HistGradientBoostingRegressor(early_stopping=True, max_iter=20000,
                              n_iter_no_change=100, random_state=42,
                              scoring='neg_root_mean_squared_error')",0.1,0.05,squared_error,32,2,0.1,127,100,FunctionTransformer(func=<function reshape at 0x7fdb1d1c0360>),passthrough,"{'first_scale': 'passthrough', 'frequency': 'passthrough', 'model': HistGradientBoostingRegressor(early_stopping=True, max_iter=20000,
                              n_iter_no_change=100, random_state=42,
                              scoring='neg_root_mean_squared_error'), 'model__l2_regularization': 0.1, 'model__learning_rate': 0.05, 'model__loss': 'squared_error', 'model__max_bins': 32, 'model__max_depth': 2, 'model__max_features': 0.1, 'model__max_leaf_nodes': 127, 'model__min_samples_leaf': 100, 'reshape': FunctionTransformer(func=<function reshape at 0x7fdb1d1c0360>), 'second_scale': 'passthrough'}",0.08408557355214663,0.08408557355214663,0.0,1,0.3003501876466006,0.3003501876466006,0.0,0.9570341824866306,0.8364507232069319
0,9849.545002698898,0.0,31.028111934661865,0.0,passthrough,passthrough,"HistGradientBoostingRegressor(early_stopping=True, max_iter=20000,
                              n_iter_no_change=100, random_state=42,
                              scoring='neg_root_mean_squared_error')",10.0,0.05,squared_error,32,2,0.1,255,100,FunctionTransformer(func=<function reshape at 0x7fdb1d1c0360>),passthrough,"{'first_scale': 'passthrough', 'frequency': 'passthrough', 'model': HistGradientBoostingRegressor(early_stopping=True, max_iter=20000,
                              n_iter_no_change=100, random_state=42,
                              scoring='neg_root_mean_squared_error'), 'model__l2_regularization': 10, 'model__learning_rate': 0.05, 'model__loss': 'squared_error', 'model__max_bins': 32, 'model__max_depth': 2, 'model__max_features': 0.1, 'model__max_leaf_nodes': 255, 'model__min_samples_leaf': 100, 'reshape': FunctionTransformer(func=<function reshape at 0x7fdb1d1c0360>), 'second_scale': 'passthrough'}",0.08322229939371517,0.08322229939371517,0.0,1,0.298362754065435,0.298362754065435,0.0,0.9574850915843467,0.8376378966681038
0,11228.905757427216,0.0,22.390581607818604,0.0,passthrough,passthrough,"HistGradientBoostingRegressor(early_stopping=True, max_iter=20000,
                              n_iter_no_change=100, random_state=42,
                              scoring='neg_root_mean_squared_error')",400.0,0.02,squared_error,32,2,0.01,127,400,FunctionTransformer(func=<function reshape at 0x7fdb1d1c0360>),passthrough,"{'first_scale': 'passthrough', 'frequency': 'passthrough', 'model': HistGradientBoostingRegressor(early_stopping=True, max_iter=20000,
                              n_iter_no_change=100, random_state=42,
                              scoring='neg_root_mean_squared_error'), 'model__l2_regularization': 400, 'model__learning_rate': 0.02, 'model__loss': 'squared_error', 'model__max_bins': 32, 'model__max_depth': 2, 'model__max_features': 0.01, 'model__max_leaf_nodes': 127, 'model__min_samples_leaf': 400, 'reshape': FunctionTransformer(func=<function reshape at 0x7fdb1d1c0360>), 'second_scale': 'passthrough'}",0.08789616898864572,0.08789616898864572,0.0,1,0.21413014665707708,0.21413014665707708,0.0,0.9550412718889977,0.8864930080620619
0,34673.65493607521,0.0,83.55468082427979,0.0,passthrough,passthrough,"HistGradientBoostingRegressor(early_stopping=True, max_iter=20000,
                              n_iter_no_change=100, random_state=42,
                              scoring='neg_root_mean_squared_error')",10.0,0.01,squared_error,32,2,1.0,127,100,FunctionTransformer(func=<function reshape at 0x7fdb1d1c0360>),passthrough,"{'first_scale': 'passthrough', 'frequency': 'passthrough', 'model': HistGradientBoostingRegressor(early_stopping=True, max_iter=20000,
                              n_iter_no_change=100, random_state=42,
                              scoring='neg_root_mean_squared_error'), 'model__l2_regularization': 10, 'model__learning_rate': 0.01, 'model__loss': 'squared_error', 'model__max_bins': 32, 'model__max_depth': 2, 'model__max_features': 1.0, 'model__max_leaf_nodes': 127, 'model__min_samples_leaf': 100, 'reshape': FunctionTransformer(func=<function reshape at 0x7fdb1d1c0360>), 'second_scale': 'passthrough'}",0.08376084436375397,0.08376084436375397,0.0,1,0.27474003621109233,0.27474003621109233,0.0,0.9572038213652545,0.851621960607468
0,28115.436418533325,0.0,83.98630809783936,0.0,passthrough,passthrough,"HistGradientBoostingRegressor(early_stopping=True, max_iter=20000,
                              n_iter_no_change=100, random_state=42,
                              scoring='neg_root_mean_squared_error')",400.0,0.01,squared_error,32,2,0.01,255,1600,FunctionTransformer(func=<function reshape at 0x7fdb1d1c0360>),passthrough,"{'first_scale': 'passthrough', 'frequency': 'passthrough', 'model': HistGradientBoostingRegressor(early_stopping=True, max_iter=20000,
                              n_iter_no_change=100, random_state=42,
                              scoring='neg_root_mean_squared_error'), 'model__l2_regularization': 400, 'model__learning_rate': 0.01, 'model__loss': 'squared_error', 'model__max_bins': 32, 'model__max_depth': 2, 'model__max_features': 0.01, 'model__max_leaf_nodes': 255, 'model__min_samples_leaf': 1600, 'reshape': FunctionTransformer(func=<function reshape at 0x7fdb1d1c0360>), 'second_scale': 'passthrough'}",0.08830083744058337,0.08830083744058337,0.0,1,0.22570238856260838,0.22570238856260838,0.0,0.9548293892415632,0.8799418227572727
0,4460.281292676926,0.0,17.876981258392334,0.0,passthrough,passthrough,"HistGradientBoostingRegressor(early_stopping=True, max_iter=20000,
                              n_iter_no_change=100, random_state=42,
                              scoring='neg_root_mean_squared_error')",100.0,0.05,squared_error,32,2,0.1,255,100,FunctionTransformer(func=<function reshape at 0x7fdb1d1c0360>),passthrough,"{'first_scale': 'passthrough', 'frequency': 'passthrough', 'model': HistGradientBoostingRegressor(early_stopping=True, max_iter=20000,
                              n_iter_no_change=100, random_state=42,
                              scoring='neg_root_mean_squared_error'), 'model__l2_regularization': 100, 'model__learning_rate': 0.05, 'model__loss': 'squared_error', 'model__max_bins': 32, 'model__max_depth': 2, 'model__max_features': 0.1, 'model__max_leaf_nodes': 255, 'model__min_samples_leaf': 100, 'reshape': FunctionTransformer(func=<function reshape at 0x7fdb1d1c0360>), 'second_scale': 'passthrough'}",0.0851117085941333,0.0851117085941333,0.0,1,0.2226661670611143,0.2226661670611143,0.0,0.9564979306856166,0.8816653746965941
0,24005.329085826874,0.0,89.70789384841919,0.0,passthrough,passthrough,"HistGradientBoostingRegressor(early_stopping=True, max_iter=20000,
                              n_iter_no_change=100, random_state=42,
                              scoring='neg_root_mean_squared_error')",1.0,0.005,squared_error,32,2,0.01,255,1600,FunctionTransformer(func=<function reshape at 0x7fdb1d1c0360>),passthrough,"{'first_scale': 'passthrough', 'frequency': 'passthrough', 'model': HistGradientBoostingRegressor(early_stopping=True, max_iter=20000,
                              n_iter_no_change=100, random_state=42,
                              scoring='neg_root_mean_squared_error'), 'model__l2_regularization': 1, 'model__learning_rate': 0.005, 'model__loss': 'squared_error', 'model__max_bins': 32, 'model__max_depth': 2, 'model__max_features': 0.01, 'model__max_leaf_nodes': 255, 'model__min_samples_leaf': 1600, 'reshape': FunctionTransformer(func=<function reshape at 0x7fdb1d1c0360>), 'second_scale': 'passthrough'}",0.08605234175394938,0.08605234175394938,0.0,1,0.17717377547262214,0.17717377547262214,0.0,0.9560060973895776,0.9070976929346574
0,24593.941731214523,0.0,45.088873624801636,0.0,passthrough,passthrough,"HistGradientBoostingRegressor(early_stopping=True, max_iter=20000,
                              n_iter_no_change=100, random_state=42,
                              scoring='neg_root_mean_squared_error')",100.0,0.005,squared_error,32,2,0.1,127,100,FunctionTransformer(func=<function reshape at 0x7fdb1d1c0360>),passthrough,"{'first_scale': 'passthrough', 'frequency': 'passthrough', 'model': HistGradientBoostingRegressor(early_stopping=True, max_iter=20000,
                              n_iter_no_change=100, random_state=42,
                              scoring='neg_root_mean_squared_error'), 'model__l2_regularization': 100, 'model__learning_rate': 0.005, 'model__loss': 'squared_error', 'model__max_bins': 32, 'model__max_depth': 2, 'model__max_features': 0.1, 'model__max_leaf_nodes': 127, 'model__min_samples_leaf': 100, 'reshape': FunctionTransformer(func=<function reshape at 0x7fdb1d1c0360>), 'second_scale': 'passthrough'}",0.08612843752721056,0.08612843752721056,0.0,1,0.19389140520249792,0.19389140520249792,0.0,0.9559662977703709,0.8978355054226259
0,25108.45555782318,0.0,45.94575071334839,0.0,passthrough,passthrough,"HistGradientBoostingRegressor(early_stopping=True, max_iter=20000,
                              n_iter_no_change=100, random_state=42,
                              scoring='neg_root_mean_squared_error')",400.0,0.005,squared_error,32,2,0.1,127,100,FunctionTransformer(func=<function reshape at 0x7fdb1d1c0360>),passthrough,"{'first_scale': 'passthrough', 'frequency': 'passthrough', 'model': HistGradientBoostingRegressor(early_stopping=True, max_iter=20000,
                              n_iter_no_change=100, random_state=42,
                              scoring='neg_root_mean_squared_error'), 'model__l2_regularization': 400, 'model__learning_rate': 0.005, 'model__loss': 'squared_error', 'model__max_bins': 32, 'model__max_depth': 2, 'model__max_features': 0.1, 'model__max_leaf_nodes': 127, 'model__min_samples_leaf': 100, 'reshape': FunctionTransformer(func=<function reshape at 0x7fdb1d1c0360>), 'second_scale': 'passthrough'}",0.08564390943290556,0.08564390943290556,0.0,1,0.18950069346842002,0.18950069346842002,0.0,0.9562196873977729,0.9002773497825989
0,34140.761828660965,0.0,97.94630217552185,0.0,passthrough,passthrough,"HistGradientBoostingRegressor(early_stopping=True, max_iter=20000,
                              n_iter_no_change=100, random_state=42,
                              scoring='neg_root_mean_squared_error')",1.0,0.01,squared_error,32,2,0.01,255,400,FunctionTransformer(func=<function reshape at 0x7fdb1d1c0360>),passthrough,"{'first_scale': 'passthrough', 'frequency': 'passthrough', 'model': HistGradientBoostingRegressor(early_stopping=True, max_iter=20000,
                              n_iter_no_change=100, random_state=42,
                              scoring='neg_root_mean_squared_error'), 'model__l2_regularization': 1, 'model__learning_rate': 0.01, 'model__loss': 'squared_error', 'model__max_bins': 32, 'model__max_depth': 2, 'model__max_features': 0.01, 'model__max_leaf_nodes': 255, 'model__min_samples_leaf': 400, 'reshape': FunctionTransformer(func=<function reshape at 0x7fdb1d1c0360>), 'second_scale': 'passthrough'}",0.08820265333079491,0.08820265333079491,0.0,1,0.23738601829790484,0.23738601829790484,0.0,0.954880802335666,0.8732777231225443
0,28366.142641305923,0.0,81.19814848899841,0.0,passthrough,passthrough,"HistGradientBoostingRegressor(early_stopping=True, max_iter=20000,
                              n_iter_no_change=100, random_state=42,
                              scoring='neg_root_mean_squared_error')",400.0,0.01,squared_error,32,2,0.1,255,400,FunctionTransformer(func=<function reshape at 0x7fdb1d1c0360>),passthrough,"{'first_scale': 'passthrough', 'frequency': 'passthrough', 'model': HistGradientBoostingRegressor(early_stopping=True, max_iter=20000,
                              n_iter_no_change=100, random_state=42,
                              scoring='neg_root_mean_squared_error'), 'model__l2_regularization': 400, 'model__learning_rate': 0.01, 'model__loss': 'squared_error', 'model__max_bins': 32, 'model__max_depth': 2, 'model__max_features': 0.1, 'model__max_leaf_nodes': 255, 'model__min_samples_leaf': 400, 'reshape': FunctionTransformer(func=<function reshape at 0x7fdb1d1c0360>), 'second_scale': 'passthrough'}",0.08704023777598102,0.08704023777598102,0.0,1,0.24825990348529314,0.24825990348529314,0.0,0.9554892789686439,0.8670294669241103
0,10350.44241309166,0.0,26.371921062469482,0.0,passthrough,passthrough,"HistGradientBoostingRegressor(early_stopping=True, max_iter=20000,
                              n_iter_no_change=100, random_state=42,
                              scoring='neg_root_mean_squared_error')",100.0,0.05,squared_error,32,2,0.01,127,1600,FunctionTransformer(func=<function reshape at 0x7fdb1d1c0360>),passthrough,"{'first_scale': 'passthrough', 'frequency': 'passthrough', 'model': HistGradientBoostingRegressor(early_stopping=True, max_iter=20000,
                              n_iter_no_change=100, random_state=42,
                              scoring='neg_root_mean_squared_error'), 'model__l2_regularization': 100, 'model__learning_rate': 0.05, 'model__loss': 'squared_error', 'model__max_bins': 32, 'model__max_depth': 2, 'model__max_features': 0.01, 'model__max_leaf_nodes': 127, 'model__min_samples_leaf': 1600, 'reshape': FunctionTransformer(func=<function reshape at 0x7fdb1d1c0360>), 'second_scale': 'passthrough'}",0.08621380024694247,0.08621380024694247,0.0,1,0.24349540531328207,0.24349540531328207,0.0,0.9559216493798315,0.8697727258811453
0,10535.842356443405,0.0,23.636560440063477,0.0,passthrough,passthrough,"HistGradientBoostingRegressor(early_stopping=True, max_iter=20000,
                              n_iter_no_change=100, random_state=42,
                              scoring='neg_root_mean_squared_error')",1.0,0.05,squared_error,32,2,1.0,127,3200,FunctionTransformer(func=<function reshape at 0x7fdb1d1c0360>),passthrough,"{'first_scale': 'passthrough', 'frequency': 'passthrough', 'model': HistGradientBoostingRegressor(early_stopping=True, max_iter=20000,
                              n_iter_no_change=100, random_state=42,
                              scoring='neg_root_mean_squared_error'), 'model__l2_regularization': 1, 'model__learning_rate': 0.05, 'model__loss': 'squared_error', 'model__max_bins': 32, 'model__max_depth': 2, 'model__max_features': 1.0, 'model__max_leaf_nodes': 127, 'model__min_samples_leaf': 3200, 'reshape': FunctionTransformer(func=<function reshape at 0x7fdb1d1c0360>), 'second_scale': 'passthrough'}",0.08328553449530962,0.08328553449530962,0.0,1,0.2720662789503625,0.2720662789503625,0.0,0.9574520695599809,0.853190319360011
0,10759.430652856827,0.0,22.43436622619629,0.0,passthrough,passthrough,"HistGradientBoostingRegressor(early_stopping=True, max_iter=20000,
                              n_iter_no_change=100, random_state=42,
                              scoring='neg_root_mean_squared_error')",1.0,0.05,squared_error,32,2,1.0,255,400,FunctionTransformer(func=<function reshape at 0x7fdb1d1c0360>),passthrough,"{'first_scale': 'passthrough', 'frequency': 'passthrough', 'model': HistGradientBoostingRegressor(early_stopping=True, max_iter=20000,
                              n_iter_no_change=100, random_state=42,
                              scoring='neg_root_mean_squared_error'), 'model__l2_regularization': 1, 'model__learning_rate': 0.05, 'model__loss': 'squared_error', 'model__max_bins': 32, 'model__max_depth': 2, 'model__max_features': 1.0, 'model__max_leaf_nodes': 255, 'model__min_samples_leaf': 400, 'reshape': FunctionTransformer(func=<function reshape at 0x7fdb1d1c0360>), 'second_scale': 'passthrough'}",0.08225631902265707,0.08225631902265707,0.0,1,0.2797372941168911,0.2797372941168911,0.0,0.9579893950234224,0.8486829242320767
0,24137.46875333786,0.0,62.4329092502594,0.0,passthrough,passthrough,"HistGradientBoostingRegressor(early_stopping=True, max_iter=20000,
                              n_iter_no_change=100, random_state=42,
                              scoring='neg_root_mean_squared_error')",0.1,0.0025,squared_error,32,2,0.01,127,100,FunctionTransformer(func=<function reshape at 0x7fdb1d1c0360>),passthrough,"{'first_scale': 'passthrough', 'frequency': 'passthrough', 'model': HistGradientBoostingRegressor(early_stopping=True, max_iter=20000,
                              n_iter_no_change=100, random_state=42,
                              scoring='neg_root_mean_squared_error'), 'model__l2_regularization': 0.1, 'model__learning_rate': 0.0025, 'model__loss': 'squared_error', 'model__max_bins': 32, 'model__max_depth': 2, 'model__max_features': 0.01, 'model__max_leaf_nodes': 127, 'model__min_samples_leaf': 100, 'reshape': FunctionTransformer(func=<function reshape at 0x7fdb1d1c0360>), 'second_scale': 'passthrough'}",0.08057992128626446,0.08057992128626446,0.0,1,0.14137782822098177,0.14137782822098177,0.0,0.9588639521401019,0.9266186765757629
0,13202.769743204117,0.0,37.823407888412476,0.0,passthrough,passthrough,"HistGradientBoostingRegressor(early_stopping=True, max_iter=20000,
                              n_iter_no_change=100, random_state=42,
                              scoring='neg_root_mean_squared_error')",100.0,0.02,squared_error,32,2,1.0,127,3200,FunctionTransformer(func=<function reshape at 0x7fdb1d1c0360>),passthrough,"{'first_scale': 'passthrough', 'frequency': 'passthrough', 'model': HistGradientBoostingRegressor(early_stopping=True, max_iter=20000,
                              n_iter_no_change=100, random_state=42,
                              scoring='neg_root_mean_squared_error'), 'model__l2_regularization': 100, 'model__learning_rate': 0.02, 'model__loss': 'squared_error', 'model__max_bins': 32, 'model__max_depth': 2, 'model__max_features': 1.0, 'model__max_leaf_nodes': 127, 'model__min_samples_leaf': 3200, 'reshape': FunctionTransformer(func=<function reshape at 0x7fdb1d1c0360>), 'second_scale': 'passthrough'}",0.08515083740359752,0.08515083740359752,0.0,1,0.2488908140492999,0.2488908140492999,0.0,0.956477476261936,0.8666655559964871
0,21119.055337429047,0.0,53.3918571472168,0.0,passthrough,passthrough,"HistGradientBoostingRegressor(early_stopping=True, max_iter=20000,
                              n_iter_no_change=100, random_state=42,
                              scoring='neg_root_mean_squared_error')",10.0,0.02,squared_error,32,2,0.1,127,400,FunctionTransformer(func=<function reshape at 0x7fdb1d1c0360>),passthrough,"{'first_scale': 'passthrough', 'frequency': 'passthrough', 'model': HistGradientBoostingRegressor(early_stopping=True, max_iter=20000,
                              n_iter_no_change=100, random_state=42,
                              scoring='neg_root_mean_squared_error'), 'model__l2_regularization': 10, 'model__learning_rate': 0.02, 'model__loss': 'squared_error', 'model__max_bins': 32, 'model__max_depth': 2, 'model__max_features': 0.1, 'model__max_leaf_nodes': 127, 'model__min_samples_leaf': 400, 'reshape': FunctionTransformer(func=<function reshape at 0x7fdb1d1c0360>), 'second_scale': 'passthrough'}",0.08681148677109929,0.08681148677109929,0.0,1,0.28305136380965257,0.28305136380965257,0.0,0.9556089750671561,0.8467281949896008
0,20730.13027691841,0.0,52.72644853591919,0.0,passthrough,passthrough,"HistGradientBoostingRegressor(early_stopping=True, max_iter=20000,
                              n_iter_no_change=100, random_state=42,
                              scoring='neg_root_mean_squared_error')",10.0,0.02,squared_error,32,2,0.01,127,1600,FunctionTransformer(func=<function reshape at 0x7fdb1d1c0360>),passthrough,"{'first_scale': 'passthrough', 'frequency': 'passthrough', 'model': HistGradientBoostingRegressor(early_stopping=True, max_iter=20000,
                              n_iter_no_change=100, random_state=42,
                              scoring='neg_root_mean_squared_error'), 'model__l2_regularization': 10, 'model__learning_rate': 0.02, 'model__loss': 'squared_error', 'model__max_bins': 32, 'model__max_depth': 2, 'model__max_features': 0.01, 'model__max_leaf_nodes': 127, 'model__min_samples_leaf': 1600, 'reshape': FunctionTransformer(func=<function reshape at 0x7fdb1d1c0360>), 'second_scale': 'passthrough'}",0.08746409318971082,0.08746409318971082,0.0,1,0.2515825465517342,0.2515825465517342,0.0,0.9552674530257426,0.8651112376152941
0,9722.879704713821,0.0,25.091501235961914,0.0,passthrough,passthrough,"HistGradientBoostingRegressor(early_stopping=True, max_iter=20000,
                              n_iter_no_change=100, random_state=42,
                              scoring='neg_root_mean_squared_error')",10.0,0.05,squared_error,32,2,1.0,127,400,FunctionTransformer(func=<function reshape at 0x7fdb1d1c0360>),passthrough,"{'first_scale': 'passthrough', 'frequency': 'passthrough', 'model': HistGradientBoostingRegressor(early_stopping=True, max_iter=20000,
                              n_iter_no_change=100, random_state=42,
                              scoring='neg_root_mean_squared_error'), 'model__l2_regularization': 10, 'model__learning_rate': 0.05, 'model__loss': 'squared_error', 'model__max_bins': 32, 'model__max_depth': 2, 'model__max_features': 1.0, 'model__max_leaf_nodes': 127, 'model__min_samples_leaf': 400, 'reshape': FunctionTransformer(func=<function reshape at 0x7fdb1d1c0360>), 'second_scale': 'passthrough'}",0.07991044242469925,0.07991044242469925,0.0,1,0.31573232203841983,0.31573232203841983,0.0,0.9592129886398019,0.8272047376324558
0,22054.143448591232,0.0,68.26009154319763,0.0,passthrough,passthrough,"HistGradientBoostingRegressor(early_stopping=True, max_iter=20000,
                              n_iter_no_change=100, random_state=42,
                              scoring='neg_root_mean_squared_error')",10.0,0.02,squared_error,32,2,0.01,255,100,FunctionTransformer(func=<function reshape at 0x7fdb1d1c0360>),passthrough,"{'first_scale': 'passthrough', 'frequency': 'passthrough', 'model': HistGradientBoostingRegressor(early_stopping=True, max_iter=20000,
                              n_iter_no_change=100, random_state=42,
                              scoring='neg_root_mean_squared_error'), 'model__l2_regularization': 10, 'model__learning_rate': 0.02, 'model__loss': 'squared_error', 'model__max_bins': 32, 'model__max_depth': 2, 'model__max_features': 0.01, 'model__max_leaf_nodes': 255, 'model__min_samples_leaf': 100, 'reshape': FunctionTransformer(func=<function reshape at 0x7fdb1d1c0360>), 'second_scale': 'passthrough'}",0.0864292853186387,0.0864292853186387,0.0,1,0.26279228339302896,0.26279228339302896,0.0,0.9558089320995914,0.8586080110312103
0,16293.669284820557,0.0,46.05849313735962,0.0,passthrough,passthrough,"HistGradientBoostingRegressor(early_stopping=True, max_iter=20000,
                              n_iter_no_change=100, random_state=42,
                              scoring='neg_root_mean_squared_error')",100.0,0.02,squared_error,32,2,1.0,255,400,FunctionTransformer(func=<function reshape at 0x7fdb1d1c0360>),passthrough,"{'first_scale': 'passthrough', 'frequency': 'passthrough', 'model': HistGradientBoostingRegressor(early_stopping=True, max_iter=20000,
                              n_iter_no_change=100, random_state=42,
                              scoring='neg_root_mean_squared_error'), 'model__l2_regularization': 100, 'model__learning_rate': 0.02, 'model__loss': 'squared_error', 'model__max_bins': 32, 'model__max_depth': 2, 'model__max_features': 1.0, 'model__max_leaf_nodes': 255, 'model__min_samples_leaf': 400, 'reshape': FunctionTransformer(func=<function reshape at 0x7fdb1d1c0360>), 'second_scale': 'passthrough'}",0.08300378974726697,0.08300378974726697,0.0,1,0.28659686738432233,0.28659686738432233,0.0,0.9575991908166658,0.8446319509796427
0,7720.179010629654,0.0,19.696916341781616,0.0,passthrough,passthrough,"HistGradientBoostingRegressor(early_stopping=True, max_iter=20000,
                              n_iter_no_change=100, random_state=42,
                              scoring='neg_root_mean_squared_error')",400.0,0.02,squared_error,32,2,1.0,255,1600,FunctionTransformer(func=<function reshape at 0x7fdb1d1c0360>),passthrough,"{'first_scale': 'passthrough', 'frequency': 'passthrough', 'model': HistGradientBoostingRegressor(early_stopping=True, max_iter=20000,
                              n_iter_no_change=100, random_state=42,
                              scoring='neg_root_mean_squared_error'), 'model__l2_regularization': 400, 'model__learning_rate': 0.02, 'model__loss': 'squared_error', 'model__max_bins': 32, 'model__max_depth': 2, 'model__max_features': 1.0, 'model__max_leaf_nodes': 255, 'model__min_samples_leaf': 1600, 'reshape': FunctionTransformer(func=<function reshape at 0x7fdb1d1c0360>), 'second_scale': 'passthrough'}",0.08474513727956423,0.08474513727956423,0.0,1,0.21483091986951464,0.21483091986951464,0.0,0.956689533088157,0.8860976696338194
0,29544.239908456802,0.0,42.947901248931885,0.0,passthrough,passthrough,"HistGradientBoostingRegressor(early_stopping=True, max_iter=20000,
                              n_iter_no_change=100, random_state=42,
                              scoring='neg_root_mean_squared_error')",0.1,0.01,squared_error,32,2,1.0,127,1600,FunctionTransformer(func=<function reshape at 0x7fdb1d1c0360>),passthrough,"{'first_scale': 'passthrough', 'frequency': 'passthrough', 'model': HistGradientBoostingRegressor(early_stopping=True, max_iter=20000,
                              n_iter_no_change=100, random_state=42,
                              scoring='neg_root_mean_squared_error'), 'model__l2_regularization': 0.1, 'model__learning_rate': 0.01, 'model__loss': 'squared_error', 'model__max_bins': 32, 'model__max_depth': 2, 'model__max_features': 1.0, 'model__max_leaf_nodes': 127, 'model__min_samples_leaf': 1600, 'reshape': FunctionTransformer(func=<function reshape at 0x7fdb1d1c0360>), 'second_scale': 'passthrough'}",0.08513841004062994,0.08513841004062994,0.0,1,0.22738144694768225,0.22738144694768225,0.0,0.9564839726620462,0.8789872314501035
0,6149.006539583206,0.0,13.709503412246704,0.0,passthrough,passthrough,"HistGradientBoostingRegressor(early_stopping=True, max_iter=20000,
                              n_iter_no_change=100, random_state=42,
                              scoring='neg_root_mean_squared_error')",400.0,0.05,squared_error,32,2,0.1,255,400,FunctionTransformer(func=<function reshape at 0x7fdb1d1c0360>),passthrough,"{'first_scale': 'passthrough', 'frequency': 'passthrough', 'model': HistGradientBoostingRegressor(early_stopping=True, max_iter=20000,
                              n_iter_no_change=100, random_state=42,
                              scoring='neg_root_mean_squared_error'), 'model__l2_regularization': 400, 'model__learning_rate': 0.05, 'model__loss': 'squared_error', 'model__max_bins': 32, 'model__max_depth': 2, 'model__max_features': 0.1, 'model__max_leaf_nodes': 255, 'model__min_samples_leaf': 400, 'reshape': FunctionTransformer(func=<function reshape at 0x7fdb1d1c0360>), 'second_scale': 'passthrough'}",0.08430477110180934,0.08430477110180934,0.0,1,0.2730313458394358,0.2730313458394358,0.0,0.9569196564488529,0.8526245681192656
0,28141.23605442047,0.0,58.72151446342468,0.0,passthrough,passthrough,"HistGradientBoostingRegressor(early_stopping=True, max_iter=20000,
                              n_iter_no_change=100, random_state=42,
                              scoring='neg_root_mean_squared_error')",100.0,0.02,squared_error,32,2,0.01,127,100,FunctionTransformer(func=<function reshape at 0x7fdb1d1c0360>),passthrough,"{'first_scale': 'passthrough', 'frequency': 'passthrough', 'model': HistGradientBoostingRegressor(early_stopping=True, max_iter=20000,
                              n_iter_no_change=100, random_state=42,
                              scoring='neg_root_mean_squared_error'), 'model__l2_regularization': 100, 'model__learning_rate': 0.02, 'model__loss': 'squared_error', 'model__max_bins': 32, 'model__max_depth': 2, 'model__max_features': 0.01, 'model__max_leaf_nodes': 127, 'model__min_samples_leaf': 100, 'reshape': FunctionTransformer(func=<function reshape at 0x7fdb1d1c0360>), 'second_scale': 'passthrough'}",0.0876449122495323,0.0876449122495323,0.0,1,0.2700245235544013,0.2700245235544013,0.0,0.9551728051774023,0.8543860230865196
0,13118.068292617798,0.0,46.623575925827026,0.0,passthrough,passthrough,"HistGradientBoostingRegressor(early_stopping=True, max_iter=20000,
                              n_iter_no_change=100, random_state=42,
                              scoring='neg_root_mean_squared_error')",100.0,0.02,squared_error,32,2,0.01,255,3200,FunctionTransformer(func=<function reshape at 0x7fdb1d1c0360>),passthrough,"{'first_scale': 'passthrough', 'frequency': 'passthrough', 'model': HistGradientBoostingRegressor(early_stopping=True, max_iter=20000,
                              n_iter_no_change=100, random_state=42,
                              scoring='neg_root_mean_squared_error'), 'model__l2_regularization': 100, 'model__learning_rate': 0.02, 'model__loss': 'squared_error', 'model__max_bins': 32, 'model__max_depth': 2, 'model__max_features': 0.01, 'model__max_leaf_nodes': 255, 'model__min_samples_leaf': 3200, 'reshape': FunctionTransformer(func=<function reshape at 0x7fdb1d1c0360>), 'second_scale': 'passthrough'}",0.08723278725570549,0.08723278725570549,0.0,1,0.21589419274861632,0.21589419274861632,0.0,0.9553885140320112,0.8854974913862736
0,16897.01458287239,0.0,42.94832134246826,0.0,passthrough,passthrough,"HistGradientBoostingRegressor(early_stopping=True, max_iter=20000,
                              n_iter_no_change=100, random_state=42,
                              scoring='neg_root_mean_squared_error')",1.0,0.02,squared_error,32,2,0.01,255,100,FunctionTransformer(func=<function reshape at 0x7fdb1d1c0360>),passthrough,"{'first_scale': 'passthrough', 'frequency': 'passthrough', 'model': HistGradientBoostingRegressor(early_stopping=True, max_iter=20000,
                              n_iter_no_change=100, random_state=42,
                              scoring='neg_root_mean_squared_error'), 'model__l2_regularization': 1, 'model__learning_rate': 0.02, 'model__loss': 'squared_error', 'model__max_bins': 32, 'model__max_depth': 2, 'model__max_features': 0.01, 'model__max_leaf_nodes': 255, 'model__min_samples_leaf': 100, 'reshape': FunctionTransformer(func=<function reshape at 0x7fdb1d1c0360>), 'second_scale': 'passthrough'}",0.08773622000627768,0.08773622000627768,0.0,1,0.23575932492185647,0.23575932492185647,0.0,0.9551250075219067,0.8742085992931798
0,28306.371460676193,0.0,69.67685270309448,0.0,passthrough,passthrough,"HistGradientBoostingRegressor(early_stopping=True, max_iter=20000,
                              n_iter_no_change=100, random_state=42,
                              scoring='neg_root_mean_squared_error')",10.0,0.01,squared_error,32,2,0.1,127,100,FunctionTransformer(func=<function reshape at 0x7fdb1d1c0360>),passthrough,"{'first_scale': 'passthrough', 'frequency': 'passthrough', 'model': HistGradientBoostingRegressor(early_stopping=True, max_iter=20000,
                              n_iter_no_change=100, random_state=42,
                              scoring='neg_root_mean_squared_error'), 'model__l2_regularization': 10, 'model__learning_rate': 0.01, 'model__loss': 'squared_error', 'model__max_bins': 32, 'model__max_depth': 2, 'model__max_features': 0.1, 'model__max_leaf_nodes': 127, 'model__min_samples_leaf': 100, 'reshape': FunctionTransformer(func=<function reshape at 0x7fdb1d1c0360>), 'second_scale': 'passthrough'}",0.08772362899094188,0.08772362899094188,0.0,1,0.2396710839521452,0.2396710839521452,0.0,0.9551315987910033,0.8719684145930142
0,13051.482766151428,0.0,27.16341257095337,0.0,passthrough,passthrough,"HistGradientBoostingRegressor(early_stopping=True, max_iter=20000,
                              n_iter_no_change=100, random_state=42,
                              scoring='neg_root_mean_squared_error')",100.0,0.05,squared_error,32,2,0.01,127,100,FunctionTransformer(func=<function reshape at 0x7fdb1d1c0360>),passthrough,"{'first_scale': 'passthrough', 'frequency': 'passthrough', 'model': HistGradientBoostingRegressor(early_stopping=True, max_iter=20000,
                              n_iter_no_change=100, random_state=42,
                              scoring='neg_root_mean_squared_error'), 'model__l2_regularization': 100, 'model__learning_rate': 0.05, 'model__loss': 'squared_error', 'model__max_bins': 32, 'model__max_depth': 2, 'model__max_features': 0.01, 'model__max_leaf_nodes': 127, 'model__min_samples_leaf': 100, 'reshape': FunctionTransformer(func=<function reshape at 0x7fdb1d1c0360>), 'second_scale': 'passthrough'}",0.08525410693873814,0.08525410693873814,0.0,1,0.26602724573862824,0.26602724573862824,0.0,0.9564234904378195,0.8567220986185495
0,13830.931354045868,0.0,28.02245783805847,0.0,passthrough,passthrough,"HistGradientBoostingRegressor(early_stopping=True, max_iter=20000,
                              n_iter_no_change=100, random_state=42,
                              scoring='neg_root_mean_squared_error')",400.0,0.02,squared_error,32,2,0.1,127,100,FunctionTransformer(func=<function reshape at 0x7fdb1d1c0360>),passthrough,"{'first_scale': 'passthrough', 'frequency': 'passthrough', 'model': HistGradientBoostingRegressor(early_stopping=True, max_iter=20000,
                              n_iter_no_change=100, random_state=42,
                              scoring='neg_root_mean_squared_error'), 'model__l2_regularization': 400, 'model__learning_rate': 0.02, 'model__loss': 'squared_error', 'model__max_bins': 32, 'model__max_depth': 2, 'model__max_features': 0.1, 'model__max_leaf_nodes': 127, 'model__min_samples_leaf': 100, 'reshape': FunctionTransformer(func=<function reshape at 0x7fdb1d1c0360>), 'second_scale': 'passthrough'}",0.08651518272517766,0.08651518272517766,0.0,1,0.2585527653979133,0.2585527653979133,0.0,0.9557639966408142,0.86107330384938
0,24859.43873333931,0.0,56.9752471446991,0.0,passthrough,passthrough,"HistGradientBoostingRegressor(early_stopping=True, max_iter=20000,
                              n_iter_no_change=100, random_state=42,
                              scoring='neg_root_mean_squared_error')",100.0,0.01,squared_error,32,2,1.0,127,1600,FunctionTransformer(func=<function reshape at 0x7fdb1d1c0360>),passthrough,"{'first_scale': 'passthrough', 'frequency': 'passthrough', 'model': HistGradientBoostingRegressor(early_stopping=True, max_iter=20000,
                              n_iter_no_change=100, random_state=42,
                              scoring='neg_root_mean_squared_error'), 'model__l2_regularization': 100, 'model__learning_rate': 0.01, 'model__loss': 'squared_error', 'model__max_bins': 32, 'model__max_depth': 2, 'model__max_features': 1.0, 'model__max_leaf_nodes': 127, 'model__min_samples_leaf': 1600, 'reshape': FunctionTransformer(func=<function reshape at 0x7fdb1d1c0360>), 'second_scale': 'passthrough'}",0.08485830379760106,0.08485830379760106,0.0,1,0.21531521901711737,0.21531521901711737,0.0,0.9566303864097141,0.8858243510893583
0,24196.20781493187,0.0,62.12107181549072,0.0,passthrough,passthrough,"HistGradientBoostingRegressor(early_stopping=True, max_iter=20000,
                              n_iter_no_change=100, random_state=42,
                              scoring='neg_root_mean_squared_error')",0.1,0.02,squared_error,32,2,0.01,255,1600,FunctionTransformer(func=<function reshape at 0x7fdb1d1c0360>),passthrough,"{'first_scale': 'passthrough', 'frequency': 'passthrough', 'model': HistGradientBoostingRegressor(early_stopping=True, max_iter=20000,
                              n_iter_no_change=100, random_state=42,
                              scoring='neg_root_mean_squared_error'), 'model__l2_regularization': 0.1, 'model__learning_rate': 0.02, 'model__loss': 'squared_error', 'model__max_bins': 32, 'model__max_depth': 2, 'model__max_features': 0.01, 'model__max_leaf_nodes': 255, 'model__min_samples_leaf': 1600, 'reshape': FunctionTransformer(func=<function reshape at 0x7fdb1d1c0360>), 'second_scale': 'passthrough'}",0.08862789909876101,0.08862789909876101,0.0,1,0.25182967419145097,0.25182967419145097,0.0,0.9546581068116685,0.8649683958437725
0,15120.698433876038,0.0,38.33046197891235,0.0,passthrough,passthrough,"HistGradientBoostingRegressor(early_stopping=True, max_iter=20000,
                              n_iter_no_change=100, random_state=42,
                              scoring='neg_root_mean_squared_error')",400.0,0.02,squared_error,32,2,1.0,127,1600,FunctionTransformer(func=<function reshape at 0x7fdb1d1c0360>),passthrough,"{'first_scale': 'passthrough', 'frequency': 'passthrough', 'model': HistGradientBoostingRegressor(early_stopping=True, max_iter=20000,
                              n_iter_no_change=100, random_state=42,
                              scoring='neg_root_mean_squared_error'), 'model__l2_regularization': 400, 'model__learning_rate': 0.02, 'model__loss': 'squared_error', 'model__max_bins': 32, 'model__max_depth': 2, 'model__max_features': 1.0, 'model__max_leaf_nodes': 127, 'model__min_samples_leaf': 1600, 'reshape': FunctionTransformer(func=<function reshape at 0x7fdb1d1c0360>), 'second_scale': 'passthrough'}",0.08474513727956423,0.08474513727956423,0.0,1,0.21483091986951464,0.21483091986951464,0.0,0.956689533088157,0.8860976696338194
0,29023.19012904167,0.0,58.86333084106445,0.0,passthrough,passthrough,"HistGradientBoostingRegressor(early_stopping=True, max_iter=20000,
                              n_iter_no_change=100, random_state=42,
                              scoring='neg_root_mean_squared_error')",0.1,0.02,squared_error,32,2,0.01,127,1600,FunctionTransformer(func=<function reshape at 0x7fdb1d1c0360>),passthrough,"{'first_scale': 'passthrough', 'frequency': 'passthrough', 'model': HistGradientBoostingRegressor(early_stopping=True, max_iter=20000,
                              n_iter_no_change=100, random_state=42,
                              scoring='neg_root_mean_squared_error'), 'model__l2_regularization': 0.1, 'model__learning_rate': 0.02, 'model__loss': 'squared_error', 'model__max_bins': 32, 'model__max_depth': 2, 'model__max_features': 0.01, 'model__max_leaf_nodes': 127, 'model__min_samples_leaf': 1600, 'reshape': FunctionTransformer(func=<function reshape at 0x7fdb1d1c0360>), 'second_scale': 'passthrough'}",0.08862789909876101,0.08862789909876101,0.0,1,0.25182967419145097,0.25182967419145097,0.0,0.9546581068116685,0.8649683958437725
0,18920.7753367424,0.0,58.42958211898804,0.0,passthrough,passthrough,"HistGradientBoostingRegressor(early_stopping=True, max_iter=20000,
                              n_iter_no_change=100, random_state=42,
                              scoring='neg_root_mean_squared_error')",1.0,0.02,squared_error,32,2,0.1,127,100,FunctionTransformer(func=<function reshape at 0x7fdb1d1c0360>),passthrough,"{'first_scale': 'passthrough', 'frequency': 'passthrough', 'model': HistGradientBoostingRegressor(early_stopping=True, max_iter=20000,
                              n_iter_no_change=100, random_state=42,
                              scoring='neg_root_mean_squared_error'), 'model__l2_regularization': 1, 'model__learning_rate': 0.02, 'model__loss': 'squared_error', 'model__max_bins': 32, 'model__max_depth': 2, 'model__max_features': 0.1, 'model__max_leaf_nodes': 127, 'model__min_samples_leaf': 100, 'reshape': FunctionTransformer(func=<function reshape at 0x7fdb1d1c0360>), 'second_scale': 'passthrough'}",0.08682622884990976,0.08682622884990976,0.0,1,0.2740487106497228,0.2740487106497228,0.0,0.9556012615887917,0.8520277515141612
0,22927.718224048615,0.0,72.1213150024414,0.0,passthrough,passthrough,"HistGradientBoostingRegressor(early_stopping=True, max_iter=20000,
                              n_iter_no_change=100, random_state=42,
                              scoring='neg_root_mean_squared_error')",10.0,0.02,squared_error,32,2,0.01,127,3200,FunctionTransformer(func=<function reshape at 0x7fdb1d1c0360>),passthrough,"{'first_scale': 'passthrough', 'frequency': 'passthrough', 'model': HistGradientBoostingRegressor(early_stopping=True, max_iter=20000,
                              n_iter_no_change=100, random_state=42,
                              scoring='neg_root_mean_squared_error'), 'model__l2_regularization': 10, 'model__learning_rate': 0.02, 'model__loss': 'squared_error', 'model__max_bins': 32, 'model__max_depth': 2, 'model__max_features': 0.01, 'model__max_leaf_nodes': 127, 'model__min_samples_leaf': 3200, 'reshape': FunctionTransformer(func=<function reshape at 0x7fdb1d1c0360>), 'second_scale': 'passthrough'}",0.08669206762601567,0.08669206762601567,0.0,1,0.2526721885945985,0.2526721885945985,0.0,0.955671456293419,0.8644812383189131
0,25090.811760425568,0.0,90.58580160140991,0.0,passthrough,passthrough,"HistGradientBoostingRegressor(early_stopping=True, max_iter=20000,
                              n_iter_no_change=100, random_state=42,
                              scoring='neg_root_mean_squared_error')",1.0,0.0025,squared_error,32,2,1.0,127,100,FunctionTransformer(func=<function reshape at 0x7fdb1d1c0360>),passthrough,"{'first_scale': 'passthrough', 'frequency': 'passthrough', 'model': HistGradientBoostingRegressor(early_stopping=True, max_iter=20000,
                              n_iter_no_change=100, random_state=42,
                              scoring='neg_root_mean_squared_error'), 'model__l2_regularization': 1, 'model__learning_rate': 0.0025, 'model__loss': 'squared_error', 'model__max_bins': 32, 'model__max_depth': 2, 'model__max_features': 1.0, 'model__max_leaf_nodes': 127, 'model__min_samples_leaf': 100, 'reshape': FunctionTransformer(func=<function reshape at 0x7fdb1d1c0360>), 'second_scale': 'passthrough'}",0.08026502675227098,0.08026502675227098,0.0,1,0.15784280523211047,0.15784280523211047,0.0,0.9590281399665648,0.9176912306260149
0,23591.04148054123,0.0,39.22556757926941,0.0,passthrough,passthrough,"HistGradientBoostingRegressor(early_stopping=True, max_iter=20000,
                              n_iter_no_change=100, random_state=42,
                              scoring='neg_root_mean_squared_error')",100.0,0.0025,squared_error,32,2,0.1,255,3200,FunctionTransformer(func=<function reshape at 0x7fdb1d1c0360>),passthrough,"{'first_scale': 'passthrough', 'frequency': 'passthrough', 'model': HistGradientBoostingRegressor(early_stopping=True, max_iter=20000,
                              n_iter_no_change=100, random_state=42,
                              scoring='neg_root_mean_squared_error'), 'model__l2_regularization': 100, 'model__learning_rate': 0.0025, 'model__loss': 'squared_error', 'model__max_bins': 32, 'model__max_depth': 2, 'model__max_features': 0.1, 'model__max_leaf_nodes': 255, 'model__min_samples_leaf': 3200, 'reshape': FunctionTransformer(func=<function reshape at 0x7fdb1d1c0360>), 'second_scale': 'passthrough'}",0.07933394306438013,0.07933394306438013,0.0,1,0.14484259851287107,0.14484259851287107,0.0,0.959513448022288,0.924747209504916
0,24303.619621038437,0.0,50.7079393863678,0.0,passthrough,passthrough,"HistGradientBoostingRegressor(early_stopping=True, max_iter=20000,
                              n_iter_no_change=100, random_state=42,
                              scoring='neg_root_mean_squared_error')",100.0,0.0025,squared_error,32,2,1.0,127,100,FunctionTransformer(func=<function reshape at 0x7fdb1d1c0360>),passthrough,"{'first_scale': 'passthrough', 'frequency': 'passthrough', 'model': HistGradientBoostingRegressor(early_stopping=True, max_iter=20000,
                              n_iter_no_change=100, random_state=42,
                              scoring='neg_root_mean_squared_error'), 'model__l2_regularization': 100, 'model__learning_rate': 0.0025, 'model__loss': 'squared_error', 'model__max_bins': 32, 'model__max_depth': 2, 'model__max_features': 1.0, 'model__max_leaf_nodes': 127, 'model__min_samples_leaf': 100, 'reshape': FunctionTransformer(func=<function reshape at 0x7fdb1d1c0360>), 'second_scale': 'passthrough'}",0.08006999434982798,0.08006999434982798,0.0,1,0.15657778601957917,0.15657778601957917,0.0,0.9591298168914216,0.918380212101949
0,17087.277363538742,0.0,45.35172700881958,0.0,passthrough,passthrough,"HistGradientBoostingRegressor(early_stopping=True, max_iter=20000,
                              n_iter_no_change=100, random_state=42,
                              scoring='neg_root_mean_squared_error')",100.0,0.02,squared_error,32,2,0.1,127,1600,FunctionTransformer(func=<function reshape at 0x7fdb1d1c0360>),passthrough,"{'first_scale': 'passthrough', 'frequency': 'passthrough', 'model': HistGradientBoostingRegressor(early_stopping=True, max_iter=20000,
                              n_iter_no_change=100, random_state=42,
                              scoring='neg_root_mean_squared_error'), 'model__l2_regularization': 100, 'model__learning_rate': 0.02, 'model__loss': 'squared_error', 'model__max_bins': 32, 'model__max_depth': 2, 'model__max_features': 0.1, 'model__max_leaf_nodes': 127, 'model__min_samples_leaf': 1600, 'reshape': FunctionTransformer(func=<function reshape at 0x7fdb1d1c0360>), 'second_scale': 'passthrough'}",0.08659129554618039,0.08659129554618039,0.0,1,0.2727982389419754,0.2727982389419754,0.0,0.9557241780209496,0.8527612567759071
0,14328.7495033741,0.0,40.07751679420471,0.0,passthrough,passthrough,"HistGradientBoostingRegressor(early_stopping=True, max_iter=20000,
                              n_iter_no_change=100, random_state=42,
                              scoring='neg_root_mean_squared_error')",100.0,0.02,squared_error,32,2,1.0,255,100,FunctionTransformer(func=<function reshape at 0x7fdb1d1c0360>),passthrough,"{'first_scale': 'passthrough', 'frequency': 'passthrough', 'model': HistGradientBoostingRegressor(early_stopping=True, max_iter=20000,
                              n_iter_no_change=100, random_state=42,
                              scoring='neg_root_mean_squared_error'), 'model__l2_regularization': 100, 'model__learning_rate': 0.02, 'model__loss': 'squared_error', 'model__max_bins': 32, 'model__max_depth': 2, 'model__max_features': 1.0, 'model__max_leaf_nodes': 255, 'model__min_samples_leaf': 100, 'reshape': FunctionTransformer(func=<function reshape at 0x7fdb1d1c0360>), 'second_scale': 'passthrough'}",0.0835492024401081,0.0835492024401081,0.0,1,0.27124452531243703,0.27124452531243703,0.0,0.9573143671542237,0.853671760507259
0,18123.073974132538,0.0,45.84703755378723,0.0,passthrough,passthrough,"HistGradientBoostingRegressor(early_stopping=True, max_iter=20000,
                              n_iter_no_change=100, random_state=42,
                              scoring='neg_root_mean_squared_error')",10.0,0.02,squared_error,32,2,0.01,127,400,FunctionTransformer(func=<function reshape at 0x7fdb1d1c0360>),passthrough,"{'first_scale': 'passthrough', 'frequency': 'passthrough', 'model': HistGradientBoostingRegressor(early_stopping=True, max_iter=20000,
                              n_iter_no_change=100, random_state=42,
                              scoring='neg_root_mean_squared_error'), 'model__l2_regularization': 10, 'model__learning_rate': 0.02, 'model__loss': 'squared_error', 'model__max_bins': 32, 'model__max_depth': 2, 'model__max_features': 0.01, 'model__max_leaf_nodes': 127, 'model__min_samples_leaf': 400, 'reshape': FunctionTransformer(func=<function reshape at 0x7fdb1d1c0360>), 'second_scale': 'passthrough'}",0.08706719821245579,0.08706719821245579,0.0,1,0.24011922784533068,0.24011922784533068,0.0,0.9554751706808211,0.8717114041669234
0,20947.198040246964,0.0,52.228676080703735,0.0,passthrough,passthrough,"HistGradientBoostingRegressor(early_stopping=True, max_iter=20000,
                              n_iter_no_change=100, random_state=42,
                              scoring='neg_root_mean_squared_error')",10.0,0.02,squared_error,32,2,0.1,255,400,FunctionTransformer(func=<function reshape at 0x7fdb1d1c0360>),passthrough,"{'first_scale': 'passthrough', 'frequency': 'passthrough', 'model': HistGradientBoostingRegressor(early_stopping=True, max_iter=20000,
                              n_iter_no_change=100, random_state=42,
                              scoring='neg_root_mean_squared_error'), 'model__l2_regularization': 10, 'model__learning_rate': 0.02, 'model__loss': 'squared_error', 'model__max_bins': 32, 'model__max_depth': 2, 'model__max_features': 0.1, 'model__max_leaf_nodes': 255, 'model__min_samples_leaf': 400, 'reshape': FunctionTransformer(func=<function reshape at 0x7fdb1d1c0360>), 'second_scale': 'passthrough'}",0.08681148677109929,0.08681148677109929,0.0,1,0.28305136380965257,0.28305136380965257,0.0,0.9556089750671561,0.8467281949896008
0,25078.251814365387,0.0,83.89180779457092,0.0,passthrough,passthrough,"HistGradientBoostingRegressor(early_stopping=True, max_iter=20000,
                              n_iter_no_change=100, random_state=42,
                              scoring='neg_root_mean_squared_error')",1.0,0.0025,squared_error,32,2,0.01,255,100,FunctionTransformer(func=<function reshape at 0x7fdb1d1c0360>),passthrough,"{'first_scale': 'passthrough', 'frequency': 'passthrough', 'model': HistGradientBoostingRegressor(early_stopping=True, max_iter=20000,
                              n_iter_no_change=100, random_state=42,
                              scoring='neg_root_mean_squared_error'), 'model__l2_regularization': 1, 'model__learning_rate': 0.0025, 'model__loss': 'squared_error', 'model__max_bins': 32, 'model__max_depth': 2, 'model__max_features': 0.01, 'model__max_leaf_nodes': 255, 'model__min_samples_leaf': 100, 'reshape': FunctionTransformer(func=<function reshape at 0x7fdb1d1c0360>), 'second_scale': 'passthrough'}",0.08054878981585945,0.08054878981585945,0.0,1,0.14137605811216802,0.14137605811216802,0.0,0.9588801855206627,0.9266196317194192
0,24270.629956245422,0.0,40.05881142616272,0.0,passthrough,passthrough,"HistGradientBoostingRegressor(early_stopping=True, max_iter=20000,
                              n_iter_no_change=100, random_state=42,
                              scoring='neg_root_mean_squared_error')",100.0,0.005,squared_error,32,2,1.0,127,400,FunctionTransformer(func=<function reshape at 0x7fdb1d1c0360>),passthrough,"{'first_scale': 'passthrough', 'frequency': 'passthrough', 'model': HistGradientBoostingRegressor(early_stopping=True, max_iter=20000,
                              n_iter_no_change=100, random_state=42,
                              scoring='neg_root_mean_squared_error'), 'model__l2_regularization': 100, 'model__learning_rate': 0.005, 'model__loss': 'squared_error', 'model__max_bins': 32, 'model__max_depth': 2, 'model__max_features': 1.0, 'model__max_leaf_nodes': 127, 'model__min_samples_leaf': 400, 'reshape': FunctionTransformer(func=<function reshape at 0x7fdb1d1c0360>), 'second_scale': 'passthrough'}",0.08396417283832402,0.08396417283832402,0.0,1,0.2035221918588208,0.2035221918588208,0.0,0.9570976058697859,0.8924560538991145
0,24669.538123607635,0.0,53.723960876464844,0.0,passthrough,passthrough,"HistGradientBoostingRegressor(early_stopping=True, max_iter=20000,
                              n_iter_no_change=100, random_state=42,
                              scoring='neg_root_mean_squared_error')",400.0,0.02,squared_error,32,2,1.0,127,400,FunctionTransformer(func=<function reshape at 0x7fdb1d1c0360>),passthrough,"{'first_scale': 'passthrough', 'frequency': 'passthrough', 'model': HistGradientBoostingRegressor(early_stopping=True, max_iter=20000,
                              n_iter_no_change=100, random_state=42,
                              scoring='neg_root_mean_squared_error'), 'model__l2_regularization': 400, 'model__learning_rate': 0.02, 'model__loss': 'squared_error', 'model__max_bins': 32, 'model__max_depth': 2, 'model__max_features': 1.0, 'model__max_leaf_nodes': 127, 'model__min_samples_leaf': 400, 'reshape': FunctionTransformer(func=<function reshape at 0x7fdb1d1c0360>), 'second_scale': 'passthrough'}",0.0836789963980259,0.0836789963980259,0.0,1,0.2656559829137438,0.2656559829137438,0.0,0.9572465740873529,0.8569387475696593
0,13827.4176363945,0.0,36.89993500709534,0.0,passthrough,passthrough,"HistGradientBoostingRegressor(early_stopping=True, max_iter=20000,
                              n_iter_no_change=100, random_state=42,
                              scoring='neg_root_mean_squared_error')",100.0,0.02,squared_error,32,2,0.1,127,400,FunctionTransformer(func=<function reshape at 0x7fdb1d1c0360>),passthrough,"{'first_scale': 'passthrough', 'frequency': 'passthrough', 'model': HistGradientBoostingRegressor(early_stopping=True, max_iter=20000,
                              n_iter_no_change=100, random_state=42,
                              scoring='neg_root_mean_squared_error'), 'model__l2_regularization': 100, 'model__learning_rate': 0.02, 'model__loss': 'squared_error', 'model__max_bins': 32, 'model__max_depth': 2, 'model__max_features': 0.1, 'model__max_leaf_nodes': 127, 'model__min_samples_leaf': 400, 'reshape': FunctionTransformer(func=<function reshape at 0x7fdb1d1c0360>), 'second_scale': 'passthrough'}",0.08653913235604616,0.08653913235604616,0.0,1,0.25324247584507187,0.25324247584507187,0.0,0.9557514675081351,0.8641513317439996
0,10275.871475458145,0.0,32.38774919509888,0.0,passthrough,passthrough,"HistGradientBoostingRegressor(early_stopping=True, max_iter=20000,
                              n_iter_no_change=100, random_state=42,
                              scoring='neg_root_mean_squared_error')",1.0,0.05,squared_error,32,2,0.01,255,100,FunctionTransformer(func=<function reshape at 0x7fdb1d1c0360>),passthrough,"{'first_scale': 'passthrough', 'frequency': 'passthrough', 'model': HistGradientBoostingRegressor(early_stopping=True, max_iter=20000,
                              n_iter_no_change=100, random_state=42,
                              scoring='neg_root_mean_squared_error'), 'model__l2_regularization': 1, 'model__learning_rate': 0.05, 'model__loss': 'squared_error', 'model__max_bins': 32, 'model__max_depth': 2, 'model__max_features': 0.01, 'model__max_leaf_nodes': 255, 'model__min_samples_leaf': 100, 'reshape': FunctionTransformer(func=<function reshape at 0x7fdb1d1c0360>), 'second_scale': 'passthrough'}",0.0848305940506876,0.0848305940506876,0.0,1,0.27846651423168933,0.27846651423168933,0.0,0.956644869295452,0.84943127195101
0,20620.662184476852,0.0,54.25182318687439,0.0,passthrough,passthrough,"HistGradientBoostingRegressor(early_stopping=True, max_iter=20000,
                              n_iter_no_change=100, random_state=42,
                              scoring='neg_root_mean_squared_error')",1.0,0.02,squared_error,32,2,0.01,127,3200,FunctionTransformer(func=<function reshape at 0x7fdb1d1c0360>),passthrough,"{'first_scale': 'passthrough', 'frequency': 'passthrough', 'model': HistGradientBoostingRegressor(early_stopping=True, max_iter=20000,
                              n_iter_no_change=100, random_state=42,
                              scoring='neg_root_mean_squared_error'), 'model__l2_regularization': 1, 'model__learning_rate': 0.02, 'model__loss': 'squared_error', 'model__max_bins': 32, 'model__max_depth': 2, 'model__max_features': 0.01, 'model__max_leaf_nodes': 127, 'model__min_samples_leaf': 3200, 'reshape': FunctionTransformer(func=<function reshape at 0x7fdb1d1c0360>), 'second_scale': 'passthrough'}",0.0869107517702441,0.0869107517702441,0.0,1,0.24372568415313056,0.24372568415313056,0.0,0.9555570355712714,0.8696403370628972
0,24597.370876550674,0.0,51.55533242225647,0.0,passthrough,passthrough,"HistGradientBoostingRegressor(early_stopping=True, max_iter=20000,
                              n_iter_no_change=100, random_state=42,
                              scoring='neg_root_mean_squared_error')",100.0,0.02,squared_error,32,2,0.01,127,1600,FunctionTransformer(func=<function reshape at 0x7fdb1d1c0360>),passthrough,"{'first_scale': 'passthrough', 'frequency': 'passthrough', 'model': HistGradientBoostingRegressor(early_stopping=True, max_iter=20000,
                              n_iter_no_change=100, random_state=42,
                              scoring='neg_root_mean_squared_error'), 'model__l2_regularization': 100, 'model__learning_rate': 0.02, 'model__loss': 'squared_error', 'model__max_bins': 32, 'model__max_depth': 2, 'model__max_features': 0.01, 'model__max_leaf_nodes': 127, 'model__min_samples_leaf': 1600, 'reshape': FunctionTransformer(func=<function reshape at 0x7fdb1d1c0360>), 'second_scale': 'passthrough'}",0.08863391817573452,0.08863391817573452,0.0,1,0.24981965228373992,0.24981965228373992,0.0,0.954654954328665,0.866129521328225
0,16709.43631887436,0.0,53.37348985671997,0.0,passthrough,passthrough,"HistGradientBoostingRegressor(early_stopping=True, max_iter=20000,
                              n_iter_no_change=100, random_state=42,
                              scoring='neg_root_mean_squared_error')",1.0,0.02,squared_error,32,2,1.0,255,1600,FunctionTransformer(func=<function reshape at 0x7fdb1d1c0360>),passthrough,"{'first_scale': 'passthrough', 'frequency': 'passthrough', 'model': HistGradientBoostingRegressor(early_stopping=True, max_iter=20000,
                              n_iter_no_change=100, random_state=42,
                              scoring='neg_root_mean_squared_error'), 'model__l2_regularization': 1, 'model__learning_rate': 0.02, 'model__loss': 'squared_error', 'model__max_bins': 32, 'model__max_depth': 2, 'model__max_features': 1.0, 'model__max_leaf_nodes': 255, 'model__min_samples_leaf': 1600, 'reshape': FunctionTransformer(func=<function reshape at 0x7fdb1d1c0360>), 'second_scale': 'passthrough'}",0.08467013338049056,0.08467013338049056,0.0,1,0.26478471224918665,0.26478471224918665,0.0,0.9567287319922557,0.8574469591472194
0,10252.44584274292,0.0,32.86645269393921,0.0,passthrough,passthrough,"HistGradientBoostingRegressor(early_stopping=True, max_iter=20000,
                              n_iter_no_change=100, random_state=42,
                              scoring='neg_root_mean_squared_error')",1.0,0.05,squared_error,32,2,0.01,127,100,FunctionTransformer(func=<function reshape at 0x7fdb1d1c0360>),passthrough,"{'first_scale': 'passthrough', 'frequency': 'passthrough', 'model': HistGradientBoostingRegressor(early_stopping=True, max_iter=20000,
                              n_iter_no_change=100, random_state=42,
                              scoring='neg_root_mean_squared_error'), 'model__l2_regularization': 1, 'model__learning_rate': 0.05, 'model__loss': 'squared_error', 'model__max_bins': 32, 'model__max_depth': 2, 'model__max_features': 0.01, 'model__max_leaf_nodes': 127, 'model__min_samples_leaf': 100, 'reshape': FunctionTransformer(func=<function reshape at 0x7fdb1d1c0360>), 'second_scale': 'passthrough'}",0.0848305940506876,0.0848305940506876,0.0,1,0.27846651423168933,0.27846651423168933,0.0,0.956644869295452,0.84943127195101
0,22299.65237760544,0.0,41.69820737838745,0.0,passthrough,passthrough,"HistGradientBoostingRegressor(early_stopping=True, max_iter=20000,
                              n_iter_no_change=100, random_state=42,
                              scoring='neg_root_mean_squared_error')",0.1,0.02,squared_error,32,2,0.1,127,100,FunctionTransformer(func=<function reshape at 0x7fdb1d1c0360>),passthrough,"{'first_scale': 'passthrough', 'frequency': 'passthrough', 'model': HistGradientBoostingRegressor(early_stopping=True, max_iter=20000,
                              n_iter_no_change=100, random_state=42,
                              scoring='neg_root_mean_squared_error'), 'model__l2_regularization': 0.1, 'model__learning_rate': 0.02, 'model__loss': 'squared_error', 'model__max_bins': 32, 'model__max_depth': 2, 'model__max_features': 0.1, 'model__max_leaf_nodes': 127, 'model__min_samples_leaf': 100, 'reshape': FunctionTransformer(func=<function reshape at 0x7fdb1d1c0360>), 'second_scale': 'passthrough'}",0.08737108187525533,0.08737108187525533,0.0,1,0.2495680801447725,0.2495680801447725,0.0,0.9553161351745005,0.8662747369369763
0,25922.3449010849,0.0,52.89867901802063,0.0,passthrough,passthrough,"HistGradientBoostingRegressor(early_stopping=True, max_iter=20000,
                              n_iter_no_change=100, random_state=42,
                              scoring='neg_root_mean_squared_error')",0.1,0.02,squared_error,32,2,0.01,127,400,FunctionTransformer(func=<function reshape at 0x7fdb1d1c0360>),passthrough,"{'first_scale': 'passthrough', 'frequency': 'passthrough', 'model': HistGradientBoostingRegressor(early_stopping=True, max_iter=20000,
                              n_iter_no_change=100, random_state=42,
                              scoring='neg_root_mean_squared_error'), 'model__l2_regularization': 0.1, 'model__learning_rate': 0.02, 'model__loss': 'squared_error', 'model__max_bins': 32, 'model__max_depth': 2, 'model__max_features': 0.01, 'model__max_leaf_nodes': 127, 'model__min_samples_leaf': 400, 'reshape': FunctionTransformer(func=<function reshape at 0x7fdb1d1c0360>), 'second_scale': 'passthrough'}",0.08726675287553998,0.08726675287553998,0.0,1,0.24410382771845673,0.24410382771845673,0.0,0.9553707380511819,0.8694228961107151
0,24360.924840688705,0.0,68.40066885948181,0.0,passthrough,passthrough,"HistGradientBoostingRegressor(early_stopping=True, max_iter=20000,
                              n_iter_no_change=100, random_state=42,
                              scoring='neg_root_mean_squared_error')",1.0,0.0025,squared_error,32,2,0.1,255,3200,FunctionTransformer(func=<function reshape at 0x7fdb1d1c0360>),passthrough,"{'first_scale': 'passthrough', 'frequency': 'passthrough', 'model': HistGradientBoostingRegressor(early_stopping=True, max_iter=20000,
                              n_iter_no_change=100, random_state=42,
                              scoring='neg_root_mean_squared_error'), 'model__l2_regularization': 1, 'model__learning_rate': 0.0025, 'model__loss': 'squared_error', 'model__max_bins': 32, 'model__max_depth': 2, 'model__max_features': 0.1, 'model__max_leaf_nodes': 255, 'model__min_samples_leaf': 3200, 'reshape': FunctionTransformer(func=<function reshape at 0x7fdb1d1c0360>), 'second_scale': 'passthrough'}",0.07951911497278075,0.07951911497278075,0.0,1,0.14536745109564142,0.14536745109564142,0.0,0.9594169505627984,0.9244633842961865
0,34182.19428944588,0.0,104.78340554237366,0.0,passthrough,passthrough,"HistGradientBoostingRegressor(early_stopping=True, max_iter=20000,
                              n_iter_no_change=100, random_state=42,
                              scoring='neg_root_mean_squared_error')",1.0,0.005,squared_error,32,2,0.1,127,1600,FunctionTransformer(func=<function reshape at 0x7fdb1d1c0360>),passthrough,"{'first_scale': 'passthrough', 'frequency': 'passthrough', 'model': HistGradientBoostingRegressor(early_stopping=True, max_iter=20000,
                              n_iter_no_change=100, random_state=42,
                              scoring='neg_root_mean_squared_error'), 'model__l2_regularization': 1, 'model__learning_rate': 0.005, 'model__loss': 'squared_error', 'model__max_bins': 32, 'model__max_depth': 2, 'model__max_features': 0.1, 'model__max_leaf_nodes': 127, 'model__min_samples_leaf': 1600, 'reshape': FunctionTransformer(func=<function reshape at 0x7fdb1d1c0360>), 'second_scale': 'passthrough'}",0.08570933918950197,0.08570933918950197,0.0,1,0.19136936956028816,0.19136936956028816,0.0,0.9561854740637394,0.899238917329378
0,22813.557441473007,0.0,89.22512626647949,0.0,passthrough,passthrough,"HistGradientBoostingRegressor(early_stopping=True, max_iter=20000,
                              n_iter_no_change=100, random_state=42,
                              scoring='neg_root_mean_squared_error')",10.0,0.01,squared_error,32,2,0.01,127,400,FunctionTransformer(func=<function reshape at 0x7fdb1d1c0360>),passthrough,"{'first_scale': 'passthrough', 'frequency': 'passthrough', 'model': HistGradientBoostingRegressor(early_stopping=True, max_iter=20000,
                              n_iter_no_change=100, random_state=42,
                              scoring='neg_root_mean_squared_error'), 'model__l2_regularization': 10, 'model__learning_rate': 0.01, 'model__loss': 'squared_error', 'model__max_bins': 32, 'model__max_depth': 2, 'model__max_features': 0.01, 'model__max_leaf_nodes': 127, 'model__min_samples_leaf': 400, 'reshape': FunctionTransformer(func=<function reshape at 0x7fdb1d1c0360>), 'second_scale': 'passthrough'}",0.0883911263683157,0.0883911263683157,0.0,1,0.23457932891369182,0.23457932891369182,0.0,0.9547821079344146,0.8748832328295635
0,33903.4625082016,0.0,103.33436465263367,0.0,passthrough,passthrough,"HistGradientBoostingRegressor(early_stopping=True, max_iter=20000,
                              n_iter_no_change=100, random_state=42,
                              scoring='neg_root_mean_squared_error')",10.0,0.01,squared_error,32,2,1.0,255,400,FunctionTransformer(func=<function reshape at 0x7fdb1d1c0360>),passthrough,"{'first_scale': 'passthrough', 'frequency': 'passthrough', 'model': HistGradientBoostingRegressor(early_stopping=True, max_iter=20000,
                              n_iter_no_change=100, random_state=42,
                              scoring='neg_root_mean_squared_error'), 'model__l2_regularization': 10, 'model__learning_rate': 0.01, 'model__loss': 'squared_error', 'model__max_bins': 32, 'model__max_depth': 2, 'model__max_features': 1.0, 'model__max_leaf_nodes': 255, 'model__min_samples_leaf': 400, 'reshape': FunctionTransformer(func=<function reshape at 0x7fdb1d1c0360>), 'second_scale': 'passthrough'}",0.08362816438984877,0.08362816438984877,0.0,1,0.2713404798000961,0.2713404798000961,0.0,0.9572731248761511,0.853615557613557
0,13710.963303565979,0.0,26.686073303222656,0.0,passthrough,passthrough,"HistGradientBoostingRegressor(early_stopping=True, max_iter=20000,
                              n_iter_no_change=100, random_state=42,
                              scoring='neg_root_mean_squared_error')",1.0,0.05,squared_error,32,2,0.1,127,100,FunctionTransformer(func=<function reshape at 0x7fdb1d1c0360>),passthrough,"{'first_scale': 'passthrough', 'frequency': 'passthrough', 'model': HistGradientBoostingRegressor(early_stopping=True, max_iter=20000,
                              n_iter_no_change=100, random_state=42,
                              scoring='neg_root_mean_squared_error'), 'model__l2_regularization': 1, 'model__learning_rate': 0.05, 'model__loss': 'squared_error', 'model__max_bins': 32, 'model__max_depth': 2, 'model__max_features': 0.1, 'model__max_leaf_nodes': 127, 'model__min_samples_leaf': 100, 'reshape': FunctionTransformer(func=<function reshape at 0x7fdb1d1c0360>), 'second_scale': 'passthrough'}",0.08378627868367683,0.08378627868367683,0.0,1,0.297448789068526,0.297448789068526,0.0,0.9571905355342389,0.8381832800357414
0,5544.285577535629,0.0,13.623664855957031,0.0,passthrough,passthrough,"HistGradientBoostingRegressor(early_stopping=True, max_iter=20000,
                              n_iter_no_change=100, random_state=42,
                              scoring='neg_root_mean_squared_error')",400.0,0.05,squared_error,32,2,1.0,255,100,FunctionTransformer(func=<function reshape at 0x7fdb1d1c0360>),passthrough,"{'first_scale': 'passthrough', 'frequency': 'passthrough', 'model': HistGradientBoostingRegressor(early_stopping=True, max_iter=20000,
                              n_iter_no_change=100, random_state=42,
                              scoring='neg_root_mean_squared_error'), 'model__l2_regularization': 400, 'model__learning_rate': 0.05, 'model__loss': 'squared_error', 'model__max_bins': 32, 'model__max_depth': 2, 'model__max_features': 1.0, 'model__max_leaf_nodes': 255, 'model__min_samples_leaf': 100, 'reshape': FunctionTransformer(func=<function reshape at 0x7fdb1d1c0360>), 'second_scale': 'passthrough'}",0.08299228489640509,0.08299228489640509,0.0,1,0.27854827871531374,0.27854827871531374,0.0,0.9576051979305432,0.849383141629669
0,6679.442708969116,0.0,12.850646734237671,0.0,passthrough,passthrough,"HistGradientBoostingRegressor(early_stopping=True, max_iter=20000,
                              n_iter_no_change=100, random_state=42,
                              scoring='neg_root_mean_squared_error')",0.1,0.05,squared_error,32,2,1.0,127,400,FunctionTransformer(func=<function reshape at 0x7fdb1d1c0360>),passthrough,"{'first_scale': 'passthrough', 'frequency': 'passthrough', 'model': HistGradientBoostingRegressor(early_stopping=True, max_iter=20000,
                              n_iter_no_change=100, random_state=42,
                              scoring='neg_root_mean_squared_error'), 'model__l2_regularization': 0.1, 'model__learning_rate': 0.05, 'model__loss': 'squared_error', 'model__max_bins': 32, 'model__max_depth': 2, 'model__max_features': 1.0, 'model__max_leaf_nodes': 127, 'model__min_samples_leaf': 400, 'reshape': FunctionTransformer(func=<function reshape at 0x7fdb1d1c0360>), 'second_scale': 'passthrough'}",0.08128824833215509,0.08128824833215509,0.0,1,0.29335001015022555,0.29335001015022555,0.0,0.9584945235460894,0.8406247616206499
0,33143.30985713005,0.0,81.82353138923645,0.0,passthrough,passthrough,"HistGradientBoostingRegressor(early_stopping=True, max_iter=20000,
                              n_iter_no_change=100, random_state=42,
                              scoring='neg_root_mean_squared_error')",10.0,0.01,squared_error,32,2,0.01,255,400,FunctionTransformer(func=<function reshape at 0x7fdb1d1c0360>),passthrough,"{'first_scale': 'passthrough', 'frequency': 'passthrough', 'model': HistGradientBoostingRegressor(early_stopping=True, max_iter=20000,
                              n_iter_no_change=100, random_state=42,
                              scoring='neg_root_mean_squared_error'), 'model__l2_regularization': 10, 'model__learning_rate': 0.01, 'model__loss': 'squared_error', 'model__max_bins': 32, 'model__max_depth': 2, 'model__max_features': 0.01, 'model__max_leaf_nodes': 255, 'model__min_samples_leaf': 400, 'reshape': FunctionTransformer(func=<function reshape at 0x7fdb1d1c0360>), 'second_scale': 'passthrough'}",0.0883911263683157,0.0883911263683157,0.0,1,0.23457932891369182,0.23457932891369182,0.0,0.9547821079344146,0.8748832328295635
0,24434.77861571312,0.0,39.5728862285614,0.0,passthrough,passthrough,"HistGradientBoostingRegressor(early_stopping=True, max_iter=20000,
                              n_iter_no_change=100, random_state=42,
                              scoring='neg_root_mean_squared_error')",100.0,0.0025,squared_error,32,2,1.0,255,1600,FunctionTransformer(func=<function reshape at 0x7fdb1d1c0360>),passthrough,"{'first_scale': 'passthrough', 'frequency': 'passthrough', 'model': HistGradientBoostingRegressor(early_stopping=True, max_iter=20000,
                              n_iter_no_change=100, random_state=42,
                              scoring='neg_root_mean_squared_error'), 'model__l2_regularization': 100, 'model__learning_rate': 0.0025, 'model__loss': 'squared_error', 'model__max_bins': 32, 'model__max_depth': 2, 'model__max_features': 1.0, 'model__max_leaf_nodes': 255, 'model__min_samples_leaf': 1600, 'reshape': FunctionTransformer(func=<function reshape at 0x7fdb1d1c0360>), 'second_scale': 'passthrough'}",0.0795705513096635,0.0795705513096635,0.0,1,0.15441289787118073,0.15441289787118073,0.0,0.9593901441490508,0.9195581015514024
0,24696.756749629974,0.0,105.34655284881592,0.0,passthrough,passthrough,"HistGradientBoostingRegressor(early_stopping=True, max_iter=20000,
                              n_iter_no_change=100, random_state=42,
                              scoring='neg_root_mean_squared_error')",1.0,0.0025,squared_error,32,2,1.0,127,3200,FunctionTransformer(func=<function reshape at 0x7fdb1d1c0360>),passthrough,"{'first_scale': 'passthrough', 'frequency': 'passthrough', 'model': HistGradientBoostingRegressor(early_stopping=True, max_iter=20000,
                              n_iter_no_change=100, random_state=42,
                              scoring='neg_root_mean_squared_error'), 'model__l2_regularization': 1, 'model__learning_rate': 0.0025, 'model__loss': 'squared_error', 'model__max_bins': 32, 'model__max_depth': 2, 'model__max_features': 1.0, 'model__max_leaf_nodes': 127, 'model__min_samples_leaf': 3200, 'reshape': FunctionTransformer(func=<function reshape at 0x7fdb1d1c0360>), 'second_scale': 'passthrough'}",0.0789697974925948,0.0789697974925948,0.0,1,0.15119689909979572,0.15119689909979572,0.0,0.9597031845875084,0.9213051073885373
0,24347.93023300171,0.0,41.812540769577026,0.0,passthrough,passthrough,"HistGradientBoostingRegressor(early_stopping=True, max_iter=20000,
                              n_iter_no_change=100, random_state=42,
                              scoring='neg_root_mean_squared_error')",100.0,0.005,squared_error,32,2,0.1,127,1600,FunctionTransformer(func=<function reshape at 0x7fdb1d1c0360>),passthrough,"{'first_scale': 'passthrough', 'frequency': 'passthrough', 'model': HistGradientBoostingRegressor(early_stopping=True, max_iter=20000,
                              n_iter_no_change=100, random_state=42,
                              scoring='neg_root_mean_squared_error'), 'model__l2_regularization': 100, 'model__learning_rate': 0.005, 'model__loss': 'squared_error', 'model__max_bins': 32, 'model__max_depth': 2, 'model__max_features': 0.1, 'model__max_leaf_nodes': 127, 'model__min_samples_leaf': 1600, 'reshape': FunctionTransformer(func=<function reshape at 0x7fdb1d1c0360>), 'second_scale': 'passthrough'}",0.08617467687039215,0.08617467687039215,0.0,1,0.19031106487419025,0.19031106487419025,0.0,0.9559421128549614,0.8998271695863654
0,30845.768594264984,0.0,76.74812126159668,0.0,passthrough,passthrough,"HistGradientBoostingRegressor(early_stopping=True, max_iter=20000,
                              n_iter_no_change=100, random_state=42,
                              scoring='neg_root_mean_squared_error')",10.0,0.01,squared_error,32,2,0.1,255,3200,FunctionTransformer(func=<function reshape at 0x7fdb1d1c0360>),passthrough,"{'first_scale': 'passthrough', 'frequency': 'passthrough', 'model': HistGradientBoostingRegressor(early_stopping=True, max_iter=20000,
                              n_iter_no_change=100, random_state=42,
                              scoring='neg_root_mean_squared_error'), 'model__l2_regularization': 10, 'model__learning_rate': 0.01, 'model__loss': 'squared_error', 'model__max_bins': 32, 'model__max_depth': 2, 'model__max_features': 0.1, 'model__max_leaf_nodes': 255, 'model__min_samples_leaf': 3200, 'reshape': FunctionTransformer(func=<function reshape at 0x7fdb1d1c0360>), 'second_scale': 'passthrough'}",0.08752805020242949,0.08752805020242949,0.0,1,0.23560366103476993,0.23560366103476993,0.0,0.9552339764673211,0.8742976260777734
0,29531.509986639023,0.0,80.56675696372986,0.0,passthrough,passthrough,"HistGradientBoostingRegressor(early_stopping=True, max_iter=20000,
                              n_iter_no_change=100, random_state=42,
                              scoring='neg_root_mean_squared_error')",0.1,0.0025,squared_error,32,2,0.1,127,3200,FunctionTransformer(func=<function reshape at 0x7fdb1d1c0360>),passthrough,"{'first_scale': 'passthrough', 'frequency': 'passthrough', 'model': HistGradientBoostingRegressor(early_stopping=True, max_iter=20000,
                              n_iter_no_change=100, random_state=42,
                              scoring='neg_root_mean_squared_error'), 'model__l2_regularization': 0.1, 'model__learning_rate': 0.0025, 'model__loss': 'squared_error', 'model__max_bins': 32, 'model__max_depth': 2, 'model__max_features': 0.1, 'model__max_leaf_nodes': 127, 'model__min_samples_leaf': 3200, 'reshape': FunctionTransformer(func=<function reshape at 0x7fdb1d1c0360>), 'second_scale': 'passthrough'}",0.07950013534841449,0.07950013534841449,0.0,1,0.1453553131786246,0.1453553131786246,0.0,0.9594268417402055,0.9244699491175338
0,14126.196325778961,0.0,38.31550931930542,0.0,passthrough,passthrough,"HistGradientBoostingRegressor(early_stopping=True, max_iter=20000,
                              n_iter_no_change=100, random_state=42,
                              scoring='neg_root_mean_squared_error')",100.0,0.02,squared_error,32,2,1.0,127,100,FunctionTransformer(func=<function reshape at 0x7fdb1d1c0360>),passthrough,"{'first_scale': 'passthrough', 'frequency': 'passthrough', 'model': HistGradientBoostingRegressor(early_stopping=True, max_iter=20000,
                              n_iter_no_change=100, random_state=42,
                              scoring='neg_root_mean_squared_error'), 'model__l2_regularization': 100, 'model__learning_rate': 0.02, 'model__loss': 'squared_error', 'model__max_bins': 32, 'model__max_depth': 2, 'model__max_features': 1.0, 'model__max_leaf_nodes': 127, 'model__min_samples_leaf': 100, 'reshape': FunctionTransformer(func=<function reshape at 0x7fdb1d1c0360>), 'second_scale': 'passthrough'}",0.0835492024401081,0.0835492024401081,0.0,1,0.27124452531243703,0.27124452531243703,0.0,0.9573143671542237,0.853671760507259
0,24184.44420838356,0.0,52.31811165809631,0.0,passthrough,passthrough,"HistGradientBoostingRegressor(early_stopping=True, max_iter=20000,
                              n_iter_no_change=100, random_state=42,
                              scoring='neg_root_mean_squared_error')",100.0,0.005,squared_error,32,2,1.0,255,100,FunctionTransformer(func=<function reshape at 0x7fdb1d1c0360>),passthrough,"{'first_scale': 'passthrough', 'frequency': 'passthrough', 'model': HistGradientBoostingRegressor(early_stopping=True, max_iter=20000,
                              n_iter_no_change=100, random_state=42,
                              scoring='neg_root_mean_squared_error'), 'model__l2_regularization': 100, 'model__learning_rate': 0.005, 'model__loss': 'squared_error', 'model__max_bins': 32, 'model__max_depth': 2, 'model__max_features': 1.0, 'model__max_leaf_nodes': 255, 'model__min_samples_leaf': 100, 'reshape': FunctionTransformer(func=<function reshape at 0x7fdb1d1c0360>), 'second_scale': 'passthrough'}",0.08398264112347587,0.08398264112347587,0.0,1,0.20352146331886944,0.20352146331886944,0.0,0.957087957753374,0.89245646206475
0,28002.7869887352,0.0,49.53486657142639,0.0,passthrough,passthrough,"HistGradientBoostingRegressor(early_stopping=True, max_iter=20000,
                              n_iter_no_change=100, random_state=42,
                              scoring='neg_root_mean_squared_error')",0.1,0.02,squared_error,32,2,1.0,255,400,FunctionTransformer(func=<function reshape at 0x7fdb1d1c0360>),passthrough,"{'first_scale': 'passthrough', 'frequency': 'passthrough', 'model': HistGradientBoostingRegressor(early_stopping=True, max_iter=20000,
                              n_iter_no_change=100, random_state=42,
                              scoring='neg_root_mean_squared_error'), 'model__l2_regularization': 0.1, 'model__learning_rate': 0.02, 'model__loss': 'squared_error', 'model__max_bins': 32, 'model__max_depth': 2, 'model__max_features': 1.0, 'model__max_leaf_nodes': 255, 'model__min_samples_leaf': 400, 'reshape': FunctionTransformer(func=<function reshape at 0x7fdb1d1c0360>), 'second_scale': 'passthrough'}",0.08219086129591424,0.08219086129591424,0.0,1,0.2948299742765115,0.2948299742765115,0.0,0.9580235585329234,0.8397440239284163
0,24896.954322576523,0.0,46.28203725814819,0.0,passthrough,passthrough,"HistGradientBoostingRegressor(early_stopping=True, max_iter=20000,
                              n_iter_no_change=100, random_state=42,
                              scoring='neg_root_mean_squared_error')",400.0,0.005,squared_error,32,2,0.1,127,1600,FunctionTransformer(func=<function reshape at 0x7fdb1d1c0360>),passthrough,"{'first_scale': 'passthrough', 'frequency': 'passthrough', 'model': HistGradientBoostingRegressor(early_stopping=True, max_iter=20000,
                              n_iter_no_change=100, random_state=42,
                              scoring='neg_root_mean_squared_error'), 'model__l2_regularization': 400, 'model__learning_rate': 0.005, 'model__loss': 'squared_error', 'model__max_bins': 32, 'model__max_depth': 2, 'model__max_features': 0.1, 'model__max_leaf_nodes': 127, 'model__min_samples_leaf': 1600, 'reshape': FunctionTransformer(func=<function reshape at 0x7fdb1d1c0360>), 'second_scale': 'passthrough'}",0.08543855103332576,0.08543855103332576,0.0,1,0.18714788293461826,0.18714788293461826,0.0,0.956327061714074,0.9015831171142136
0,24065.748697519302,0.0,91.74506974220276,0.0,passthrough,passthrough,"HistGradientBoostingRegressor(early_stopping=True, max_iter=20000,
                              n_iter_no_change=100, random_state=42,
                              scoring='neg_root_mean_squared_error')",1.0,0.005,squared_error,32,2,0.01,127,100,FunctionTransformer(func=<function reshape at 0x7fdb1d1c0360>),passthrough,"{'first_scale': 'passthrough', 'frequency': 'passthrough', 'model': HistGradientBoostingRegressor(early_stopping=True, max_iter=20000,
                              n_iter_no_change=100, random_state=42,
                              scoring='neg_root_mean_squared_error'), 'model__l2_regularization': 1, 'model__learning_rate': 0.005, 'model__loss': 'squared_error', 'model__max_bins': 32, 'model__max_depth': 2, 'model__max_features': 0.01, 'model__max_leaf_nodes': 127, 'model__min_samples_leaf': 100, 'reshape': FunctionTransformer(func=<function reshape at 0x7fdb1d1c0360>), 'second_scale': 'passthrough'}",0.08632678852243947,0.08632678852243947,0.0,1,0.1809104362639984,0.1809104362639984,0.0,0.9558625484229207,0.9050356698694265
0,14879.237807035446,0.0,28.289682388305664,0.0,passthrough,passthrough,"HistGradientBoostingRegressor(early_stopping=True, max_iter=20000,
                              n_iter_no_change=100, random_state=42,
                              scoring='neg_root_mean_squared_error')",1.0,0.05,squared_error,32,2,0.01,255,3200,FunctionTransformer(func=<function reshape at 0x7fdb1d1c0360>),passthrough,"{'first_scale': 'passthrough', 'frequency': 'passthrough', 'model': HistGradientBoostingRegressor(early_stopping=True, max_iter=20000,
                              n_iter_no_change=100, random_state=42,
                              scoring='neg_root_mean_squared_error'), 'model__l2_regularization': 1, 'model__learning_rate': 0.05, 'model__loss': 'squared_error', 'model__max_bins': 32, 'model__max_depth': 2, 'model__max_features': 0.01, 'model__max_leaf_nodes': 255, 'model__min_samples_leaf': 3200, 'reshape': FunctionTransformer(func=<function reshape at 0x7fdb1d1c0360>), 'second_scale': 'passthrough'}",0.08431263695331714,0.08431263695331714,0.0,1,0.27375872839992266,0.27375872839992266,0.0,0.9569155464546926,0.8521979063574829
0,28734.012726545334,0.0,103.92924904823303,0.0,passthrough,passthrough,"HistGradientBoostingRegressor(early_stopping=True, max_iter=20000,
                              n_iter_no_change=100, random_state=42,
                              scoring='neg_root_mean_squared_error')",400.0,0.01,squared_error,32,2,0.1,127,1600,FunctionTransformer(func=<function reshape at 0x7fdb1d1c0360>),passthrough,"{'first_scale': 'passthrough', 'frequency': 'passthrough', 'model': HistGradientBoostingRegressor(early_stopping=True, max_iter=20000,
                              n_iter_no_change=100, random_state=42,
                              scoring='neg_root_mean_squared_error'), 'model__l2_regularization': 400, 'model__learning_rate': 0.01, 'model__loss': 'squared_error', 'model__max_bins': 32, 'model__max_depth': 2, 'model__max_features': 0.1, 'model__max_leaf_nodes': 127, 'model__min_samples_leaf': 1600, 'reshape': FunctionTransformer(func=<function reshape at 0x7fdb1d1c0360>), 'second_scale': 'passthrough'}",0.08714209555845309,0.08714209555845309,0.0,1,0.24645833374754555,0.24645833374754555,0.0,0.9554359761080524,0.8680677774531517
0,6416.58980178833,0.0,11.15571403503418,0.0,passthrough,passthrough,"HistGradientBoostingRegressor(early_stopping=True, max_iter=20000,
                              n_iter_no_change=100, random_state=42,
                              scoring='neg_root_mean_squared_error')",0.1,0.05,squared_error,32,2,0.01,255,400,FunctionTransformer(func=<function reshape at 0x7fdb1d1c0360>),passthrough,"{'first_scale': 'passthrough', 'frequency': 'passthrough', 'model': HistGradientBoostingRegressor(early_stopping=True, max_iter=20000,
                              n_iter_no_change=100, random_state=42,
                              scoring='neg_root_mean_squared_error'), 'model__l2_regularization': 0.1, 'model__learning_rate': 0.05, 'model__loss': 'squared_error', 'model__max_bins': 32, 'model__max_depth': 2, 'model__max_features': 0.01, 'model__max_leaf_nodes': 255, 'model__min_samples_leaf': 400, 'reshape': FunctionTransformer(func=<function reshape at 0x7fdb1d1c0360>), 'second_scale': 'passthrough'}",0.08650140438958454,0.08650140438958454,0.0,1,0.24929280485349747,0.24929280485349747,0.0,0.9557712046355108,0.8664336068888964
0,22937.624452352524,0.0,50.37412452697754,0.0,passthrough,passthrough,"HistGradientBoostingRegressor(early_stopping=True, max_iter=20000,
                              n_iter_no_change=100, random_state=42,
                              scoring='neg_root_mean_squared_error')",400.0,0.01,squared_error,32,2,1.0,127,1600,FunctionTransformer(func=<function reshape at 0x7fdb1d1c0360>),passthrough,"{'first_scale': 'passthrough', 'frequency': 'passthrough', 'model': HistGradientBoostingRegressor(early_stopping=True, max_iter=20000,
                              n_iter_no_change=100, random_state=42,
                              scoring='neg_root_mean_squared_error'), 'model__l2_regularization': 400, 'model__learning_rate': 0.01, 'model__loss': 'squared_error', 'model__max_bins': 32, 'model__max_depth': 2, 'model__max_features': 1.0, 'model__max_leaf_nodes': 127, 'model__min_samples_leaf': 1600, 'reshape': FunctionTransformer(func=<function reshape at 0x7fdb1d1c0360>), 'second_scale': 'passthrough'}",0.08428930129967838,0.08428930129967838,0.0,1,0.25574085218080045,0.25574085218080045,0.0,0.9569277395395754,0.8627045541894395
0,18933.3195605278,0.0,75.62292003631592,0.0,passthrough,passthrough,"HistGradientBoostingRegressor(early_stopping=True, max_iter=20000,
                              n_iter_no_change=100, random_state=42,
                              scoring='neg_root_mean_squared_error')",1.0,0.02,squared_error,32,2,0.1,127,400,FunctionTransformer(func=<function reshape at 0x7fdb1d1c0360>),passthrough,"{'first_scale': 'passthrough', 'frequency': 'passthrough', 'model': HistGradientBoostingRegressor(early_stopping=True, max_iter=20000,
                              n_iter_no_change=100, random_state=42,
                              scoring='neg_root_mean_squared_error'), 'model__l2_regularization': 1, 'model__learning_rate': 0.02, 'model__loss': 'squared_error', 'model__max_bins': 32, 'model__max_depth': 2, 'model__max_features': 0.1, 'model__max_leaf_nodes': 127, 'model__min_samples_leaf': 400, 'reshape': FunctionTransformer(func=<function reshape at 0x7fdb1d1c0360>), 'second_scale': 'passthrough'}",0.08668135022587309,0.08668135022587309,0.0,1,0.25929779567820876,0.25929779567820876,0.0,0.9556770635387913,0.8606405778963663
0,6108.935206413269,0.0,19.51349449157715,0.0,passthrough,passthrough,"HistGradientBoostingRegressor(early_stopping=True, max_iter=20000,
                              n_iter_no_change=100, random_state=42,
                              scoring='neg_root_mean_squared_error')",100.0,0.05,squared_error,32,2,1.0,127,400,FunctionTransformer(func=<function reshape at 0x7fdb1d1c0360>),passthrough,"{'first_scale': 'passthrough', 'frequency': 'passthrough', 'model': HistGradientBoostingRegressor(early_stopping=True, max_iter=20000,
                              n_iter_no_change=100, random_state=42,
                              scoring='neg_root_mean_squared_error'), 'model__l2_regularization': 100, 'model__learning_rate': 0.05, 'model__loss': 'squared_error', 'model__max_bins': 32, 'model__max_depth': 2, 'model__max_features': 1.0, 'model__max_leaf_nodes': 127, 'model__min_samples_leaf': 400, 'reshape': FunctionTransformer(func=<function reshape at 0x7fdb1d1c0360>), 'second_scale': 'passthrough'}",0.08348733582041024,0.08348733582041024,0.0,1,0.27472150985554833,0.27472150985554833,0.0,0.9573466792022574,0.8516328376386456
0,6084.077931880951,0.0,18.45228934288025,0.0,passthrough,passthrough,"HistGradientBoostingRegressor(early_stopping=True, max_iter=20000,
                              n_iter_no_change=100, random_state=42,
                              scoring='neg_root_mean_squared_error')",100.0,0.05,squared_error,32,2,0.01,255,3200,FunctionTransformer(func=<function reshape at 0x7fdb1d1c0360>),passthrough,"{'first_scale': 'passthrough', 'frequency': 'passthrough', 'model': HistGradientBoostingRegressor(early_stopping=True, max_iter=20000,
                              n_iter_no_change=100, random_state=42,
                              scoring='neg_root_mean_squared_error'), 'model__l2_regularization': 100, 'model__learning_rate': 0.05, 'model__loss': 'squared_error', 'model__max_bins': 32, 'model__max_depth': 2, 'model__max_features': 0.01, 'model__max_leaf_nodes': 255, 'model__min_samples_leaf': 3200, 'reshape': FunctionTransformer(func=<function reshape at 0x7fdb1d1c0360>), 'second_scale': 'passthrough'}",0.08696787716443977,0.08696787716443977,0.0,1,0.22372793949666847,0.22372793949666847,0.0,0.9555271439553982,0.8810630286780461
0,8226.6885638237,0.0,28.207446813583374,0.0,passthrough,passthrough,"HistGradientBoostingRegressor(early_stopping=True, max_iter=20000,
                              n_iter_no_change=100, random_state=42,
                              scoring='neg_root_mean_squared_error')",100.0,0.05,squared_error,32,2,0.1,127,400,FunctionTransformer(func=<function reshape at 0x7fdb1d1c0360>),passthrough,"{'first_scale': 'passthrough', 'frequency': 'passthrough', 'model': HistGradientBoostingRegressor(early_stopping=True, max_iter=20000,
                              n_iter_no_change=100, random_state=42,
                              scoring='neg_root_mean_squared_error'), 'model__l2_regularization': 100, 'model__learning_rate': 0.05, 'model__loss': 'squared_error', 'model__max_bins': 32, 'model__max_depth': 2, 'model__max_features': 0.1, 'model__max_leaf_nodes': 127, 'model__min_samples_leaf': 400, 'reshape': FunctionTransformer(func=<function reshape at 0x7fdb1d1c0360>), 'second_scale': 'passthrough'}",0.08317989132952675,0.08317989132952675,0.0,1,0.2974551634200363,0.2974551634200363,0.0,0.9575072368762929,0.8381794775464045
0,23607.334424972534,0.0,58.050708532333374,0.0,passthrough,passthrough,"HistGradientBoostingRegressor(early_stopping=True, max_iter=20000,
                              n_iter_no_change=100, random_state=42,
                              scoring='neg_root_mean_squared_error')",10.0,0.02,squared_error,32,2,1.0,127,400,FunctionTransformer(func=<function reshape at 0x7fdb1d1c0360>),passthrough,"{'first_scale': 'passthrough', 'frequency': 'passthrough', 'model': HistGradientBoostingRegressor(early_stopping=True, max_iter=20000,
                              n_iter_no_change=100, random_state=42,
                              scoring='neg_root_mean_squared_error'), 'model__l2_regularization': 10, 'model__learning_rate': 0.02, 'model__loss': 'squared_error', 'model__max_bins': 32, 'model__max_depth': 2, 'model__max_features': 1.0, 'model__max_leaf_nodes': 127, 'model__min_samples_leaf': 400, 'reshape': FunctionTransformer(func=<function reshape at 0x7fdb1d1c0360>), 'second_scale': 'passthrough'}",0.08094641653755619,0.08094641653755619,0.0,1,0.3163648441137271,0.3163648441137271,0.0,0.9586728239928594,0.8268223242548988
0,16003.06672334671,0.0,32.56425857543945,0.0,passthrough,passthrough,"HistGradientBoostingRegressor(early_stopping=True, max_iter=20000,
                              n_iter_no_change=100, random_state=42,
                              scoring='neg_root_mean_squared_error')",1.0,0.05,squared_error,32,2,0.1,127,400,FunctionTransformer(func=<function reshape at 0x7fdb1d1c0360>),passthrough,"{'first_scale': 'passthrough', 'frequency': 'passthrough', 'model': HistGradientBoostingRegressor(early_stopping=True, max_iter=20000,
                              n_iter_no_change=100, random_state=42,
                              scoring='neg_root_mean_squared_error'), 'model__l2_regularization': 1, 'model__learning_rate': 0.05, 'model__loss': 'squared_error', 'model__max_bins': 32, 'model__max_depth': 2, 'model__max_features': 0.1, 'model__max_leaf_nodes': 127, 'model__min_samples_leaf': 400, 'reshape': FunctionTransformer(func=<function reshape at 0x7fdb1d1c0360>), 'second_scale': 'passthrough'}",0.08328561890509711,0.08328561890509711,0.0,1,0.3194004808790798,0.3194004808790798,0.0,0.9574520254795552,0.824984556898443
0,6175.975568294525,0.0,11.264066457748413,0.0,passthrough,passthrough,"HistGradientBoostingRegressor(early_stopping=True, max_iter=20000,
                              n_iter_no_change=100, random_state=42,
                              scoring='neg_root_mean_squared_error')",0.1,0.05,squared_error,32,2,0.01,127,400,FunctionTransformer(func=<function reshape at 0x7fdb1d1c0360>),passthrough,"{'first_scale': 'passthrough', 'frequency': 'passthrough', 'model': HistGradientBoostingRegressor(early_stopping=True, max_iter=20000,
                              n_iter_no_change=100, random_state=42,
                              scoring='neg_root_mean_squared_error'), 'model__l2_regularization': 0.1, 'model__learning_rate': 0.05, 'model__loss': 'squared_error', 'model__max_bins': 32, 'model__max_depth': 2, 'model__max_features': 0.01, 'model__max_leaf_nodes': 127, 'model__min_samples_leaf': 400, 'reshape': FunctionTransformer(func=<function reshape at 0x7fdb1d1c0360>), 'second_scale': 'passthrough'}",0.08650140438958454,0.08650140438958454,0.0,1,0.24929280485349747,0.24929280485349747,0.0,0.9557712046355108,0.8664336068888964
0,20874.79711842537,0.0,52.788554668426514,0.0,passthrough,passthrough,"HistGradientBoostingRegressor(early_stopping=True, max_iter=20000,
                              n_iter_no_change=100, random_state=42,
                              scoring='neg_root_mean_squared_error')",10.0,0.02,squared_error,32,2,0.1,255,100,FunctionTransformer(func=<function reshape at 0x7fdb1d1c0360>),passthrough,"{'first_scale': 'passthrough', 'frequency': 'passthrough', 'model': HistGradientBoostingRegressor(early_stopping=True, max_iter=20000,
                              n_iter_no_change=100, random_state=42,
                              scoring='neg_root_mean_squared_error'), 'model__l2_regularization': 10, 'model__learning_rate': 0.02, 'model__loss': 'squared_error', 'model__max_bins': 32, 'model__max_depth': 2, 'model__max_features': 0.1, 'model__max_leaf_nodes': 255, 'model__min_samples_leaf': 100, 'reshape': FunctionTransformer(func=<function reshape at 0x7fdb1d1c0360>), 'second_scale': 'passthrough'}",0.08652871064570378,0.08652871064570378,0.0,1,0.2835854764635106,0.2835854764635106,0.0,0.9557569195952997,0.8464127382881766
0,5319.445250988007,0.0,14.839850425720215,0.0,passthrough,passthrough,"HistGradientBoostingRegressor(early_stopping=True, max_iter=20000,
                              n_iter_no_change=100, random_state=42,
                              scoring='neg_root_mean_squared_error')",100.0,0.05,squared_error,32,2,0.01,127,3200,FunctionTransformer(func=<function reshape at 0x7fdb1d1c0360>),passthrough,"{'first_scale': 'passthrough', 'frequency': 'passthrough', 'model': HistGradientBoostingRegressor(early_stopping=True, max_iter=20000,
                              n_iter_no_change=100, random_state=42,
                              scoring='neg_root_mean_squared_error'), 'model__l2_regularization': 100, 'model__learning_rate': 0.05, 'model__loss': 'squared_error', 'model__max_bins': 32, 'model__max_depth': 2, 'model__max_features': 0.01, 'model__max_leaf_nodes': 127, 'model__min_samples_leaf': 3200, 'reshape': FunctionTransformer(func=<function reshape at 0x7fdb1d1c0360>), 'second_scale': 'passthrough'}",0.08696787716443977,0.08696787716443977,0.0,1,0.22372793949666847,0.22372793949666847,0.0,0.9555271439553982,0.8810630286780461
0,12334.592018604279,0.0,35.95560622215271,0.0,passthrough,passthrough,"HistGradientBoostingRegressor(early_stopping=True, max_iter=20000,
                              n_iter_no_change=100, random_state=42,
                              scoring='neg_root_mean_squared_error')",1.0,0.02,squared_error,32,2,1.0,255,100,FunctionTransformer(func=<function reshape at 0x7fdb1d1c0360>),passthrough,"{'first_scale': 'passthrough', 'frequency': 'passthrough', 'model': HistGradientBoostingRegressor(early_stopping=True, max_iter=20000,
                              n_iter_no_change=100, random_state=42,
                              scoring='neg_root_mean_squared_error'), 'model__l2_regularization': 1, 'model__learning_rate': 0.02, 'model__loss': 'squared_error', 'model__max_bins': 32, 'model__max_depth': 2, 'model__max_features': 1.0, 'model__max_leaf_nodes': 255, 'model__min_samples_leaf': 100, 'reshape': FunctionTransformer(func=<function reshape at 0x7fdb1d1c0360>), 'second_scale': 'passthrough'}",0.08479617459385547,0.08479617459385547,0.0,1,0.24209679416202157,0.24209679416202157,0.0,0.9566628587993498,0.8705763641622591
0,24578.348494052887,0.0,45.12763786315918,0.0,passthrough,passthrough,"HistGradientBoostingRegressor(early_stopping=True, max_iter=20000,
                              n_iter_no_change=100, random_state=42,
                              scoring='neg_root_mean_squared_error')",400.0,0.01,squared_error,32,2,0.01,127,400,FunctionTransformer(func=<function reshape at 0x7fdb1d1c0360>),passthrough,"{'first_scale': 'passthrough', 'frequency': 'passthrough', 'model': HistGradientBoostingRegressor(early_stopping=True, max_iter=20000,
                              n_iter_no_change=100, random_state=42,
                              scoring='neg_root_mean_squared_error'), 'model__l2_regularization': 400, 'model__learning_rate': 0.01, 'model__loss': 'squared_error', 'model__max_bins': 32, 'model__max_depth': 2, 'model__max_features': 0.01, 'model__max_leaf_nodes': 127, 'model__min_samples_leaf': 400, 'reshape': FunctionTransformer(func=<function reshape at 0x7fdb1d1c0360>), 'second_scale': 'passthrough'}",0.08849610146401565,0.08849610146401565,0.0,1,0.22948267694549607,0.22948267694549607,0.0,0.954727133025968,0.8777911614128407
0,13123.596868276596,0.0,32.66541385650635,0.0,passthrough,passthrough,"HistGradientBoostingRegressor(early_stopping=True, max_iter=20000,
                              n_iter_no_change=100, random_state=42,
                              scoring='neg_root_mean_squared_error')",1.0,0.02,squared_error,32,2,1.0,127,100,FunctionTransformer(func=<function reshape at 0x7fdb1d1c0360>),passthrough,"{'first_scale': 'passthrough', 'frequency': 'passthrough', 'model': HistGradientBoostingRegressor(early_stopping=True, max_iter=20000,
                              n_iter_no_change=100, random_state=42,
                              scoring='neg_root_mean_squared_error'), 'model__l2_regularization': 1, 'model__learning_rate': 0.02, 'model__loss': 'squared_error', 'model__max_bins': 32, 'model__max_depth': 2, 'model__max_features': 1.0, 'model__max_leaf_nodes': 127, 'model__min_samples_leaf': 100, 'reshape': FunctionTransformer(func=<function reshape at 0x7fdb1d1c0360>), 'second_scale': 'passthrough'}",0.08479617459385547,0.08479617459385547,0.0,1,0.24209679416202157,0.24209679416202157,0.0,0.9566628587993498,0.8705763641622591
0,30159.578473091125,0.0,107.13564133644104,0.0,passthrough,passthrough,"HistGradientBoostingRegressor(early_stopping=True, max_iter=20000,
                              n_iter_no_change=100, random_state=42,
                              scoring='neg_root_mean_squared_error')",0.1,0.0025,squared_error,32,2,0.1,127,400,FunctionTransformer(func=<function reshape at 0x7fdb1d1c0360>),passthrough,"{'first_scale': 'passthrough', 'frequency': 'passthrough', 'model': HistGradientBoostingRegressor(early_stopping=True, max_iter=20000,
                              n_iter_no_change=100, random_state=42,
                              scoring='neg_root_mean_squared_error'), 'model__l2_regularization': 0.1, 'model__learning_rate': 0.0025, 'model__loss': 'squared_error', 'model__max_bins': 32, 'model__max_depth': 2, 'model__max_features': 0.1, 'model__max_leaf_nodes': 127, 'model__min_samples_leaf': 400, 'reshape': FunctionTransformer(func=<function reshape at 0x7fdb1d1c0360>), 'second_scale': 'passthrough'}",0.08114553822017312,0.08114553822017312,0.0,1,0.15132653110332916,0.15132653110332916,0.0,0.9585689655835029,0.9212347523279129
0,29471.801878213882,0.0,108.382652759552,0.0,passthrough,passthrough,"HistGradientBoostingRegressor(early_stopping=True, max_iter=20000,
                              n_iter_no_change=100, random_state=42,
                              scoring='neg_root_mean_squared_error')",0.1,0.0025,squared_error,32,2,0.01,255,400,FunctionTransformer(func=<function reshape at 0x7fdb1d1c0360>),passthrough,"{'first_scale': 'passthrough', 'frequency': 'passthrough', 'model': HistGradientBoostingRegressor(early_stopping=True, max_iter=20000,
                              n_iter_no_change=100, random_state=42,
                              scoring='neg_root_mean_squared_error'), 'model__l2_regularization': 0.1, 'model__learning_rate': 0.0025, 'model__loss': 'squared_error', 'model__max_bins': 32, 'model__max_depth': 2, 'model__max_features': 0.01, 'model__max_leaf_nodes': 255, 'model__min_samples_leaf': 400, 'reshape': FunctionTransformer(func=<function reshape at 0x7fdb1d1c0360>), 'second_scale': 'passthrough'}",0.08060225604465832,0.08060225604465832,0.0,1,0.14137248189761664,0.14137248189761664,0.0,0.9588523056004724,0.9266215614275244
0,6503.421834945679,0.0,29.295680284500122,0.0,passthrough,passthrough,"HistGradientBoostingRegressor(early_stopping=True, max_iter=20000,
                              n_iter_no_change=100, random_state=42,
                              scoring='neg_root_mean_squared_error')",0.1,0.05,squared_error,32,2,1.0,255,100,FunctionTransformer(func=<function reshape at 0x7fdb1d1c0360>),passthrough,"{'first_scale': 'passthrough', 'frequency': 'passthrough', 'model': HistGradientBoostingRegressor(early_stopping=True, max_iter=20000,
                              n_iter_no_change=100, random_state=42,
                              scoring='neg_root_mean_squared_error'), 'model__l2_regularization': 0.1, 'model__learning_rate': 0.05, 'model__loss': 'squared_error', 'model__max_bins': 32, 'model__max_depth': 2, 'model__max_features': 1.0, 'model__max_leaf_nodes': 255, 'model__min_samples_leaf': 100, 'reshape': FunctionTransformer(func=<function reshape at 0x7fdb1d1c0360>), 'second_scale': 'passthrough'}",0.08067800832002436,0.08067800832002436,0.0,1,0.31393971124788755,0.31393971124788755,0.0,0.9588128032520089,0.8282875640453093
0,24988.658395767212,0.0,45.59187889099121,0.0,passthrough,passthrough,"HistGradientBoostingRegressor(early_stopping=True, max_iter=20000,
                              n_iter_no_change=100, random_state=42,
                              scoring='neg_root_mean_squared_error')",400.0,0.005,squared_error,32,2,0.1,255,100,FunctionTransformer(func=<function reshape at 0x7fdb1d1c0360>),passthrough,"{'first_scale': 'passthrough', 'frequency': 'passthrough', 'model': HistGradientBoostingRegressor(early_stopping=True, max_iter=20000,
                              n_iter_no_change=100, random_state=42,
                              scoring='neg_root_mean_squared_error'), 'model__l2_regularization': 400, 'model__learning_rate': 0.005, 'model__loss': 'squared_error', 'model__max_bins': 32, 'model__max_depth': 2, 'model__max_features': 0.1, 'model__max_leaf_nodes': 255, 'model__min_samples_leaf': 100, 'reshape': FunctionTransformer(func=<function reshape at 0x7fdb1d1c0360>), 'second_scale': 'passthrough'}",0.08564390943290556,0.08564390943290556,0.0,1,0.18950069346842002,0.18950069346842002,0.0,0.9562196873977729,0.9002773497825989
0,17670.66427755356,0.0,44.68455147743225,0.0,passthrough,passthrough,"HistGradientBoostingRegressor(early_stopping=True, max_iter=20000,
                              n_iter_no_change=100, random_state=42,
                              scoring='neg_root_mean_squared_error')",10.0,0.02,squared_error,32,2,1.0,127,1600,FunctionTransformer(func=<function reshape at 0x7fdb1d1c0360>),passthrough,"{'first_scale': 'passthrough', 'frequency': 'passthrough', 'model': HistGradientBoostingRegressor(early_stopping=True, max_iter=20000,
                              n_iter_no_change=100, random_state=42,
                              scoring='neg_root_mean_squared_error'), 'model__l2_regularization': 10, 'model__learning_rate': 0.02, 'model__loss': 'squared_error', 'model__max_bins': 32, 'model__max_depth': 2, 'model__max_features': 1.0, 'model__max_leaf_nodes': 127, 'model__min_samples_leaf': 1600, 'reshape': FunctionTransformer(func=<function reshape at 0x7fdb1d1c0360>), 'second_scale': 'passthrough'}",0.0837623041695803,0.0837623041695803,0.0,1,0.27189875133368047,0.27189875133368047,0.0,0.9572030588283866,0.8532884908788584
0,6409.462309122086,0.0,10.561931848526001,0.0,passthrough,passthrough,"HistGradientBoostingRegressor(early_stopping=True, max_iter=20000,
                              n_iter_no_change=100, random_state=42,
                              scoring='neg_root_mean_squared_error')",0.1,0.05,squared_error,32,2,0.1,255,3200,FunctionTransformer(func=<function reshape at 0x7fdb1d1c0360>),passthrough,"{'first_scale': 'passthrough', 'frequency': 'passthrough', 'model': HistGradientBoostingRegressor(early_stopping=True, max_iter=20000,
                              n_iter_no_change=100, random_state=42,
                              scoring='neg_root_mean_squared_error'), 'model__l2_regularization': 0.1, 'model__learning_rate': 0.05, 'model__loss': 'squared_error', 'model__max_bins': 32, 'model__max_depth': 2, 'model__max_features': 0.1, 'model__max_leaf_nodes': 255, 'model__min_samples_leaf': 3200, 'reshape': FunctionTransformer(func=<function reshape at 0x7fdb1d1c0360>), 'second_scale': 'passthrough'}",0.0863251312992579,0.0863251312992579,0.0,1,0.25961109587472087,0.25961109587472087,0.0,0.9558634152956907,0.8604585429439812
0,18558.049733877182,0.0,53.13154196739197,0.0,passthrough,passthrough,"HistGradientBoostingRegressor(early_stopping=True, max_iter=20000,
                              n_iter_no_change=100, random_state=42,
                              scoring='neg_root_mean_squared_error')",1.0,0.02,squared_error,32,2,1.0,127,400,FunctionTransformer(func=<function reshape at 0x7fdb1d1c0360>),passthrough,"{'first_scale': 'passthrough', 'frequency': 'passthrough', 'model': HistGradientBoostingRegressor(early_stopping=True, max_iter=20000,
                              n_iter_no_change=100, random_state=42,
                              scoring='neg_root_mean_squared_error'), 'model__l2_regularization': 1, 'model__learning_rate': 0.02, 'model__loss': 'squared_error', 'model__max_bins': 32, 'model__max_depth': 2, 'model__max_features': 1.0, 'model__max_leaf_nodes': 127, 'model__min_samples_leaf': 400, 'reshape': FunctionTransformer(func=<function reshape at 0x7fdb1d1c0360>), 'second_scale': 'passthrough'}",0.08256571588509543,0.08256571588509543,0.0,1,0.289627838382541,0.289627838382541,0.0,0.9578278990063427,0.8428357856768179
0,30373.958738327026,0.0,82.17655801773071,0.0,passthrough,passthrough,"HistGradientBoostingRegressor(early_stopping=True, max_iter=20000,
                              n_iter_no_change=100, random_state=42,
                              scoring='neg_root_mean_squared_error')",0.1,0.0025,squared_error,32,2,0.01,255,100,FunctionTransformer(func=<function reshape at 0x7fdb1d1c0360>),passthrough,"{'first_scale': 'passthrough', 'frequency': 'passthrough', 'model': HistGradientBoostingRegressor(early_stopping=True, max_iter=20000,
                              n_iter_no_change=100, random_state=42,
                              scoring='neg_root_mean_squared_error'), 'model__l2_regularization': 0.1, 'model__learning_rate': 0.0025, 'model__loss': 'squared_error', 'model__max_bins': 32, 'model__max_depth': 2, 'model__max_features': 0.01, 'model__max_leaf_nodes': 255, 'model__min_samples_leaf': 100, 'reshape': FunctionTransformer(func=<function reshape at 0x7fdb1d1c0360>), 'second_scale': 'passthrough'}",0.08057992128626446,0.08057992128626446,0.0,1,0.14137782822098177,0.14137782822098177,0.0,0.9588639521401019,0.9266186765757629
0,25257.190816164017,0.0,83.89074659347534,0.0,passthrough,passthrough,"HistGradientBoostingRegressor(early_stopping=True, max_iter=20000,
                              n_iter_no_change=100, random_state=42,
                              scoring='neg_root_mean_squared_error')",1.0,0.0025,squared_error,32,2,0.01,255,400,FunctionTransformer(func=<function reshape at 0x7fdb1d1c0360>),passthrough,"{'first_scale': 'passthrough', 'frequency': 'passthrough', 'model': HistGradientBoostingRegressor(early_stopping=True, max_iter=20000,
                              n_iter_no_change=100, random_state=42,
                              scoring='neg_root_mean_squared_error'), 'model__l2_regularization': 1, 'model__learning_rate': 0.0025, 'model__loss': 'squared_error', 'model__max_bins': 32, 'model__max_depth': 2, 'model__max_features': 0.01, 'model__max_leaf_nodes': 255, 'model__min_samples_leaf': 400, 'reshape': FunctionTransformer(func=<function reshape at 0x7fdb1d1c0360>), 'second_scale': 'passthrough'}",0.08056428046029906,0.08056428046029906,0.0,1,0.14134846503009701,0.14134846503009701,0.0,0.9588721080205123,0.9266345207091645
0,28668.07503437996,0.0,97.45532655715942,0.0,passthrough,passthrough,"HistGradientBoostingRegressor(early_stopping=True, max_iter=20000,
                              n_iter_no_change=100, random_state=42,
                              scoring='neg_root_mean_squared_error')",400.0,0.01,squared_error,32,2,0.01,255,3200,FunctionTransformer(func=<function reshape at 0x7fdb1d1c0360>),passthrough,"{'first_scale': 'passthrough', 'frequency': 'passthrough', 'model': HistGradientBoostingRegressor(early_stopping=True, max_iter=20000,
                              n_iter_no_change=100, random_state=42,
                              scoring='neg_root_mean_squared_error'), 'model__l2_regularization': 400, 'model__learning_rate': 0.01, 'model__loss': 'squared_error', 'model__max_bins': 32, 'model__max_depth': 2, 'model__max_features': 0.01, 'model__max_leaf_nodes': 255, 'model__min_samples_leaf': 3200, 'reshape': FunctionTransformer(func=<function reshape at 0x7fdb1d1c0360>), 'second_scale': 'passthrough'}",0.08726359874554235,0.08726359874554235,0.0,1,0.21949067626105034,0.21949067626105034,0.0,0.9553723887858899,0.8834643873631521
0,14857.195328712463,0.0,30.19208526611328,0.0,passthrough,passthrough,"HistGradientBoostingRegressor(early_stopping=True, max_iter=20000,
                              n_iter_no_change=100, random_state=42,
                              scoring='neg_root_mean_squared_error')",400.0,0.02,squared_error,32,2,0.01,255,1600,FunctionTransformer(func=<function reshape at 0x7fdb1d1c0360>),passthrough,"{'first_scale': 'passthrough', 'frequency': 'passthrough', 'model': HistGradientBoostingRegressor(early_stopping=True, max_iter=20000,
                              n_iter_no_change=100, random_state=42,
                              scoring='neg_root_mean_squared_error'), 'model__l2_regularization': 400, 'model__learning_rate': 0.02, 'model__loss': 'squared_error', 'model__max_bins': 32, 'model__max_depth': 2, 'model__max_features': 0.01, 'model__max_leaf_nodes': 255, 'model__min_samples_leaf': 1600, 'reshape': FunctionTransformer(func=<function reshape at 0x7fdb1d1c0360>), 'second_scale': 'passthrough'}",0.08802411749997052,0.08802411749997052,0.0,1,0.24076594415412111,0.24076594415412111,0.0,0.9549742836851836,0.8713403788680282
0,24911.094752550125,0.0,48.43419289588928,0.0,passthrough,passthrough,"HistGradientBoostingRegressor(early_stopping=True, max_iter=20000,
                              n_iter_no_change=100, random_state=42,
                              scoring='neg_root_mean_squared_error')",400.0,0.005,squared_error,32,2,0.1,127,3200,FunctionTransformer(func=<function reshape at 0x7fdb1d1c0360>),passthrough,"{'first_scale': 'passthrough', 'frequency': 'passthrough', 'model': HistGradientBoostingRegressor(early_stopping=True, max_iter=20000,
                              n_iter_no_change=100, random_state=42,
                              scoring='neg_root_mean_squared_error'), 'model__l2_regularization': 400, 'model__learning_rate': 0.005, 'model__loss': 'squared_error', 'model__max_bins': 32, 'model__max_depth': 2, 'model__max_features': 0.1, 'model__max_leaf_nodes': 127, 'model__min_samples_leaf': 3200, 'reshape': FunctionTransformer(func=<function reshape at 0x7fdb1d1c0360>), 'second_scale': 'passthrough'}",0.08506615979529475,0.08506615979529475,0.0,1,0.18254221678148974,0.18254221678148974,0.0,0.9565217405813133,0.9041337197663354
0,7425.740773200989,0.0,12.639240980148315,0.0,passthrough,passthrough,"HistGradientBoostingRegressor(early_stopping=True, max_iter=20000,
                              n_iter_no_change=100, random_state=42,
                              scoring='neg_root_mean_squared_error')",0.1,0.05,squared_error,32,2,0.1,255,100,FunctionTransformer(func=<function reshape at 0x7fdb1d1c0360>),passthrough,"{'first_scale': 'passthrough', 'frequency': 'passthrough', 'model': HistGradientBoostingRegressor(early_stopping=True, max_iter=20000,
                              n_iter_no_change=100, random_state=42,
                              scoring='neg_root_mean_squared_error'), 'model__l2_regularization': 0.1, 'model__learning_rate': 0.05, 'model__loss': 'squared_error', 'model__max_bins': 32, 'model__max_depth': 2, 'model__max_features': 0.1, 'model__max_leaf_nodes': 255, 'model__min_samples_leaf': 100, 'reshape': FunctionTransformer(func=<function reshape at 0x7fdb1d1c0360>), 'second_scale': 'passthrough'}",0.08408557355214663,0.08408557355214663,0.0,1,0.3003501876466006,0.3003501876466006,0.0,0.9570341824866306,0.8364507232069319
0,6083.262295007706,0.0,10.184731721878052,0.0,passthrough,passthrough,"HistGradientBoostingRegressor(early_stopping=True, max_iter=20000,
                              n_iter_no_change=100, random_state=42,
                              scoring='neg_root_mean_squared_error')",0.1,0.05,squared_error,32,2,0.1,127,3200,FunctionTransformer(func=<function reshape at 0x7fdb1d1c0360>),passthrough,"{'first_scale': 'passthrough', 'frequency': 'passthrough', 'model': HistGradientBoostingRegressor(early_stopping=True, max_iter=20000,
                              n_iter_no_change=100, random_state=42,
                              scoring='neg_root_mean_squared_error'), 'model__l2_regularization': 0.1, 'model__learning_rate': 0.05, 'model__loss': 'squared_error', 'model__max_bins': 32, 'model__max_depth': 2, 'model__max_features': 0.1, 'model__max_leaf_nodes': 127, 'model__min_samples_leaf': 3200, 'reshape': FunctionTransformer(func=<function reshape at 0x7fdb1d1c0360>), 'second_scale': 'passthrough'}",0.0863251312992579,0.0863251312992579,0.0,1,0.25961109587472087,0.25961109587472087,0.0,0.9558634152956907,0.8604585429439812
0,24558.152818918228,0.0,94.88987326622009,0.0,passthrough,passthrough,"HistGradientBoostingRegressor(early_stopping=True, max_iter=20000,
                              n_iter_no_change=100, random_state=42,
                              scoring='neg_root_mean_squared_error')",1.0,0.0025,squared_error,32,2,0.01,255,3200,FunctionTransformer(func=<function reshape at 0x7fdb1d1c0360>),passthrough,"{'first_scale': 'passthrough', 'frequency': 'passthrough', 'model': HistGradientBoostingRegressor(early_stopping=True, max_iter=20000,
                              n_iter_no_change=100, random_state=42,
                              scoring='neg_root_mean_squared_error'), 'model__l2_regularization': 1, 'model__learning_rate': 0.0025, 'model__loss': 'squared_error', 'model__max_bins': 32, 'model__max_depth': 2, 'model__max_features': 0.01, 'model__max_leaf_nodes': 255, 'model__min_samples_leaf': 3200, 'reshape': FunctionTransformer(func=<function reshape at 0x7fdb1d1c0360>), 'second_scale': 'passthrough'}",0.07906874052176105,0.07906874052176105,0.0,1,0.13633984751099526,0.13633984751099526,0.0,0.95965163443733,0.9293331762554292
0,24234.999310016632,0.0,60.75737476348877,0.0,passthrough,passthrough,"HistGradientBoostingRegressor(early_stopping=True, max_iter=20000,
                              n_iter_no_change=100, random_state=42,
                              scoring='neg_root_mean_squared_error')",10.0,0.005,squared_error,32,2,0.1,255,400,FunctionTransformer(func=<function reshape at 0x7fdb1d1c0360>),passthrough,"{'first_scale': 'passthrough', 'frequency': 'passthrough', 'model': HistGradientBoostingRegressor(early_stopping=True, max_iter=20000,
                              n_iter_no_change=100, random_state=42,
                              scoring='neg_root_mean_squared_error'), 'model__l2_regularization': 10, 'model__learning_rate': 0.005, 'model__loss': 'squared_error', 'model__max_bins': 32, 'model__max_depth': 2, 'model__max_features': 0.1, 'model__max_leaf_nodes': 255, 'model__min_samples_leaf': 400, 'reshape': FunctionTransformer(func=<function reshape at 0x7fdb1d1c0360>), 'second_scale': 'passthrough'}",0.08599483946426534,0.08599483946426534,0.0,1,0.19553339072571585,0.19553339072571585,0.0,0.9560361711440287,0.8969206259610067
0,6200.781823635101,0.0,19.506765365600586,0.0,passthrough,passthrough,"HistGradientBoostingRegressor(early_stopping=True, max_iter=20000,
                              n_iter_no_change=100, random_state=42,
                              scoring='neg_root_mean_squared_error')",100.0,0.05,squared_error,32,2,1.0,255,100,FunctionTransformer(func=<function reshape at 0x7fdb1d1c0360>),passthrough,"{'first_scale': 'passthrough', 'frequency': 'passthrough', 'model': HistGradientBoostingRegressor(early_stopping=True, max_iter=20000,
                              n_iter_no_change=100, random_state=42,
                              scoring='neg_root_mean_squared_error'), 'model__l2_regularization': 100, 'model__learning_rate': 0.05, 'model__loss': 'squared_error', 'model__max_bins': 32, 'model__max_depth': 2, 'model__max_features': 1.0, 'model__max_leaf_nodes': 255, 'model__min_samples_leaf': 100, 'reshape': FunctionTransformer(func=<function reshape at 0x7fdb1d1c0360>), 'second_scale': 'passthrough'}",0.0831672272514562,0.0831672272514562,0.0,1,0.26847596888888337,0.26847596888888337,0.0,0.9575138498990726,0.8552917812718164
0,18977.753938674927,0.0,59.90135073661804,0.0,passthrough,passthrough,"HistGradientBoostingRegressor(early_stopping=True, max_iter=20000,
                              n_iter_no_change=100, random_state=42,
                              scoring='neg_root_mean_squared_error')",1.0,0.02,squared_error,32,2,0.01,255,1600,FunctionTransformer(func=<function reshape at 0x7fdb1d1c0360>),passthrough,"{'first_scale': 'passthrough', 'frequency': 'passthrough', 'model': HistGradientBoostingRegressor(early_stopping=True, max_iter=20000,
                              n_iter_no_change=100, random_state=42,
                              scoring='neg_root_mean_squared_error'), 'model__l2_regularization': 1, 'model__learning_rate': 0.02, 'model__loss': 'squared_error', 'model__max_bins': 32, 'model__max_depth': 2, 'model__max_features': 0.01, 'model__max_leaf_nodes': 255, 'model__min_samples_leaf': 1600, 'reshape': FunctionTransformer(func=<function reshape at 0x7fdb1d1c0360>), 'second_scale': 'passthrough'}",0.08850648403741557,0.08850648403741557,0.0,1,0.2419000395147074,0.2419000395147074,0.0,0.9547216955545655,0.870689359349988
0,13029.80681014061,0.0,25.95294952392578,0.0,passthrough,passthrough,"HistGradientBoostingRegressor(early_stopping=True, max_iter=20000,
                              n_iter_no_change=100, random_state=42,
                              scoring='neg_root_mean_squared_error')",400.0,0.02,squared_error,32,2,0.01,127,3200,FunctionTransformer(func=<function reshape at 0x7fdb1d1c0360>),passthrough,"{'first_scale': 'passthrough', 'frequency': 'passthrough', 'model': HistGradientBoostingRegressor(early_stopping=True, max_iter=20000,
                              n_iter_no_change=100, random_state=42,
                              scoring='neg_root_mean_squared_error'), 'model__l2_regularization': 400, 'model__learning_rate': 0.02, 'model__loss': 'squared_error', 'model__max_bins': 32, 'model__max_depth': 2, 'model__max_features': 0.01, 'model__max_leaf_nodes': 127, 'model__min_samples_leaf': 3200, 'reshape': FunctionTransformer(func=<function reshape at 0x7fdb1d1c0360>), 'second_scale': 'passthrough'}",0.0878780555394082,0.0878780555394082,0.0,1,0.2179216850139759,0.2179216850139759,0.0,0.9550507549133668,0.8843519180654408
0,17792.337738752365,0.0,33.05583715438843,0.0,passthrough,passthrough,"HistGradientBoostingRegressor(early_stopping=True, max_iter=20000,
                              n_iter_no_change=100, random_state=42,
                              scoring='neg_root_mean_squared_error')",400.0,0.02,squared_error,32,2,0.01,127,100,FunctionTransformer(func=<function reshape at 0x7fdb1d1c0360>),passthrough,"{'first_scale': 'passthrough', 'frequency': 'passthrough', 'model': HistGradientBoostingRegressor(early_stopping=True, max_iter=20000,
                              n_iter_no_change=100, random_state=42,
                              scoring='neg_root_mean_squared_error'), 'model__l2_regularization': 400, 'model__learning_rate': 0.02, 'model__loss': 'squared_error', 'model__max_bins': 32, 'model__max_depth': 2, 'model__max_features': 0.01, 'model__max_leaf_nodes': 127, 'model__min_samples_leaf': 100, 'reshape': FunctionTransformer(func=<function reshape at 0x7fdb1d1c0360>), 'second_scale': 'passthrough'}",0.08755156312827073,0.08755156312827073,0.0,1,0.2604492386814701,0.2604492386814701,0.0,0.9552216689709929,0.8599713723831334
0,12193.717962741852,0.0,25.15172839164734,0.0,passthrough,passthrough,"HistGradientBoostingRegressor(early_stopping=True, max_iter=20000,
                              n_iter_no_change=100, random_state=42,
                              scoring='neg_root_mean_squared_error')",10.0,0.05,squared_error,32,2,1.0,127,1600,FunctionTransformer(func=<function reshape at 0x7fdb1d1c0360>),passthrough,"{'first_scale': 'passthrough', 'frequency': 'passthrough', 'model': HistGradientBoostingRegressor(early_stopping=True, max_iter=20000,
                              n_iter_no_change=100, random_state=42,
                              scoring='neg_root_mean_squared_error'), 'model__l2_regularization': 10, 'model__learning_rate': 0.05, 'model__loss': 'squared_error', 'model__max_bins': 32, 'model__max_depth': 2, 'model__max_features': 1.0, 'model__max_leaf_nodes': 127, 'model__min_samples_leaf': 1600, 'reshape': FunctionTransformer(func=<function reshape at 0x7fdb1d1c0360>), 'second_scale': 'passthrough'}",0.08205154736654563,0.08205154736654563,0.0,1,0.3014864969177933,0.3014864969177933,0.0,0.9580962648050844,0.835771202592077
0,24207.657034158707,0.0,87.49360036849976,0.0,passthrough,passthrough,"HistGradientBoostingRegressor(early_stopping=True, max_iter=20000,
                              n_iter_no_change=100, random_state=42,
                              scoring='neg_root_mean_squared_error')",1.0,0.005,squared_error,32,2,0.01,127,1600,FunctionTransformer(func=<function reshape at 0x7fdb1d1c0360>),passthrough,"{'first_scale': 'passthrough', 'frequency': 'passthrough', 'model': HistGradientBoostingRegressor(early_stopping=True, max_iter=20000,
                              n_iter_no_change=100, random_state=42,
                              scoring='neg_root_mean_squared_error'), 'model__l2_regularization': 1, 'model__learning_rate': 0.005, 'model__loss': 'squared_error', 'model__max_bins': 32, 'model__max_depth': 2, 'model__max_features': 0.01, 'model__max_leaf_nodes': 127, 'model__min_samples_leaf': 1600, 'reshape': FunctionTransformer(func=<function reshape at 0x7fdb1d1c0360>), 'second_scale': 'passthrough'}",0.08605234175394938,0.08605234175394938,0.0,1,0.17717377547262214,0.17717377547262214,0.0,0.9560060973895776,0.9070976929346574
0,25039.020289182663,0.0,44.34409737586975,0.0,passthrough,passthrough,"HistGradientBoostingRegressor(early_stopping=True, max_iter=20000,
                              n_iter_no_change=100, random_state=42,
                              scoring='neg_root_mean_squared_error')",400.0,0.005,squared_error,32,2,0.1,127,400,FunctionTransformer(func=<function reshape at 0x7fdb1d1c0360>),passthrough,"{'first_scale': 'passthrough', 'frequency': 'passthrough', 'model': HistGradientBoostingRegressor(early_stopping=True, max_iter=20000,
                              n_iter_no_change=100, random_state=42,
                              scoring='neg_root_mean_squared_error'), 'model__l2_regularization': 400, 'model__learning_rate': 0.005, 'model__loss': 'squared_error', 'model__max_bins': 32, 'model__max_depth': 2, 'model__max_features': 0.1, 'model__max_leaf_nodes': 127, 'model__min_samples_leaf': 400, 'reshape': FunctionTransformer(func=<function reshape at 0x7fdb1d1c0360>), 'second_scale': 'passthrough'}",0.08558402222400874,0.08558402222400874,0.0,1,0.1894651115832955,0.1894651115832955,0.0,0.9562510014509743,0.900297111189803
0,10960.216031312943,0.0,22.88417935371399,0.0,passthrough,passthrough,"HistGradientBoostingRegressor(early_stopping=True, max_iter=20000,
                              n_iter_no_change=100, random_state=42,
                              scoring='neg_root_mean_squared_error')",400.0,0.02,squared_error,32,2,0.01,255,400,FunctionTransformer(func=<function reshape at 0x7fdb1d1c0360>),passthrough,"{'first_scale': 'passthrough', 'frequency': 'passthrough', 'model': HistGradientBoostingRegressor(early_stopping=True, max_iter=20000,
                              n_iter_no_change=100, random_state=42,
                              scoring='neg_root_mean_squared_error'), 'model__l2_regularization': 400, 'model__learning_rate': 0.02, 'model__loss': 'squared_error', 'model__max_bins': 32, 'model__max_depth': 2, 'model__max_features': 0.01, 'model__max_leaf_nodes': 255, 'model__min_samples_leaf': 400, 'reshape': FunctionTransformer(func=<function reshape at 0x7fdb1d1c0360>), 'second_scale': 'passthrough'}",0.08789616898864572,0.08789616898864572,0.0,1,0.21413014665707708,0.21413014665707708,0.0,0.9550412718889977,0.8864930080620619
0,23819.033980607986,0.0,65.29260206222534,0.0,passthrough,passthrough,"HistGradientBoostingRegressor(early_stopping=True, max_iter=20000,
                              n_iter_no_change=100, random_state=42,
                              scoring='neg_root_mean_squared_error')",10.0,0.005,squared_error,32,2,1.0,127,400,FunctionTransformer(func=<function reshape at 0x7fdb1d1c0360>),passthrough,"{'first_scale': 'passthrough', 'frequency': 'passthrough', 'model': HistGradientBoostingRegressor(early_stopping=True, max_iter=20000,
                              n_iter_no_change=100, random_state=42,
                              scoring='neg_root_mean_squared_error'), 'model__l2_regularization': 10, 'model__learning_rate': 0.005, 'model__loss': 'squared_error', 'model__max_bins': 32, 'model__max_depth': 2, 'model__max_features': 1.0, 'model__max_leaf_nodes': 127, 'model__min_samples_leaf': 400, 'reshape': FunctionTransformer(func=<function reshape at 0x7fdb1d1c0360>), 'second_scale': 'passthrough'}",0.08401148216617116,0.08401148216617116,0.0,1,0.20541472418937,0.20541472418937,0.0,0.9570728905542298,0.8913951288910155
0,24607.590555667877,0.0,47.39696288108826,0.0,passthrough,passthrough,"HistGradientBoostingRegressor(early_stopping=True, max_iter=20000,
                              n_iter_no_change=100, random_state=42,
                              scoring='neg_root_mean_squared_error')",400.0,0.01,squared_error,32,2,0.01,127,3200,FunctionTransformer(func=<function reshape at 0x7fdb1d1c0360>),passthrough,"{'first_scale': 'passthrough', 'frequency': 'passthrough', 'model': HistGradientBoostingRegressor(early_stopping=True, max_iter=20000,
                              n_iter_no_change=100, random_state=42,
                              scoring='neg_root_mean_squared_error'), 'model__l2_regularization': 400, 'model__learning_rate': 0.01, 'model__loss': 'squared_error', 'model__max_bins': 32, 'model__max_depth': 2, 'model__max_features': 0.01, 'model__max_leaf_nodes': 127, 'model__min_samples_leaf': 3200, 'reshape': FunctionTransformer(func=<function reshape at 0x7fdb1d1c0360>), 'second_scale': 'passthrough'}",0.08726359874554235,0.08726359874554235,0.0,1,0.21949067626105034,0.21949067626105034,0.0,0.9553723887858899,0.8834643873631521
0,24060.050285577774,0.0,42.00354337692261,0.0,passthrough,passthrough,"HistGradientBoostingRegressor(early_stopping=True, max_iter=20000,
                              n_iter_no_change=100, random_state=42,
                              scoring='neg_root_mean_squared_error')",100.0,0.005,squared_error,32,2,0.01,127,1600,FunctionTransformer(func=<function reshape at 0x7fdb1d1c0360>),passthrough,"{'first_scale': 'passthrough', 'frequency': 'passthrough', 'model': HistGradientBoostingRegressor(early_stopping=True, max_iter=20000,
                              n_iter_no_change=100, random_state=42,
                              scoring='neg_root_mean_squared_error'), 'model__l2_regularization': 100, 'model__learning_rate': 0.005, 'model__loss': 'squared_error', 'model__max_bins': 32, 'model__max_depth': 2, 'model__max_features': 0.01, 'model__max_leaf_nodes': 127, 'model__min_samples_leaf': 1600, 'reshape': FunctionTransformer(func=<function reshape at 0x7fdb1d1c0360>), 'second_scale': 'passthrough'}",0.08616059114119512,0.08616059114119512,0.0,1,0.17634633276797806,0.17634633276797806,0.0,0.9559494802858595,0.9075536718189299
0,34417.45002770424,0.0,115.42257261276245,0.0,passthrough,passthrough,"HistGradientBoostingRegressor(early_stopping=True, max_iter=20000,
                              n_iter_no_change=100, random_state=42,
                              scoring='neg_root_mean_squared_error')",10.0,0.01,squared_error,32,2,1.0,127,1600,FunctionTransformer(func=<function reshape at 0x7fdb1d1c0360>),passthrough,"{'first_scale': 'passthrough', 'frequency': 'passthrough', 'model': HistGradientBoostingRegressor(early_stopping=True, max_iter=20000,
                              n_iter_no_change=100, random_state=42,
                              scoring='neg_root_mean_squared_error'), 'model__l2_regularization': 10, 'model__learning_rate': 0.01, 'model__loss': 'squared_error', 'model__max_bins': 32, 'model__max_depth': 2, 'model__max_features': 1.0, 'model__max_leaf_nodes': 127, 'model__min_samples_leaf': 1600, 'reshape': FunctionTransformer(func=<function reshape at 0x7fdb1d1c0360>), 'second_scale': 'passthrough'}",0.08422531616022477,0.08422531616022477,0.0,1,0.26741392217461757,0.26741392217461757,0.0,0.9569611715423857,0.8559124241564569
0,25363.811425685883,0.0,45.02360796928406,0.0,passthrough,passthrough,"HistGradientBoostingRegressor(early_stopping=True, max_iter=20000,
                              n_iter_no_change=100, random_state=42,
                              scoring='neg_root_mean_squared_error')",400.0,0.01,squared_error,32,2,1.0,127,3200,FunctionTransformer(func=<function reshape at 0x7fdb1d1c0360>),passthrough,"{'first_scale': 'passthrough', 'frequency': 'passthrough', 'model': HistGradientBoostingRegressor(early_stopping=True, max_iter=20000,
                              n_iter_no_change=100, random_state=42,
                              scoring='neg_root_mean_squared_error'), 'model__l2_regularization': 400, 'model__learning_rate': 0.01, 'model__loss': 'squared_error', 'model__max_bins': 32, 'model__max_depth': 2, 'model__max_features': 1.0, 'model__max_leaf_nodes': 127, 'model__min_samples_leaf': 3200, 'reshape': FunctionTransformer(func=<function reshape at 0x7fdb1d1c0360>), 'second_scale': 'passthrough'}",0.08456392264322976,0.08456392264322976,0.0,1,0.24970088970284898,0.24970088970284898,0.0,0.9567842376193131,0.8661980779805223
0,23527.59817290306,0.0,91.6126971244812,0.0,passthrough,passthrough,"HistGradientBoostingRegressor(early_stopping=True, max_iter=20000,
                              n_iter_no_change=100, random_state=42,
                              scoring='neg_root_mean_squared_error')",1.0,0.0025,squared_error,32,2,1.0,255,1600,FunctionTransformer(func=<function reshape at 0x7fdb1d1c0360>),passthrough,"{'first_scale': 'passthrough', 'frequency': 'passthrough', 'model': HistGradientBoostingRegressor(early_stopping=True, max_iter=20000,
                              n_iter_no_change=100, random_state=42,
                              scoring='neg_root_mean_squared_error'), 'model__l2_regularization': 1, 'model__learning_rate': 0.0025, 'model__loss': 'squared_error', 'model__max_bins': 32, 'model__max_depth': 2, 'model__max_features': 1.0, 'model__max_leaf_nodes': 255, 'model__min_samples_leaf': 1600, 'reshape': FunctionTransformer(func=<function reshape at 0x7fdb1d1c0360>), 'second_scale': 'passthrough'}",0.0797678954534381,0.0797678954534381,0.0,1,0.1551717670568289,0.1551717670568289,0.0,0.9592872898910743,0.9191453818320424
0,12075.727977752686,0.0,33.75891637802124,0.0,passthrough,passthrough,"HistGradientBoostingRegressor(early_stopping=True, max_iter=20000,
                              n_iter_no_change=100, random_state=42,
                              scoring='neg_root_mean_squared_error')",10.0,0.02,squared_error,32,2,1.0,255,3200,FunctionTransformer(func=<function reshape at 0x7fdb1d1c0360>),passthrough,"{'first_scale': 'passthrough', 'frequency': 'passthrough', 'model': HistGradientBoostingRegressor(early_stopping=True, max_iter=20000,
                              n_iter_no_change=100, random_state=42,
                              scoring='neg_root_mean_squared_error'), 'model__l2_regularization': 10, 'model__learning_rate': 0.02, 'model__loss': 'squared_error', 'model__max_bins': 32, 'model__max_depth': 2, 'model__max_features': 1.0, 'model__max_leaf_nodes': 255, 'model__min_samples_leaf': 3200, 'reshape': FunctionTransformer(func=<function reshape at 0x7fdb1d1c0360>), 'second_scale': 'passthrough'}",0.08436623284163725,0.08436623284163725,0.0,1,0.2617937402380466,0.2617937402380466,0.0,0.9568875415420366,0.8591893037986177
0,16804.263447761536,0.0,51.44802498817444,0.0,passthrough,passthrough,"HistGradientBoostingRegressor(early_stopping=True, max_iter=20000,
                              n_iter_no_change=100, random_state=42,
                              scoring='neg_root_mean_squared_error')",1.0,0.02,squared_error,32,2,1.0,127,1600,FunctionTransformer(func=<function reshape at 0x7fdb1d1c0360>),passthrough,"{'first_scale': 'passthrough', 'frequency': 'passthrough', 'model': HistGradientBoostingRegressor(early_stopping=True, max_iter=20000,
                              n_iter_no_change=100, random_state=42,
                              scoring='neg_root_mean_squared_error'), 'model__l2_regularization': 1, 'model__learning_rate': 0.02, 'model__loss': 'squared_error', 'model__max_bins': 32, 'model__max_depth': 2, 'model__max_features': 1.0, 'model__max_leaf_nodes': 127, 'model__min_samples_leaf': 1600, 'reshape': FunctionTransformer(func=<function reshape at 0x7fdb1d1c0360>), 'second_scale': 'passthrough'}",0.08467013338049056,0.08467013338049056,0.0,1,0.26478471224918665,0.26478471224918665,0.0,0.9567287319922557,0.8574469591472194
0,25093.639042139053,0.0,91.23539519309998,0.0,passthrough,passthrough,"HistGradientBoostingRegressor(early_stopping=True, max_iter=20000,
                              n_iter_no_change=100, random_state=42,
                              scoring='neg_root_mean_squared_error')",1.0,0.0025,squared_error,32,2,1.0,127,400,FunctionTransformer(func=<function reshape at 0x7fdb1d1c0360>),passthrough,"{'first_scale': 'passthrough', 'frequency': 'passthrough', 'model': HistGradientBoostingRegressor(early_stopping=True, max_iter=20000,
                              n_iter_no_change=100, random_state=42,
                              scoring='neg_root_mean_squared_error'), 'model__l2_regularization': 1, 'model__learning_rate': 0.0025, 'model__loss': 'squared_error', 'model__max_bins': 32, 'model__max_depth': 2, 'model__max_features': 1.0, 'model__max_leaf_nodes': 127, 'model__min_samples_leaf': 400, 'reshape': FunctionTransformer(func=<function reshape at 0x7fdb1d1c0360>), 'second_scale': 'passthrough'}",0.08014337934076332,0.08014337934076332,0.0,1,0.1578400832778698,0.1578400832778698,0.0,0.9590915601021817,0.9176927136695214
0,6601.744606256485,0.0,21.920250177383423,0.0,passthrough,passthrough,"HistGradientBoostingRegressor(early_stopping=True, max_iter=20000,
                              n_iter_no_change=100, random_state=42,
                              scoring='neg_root_mean_squared_error')",10.0,0.05,squared_error,32,2,0.01,127,100,FunctionTransformer(func=<function reshape at 0x7fdb1d1c0360>),passthrough,"{'first_scale': 'passthrough', 'frequency': 'passthrough', 'model': HistGradientBoostingRegressor(early_stopping=True, max_iter=20000,
                              n_iter_no_change=100, random_state=42,
                              scoring='neg_root_mean_squared_error'), 'model__l2_regularization': 10, 'model__learning_rate': 0.05, 'model__loss': 'squared_error', 'model__max_bins': 32, 'model__max_depth': 2, 'model__max_features': 0.01, 'model__max_leaf_nodes': 127, 'model__min_samples_leaf': 100, 'reshape': FunctionTransformer(func=<function reshape at 0x7fdb1d1c0360>), 'second_scale': 'passthrough'}",0.08537290649937701,0.08537290649937701,0.0,1,0.2723262871237202,0.2723262871237202,0.0,0.9563613822716929,0.8530379316749518
0,7423.94309425354,0.0,29.430699110031128,0.0,passthrough,passthrough,"HistGradientBoostingRegressor(early_stopping=True, max_iter=20000,
                              n_iter_no_change=100, random_state=42,
                              scoring='neg_root_mean_squared_error')",100.0,0.05,squared_error,32,2,1.0,255,1600,FunctionTransformer(func=<function reshape at 0x7fdb1d1c0360>),passthrough,"{'first_scale': 'passthrough', 'frequency': 'passthrough', 'model': HistGradientBoostingRegressor(early_stopping=True, max_iter=20000,
                              n_iter_no_change=100, random_state=42,
                              scoring='neg_root_mean_squared_error'), 'model__l2_regularization': 100, 'model__learning_rate': 0.05, 'model__loss': 'squared_error', 'model__max_bins': 32, 'model__max_depth': 2, 'model__max_features': 1.0, 'model__max_leaf_nodes': 255, 'model__min_samples_leaf': 1600, 'reshape': FunctionTransformer(func=<function reshape at 0x7fdb1d1c0360>), 'second_scale': 'passthrough'}",0.0814874175181689,0.0814874175181689,0.0,1,0.31606274422032776,0.31606274422032776,0.0,0.9583906210318583,0.8270049913873992
0,15292.723507642746,0.0,30.052194118499756,0.0,passthrough,passthrough,"HistGradientBoostingRegressor(early_stopping=True, max_iter=20000,
                              n_iter_no_change=100, random_state=42,
                              scoring='neg_root_mean_squared_error')",400.0,0.02,squared_error,32,2,0.01,127,1600,FunctionTransformer(func=<function reshape at 0x7fdb1d1c0360>),passthrough,"{'first_scale': 'passthrough', 'frequency': 'passthrough', 'model': HistGradientBoostingRegressor(early_stopping=True, max_iter=20000,
                              n_iter_no_change=100, random_state=42,
                              scoring='neg_root_mean_squared_error'), 'model__l2_regularization': 400, 'model__learning_rate': 0.02, 'model__loss': 'squared_error', 'model__max_bins': 32, 'model__max_depth': 2, 'model__max_features': 0.01, 'model__max_leaf_nodes': 127, 'model__min_samples_leaf': 1600, 'reshape': FunctionTransformer(func=<function reshape at 0x7fdb1d1c0360>), 'second_scale': 'passthrough'}",0.08802411749997052,0.08802411749997052,0.0,1,0.24076594415412111,0.24076594415412111,0.0,0.9549742836851836,0.8713403788680282
0,5553.464925289154,0.0,18.784684419631958,0.0,passthrough,passthrough,"HistGradientBoostingRegressor(early_stopping=True, max_iter=20000,
                              n_iter_no_change=100, random_state=42,
                              scoring='neg_root_mean_squared_error')",10.0,0.05,squared_error,32,2,0.01,127,400,FunctionTransformer(func=<function reshape at 0x7fdb1d1c0360>),passthrough,"{'first_scale': 'passthrough', 'frequency': 'passthrough', 'model': HistGradientBoostingRegressor(early_stopping=True, max_iter=20000,
                              n_iter_no_change=100, random_state=42,
                              scoring='neg_root_mean_squared_error'), 'model__l2_regularization': 10, 'model__learning_rate': 0.05, 'model__loss': 'squared_error', 'model__max_bins': 32, 'model__max_depth': 2, 'model__max_features': 0.01, 'model__max_leaf_nodes': 127, 'model__min_samples_leaf': 400, 'reshape': FunctionTransformer(func=<function reshape at 0x7fdb1d1c0360>), 'second_scale': 'passthrough'}",0.08610690549747357,0.08610690549747357,0.0,1,0.25188553470207,0.25188553470207,0.0,0.9559775596228849,0.8649361047487438
0,20074.70796394348,0.0,47.328174352645874,0.0,passthrough,passthrough,"HistGradientBoostingRegressor(early_stopping=True, max_iter=20000,
                              n_iter_no_change=100, random_state=42,
                              scoring='neg_root_mean_squared_error')",400.0,0.02,squared_error,32,2,0.1,255,3200,FunctionTransformer(func=<function reshape at 0x7fdb1d1c0360>),passthrough,"{'first_scale': 'passthrough', 'frequency': 'passthrough', 'model': HistGradientBoostingRegressor(early_stopping=True, max_iter=20000,
                              n_iter_no_change=100, random_state=42,
                              scoring='neg_root_mean_squared_error'), 'model__l2_regularization': 400, 'model__learning_rate': 0.02, 'model__loss': 'squared_error', 'model__max_bins': 32, 'model__max_depth': 2, 'model__max_features': 0.1, 'model__max_leaf_nodes': 255, 'model__min_samples_leaf': 3200, 'reshape': FunctionTransformer(func=<function reshape at 0x7fdb1d1c0360>), 'second_scale': 'passthrough'}",0.08655096578892674,0.08655096578892674,0.0,1,0.2566600619955919,0.2566600619955919,0.0,0.9557452768447633,0.8621716406867069
0,12245.923128843307,0.0,22.192803621292114,0.0,passthrough,passthrough,"HistGradientBoostingRegressor(early_stopping=True, max_iter=20000,
                              n_iter_no_change=100, random_state=42,
                              scoring='neg_root_mean_squared_error')",400.0,0.02,squared_error,32,2,1.0,127,100,FunctionTransformer(func=<function reshape at 0x7fdb1d1c0360>),passthrough,"{'first_scale': 'passthrough', 'frequency': 'passthrough', 'model': HistGradientBoostingRegressor(early_stopping=True, max_iter=20000,
                              n_iter_no_change=100, random_state=42,
                              scoring='neg_root_mean_squared_error'), 'model__l2_regularization': 400, 'model__learning_rate': 0.02, 'model__loss': 'squared_error', 'model__max_bins': 32, 'model__max_depth': 2, 'model__max_features': 1.0, 'model__max_leaf_nodes': 127, 'model__min_samples_leaf': 100, 'reshape': FunctionTransformer(func=<function reshape at 0x7fdb1d1c0360>), 'second_scale': 'passthrough'}",0.0836789963980259,0.0836789963980259,0.0,1,0.2656559829137438,0.2656559829137438,0.0,0.9572465740873529,0.8569387475696593
0,24139.101858377457,0.0,54.19687843322754,0.0,passthrough,passthrough,"HistGradientBoostingRegressor(early_stopping=True, max_iter=20000,
                              n_iter_no_change=100, random_state=42,
                              scoring='neg_root_mean_squared_error')",100.0,0.005,squared_error,32,2,0.01,127,100,FunctionTransformer(func=<function reshape at 0x7fdb1d1c0360>),passthrough,"{'first_scale': 'passthrough', 'frequency': 'passthrough', 'model': HistGradientBoostingRegressor(early_stopping=True, max_iter=20000,
                              n_iter_no_change=100, random_state=42,
                              scoring='neg_root_mean_squared_error'), 'model__l2_regularization': 100, 'model__learning_rate': 0.005, 'model__loss': 'squared_error', 'model__max_bins': 32, 'model__max_depth': 2, 'model__max_features': 0.01, 'model__max_leaf_nodes': 127, 'model__min_samples_leaf': 100, 'reshape': FunctionTransformer(func=<function reshape at 0x7fdb1d1c0360>), 'second_scale': 'passthrough'}",0.08601789097814105,0.08601789097814105,0.0,1,0.17945622716329468,0.17945622716329468,0.0,0.95602411529305,0.905838712374728
0,8073.516271829605,0.0,18.39786434173584,0.0,passthrough,passthrough,"HistGradientBoostingRegressor(early_stopping=True, max_iter=20000,
                              n_iter_no_change=100, random_state=42,
                              scoring='neg_root_mean_squared_error')",0.1,0.05,squared_error,32,2,0.01,127,1600,FunctionTransformer(func=<function reshape at 0x7fdb1d1c0360>),passthrough,"{'first_scale': 'passthrough', 'frequency': 'passthrough', 'model': HistGradientBoostingRegressor(early_stopping=True, max_iter=20000,
                              n_iter_no_change=100, random_state=42,
                              scoring='neg_root_mean_squared_error'), 'model__l2_regularization': 0.1, 'model__learning_rate': 0.05, 'model__loss': 'squared_error', 'model__max_bins': 32, 'model__max_depth': 2, 'model__max_features': 0.01, 'model__max_leaf_nodes': 127, 'model__min_samples_leaf': 1600, 'reshape': FunctionTransformer(func=<function reshape at 0x7fdb1d1c0360>), 'second_scale': 'passthrough'}",0.08455124139883119,0.08455124139883119,0.0,1,0.27679120520341216,0.27679120520341216,0.0,0.9567908646100092,0.8504168359084784
0,18961.70420885086,0.0,49.360637187957764,0.0,passthrough,passthrough,"HistGradientBoostingRegressor(early_stopping=True, max_iter=20000,
                              n_iter_no_change=100, random_state=42,
                              scoring='neg_root_mean_squared_error')",1.0,0.02,squared_error,32,2,0.01,127,1600,FunctionTransformer(func=<function reshape at 0x7fdb1d1c0360>),passthrough,"{'first_scale': 'passthrough', 'frequency': 'passthrough', 'model': HistGradientBoostingRegressor(early_stopping=True, max_iter=20000,
                              n_iter_no_change=100, random_state=42,
                              scoring='neg_root_mean_squared_error'), 'model__l2_regularization': 1, 'model__learning_rate': 0.02, 'model__loss': 'squared_error', 'model__max_bins': 32, 'model__max_depth': 2, 'model__max_features': 0.01, 'model__max_leaf_nodes': 127, 'model__min_samples_leaf': 1600, 'reshape': FunctionTransformer(func=<function reshape at 0x7fdb1d1c0360>), 'second_scale': 'passthrough'}",0.08850648403741557,0.08850648403741557,0.0,1,0.2419000395147074,0.2419000395147074,0.0,0.9547216955545655,0.870689359349988
0,23253.42750477791,0.0,57.62936854362488,0.0,passthrough,passthrough,"HistGradientBoostingRegressor(early_stopping=True, max_iter=20000,
                              n_iter_no_change=100, random_state=42,
                              scoring='neg_root_mean_squared_error')",10.0,0.005,squared_error,32,2,1.0,255,1600,FunctionTransformer(func=<function reshape at 0x7fdb1d1c0360>),passthrough,"{'first_scale': 'passthrough', 'frequency': 'passthrough', 'model': HistGradientBoostingRegressor(early_stopping=True, max_iter=20000,
                              n_iter_no_change=100, random_state=42,
                              scoring='neg_root_mean_squared_error'), 'model__l2_regularization': 10, 'model__learning_rate': 0.005, 'model__loss': 'squared_error', 'model__max_bins': 32, 'model__max_depth': 2, 'model__max_features': 1.0, 'model__max_leaf_nodes': 255, 'model__min_samples_leaf': 1600, 'reshape': FunctionTransformer(func=<function reshape at 0x7fdb1d1c0360>), 'second_scale': 'passthrough'}",0.08422209728854702,0.08422209728854702,0.0,1,0.2007409248180575,0.2007409248180575,0.0,0.9569628533602822,0.8940129054895922
0,12768.416007518768,0.0,32.33902549743652,0.0,passthrough,passthrough,"HistGradientBoostingRegressor(early_stopping=True, max_iter=20000,
                              n_iter_no_change=100, random_state=42,
                              scoring='neg_root_mean_squared_error')",10.0,0.02,squared_error,32,2,1.0,255,1600,FunctionTransformer(func=<function reshape at 0x7fdb1d1c0360>),passthrough,"{'first_scale': 'passthrough', 'frequency': 'passthrough', 'model': HistGradientBoostingRegressor(early_stopping=True, max_iter=20000,
                              n_iter_no_change=100, random_state=42,
                              scoring='neg_root_mean_squared_error'), 'model__l2_regularization': 10, 'model__learning_rate': 0.02, 'model__loss': 'squared_error', 'model__max_bins': 32, 'model__max_depth': 2, 'model__max_features': 1.0, 'model__max_leaf_nodes': 255, 'model__min_samples_leaf': 1600, 'reshape': FunctionTransformer(func=<function reshape at 0x7fdb1d1c0360>), 'second_scale': 'passthrough'}",0.0837623041695803,0.0837623041695803,0.0,1,0.27189875133368047,0.27189875133368047,0.0,0.9572030588283866,0.8532884908788584
0,14144.235798358917,0.0,35.99987006187439,0.0,passthrough,passthrough,"HistGradientBoostingRegressor(early_stopping=True, max_iter=20000,
                              n_iter_no_change=100, random_state=42,
                              scoring='neg_root_mean_squared_error')",10.0,0.02,squared_error,32,2,1.0,127,100,FunctionTransformer(func=<function reshape at 0x7fdb1d1c0360>),passthrough,"{'first_scale': 'passthrough', 'frequency': 'passthrough', 'model': HistGradientBoostingRegressor(early_stopping=True, max_iter=20000,
                              n_iter_no_change=100, random_state=42,
                              scoring='neg_root_mean_squared_error'), 'model__l2_regularization': 10, 'model__learning_rate': 0.02, 'model__loss': 'squared_error', 'model__max_bins': 32, 'model__max_depth': 2, 'model__max_features': 1.0, 'model__max_leaf_nodes': 127, 'model__min_samples_leaf': 100, 'reshape': FunctionTransformer(func=<function reshape at 0x7fdb1d1c0360>), 'second_scale': 'passthrough'}",0.0842976943892606,0.0842976943892606,0.0,1,0.252033352367798,0.252033352367798,0.0,0.9569233540941194,0.8648506504779897
0,5941.371406316757,0.0,14.111220121383667,0.0,passthrough,passthrough,"HistGradientBoostingRegressor(early_stopping=True, max_iter=20000,
                              n_iter_no_change=100, random_state=42,
                              scoring='neg_root_mean_squared_error')",400.0,0.05,squared_error,32,2,0.1,127,400,FunctionTransformer(func=<function reshape at 0x7fdb1d1c0360>),passthrough,"{'first_scale': 'passthrough', 'frequency': 'passthrough', 'model': HistGradientBoostingRegressor(early_stopping=True, max_iter=20000,
                              n_iter_no_change=100, random_state=42,
                              scoring='neg_root_mean_squared_error'), 'model__l2_regularization': 400, 'model__learning_rate': 0.05, 'model__loss': 'squared_error', 'model__max_bins': 32, 'model__max_depth': 2, 'model__max_features': 0.1, 'model__max_leaf_nodes': 127, 'model__min_samples_leaf': 400, 'reshape': FunctionTransformer(func=<function reshape at 0x7fdb1d1c0360>), 'second_scale': 'passthrough'}",0.08430477110180934,0.08430477110180934,0.0,1,0.2730313458394358,0.2730313458394358,0.0,0.9569196564488529,0.8526245681192656
0,17075.620475769043,0.0,53.350834608078,0.0,passthrough,passthrough,"HistGradientBoostingRegressor(early_stopping=True, max_iter=20000,
                              n_iter_no_change=100, random_state=42,
                              scoring='neg_root_mean_squared_error')",1.0,0.02,squared_error,32,2,0.01,127,100,FunctionTransformer(func=<function reshape at 0x7fdb1d1c0360>),passthrough,"{'first_scale': 'passthrough', 'frequency': 'passthrough', 'model': HistGradientBoostingRegressor(early_stopping=True, max_iter=20000,
                              n_iter_no_change=100, random_state=42,
                              scoring='neg_root_mean_squared_error'), 'model__l2_regularization': 1, 'model__learning_rate': 0.02, 'model__loss': 'squared_error', 'model__max_bins': 32, 'model__max_depth': 2, 'model__max_features': 0.01, 'model__max_leaf_nodes': 127, 'model__min_samples_leaf': 100, 'reshape': FunctionTransformer(func=<function reshape at 0x7fdb1d1c0360>), 'second_scale': 'passthrough'}",0.08773622000627768,0.08773622000627768,0.0,1,0.23575932492185647,0.23575932492185647,0.0,0.9551250075219067,0.8742085992931798
0,23653.982915639877,0.0,42.94210767745972,0.0,passthrough,passthrough,"HistGradientBoostingRegressor(early_stopping=True, max_iter=20000,
                              n_iter_no_change=100, random_state=42,
                              scoring='neg_root_mean_squared_error')",0.1,0.02,squared_error,32,2,0.1,255,1600,FunctionTransformer(func=<function reshape at 0x7fdb1d1c0360>),passthrough,"{'first_scale': 'passthrough', 'frequency': 'passthrough', 'model': HistGradientBoostingRegressor(early_stopping=True, max_iter=20000,
                              n_iter_no_change=100, random_state=42,
                              scoring='neg_root_mean_squared_error'), 'model__l2_regularization': 0.1, 'model__learning_rate': 0.02, 'model__loss': 'squared_error', 'model__max_bins': 32, 'model__max_depth': 2, 'model__max_features': 0.1, 'model__max_leaf_nodes': 255, 'model__min_samples_leaf': 1600, 'reshape': FunctionTransformer(func=<function reshape at 0x7fdb1d1c0360>), 'second_scale': 'passthrough'}",0.08743382532677324,0.08743382532677324,0.0,1,0.24950155597504775,0.24950155597504775,0.0,0.9552832955062214,0.8663131327787617
0,23679.90518641472,0.0,64.74826788902283,0.0,passthrough,passthrough,"HistGradientBoostingRegressor(early_stopping=True, max_iter=20000,
                              n_iter_no_change=100, random_state=42,
                              scoring='neg_root_mean_squared_error')",10.0,0.005,squared_error,32,2,0.01,127,1600,FunctionTransformer(func=<function reshape at 0x7fdb1d1c0360>),passthrough,"{'first_scale': 'passthrough', 'frequency': 'passthrough', 'model': HistGradientBoostingRegressor(early_stopping=True, max_iter=20000,
                              n_iter_no_change=100, random_state=42,
                              scoring='neg_root_mean_squared_error'), 'model__l2_regularization': 10, 'model__learning_rate': 0.005, 'model__loss': 'squared_error', 'model__max_bins': 32, 'model__max_depth': 2, 'model__max_features': 0.01, 'model__max_leaf_nodes': 127, 'model__min_samples_leaf': 1600, 'reshape': FunctionTransformer(func=<function reshape at 0x7fdb1d1c0360>), 'second_scale': 'passthrough'}",0.08605562005243217,0.08605562005243217,0.0,1,0.17715226188842748,0.17715226188842748,0.0,0.956004382807719,0.9071095513285992
0,10405.510443687439,0.0,22.553528547286987,0.0,passthrough,passthrough,"HistGradientBoostingRegressor(early_stopping=True, max_iter=20000,
                              n_iter_no_change=100, random_state=42,
                              scoring='neg_root_mean_squared_error')",10.0,0.05,squared_error,32,2,1.0,255,3200,FunctionTransformer(func=<function reshape at 0x7fdb1d1c0360>),passthrough,"{'first_scale': 'passthrough', 'frequency': 'passthrough', 'model': HistGradientBoostingRegressor(early_stopping=True, max_iter=20000,
                              n_iter_no_change=100, random_state=42,
                              scoring='neg_root_mean_squared_error'), 'model__l2_regularization': 10, 'model__learning_rate': 0.05, 'model__loss': 'squared_error', 'model__max_bins': 32, 'model__max_depth': 2, 'model__max_features': 1.0, 'model__max_leaf_nodes': 255, 'model__min_samples_leaf': 3200, 'reshape': FunctionTransformer(func=<function reshape at 0x7fdb1d1c0360>), 'second_scale': 'passthrough'}",0.08380762759988869,0.08380762759988869,0.0,1,0.26241506834417316,0.26241506834417316,0.0,0.957179383605869,0.8588276495641176
0,4537.683492898941,0.0,22.19729256629944,0.0,passthrough,passthrough,"HistGradientBoostingRegressor(early_stopping=True, max_iter=20000,
                              n_iter_no_change=100, random_state=42,
                              scoring='neg_root_mean_squared_error')",0.1,0.05,squared_error,32,2,1.0,255,3200,FunctionTransformer(func=<function reshape at 0x7fdb1d1c0360>),passthrough,"{'first_scale': 'passthrough', 'frequency': 'passthrough', 'model': HistGradientBoostingRegressor(early_stopping=True, max_iter=20000,
                              n_iter_no_change=100, random_state=42,
                              scoring='neg_root_mean_squared_error'), 'model__l2_regularization': 0.1, 'model__learning_rate': 0.05, 'model__loss': 'squared_error', 'model__max_bins': 32, 'model__max_depth': 2, 'model__max_features': 1.0, 'model__max_leaf_nodes': 255, 'model__min_samples_leaf': 3200, 'reshape': FunctionTransformer(func=<function reshape at 0x7fdb1d1c0360>), 'second_scale': 'passthrough'}",0.08456778068932203,0.08456778068932203,0.0,1,0.2523006928515137,0.2523006928515137,0.0,0.9567822214645703,0.8646960779074265
0,9700.39138674736,0.0,20.156309843063354,0.0,passthrough,passthrough,"HistGradientBoostingRegressor(early_stopping=True, max_iter=20000,
                              n_iter_no_change=100, random_state=42,
                              scoring='neg_root_mean_squared_error')",10.0,0.05,squared_error,32,2,1.0,127,3200,FunctionTransformer(func=<function reshape at 0x7fdb1d1c0360>),passthrough,"{'first_scale': 'passthrough', 'frequency': 'passthrough', 'model': HistGradientBoostingRegressor(early_stopping=True, max_iter=20000,
                              n_iter_no_change=100, random_state=42,
                              scoring='neg_root_mean_squared_error'), 'model__l2_regularization': 10, 'model__learning_rate': 0.05, 'model__loss': 'squared_error', 'model__max_bins': 32, 'model__max_depth': 2, 'model__max_features': 1.0, 'model__max_leaf_nodes': 127, 'model__min_samples_leaf': 3200, 'reshape': FunctionTransformer(func=<function reshape at 0x7fdb1d1c0360>), 'second_scale': 'passthrough'}",0.08380762759988869,0.08380762759988869,0.0,1,0.26241506834417316,0.26241506834417316,0.0,0.957179383605869,0.8588276495641176
0,23937.934090852737,0.0,65.51754069328308,0.0,passthrough,passthrough,"HistGradientBoostingRegressor(early_stopping=True, max_iter=20000,
                              n_iter_no_change=100, random_state=42,
                              scoring='neg_root_mean_squared_error')",10.0,0.005,squared_error,32,2,0.1,127,400,FunctionTransformer(func=<function reshape at 0x7fdb1d1c0360>),passthrough,"{'first_scale': 'passthrough', 'frequency': 'passthrough', 'model': HistGradientBoostingRegressor(early_stopping=True, max_iter=20000,
                              n_iter_no_change=100, random_state=42,
                              scoring='neg_root_mean_squared_error'), 'model__l2_regularization': 10, 'model__learning_rate': 0.005, 'model__loss': 'squared_error', 'model__max_bins': 32, 'model__max_depth': 2, 'model__max_features': 0.1, 'model__max_leaf_nodes': 127, 'model__min_samples_leaf': 400, 'reshape': FunctionTransformer(func=<function reshape at 0x7fdb1d1c0360>), 'second_scale': 'passthrough'}",0.08599483946426534,0.08599483946426534,0.0,1,0.19553339072571585,0.19553339072571585,0.0,0.9560361711440287,0.8969206259610067
0,13216.87047958374,0.0,22.11164116859436,0.0,passthrough,passthrough,"HistGradientBoostingRegressor(early_stopping=True, max_iter=20000,
                              n_iter_no_change=100, random_state=42,
                              scoring='neg_root_mean_squared_error')",0.1,0.02,squared_error,32,2,1.0,255,1600,FunctionTransformer(func=<function reshape at 0x7fdb1d1c0360>),passthrough,"{'first_scale': 'passthrough', 'frequency': 'passthrough', 'model': HistGradientBoostingRegressor(early_stopping=True, max_iter=20000,
                              n_iter_no_change=100, random_state=42,
                              scoring='neg_root_mean_squared_error'), 'model__l2_regularization': 0.1, 'model__learning_rate': 0.02, 'model__loss': 'squared_error', 'model__max_bins': 32, 'model__max_depth': 2, 'model__max_features': 1.0, 'model__max_leaf_nodes': 255, 'model__min_samples_leaf': 1600, 'reshape': FunctionTransformer(func=<function reshape at 0x7fdb1d1c0360>), 'second_scale': 'passthrough'}",0.08449457022802698,0.08449457022802698,0.0,1,0.2644094620117786,0.2644094620117786,0.0,0.9568204793857482,0.857665749571604
0,18221.57176876068,0.0,52.83031368255615,0.0,passthrough,passthrough,"HistGradientBoostingRegressor(early_stopping=True, max_iter=20000,
                              n_iter_no_change=100, random_state=42,
                              scoring='neg_root_mean_squared_error')",1.0,0.02,squared_error,32,2,1.0,255,3200,FunctionTransformer(func=<function reshape at 0x7fdb1d1c0360>),passthrough,"{'first_scale': 'passthrough', 'frequency': 'passthrough', 'model': HistGradientBoostingRegressor(early_stopping=True, max_iter=20000,
                              n_iter_no_change=100, random_state=42,
                              scoring='neg_root_mean_squared_error'), 'model__l2_regularization': 1, 'model__learning_rate': 0.02, 'model__loss': 'squared_error', 'model__max_bins': 32, 'model__max_depth': 2, 'model__max_features': 1.0, 'model__max_leaf_nodes': 255, 'model__min_samples_leaf': 3200, 'reshape': FunctionTransformer(func=<function reshape at 0x7fdb1d1c0360>), 'second_scale': 'passthrough'}",0.08416821947992936,0.08416821947992936,0.0,1,0.2719476146900428,0.2719476146900428,0.0,0.9569910033642274,0.8532598580209649
0,22600.49199604988,0.0,42.45283079147339,0.0,passthrough,passthrough,"HistGradientBoostingRegressor(early_stopping=True, max_iter=20000,
                              n_iter_no_change=100, random_state=42,
                              scoring='neg_root_mean_squared_error')",0.1,0.02,squared_error,32,2,0.1,255,100,FunctionTransformer(func=<function reshape at 0x7fdb1d1c0360>),passthrough,"{'first_scale': 'passthrough', 'frequency': 'passthrough', 'model': HistGradientBoostingRegressor(early_stopping=True, max_iter=20000,
                              n_iter_no_change=100, random_state=42,
                              scoring='neg_root_mean_squared_error'), 'model__l2_regularization': 0.1, 'model__learning_rate': 0.02, 'model__loss': 'squared_error', 'model__max_bins': 32, 'model__max_depth': 2, 'model__max_features': 0.1, 'model__max_leaf_nodes': 255, 'model__min_samples_leaf': 100, 'reshape': FunctionTransformer(func=<function reshape at 0x7fdb1d1c0360>), 'second_scale': 'passthrough'}",0.08737108187525533,0.08737108187525533,0.0,1,0.2495680801447725,0.2495680801447725,0.0,0.9553161351745005,0.8662747369369763
0,26943.2127931118,0.0,68.42297172546387,0.0,passthrough,passthrough,"HistGradientBoostingRegressor(early_stopping=True, max_iter=20000,
                              n_iter_no_change=100, random_state=42,
                              scoring='neg_root_mean_squared_error')",1.0,0.01,squared_error,32,2,0.1,255,3200,FunctionTransformer(func=<function reshape at 0x7fdb1d1c0360>),passthrough,"{'first_scale': 'passthrough', 'frequency': 'passthrough', 'model': HistGradientBoostingRegressor(early_stopping=True, max_iter=20000,
                              n_iter_no_change=100, random_state=42,
                              scoring='neg_root_mean_squared_error'), 'model__l2_regularization': 1, 'model__learning_rate': 0.01, 'model__loss': 'squared_error', 'model__max_bins': 32, 'model__max_depth': 2, 'model__max_features': 0.1, 'model__max_leaf_nodes': 255, 'model__min_samples_leaf': 3200, 'reshape': FunctionTransformer(func=<function reshape at 0x7fdb1d1c0360>), 'second_scale': 'passthrough'}",0.08660905634403238,0.08660905634403238,0.0,1,0.22224421083390777,0.22224421083390777,0.0,0.955714886174725,0.8819046372290443
0,18737.86675310135,0.0,38.80225491523743,0.0,passthrough,passthrough,"HistGradientBoostingRegressor(early_stopping=True, max_iter=20000,
                              n_iter_no_change=100, random_state=42,
                              scoring='neg_root_mean_squared_error')",100.0,0.02,squared_error,32,2,0.01,127,3200,FunctionTransformer(func=<function reshape at 0x7fdb1d1c0360>),passthrough,"{'first_scale': 'passthrough', 'frequency': 'passthrough', 'model': HistGradientBoostingRegressor(early_stopping=True, max_iter=20000,
                              n_iter_no_change=100, random_state=42,
                              scoring='neg_root_mean_squared_error'), 'model__l2_regularization': 100, 'model__learning_rate': 0.02, 'model__loss': 'squared_error', 'model__max_bins': 32, 'model__max_depth': 2, 'model__max_features': 0.01, 'model__max_leaf_nodes': 127, 'model__min_samples_leaf': 3200, 'reshape': FunctionTransformer(func=<function reshape at 0x7fdb1d1c0360>), 'second_scale': 'passthrough'}",0.08723278725570549,0.08723278725570549,0.0,1,0.21589419274861632,0.21589419274861632,0.0,0.9553885140320112,0.8854974913862736
0,5419.40479850769,0.0,11.554020881652832,0.0,passthrough,passthrough,"HistGradientBoostingRegressor(early_stopping=True, max_iter=20000,
                              n_iter_no_change=100, random_state=42,
                              scoring='neg_root_mean_squared_error')",400.0,0.05,squared_error,32,2,1.0,127,1600,FunctionTransformer(func=<function reshape at 0x7fdb1d1c0360>),passthrough,"{'first_scale': 'passthrough', 'frequency': 'passthrough', 'model': HistGradientBoostingRegressor(early_stopping=True, max_iter=20000,
                              n_iter_no_change=100, random_state=42,
                              scoring='neg_root_mean_squared_error'), 'model__l2_regularization': 400, 'model__learning_rate': 0.05, 'model__loss': 'squared_error', 'model__max_bins': 32, 'model__max_depth': 2, 'model__max_features': 1.0, 'model__max_leaf_nodes': 127, 'model__min_samples_leaf': 1600, 'reshape': FunctionTransformer(func=<function reshape at 0x7fdb1d1c0360>), 'second_scale': 'passthrough'}",0.08383297003575574,0.08383297003575574,0.0,1,0.27410294731953566,0.27410294731953566,0.0,0.957166145433615,0.8519959229247898
0,19331.732528448105,0.0,59.27190375328064,0.0,passthrough,passthrough,"HistGradientBoostingRegressor(early_stopping=True, max_iter=20000,
                              n_iter_no_change=100, random_state=42,
                              scoring='neg_root_mean_squared_error')",1.0,0.02,squared_error,32,2,1.0,255,400,FunctionTransformer(func=<function reshape at 0x7fdb1d1c0360>),passthrough,"{'first_scale': 'passthrough', 'frequency': 'passthrough', 'model': HistGradientBoostingRegressor(early_stopping=True, max_iter=20000,
                              n_iter_no_change=100, random_state=42,
                              scoring='neg_root_mean_squared_error'), 'model__l2_regularization': 1, 'model__learning_rate': 0.02, 'model__loss': 'squared_error', 'model__max_bins': 32, 'model__max_depth': 2, 'model__max_features': 1.0, 'model__max_leaf_nodes': 255, 'model__min_samples_leaf': 400, 'reshape': FunctionTransformer(func=<function reshape at 0x7fdb1d1c0360>), 'second_scale': 'passthrough'}",0.08256571588509543,0.08256571588509543,0.0,1,0.289627838382541,0.289627838382541,0.0,0.9578278990063427,0.8428357856768179
0,34678.755959033966,0.0,84.57172179222107,0.0,passthrough,passthrough,"HistGradientBoostingRegressor(early_stopping=True, max_iter=20000,
                              n_iter_no_change=100, random_state=42,
                              scoring='neg_root_mean_squared_error')",10.0,0.01,squared_error,32,2,1.0,255,1600,FunctionTransformer(func=<function reshape at 0x7fdb1d1c0360>),passthrough,"{'first_scale': 'passthrough', 'frequency': 'passthrough', 'model': HistGradientBoostingRegressor(early_stopping=True, max_iter=20000,
                              n_iter_no_change=100, random_state=42,
                              scoring='neg_root_mean_squared_error'), 'model__l2_regularization': 10, 'model__learning_rate': 0.01, 'model__loss': 'squared_error', 'model__max_bins': 32, 'model__max_depth': 2, 'model__max_features': 1.0, 'model__max_leaf_nodes': 255, 'model__min_samples_leaf': 1600, 'reshape': FunctionTransformer(func=<function reshape at 0x7fdb1d1c0360>), 'second_scale': 'passthrough'}",0.08422531616022477,0.08422531616022477,0.0,1,0.26741392217461757,0.26741392217461757,0.0,0.9569611715423857,0.8559124241564569
0,24261.238470077515,0.0,43.82391667366028,0.0,passthrough,passthrough,"HistGradientBoostingRegressor(early_stopping=True, max_iter=20000,
                              n_iter_no_change=100, random_state=42,
                              scoring='neg_root_mean_squared_error')",100.0,0.005,squared_error,32,2,0.01,255,100,FunctionTransformer(func=<function reshape at 0x7fdb1d1c0360>),passthrough,"{'first_scale': 'passthrough', 'frequency': 'passthrough', 'model': HistGradientBoostingRegressor(early_stopping=True, max_iter=20000,
                              n_iter_no_change=100, random_state=42,
                              scoring='neg_root_mean_squared_error'), 'model__l2_regularization': 100, 'model__learning_rate': 0.005, 'model__loss': 'squared_error', 'model__max_bins': 32, 'model__max_depth': 2, 'model__max_features': 0.01, 'model__max_leaf_nodes': 255, 'model__min_samples_leaf': 100, 'reshape': FunctionTransformer(func=<function reshape at 0x7fdb1d1c0360>), 'second_scale': 'passthrough'}",0.08601789097814105,0.08601789097814105,0.0,1,0.17945622716329468,0.17945622716329468,0.0,0.95602411529305,0.905838712374728
0,11806.02612376213,0.0,33.414775371551514,0.0,passthrough,passthrough,"HistGradientBoostingRegressor(early_stopping=True, max_iter=20000,
                              n_iter_no_change=100, random_state=42,
                              scoring='neg_root_mean_squared_error')",400.0,0.02,squared_error,32,2,1.0,255,400,FunctionTransformer(func=<function reshape at 0x7fdb1d1c0360>),passthrough,"{'first_scale': 'passthrough', 'frequency': 'passthrough', 'model': HistGradientBoostingRegressor(early_stopping=True, max_iter=20000,
                              n_iter_no_change=100, random_state=42,
                              scoring='neg_root_mean_squared_error'), 'model__l2_regularization': 400, 'model__learning_rate': 0.02, 'model__loss': 'squared_error', 'model__max_bins': 32, 'model__max_depth': 2, 'model__max_features': 1.0, 'model__max_leaf_nodes': 255, 'model__min_samples_leaf': 400, 'reshape': FunctionTransformer(func=<function reshape at 0x7fdb1d1c0360>), 'second_scale': 'passthrough'}",0.0836789963980259,0.0836789963980259,0.0,1,0.2656559829137438,0.2656559829137438,0.0,0.9572465740873529,0.8569387475696593
0,5558.1829199790955,0.0,13.229828596115112,0.0,passthrough,passthrough,"HistGradientBoostingRegressor(early_stopping=True, max_iter=20000,
                              n_iter_no_change=100, random_state=42,
                              scoring='neg_root_mean_squared_error')",400.0,0.05,squared_error,32,2,1.0,255,400,FunctionTransformer(func=<function reshape at 0x7fdb1d1c0360>),passthrough,"{'first_scale': 'passthrough', 'frequency': 'passthrough', 'model': HistGradientBoostingRegressor(early_stopping=True, max_iter=20000,
                              n_iter_no_change=100, random_state=42,
                              scoring='neg_root_mean_squared_error'), 'model__l2_regularization': 400, 'model__learning_rate': 0.05, 'model__loss': 'squared_error', 'model__max_bins': 32, 'model__max_depth': 2, 'model__max_features': 1.0, 'model__max_leaf_nodes': 255, 'model__min_samples_leaf': 400, 'reshape': FunctionTransformer(func=<function reshape at 0x7fdb1d1c0360>), 'second_scale': 'passthrough'}",0.08299228489640509,0.08299228489640509,0.0,1,0.27854827871531374,0.27854827871531374,0.0,0.9576051979305432,0.849383141629669
0,24259.84847855568,0.0,39.62077713012695,0.0,passthrough,passthrough,"HistGradientBoostingRegressor(early_stopping=True, max_iter=20000,
                              n_iter_no_change=100, random_state=42,
                              scoring='neg_root_mean_squared_error')",100.0,0.005,squared_error,32,2,1.0,127,100,FunctionTransformer(func=<function reshape at 0x7fdb1d1c0360>),passthrough,"{'first_scale': 'passthrough', 'frequency': 'passthrough', 'model': HistGradientBoostingRegressor(early_stopping=True, max_iter=20000,
                              n_iter_no_change=100, random_state=42,
                              scoring='neg_root_mean_squared_error'), 'model__l2_regularization': 100, 'model__learning_rate': 0.005, 'model__loss': 'squared_error', 'model__max_bins': 32, 'model__max_depth': 2, 'model__max_features': 1.0, 'model__max_leaf_nodes': 127, 'model__min_samples_leaf': 100, 'reshape': FunctionTransformer(func=<function reshape at 0x7fdb1d1c0360>), 'second_scale': 'passthrough'}",0.08398264112347587,0.08398264112347587,0.0,1,0.20352146331886944,0.20352146331886944,0.0,0.957087957753374,0.89245646206475
0,25486.670750141144,0.0,61.07189202308655,0.0,passthrough,passthrough,"HistGradientBoostingRegressor(early_stopping=True, max_iter=20000,
                              n_iter_no_change=100, random_state=42,
                              scoring='neg_root_mean_squared_error')",100.0,0.0025,squared_error,32,2,1.0,127,400,FunctionTransformer(func=<function reshape at 0x7fdb1d1c0360>),passthrough,"{'first_scale': 'passthrough', 'frequency': 'passthrough', 'model': HistGradientBoostingRegressor(early_stopping=True, max_iter=20000,
                              n_iter_no_change=100, random_state=42,
                              scoring='neg_root_mean_squared_error'), 'model__l2_regularization': 100, 'model__learning_rate': 0.0025, 'model__loss': 'squared_error', 'model__max_bins': 32, 'model__max_depth': 2, 'model__max_features': 1.0, 'model__max_leaf_nodes': 127, 'model__min_samples_leaf': 400, 'reshape': FunctionTransformer(func=<function reshape at 0x7fdb1d1c0360>), 'second_scale': 'passthrough'}",0.08006999434982798,0.08006999434982798,0.0,1,0.15657778601957917,0.15657778601957917,0.0,0.9591298168914216,0.918380212101949
0,23948.25955438614,0.0,61.57712745666504,0.0,passthrough,passthrough,"HistGradientBoostingRegressor(early_stopping=True, max_iter=20000,
                              n_iter_no_change=100, random_state=42,
                              scoring='neg_root_mean_squared_error')",10.0,0.005,squared_error,32,2,0.01,255,400,FunctionTransformer(func=<function reshape at 0x7fdb1d1c0360>),passthrough,"{'first_scale': 'passthrough', 'frequency': 'passthrough', 'model': HistGradientBoostingRegressor(early_stopping=True, max_iter=20000,
                              n_iter_no_change=100, random_state=42,
                              scoring='neg_root_mean_squared_error'), 'model__l2_regularization': 10, 'model__learning_rate': 0.005, 'model__loss': 'squared_error', 'model__max_bins': 32, 'model__max_depth': 2, 'model__max_features': 0.01, 'model__max_leaf_nodes': 255, 'model__min_samples_leaf': 400, 'reshape': FunctionTransformer(func=<function reshape at 0x7fdb1d1c0360>), 'second_scale': 'passthrough'}",0.08620257760772676,0.08620257760772676,0.0,1,0.18075978024134998,0.18075978024134998,0.0,0.9559275194240792,0.9051188981336374
0,24936.25933122635,0.0,89.08860778808594,0.0,passthrough,passthrough,"HistGradientBoostingRegressor(early_stopping=True, max_iter=20000,
                              n_iter_no_change=100, random_state=42,
                              scoring='neg_root_mean_squared_error')",1.0,0.0025,squared_error,32,2,1.0,127,1600,FunctionTransformer(func=<function reshape at 0x7fdb1d1c0360>),passthrough,"{'first_scale': 'passthrough', 'frequency': 'passthrough', 'model': HistGradientBoostingRegressor(early_stopping=True, max_iter=20000,
                              n_iter_no_change=100, random_state=42,
                              scoring='neg_root_mean_squared_error'), 'model__l2_regularization': 1, 'model__learning_rate': 0.0025, 'model__loss': 'squared_error', 'model__max_bins': 32, 'model__max_depth': 2, 'model__max_features': 1.0, 'model__max_leaf_nodes': 127, 'model__min_samples_leaf': 1600, 'reshape': FunctionTransformer(func=<function reshape at 0x7fdb1d1c0360>), 'second_scale': 'passthrough'}",0.0797678954534381,0.0797678954534381,0.0,1,0.1551717670568289,0.1551717670568289,0.0,0.9592872898910743,0.9191453818320424
0,32841.15130639076,0.0,98.85500264167786,0.0,passthrough,passthrough,"HistGradientBoostingRegressor(early_stopping=True, max_iter=20000,
                              n_iter_no_change=100, random_state=42,
                              scoring='neg_root_mean_squared_error')",1.0,0.01,squared_error,32,2,1.0,127,1600,FunctionTransformer(func=<function reshape at 0x7fdb1d1c0360>),passthrough,"{'first_scale': 'passthrough', 'frequency': 'passthrough', 'model': HistGradientBoostingRegressor(early_stopping=True, max_iter=20000,
                              n_iter_no_change=100, random_state=42,
                              scoring='neg_root_mean_squared_error'), 'model__l2_regularization': 1, 'model__learning_rate': 0.01, 'model__loss': 'squared_error', 'model__max_bins': 32, 'model__max_depth': 2, 'model__max_features': 1.0, 'model__max_leaf_nodes': 127, 'model__min_samples_leaf': 1600, 'reshape': FunctionTransformer(func=<function reshape at 0x7fdb1d1c0360>), 'second_scale': 'passthrough'}",0.08449099301010365,0.08449099301010365,0.0,1,0.26244867629072954,0.26244867629072954,0.0,0.9568223487094646,0.8588080831648421
0,5846.216357707977,0.0,17.48101830482483,0.0,passthrough,passthrough,"HistGradientBoostingRegressor(early_stopping=True, max_iter=20000,
                              n_iter_no_change=100, random_state=42,
                              scoring='neg_root_mean_squared_error')",100.0,0.05,squared_error,32,2,1.0,127,100,FunctionTransformer(func=<function reshape at 0x7fdb1d1c0360>),passthrough,"{'first_scale': 'passthrough', 'frequency': 'passthrough', 'model': HistGradientBoostingRegressor(early_stopping=True, max_iter=20000,
                              n_iter_no_change=100, random_state=42,
                              scoring='neg_root_mean_squared_error'), 'model__l2_regularization': 100, 'model__learning_rate': 0.05, 'model__loss': 'squared_error', 'model__max_bins': 32, 'model__max_depth': 2, 'model__max_features': 1.0, 'model__max_leaf_nodes': 127, 'model__min_samples_leaf': 100, 'reshape': FunctionTransformer(func=<function reshape at 0x7fdb1d1c0360>), 'second_scale': 'passthrough'}",0.0831672272514562,0.0831672272514562,0.0,1,0.26847596888888337,0.26847596888888337,0.0,0.9575138498990726,0.8552917812718164
0,8593.089187383652,0.0,25.93781089782715,0.0,passthrough,passthrough,"HistGradientBoostingRegressor(early_stopping=True, max_iter=20000,
                              n_iter_no_change=100, random_state=42,
                              scoring='neg_root_mean_squared_error')",100.0,0.05,squared_error,32,2,1.0,127,1600,FunctionTransformer(func=<function reshape at 0x7fdb1d1c0360>),passthrough,"{'first_scale': 'passthrough', 'frequency': 'passthrough', 'model': HistGradientBoostingRegressor(early_stopping=True, max_iter=20000,
                              n_iter_no_change=100, random_state=42,
                              scoring='neg_root_mean_squared_error'), 'model__l2_regularization': 100, 'model__learning_rate': 0.05, 'model__loss': 'squared_error', 'model__max_bins': 32, 'model__max_depth': 2, 'model__max_features': 1.0, 'model__max_leaf_nodes': 127, 'model__min_samples_leaf': 1600, 'reshape': FunctionTransformer(func=<function reshape at 0x7fdb1d1c0360>), 'second_scale': 'passthrough'}",0.0814874175181689,0.0814874175181689,0.0,1,0.31606274422032776,0.31606274422032776,0.0,0.9583906210318583,0.8270049913873992
0,25072.636160612106,0.0,85.44228267669678,0.0,passthrough,passthrough,"HistGradientBoostingRegressor(early_stopping=True, max_iter=20000,
                              n_iter_no_change=100, random_state=42,
                              scoring='neg_root_mean_squared_error')",1.0,0.0025,squared_error,32,2,1.0,255,100,FunctionTransformer(func=<function reshape at 0x7fdb1d1c0360>),passthrough,"{'first_scale': 'passthrough', 'frequency': 'passthrough', 'model': HistGradientBoostingRegressor(early_stopping=True, max_iter=20000,
                              n_iter_no_change=100, random_state=42,
                              scoring='neg_root_mean_squared_error'), 'model__l2_regularization': 1, 'model__learning_rate': 0.0025, 'model__loss': 'squared_error', 'model__max_bins': 32, 'model__max_depth': 2, 'model__max_features': 1.0, 'model__max_leaf_nodes': 255, 'model__min_samples_leaf': 100, 'reshape': FunctionTransformer(func=<function reshape at 0x7fdb1d1c0360>), 'second_scale': 'passthrough'}",0.08026502675227098,0.08026502675227098,0.0,1,0.15784280523211047,0.15784280523211047,0.0,0.9590281399665648,0.9176912306260149
0,26790.661006450653,0.0,75.66088032722473,0.0,passthrough,passthrough,"HistGradientBoostingRegressor(early_stopping=True, max_iter=20000,
                              n_iter_no_change=100, random_state=42,
                              scoring='neg_root_mean_squared_error')",400.0,0.01,squared_error,32,2,0.1,127,100,FunctionTransformer(func=<function reshape at 0x7fdb1d1c0360>),passthrough,"{'first_scale': 'passthrough', 'frequency': 'passthrough', 'model': HistGradientBoostingRegressor(early_stopping=True, max_iter=20000,
                              n_iter_no_change=100, random_state=42,
                              scoring='neg_root_mean_squared_error'), 'model__l2_regularization': 400, 'model__learning_rate': 0.01, 'model__loss': 'squared_error', 'model__max_bins': 32, 'model__max_depth': 2, 'model__max_features': 0.1, 'model__max_leaf_nodes': 127, 'model__min_samples_leaf': 100, 'reshape': FunctionTransformer(func=<function reshape at 0x7fdb1d1c0360>), 'second_scale': 'passthrough'}",0.08727961558308128,0.08727961558308128,0.0,1,0.24250925687216784,0.24250925687216784,0.0,0.9553640062389407,0.8703394413261024
0,25076.9361140728,0.0,85.89311051368713,0.0,passthrough,passthrough,"HistGradientBoostingRegressor(early_stopping=True, max_iter=20000,
                              n_iter_no_change=100, random_state=42,
                              scoring='neg_root_mean_squared_error')",1.0,0.0025,squared_error,32,2,1.0,255,400,FunctionTransformer(func=<function reshape at 0x7fdb1d1c0360>),passthrough,"{'first_scale': 'passthrough', 'frequency': 'passthrough', 'model': HistGradientBoostingRegressor(early_stopping=True, max_iter=20000,
                              n_iter_no_change=100, random_state=42,
                              scoring='neg_root_mean_squared_error'), 'model__l2_regularization': 1, 'model__learning_rate': 0.0025, 'model__loss': 'squared_error', 'model__max_bins': 32, 'model__max_depth': 2, 'model__max_features': 1.0, 'model__max_leaf_nodes': 255, 'model__min_samples_leaf': 400, 'reshape': FunctionTransformer(func=<function reshape at 0x7fdb1d1c0360>), 'second_scale': 'passthrough'}",0.08014337934076332,0.08014337934076332,0.0,1,0.1578400832778698,0.1578400832778698,0.0,0.9590915601021817,0.9176927136695214
0,24460.291540384293,0.0,46.34654116630554,0.0,passthrough,passthrough,"HistGradientBoostingRegressor(early_stopping=True, max_iter=20000,
                              n_iter_no_change=100, random_state=42,
                              scoring='neg_root_mean_squared_error')",400.0,0.01,squared_error,32,2,0.01,127,100,FunctionTransformer(func=<function reshape at 0x7fdb1d1c0360>),passthrough,"{'first_scale': 'passthrough', 'frequency': 'passthrough', 'model': HistGradientBoostingRegressor(early_stopping=True, max_iter=20000,
                              n_iter_no_change=100, random_state=42,
                              scoring='neg_root_mean_squared_error'), 'model__l2_regularization': 400, 'model__learning_rate': 0.01, 'model__loss': 'squared_error', 'model__max_bins': 32, 'model__max_depth': 2, 'model__max_features': 0.01, 'model__max_leaf_nodes': 127, 'model__min_samples_leaf': 100, 'reshape': FunctionTransformer(func=<function reshape at 0x7fdb1d1c0360>), 'second_scale': 'passthrough'}",0.0888358908951965,0.0888358908951965,0.0,1,0.22944117196487235,0.22944117196487235,0.0,0.9545491653680305,0.8778148028115769
0,23643.504696130753,0.0,42.369643688201904,0.0,passthrough,passthrough,"HistGradientBoostingRegressor(early_stopping=True, max_iter=20000,
                              n_iter_no_change=100, random_state=42,
                              scoring='neg_root_mean_squared_error')",0.1,0.02,squared_error,32,2,0.1,127,1600,FunctionTransformer(func=<function reshape at 0x7fdb1d1c0360>),passthrough,"{'first_scale': 'passthrough', 'frequency': 'passthrough', 'model': HistGradientBoostingRegressor(early_stopping=True, max_iter=20000,
                              n_iter_no_change=100, random_state=42,
                              scoring='neg_root_mean_squared_error'), 'model__l2_regularization': 0.1, 'model__learning_rate': 0.02, 'model__loss': 'squared_error', 'model__max_bins': 32, 'model__max_depth': 2, 'model__max_features': 0.1, 'model__max_leaf_nodes': 127, 'model__min_samples_leaf': 1600, 'reshape': FunctionTransformer(func=<function reshape at 0x7fdb1d1c0360>), 'second_scale': 'passthrough'}",0.08743382532677324,0.08743382532677324,0.0,1,0.24950155597504775,0.24950155597504775,0.0,0.9552832955062214,0.8663131327787617
0,5917.945743322372,0.0,11.816731691360474,0.0,passthrough,passthrough,"HistGradientBoostingRegressor(early_stopping=True, max_iter=20000,
                              n_iter_no_change=100, random_state=42,
                              scoring='neg_root_mean_squared_error')",400.0,0.05,squared_error,32,2,0.1,127,3200,FunctionTransformer(func=<function reshape at 0x7fdb1d1c0360>),passthrough,"{'first_scale': 'passthrough', 'frequency': 'passthrough', 'model': HistGradientBoostingRegressor(early_stopping=True, max_iter=20000,
                              n_iter_no_change=100, random_state=42,
                              scoring='neg_root_mean_squared_error'), 'model__l2_regularization': 400, 'model__learning_rate': 0.05, 'model__loss': 'squared_error', 'model__max_bins': 32, 'model__max_depth': 2, 'model__max_features': 0.1, 'model__max_leaf_nodes': 127, 'model__min_samples_leaf': 3200, 'reshape': FunctionTransformer(func=<function reshape at 0x7fdb1d1c0360>), 'second_scale': 'passthrough'}",0.08659647113238722,0.08659647113238722,0.0,1,0.25617842640641353,0.25617842640641353,0.0,0.955721470339352,0.8624509108312116
0,17310.050906181335,0.0,52.54668164253235,0.0,passthrough,passthrough,"HistGradientBoostingRegressor(early_stopping=True, max_iter=20000,
                              n_iter_no_change=100, random_state=42,
                              scoring='neg_root_mean_squared_error')",100.0,0.02,squared_error,32,2,0.1,127,100,FunctionTransformer(func=<function reshape at 0x7fdb1d1c0360>),passthrough,"{'first_scale': 'passthrough', 'frequency': 'passthrough', 'model': HistGradientBoostingRegressor(early_stopping=True, max_iter=20000,
                              n_iter_no_change=100, random_state=42,
                              scoring='neg_root_mean_squared_error'), 'model__l2_regularization': 100, 'model__learning_rate': 0.02, 'model__loss': 'squared_error', 'model__max_bins': 32, 'model__max_depth': 2, 'model__max_features': 0.1, 'model__max_leaf_nodes': 127, 'model__min_samples_leaf': 100, 'reshape': FunctionTransformer(func=<function reshape at 0x7fdb1d1c0360>), 'second_scale': 'passthrough'}",0.08546786413223273,0.08546786413223273,0.0,1,0.2800822206072868,0.2800822206072868,0.0,0.9563117357158006,0.8484796870831459
0,11117.054497480392,0.0,35.46940469741821,0.0,passthrough,passthrough,"HistGradientBoostingRegressor(early_stopping=True, max_iter=20000,
                              n_iter_no_change=100, random_state=42,
                              scoring='neg_root_mean_squared_error')",1.0,0.05,squared_error,32,2,0.01,127,3200,FunctionTransformer(func=<function reshape at 0x7fdb1d1c0360>),passthrough,"{'first_scale': 'passthrough', 'frequency': 'passthrough', 'model': HistGradientBoostingRegressor(early_stopping=True, max_iter=20000,
                              n_iter_no_change=100, random_state=42,
                              scoring='neg_root_mean_squared_error'), 'model__l2_regularization': 1, 'model__learning_rate': 0.05, 'model__loss': 'squared_error', 'model__max_bins': 32, 'model__max_depth': 2, 'model__max_features': 0.01, 'model__max_leaf_nodes': 127, 'model__min_samples_leaf': 3200, 'reshape': FunctionTransformer(func=<function reshape at 0x7fdb1d1c0360>), 'second_scale': 'passthrough'}",0.08431263695331714,0.08431263695331714,0.0,1,0.27375872839992266,0.27375872839992266,0.0,0.9569155464546926,0.8521979063574829
0,34661.5482647419,0.0,105.8332793712616,0.0,passthrough,passthrough,"HistGradientBoostingRegressor(early_stopping=True, max_iter=20000,
                              n_iter_no_change=100, random_state=42,
                              scoring='neg_root_mean_squared_error')",1.0,0.005,squared_error,32,2,0.1,127,400,FunctionTransformer(func=<function reshape at 0x7fdb1d1c0360>),passthrough,"{'first_scale': 'passthrough', 'frequency': 'passthrough', 'model': HistGradientBoostingRegressor(early_stopping=True, max_iter=20000,
                              n_iter_no_change=100, random_state=42,
                              scoring='neg_root_mean_squared_error'), 'model__l2_regularization': 1, 'model__learning_rate': 0.005, 'model__loss': 'squared_error', 'model__max_bins': 32, 'model__max_depth': 2, 'model__max_features': 0.1, 'model__max_leaf_nodes': 127, 'model__min_samples_leaf': 400, 'reshape': FunctionTransformer(func=<function reshape at 0x7fdb1d1c0360>), 'second_scale': 'passthrough'}",0.08649760436782028,0.08649760436782028,0.0,1,0.19567193914996417,0.19567193914996417,0.0,0.9557731925682891,0.8968433870247557
0,24979.193874835968,0.0,45.41060018539429,0.0,passthrough,passthrough,"HistGradientBoostingRegressor(early_stopping=True, max_iter=20000,
                              n_iter_no_change=100, random_state=42,
                              scoring='neg_root_mean_squared_error')",400.0,0.005,squared_error,32,2,1.0,127,1600,FunctionTransformer(func=<function reshape at 0x7fdb1d1c0360>),passthrough,"{'first_scale': 'passthrough', 'frequency': 'passthrough', 'model': HistGradientBoostingRegressor(early_stopping=True, max_iter=20000,
                              n_iter_no_change=100, random_state=42,
                              scoring='neg_root_mean_squared_error'), 'model__l2_regularization': 400, 'model__learning_rate': 0.005, 'model__loss': 'squared_error', 'model__max_bins': 32, 'model__max_depth': 2, 'model__max_features': 1.0, 'model__max_leaf_nodes': 127, 'model__min_samples_leaf': 1600, 'reshape': FunctionTransformer(func=<function reshape at 0x7fdb1d1c0360>), 'second_scale': 'passthrough'}",0.08375700790039087,0.08375700790039087,0.0,1,0.19600535639419647,0.19600535639419647,0.0,0.9572058253581667,0.8966574839958699
0,6383.5507376194,0.0,10.481204748153687,0.0,passthrough,passthrough,"HistGradientBoostingRegressor(early_stopping=True, max_iter=20000,
                              n_iter_no_change=100, random_state=42,
                              scoring='neg_root_mean_squared_error')",0.1,0.05,squared_error,32,2,0.01,127,3200,FunctionTransformer(func=<function reshape at 0x7fdb1d1c0360>),passthrough,"{'first_scale': 'passthrough', 'frequency': 'passthrough', 'model': HistGradientBoostingRegressor(early_stopping=True, max_iter=20000,
                              n_iter_no_change=100, random_state=42,
                              scoring='neg_root_mean_squared_error'), 'model__l2_regularization': 0.1, 'model__learning_rate': 0.05, 'model__loss': 'squared_error', 'model__max_bins': 32, 'model__max_depth': 2, 'model__max_features': 0.01, 'model__max_leaf_nodes': 127, 'model__min_samples_leaf': 3200, 'reshape': FunctionTransformer(func=<function reshape at 0x7fdb1d1c0360>), 'second_scale': 'passthrough'}",0.0856579851886955,0.0856579851886955,0.0,1,0.23472244170043433,0.23472244170043433,0.0,0.9562123272638272,0.8748014393561351
0,33478.754798173904,0.0,104.6939115524292,0.0,passthrough,passthrough,"HistGradientBoostingRegressor(early_stopping=True, max_iter=20000,
                              n_iter_no_change=100, random_state=42,
                              scoring='neg_root_mean_squared_error')",1.0,0.01,squared_error,32,2,0.01,127,3200,FunctionTransformer(func=<function reshape at 0x7fdb1d1c0360>),passthrough,"{'first_scale': 'passthrough', 'frequency': 'passthrough', 'model': HistGradientBoostingRegressor(early_stopping=True, max_iter=20000,
                              n_iter_no_change=100, random_state=42,
                              scoring='neg_root_mean_squared_error'), 'model__l2_regularization': 1, 'model__learning_rate': 0.01, 'model__loss': 'squared_error', 'model__max_bins': 32, 'model__max_depth': 2, 'model__max_features': 0.01, 'model__max_leaf_nodes': 127, 'model__min_samples_leaf': 3200, 'reshape': FunctionTransformer(func=<function reshape at 0x7fdb1d1c0360>), 'second_scale': 'passthrough'}",0.08797283023401914,0.08797283023401914,0.0,1,0.22364092629932097,0.22364092629932097,0.0,0.9550011360024557,0.881112406961041
0,26716.613113880157,0.0,83.53272414207458,0.0,passthrough,passthrough,"HistGradientBoostingRegressor(early_stopping=True, max_iter=20000,
                              n_iter_no_change=100, random_state=42,
                              scoring='neg_root_mean_squared_error')",400.0,0.01,squared_error,32,2,0.1,255,100,FunctionTransformer(func=<function reshape at 0x7fdb1d1c0360>),passthrough,"{'first_scale': 'passthrough', 'frequency': 'passthrough', 'model': HistGradientBoostingRegressor(early_stopping=True, max_iter=20000,
                              n_iter_no_change=100, random_state=42,
                              scoring='neg_root_mean_squared_error'), 'model__l2_regularization': 400, 'model__learning_rate': 0.01, 'model__loss': 'squared_error', 'model__max_bins': 32, 'model__max_depth': 2, 'model__max_features': 0.1, 'model__max_leaf_nodes': 255, 'model__min_samples_leaf': 100, 'reshape': FunctionTransformer(func=<function reshape at 0x7fdb1d1c0360>), 'second_scale': 'passthrough'}",0.08727961558308128,0.08727961558308128,0.0,1,0.24250925687216784,0.24250925687216784,0.0,0.9553640062389407,0.8703394413261024
0,24753.71160364151,0.0,49.22410750389099,0.0,passthrough,passthrough,"HistGradientBoostingRegressor(early_stopping=True, max_iter=20000,
                              n_iter_no_change=100, random_state=42,
                              scoring='neg_root_mean_squared_error')",400.0,0.01,squared_error,32,2,0.01,255,400,FunctionTransformer(func=<function reshape at 0x7fdb1d1c0360>),passthrough,"{'first_scale': 'passthrough', 'frequency': 'passthrough', 'model': HistGradientBoostingRegressor(early_stopping=True, max_iter=20000,
                              n_iter_no_change=100, random_state=42,
                              scoring='neg_root_mean_squared_error'), 'model__l2_regularization': 400, 'model__learning_rate': 0.01, 'model__loss': 'squared_error', 'model__max_bins': 32, 'model__max_depth': 2, 'model__max_features': 0.01, 'model__max_leaf_nodes': 255, 'model__min_samples_leaf': 400, 'reshape': FunctionTransformer(func=<function reshape at 0x7fdb1d1c0360>), 'second_scale': 'passthrough'}",0.08849610146401565,0.08849610146401565,0.0,1,0.22948267694549607,0.22948267694549607,0.0,0.954727133025968,0.8777911614128407
0,24234.673273086548,0.0,44.77829313278198,0.0,passthrough,passthrough,"HistGradientBoostingRegressor(early_stopping=True, max_iter=20000,
                              n_iter_no_change=100, random_state=42,
                              scoring='neg_root_mean_squared_error')",400.0,0.01,squared_error,32,2,0.01,127,1600,FunctionTransformer(func=<function reshape at 0x7fdb1d1c0360>),passthrough,"{'first_scale': 'passthrough', 'frequency': 'passthrough', 'model': HistGradientBoostingRegressor(early_stopping=True, max_iter=20000,
                              n_iter_no_change=100, random_state=42,
                              scoring='neg_root_mean_squared_error'), 'model__l2_regularization': 400, 'model__learning_rate': 0.01, 'model__loss': 'squared_error', 'model__max_bins': 32, 'model__max_depth': 2, 'model__max_features': 0.01, 'model__max_leaf_nodes': 127, 'model__min_samples_leaf': 1600, 'reshape': FunctionTransformer(func=<function reshape at 0x7fdb1d1c0360>), 'second_scale': 'passthrough'}",0.08830083744058337,0.08830083744058337,0.0,1,0.22570238856260838,0.22570238856260838,0.0,0.9548293892415632,0.8799418227572727
0,13534.085231304169,0.0,26.020362854003906,0.0,passthrough,passthrough,"HistGradientBoostingRegressor(early_stopping=True, max_iter=20000,
                              n_iter_no_change=100, random_state=42,
                              scoring='neg_root_mean_squared_error')",100.0,0.05,squared_error,32,2,0.01,127,400,FunctionTransformer(func=<function reshape at 0x7fdb1d1c0360>),passthrough,"{'first_scale': 'passthrough', 'frequency': 'passthrough', 'model': HistGradientBoostingRegressor(early_stopping=True, max_iter=20000,
                              n_iter_no_change=100, random_state=42,
                              scoring='neg_root_mean_squared_error'), 'model__l2_regularization': 100, 'model__learning_rate': 0.05, 'model__loss': 'squared_error', 'model__max_bins': 32, 'model__max_depth': 2, 'model__max_features': 0.01, 'model__max_leaf_nodes': 127, 'model__min_samples_leaf': 400, 'reshape': FunctionTransformer(func=<function reshape at 0x7fdb1d1c0360>), 'second_scale': 'passthrough'}",0.08452034253929308,0.08452034253929308,0.0,1,0.2757260791149061,0.2757260791149061,0.0,0.9568070116072033,0.8510428431548519
0,24428.806143522263,0.0,40.48640775680542,0.0,passthrough,passthrough,"HistGradientBoostingRegressor(early_stopping=True, max_iter=20000,
                              n_iter_no_change=100, random_state=42,
                              scoring='neg_root_mean_squared_error')",100.0,0.0025,squared_error,32,2,1.0,255,100,FunctionTransformer(func=<function reshape at 0x7fdb1d1c0360>),passthrough,"{'first_scale': 'passthrough', 'frequency': 'passthrough', 'model': HistGradientBoostingRegressor(early_stopping=True, max_iter=20000,
                              n_iter_no_change=100, random_state=42,
                              scoring='neg_root_mean_squared_error'), 'model__l2_regularization': 100, 'model__learning_rate': 0.0025, 'model__loss': 'squared_error', 'model__max_bins': 32, 'model__max_depth': 2, 'model__max_features': 1.0, 'model__max_leaf_nodes': 255, 'model__min_samples_leaf': 100, 'reshape': FunctionTransformer(func=<function reshape at 0x7fdb1d1c0360>), 'second_scale': 'passthrough'}",0.08006999434982798,0.08006999434982798,0.0,1,0.15657778601957917,0.15657778601957917,0.0,0.9591298168914216,0.918380212101949
0,25556.15641093254,0.0,50.41814732551575,0.0,passthrough,passthrough,"HistGradientBoostingRegressor(early_stopping=True, max_iter=20000,
                              n_iter_no_change=100, random_state=42,
                              scoring='neg_root_mean_squared_error')",400.0,0.005,squared_error,32,2,0.01,255,100,FunctionTransformer(func=<function reshape at 0x7fdb1d1c0360>),passthrough,"{'first_scale': 'passthrough', 'frequency': 'passthrough', 'model': HistGradientBoostingRegressor(early_stopping=True, max_iter=20000,
                              n_iter_no_change=100, random_state=42,
                              scoring='neg_root_mean_squared_error'), 'model__l2_regularization': 400, 'model__learning_rate': 0.005, 'model__loss': 'squared_error', 'model__max_bins': 32, 'model__max_depth': 2, 'model__max_features': 0.01, 'model__max_leaf_nodes': 255, 'model__min_samples_leaf': 100, 'reshape': FunctionTransformer(func=<function reshape at 0x7fdb1d1c0360>), 'second_scale': 'passthrough'}",0.08579739411200038,0.08579739411200038,0.0,1,0.17593100830735497,0.17593100830735497,0.0,0.9561394280584813,0.9077824583525752
0,4454.630401134491,0.0,17.83595085144043,0.0,passthrough,passthrough,"HistGradientBoostingRegressor(early_stopping=True, max_iter=20000,
                              n_iter_no_change=100, random_state=42,
                              scoring='neg_root_mean_squared_error')",100.0,0.05,squared_error,32,2,0.1,127,100,FunctionTransformer(func=<function reshape at 0x7fdb1d1c0360>),passthrough,"{'first_scale': 'passthrough', 'frequency': 'passthrough', 'model': HistGradientBoostingRegressor(early_stopping=True, max_iter=20000,
                              n_iter_no_change=100, random_state=42,
                              scoring='neg_root_mean_squared_error'), 'model__l2_regularization': 100, 'model__learning_rate': 0.05, 'model__loss': 'squared_error', 'model__max_bins': 32, 'model__max_depth': 2, 'model__max_features': 0.1, 'model__max_leaf_nodes': 127, 'model__min_samples_leaf': 100, 'reshape': FunctionTransformer(func=<function reshape at 0x7fdb1d1c0360>), 'second_scale': 'passthrough'}",0.0851117085941333,0.0851117085941333,0.0,1,0.2226661670611143,0.2226661670611143,0.0,0.9564979306856166,0.8816653746965941
0,23868.36821913719,0.0,62.70311522483826,0.0,passthrough,passthrough,"HistGradientBoostingRegressor(early_stopping=True, max_iter=20000,
                              n_iter_no_change=100, random_state=42,
                              scoring='neg_root_mean_squared_error')",10.0,0.005,squared_error,32,2,1.0,127,100,FunctionTransformer(func=<function reshape at 0x7fdb1d1c0360>),passthrough,"{'first_scale': 'passthrough', 'frequency': 'passthrough', 'model': HistGradientBoostingRegressor(early_stopping=True, max_iter=20000,
                              n_iter_no_change=100, random_state=42,
                              scoring='neg_root_mean_squared_error'), 'model__l2_regularization': 10, 'model__learning_rate': 0.005, 'model__loss': 'squared_error', 'model__max_bins': 32, 'model__max_depth': 2, 'model__max_features': 1.0, 'model__max_leaf_nodes': 127, 'model__min_samples_leaf': 100, 'reshape': FunctionTransformer(func=<function reshape at 0x7fdb1d1c0360>), 'second_scale': 'passthrough'}",0.08428471474216337,0.08428471474216337,0.0,1,0.20551686889192688,0.20551686889192688,0.0,0.9569301360380686,0.8913378321983607
0,6668.3240122795105,0.0,21.218084812164307,0.0,passthrough,passthrough,"HistGradientBoostingRegressor(early_stopping=True, max_iter=20000,
                              n_iter_no_change=100, random_state=42,
                              scoring='neg_root_mean_squared_error')",10.0,0.05,squared_error,32,2,0.1,127,400,FunctionTransformer(func=<function reshape at 0x7fdb1d1c0360>),passthrough,"{'first_scale': 'passthrough', 'frequency': 'passthrough', 'model': HistGradientBoostingRegressor(early_stopping=True, max_iter=20000,
                              n_iter_no_change=100, random_state=42,
                              scoring='neg_root_mean_squared_error'), 'model__l2_regularization': 10, 'model__learning_rate': 0.05, 'model__loss': 'squared_error', 'model__max_bins': 32, 'model__max_depth': 2, 'model__max_features': 0.1, 'model__max_leaf_nodes': 127, 'model__min_samples_leaf': 400, 'reshape': FunctionTransformer(func=<function reshape at 0x7fdb1d1c0360>), 'second_scale': 'passthrough'}",0.08514729843074309,0.08514729843074309,0.0,1,0.2483543995698203,0.2483543995698203,0.0,0.9564793262633839,0.8669749710517483
0,23370.69871044159,0.0,58.71778130531311,0.0,passthrough,passthrough,"HistGradientBoostingRegressor(early_stopping=True, max_iter=20000,
                              n_iter_no_change=100, random_state=42,
                              scoring='neg_root_mean_squared_error')",10.0,0.01,squared_error,32,2,0.01,127,100,FunctionTransformer(func=<function reshape at 0x7fdb1d1c0360>),passthrough,"{'first_scale': 'passthrough', 'frequency': 'passthrough', 'model': HistGradientBoostingRegressor(early_stopping=True, max_iter=20000,
                              n_iter_no_change=100, random_state=42,
                              scoring='neg_root_mean_squared_error'), 'model__l2_regularization': 10, 'model__learning_rate': 0.01, 'model__loss': 'squared_error', 'model__max_bins': 32, 'model__max_depth': 2, 'model__max_features': 0.01, 'model__max_leaf_nodes': 127, 'model__min_samples_leaf': 100, 'reshape': FunctionTransformer(func=<function reshape at 0x7fdb1d1c0360>), 'second_scale': 'passthrough'}",0.0881942057101045,0.0881942057101045,0.0,1,0.2372507983347122,0.2372507983347122,0.0,0.9548852257155807,0.8733551406302523
0,33796.67723822594,0.0,101.44036555290222,0.0,passthrough,passthrough,"HistGradientBoostingRegressor(early_stopping=True, max_iter=20000,
                              n_iter_no_change=100, random_state=42,
                              scoring='neg_root_mean_squared_error')",10.0,0.01,squared_error,32,2,1.0,127,400,FunctionTransformer(func=<function reshape at 0x7fdb1d1c0360>),passthrough,"{'first_scale': 'passthrough', 'frequency': 'passthrough', 'model': HistGradientBoostingRegressor(early_stopping=True, max_iter=20000,
                              n_iter_no_change=100, random_state=42,
                              scoring='neg_root_mean_squared_error'), 'model__l2_regularization': 10, 'model__learning_rate': 0.01, 'model__loss': 'squared_error', 'model__max_bins': 32, 'model__max_depth': 2, 'model__max_features': 1.0, 'model__max_leaf_nodes': 127, 'model__min_samples_leaf': 400, 'reshape': FunctionTransformer(func=<function reshape at 0x7fdb1d1c0360>), 'second_scale': 'passthrough'}",0.08362816438984877,0.08362816438984877,0.0,1,0.2713404798000961,0.2713404798000961,0.0,0.9572731248761511,0.853615557613557
0,7849.4567239284515,0.0,18.980310440063477,0.0,passthrough,passthrough,"HistGradientBoostingRegressor(early_stopping=True, max_iter=20000,
                              n_iter_no_change=100, random_state=42,
                              scoring='neg_root_mean_squared_error')",400.0,0.05,squared_error,32,2,0.01,127,1600,FunctionTransformer(func=<function reshape at 0x7fdb1d1c0360>),passthrough,"{'first_scale': 'passthrough', 'frequency': 'passthrough', 'model': HistGradientBoostingRegressor(early_stopping=True, max_iter=20000,
                              n_iter_no_change=100, random_state=42,
                              scoring='neg_root_mean_squared_error'), 'model__l2_regularization': 400, 'model__learning_rate': 0.05, 'model__loss': 'squared_error', 'model__max_bins': 32, 'model__max_depth': 2, 'model__max_features': 0.01, 'model__max_leaf_nodes': 127, 'model__min_samples_leaf': 1600, 'reshape': FunctionTransformer(func=<function reshape at 0x7fdb1d1c0360>), 'second_scale': 'passthrough'}",0.08590698508546901,0.08590698508546901,0.0,1,0.2772831061062013,0.2772831061062013,0.0,0.9560821172443981,0.8501275750696472
0,23757.325573444366,0.0,60.03478646278381,0.0,passthrough,passthrough,"HistGradientBoostingRegressor(early_stopping=True, max_iter=20000,
                              n_iter_no_change=100, random_state=42,
                              scoring='neg_root_mean_squared_error')",10.0,0.005,squared_error,32,2,0.1,127,1600,FunctionTransformer(func=<function reshape at 0x7fdb1d1c0360>),passthrough,"{'first_scale': 'passthrough', 'frequency': 'passthrough', 'model': HistGradientBoostingRegressor(early_stopping=True, max_iter=20000,
                              n_iter_no_change=100, random_state=42,
                              scoring='neg_root_mean_squared_error'), 'model__l2_regularization': 10, 'model__learning_rate': 0.005, 'model__loss': 'squared_error', 'model__max_bins': 32, 'model__max_depth': 2, 'model__max_features': 0.1, 'model__max_leaf_nodes': 127, 'model__min_samples_leaf': 1600, 'reshape': FunctionTransformer(func=<function reshape at 0x7fdb1d1c0360>), 'second_scale': 'passthrough'}",0.08604094737696388,0.08604094737696388,0.0,1,0.19129964467323124,0.19129964467323124,0.0,0.9560120567351837,0.8992776853268232
0,26753.553154468536,0.0,79.4685571193695,0.0,passthrough,passthrough,"HistGradientBoostingRegressor(early_stopping=True, max_iter=20000,
                              n_iter_no_change=100, random_state=42,
                              scoring='neg_root_mean_squared_error')",1.0,0.01,squared_error,32,2,1.0,127,100,FunctionTransformer(func=<function reshape at 0x7fdb1d1c0360>),passthrough,"{'first_scale': 'passthrough', 'frequency': 'passthrough', 'model': HistGradientBoostingRegressor(early_stopping=True, max_iter=20000,
                              n_iter_no_change=100, random_state=42,
                              scoring='neg_root_mean_squared_error'), 'model__l2_regularization': 1, 'model__learning_rate': 0.01, 'model__loss': 'squared_error', 'model__max_bins': 32, 'model__max_depth': 2, 'model__max_features': 1.0, 'model__max_leaf_nodes': 127, 'model__min_samples_leaf': 100, 'reshape': FunctionTransformer(func=<function reshape at 0x7fdb1d1c0360>), 'second_scale': 'passthrough'}",0.08465179181856386,0.08465179181856386,0.0,1,0.2456902016624697,0.2456902016624697,0.0,0.9567383175045495,0.8685101026110924
0,23902.064199209213,0.0,59.46946382522583,0.0,passthrough,passthrough,"HistGradientBoostingRegressor(early_stopping=True, max_iter=20000,
                              n_iter_no_change=100, random_state=42,
                              scoring='neg_root_mean_squared_error')",10.0,0.005,squared_error,32,2,1.0,127,1600,FunctionTransformer(func=<function reshape at 0x7fdb1d1c0360>),passthrough,"{'first_scale': 'passthrough', 'frequency': 'passthrough', 'model': HistGradientBoostingRegressor(early_stopping=True, max_iter=20000,
                              n_iter_no_change=100, random_state=42,
                              scoring='neg_root_mean_squared_error'), 'model__l2_regularization': 10, 'model__learning_rate': 0.005, 'model__loss': 'squared_error', 'model__max_bins': 32, 'model__max_depth': 2, 'model__max_features': 1.0, 'model__max_leaf_nodes': 127, 'model__min_samples_leaf': 1600, 'reshape': FunctionTransformer(func=<function reshape at 0x7fdb1d1c0360>), 'second_scale': 'passthrough'}",0.08422209728854702,0.08422209728854702,0.0,1,0.2007409248180575,0.2007409248180575,0.0,0.9569628533602822,0.8940129054895922
0,24902.02953529358,0.0,49.7150776386261,0.0,passthrough,passthrough,"HistGradientBoostingRegressor(early_stopping=True, max_iter=20000,
                              n_iter_no_change=100, random_state=42,
                              scoring='neg_root_mean_squared_error')",400.0,0.005,squared_error,32,2,1.0,255,1600,FunctionTransformer(func=<function reshape at 0x7fdb1d1c0360>),passthrough,"{'first_scale': 'passthrough', 'frequency': 'passthrough', 'model': HistGradientBoostingRegressor(early_stopping=True, max_iter=20000,
                              n_iter_no_change=100, random_state=42,
                              scoring='neg_root_mean_squared_error'), 'model__l2_regularization': 400, 'model__learning_rate': 0.005, 'model__loss': 'squared_error', 'model__max_bins': 32, 'model__max_depth': 2, 'model__max_features': 1.0, 'model__max_leaf_nodes': 255, 'model__min_samples_leaf': 1600, 'reshape': FunctionTransformer(func=<function reshape at 0x7fdb1d1c0360>), 'second_scale': 'passthrough'}",0.08375700790039087,0.08375700790039087,0.0,1,0.19600535639419647,0.19600535639419647,0.0,0.9572058253581667,0.8966574839958699
0,23433.683483600616,0.0,66.22040605545044,0.0,passthrough,passthrough,"HistGradientBoostingRegressor(early_stopping=True, max_iter=20000,
                              n_iter_no_change=100, random_state=42,
                              scoring='neg_root_mean_squared_error')",10.0,0.005,squared_error,32,2,0.01,255,3200,FunctionTransformer(func=<function reshape at 0x7fdb1d1c0360>),passthrough,"{'first_scale': 'passthrough', 'frequency': 'passthrough', 'model': HistGradientBoostingRegressor(early_stopping=True, max_iter=20000,
                              n_iter_no_change=100, random_state=42,
                              scoring='neg_root_mean_squared_error'), 'model__l2_regularization': 10, 'model__learning_rate': 0.005, 'model__loss': 'squared_error', 'model__max_bins': 32, 'model__max_depth': 2, 'model__max_features': 0.01, 'model__max_leaf_nodes': 255, 'model__min_samples_leaf': 3200, 'reshape': FunctionTransformer(func=<function reshape at 0x7fdb1d1c0360>), 'second_scale': 'passthrough'}",0.08515192059221033,0.08515192059221033,0.0,1,0.17215581229958044,0.17215581229958044,0.0,0.9564769100233365,0.9098594329347911
0,9763.043365240097,0.0,28.5623779296875,0.0,passthrough,passthrough,"HistGradientBoostingRegressor(early_stopping=True, max_iter=20000,
                              n_iter_no_change=100, random_state=42,
                              scoring='neg_root_mean_squared_error')",1.0,0.05,squared_error,32,2,0.01,127,1600,FunctionTransformer(func=<function reshape at 0x7fdb1d1c0360>),passthrough,"{'first_scale': 'passthrough', 'frequency': 'passthrough', 'model': HistGradientBoostingRegressor(early_stopping=True, max_iter=20000,
                              n_iter_no_change=100, random_state=42,
                              scoring='neg_root_mean_squared_error'), 'model__l2_regularization': 1, 'model__learning_rate': 0.05, 'model__loss': 'squared_error', 'model__max_bins': 32, 'model__max_depth': 2, 'model__max_features': 0.01, 'model__max_leaf_nodes': 127, 'model__min_samples_leaf': 1600, 'reshape': FunctionTransformer(func=<function reshape at 0x7fdb1d1c0360>), 'second_scale': 'passthrough'}",0.08411573979957654,0.08411573979957654,0.0,1,0.2726497729416618,0.2726497729416618,0.0,0.9570184220799637,0.852848302488982
0,8032.524420976639,0.0,22.999074935913086,0.0,passthrough,passthrough,"HistGradientBoostingRegressor(early_stopping=True, max_iter=20000,
                              n_iter_no_change=100, random_state=42,
                              scoring='neg_root_mean_squared_error')",100.0,0.05,squared_error,32,2,0.1,255,3200,FunctionTransformer(func=<function reshape at 0x7fdb1d1c0360>),passthrough,"{'first_scale': 'passthrough', 'frequency': 'passthrough', 'model': HistGradientBoostingRegressor(early_stopping=True, max_iter=20000,
                              n_iter_no_change=100, random_state=42,
                              scoring='neg_root_mean_squared_error'), 'model__l2_regularization': 100, 'model__learning_rate': 0.05, 'model__loss': 'squared_error', 'model__max_bins': 32, 'model__max_depth': 2, 'model__max_features': 0.1, 'model__max_leaf_nodes': 255, 'model__min_samples_leaf': 3200, 'reshape': FunctionTransformer(func=<function reshape at 0x7fdb1d1c0360>), 'second_scale': 'passthrough'}",0.08494295349867198,0.08494295349867198,0.0,1,0.27947734090887044,0.27947734090887044,0.0,0.9565861417046183,0.8488360613752985
0,24198.38935160637,0.0,92.65120530128479,0.0,passthrough,passthrough,"HistGradientBoostingRegressor(early_stopping=True, max_iter=20000,
                              n_iter_no_change=100, random_state=42,
                              scoring='neg_root_mean_squared_error')",1.0,0.005,squared_error,32,2,0.01,127,400,FunctionTransformer(func=<function reshape at 0x7fdb1d1c0360>),passthrough,"{'first_scale': 'passthrough', 'frequency': 'passthrough', 'model': HistGradientBoostingRegressor(early_stopping=True, max_iter=20000,
                              n_iter_no_change=100, random_state=42,
                              scoring='neg_root_mean_squared_error'), 'model__l2_regularization': 1, 'model__learning_rate': 0.005, 'model__loss': 'squared_error', 'model__max_bins': 32, 'model__max_depth': 2, 'model__max_features': 0.01, 'model__max_leaf_nodes': 127, 'model__min_samples_leaf': 400, 'reshape': FunctionTransformer(func=<function reshape at 0x7fdb1d1c0360>), 'second_scale': 'passthrough'}",0.0860391382005945,0.0860391382005945,0.0,1,0.18090749935734607,0.18090749935734607,0.0,0.9560130029447327,0.9050372924043815
0,11792.30284833908,0.0,33.920042753219604,0.0,passthrough,passthrough,"HistGradientBoostingRegressor(early_stopping=True, max_iter=20000,
                              n_iter_no_change=100, random_state=42,
                              scoring='neg_root_mean_squared_error')",400.0,0.02,squared_error,32,2,1.0,255,100,FunctionTransformer(func=<function reshape at 0x7fdb1d1c0360>),passthrough,"{'first_scale': 'passthrough', 'frequency': 'passthrough', 'model': HistGradientBoostingRegressor(early_stopping=True, max_iter=20000,
                              n_iter_no_change=100, random_state=42,
                              scoring='neg_root_mean_squared_error'), 'model__l2_regularization': 400, 'model__learning_rate': 0.02, 'model__loss': 'squared_error', 'model__max_bins': 32, 'model__max_depth': 2, 'model__max_features': 1.0, 'model__max_leaf_nodes': 255, 'model__min_samples_leaf': 100, 'reshape': FunctionTransformer(func=<function reshape at 0x7fdb1d1c0360>), 'second_scale': 'passthrough'}",0.0836789963980259,0.0836789963980259,0.0,1,0.2656559829137438,0.2656559829137438,0.0,0.9572465740873529,0.8569387475696593
0,6012.297958850861,0.0,13.140032291412354,0.0,passthrough,passthrough,"HistGradientBoostingRegressor(early_stopping=True, max_iter=20000,
                              n_iter_no_change=100, random_state=42,
                              scoring='neg_root_mean_squared_error')",400.0,0.05,squared_error,32,2,0.1,255,100,FunctionTransformer(func=<function reshape at 0x7fdb1d1c0360>),passthrough,"{'first_scale': 'passthrough', 'frequency': 'passthrough', 'model': HistGradientBoostingRegressor(early_stopping=True, max_iter=20000,
                              n_iter_no_change=100, random_state=42,
                              scoring='neg_root_mean_squared_error'), 'model__l2_regularization': 400, 'model__learning_rate': 0.05, 'model__loss': 'squared_error', 'model__max_bins': 32, 'model__max_depth': 2, 'model__max_features': 0.1, 'model__max_leaf_nodes': 255, 'model__min_samples_leaf': 100, 'reshape': FunctionTransformer(func=<function reshape at 0x7fdb1d1c0360>), 'second_scale': 'passthrough'}",0.08406627007321543,0.08406627007321543,0.0,1,0.27006476059244533,0.27006476059244533,0.0,0.957044267485462,0.8543624754210327
0,5829.484322071075,0.0,12.017680883407593,0.0,passthrough,passthrough,"HistGradientBoostingRegressor(early_stopping=True, max_iter=20000,
                              n_iter_no_change=100, random_state=42,
                              scoring='neg_root_mean_squared_error')",400.0,0.05,squared_error,32,2,0.1,127,100,FunctionTransformer(func=<function reshape at 0x7fdb1d1c0360>),passthrough,"{'first_scale': 'passthrough', 'frequency': 'passthrough', 'model': HistGradientBoostingRegressor(early_stopping=True, max_iter=20000,
                              n_iter_no_change=100, random_state=42,
                              scoring='neg_root_mean_squared_error'), 'model__l2_regularization': 400, 'model__learning_rate': 0.05, 'model__loss': 'squared_error', 'model__max_bins': 32, 'model__max_depth': 2, 'model__max_features': 0.1, 'model__max_leaf_nodes': 127, 'model__min_samples_leaf': 100, 'reshape': FunctionTransformer(func=<function reshape at 0x7fdb1d1c0360>), 'second_scale': 'passthrough'}",0.08406627007321543,0.08406627007321543,0.0,1,0.27006476059244533,0.27006476059244533,0.0,0.957044267485462,0.8543624754210327
0,22373.19497537613,0.0,56.88053798675537,0.0,passthrough,passthrough,"HistGradientBoostingRegressor(early_stopping=True, max_iter=20000,
                              n_iter_no_change=100, random_state=42,
                              scoring='neg_root_mean_squared_error')",1.0,0.01,squared_error,32,2,0.1,255,100,FunctionTransformer(func=<function reshape at 0x7fdb1d1c0360>),passthrough,"{'first_scale': 'passthrough', 'frequency': 'passthrough', 'model': HistGradientBoostingRegressor(early_stopping=True, max_iter=20000,
                              n_iter_no_change=100, random_state=42,
                              scoring='neg_root_mean_squared_error'), 'model__l2_regularization': 1, 'model__learning_rate': 0.01, 'model__loss': 'squared_error', 'model__max_bins': 32, 'model__max_depth': 2, 'model__max_features': 0.1, 'model__max_leaf_nodes': 255, 'model__min_samples_leaf': 100, 'reshape': FunctionTransformer(func=<function reshape at 0x7fdb1d1c0360>), 'second_scale': 'passthrough'}",0.08705167777406386,0.08705167777406386,0.0,1,0.21664904017028375,0.21664904017028375,0.0,0.9554832924891655,0.8850711608846581
0,22108.136815071106,0.0,39.55520009994507,0.0,passthrough,passthrough,"HistGradientBoostingRegressor(early_stopping=True, max_iter=20000,
                              n_iter_no_change=100, random_state=42,
                              scoring='neg_root_mean_squared_error')",400.0,0.01,squared_error,32,2,1.0,127,100,FunctionTransformer(func=<function reshape at 0x7fdb1d1c0360>),passthrough,"{'first_scale': 'passthrough', 'frequency': 'passthrough', 'model': HistGradientBoostingRegressor(early_stopping=True, max_iter=20000,
                              n_iter_no_change=100, random_state=42,
                              scoring='neg_root_mean_squared_error'), 'model__l2_regularization': 400, 'model__learning_rate': 0.01, 'model__loss': 'squared_error', 'model__max_bins': 32, 'model__max_depth': 2, 'model__max_features': 1.0, 'model__max_leaf_nodes': 127, 'model__min_samples_leaf': 100, 'reshape': FunctionTransformer(func=<function reshape at 0x7fdb1d1c0360>), 'second_scale': 'passthrough'}",0.08421430838698618,0.08421430838698618,0.0,1,0.25387317150965305,0.25387317150965305,0.0,0.9569669229461454,0.863786332660078
0,25659.55491089821,0.0,59.39404296875,0.0,passthrough,passthrough,"HistGradientBoostingRegressor(early_stopping=True, max_iter=20000,
                              n_iter_no_change=100, random_state=42,
                              scoring='neg_root_mean_squared_error')",400.0,0.0025,squared_error,32,2,0.01,255,1600,FunctionTransformer(func=<function reshape at 0x7fdb1d1c0360>),passthrough,"{'first_scale': 'passthrough', 'frequency': 'passthrough', 'model': HistGradientBoostingRegressor(early_stopping=True, max_iter=20000,
                              n_iter_no_change=100, random_state=42,
                              scoring='neg_root_mean_squared_error'), 'model__l2_regularization': 400, 'model__learning_rate': 0.0025, 'model__loss': 'squared_error', 'model__max_bins': 32, 'model__max_depth': 2, 'model__max_features': 0.01, 'model__max_leaf_nodes': 255, 'model__min_samples_leaf': 1600, 'reshape': FunctionTransformer(func=<function reshape at 0x7fdb1d1c0360>), 'second_scale': 'passthrough'}",0.0796777522166463,0.0796777522166463,0.0,1,0.13733544115476604,0.13733544115476604,0.0,0.9593342732245908,0.9287973723289886
0,13135.921639442444,0.0,41.525458574295044,0.0,passthrough,passthrough,"HistGradientBoostingRegressor(early_stopping=True, max_iter=20000,
                              n_iter_no_change=100, random_state=42,
                              scoring='neg_root_mean_squared_error')",1.0,0.02,squared_error,32,2,0.01,127,400,FunctionTransformer(func=<function reshape at 0x7fdb1d1c0360>),passthrough,"{'first_scale': 'passthrough', 'frequency': 'passthrough', 'model': HistGradientBoostingRegressor(early_stopping=True, max_iter=20000,
                              n_iter_no_change=100, random_state=42,
                              scoring='neg_root_mean_squared_error'), 'model__l2_regularization': 1, 'model__learning_rate': 0.02, 'model__loss': 'squared_error', 'model__max_bins': 32, 'model__max_depth': 2, 'model__max_features': 0.01, 'model__max_leaf_nodes': 127, 'model__min_samples_leaf': 400, 'reshape': FunctionTransformer(func=<function reshape at 0x7fdb1d1c0360>), 'second_scale': 'passthrough'}",0.0865017246569415,0.0865017246569415,0.0,1,0.2107882163469771,0.2107882163469771,0.0,0.9557710370915508,0.8883759247373957
0,17141.82196354866,0.0,56.738953590393066,0.0,passthrough,passthrough,"HistGradientBoostingRegressor(early_stopping=True, max_iter=20000,
                              n_iter_no_change=100, random_state=42,
                              scoring='neg_root_mean_squared_error')",100.0,0.02,squared_error,32,2,0.01,255,1600,FunctionTransformer(func=<function reshape at 0x7fdb1d1c0360>),passthrough,"{'first_scale': 'passthrough', 'frequency': 'passthrough', 'model': HistGradientBoostingRegressor(early_stopping=True, max_iter=20000,
                              n_iter_no_change=100, random_state=42,
                              scoring='neg_root_mean_squared_error'), 'model__l2_regularization': 100, 'model__learning_rate': 0.02, 'model__loss': 'squared_error', 'model__max_bins': 32, 'model__max_depth': 2, 'model__max_features': 0.01, 'model__max_leaf_nodes': 255, 'model__min_samples_leaf': 1600, 'reshape': FunctionTransformer(func=<function reshape at 0x7fdb1d1c0360>), 'second_scale': 'passthrough'}",0.08863391817573452,0.08863391817573452,0.0,1,0.24981965228373992,0.24981965228373992,0.0,0.954654954328665,0.866129521328225
0,28212.233037233353,0.0,69.23359203338623,0.0,passthrough,passthrough,"HistGradientBoostingRegressor(early_stopping=True, max_iter=20000,
                              n_iter_no_change=100, random_state=42,
                              scoring='neg_root_mean_squared_error')",10.0,0.01,squared_error,32,2,0.1,255,100,FunctionTransformer(func=<function reshape at 0x7fdb1d1c0360>),passthrough,"{'first_scale': 'passthrough', 'frequency': 'passthrough', 'model': HistGradientBoostingRegressor(early_stopping=True, max_iter=20000,
                              n_iter_no_change=100, random_state=42,
                              scoring='neg_root_mean_squared_error'), 'model__l2_regularization': 10, 'model__learning_rate': 0.01, 'model__loss': 'squared_error', 'model__max_bins': 32, 'model__max_depth': 2, 'model__max_features': 0.1, 'model__max_leaf_nodes': 255, 'model__min_samples_leaf': 100, 'reshape': FunctionTransformer(func=<function reshape at 0x7fdb1d1c0360>), 'second_scale': 'passthrough'}",0.08772362899094188,0.08772362899094188,0.0,1,0.2396710839521452,0.2396710839521452,0.0,0.9551315987910033,0.8719684145930142
0,22605.79648423195,0.0,38.67851209640503,0.0,passthrough,passthrough,"HistGradientBoostingRegressor(early_stopping=True, max_iter=20000,
                              n_iter_no_change=100, random_state=42,
                              scoring='neg_root_mean_squared_error')",400.0,0.02,squared_error,32,2,0.1,255,400,FunctionTransformer(func=<function reshape at 0x7fdb1d1c0360>),passthrough,"{'first_scale': 'passthrough', 'frequency': 'passthrough', 'model': HistGradientBoostingRegressor(early_stopping=True, max_iter=20000,
                              n_iter_no_change=100, random_state=42,
                              scoring='neg_root_mean_squared_error'), 'model__l2_regularization': 400, 'model__learning_rate': 0.02, 'model__loss': 'squared_error', 'model__max_bins': 32, 'model__max_depth': 2, 'model__max_features': 0.1, 'model__max_leaf_nodes': 255, 'model__min_samples_leaf': 400, 'reshape': FunctionTransformer(func=<function reshape at 0x7fdb1d1c0360>), 'second_scale': 'passthrough'}",0.08409370190233378,0.08409370190233378,0.0,1,0.32345505418916776,0.32345505418916776,0.0,0.95702993584196,0.8225235229528893
0,13073.984564065933,0.0,26.621463775634766,0.0,passthrough,passthrough,"HistGradientBoostingRegressor(early_stopping=True, max_iter=20000,
                              n_iter_no_change=100, random_state=42,
                              scoring='neg_root_mean_squared_error')",1.0,0.05,squared_error,32,2,0.1,127,1600,FunctionTransformer(func=<function reshape at 0x7fdb1d1c0360>),passthrough,"{'first_scale': 'passthrough', 'frequency': 'passthrough', 'model': HistGradientBoostingRegressor(early_stopping=True, max_iter=20000,
                              n_iter_no_change=100, random_state=42,
                              scoring='neg_root_mean_squared_error'), 'model__l2_regularization': 1, 'model__learning_rate': 0.05, 'model__loss': 'squared_error', 'model__max_bins': 32, 'model__max_depth': 2, 'model__max_features': 0.1, 'model__max_leaf_nodes': 127, 'model__min_samples_leaf': 1600, 'reshape': FunctionTransformer(func=<function reshape at 0x7fdb1d1c0360>), 'second_scale': 'passthrough'}",0.08480123779479343,0.08480123779479343,0.0,1,0.2837689513742492,0.2837689513742492,0.0,0.9566602125128894,0.8463043475167493
0,32701.532462835312,0.0,99.5295717716217,0.0,passthrough,passthrough,"HistGradientBoostingRegressor(early_stopping=True, max_iter=20000,
                              n_iter_no_change=100, random_state=42,
                              scoring='neg_root_mean_squared_error')",1.0,0.01,squared_error,32,2,1.0,255,1600,FunctionTransformer(func=<function reshape at 0x7fdb1d1c0360>),passthrough,"{'first_scale': 'passthrough', 'frequency': 'passthrough', 'model': HistGradientBoostingRegressor(early_stopping=True, max_iter=20000,
                              n_iter_no_change=100, random_state=42,
                              scoring='neg_root_mean_squared_error'), 'model__l2_regularization': 1, 'model__learning_rate': 0.01, 'model__loss': 'squared_error', 'model__max_bins': 32, 'model__max_depth': 2, 'model__max_features': 1.0, 'model__max_leaf_nodes': 255, 'model__min_samples_leaf': 1600, 'reshape': FunctionTransformer(func=<function reshape at 0x7fdb1d1c0360>), 'second_scale': 'passthrough'}",0.08449099301010365,0.08449099301010365,0.0,1,0.26244867629072954,0.26244867629072954,0.0,0.9568223487094646,0.8588080831648421
0,38217.40140271187,0.0,69.03494882583618,0.0,passthrough,passthrough,"HistGradientBoostingRegressor(early_stopping=True, max_iter=20000,
                              n_iter_no_change=100, random_state=42,
                              scoring='neg_root_mean_squared_error')",0.1,0.02,squared_error,32,2,0.01,255,3200,FunctionTransformer(func=<function reshape at 0x7fdb1d1c0360>),passthrough,"{'first_scale': 'passthrough', 'frequency': 'passthrough', 'model': HistGradientBoostingRegressor(early_stopping=True, max_iter=20000,
                              n_iter_no_change=100, random_state=42,
                              scoring='neg_root_mean_squared_error'), 'model__l2_regularization': 0.1, 'model__learning_rate': 0.02, 'model__loss': 'squared_error', 'model__max_bins': 32, 'model__max_depth': 2, 'model__max_features': 0.01, 'model__max_leaf_nodes': 255, 'model__min_samples_leaf': 3200, 'reshape': FunctionTransformer(func=<function reshape at 0x7fdb1d1c0360>), 'second_scale': 'passthrough'}",0.08637315664736556,0.08637315664736556,0.0,1,0.2749240070692045,0.2749240070692045,0.0,0.9558382935165521,0.8515139417125215
0,9896.827895641327,0.0,22.605952739715576,0.0,passthrough,passthrough,"HistGradientBoostingRegressor(early_stopping=True, max_iter=20000,
                              n_iter_no_change=100, random_state=42,
                              scoring='neg_root_mean_squared_error')",1.0,0.05,squared_error,32,2,1.0,127,400,FunctionTransformer(func=<function reshape at 0x7fdb1d1c0360>),passthrough,"{'first_scale': 'passthrough', 'frequency': 'passthrough', 'model': HistGradientBoostingRegressor(early_stopping=True, max_iter=20000,
                              n_iter_no_change=100, random_state=42,
                              scoring='neg_root_mean_squared_error'), 'model__l2_regularization': 1, 'model__learning_rate': 0.05, 'model__loss': 'squared_error', 'model__max_bins': 32, 'model__max_depth': 2, 'model__max_features': 1.0, 'model__max_leaf_nodes': 127, 'model__min_samples_leaf': 400, 'reshape': FunctionTransformer(func=<function reshape at 0x7fdb1d1c0360>), 'second_scale': 'passthrough'}",0.08225631902265707,0.08225631902265707,0.0,1,0.2797372941168911,0.2797372941168911,0.0,0.9579893950234224,0.8486829242320767
0,14077.260380983353,0.0,29.541343688964844,0.0,passthrough,passthrough,"HistGradientBoostingRegressor(early_stopping=True, max_iter=20000,
                              n_iter_no_change=100, random_state=42,
                              scoring='neg_root_mean_squared_error')",400.0,0.02,squared_error,32,2,0.1,127,1600,FunctionTransformer(func=<function reshape at 0x7fdb1d1c0360>),passthrough,"{'first_scale': 'passthrough', 'frequency': 'passthrough', 'model': HistGradientBoostingRegressor(early_stopping=True, max_iter=20000,
                              n_iter_no_change=100, random_state=42,
                              scoring='neg_root_mean_squared_error'), 'model__l2_regularization': 400, 'model__learning_rate': 0.02, 'model__loss': 'squared_error', 'model__max_bins': 32, 'model__max_depth': 2, 'model__max_features': 0.1, 'model__max_leaf_nodes': 127, 'model__min_samples_leaf': 1600, 'reshape': FunctionTransformer(func=<function reshape at 0x7fdb1d1c0360>), 'second_scale': 'passthrough'}",0.08708487790519526,0.08708487790519526,0.0,1,0.2572408089951932,0.2572408089951932,0.0,0.9554659188557197,0.8618347817330226
0,23374.714576005936,0.0,45.25478482246399,0.0,passthrough,passthrough,"HistGradientBoostingRegressor(early_stopping=True, max_iter=20000,
                              n_iter_no_change=100, random_state=42,
                              scoring='neg_root_mean_squared_error')",0.1,0.02,squared_error,32,2,1.0,127,3200,FunctionTransformer(func=<function reshape at 0x7fdb1d1c0360>),passthrough,"{'first_scale': 'passthrough', 'frequency': 'passthrough', 'model': HistGradientBoostingRegressor(early_stopping=True, max_iter=20000,
                              n_iter_no_change=100, random_state=42,
                              scoring='neg_root_mean_squared_error'), 'model__l2_regularization': 0.1, 'model__learning_rate': 0.02, 'model__loss': 'squared_error', 'model__max_bins': 32, 'model__max_depth': 2, 'model__max_features': 1.0, 'model__max_leaf_nodes': 127, 'model__min_samples_leaf': 3200, 'reshape': FunctionTransformer(func=<function reshape at 0x7fdb1d1c0360>), 'second_scale': 'passthrough'}",0.08509546693176073,0.08509546693176073,0.0,1,0.25700360002172595,0.25700360002172595,0.0,0.9565064208191387,0.8619723893363835
0,24510.20595431328,0.0,48.987289905548096,0.0,passthrough,passthrough,"HistGradientBoostingRegressor(early_stopping=True, max_iter=20000,
                              n_iter_no_change=100, random_state=42,
                              scoring='neg_root_mean_squared_error')",100.0,0.0025,squared_error,32,2,1.0,255,400,FunctionTransformer(func=<function reshape at 0x7fdb1d1c0360>),passthrough,"{'first_scale': 'passthrough', 'frequency': 'passthrough', 'model': HistGradientBoostingRegressor(early_stopping=True, max_iter=20000,
                              n_iter_no_change=100, random_state=42,
                              scoring='neg_root_mean_squared_error'), 'model__l2_regularization': 100, 'model__learning_rate': 0.0025, 'model__loss': 'squared_error', 'model__max_bins': 32, 'model__max_depth': 2, 'model__max_features': 1.0, 'model__max_leaf_nodes': 255, 'model__min_samples_leaf': 400, 'reshape': FunctionTransformer(func=<function reshape at 0x7fdb1d1c0360>), 'second_scale': 'passthrough'}",0.08006999434982798,0.08006999434982798,0.0,1,0.15657778601957917,0.15657778601957917,0.0,0.9591298168914216,0.918380212101949
0,24757.00031876564,0.0,59.85277724266052,0.0,passthrough,passthrough,"HistGradientBoostingRegressor(early_stopping=True, max_iter=20000,
                              n_iter_no_change=100, random_state=42,
                              scoring='neg_root_mean_squared_error')",400.0,0.0025,squared_error,32,2,0.1,127,100,FunctionTransformer(func=<function reshape at 0x7fdb1d1c0360>),passthrough,"{'first_scale': 'passthrough', 'frequency': 'passthrough', 'model': HistGradientBoostingRegressor(early_stopping=True, max_iter=20000,
                              n_iter_no_change=100, random_state=42,
                              scoring='neg_root_mean_squared_error'), 'model__l2_regularization': 400, 'model__learning_rate': 0.0025, 'model__loss': 'squared_error', 'model__max_bins': 32, 'model__max_depth': 2, 'model__max_features': 0.1, 'model__max_leaf_nodes': 127, 'model__min_samples_leaf': 100, 'reshape': FunctionTransformer(func=<function reshape at 0x7fdb1d1c0360>), 'second_scale': 'passthrough'}",0.08020417552529147,0.08020417552529147,0.0,1,0.14767793192430156,0.14767793192430156,0.0,0.9590598649066222,0.923212905063452
0,29465.833517551422,0.0,59.03817939758301,0.0,passthrough,passthrough,"HistGradientBoostingRegressor(early_stopping=True, max_iter=20000,
                              n_iter_no_change=100, random_state=42,
                              scoring='neg_root_mean_squared_error')",100.0,0.02,squared_error,32,2,0.01,127,400,FunctionTransformer(func=<function reshape at 0x7fdb1d1c0360>),passthrough,"{'first_scale': 'passthrough', 'frequency': 'passthrough', 'model': HistGradientBoostingRegressor(early_stopping=True, max_iter=20000,
                              n_iter_no_change=100, random_state=42,
                              scoring='neg_root_mean_squared_error'), 'model__l2_regularization': 100, 'model__learning_rate': 0.02, 'model__loss': 'squared_error', 'model__max_bins': 32, 'model__max_depth': 2, 'model__max_features': 0.01, 'model__max_leaf_nodes': 127, 'model__min_samples_leaf': 400, 'reshape': FunctionTransformer(func=<function reshape at 0x7fdb1d1c0360>), 'second_scale': 'passthrough'}",0.08668330968183924,0.08668330968183924,0.0,1,0.2757876902592883,0.2757876902592883,0.0,0.9556760383718746,0.8510066449450978
0,23484.640283107758,0.0,57.643784046173096,0.0,passthrough,passthrough,"HistGradientBoostingRegressor(early_stopping=True, max_iter=20000,
                              n_iter_no_change=100, random_state=42,
                              scoring='neg_root_mean_squared_error')",10.0,0.005,squared_error,32,2,0.1,255,1600,FunctionTransformer(func=<function reshape at 0x7fdb1d1c0360>),passthrough,"{'first_scale': 'passthrough', 'frequency': 'passthrough', 'model': HistGradientBoostingRegressor(early_stopping=True, max_iter=20000,
                              n_iter_no_change=100, random_state=42,
                              scoring='neg_root_mean_squared_error'), 'model__l2_regularization': 10, 'model__learning_rate': 0.005, 'model__loss': 'squared_error', 'model__max_bins': 32, 'model__max_depth': 2, 'model__max_features': 0.1, 'model__max_leaf_nodes': 255, 'model__min_samples_leaf': 1600, 'reshape': FunctionTransformer(func=<function reshape at 0x7fdb1d1c0360>), 'second_scale': 'passthrough'}",0.08604094737696388,0.08604094737696388,0.0,1,0.19129964467323124,0.19129964467323124,0.0,0.9560120567351837,0.8992776853268232
0,9104.277136325836,0.0,15.350998401641846,0.0,passthrough,passthrough,"HistGradientBoostingRegressor(early_stopping=True, max_iter=20000,
                              n_iter_no_change=100, random_state=42,
                              scoring='neg_root_mean_squared_error')",0.1,0.05,squared_error,32,2,0.01,255,100,FunctionTransformer(func=<function reshape at 0x7fdb1d1c0360>),passthrough,"{'first_scale': 'passthrough', 'frequency': 'passthrough', 'model': HistGradientBoostingRegressor(early_stopping=True, max_iter=20000,
                              n_iter_no_change=100, random_state=42,
                              scoring='neg_root_mean_squared_error'), 'model__l2_regularization': 0.1, 'model__learning_rate': 0.05, 'model__loss': 'squared_error', 'model__max_bins': 32, 'model__max_depth': 2, 'model__max_features': 0.01, 'model__max_leaf_nodes': 255, 'model__min_samples_leaf': 100, 'reshape': FunctionTransformer(func=<function reshape at 0x7fdb1d1c0360>), 'second_scale': 'passthrough'}",0.0846023900023446,0.0846023900023446,0.0,1,0.29387062004811093,0.29387062004811093,0.0,0.9567641349871218,0.8403150480337057
0,25052.246198892593,0.0,86.52347612380981,0.0,passthrough,passthrough,"HistGradientBoostingRegressor(early_stopping=True, max_iter=20000,
                              n_iter_no_change=100, random_state=42,
                              scoring='neg_root_mean_squared_error')",1.0,0.0025,squared_error,32,2,0.01,255,1600,FunctionTransformer(func=<function reshape at 0x7fdb1d1c0360>),passthrough,"{'first_scale': 'passthrough', 'frequency': 'passthrough', 'model': HistGradientBoostingRegressor(early_stopping=True, max_iter=20000,
                              n_iter_no_change=100, random_state=42,
                              scoring='neg_root_mean_squared_error'), 'model__l2_regularization': 1, 'model__learning_rate': 0.0025, 'model__loss': 'squared_error', 'model__max_bins': 32, 'model__max_depth': 2, 'model__max_features': 0.01, 'model__max_leaf_nodes': 255, 'model__min_samples_leaf': 1600, 'reshape': FunctionTransformer(func=<function reshape at 0x7fdb1d1c0360>), 'second_scale': 'passthrough'}",0.08030602876271775,0.08030602876271775,0.0,1,0.13943824759972234,0.13943824759972234,0.0,0.9590067628735901,0.9276646767018122
0,14091.838127374649,0.0,24.67929458618164,0.0,passthrough,passthrough,"HistGradientBoostingRegressor(early_stopping=True, max_iter=20000,
                              n_iter_no_change=100, random_state=42,
                              scoring='neg_root_mean_squared_error')",400.0,0.02,squared_error,32,2,0.1,255,100,FunctionTransformer(func=<function reshape at 0x7fdb1d1c0360>),passthrough,"{'first_scale': 'passthrough', 'frequency': 'passthrough', 'model': HistGradientBoostingRegressor(early_stopping=True, max_iter=20000,
                              n_iter_no_change=100, random_state=42,
                              scoring='neg_root_mean_squared_error'), 'model__l2_regularization': 400, 'model__learning_rate': 0.02, 'model__loss': 'squared_error', 'model__max_bins': 32, 'model__max_depth': 2, 'model__max_features': 0.1, 'model__max_leaf_nodes': 255, 'model__min_samples_leaf': 100, 'reshape': FunctionTransformer(func=<function reshape at 0x7fdb1d1c0360>), 'second_scale': 'passthrough'}",0.08651518272517766,0.08651518272517766,0.0,1,0.2585527653979133,0.2585527653979133,0.0,0.9557639966408142,0.86107330384938
0,14425.43410372734,0.0,45.13208055496216,0.0,passthrough,passthrough,"HistGradientBoostingRegressor(early_stopping=True, max_iter=20000,
                              n_iter_no_change=100, random_state=42,
                              scoring='neg_root_mean_squared_error')",1.0,0.02,squared_error,32,2,0.1,255,3200,FunctionTransformer(func=<function reshape at 0x7fdb1d1c0360>),passthrough,"{'first_scale': 'passthrough', 'frequency': 'passthrough', 'model': HistGradientBoostingRegressor(early_stopping=True, max_iter=20000,
                              n_iter_no_change=100, random_state=42,
                              scoring='neg_root_mean_squared_error'), 'model__l2_regularization': 1, 'model__learning_rate': 0.02, 'model__loss': 'squared_error', 'model__max_bins': 32, 'model__max_depth': 2, 'model__max_features': 0.1, 'model__max_leaf_nodes': 255, 'model__min_samples_leaf': 3200, 'reshape': FunctionTransformer(func=<function reshape at 0x7fdb1d1c0360>), 'second_scale': 'passthrough'}",0.08618687045036555,0.08618687045036555,0.0,1,0.22668353090312043,0.22668353090312043,0.0,0.9559357350521187,0.879384141940756
0,26917.61803340912,0.0,65.85733127593994,0.0,passthrough,passthrough,"HistGradientBoostingRegressor(early_stopping=True, max_iter=20000,
                              n_iter_no_change=100, random_state=42,
                              scoring='neg_root_mean_squared_error')",1.0,0.01,squared_error,32,2,1.0,255,100,FunctionTransformer(func=<function reshape at 0x7fdb1d1c0360>),passthrough,"{'first_scale': 'passthrough', 'frequency': 'passthrough', 'model': HistGradientBoostingRegressor(early_stopping=True, max_iter=20000,
                              n_iter_no_change=100, random_state=42,
                              scoring='neg_root_mean_squared_error'), 'model__l2_regularization': 1, 'model__learning_rate': 0.01, 'model__loss': 'squared_error', 'model__max_bins': 32, 'model__max_depth': 2, 'model__max_features': 1.0, 'model__max_leaf_nodes': 255, 'model__min_samples_leaf': 100, 'reshape': FunctionTransformer(func=<function reshape at 0x7fdb1d1c0360>), 'second_scale': 'passthrough'}",0.08465179181856386,0.08465179181856386,0.0,1,0.2456902016624697,0.2456902016624697,0.0,0.9567383175045495,0.8685101026110924
0,17564.77627635002,0.0,43.50930905342102,0.0,passthrough,passthrough,"HistGradientBoostingRegressor(early_stopping=True, max_iter=20000,
                              n_iter_no_change=100, random_state=42,
                              scoring='neg_root_mean_squared_error')",10.0,0.02,squared_error,32,2,1.0,127,3200,FunctionTransformer(func=<function reshape at 0x7fdb1d1c0360>),passthrough,"{'first_scale': 'passthrough', 'frequency': 'passthrough', 'model': HistGradientBoostingRegressor(early_stopping=True, max_iter=20000,
                              n_iter_no_change=100, random_state=42,
                              scoring='neg_root_mean_squared_error'), 'model__l2_regularization': 10, 'model__learning_rate': 0.02, 'model__loss': 'squared_error', 'model__max_bins': 32, 'model__max_depth': 2, 'model__max_features': 1.0, 'model__max_leaf_nodes': 127, 'model__min_samples_leaf': 3200, 'reshape': FunctionTransformer(func=<function reshape at 0x7fdb1d1c0360>), 'second_scale': 'passthrough'}",0.08436623284163725,0.08436623284163725,0.0,1,0.2617937402380466,0.2617937402380466,0.0,0.9568875415420366,0.8591893037986177
0,26259.87618279457,0.0,56.26462531089783,0.0,passthrough,passthrough,"HistGradientBoostingRegressor(early_stopping=True, max_iter=20000,
                              n_iter_no_change=100, random_state=42,
                              scoring='neg_root_mean_squared_error')",100.0,0.01,squared_error,32,2,1.0,255,100,FunctionTransformer(func=<function reshape at 0x7fdb1d1c0360>),passthrough,"{'first_scale': 'passthrough', 'frequency': 'passthrough', 'model': HistGradientBoostingRegressor(early_stopping=True, max_iter=20000,
                              n_iter_no_change=100, random_state=42,
                              scoring='neg_root_mean_squared_error'), 'model__l2_regularization': 100, 'model__learning_rate': 0.01, 'model__loss': 'squared_error', 'model__max_bins': 32, 'model__max_depth': 2, 'model__max_features': 1.0, 'model__max_leaf_nodes': 255, 'model__min_samples_leaf': 100, 'reshape': FunctionTransformer(func=<function reshape at 0x7fdb1d1c0360>), 'second_scale': 'passthrough'}",0.08483035984946485,0.08483035984946485,0.0,1,0.2247059987050264,0.2247059987050264,0.0,0.9566449917030534,0.8805078087643367
0,24780.43914413452,0.0,84.09496641159058,0.0,passthrough,passthrough,"HistGradientBoostingRegressor(early_stopping=True, max_iter=20000,
                              n_iter_no_change=100, random_state=42,
                              scoring='neg_root_mean_squared_error')",1.0,0.0025,squared_error,32,2,0.1,127,1600,FunctionTransformer(func=<function reshape at 0x7fdb1d1c0360>),passthrough,"{'first_scale': 'passthrough', 'frequency': 'passthrough', 'model': HistGradientBoostingRegressor(early_stopping=True, max_iter=20000,
                              n_iter_no_change=100, random_state=42,
                              scoring='neg_root_mean_squared_error'), 'model__l2_regularization': 1, 'model__learning_rate': 0.0025, 'model__loss': 'squared_error', 'model__max_bins': 32, 'model__max_depth': 2, 'model__max_features': 0.1, 'model__max_leaf_nodes': 127, 'model__min_samples_leaf': 1600, 'reshape': FunctionTransformer(func=<function reshape at 0x7fdb1d1c0360>), 'second_scale': 'passthrough'}",0.08042224801772557,0.08042224801772557,0.0,1,0.14876708638822422,0.14876708638822422,0.0,0.958946167405801,0.9226228447268016
0,23570.53054881096,0.0,65.11205673217773,0.0,passthrough,passthrough,"HistGradientBoostingRegressor(early_stopping=True, max_iter=20000,
                              n_iter_no_change=100, random_state=42,
                              scoring='neg_root_mean_squared_error')",10.0,0.005,squared_error,32,2,0.01,255,1600,FunctionTransformer(func=<function reshape at 0x7fdb1d1c0360>),passthrough,"{'first_scale': 'passthrough', 'frequency': 'passthrough', 'model': HistGradientBoostingRegressor(early_stopping=True, max_iter=20000,
                              n_iter_no_change=100, random_state=42,
                              scoring='neg_root_mean_squared_error'), 'model__l2_regularization': 10, 'model__learning_rate': 0.005, 'model__loss': 'squared_error', 'model__max_bins': 32, 'model__max_depth': 2, 'model__max_features': 0.01, 'model__max_leaf_nodes': 255, 'model__min_samples_leaf': 1600, 'reshape': FunctionTransformer(func=<function reshape at 0x7fdb1d1c0360>), 'second_scale': 'passthrough'}",0.08605562005243217,0.08605562005243217,0.0,1,0.17715226188842748,0.17715226188842748,0.0,0.956004382807719,0.9071095513285992
0,33778.962416410446,0.0,83.83695816993713,0.0,passthrough,passthrough,"HistGradientBoostingRegressor(early_stopping=True, max_iter=20000,
                              n_iter_no_change=100, random_state=42,
                              scoring='neg_root_mean_squared_error')",10.0,0.01,squared_error,32,2,0.01,255,1600,FunctionTransformer(func=<function reshape at 0x7fdb1d1c0360>),passthrough,"{'first_scale': 'passthrough', 'frequency': 'passthrough', 'model': HistGradientBoostingRegressor(early_stopping=True, max_iter=20000,
                              n_iter_no_change=100, random_state=42,
                              scoring='neg_root_mean_squared_error'), 'model__l2_regularization': 10, 'model__learning_rate': 0.01, 'model__loss': 'squared_error', 'model__max_bins': 32, 'model__max_depth': 2, 'model__max_features': 0.01, 'model__max_leaf_nodes': 255, 'model__min_samples_leaf': 1600, 'reshape': FunctionTransformer(func=<function reshape at 0x7fdb1d1c0360>), 'second_scale': 'passthrough'}",0.0880968819381216,0.0880968819381216,0.0,1,0.23137039390286807,0.23137039390286807,0.0,0.9549361853348518,0.8767152366060099
0,20974.88012123108,0.0,66.78779745101929,0.0,passthrough,passthrough,"HistGradientBoostingRegressor(early_stopping=True, max_iter=20000,
                              n_iter_no_change=100, random_state=42,
                              scoring='neg_root_mean_squared_error')",1.0,0.02,squared_error,32,2,0.01,255,3200,FunctionTransformer(func=<function reshape at 0x7fdb1d1c0360>),passthrough,"{'first_scale': 'passthrough', 'frequency': 'passthrough', 'model': HistGradientBoostingRegressor(early_stopping=True, max_iter=20000,
                              n_iter_no_change=100, random_state=42,
                              scoring='neg_root_mean_squared_error'), 'model__l2_regularization': 1, 'model__learning_rate': 0.02, 'model__loss': 'squared_error', 'model__max_bins': 32, 'model__max_depth': 2, 'model__max_features': 0.01, 'model__max_leaf_nodes': 255, 'model__min_samples_leaf': 3200, 'reshape': FunctionTransformer(func=<function reshape at 0x7fdb1d1c0360>), 'second_scale': 'passthrough'}",0.0869107517702441,0.0869107517702441,0.0,1,0.24372568415313056,0.24372568415313056,0.0,0.9555570355712714,0.8696403370628972
0,30002.098301410675,0.0,108.34005546569824,0.0,passthrough,passthrough,"HistGradientBoostingRegressor(early_stopping=True, max_iter=20000,
                              n_iter_no_change=100, random_state=42,
                              scoring='neg_root_mean_squared_error')",10.0,0.005,squared_error,32,2,1.0,255,100,FunctionTransformer(func=<function reshape at 0x7fdb1d1c0360>),passthrough,"{'first_scale': 'passthrough', 'frequency': 'passthrough', 'model': HistGradientBoostingRegressor(early_stopping=True, max_iter=20000,
                              n_iter_no_change=100, random_state=42,
                              scoring='neg_root_mean_squared_error'), 'model__l2_regularization': 10, 'model__learning_rate': 0.005, 'model__loss': 'squared_error', 'model__max_bins': 32, 'model__max_depth': 2, 'model__max_features': 1.0, 'model__max_leaf_nodes': 255, 'model__min_samples_leaf': 100, 'reshape': FunctionTransformer(func=<function reshape at 0x7fdb1d1c0360>), 'second_scale': 'passthrough'}",0.08428471474216337,0.08428471474216337,0.0,1,0.20551686889192688,0.20551686889192688,0.0,0.9569301360380686,0.8913378321983607
0,5939.179912805557,0.0,14.099665403366089,0.0,passthrough,passthrough,"HistGradientBoostingRegressor(early_stopping=True, max_iter=20000,
                              n_iter_no_change=100, random_state=42,
                              scoring='neg_root_mean_squared_error')",400.0,0.05,squared_error,32,2,1.0,255,3200,FunctionTransformer(func=<function reshape at 0x7fdb1d1c0360>),passthrough,"{'first_scale': 'passthrough', 'frequency': 'passthrough', 'model': HistGradientBoostingRegressor(early_stopping=True, max_iter=20000,
                              n_iter_no_change=100, random_state=42,
                              scoring='neg_root_mean_squared_error'), 'model__l2_regularization': 400, 'model__learning_rate': 0.05, 'model__loss': 'squared_error', 'model__max_bins': 32, 'model__max_depth': 2, 'model__max_features': 1.0, 'model__max_leaf_nodes': 255, 'model__min_samples_leaf': 3200, 'reshape': FunctionTransformer(func=<function reshape at 0x7fdb1d1c0360>), 'second_scale': 'passthrough'}",0.08389593319758903,0.08389593319758903,0.0,1,0.2745309736781948,0.2745309736781948,0.0,0.9571332544648163,0.8517446955055283
0,14378.59151005745,0.0,25.4054012298584,0.0,passthrough,passthrough,"HistGradientBoostingRegressor(early_stopping=True, max_iter=20000,
                              n_iter_no_change=100, random_state=42,
                              scoring='neg_root_mean_squared_error')",400.0,0.02,squared_error,32,2,0.1,255,1600,FunctionTransformer(func=<function reshape at 0x7fdb1d1c0360>),passthrough,"{'first_scale': 'passthrough', 'frequency': 'passthrough', 'model': HistGradientBoostingRegressor(early_stopping=True, max_iter=20000,
                              n_iter_no_change=100, random_state=42,
                              scoring='neg_root_mean_squared_error'), 'model__l2_regularization': 400, 'model__learning_rate': 0.02, 'model__loss': 'squared_error', 'model__max_bins': 32, 'model__max_depth': 2, 'model__max_features': 0.1, 'model__max_leaf_nodes': 255, 'model__min_samples_leaf': 1600, 'reshape': FunctionTransformer(func=<function reshape at 0x7fdb1d1c0360>), 'second_scale': 'passthrough'}",0.08708487790519526,0.08708487790519526,0.0,1,0.2572408089951932,0.2572408089951932,0.0,0.9554659188557197,0.8618347817330226
0,34584.47920536995,0.0,85.85301065444946,0.0,passthrough,passthrough,"HistGradientBoostingRegressor(early_stopping=True, max_iter=20000,
                              n_iter_no_change=100, random_state=42,
                              scoring='neg_root_mean_squared_error')",1.0,0.005,squared_error,32,2,0.1,127,100,FunctionTransformer(func=<function reshape at 0x7fdb1d1c0360>),passthrough,"{'first_scale': 'passthrough', 'frequency': 'passthrough', 'model': HistGradientBoostingRegressor(early_stopping=True, max_iter=20000,
                              n_iter_no_change=100, random_state=42,
                              scoring='neg_root_mean_squared_error'), 'model__l2_regularization': 1, 'model__learning_rate': 0.005, 'model__loss': 'squared_error', 'model__max_bins': 32, 'model__max_depth': 2, 'model__max_features': 0.1, 'model__max_leaf_nodes': 127, 'model__min_samples_leaf': 100, 'reshape': FunctionTransformer(func=<function reshape at 0x7fdb1d1c0360>), 'second_scale': 'passthrough'}",0.08637749612923906,0.08637749612923906,0.0,1,0.19583058763848038,0.19583058763848038,0.0,0.9558360235264002,0.8967549343948544
0,22183.450412988663,0.0,68.32201766967773,0.0,passthrough,passthrough,"HistGradientBoostingRegressor(early_stopping=True, max_iter=20000,
                              n_iter_no_change=100, random_state=42,
                              scoring='neg_root_mean_squared_error')",10.0,0.02,squared_error,32,2,0.01,127,100,FunctionTransformer(func=<function reshape at 0x7fdb1d1c0360>),passthrough,"{'first_scale': 'passthrough', 'frequency': 'passthrough', 'model': HistGradientBoostingRegressor(early_stopping=True, max_iter=20000,
                              n_iter_no_change=100, random_state=42,
                              scoring='neg_root_mean_squared_error'), 'model__l2_regularization': 10, 'model__learning_rate': 0.02, 'model__loss': 'squared_error', 'model__max_bins': 32, 'model__max_depth': 2, 'model__max_features': 0.01, 'model__max_leaf_nodes': 127, 'model__min_samples_leaf': 100, 'reshape': FunctionTransformer(func=<function reshape at 0x7fdb1d1c0360>), 'second_scale': 'passthrough'}",0.0864292853186387,0.0864292853186387,0.0,1,0.26279228339302896,0.26279228339302896,0.0,0.9558089320995914,0.8586080110312103
0,31993.599366664886,0.0,78.25442266464233,0.0,passthrough,passthrough,"HistGradientBoostingRegressor(early_stopping=True, max_iter=20000,
                              n_iter_no_change=100, random_state=42,
                              scoring='neg_root_mean_squared_error')",400.0,0.0025,squared_error,32,2,0.01,255,100,FunctionTransformer(func=<function reshape at 0x7fdb1d1c0360>),passthrough,"{'first_scale': 'passthrough', 'frequency': 'passthrough', 'model': HistGradientBoostingRegressor(early_stopping=True, max_iter=20000,
                              n_iter_no_change=100, random_state=42,
                              scoring='neg_root_mean_squared_error'), 'model__l2_regularization': 400, 'model__learning_rate': 0.0025, 'model__loss': 'squared_error', 'model__max_bins': 32, 'model__max_depth': 2, 'model__max_features': 0.01, 'model__max_leaf_nodes': 255, 'model__min_samples_leaf': 100, 'reshape': FunctionTransformer(func=<function reshape at 0x7fdb1d1c0360>), 'second_scale': 'passthrough'}",0.08000884714719703,0.08000884714719703,0.0,1,0.13840526351912197,0.13840526351912197,0.0,0.9591616927571717,0.928221275602363
0,28773.39998817444,0.0,104.79033517837524,0.0,passthrough,passthrough,"HistGradientBoostingRegressor(early_stopping=True, max_iter=20000,
                              n_iter_no_change=100, random_state=42,
                              scoring='neg_root_mean_squared_error')",100.0,0.01,squared_error,32,2,0.1,255,100,FunctionTransformer(func=<function reshape at 0x7fdb1d1c0360>),passthrough,"{'first_scale': 'passthrough', 'frequency': 'passthrough', 'model': HistGradientBoostingRegressor(early_stopping=True, max_iter=20000,
                              n_iter_no_change=100, random_state=42,
                              scoring='neg_root_mean_squared_error'), 'model__l2_regularization': 100, 'model__learning_rate': 0.01, 'model__loss': 'squared_error', 'model__max_bins': 32, 'model__max_depth': 2, 'model__max_features': 0.1, 'model__max_leaf_nodes': 255, 'model__min_samples_leaf': 100, 'reshape': FunctionTransformer(func=<function reshape at 0x7fdb1d1c0360>), 'second_scale': 'passthrough'}",0.08737691622659916,0.08737691622659916,0.0,1,0.25687746526360933,0.25687746526360933,0.0,0.9553130815462546,0.8620455525877915
0,12573.572356462479,0.0,28.299469709396362,0.0,passthrough,passthrough,"HistGradientBoostingRegressor(early_stopping=True, max_iter=20000,
                              n_iter_no_change=100, random_state=42,
                              scoring='neg_root_mean_squared_error')",1.0,0.05,squared_error,32,2,0.1,255,3200,FunctionTransformer(func=<function reshape at 0x7fdb1d1c0360>),passthrough,"{'first_scale': 'passthrough', 'frequency': 'passthrough', 'model': HistGradientBoostingRegressor(early_stopping=True, max_iter=20000,
                              n_iter_no_change=100, random_state=42,
                              scoring='neg_root_mean_squared_error'), 'model__l2_regularization': 1, 'model__learning_rate': 0.05, 'model__loss': 'squared_error', 'model__max_bins': 32, 'model__max_depth': 2, 'model__max_features': 0.1, 'model__max_leaf_nodes': 255, 'model__min_samples_leaf': 3200, 'reshape': FunctionTransformer(func=<function reshape at 0x7fdb1d1c0360>), 'second_scale': 'passthrough'}",0.08528401040991085,0.08528401040991085,0.0,1,0.2778956473488813,0.2778956473488813,0.0,0.956407857344391,0.8497672343948776
0,9601.671263933182,0.0,29.79516291618347,0.0,passthrough,passthrough,"HistGradientBoostingRegressor(early_stopping=True, max_iter=20000,
                              n_iter_no_change=100, random_state=42,
                              scoring='neg_root_mean_squared_error')",100.0,0.05,squared_error,32,2,0.1,255,1600,FunctionTransformer(func=<function reshape at 0x7fdb1d1c0360>),passthrough,"{'first_scale': 'passthrough', 'frequency': 'passthrough', 'model': HistGradientBoostingRegressor(early_stopping=True, max_iter=20000,
                              n_iter_no_change=100, random_state=42,
                              scoring='neg_root_mean_squared_error'), 'model__l2_regularization': 100, 'model__learning_rate': 0.05, 'model__loss': 'squared_error', 'model__max_bins': 32, 'model__max_depth': 2, 'model__max_features': 0.1, 'model__max_leaf_nodes': 255, 'model__min_samples_leaf': 1600, 'reshape': FunctionTransformer(func=<function reshape at 0x7fdb1d1c0360>), 'second_scale': 'passthrough'}",0.08444153279529243,0.08444153279529243,0.0,1,0.3124582216242726,0.3124582216242726,0.0,0.9568481944408462,0.829181390514601
0,7954.6672439575195,0.0,16.963416576385498,0.0,passthrough,passthrough,"HistGradientBoostingRegressor(early_stopping=True, max_iter=20000,
                              n_iter_no_change=100, random_state=42,
                              scoring='neg_root_mean_squared_error')",400.0,0.05,squared_error,32,2,0.01,255,1600,FunctionTransformer(func=<function reshape at 0x7fdb1d1c0360>),passthrough,"{'first_scale': 'passthrough', 'frequency': 'passthrough', 'model': HistGradientBoostingRegressor(early_stopping=True, max_iter=20000,
                              n_iter_no_change=100, random_state=42,
                              scoring='neg_root_mean_squared_error'), 'model__l2_regularization': 400, 'model__learning_rate': 0.05, 'model__loss': 'squared_error', 'model__max_bins': 32, 'model__max_depth': 2, 'model__max_features': 0.01, 'model__max_leaf_nodes': 255, 'model__min_samples_leaf': 1600, 'reshape': FunctionTransformer(func=<function reshape at 0x7fdb1d1c0360>), 'second_scale': 'passthrough'}",0.08590698508546901,0.08590698508546901,0.0,1,0.2772831061062013,0.2772831061062013,0.0,0.9560821172443981,0.8501275750696472
0,17160.569341897964,0.0,47.852041244506836,0.0,passthrough,passthrough,"HistGradientBoostingRegressor(early_stopping=True, max_iter=20000,
                              n_iter_no_change=100, random_state=42,
                              scoring='neg_root_mean_squared_error')",100.0,0.02,squared_error,32,2,0.1,255,100,FunctionTransformer(func=<function reshape at 0x7fdb1d1c0360>),passthrough,"{'first_scale': 'passthrough', 'frequency': 'passthrough', 'model': HistGradientBoostingRegressor(early_stopping=True, max_iter=20000,
                              n_iter_no_change=100, random_state=42,
                              scoring='neg_root_mean_squared_error'), 'model__l2_regularization': 100, 'model__learning_rate': 0.02, 'model__loss': 'squared_error', 'model__max_bins': 32, 'model__max_depth': 2, 'model__max_features': 0.1, 'model__max_leaf_nodes': 255, 'model__min_samples_leaf': 100, 'reshape': FunctionTransformer(func=<function reshape at 0x7fdb1d1c0360>), 'second_scale': 'passthrough'}",0.08546786413223273,0.08546786413223273,0.0,1,0.2800822206072868,0.2800822206072868,0.0,0.9563117357158006,0.8484796870831459
0,5791.676632404327,0.0,22.151044368743896,0.0,passthrough,passthrough,"HistGradientBoostingRegressor(early_stopping=True, max_iter=20000,
                              n_iter_no_change=100, random_state=42,
                              scoring='neg_root_mean_squared_error')",100.0,0.05,squared_error,32,2,1.0,127,3200,FunctionTransformer(func=<function reshape at 0x7fdb1d1c0360>),passthrough,"{'first_scale': 'passthrough', 'frequency': 'passthrough', 'model': HistGradientBoostingRegressor(early_stopping=True, max_iter=20000,
                              n_iter_no_change=100, random_state=42,
                              scoring='neg_root_mean_squared_error'), 'model__l2_regularization': 100, 'model__learning_rate': 0.05, 'model__loss': 'squared_error', 'model__max_bins': 32, 'model__max_depth': 2, 'model__max_features': 1.0, 'model__max_leaf_nodes': 127, 'model__min_samples_leaf': 3200, 'reshape': FunctionTransformer(func=<function reshape at 0x7fdb1d1c0360>), 'second_scale': 'passthrough'}",0.08480641761230734,0.08480641761230734,0.0,1,0.254252897986185,0.254252897986185,0.0,0.9566575052690972,0.863566501211004
0,22396.43407678604,0.0,46.72675061225891,0.0,passthrough,passthrough,"HistGradientBoostingRegressor(early_stopping=True, max_iter=20000,
                              n_iter_no_change=100, random_state=42,
                              scoring='neg_root_mean_squared_error')",400.0,0.02,squared_error,32,2,0.1,127,400,FunctionTransformer(func=<function reshape at 0x7fdb1d1c0360>),passthrough,"{'first_scale': 'passthrough', 'frequency': 'passthrough', 'model': HistGradientBoostingRegressor(early_stopping=True, max_iter=20000,
                              n_iter_no_change=100, random_state=42,
                              scoring='neg_root_mean_squared_error'), 'model__l2_regularization': 400, 'model__learning_rate': 0.02, 'model__loss': 'squared_error', 'model__max_bins': 32, 'model__max_depth': 2, 'model__max_features': 0.1, 'model__max_leaf_nodes': 127, 'model__min_samples_leaf': 400, 'reshape': FunctionTransformer(func=<function reshape at 0x7fdb1d1c0360>), 'second_scale': 'passthrough'}",0.08409370190233378,0.08409370190233378,0.0,1,0.32345505418916776,0.32345505418916776,0.0,0.95702993584196,0.8225235229528893
0,23423.42588162422,0.0,60.50704002380371,0.0,passthrough,passthrough,"HistGradientBoostingRegressor(early_stopping=True, max_iter=20000,
                              n_iter_no_change=100, random_state=42,
                              scoring='neg_root_mean_squared_error')",10.0,0.005,squared_error,32,2,0.1,255,3200,FunctionTransformer(func=<function reshape at 0x7fdb1d1c0360>),passthrough,"{'first_scale': 'passthrough', 'frequency': 'passthrough', 'model': HistGradientBoostingRegressor(early_stopping=True, max_iter=20000,
                              n_iter_no_change=100, random_state=42,
                              scoring='neg_root_mean_squared_error'), 'model__l2_regularization': 10, 'model__learning_rate': 0.005, 'model__loss': 'squared_error', 'model__max_bins': 32, 'model__max_depth': 2, 'model__max_features': 0.1, 'model__max_leaf_nodes': 255, 'model__min_samples_leaf': 3200, 'reshape': FunctionTransformer(func=<function reshape at 0x7fdb1d1c0360>), 'second_scale': 'passthrough'}",0.08520281916043593,0.08520281916043593,0.0,1,0.18584300195698011,0.18584300195698011,0.0,0.9564503023364905,0.9023064878648607
0,17413.67401766777,0.0,36.61246585845947,0.0,passthrough,passthrough,"HistGradientBoostingRegressor(early_stopping=True, max_iter=20000,
                              n_iter_no_change=100, random_state=42,
                              scoring='neg_root_mean_squared_error')",0.1,0.02,squared_error,32,2,0.01,127,100,FunctionTransformer(func=<function reshape at 0x7fdb1d1c0360>),passthrough,"{'first_scale': 'passthrough', 'frequency': 'passthrough', 'model': HistGradientBoostingRegressor(early_stopping=True, max_iter=20000,
                              n_iter_no_change=100, random_state=42,
                              scoring='neg_root_mean_squared_error'), 'model__l2_regularization': 0.1, 'model__learning_rate': 0.02, 'model__loss': 'squared_error', 'model__max_bins': 32, 'model__max_depth': 2, 'model__max_features': 0.01, 'model__max_leaf_nodes': 127, 'model__min_samples_leaf': 100, 'reshape': FunctionTransformer(func=<function reshape at 0x7fdb1d1c0360>), 'second_scale': 'passthrough'}",0.08756930452281786,0.08756930452281786,0.0,1,0.20683361665148148,0.20683361665148148,0.0,0.955212382393142,0.890598890269081
0,7289.023561239243,0.0,19.659220457077026,0.0,passthrough,passthrough,"HistGradientBoostingRegressor(early_stopping=True, max_iter=20000,
                              n_iter_no_change=100, random_state=42,
                              scoring='neg_root_mean_squared_error')",100.0,0.05,squared_error,32,2,0.01,255,400,FunctionTransformer(func=<function reshape at 0x7fdb1d1c0360>),passthrough,"{'first_scale': 'passthrough', 'frequency': 'passthrough', 'model': HistGradientBoostingRegressor(early_stopping=True, max_iter=20000,
                              n_iter_no_change=100, random_state=42,
                              scoring='neg_root_mean_squared_error'), 'model__l2_regularization': 100, 'model__learning_rate': 0.05, 'model__loss': 'squared_error', 'model__max_bins': 32, 'model__max_depth': 2, 'model__max_features': 0.01, 'model__max_leaf_nodes': 255, 'model__min_samples_leaf': 400, 'reshape': FunctionTransformer(func=<function reshape at 0x7fdb1d1c0360>), 'second_scale': 'passthrough'}",0.08452034253929308,0.08452034253929308,0.0,1,0.2757260791149061,0.2757260791149061,0.0,0.9568070116072033,0.8510428431548519
0,13560.352682828903,0.0,40.61687183380127,0.0,passthrough,passthrough,"HistGradientBoostingRegressor(early_stopping=True, max_iter=20000,
                              n_iter_no_change=100, random_state=42,
                              scoring='neg_root_mean_squared_error')",1.0,0.02,squared_error,32,2,0.1,127,3200,FunctionTransformer(func=<function reshape at 0x7fdb1d1c0360>),passthrough,"{'first_scale': 'passthrough', 'frequency': 'passthrough', 'model': HistGradientBoostingRegressor(early_stopping=True, max_iter=20000,
                              n_iter_no_change=100, random_state=42,
                              scoring='neg_root_mean_squared_error'), 'model__l2_regularization': 1, 'model__learning_rate': 0.02, 'model__loss': 'squared_error', 'model__max_bins': 32, 'model__max_depth': 2, 'model__max_features': 0.1, 'model__max_leaf_nodes': 127, 'model__min_samples_leaf': 3200, 'reshape': FunctionTransformer(func=<function reshape at 0x7fdb1d1c0360>), 'second_scale': 'passthrough'}",0.08618687045036555,0.08618687045036555,0.0,1,0.22668353090312043,0.22668353090312043,0.0,0.9559357350521187,0.879384141940756
0,6474.130662918091,0.0,13.849400281906128,0.0,passthrough,passthrough,"HistGradientBoostingRegressor(early_stopping=True, max_iter=20000,
                              n_iter_no_change=100, random_state=42,
                              scoring='neg_root_mean_squared_error')",0.1,0.05,squared_error,32,2,0.1,127,1600,FunctionTransformer(func=<function reshape at 0x7fdb1d1c0360>),passthrough,"{'first_scale': 'passthrough', 'frequency': 'passthrough', 'model': HistGradientBoostingRegressor(early_stopping=True, max_iter=20000,
                              n_iter_no_change=100, random_state=42,
                              scoring='neg_root_mean_squared_error'), 'model__l2_regularization': 0.1, 'model__learning_rate': 0.05, 'model__loss': 'squared_error', 'model__max_bins': 32, 'model__max_depth': 2, 'model__max_features': 0.1, 'model__max_leaf_nodes': 127, 'model__min_samples_leaf': 1600, 'reshape': FunctionTransformer(func=<function reshape at 0x7fdb1d1c0360>), 'second_scale': 'passthrough'}",0.08420957896445458,0.08420957896445458,0.0,1,0.27610617237957435,0.27610617237957435,0.0,0.9569693939910228,0.8508195035496222
0,5514.583052158356,0.0,13.681792974472046,0.0,passthrough,passthrough,"HistGradientBoostingRegressor(early_stopping=True, max_iter=20000,
                              n_iter_no_change=100, random_state=42,
                              scoring='neg_root_mean_squared_error')",400.0,0.05,squared_error,32,2,1.0,255,1600,FunctionTransformer(func=<function reshape at 0x7fdb1d1c0360>),passthrough,"{'first_scale': 'passthrough', 'frequency': 'passthrough', 'model': HistGradientBoostingRegressor(early_stopping=True, max_iter=20000,
                              n_iter_no_change=100, random_state=42,
                              scoring='neg_root_mean_squared_error'), 'model__l2_regularization': 400, 'model__learning_rate': 0.05, 'model__loss': 'squared_error', 'model__max_bins': 32, 'model__max_depth': 2, 'model__max_features': 1.0, 'model__max_leaf_nodes': 255, 'model__min_samples_leaf': 1600, 'reshape': FunctionTransformer(func=<function reshape at 0x7fdb1d1c0360>), 'second_scale': 'passthrough'}",0.08383297003575574,0.08383297003575574,0.0,1,0.27410294731953566,0.27410294731953566,0.0,0.957166145433615,0.8519959229247898
0,19179.26055288315,0.0,59.21759390830994,0.0,passthrough,passthrough,"HistGradientBoostingRegressor(early_stopping=True, max_iter=20000,
                              n_iter_no_change=100, random_state=42,
                              scoring='neg_root_mean_squared_error')",1.0,0.02,squared_error,32,2,1.0,127,3200,FunctionTransformer(func=<function reshape at 0x7fdb1d1c0360>),passthrough,"{'first_scale': 'passthrough', 'frequency': 'passthrough', 'model': HistGradientBoostingRegressor(early_stopping=True, max_iter=20000,
                              n_iter_no_change=100, random_state=42,
                              scoring='neg_root_mean_squared_error'), 'model__l2_regularization': 1, 'model__learning_rate': 0.02, 'model__loss': 'squared_error', 'model__max_bins': 32, 'model__max_depth': 2, 'model__max_features': 1.0, 'model__max_leaf_nodes': 127, 'model__min_samples_leaf': 3200, 'reshape': FunctionTransformer(func=<function reshape at 0x7fdb1d1c0360>), 'second_scale': 'passthrough'}",0.08416821947992936,0.08416821947992936,0.0,1,0.2719476146900428,0.2719476146900428,0.0,0.9569910033642274,0.8532598580209649
0,15228.86213517189,0.0,28.15949511528015,0.0,passthrough,passthrough,"HistGradientBoostingRegressor(early_stopping=True, max_iter=20000,
                              n_iter_no_change=100, random_state=42,
                              scoring='neg_root_mean_squared_error')",400.0,0.02,squared_error,32,2,0.1,127,3200,FunctionTransformer(func=<function reshape at 0x7fdb1d1c0360>),passthrough,"{'first_scale': 'passthrough', 'frequency': 'passthrough', 'model': HistGradientBoostingRegressor(early_stopping=True, max_iter=20000,
                              n_iter_no_change=100, random_state=42,
                              scoring='neg_root_mean_squared_error'), 'model__l2_regularization': 400, 'model__learning_rate': 0.02, 'model__loss': 'squared_error', 'model__max_bins': 32, 'model__max_depth': 2, 'model__max_features': 0.1, 'model__max_leaf_nodes': 127, 'model__min_samples_leaf': 3200, 'reshape': FunctionTransformer(func=<function reshape at 0x7fdb1d1c0360>), 'second_scale': 'passthrough'}",0.08655096578892674,0.08655096578892674,0.0,1,0.2566600619955919,0.2566600619955919,0.0,0.9557452768447633,0.8621716406867069
0,23902.742653131485,0.0,50.01221513748169,0.0,passthrough,passthrough,"HistGradientBoostingRegressor(early_stopping=True, max_iter=20000,
                              n_iter_no_change=100, random_state=42,
                              scoring='neg_root_mean_squared_error')",400.0,0.01,squared_error,32,2,0.1,255,3200,FunctionTransformer(func=<function reshape at 0x7fdb1d1c0360>),passthrough,"{'first_scale': 'passthrough', 'frequency': 'passthrough', 'model': HistGradientBoostingRegressor(early_stopping=True, max_iter=20000,
                              n_iter_no_change=100, random_state=42,
                              scoring='neg_root_mean_squared_error'), 'model__l2_regularization': 400, 'model__learning_rate': 0.01, 'model__loss': 'squared_error', 'model__max_bins': 32, 'model__max_depth': 2, 'model__max_features': 0.1, 'model__max_leaf_nodes': 255, 'model__min_samples_leaf': 3200, 'reshape': FunctionTransformer(func=<function reshape at 0x7fdb1d1c0360>), 'second_scale': 'passthrough'}",0.08718340543453185,0.08718340543453185,0.0,1,0.23937137815332254,0.23937137815332254,0.0,0.9554143575252929,0.8721402535410675
0,31025.50164961815,0.0,77.36019825935364,0.0,passthrough,passthrough,"HistGradientBoostingRegressor(early_stopping=True, max_iter=20000,
                              n_iter_no_change=100, random_state=42,
                              scoring='neg_root_mean_squared_error')",10.0,0.01,squared_error,32,2,0.1,127,3200,FunctionTransformer(func=<function reshape at 0x7fdb1d1c0360>),passthrough,"{'first_scale': 'passthrough', 'frequency': 'passthrough', 'model': HistGradientBoostingRegressor(early_stopping=True, max_iter=20000,
                              n_iter_no_change=100, random_state=42,
                              scoring='neg_root_mean_squared_error'), 'model__l2_regularization': 10, 'model__learning_rate': 0.01, 'model__loss': 'squared_error', 'model__max_bins': 32, 'model__max_depth': 2, 'model__max_features': 0.1, 'model__max_leaf_nodes': 127, 'model__min_samples_leaf': 3200, 'reshape': FunctionTransformer(func=<function reshape at 0x7fdb1d1c0360>), 'second_scale': 'passthrough'}",0.08752805020242949,0.08752805020242949,0.0,1,0.23560366103476993,0.23560366103476993,0.0,0.9552339764673211,0.8742976260777734
0,23250.350593328476,0.0,71.87774133682251,0.0,passthrough,passthrough,"HistGradientBoostingRegressor(early_stopping=True, max_iter=20000,
                              n_iter_no_change=100, random_state=42,
                              scoring='neg_root_mean_squared_error')",10.0,0.005,squared_error,32,2,0.01,127,3200,FunctionTransformer(func=<function reshape at 0x7fdb1d1c0360>),passthrough,"{'first_scale': 'passthrough', 'frequency': 'passthrough', 'model': HistGradientBoostingRegressor(early_stopping=True, max_iter=20000,
                              n_iter_no_change=100, random_state=42,
                              scoring='neg_root_mean_squared_error'), 'model__l2_regularization': 10, 'model__learning_rate': 0.005, 'model__loss': 'squared_error', 'model__max_bins': 32, 'model__max_depth': 2, 'model__max_features': 0.01, 'model__max_leaf_nodes': 127, 'model__min_samples_leaf': 3200, 'reshape': FunctionTransformer(func=<function reshape at 0x7fdb1d1c0360>), 'second_scale': 'passthrough'}",0.08515192059221033,0.08515192059221033,0.0,1,0.17215581229958044,0.17215581229958044,0.0,0.9564769100233365,0.9098594329347911
0,10951.743563652039,0.0,31.11064076423645,0.0,passthrough,passthrough,"HistGradientBoostingRegressor(early_stopping=True, max_iter=20000,
                              n_iter_no_change=100, random_state=42,
                              scoring='neg_root_mean_squared_error')",10.0,0.05,squared_error,32,2,0.1,127,1600,FunctionTransformer(func=<function reshape at 0x7fdb1d1c0360>),passthrough,"{'first_scale': 'passthrough', 'frequency': 'passthrough', 'model': HistGradientBoostingRegressor(early_stopping=True, max_iter=20000,
                              n_iter_no_change=100, random_state=42,
                              scoring='neg_root_mean_squared_error'), 'model__l2_regularization': 10, 'model__learning_rate': 0.05, 'model__loss': 'squared_error', 'model__max_bins': 32, 'model__max_depth': 2, 'model__max_features': 0.1, 'model__max_leaf_nodes': 127, 'model__min_samples_leaf': 1600, 'reshape': FunctionTransformer(func=<function reshape at 0x7fdb1d1c0360>), 'second_scale': 'passthrough'}",0.08267918805264829,0.08267918805264829,0.0,1,0.2962620586861705,0.2962620586861705,0.0,0.9577686630639738,0.8388908995297478
0,24718.609578609467,0.0,81.74868059158325,0.0,passthrough,passthrough,"HistGradientBoostingRegressor(early_stopping=True, max_iter=20000,
                              n_iter_no_change=100, random_state=42,
                              scoring='neg_root_mean_squared_error')",1.0,0.0025,squared_error,32,2,0.1,127,3200,FunctionTransformer(func=<function reshape at 0x7fdb1d1c0360>),passthrough,"{'first_scale': 'passthrough', 'frequency': 'passthrough', 'model': HistGradientBoostingRegressor(early_stopping=True, max_iter=20000,
                              n_iter_no_change=100, random_state=42,
                              scoring='neg_root_mean_squared_error'), 'model__l2_regularization': 1, 'model__learning_rate': 0.0025, 'model__loss': 'squared_error', 'model__max_bins': 32, 'model__max_depth': 2, 'model__max_features': 0.1, 'model__max_leaf_nodes': 127, 'model__min_samples_leaf': 3200, 'reshape': FunctionTransformer(func=<function reshape at 0x7fdb1d1c0360>), 'second_scale': 'passthrough'}",0.07951911497278075,0.07951911497278075,0.0,1,0.14536745109564142,0.14536745109564142,0.0,0.9594169505627984,0.9244633842961865
0,29967.59956550598,0.0,112.34166741371155,0.0,passthrough,passthrough,"HistGradientBoostingRegressor(early_stopping=True, max_iter=20000,
                              n_iter_no_change=100, random_state=42,
                              scoring='neg_root_mean_squared_error')",0.1,0.0025,squared_error,32,2,0.01,127,1600,FunctionTransformer(func=<function reshape at 0x7fdb1d1c0360>),passthrough,"{'first_scale': 'passthrough', 'frequency': 'passthrough', 'model': HistGradientBoostingRegressor(early_stopping=True, max_iter=20000,
                              n_iter_no_change=100, random_state=42,
                              scoring='neg_root_mean_squared_error'), 'model__l2_regularization': 0.1, 'model__learning_rate': 0.0025, 'model__loss': 'squared_error', 'model__max_bins': 32, 'model__max_depth': 2, 'model__max_features': 0.01, 'model__max_leaf_nodes': 127, 'model__min_samples_leaf': 1600, 'reshape': FunctionTransformer(func=<function reshape at 0x7fdb1d1c0360>), 'second_scale': 'passthrough'}",0.08033948247498746,0.08033948247498746,0.0,1,0.13943506992235288,0.13943506992235288,0.0,0.958989320860776,0.92766638942976
0,6329.482271671295,0.0,12.138272762298584,0.0,passthrough,passthrough,"HistGradientBoostingRegressor(early_stopping=True, max_iter=20000,
                              n_iter_no_change=100, random_state=42,
                              scoring='neg_root_mean_squared_error')",0.1,0.05,squared_error,32,2,0.01,255,3200,FunctionTransformer(func=<function reshape at 0x7fdb1d1c0360>),passthrough,"{'first_scale': 'passthrough', 'frequency': 'passthrough', 'model': HistGradientBoostingRegressor(early_stopping=True, max_iter=20000,
                              n_iter_no_change=100, random_state=42,
                              scoring='neg_root_mean_squared_error'), 'model__l2_regularization': 0.1, 'model__learning_rate': 0.05, 'model__loss': 'squared_error', 'model__max_bins': 32, 'model__max_depth': 2, 'model__max_features': 0.01, 'model__max_leaf_nodes': 255, 'model__min_samples_leaf': 3200, 'reshape': FunctionTransformer(func=<function reshape at 0x7fdb1d1c0360>), 'second_scale': 'passthrough'}",0.0856579851886955,0.0856579851886955,0.0,1,0.23472244170043433,0.23472244170043433,0.0,0.9562123272638272,0.8748014393561351
0,13754.234978437424,0.0,27.52404022216797,0.0,passthrough,passthrough,"HistGradientBoostingRegressor(early_stopping=True, max_iter=20000,
                              n_iter_no_change=100, random_state=42,
                              scoring='neg_root_mean_squared_error')",1.0,0.05,squared_error,32,2,0.01,255,1600,FunctionTransformer(func=<function reshape at 0x7fdb1d1c0360>),passthrough,"{'first_scale': 'passthrough', 'frequency': 'passthrough', 'model': HistGradientBoostingRegressor(early_stopping=True, max_iter=20000,
                              n_iter_no_change=100, random_state=42,
                              scoring='neg_root_mean_squared_error'), 'model__l2_regularization': 1, 'model__learning_rate': 0.05, 'model__loss': 'squared_error', 'model__max_bins': 32, 'model__max_depth': 2, 'model__max_features': 0.01, 'model__max_leaf_nodes': 255, 'model__min_samples_leaf': 1600, 'reshape': FunctionTransformer(func=<function reshape at 0x7fdb1d1c0360>), 'second_scale': 'passthrough'}",0.08411573979957654,0.08411573979957654,0.0,1,0.2726497729416618,0.2726497729416618,0.0,0.9570184220799637,0.852848302488982
0,7936.732903003693,0.0,17.68028736114502,0.0,passthrough,passthrough,"HistGradientBoostingRegressor(early_stopping=True, max_iter=20000,
                              n_iter_no_change=100, random_state=42,
                              scoring='neg_root_mean_squared_error')",400.0,0.05,squared_error,32,2,0.01,255,3200,FunctionTransformer(func=<function reshape at 0x7fdb1d1c0360>),passthrough,"{'first_scale': 'passthrough', 'frequency': 'passthrough', 'model': HistGradientBoostingRegressor(early_stopping=True, max_iter=20000,
                              n_iter_no_change=100, random_state=42,
                              scoring='neg_root_mean_squared_error'), 'model__l2_regularization': 400, 'model__learning_rate': 0.05, 'model__loss': 'squared_error', 'model__max_bins': 32, 'model__max_depth': 2, 'model__max_features': 0.01, 'model__max_leaf_nodes': 255, 'model__min_samples_leaf': 3200, 'reshape': FunctionTransformer(func=<function reshape at 0x7fdb1d1c0360>), 'second_scale': 'passthrough'}",0.08452382116389345,0.08452382116389345,0.0,1,0.26914093581050513,0.26914093581050513,0.0,0.9568051937756747,0.8549029560069932
0,6973.674480676651,0.0,18.8618221282959,0.0,passthrough,passthrough,"HistGradientBoostingRegressor(early_stopping=True, max_iter=20000,
                              n_iter_no_change=100, random_state=42,
                              scoring='neg_root_mean_squared_error')",400.0,0.05,squared_error,32,2,1.0,127,100,FunctionTransformer(func=<function reshape at 0x7fdb1d1c0360>),passthrough,"{'first_scale': 'passthrough', 'frequency': 'passthrough', 'model': HistGradientBoostingRegressor(early_stopping=True, max_iter=20000,
                              n_iter_no_change=100, random_state=42,
                              scoring='neg_root_mean_squared_error'), 'model__l2_regularization': 400, 'model__learning_rate': 0.05, 'model__loss': 'squared_error', 'model__max_bins': 32, 'model__max_depth': 2, 'model__max_features': 1.0, 'model__max_leaf_nodes': 127, 'model__min_samples_leaf': 100, 'reshape': FunctionTransformer(func=<function reshape at 0x7fdb1d1c0360>), 'second_scale': 'passthrough'}",0.08299228489640509,0.08299228489640509,0.0,1,0.27854827871531374,0.27854827871531374,0.0,0.9576051979305432,0.849383141629669
0,8368.682024002075,0.0,15.123584747314453,0.0,passthrough,passthrough,"HistGradientBoostingRegressor(early_stopping=True, max_iter=20000,
                              n_iter_no_change=100, random_state=42,
                              scoring='neg_root_mean_squared_error')",0.1,0.05,squared_error,32,2,0.01,255,1600,FunctionTransformer(func=<function reshape at 0x7fdb1d1c0360>),passthrough,"{'first_scale': 'passthrough', 'frequency': 'passthrough', 'model': HistGradientBoostingRegressor(early_stopping=True, max_iter=20000,
                              n_iter_no_change=100, random_state=42,
                              scoring='neg_root_mean_squared_error'), 'model__l2_regularization': 0.1, 'model__learning_rate': 0.05, 'model__loss': 'squared_error', 'model__max_bins': 32, 'model__max_depth': 2, 'model__max_features': 0.01, 'model__max_leaf_nodes': 255, 'model__min_samples_leaf': 1600, 'reshape': FunctionTransformer(func=<function reshape at 0x7fdb1d1c0360>), 'second_scale': 'passthrough'}",0.08455124139883119,0.08455124139883119,0.0,1,0.27679120520341216,0.27679120520341216,0.0,0.9567908646100092,0.8504168359084784
0,16172.309750080109,0.0,44.85530996322632,0.0,passthrough,passthrough,"HistGradientBoostingRegressor(early_stopping=True, max_iter=20000,
                              n_iter_no_change=100, random_state=42,
                              scoring='neg_root_mean_squared_error')",100.0,0.02,squared_error,32,2,1.0,127,400,FunctionTransformer(func=<function reshape at 0x7fdb1d1c0360>),passthrough,"{'first_scale': 'passthrough', 'frequency': 'passthrough', 'model': HistGradientBoostingRegressor(early_stopping=True, max_iter=20000,
                              n_iter_no_change=100, random_state=42,
                              scoring='neg_root_mean_squared_error'), 'model__l2_regularization': 100, 'model__learning_rate': 0.02, 'model__loss': 'squared_error', 'model__max_bins': 32, 'model__max_depth': 2, 'model__max_features': 1.0, 'model__max_leaf_nodes': 127, 'model__min_samples_leaf': 400, 'reshape': FunctionTransformer(func=<function reshape at 0x7fdb1d1c0360>), 'second_scale': 'passthrough'}",0.08300378974726697,0.08300378974726697,0.0,1,0.28659686738432233,0.28659686738432233,0.0,0.9575991908166658,0.8446319509796427
0,4591.466684341431,0.0,21.25934410095215,0.0,passthrough,passthrough,"HistGradientBoostingRegressor(early_stopping=True, max_iter=20000,
                              n_iter_no_change=100, random_state=42,
                              scoring='neg_root_mean_squared_error')",0.1,0.05,squared_error,32,2,1.0,127,3200,FunctionTransformer(func=<function reshape at 0x7fdb1d1c0360>),passthrough,"{'first_scale': 'passthrough', 'frequency': 'passthrough', 'model': HistGradientBoostingRegressor(early_stopping=True, max_iter=20000,
                              n_iter_no_change=100, random_state=42,
                              scoring='neg_root_mean_squared_error'), 'model__l2_regularization': 0.1, 'model__learning_rate': 0.05, 'model__loss': 'squared_error', 'model__max_bins': 32, 'model__max_depth': 2, 'model__max_features': 1.0, 'model__max_leaf_nodes': 127, 'model__min_samples_leaf': 3200, 'reshape': FunctionTransformer(func=<function reshape at 0x7fdb1d1c0360>), 'second_scale': 'passthrough'}",0.08456778068932203,0.08456778068932203,0.0,1,0.2523006928515137,0.2523006928515137,0.0,0.9567822214645703,0.8646960779074265
0,7406.103366613388,0.0,12.517688035964966,0.0,passthrough,passthrough,"HistGradientBoostingRegressor(early_stopping=True, max_iter=20000,
                              n_iter_no_change=100, random_state=42,
                              scoring='neg_root_mean_squared_error')",0.1,0.05,squared_error,32,2,1.0,127,100,FunctionTransformer(func=<function reshape at 0x7fdb1d1c0360>),passthrough,"{'first_scale': 'passthrough', 'frequency': 'passthrough', 'model': HistGradientBoostingRegressor(early_stopping=True, max_iter=20000,
                              n_iter_no_change=100, random_state=42,
                              scoring='neg_root_mean_squared_error'), 'model__l2_regularization': 0.1, 'model__learning_rate': 0.05, 'model__loss': 'squared_error', 'model__max_bins': 32, 'model__max_depth': 2, 'model__max_features': 1.0, 'model__max_leaf_nodes': 127, 'model__min_samples_leaf': 100, 'reshape': FunctionTransformer(func=<function reshape at 0x7fdb1d1c0360>), 'second_scale': 'passthrough'}",0.08067800832002436,0.08067800832002436,0.0,1,0.31393971124788755,0.31393971124788755,0.0,0.9588128032520089,0.8282875640453093
0,10164.681229829788,0.0,26.574103832244873,0.0,passthrough,passthrough,"HistGradientBoostingRegressor(early_stopping=True, max_iter=20000,
                              n_iter_no_change=100, random_state=42,
                              scoring='neg_root_mean_squared_error')",10.0,0.05,squared_error,32,2,0.1,255,1600,FunctionTransformer(func=<function reshape at 0x7fdb1d1c0360>),passthrough,"{'first_scale': 'passthrough', 'frequency': 'passthrough', 'model': HistGradientBoostingRegressor(early_stopping=True, max_iter=20000,
                              n_iter_no_change=100, random_state=42,
                              scoring='neg_root_mean_squared_error'), 'model__l2_regularization': 10, 'model__learning_rate': 0.05, 'model__loss': 'squared_error', 'model__max_bins': 32, 'model__max_depth': 2, 'model__max_features': 0.1, 'model__max_leaf_nodes': 255, 'model__min_samples_leaf': 1600, 'reshape': FunctionTransformer(func=<function reshape at 0x7fdb1d1c0360>), 'second_scale': 'passthrough'}",0.08267918805264829,0.08267918805264829,0.0,1,0.2962620586861705,0.2962620586861705,0.0,0.9577686630639738,0.8388908995297478
0,29462.710876703262,0.0,113.02550888061523,0.0,passthrough,passthrough,"HistGradientBoostingRegressor(early_stopping=True, max_iter=20000,
                              n_iter_no_change=100, random_state=42,
                              scoring='neg_root_mean_squared_error')",0.1,0.005,squared_error,32,2,0.01,127,400,FunctionTransformer(func=<function reshape at 0x7fdb1d1c0360>),passthrough,"{'first_scale': 'passthrough', 'frequency': 'passthrough', 'model': HistGradientBoostingRegressor(early_stopping=True, max_iter=20000,
                              n_iter_no_change=100, random_state=42,
                              scoring='neg_root_mean_squared_error'), 'model__l2_regularization': 0.1, 'model__learning_rate': 0.005, 'model__loss': 'squared_error', 'model__max_bins': 32, 'model__max_depth': 2, 'model__max_features': 0.01, 'model__max_leaf_nodes': 127, 'model__min_samples_leaf': 400, 'reshape': FunctionTransformer(func=<function reshape at 0x7fdb1d1c0360>), 'second_scale': 'passthrough'}",0.08599914981101409,0.08599914981101409,0.0,1,0.18090506004012008,0.18090506004012008,0.0,0.9560339168612094,0.9050386400369212
0,14860.892538547516,0.0,29.8231143951416,0.0,passthrough,passthrough,"HistGradientBoostingRegressor(early_stopping=True, max_iter=20000,
                              n_iter_no_change=100, random_state=42,
                              scoring='neg_root_mean_squared_error')",1.0,0.05,squared_error,32,2,0.1,255,400,FunctionTransformer(func=<function reshape at 0x7fdb1d1c0360>),passthrough,"{'first_scale': 'passthrough', 'frequency': 'passthrough', 'model': HistGradientBoostingRegressor(early_stopping=True, max_iter=20000,
                              n_iter_no_change=100, random_state=42,
                              scoring='neg_root_mean_squared_error'), 'model__l2_regularization': 1, 'model__learning_rate': 0.05, 'model__loss': 'squared_error', 'model__max_bins': 32, 'model__max_depth': 2, 'model__max_features': 0.1, 'model__max_leaf_nodes': 255, 'model__min_samples_leaf': 400, 'reshape': FunctionTransformer(func=<function reshape at 0x7fdb1d1c0360>), 'second_scale': 'passthrough'}",0.08328561890509711,0.08328561890509711,0.0,1,0.3194004808790798,0.3194004808790798,0.0,0.9574520254795552,0.824984556898443
0,15700.108266830444,0.0,43.214069843292236,0.0,passthrough,passthrough,"HistGradientBoostingRegressor(early_stopping=True, max_iter=20000,
                              n_iter_no_change=100, random_state=42,
                              scoring='neg_root_mean_squared_error')",400.0,0.02,squared_error,32,2,1.0,127,3200,FunctionTransformer(func=<function reshape at 0x7fdb1d1c0360>),passthrough,"{'first_scale': 'passthrough', 'frequency': 'passthrough', 'model': HistGradientBoostingRegressor(early_stopping=True, max_iter=20000,
                              n_iter_no_change=100, random_state=42,
                              scoring='neg_root_mean_squared_error'), 'model__l2_regularization': 400, 'model__learning_rate': 0.02, 'model__loss': 'squared_error', 'model__max_bins': 32, 'model__max_depth': 2, 'model__max_features': 1.0, 'model__max_leaf_nodes': 127, 'model__min_samples_leaf': 3200, 'reshape': FunctionTransformer(func=<function reshape at 0x7fdb1d1c0360>), 'second_scale': 'passthrough'}",0.08311389485940124,0.08311389485940124,0.0,1,0.2872784453212309,0.2872784453212309,0.0,0.9575416989043343,0.8442283782714065
0,23910.167345285416,0.0,48.927330493927,0.0,passthrough,passthrough,"HistGradientBoostingRegressor(early_stopping=True, max_iter=20000,
                              n_iter_no_change=100, random_state=42,
                              scoring='neg_root_mean_squared_error')",400.0,0.01,squared_error,32,2,0.1,255,1600,FunctionTransformer(func=<function reshape at 0x7fdb1d1c0360>),passthrough,"{'first_scale': 'passthrough', 'frequency': 'passthrough', 'model': HistGradientBoostingRegressor(early_stopping=True, max_iter=20000,
                              n_iter_no_change=100, random_state=42,
                              scoring='neg_root_mean_squared_error'), 'model__l2_regularization': 400, 'model__learning_rate': 0.01, 'model__loss': 'squared_error', 'model__max_bins': 32, 'model__max_depth': 2, 'model__max_features': 0.1, 'model__max_leaf_nodes': 255, 'model__min_samples_leaf': 1600, 'reshape': FunctionTransformer(func=<function reshape at 0x7fdb1d1c0360>), 'second_scale': 'passthrough'}",0.08714209555845309,0.08714209555845309,0.0,1,0.24645833374754555,0.24645833374754555,0.0,0.9554359761080524,0.8680677774531517
0,12580.581155061722,0.0,24.924793481826782,0.0,passthrough,passthrough,"HistGradientBoostingRegressor(early_stopping=True, max_iter=20000,
                              n_iter_no_change=100, random_state=42,
                              scoring='neg_root_mean_squared_error')",400.0,0.02,squared_error,32,2,0.01,255,3200,FunctionTransformer(func=<function reshape at 0x7fdb1d1c0360>),passthrough,"{'first_scale': 'passthrough', 'frequency': 'passthrough', 'model': HistGradientBoostingRegressor(early_stopping=True, max_iter=20000,
                              n_iter_no_change=100, random_state=42,
                              scoring='neg_root_mean_squared_error'), 'model__l2_regularization': 400, 'model__learning_rate': 0.02, 'model__loss': 'squared_error', 'model__max_bins': 32, 'model__max_depth': 2, 'model__max_features': 0.01, 'model__max_leaf_nodes': 255, 'model__min_samples_leaf': 3200, 'reshape': FunctionTransformer(func=<function reshape at 0x7fdb1d1c0360>), 'second_scale': 'passthrough'}",0.0878780555394082,0.0878780555394082,0.0,1,0.2179216850139759,0.2179216850139759,0.0,0.9550507549133668,0.8843519180654408
0,15340.565504550934,0.0,39.053717374801636,0.0,passthrough,passthrough,"HistGradientBoostingRegressor(early_stopping=True, max_iter=20000,
                              n_iter_no_change=100, random_state=42,
                              scoring='neg_root_mean_squared_error')",10.0,0.02,squared_error,32,2,0.1,255,1600,FunctionTransformer(func=<function reshape at 0x7fdb1d1c0360>),passthrough,"{'first_scale': 'passthrough', 'frequency': 'passthrough', 'model': HistGradientBoostingRegressor(early_stopping=True, max_iter=20000,
                              n_iter_no_change=100, random_state=42,
                              scoring='neg_root_mean_squared_error'), 'model__l2_regularization': 10, 'model__learning_rate': 0.02, 'model__loss': 'squared_error', 'model__max_bins': 32, 'model__max_depth': 2, 'model__max_features': 0.1, 'model__max_leaf_nodes': 255, 'model__min_samples_leaf': 1600, 'reshape': FunctionTransformer(func=<function reshape at 0x7fdb1d1c0360>), 'second_scale': 'passthrough'}",0.08753699484297783,0.08753699484297783,0.0,1,0.24165029809306715,0.24165029809306715,0.0,0.9552292945450439,0.8708327634551498
0,9704.740284442902,0.0,31.067328691482544,0.0,passthrough,passthrough,"HistGradientBoostingRegressor(early_stopping=True, max_iter=20000,
                              n_iter_no_change=100, random_state=42,
                              scoring='neg_root_mean_squared_error')",10.0,0.05,squared_error,32,2,0.1,127,100,FunctionTransformer(func=<function reshape at 0x7fdb1d1c0360>),passthrough,"{'first_scale': 'passthrough', 'frequency': 'passthrough', 'model': HistGradientBoostingRegressor(early_stopping=True, max_iter=20000,
                              n_iter_no_change=100, random_state=42,
                              scoring='neg_root_mean_squared_error'), 'model__l2_regularization': 10, 'model__learning_rate': 0.05, 'model__loss': 'squared_error', 'model__max_bins': 32, 'model__max_depth': 2, 'model__max_features': 0.1, 'model__max_leaf_nodes': 127, 'model__min_samples_leaf': 100, 'reshape': FunctionTransformer(func=<function reshape at 0x7fdb1d1c0360>), 'second_scale': 'passthrough'}",0.08322229939371517,0.08322229939371517,0.0,1,0.298362754065435,0.298362754065435,0.0,0.9574850915843467,0.8376378966681038
0,24860.307270765305,0.0,57.33822751045227,0.0,passthrough,passthrough,"HistGradientBoostingRegressor(early_stopping=True, max_iter=20000,
                              n_iter_no_change=100, random_state=42,
                              scoring='neg_root_mean_squared_error')",100.0,0.01,squared_error,32,2,1.0,255,1600,FunctionTransformer(func=<function reshape at 0x7fdb1d1c0360>),passthrough,"{'first_scale': 'passthrough', 'frequency': 'passthrough', 'model': HistGradientBoostingRegressor(early_stopping=True, max_iter=20000,
                              n_iter_no_change=100, random_state=42,
                              scoring='neg_root_mean_squared_error'), 'model__l2_regularization': 100, 'model__learning_rate': 0.01, 'model__loss': 'squared_error', 'model__max_bins': 32, 'model__max_depth': 2, 'model__max_features': 1.0, 'model__max_leaf_nodes': 255, 'model__min_samples_leaf': 1600, 'reshape': FunctionTransformer(func=<function reshape at 0x7fdb1d1c0360>), 'second_scale': 'passthrough'}",0.08485830379760106,0.08485830379760106,0.0,1,0.21531521901711737,0.21531521901711737,0.0,0.9566303864097141,0.8858243510893583
0,6126.975718975067,0.0,13.58812665939331,0.0,passthrough,passthrough,"HistGradientBoostingRegressor(early_stopping=True, max_iter=20000,
                              n_iter_no_change=100, random_state=42,
                              scoring='neg_root_mean_squared_error')",400.0,0.05,squared_error,32,2,0.1,255,1600,FunctionTransformer(func=<function reshape at 0x7fdb1d1c0360>),passthrough,"{'first_scale': 'passthrough', 'frequency': 'passthrough', 'model': HistGradientBoostingRegressor(early_stopping=True, max_iter=20000,
                              n_iter_no_change=100, random_state=42,
                              scoring='neg_root_mean_squared_error'), 'model__l2_regularization': 400, 'model__learning_rate': 0.05, 'model__loss': 'squared_error', 'model__max_bins': 32, 'model__max_depth': 2, 'model__max_features': 0.1, 'model__max_leaf_nodes': 255, 'model__min_samples_leaf': 1600, 'reshape': FunctionTransformer(func=<function reshape at 0x7fdb1d1c0360>), 'second_scale': 'passthrough'}",0.08636203118730024,0.08636203118730024,0.0,1,0.2689024095248813,0.2689024095248813,0.0,0.9558441132385028,0.8550424495164662
0,24019.121638298035,0.0,41.35924935340881,0.0,passthrough,passthrough,"HistGradientBoostingRegressor(early_stopping=True, max_iter=20000,
                              n_iter_no_change=100, random_state=42,
                              scoring='neg_root_mean_squared_error')",100.0,0.005,squared_error,32,2,0.01,127,3200,FunctionTransformer(func=<function reshape at 0x7fdb1d1c0360>),passthrough,"{'first_scale': 'passthrough', 'frequency': 'passthrough', 'model': HistGradientBoostingRegressor(early_stopping=True, max_iter=20000,
                              n_iter_no_change=100, random_state=42,
                              scoring='neg_root_mean_squared_error'), 'model__l2_regularization': 100, 'model__learning_rate': 0.005, 'model__loss': 'squared_error', 'model__max_bins': 32, 'model__max_depth': 2, 'model__max_features': 0.01, 'model__max_leaf_nodes': 127, 'model__min_samples_leaf': 3200, 'reshape': FunctionTransformer(func=<function reshape at 0x7fdb1d1c0360>), 'second_scale': 'passthrough'}",0.08478184888579443,0.08478184888579443,0.0,1,0.1715149523305003,0.1715149523305003,0.0,0.9566703461037169,0.910211540066099
0,5433.0627982616425,0.0,10.714389562606812,0.0,passthrough,passthrough,"HistGradientBoostingRegressor(early_stopping=True, max_iter=20000,
                              n_iter_no_change=100, random_state=42,
                              scoring='neg_root_mean_squared_error')",0.1,0.05,squared_error,32,2,0.1,255,400,FunctionTransformer(func=<function reshape at 0x7fdb1d1c0360>),passthrough,"{'first_scale': 'passthrough', 'frequency': 'passthrough', 'model': HistGradientBoostingRegressor(early_stopping=True, max_iter=20000,
                              n_iter_no_change=100, random_state=42,
                              scoring='neg_root_mean_squared_error'), 'model__l2_regularization': 0.1, 'model__learning_rate': 0.05, 'model__loss': 'squared_error', 'model__max_bins': 32, 'model__max_depth': 2, 'model__max_features': 0.1, 'model__max_leaf_nodes': 255, 'model__min_samples_leaf': 400, 'reshape': FunctionTransformer(func=<function reshape at 0x7fdb1d1c0360>), 'second_scale': 'passthrough'}",0.08422489682149381,0.08422489682149381,0.0,1,0.25938513117818496,0.25938513117818496,0.0,0.9569613906414961,0.8605898377402647
0,24359.83941102028,0.0,42.20047569274902,0.0,passthrough,passthrough,"HistGradientBoostingRegressor(early_stopping=True, max_iter=20000,
                              n_iter_no_change=100, random_state=42,
                              scoring='neg_root_mean_squared_error')",100.0,0.005,squared_error,32,2,0.01,255,3200,FunctionTransformer(func=<function reshape at 0x7fdb1d1c0360>),passthrough,"{'first_scale': 'passthrough', 'frequency': 'passthrough', 'model': HistGradientBoostingRegressor(early_stopping=True, max_iter=20000,
                              n_iter_no_change=100, random_state=42,
                              scoring='neg_root_mean_squared_error'), 'model__l2_regularization': 100, 'model__learning_rate': 0.005, 'model__loss': 'squared_error', 'model__max_bins': 32, 'model__max_depth': 2, 'model__max_features': 0.01, 'model__max_leaf_nodes': 255, 'model__min_samples_leaf': 3200, 'reshape': FunctionTransformer(func=<function reshape at 0x7fdb1d1c0360>), 'second_scale': 'passthrough'}",0.08478184888579443,0.08478184888579443,0.0,1,0.1715149523305003,0.1715149523305003,0.0,0.9566703461037169,0.910211540066099
0,5884.246912956238,0.0,12.575005769729614,0.0,passthrough,passthrough,"HistGradientBoostingRegressor(early_stopping=True, max_iter=20000,
                              n_iter_no_change=100, random_state=42,
                              scoring='neg_root_mean_squared_error')",400.0,0.05,squared_error,32,2,0.1,255,3200,FunctionTransformer(func=<function reshape at 0x7fdb1d1c0360>),passthrough,"{'first_scale': 'passthrough', 'frequency': 'passthrough', 'model': HistGradientBoostingRegressor(early_stopping=True, max_iter=20000,
                              n_iter_no_change=100, random_state=42,
                              scoring='neg_root_mean_squared_error'), 'model__l2_regularization': 400, 'model__learning_rate': 0.05, 'model__loss': 'squared_error', 'model__max_bins': 32, 'model__max_depth': 2, 'model__max_features': 0.1, 'model__max_leaf_nodes': 255, 'model__min_samples_leaf': 3200, 'reshape': FunctionTransformer(func=<function reshape at 0x7fdb1d1c0360>), 'second_scale': 'passthrough'}",0.08659647113238722,0.08659647113238722,0.0,1,0.25617842640641353,0.25617842640641353,0.0,0.955721470339352,0.8624509108312116
0,23998.08676457405,0.0,75.53863596916199,0.0,passthrough,passthrough,"HistGradientBoostingRegressor(early_stopping=True, max_iter=20000,
                              n_iter_no_change=100, random_state=42,
                              scoring='neg_root_mean_squared_error')",10.0,0.005,squared_error,32,2,0.1,255,100,FunctionTransformer(func=<function reshape at 0x7fdb1d1c0360>),passthrough,"{'first_scale': 'passthrough', 'frequency': 'passthrough', 'model': HistGradientBoostingRegressor(early_stopping=True, max_iter=20000,
                              n_iter_no_change=100, random_state=42,
                              scoring='neg_root_mean_squared_error'), 'model__l2_regularization': 10, 'model__learning_rate': 0.005, 'model__loss': 'squared_error', 'model__max_bins': 32, 'model__max_depth': 2, 'model__max_features': 0.1, 'model__max_leaf_nodes': 255, 'model__min_samples_leaf': 100, 'reshape': FunctionTransformer(func=<function reshape at 0x7fdb1d1c0360>), 'second_scale': 'passthrough'}",0.08600581889599379,0.08600581889599379,0.0,1,0.19557727256300983,0.19557727256300983,0.0,0.9560304289634333,0.8968961631298186
0,9704.050475597382,0.0,28.38912272453308,0.0,passthrough,passthrough,"HistGradientBoostingRegressor(early_stopping=True, max_iter=20000,
                              n_iter_no_change=100, random_state=42,
                              scoring='neg_root_mean_squared_error')",10.0,0.05,squared_error,32,2,0.01,255,100,FunctionTransformer(func=<function reshape at 0x7fdb1d1c0360>),passthrough,"{'first_scale': 'passthrough', 'frequency': 'passthrough', 'model': HistGradientBoostingRegressor(early_stopping=True, max_iter=20000,
                              n_iter_no_change=100, random_state=42,
                              scoring='neg_root_mean_squared_error'), 'model__l2_regularization': 10, 'model__learning_rate': 0.05, 'model__loss': 'squared_error', 'model__max_bins': 32, 'model__max_depth': 2, 'model__max_features': 0.01, 'model__max_leaf_nodes': 255, 'model__min_samples_leaf': 100, 'reshape': FunctionTransformer(func=<function reshape at 0x7fdb1d1c0360>), 'second_scale': 'passthrough'}",0.08537290649937701,0.08537290649937701,0.0,1,0.2723262871237202,0.2723262871237202,0.0,0.9563613822716929,0.8530379316749518
0,33741.60573244095,0.0,105.65958595275879,0.0,passthrough,passthrough,"HistGradientBoostingRegressor(early_stopping=True, max_iter=20000,
                              n_iter_no_change=100, random_state=42,
                              scoring='neg_root_mean_squared_error')",1.0,0.01,squared_error,32,2,0.01,127,1600,FunctionTransformer(func=<function reshape at 0x7fdb1d1c0360>),passthrough,"{'first_scale': 'passthrough', 'frequency': 'passthrough', 'model': HistGradientBoostingRegressor(early_stopping=True, max_iter=20000,
                              n_iter_no_change=100, random_state=42,
                              scoring='neg_root_mean_squared_error'), 'model__l2_regularization': 1, 'model__learning_rate': 0.01, 'model__loss': 'squared_error', 'model__max_bins': 32, 'model__max_depth': 2, 'model__max_features': 0.01, 'model__max_leaf_nodes': 127, 'model__min_samples_leaf': 1600, 'reshape': FunctionTransformer(func=<function reshape at 0x7fdb1d1c0360>), 'second_scale': 'passthrough'}",0.08919902162984161,0.08919902162984161,0.0,1,0.23172305098611323,0.23172305098611323,0.0,0.9543589358151148,0.876514089455433
0,22620.131546258926,0.0,56.87348127365112,0.0,passthrough,passthrough,"HistGradientBoostingRegressor(early_stopping=True, max_iter=20000,
                              n_iter_no_change=100, random_state=42,
                              scoring='neg_root_mean_squared_error')",10.0,0.02,squared_error,32,2,0.1,255,3200,FunctionTransformer(func=<function reshape at 0x7fdb1d1c0360>),passthrough,"{'first_scale': 'passthrough', 'frequency': 'passthrough', 'model': HistGradientBoostingRegressor(early_stopping=True, max_iter=20000,
                              n_iter_no_change=100, random_state=42,
                              scoring='neg_root_mean_squared_error'), 'model__l2_regularization': 10, 'model__learning_rate': 0.02, 'model__loss': 'squared_error', 'model__max_bins': 32, 'model__max_depth': 2, 'model__max_features': 0.1, 'model__max_leaf_nodes': 255, 'model__min_samples_leaf': 3200, 'reshape': FunctionTransformer(func=<function reshape at 0x7fdb1d1c0360>), 'second_scale': 'passthrough'}",0.08613434844653556,0.08613434844653556,0.0,1,0.27854691508797946,0.27854691508797946,0.0,0.95596320617138,0.8493839443455595
0,28648.829877853394,0.0,83.04165244102478,0.0,passthrough,passthrough,"HistGradientBoostingRegressor(early_stopping=True, max_iter=20000,
                              n_iter_no_change=100, random_state=42,
                              scoring='neg_root_mean_squared_error')",400.0,0.01,squared_error,32,2,0.1,127,3200,FunctionTransformer(func=<function reshape at 0x7fdb1d1c0360>),passthrough,"{'first_scale': 'passthrough', 'frequency': 'passthrough', 'model': HistGradientBoostingRegressor(early_stopping=True, max_iter=20000,
                              n_iter_no_change=100, random_state=42,
                              scoring='neg_root_mean_squared_error'), 'model__l2_regularization': 400, 'model__learning_rate': 0.01, 'model__loss': 'squared_error', 'model__max_bins': 32, 'model__max_depth': 2, 'model__max_features': 0.1, 'model__max_leaf_nodes': 127, 'model__min_samples_leaf': 3200, 'reshape': FunctionTransformer(func=<function reshape at 0x7fdb1d1c0360>), 'second_scale': 'passthrough'}",0.08718340543453185,0.08718340543453185,0.0,1,0.23937137815332254,0.23937137815332254,0.0,0.9554143575252929,0.8721402535410675
0,9619.680800199509,0.0,31.927534103393555,0.0,passthrough,passthrough,"HistGradientBoostingRegressor(early_stopping=True, max_iter=20000,
                              n_iter_no_change=100, random_state=42,
                              scoring='neg_root_mean_squared_error')",10.0,0.05,squared_error,32,2,0.01,255,3200,FunctionTransformer(func=<function reshape at 0x7fdb1d1c0360>),passthrough,"{'first_scale': 'passthrough', 'frequency': 'passthrough', 'model': HistGradientBoostingRegressor(early_stopping=True, max_iter=20000,
                              n_iter_no_change=100, random_state=42,
                              scoring='neg_root_mean_squared_error'), 'model__l2_regularization': 10, 'model__learning_rate': 0.05, 'model__loss': 'squared_error', 'model__max_bins': 32, 'model__max_depth': 2, 'model__max_features': 0.01, 'model__max_leaf_nodes': 255, 'model__min_samples_leaf': 3200, 'reshape': FunctionTransformer(func=<function reshape at 0x7fdb1d1c0360>), 'second_scale': 'passthrough'}",0.087052136661255,0.087052136661255,0.0,1,0.25523108032676767,0.25523108032676767,0.0,0.9554830523555847,0.8629999534607359
0,25040.299434423447,0.0,45.86290907859802,0.0,passthrough,passthrough,"HistGradientBoostingRegressor(early_stopping=True, max_iter=20000,
                              n_iter_no_change=100, random_state=42,
                              scoring='neg_root_mean_squared_error')",400.0,0.01,squared_error,32,2,1.0,255,1600,FunctionTransformer(func=<function reshape at 0x7fdb1d1c0360>),passthrough,"{'first_scale': 'passthrough', 'frequency': 'passthrough', 'model': HistGradientBoostingRegressor(early_stopping=True, max_iter=20000,
                              n_iter_no_change=100, random_state=42,
                              scoring='neg_root_mean_squared_error'), 'model__l2_regularization': 400, 'model__learning_rate': 0.01, 'model__loss': 'squared_error', 'model__max_bins': 32, 'model__max_depth': 2, 'model__max_features': 1.0, 'model__max_leaf_nodes': 255, 'model__min_samples_leaf': 1600, 'reshape': FunctionTransformer(func=<function reshape at 0x7fdb1d1c0360>), 'second_scale': 'passthrough'}",0.08428930129967838,0.08428930129967838,0.0,1,0.25574085218080045,0.25574085218080045,0.0,0.9569277395395754,0.8627045541894395
0,22821.93687605858,0.0,56.86375284194946,0.0,passthrough,passthrough,"HistGradientBoostingRegressor(early_stopping=True, max_iter=20000,
                              n_iter_no_change=100, random_state=42,
                              scoring='neg_root_mean_squared_error')",10.0,0.02,squared_error,32,2,0.1,127,3200,FunctionTransformer(func=<function reshape at 0x7fdb1d1c0360>),passthrough,"{'first_scale': 'passthrough', 'frequency': 'passthrough', 'model': HistGradientBoostingRegressor(early_stopping=True, max_iter=20000,
                              n_iter_no_change=100, random_state=42,
                              scoring='neg_root_mean_squared_error'), 'model__l2_regularization': 10, 'model__learning_rate': 0.02, 'model__loss': 'squared_error', 'model__max_bins': 32, 'model__max_depth': 2, 'model__max_features': 0.1, 'model__max_leaf_nodes': 127, 'model__min_samples_leaf': 3200, 'reshape': FunctionTransformer(func=<function reshape at 0x7fdb1d1c0360>), 'second_scale': 'passthrough'}",0.08613434844653556,0.08613434844653556,0.0,1,0.27854691508797946,0.27854691508797946,0.0,0.95596320617138,0.8493839443455595
0,13290.396626234055,0.0,38.3717098236084,0.0,passthrough,passthrough,"HistGradientBoostingRegressor(early_stopping=True, max_iter=20000,
                              n_iter_no_change=100, random_state=42,
                              scoring='neg_root_mean_squared_error')",100.0,0.02,squared_error,32,2,1.0,255,3200,FunctionTransformer(func=<function reshape at 0x7fdb1d1c0360>),passthrough,"{'first_scale': 'passthrough', 'frequency': 'passthrough', 'model': HistGradientBoostingRegressor(early_stopping=True, max_iter=20000,
                              n_iter_no_change=100, random_state=42,
                              scoring='neg_root_mean_squared_error'), 'model__l2_regularization': 100, 'model__learning_rate': 0.02, 'model__loss': 'squared_error', 'model__max_bins': 32, 'model__max_depth': 2, 'model__max_features': 1.0, 'model__max_leaf_nodes': 255, 'model__min_samples_leaf': 3200, 'reshape': FunctionTransformer(func=<function reshape at 0x7fdb1d1c0360>), 'second_scale': 'passthrough'}",0.08515083740359752,0.08515083740359752,0.0,1,0.2488908140492999,0.2488908140492999,0.0,0.956477476261936,0.8666655559964871
0,8156.070317983627,0.0,25.456952810287476,0.0,passthrough,passthrough,"HistGradientBoostingRegressor(early_stopping=True, max_iter=20000,
                              n_iter_no_change=100, random_state=42,
                              scoring='neg_root_mean_squared_error')",10.0,0.05,squared_error,32,2,0.01,127,1600,FunctionTransformer(func=<function reshape at 0x7fdb1d1c0360>),passthrough,"{'first_scale': 'passthrough', 'frequency': 'passthrough', 'model': HistGradientBoostingRegressor(early_stopping=True, max_iter=20000,
                              n_iter_no_change=100, random_state=42,
                              scoring='neg_root_mean_squared_error'), 'model__l2_regularization': 10, 'model__learning_rate': 0.05, 'model__loss': 'squared_error', 'model__max_bins': 32, 'model__max_depth': 2, 'model__max_features': 0.01, 'model__max_leaf_nodes': 127, 'model__min_samples_leaf': 1600, 'reshape': FunctionTransformer(func=<function reshape at 0x7fdb1d1c0360>), 'second_scale': 'passthrough'}",0.08440282986583059,0.08440282986583059,0.0,1,0.2937594772525781,0.2937594772525781,0.0,0.9568684184014903,0.8403811770544495
0,16014.268545627594,0.0,28.36538028717041,0.0,passthrough,passthrough,"HistGradientBoostingRegressor(early_stopping=True, max_iter=20000,
                              n_iter_no_change=100, random_state=42,
                              scoring='neg_root_mean_squared_error')",400.0,0.02,squared_error,32,2,1.0,255,3200,FunctionTransformer(func=<function reshape at 0x7fdb1d1c0360>),passthrough,"{'first_scale': 'passthrough', 'frequency': 'passthrough', 'model': HistGradientBoostingRegressor(early_stopping=True, max_iter=20000,
                              n_iter_no_change=100, random_state=42,
                              scoring='neg_root_mean_squared_error'), 'model__l2_regularization': 400, 'model__learning_rate': 0.02, 'model__loss': 'squared_error', 'model__max_bins': 32, 'model__max_depth': 2, 'model__max_features': 1.0, 'model__max_leaf_nodes': 255, 'model__min_samples_leaf': 3200, 'reshape': FunctionTransformer(func=<function reshape at 0x7fdb1d1c0360>), 'second_scale': 'passthrough'}",0.08311389485940124,0.08311389485940124,0.0,1,0.2872784453212309,0.2872784453212309,0.0,0.9575416989043343,0.8442283782714065
0,26139.982654333115,0.0,74.29453873634338,0.0,passthrough,passthrough,"HistGradientBoostingRegressor(early_stopping=True, max_iter=20000,
                              n_iter_no_change=100, random_state=42,
                              scoring='neg_root_mean_squared_error')",1.0,0.0025,squared_error,32,2,0.1,255,1600,FunctionTransformer(func=<function reshape at 0x7fdb1d1c0360>),passthrough,"{'first_scale': 'passthrough', 'frequency': 'passthrough', 'model': HistGradientBoostingRegressor(early_stopping=True, max_iter=20000,
                              n_iter_no_change=100, random_state=42,
                              scoring='neg_root_mean_squared_error'), 'model__l2_regularization': 1, 'model__learning_rate': 0.0025, 'model__loss': 'squared_error', 'model__max_bins': 32, 'model__max_depth': 2, 'model__max_features': 0.1, 'model__max_leaf_nodes': 255, 'model__min_samples_leaf': 1600, 'reshape': FunctionTransformer(func=<function reshape at 0x7fdb1d1c0360>), 'second_scale': 'passthrough'}",0.08042224801772557,0.08042224801772557,0.0,1,0.14876708638822422,0.14876708638822422,0.0,0.958946167405801,0.9226228447268016
0,23944.71693253517,0.0,64.65845608711243,0.0,passthrough,passthrough,"HistGradientBoostingRegressor(early_stopping=True, max_iter=20000,
                              n_iter_no_change=100, random_state=42,
                              scoring='neg_root_mean_squared_error')",10.0,0.005,squared_error,32,2,0.1,127,100,FunctionTransformer(func=<function reshape at 0x7fdb1d1c0360>),passthrough,"{'first_scale': 'passthrough', 'frequency': 'passthrough', 'model': HistGradientBoostingRegressor(early_stopping=True, max_iter=20000,
                              n_iter_no_change=100, random_state=42,
                              scoring='neg_root_mean_squared_error'), 'model__l2_regularization': 10, 'model__learning_rate': 0.005, 'model__loss': 'squared_error', 'model__max_bins': 32, 'model__max_depth': 2, 'model__max_features': 0.1, 'model__max_leaf_nodes': 127, 'model__min_samples_leaf': 100, 'reshape': FunctionTransformer(func=<function reshape at 0x7fdb1d1c0360>), 'second_scale': 'passthrough'}",0.08600581889599379,0.08600581889599379,0.0,1,0.19557727256300983,0.19557727256300983,0.0,0.9560304289634333,0.8968961631298186
0,24159.145995616913,0.0,87.54880738258362,0.0,passthrough,passthrough,"HistGradientBoostingRegressor(early_stopping=True, max_iter=20000,
                              n_iter_no_change=100, random_state=42,
                              scoring='neg_root_mean_squared_error')",1.0,0.005,squared_error,32,2,0.01,255,400,FunctionTransformer(func=<function reshape at 0x7fdb1d1c0360>),passthrough,"{'first_scale': 'passthrough', 'frequency': 'passthrough', 'model': HistGradientBoostingRegressor(early_stopping=True, max_iter=20000,
                              n_iter_no_change=100, random_state=42,
                              scoring='neg_root_mean_squared_error'), 'model__l2_regularization': 1, 'model__learning_rate': 0.005, 'model__loss': 'squared_error', 'model__max_bins': 32, 'model__max_depth': 2, 'model__max_features': 0.01, 'model__max_leaf_nodes': 255, 'model__min_samples_leaf': 400, 'reshape': FunctionTransformer(func=<function reshape at 0x7fdb1d1c0360>), 'second_scale': 'passthrough'}",0.0860391382005945,0.0860391382005945,0.0,1,0.18090749935734607,0.18090749935734607,0.0,0.9560130029447327,0.9050372924043815
0,21886.83793449402,0.0,57.49430966377258,0.0,passthrough,passthrough,"HistGradientBoostingRegressor(early_stopping=True, max_iter=20000,
                              n_iter_no_change=100, random_state=42,
                              scoring='neg_root_mean_squared_error')",1.0,0.01,squared_error,32,2,0.1,127,100,FunctionTransformer(func=<function reshape at 0x7fdb1d1c0360>),passthrough,"{'first_scale': 'passthrough', 'frequency': 'passthrough', 'model': HistGradientBoostingRegressor(early_stopping=True, max_iter=20000,
                              n_iter_no_change=100, random_state=42,
                              scoring='neg_root_mean_squared_error'), 'model__l2_regularization': 1, 'model__learning_rate': 0.01, 'model__loss': 'squared_error', 'model__max_bins': 32, 'model__max_depth': 2, 'model__max_features': 0.1, 'model__max_leaf_nodes': 127, 'model__min_samples_leaf': 100, 'reshape': FunctionTransformer(func=<function reshape at 0x7fdb1d1c0360>), 'second_scale': 'passthrough'}",0.08705167777406386,0.08705167777406386,0.0,1,0.21664904017028375,0.21664904017028375,0.0,0.9554832924891655,0.8850711608846581
0,24415.314640522003,0.0,85.47179436683655,0.0,passthrough,passthrough,"HistGradientBoostingRegressor(early_stopping=True, max_iter=20000,
                              n_iter_no_change=100, random_state=42,
                              scoring='neg_root_mean_squared_error')",1.0,0.005,squared_error,32,2,0.01,127,3200,FunctionTransformer(func=<function reshape at 0x7fdb1d1c0360>),passthrough,"{'first_scale': 'passthrough', 'frequency': 'passthrough', 'model': HistGradientBoostingRegressor(early_stopping=True, max_iter=20000,
                              n_iter_no_change=100, random_state=42,
                              scoring='neg_root_mean_squared_error'), 'model__l2_regularization': 1, 'model__learning_rate': 0.005, 'model__loss': 'squared_error', 'model__max_bins': 32, 'model__max_depth': 2, 'model__max_features': 0.01, 'model__max_leaf_nodes': 127, 'model__min_samples_leaf': 3200, 'reshape': FunctionTransformer(func=<function reshape at 0x7fdb1d1c0360>), 'second_scale': 'passthrough'}",0.08488947413091452,0.08488947413091452,0.0,1,0.17218698242144315,0.17218698242144315,0.0,0.9566140945381714,0.9098423036870493
0,8187.1079432964325,0.0,18.814656496047974,0.0,passthrough,passthrough,"HistGradientBoostingRegressor(early_stopping=True, max_iter=20000,
                              n_iter_no_change=100, random_state=42,
                              scoring='neg_root_mean_squared_error')",400.0,0.05,squared_error,32,2,0.01,127,3200,FunctionTransformer(func=<function reshape at 0x7fdb1d1c0360>),passthrough,"{'first_scale': 'passthrough', 'frequency': 'passthrough', 'model': HistGradientBoostingRegressor(early_stopping=True, max_iter=20000,
                              n_iter_no_change=100, random_state=42,
                              scoring='neg_root_mean_squared_error'), 'model__l2_regularization': 400, 'model__learning_rate': 0.05, 'model__loss': 'squared_error', 'model__max_bins': 32, 'model__max_depth': 2, 'model__max_features': 0.01, 'model__max_leaf_nodes': 127, 'model__min_samples_leaf': 3200, 'reshape': FunctionTransformer(func=<function reshape at 0x7fdb1d1c0360>), 'second_scale': 'passthrough'}",0.08452382116389345,0.08452382116389345,0.0,1,0.26914093581050513,0.26914093581050513,0.0,0.9568051937756747,0.8549029560069932
0,32681.974780082703,0.0,80.98327732086182,0.0,passthrough,passthrough,"HistGradientBoostingRegressor(early_stopping=True, max_iter=20000,
                              n_iter_no_change=100, random_state=42,
                              scoring='neg_root_mean_squared_error')",10.0,0.01,squared_error,32,2,0.1,255,400,FunctionTransformer(func=<function reshape at 0x7fdb1d1c0360>),passthrough,"{'first_scale': 'passthrough', 'frequency': 'passthrough', 'model': HistGradientBoostingRegressor(early_stopping=True, max_iter=20000,
                              n_iter_no_change=100, random_state=42,
                              scoring='neg_root_mean_squared_error'), 'model__l2_regularization': 10, 'model__learning_rate': 0.01, 'model__loss': 'squared_error', 'model__max_bins': 32, 'model__max_depth': 2, 'model__max_features': 0.1, 'model__max_leaf_nodes': 255, 'model__min_samples_leaf': 400, 'reshape': FunctionTransformer(func=<function reshape at 0x7fdb1d1c0360>), 'second_scale': 'passthrough'}",0.08737995890203987,0.08737995890203987,0.0,1,0.25516870638603995,0.25516870638603995,0.0,0.9553114890432126,0.8630360905628224
0,9564.808772802353,0.0,28.31504797935486,0.0,passthrough,passthrough,"HistGradientBoostingRegressor(early_stopping=True, max_iter=20000,
                              n_iter_no_change=100, random_state=42,
                              scoring='neg_root_mean_squared_error')",100.0,0.05,squared_error,32,2,0.1,127,1600,FunctionTransformer(func=<function reshape at 0x7fdb1d1c0360>),passthrough,"{'first_scale': 'passthrough', 'frequency': 'passthrough', 'model': HistGradientBoostingRegressor(early_stopping=True, max_iter=20000,
                              n_iter_no_change=100, random_state=42,
                              scoring='neg_root_mean_squared_error'), 'model__l2_regularization': 100, 'model__learning_rate': 0.05, 'model__loss': 'squared_error', 'model__max_bins': 32, 'model__max_depth': 2, 'model__max_features': 0.1, 'model__max_leaf_nodes': 127, 'model__min_samples_leaf': 1600, 'reshape': FunctionTransformer(func=<function reshape at 0x7fdb1d1c0360>), 'second_scale': 'passthrough'}",0.08444153279529243,0.08444153279529243,0.0,1,0.3124582216242726,0.3124582216242726,0.0,0.9568481944408462,0.829181390514601
0,19465.47168159485,0.0,60.98896241188049,0.0,passthrough,passthrough,"HistGradientBoostingRegressor(early_stopping=True, max_iter=20000,
                              n_iter_no_change=100, random_state=42,
                              scoring='neg_root_mean_squared_error')",1.0,0.02,squared_error,32,2,0.1,255,100,FunctionTransformer(func=<function reshape at 0x7fdb1d1c0360>),passthrough,"{'first_scale': 'passthrough', 'frequency': 'passthrough', 'model': HistGradientBoostingRegressor(early_stopping=True, max_iter=20000,
                              n_iter_no_change=100, random_state=42,
                              scoring='neg_root_mean_squared_error'), 'model__l2_regularization': 1, 'model__learning_rate': 0.02, 'model__loss': 'squared_error', 'model__max_bins': 32, 'model__max_depth': 2, 'model__max_features': 0.1, 'model__max_leaf_nodes': 255, 'model__min_samples_leaf': 100, 'reshape': FunctionTransformer(func=<function reshape at 0x7fdb1d1c0360>), 'second_scale': 'passthrough'}",0.08682622884990976,0.08682622884990976,0.0,1,0.2740487106497228,0.2740487106497228,0.0,0.9556012615887917,0.8520277515141612
0,18037.15706062317,0.0,45.80213403701782,0.0,passthrough,passthrough,"HistGradientBoostingRegressor(early_stopping=True, max_iter=20000,
                              n_iter_no_change=100, random_state=42,
                              scoring='neg_root_mean_squared_error')",10.0,0.02,squared_error,32,2,0.01,255,400,FunctionTransformer(func=<function reshape at 0x7fdb1d1c0360>),passthrough,"{'first_scale': 'passthrough', 'frequency': 'passthrough', 'model': HistGradientBoostingRegressor(early_stopping=True, max_iter=20000,
                              n_iter_no_change=100, random_state=42,
                              scoring='neg_root_mean_squared_error'), 'model__l2_regularization': 10, 'model__learning_rate': 0.02, 'model__loss': 'squared_error', 'model__max_bins': 32, 'model__max_depth': 2, 'model__max_features': 0.01, 'model__max_leaf_nodes': 255, 'model__min_samples_leaf': 400, 'reshape': FunctionTransformer(func=<function reshape at 0x7fdb1d1c0360>), 'second_scale': 'passthrough'}",0.08706719821245579,0.08706719821245579,0.0,1,0.24011922784533068,0.24011922784533068,0.0,0.9554751706808211,0.8717114041669234
0,23545.26995396614,0.0,65.03169083595276,0.0,passthrough,passthrough,"HistGradientBoostingRegressor(early_stopping=True, max_iter=20000,
                              n_iter_no_change=100, random_state=42,
                              scoring='neg_root_mean_squared_error')",10.0,0.005,squared_error,32,2,0.1,127,3200,FunctionTransformer(func=<function reshape at 0x7fdb1d1c0360>),passthrough,"{'first_scale': 'passthrough', 'frequency': 'passthrough', 'model': HistGradientBoostingRegressor(early_stopping=True, max_iter=20000,
                              n_iter_no_change=100, random_state=42,
                              scoring='neg_root_mean_squared_error'), 'model__l2_regularization': 10, 'model__learning_rate': 0.005, 'model__loss': 'squared_error', 'model__max_bins': 32, 'model__max_depth': 2, 'model__max_features': 0.1, 'model__max_leaf_nodes': 127, 'model__min_samples_leaf': 3200, 'reshape': FunctionTransformer(func=<function reshape at 0x7fdb1d1c0360>), 'second_scale': 'passthrough'}",0.08520281916043593,0.08520281916043593,0.0,1,0.18584300195698011,0.18584300195698011,0.0,0.9564503023364905,0.9023064878648607
0,24569.990888357162,0.0,40.04570484161377,0.0,passthrough,passthrough,"HistGradientBoostingRegressor(early_stopping=True, max_iter=20000,
                              n_iter_no_change=100, random_state=42,
                              scoring='neg_root_mean_squared_error')",100.0,0.005,squared_error,32,2,0.1,127,400,FunctionTransformer(func=<function reshape at 0x7fdb1d1c0360>),passthrough,"{'first_scale': 'passthrough', 'frequency': 'passthrough', 'model': HistGradientBoostingRegressor(early_stopping=True, max_iter=20000,
                              n_iter_no_change=100, random_state=42,
                              scoring='neg_root_mean_squared_error'), 'model__l2_regularization': 100, 'model__learning_rate': 0.005, 'model__loss': 'squared_error', 'model__max_bins': 32, 'model__max_depth': 2, 'model__max_features': 0.1, 'model__max_leaf_nodes': 127, 'model__min_samples_leaf': 400, 'reshape': FunctionTransformer(func=<function reshape at 0x7fdb1d1c0360>), 'second_scale': 'passthrough'}",0.0861233534790975,0.0861233534790975,0.0,1,0.1938215582606848,0.1938215582606848,0.0,0.955968956881395,0.8978744019846624
0,27700.205444335938,0.0,49.01401710510254,0.0,passthrough,passthrough,"HistGradientBoostingRegressor(early_stopping=True, max_iter=20000,
                              n_iter_no_change=100, random_state=42,
                              scoring='neg_root_mean_squared_error')",0.1,0.02,squared_error,32,2,1.0,127,100,FunctionTransformer(func=<function reshape at 0x7fdb1d1c0360>),passthrough,"{'first_scale': 'passthrough', 'frequency': 'passthrough', 'model': HistGradientBoostingRegressor(early_stopping=True, max_iter=20000,
                              n_iter_no_change=100, random_state=42,
                              scoring='neg_root_mean_squared_error'), 'model__l2_regularization': 0.1, 'model__learning_rate': 0.02, 'model__loss': 'squared_error', 'model__max_bins': 32, 'model__max_depth': 2, 'model__max_features': 1.0, 'model__max_leaf_nodes': 127, 'model__min_samples_leaf': 100, 'reshape': FunctionTransformer(func=<function reshape at 0x7fdb1d1c0360>), 'second_scale': 'passthrough'}",0.08290402609576242,0.08290402609576242,0.0,1,0.2913877679078716,0.2913877679078716,0.0,0.9576512799052886,0.8417910857761137
0,25201.05934548378,0.0,47.20702648162842,0.0,passthrough,passthrough,"HistGradientBoostingRegressor(early_stopping=True, max_iter=20000,
                              n_iter_no_change=100, random_state=42,
                              scoring='neg_root_mean_squared_error')",400.0,0.01,squared_error,32,2,1.0,255,3200,FunctionTransformer(func=<function reshape at 0x7fdb1d1c0360>),passthrough,"{'first_scale': 'passthrough', 'frequency': 'passthrough', 'model': HistGradientBoostingRegressor(early_stopping=True, max_iter=20000,
                              n_iter_no_change=100, random_state=42,
                              scoring='neg_root_mean_squared_error'), 'model__l2_regularization': 400, 'model__learning_rate': 0.01, 'model__loss': 'squared_error', 'model__max_bins': 32, 'model__max_depth': 2, 'model__max_features': 1.0, 'model__max_leaf_nodes': 255, 'model__min_samples_leaf': 3200, 'reshape': FunctionTransformer(func=<function reshape at 0x7fdb1d1c0360>), 'second_scale': 'passthrough'}",0.08456392264322976,0.08456392264322976,0.0,1,0.24970088970284898,0.24970088970284898,0.0,0.9567842376193131,0.8661980779805223
0,10688.298041582108,0.0,25.30868434906006,0.0,passthrough,passthrough,"HistGradientBoostingRegressor(early_stopping=True, max_iter=20000,
                              n_iter_no_change=100, random_state=42,
                              scoring='neg_root_mean_squared_error')",1.0,0.05,squared_error,32,2,1.0,127,1600,FunctionTransformer(func=<function reshape at 0x7fdb1d1c0360>),passthrough,"{'first_scale': 'passthrough', 'frequency': 'passthrough', 'model': HistGradientBoostingRegressor(early_stopping=True, max_iter=20000,
                              n_iter_no_change=100, random_state=42,
                              scoring='neg_root_mean_squared_error'), 'model__l2_regularization': 1, 'model__learning_rate': 0.05, 'model__loss': 'squared_error', 'model__max_bins': 32, 'model__max_depth': 2, 'model__max_features': 1.0, 'model__max_leaf_nodes': 127, 'model__min_samples_leaf': 1600, 'reshape': FunctionTransformer(func=<function reshape at 0x7fdb1d1c0360>), 'second_scale': 'passthrough'}",0.08312149672751079,0.08312149672751079,0.0,1,0.2827602883571654,0.2827602883571654,0.0,0.9575377294250547,0.8469000600087561
0,8488.589854001999,0.0,31.228044033050537,0.0,passthrough,passthrough,"HistGradientBoostingRegressor(early_stopping=True, max_iter=20000,
                              n_iter_no_change=100, random_state=42,
                              scoring='neg_root_mean_squared_error')",100.0,0.05,squared_error,32,2,0.01,255,100,FunctionTransformer(func=<function reshape at 0x7fdb1d1c0360>),passthrough,"{'first_scale': 'passthrough', 'frequency': 'passthrough', 'model': HistGradientBoostingRegressor(early_stopping=True, max_iter=20000,
                              n_iter_no_change=100, random_state=42,
                              scoring='neg_root_mean_squared_error'), 'model__l2_regularization': 100, 'model__learning_rate': 0.05, 'model__loss': 'squared_error', 'model__max_bins': 32, 'model__max_depth': 2, 'model__max_features': 0.01, 'model__max_leaf_nodes': 255, 'model__min_samples_leaf': 100, 'reshape': FunctionTransformer(func=<function reshape at 0x7fdb1d1c0360>), 'second_scale': 'passthrough'}",0.08525410693873814,0.08525410693873814,0.0,1,0.26602724573862824,0.26602724573862824,0.0,0.9564234904378195,0.8567220986185495
0,24399.895299196243,0.0,68.57836842536926,0.0,passthrough,passthrough,"HistGradientBoostingRegressor(early_stopping=True, max_iter=20000,
                              n_iter_no_change=100, random_state=42,
                              scoring='neg_root_mean_squared_error')",400.0,0.0025,squared_error,32,2,0.01,255,400,FunctionTransformer(func=<function reshape at 0x7fdb1d1c0360>),passthrough,"{'first_scale': 'passthrough', 'frequency': 'passthrough', 'model': HistGradientBoostingRegressor(early_stopping=True, max_iter=20000,
                              n_iter_no_change=100, random_state=42,
                              scoring='neg_root_mean_squared_error'), 'model__l2_regularization': 400, 'model__learning_rate': 0.0025, 'model__loss': 'squared_error', 'model__max_bins': 32, 'model__max_depth': 2, 'model__max_features': 0.01, 'model__max_leaf_nodes': 255, 'model__min_samples_leaf': 400, 'reshape': FunctionTransformer(func=<function reshape at 0x7fdb1d1c0360>), 'second_scale': 'passthrough'}",0.08001438026593355,0.08001438026593355,0.0,1,0.13841183918882005,0.13841183918882005,0.0,0.959158808401438,0.9282177335147072
0,6235.056740522385,0.0,17.495148420333862,0.0,passthrough,passthrough,"HistGradientBoostingRegressor(early_stopping=True, max_iter=20000,
                              n_iter_no_change=100, random_state=42,
                              scoring='neg_root_mean_squared_error')",100.0,0.05,squared_error,32,2,1.0,255,400,FunctionTransformer(func=<function reshape at 0x7fdb1d1c0360>),passthrough,"{'first_scale': 'passthrough', 'frequency': 'passthrough', 'model': HistGradientBoostingRegressor(early_stopping=True, max_iter=20000,
                              n_iter_no_change=100, random_state=42,
                              scoring='neg_root_mean_squared_error'), 'model__l2_regularization': 100, 'model__learning_rate': 0.05, 'model__loss': 'squared_error', 'model__max_bins': 32, 'model__max_depth': 2, 'model__max_features': 1.0, 'model__max_leaf_nodes': 255, 'model__min_samples_leaf': 400, 'reshape': FunctionTransformer(func=<function reshape at 0x7fdb1d1c0360>), 'second_scale': 'passthrough'}",0.08348733582041024,0.08348733582041024,0.0,1,0.27472150985554833,0.27472150985554833,0.0,0.9573466792022574,0.8516328376386456
0,24125.293585538864,0.0,40.58982014656067,0.0,passthrough,passthrough,"HistGradientBoostingRegressor(early_stopping=True, max_iter=20000,
                              n_iter_no_change=100, random_state=42,
                              scoring='neg_root_mean_squared_error')",100.0,0.005,squared_error,32,2,1.0,127,1600,FunctionTransformer(func=<function reshape at 0x7fdb1d1c0360>),passthrough,"{'first_scale': 'passthrough', 'frequency': 'passthrough', 'model': HistGradientBoostingRegressor(early_stopping=True, max_iter=20000,
                              n_iter_no_change=100, random_state=42,
                              scoring='neg_root_mean_squared_error'), 'model__l2_regularization': 100, 'model__learning_rate': 0.005, 'model__loss': 'squared_error', 'model__max_bins': 32, 'model__max_depth': 2, 'model__max_features': 1.0, 'model__max_leaf_nodes': 127, 'model__min_samples_leaf': 1600, 'reshape': FunctionTransformer(func=<function reshape at 0x7fdb1d1c0360>), 'second_scale': 'passthrough'}",0.08397223228955764,0.08397223228955764,0.0,1,0.19952441872301385,0.19952441872301385,0.0,0.9570933955003776,0.8946930095161055
0,12112.207419157028,0.0,24.25013279914856,0.0,passthrough,passthrough,"HistGradientBoostingRegressor(early_stopping=True, max_iter=20000,
                              n_iter_no_change=100, random_state=42,
                              scoring='neg_root_mean_squared_error')",1.0,0.05,squared_error,32,2,0.1,255,1600,FunctionTransformer(func=<function reshape at 0x7fdb1d1c0360>),passthrough,"{'first_scale': 'passthrough', 'frequency': 'passthrough', 'model': HistGradientBoostingRegressor(early_stopping=True, max_iter=20000,
                              n_iter_no_change=100, random_state=42,
                              scoring='neg_root_mean_squared_error'), 'model__l2_regularization': 1, 'model__learning_rate': 0.05, 'model__loss': 'squared_error', 'model__max_bins': 32, 'model__max_depth': 2, 'model__max_features': 0.1, 'model__max_leaf_nodes': 255, 'model__min_samples_leaf': 1600, 'reshape': FunctionTransformer(func=<function reshape at 0x7fdb1d1c0360>), 'second_scale': 'passthrough'}",0.08480123779479343,0.08480123779479343,0.0,1,0.2837689513742492,0.2837689513742492,0.0,0.9566602125128894,0.8463043475167493
0,8753.160467624664,0.0,20.302786827087402,0.0,passthrough,passthrough,"HistGradientBoostingRegressor(early_stopping=True, max_iter=20000,
                              n_iter_no_change=100, random_state=42,
                              scoring='neg_root_mean_squared_error')",400.0,0.05,squared_error,32,2,0.01,255,100,FunctionTransformer(func=<function reshape at 0x7fdb1d1c0360>),passthrough,"{'first_scale': 'passthrough', 'frequency': 'passthrough', 'model': HistGradientBoostingRegressor(early_stopping=True, max_iter=20000,
                              n_iter_no_change=100, random_state=42,
                              scoring='neg_root_mean_squared_error'), 'model__l2_regularization': 400, 'model__learning_rate': 0.05, 'model__loss': 'squared_error', 'model__max_bins': 32, 'model__max_depth': 2, 'model__max_features': 0.01, 'model__max_leaf_nodes': 255, 'model__min_samples_leaf': 100, 'reshape': FunctionTransformer(func=<function reshape at 0x7fdb1d1c0360>), 'second_scale': 'passthrough'}",0.08575217401371615,0.08575217401371615,0.0,1,0.2890233196761065,0.2890233196761065,0.0,0.9561630749962498,0.8431943312925517
0,5871.072291135788,0.0,11.782692432403564,0.0,passthrough,passthrough,"HistGradientBoostingRegressor(early_stopping=True, max_iter=20000,
                              n_iter_no_change=100, random_state=42,
                              scoring='neg_root_mean_squared_error')",400.0,0.05,squared_error,32,2,1.0,127,3200,FunctionTransformer(func=<function reshape at 0x7fdb1d1c0360>),passthrough,"{'first_scale': 'passthrough', 'frequency': 'passthrough', 'model': HistGradientBoostingRegressor(early_stopping=True, max_iter=20000,
                              n_iter_no_change=100, random_state=42,
                              scoring='neg_root_mean_squared_error'), 'model__l2_regularization': 400, 'model__learning_rate': 0.05, 'model__loss': 'squared_error', 'model__max_bins': 32, 'model__max_depth': 2, 'model__max_features': 1.0, 'model__max_leaf_nodes': 127, 'model__min_samples_leaf': 3200, 'reshape': FunctionTransformer(func=<function reshape at 0x7fdb1d1c0360>), 'second_scale': 'passthrough'}",0.08389593319758903,0.08389593319758903,0.0,1,0.2745309736781948,0.2745309736781948,0.0,0.9571332544648163,0.8517446955055283
0,6671.901153087616,0.0,13.85552167892456,0.0,passthrough,passthrough,"HistGradientBoostingRegressor(early_stopping=True, max_iter=20000,
                              n_iter_no_change=100, random_state=42,
                              scoring='neg_root_mean_squared_error')",400.0,0.05,squared_error,32,2,0.01,127,400,FunctionTransformer(func=<function reshape at 0x7fdb1d1c0360>),passthrough,"{'first_scale': 'passthrough', 'frequency': 'passthrough', 'model': HistGradientBoostingRegressor(early_stopping=True, max_iter=20000,
                              n_iter_no_change=100, random_state=42,
                              scoring='neg_root_mean_squared_error'), 'model__l2_regularization': 400, 'model__learning_rate': 0.05, 'model__loss': 'squared_error', 'model__max_bins': 32, 'model__max_depth': 2, 'model__max_features': 0.01, 'model__max_leaf_nodes': 127, 'model__min_samples_leaf': 400, 'reshape': FunctionTransformer(func=<function reshape at 0x7fdb1d1c0360>), 'second_scale': 'passthrough'}",0.08559801789897092,0.08559801789897092,0.0,1,0.2600888103330873,0.2600888103330873,0.0,0.9562436834306562,0.8601809051978035
0,23781.670716524124,0.0,58.24062204360962,0.0,passthrough,passthrough,"HistGradientBoostingRegressor(early_stopping=True, max_iter=20000,
                              n_iter_no_change=100, random_state=42,
                              scoring='neg_root_mean_squared_error')",10.0,0.005,squared_error,32,2,1.0,255,400,FunctionTransformer(func=<function reshape at 0x7fdb1d1c0360>),passthrough,"{'first_scale': 'passthrough', 'frequency': 'passthrough', 'model': HistGradientBoostingRegressor(early_stopping=True, max_iter=20000,
                              n_iter_no_change=100, random_state=42,
                              scoring='neg_root_mean_squared_error'), 'model__l2_regularization': 10, 'model__learning_rate': 0.005, 'model__loss': 'squared_error', 'model__max_bins': 32, 'model__max_depth': 2, 'model__max_features': 1.0, 'model__max_leaf_nodes': 255, 'model__min_samples_leaf': 400, 'reshape': FunctionTransformer(func=<function reshape at 0x7fdb1d1c0360>), 'second_scale': 'passthrough'}",0.08401148216617116,0.08401148216617116,0.0,1,0.20541472418937,0.20541472418937,0.0,0.9570728905542298,0.8913951288910155
0,25175.33650827408,0.0,55.47700572013855,0.0,passthrough,passthrough,"HistGradientBoostingRegressor(early_stopping=True, max_iter=20000,
                              n_iter_no_change=100, random_state=42,
                              scoring='neg_root_mean_squared_error')",400.0,0.005,squared_error,32,2,0.01,255,400,FunctionTransformer(func=<function reshape at 0x7fdb1d1c0360>),passthrough,"{'first_scale': 'passthrough', 'frequency': 'passthrough', 'model': HistGradientBoostingRegressor(early_stopping=True, max_iter=20000,
                              n_iter_no_change=100, random_state=42,
                              scoring='neg_root_mean_squared_error'), 'model__l2_regularization': 400, 'model__learning_rate': 0.005, 'model__loss': 'squared_error', 'model__max_bins': 32, 'model__max_depth': 2, 'model__max_features': 0.01, 'model__max_leaf_nodes': 255, 'model__min_samples_leaf': 400, 'reshape': FunctionTransformer(func=<function reshape at 0x7fdb1d1c0360>), 'second_scale': 'passthrough'}",0.08588198592554186,0.08588198592554186,0.0,1,0.17597881404436944,0.17597881404436944,0.0,0.9560951909064589,0.9077561269171531
0,25120.584522247314,0.0,45.531781911849976,0.0,passthrough,passthrough,"HistGradientBoostingRegressor(early_stopping=True, max_iter=20000,
                              n_iter_no_change=100, random_state=42,
                              scoring='neg_root_mean_squared_error')",400.0,0.005,squared_error,32,2,1.0,255,400,FunctionTransformer(func=<function reshape at 0x7fdb1d1c0360>),passthrough,"{'first_scale': 'passthrough', 'frequency': 'passthrough', 'model': HistGradientBoostingRegressor(early_stopping=True, max_iter=20000,
                              n_iter_no_change=100, random_state=42,
                              scoring='neg_root_mean_squared_error'), 'model__l2_regularization': 400, 'model__learning_rate': 0.005, 'model__loss': 'squared_error', 'model__max_bins': 32, 'model__max_depth': 2, 'model__max_features': 1.0, 'model__max_leaf_nodes': 255, 'model__min_samples_leaf': 400, 'reshape': FunctionTransformer(func=<function reshape at 0x7fdb1d1c0360>), 'second_scale': 'passthrough'}",0.083804730907455,0.083804730907455,0.0,1,0.19871015618547694,0.19871015618547694,0.0,0.9571808967444686,0.895147945210468
0,22886.309579372406,0.0,71.9473090171814,0.0,passthrough,passthrough,"HistGradientBoostingRegressor(early_stopping=True, max_iter=20000,
                              n_iter_no_change=100, random_state=42,
                              scoring='neg_root_mean_squared_error')",10.0,0.02,squared_error,32,2,0.01,255,3200,FunctionTransformer(func=<function reshape at 0x7fdb1d1c0360>),passthrough,"{'first_scale': 'passthrough', 'frequency': 'passthrough', 'model': HistGradientBoostingRegressor(early_stopping=True, max_iter=20000,
                              n_iter_no_change=100, random_state=42,
                              scoring='neg_root_mean_squared_error'), 'model__l2_regularization': 10, 'model__learning_rate': 0.02, 'model__loss': 'squared_error', 'model__max_bins': 32, 'model__max_depth': 2, 'model__max_features': 0.01, 'model__max_leaf_nodes': 255, 'model__min_samples_leaf': 3200, 'reshape': FunctionTransformer(func=<function reshape at 0x7fdb1d1c0360>), 'second_scale': 'passthrough'}",0.08669206762601567,0.08669206762601567,0.0,1,0.2526721885945985,0.2526721885945985,0.0,0.955671456293419,0.8644812383189131
0,29560.34152650833,0.0,74.76032876968384,0.0,passthrough,passthrough,"HistGradientBoostingRegressor(early_stopping=True, max_iter=20000,
                              n_iter_no_change=100, random_state=42,
                              scoring='neg_root_mean_squared_error')",100.0,0.01,squared_error,32,2,0.1,255,400,FunctionTransformer(func=<function reshape at 0x7fdb1d1c0360>),passthrough,"{'first_scale': 'passthrough', 'frequency': 'passthrough', 'model': HistGradientBoostingRegressor(early_stopping=True, max_iter=20000,
                              n_iter_no_change=100, random_state=42,
                              scoring='neg_root_mean_squared_error'), 'model__l2_regularization': 100, 'model__learning_rate': 0.01, 'model__loss': 'squared_error', 'model__max_bins': 32, 'model__max_depth': 2, 'model__max_features': 0.1, 'model__max_leaf_nodes': 255, 'model__min_samples_leaf': 400, 'reshape': FunctionTransformer(func=<function reshape at 0x7fdb1d1c0360>), 'second_scale': 'passthrough'}",0.08758976265830898,0.08758976265830898,0.0,1,0.24187707358082233,0.24187707358082233,0.0,0.9552016736489164,0.8707025476126607
0,24478.013486146927,0.0,39.974677085876465,0.0,passthrough,passthrough,"HistGradientBoostingRegressor(early_stopping=True, max_iter=20000,
                              n_iter_no_change=100, random_state=42,
                              scoring='neg_root_mean_squared_error')",100.0,0.005,squared_error,32,2,0.01,255,1600,FunctionTransformer(func=<function reshape at 0x7fdb1d1c0360>),passthrough,"{'first_scale': 'passthrough', 'frequency': 'passthrough', 'model': HistGradientBoostingRegressor(early_stopping=True, max_iter=20000,
                              n_iter_no_change=100, random_state=42,
                              scoring='neg_root_mean_squared_error'), 'model__l2_regularization': 100, 'model__learning_rate': 0.005, 'model__loss': 'squared_error', 'model__max_bins': 32, 'model__max_depth': 2, 'model__max_features': 0.01, 'model__max_leaf_nodes': 255, 'model__min_samples_leaf': 1600, 'reshape': FunctionTransformer(func=<function reshape at 0x7fdb1d1c0360>), 'second_scale': 'passthrough'}",0.08616059114119512,0.08616059114119512,0.0,1,0.17634633276797806,0.17634633276797806,0.0,0.9559494802858595,0.9075536718189299
0,6049.181502819061,0.0,12.336029767990112,0.0,passthrough,passthrough,"HistGradientBoostingRegressor(early_stopping=True, max_iter=20000,
                              n_iter_no_change=100, random_state=42,
                              scoring='neg_root_mean_squared_error')",400.0,0.05,squared_error,32,2,0.1,127,1600,FunctionTransformer(func=<function reshape at 0x7fdb1d1c0360>),passthrough,"{'first_scale': 'passthrough', 'frequency': 'passthrough', 'model': HistGradientBoostingRegressor(early_stopping=True, max_iter=20000,
                              n_iter_no_change=100, random_state=42,
                              scoring='neg_root_mean_squared_error'), 'model__l2_regularization': 400, 'model__learning_rate': 0.05, 'model__loss': 'squared_error', 'model__max_bins': 32, 'model__max_depth': 2, 'model__max_features': 0.1, 'model__max_leaf_nodes': 127, 'model__min_samples_leaf': 1600, 'reshape': FunctionTransformer(func=<function reshape at 0x7fdb1d1c0360>), 'second_scale': 'passthrough'}",0.08636203118730024,0.08636203118730024,0.0,1,0.2689024095248813,0.2689024095248813,0.0,0.9558441132385028,0.8550424495164662
0,5619.27579164505,0.0,22.762805700302124,0.0,passthrough,passthrough,"HistGradientBoostingRegressor(early_stopping=True, max_iter=20000,
                              n_iter_no_change=100, random_state=42,
                              scoring='neg_root_mean_squared_error')",0.1,0.05,squared_error,32,2,1.0,127,1600,FunctionTransformer(func=<function reshape at 0x7fdb1d1c0360>),passthrough,"{'first_scale': 'passthrough', 'frequency': 'passthrough', 'model': HistGradientBoostingRegressor(early_stopping=True, max_iter=20000,
                              n_iter_no_change=100, random_state=42,
                              scoring='neg_root_mean_squared_error'), 'model__l2_regularization': 0.1, 'model__learning_rate': 0.05, 'model__loss': 'squared_error', 'model__max_bins': 32, 'model__max_depth': 2, 'model__max_features': 1.0, 'model__max_leaf_nodes': 127, 'model__min_samples_leaf': 1600, 'reshape': FunctionTransformer(func=<function reshape at 0x7fdb1d1c0360>), 'second_scale': 'passthrough'}",0.0834094516224797,0.0834094516224797,0.0,1,0.289086105124011,0.289086105124011,0.0,0.9573873554510318,0.8431570997601746
0,24132.88405442238,0.0,65.23188710212708,0.0,passthrough,passthrough,"HistGradientBoostingRegressor(early_stopping=True, max_iter=20000,
                              n_iter_no_change=100, random_state=42,
                              scoring='neg_root_mean_squared_error')",0.1,0.0025,squared_error,32,2,0.01,127,400,FunctionTransformer(func=<function reshape at 0x7fdb1d1c0360>),passthrough,"{'first_scale': 'passthrough', 'frequency': 'passthrough', 'model': HistGradientBoostingRegressor(early_stopping=True, max_iter=20000,
                              n_iter_no_change=100, random_state=42,
                              scoring='neg_root_mean_squared_error'), 'model__l2_regularization': 0.1, 'model__learning_rate': 0.0025, 'model__loss': 'squared_error', 'model__max_bins': 32, 'model__max_depth': 2, 'model__max_features': 0.01, 'model__max_leaf_nodes': 127, 'model__min_samples_leaf': 400, 'reshape': FunctionTransformer(func=<function reshape at 0x7fdb1d1c0360>), 'second_scale': 'passthrough'}",0.08060225604465832,0.08060225604465832,0.0,1,0.14137248189761664,0.14137248189761664,0.0,0.9588523056004724,0.9266215614275244
0,12759.597843647003,0.0,24.95119333267212,0.0,passthrough,passthrough,"HistGradientBoostingRegressor(early_stopping=True, max_iter=20000,
                              n_iter_no_change=100, random_state=42,
                              scoring='neg_root_mean_squared_error')",1.0,0.05,squared_error,32,2,0.1,255,100,FunctionTransformer(func=<function reshape at 0x7fdb1d1c0360>),passthrough,"{'first_scale': 'passthrough', 'frequency': 'passthrough', 'model': HistGradientBoostingRegressor(early_stopping=True, max_iter=20000,
                              n_iter_no_change=100, random_state=42,
                              scoring='neg_root_mean_squared_error'), 'model__l2_regularization': 1, 'model__learning_rate': 0.05, 'model__loss': 'squared_error', 'model__max_bins': 32, 'model__max_depth': 2, 'model__max_features': 0.1, 'model__max_leaf_nodes': 255, 'model__min_samples_leaf': 100, 'reshape': FunctionTransformer(func=<function reshape at 0x7fdb1d1c0360>), 'second_scale': 'passthrough'}",0.08378627868367683,0.08378627868367683,0.0,1,0.297448789068526,0.297448789068526,0.0,0.9571905355342389,0.8381832800357414
0,23860.496783733368,0.0,105.05209112167358,0.0,passthrough,passthrough,"HistGradientBoostingRegressor(early_stopping=True, max_iter=20000,
                              n_iter_no_change=100, random_state=42,
                              scoring='neg_root_mean_squared_error')",1.0,0.005,squared_error,32,2,0.01,255,3200,FunctionTransformer(func=<function reshape at 0x7fdb1d1c0360>),passthrough,"{'first_scale': 'passthrough', 'frequency': 'passthrough', 'model': HistGradientBoostingRegressor(early_stopping=True, max_iter=20000,
                              n_iter_no_change=100, random_state=42,
                              scoring='neg_root_mean_squared_error'), 'model__l2_regularization': 1, 'model__learning_rate': 0.005, 'model__loss': 'squared_error', 'model__max_bins': 32, 'model__max_depth': 2, 'model__max_features': 0.01, 'model__max_leaf_nodes': 255, 'model__min_samples_leaf': 3200, 'reshape': FunctionTransformer(func=<function reshape at 0x7fdb1d1c0360>), 'second_scale': 'passthrough'}",0.08488947413091452,0.08488947413091452,0.0,1,0.17218698242144315,0.17218698242144315,0.0,0.9566140945381714,0.9098423036870493
0,6704.984421491623,0.0,21.11069345474243,0.0,passthrough,passthrough,"HistGradientBoostingRegressor(early_stopping=True, max_iter=20000,
                              n_iter_no_change=100, random_state=42,
                              scoring='neg_root_mean_squared_error')",10.0,0.05,squared_error,32,2,0.1,255,400,FunctionTransformer(func=<function reshape at 0x7fdb1d1c0360>),passthrough,"{'first_scale': 'passthrough', 'frequency': 'passthrough', 'model': HistGradientBoostingRegressor(early_stopping=True, max_iter=20000,
                              n_iter_no_change=100, random_state=42,
                              scoring='neg_root_mean_squared_error'), 'model__l2_regularization': 10, 'model__learning_rate': 0.05, 'model__loss': 'squared_error', 'model__max_bins': 32, 'model__max_depth': 2, 'model__max_features': 0.1, 'model__max_leaf_nodes': 255, 'model__min_samples_leaf': 400, 'reshape': FunctionTransformer(func=<function reshape at 0x7fdb1d1c0360>), 'second_scale': 'passthrough'}",0.08514729843074309,0.08514729843074309,0.0,1,0.2483543995698203,0.2483543995698203,0.0,0.9564793262633839,0.8669749710517483
0,40159.56924557686,0.0,98.164479970932,0.0,passthrough,passthrough,"HistGradientBoostingRegressor(early_stopping=True, max_iter=20000,
                              n_iter_no_change=100, random_state=42,
                              scoring='neg_root_mean_squared_error')",0.1,0.01,squared_error,32,2,0.1,127,100,FunctionTransformer(func=<function reshape at 0x7fdb1d1c0360>),passthrough,"{'first_scale': 'passthrough', 'frequency': 'passthrough', 'model': HistGradientBoostingRegressor(early_stopping=True, max_iter=20000,
                              n_iter_no_change=100, random_state=42,
                              scoring='neg_root_mean_squared_error'), 'model__l2_regularization': 0.1, 'model__learning_rate': 0.01, 'model__loss': 'squared_error', 'model__max_bins': 32, 'model__max_depth': 2, 'model__max_features': 0.1, 'model__max_leaf_nodes': 127, 'model__min_samples_leaf': 100, 'reshape': FunctionTransformer(func=<function reshape at 0x7fdb1d1c0360>), 'second_scale': 'passthrough'}",0.08724017211310997,0.08724017211310997,0.0,1,0.2601795552078412,0.2601795552078412,0.0,0.9553846491790048,0.8601281560280182
0,17526.734860420227,0.0,35.90006446838379,0.0,passthrough,passthrough,"HistGradientBoostingRegressor(early_stopping=True, max_iter=20000,
                              n_iter_no_change=100, random_state=42,
                              scoring='neg_root_mean_squared_error')",0.1,0.02,squared_error,32,2,0.01,255,100,FunctionTransformer(func=<function reshape at 0x7fdb1d1c0360>),passthrough,"{'first_scale': 'passthrough', 'frequency': 'passthrough', 'model': HistGradientBoostingRegressor(early_stopping=True, max_iter=20000,
                              n_iter_no_change=100, random_state=42,
                              scoring='neg_root_mean_squared_error'), 'model__l2_regularization': 0.1, 'model__learning_rate': 0.02, 'model__loss': 'squared_error', 'model__max_bins': 32, 'model__max_depth': 2, 'model__max_features': 0.01, 'model__max_leaf_nodes': 255, 'model__min_samples_leaf': 100, 'reshape': FunctionTransformer(func=<function reshape at 0x7fdb1d1c0360>), 'second_scale': 'passthrough'}",0.08756930452281786,0.08756930452281786,0.0,1,0.20683361665148148,0.20683361665148148,0.0,0.955212382393142,0.890598890269081
0,24946.533937454224,0.0,50.92539119720459,0.0,passthrough,passthrough,"HistGradientBoostingRegressor(early_stopping=True, max_iter=20000,
                              n_iter_no_change=100, random_state=42,
                              scoring='neg_root_mean_squared_error')",0.1,0.02,squared_error,32,2,0.01,255,400,FunctionTransformer(func=<function reshape at 0x7fdb1d1c0360>),passthrough,"{'first_scale': 'passthrough', 'frequency': 'passthrough', 'model': HistGradientBoostingRegressor(early_stopping=True, max_iter=20000,
                              n_iter_no_change=100, random_state=42,
                              scoring='neg_root_mean_squared_error'), 'model__l2_regularization': 0.1, 'model__learning_rate': 0.02, 'model__loss': 'squared_error', 'model__max_bins': 32, 'model__max_depth': 2, 'model__max_features': 0.01, 'model__max_leaf_nodes': 255, 'model__min_samples_leaf': 400, 'reshape': FunctionTransformer(func=<function reshape at 0x7fdb1d1c0360>), 'second_scale': 'passthrough'}",0.08726675287553998,0.08726675287553998,0.0,1,0.24410382771845673,0.24410382771845673,0.0,0.9553707380511819,0.8694228961107151
0,6816.002608299255,0.0,11.40358829498291,0.0,passthrough,passthrough,"HistGradientBoostingRegressor(early_stopping=True, max_iter=20000,
                              n_iter_no_change=100, random_state=42,
                              scoring='neg_root_mean_squared_error')",0.1,0.05,squared_error,32,2,0.1,255,1600,FunctionTransformer(func=<function reshape at 0x7fdb1d1c0360>),passthrough,"{'first_scale': 'passthrough', 'frequency': 'passthrough', 'model': HistGradientBoostingRegressor(early_stopping=True, max_iter=20000,
                              n_iter_no_change=100, random_state=42,
                              scoring='neg_root_mean_squared_error'), 'model__l2_regularization': 0.1, 'model__learning_rate': 0.05, 'model__loss': 'squared_error', 'model__max_bins': 32, 'model__max_depth': 2, 'model__max_features': 0.1, 'model__max_leaf_nodes': 255, 'model__min_samples_leaf': 1600, 'reshape': FunctionTransformer(func=<function reshape at 0x7fdb1d1c0360>), 'second_scale': 'passthrough'}",0.08420957896445458,0.08420957896445458,0.0,1,0.27610617237957435,0.27610617237957435,0.0,0.9569693939910228,0.8508195035496222
0,23513.629055261612,0.0,57.85940885543823,0.0,passthrough,passthrough,"HistGradientBoostingRegressor(early_stopping=True, max_iter=20000,
                              n_iter_no_change=100, random_state=42,
                              scoring='neg_root_mean_squared_error')",10.0,0.005,squared_error,32,2,1.0,127,3200,FunctionTransformer(func=<function reshape at 0x7fdb1d1c0360>),passthrough,"{'first_scale': 'passthrough', 'frequency': 'passthrough', 'model': HistGradientBoostingRegressor(early_stopping=True, max_iter=20000,
                              n_iter_no_change=100, random_state=42,
                              scoring='neg_root_mean_squared_error'), 'model__l2_regularization': 10, 'model__learning_rate': 0.005, 'model__loss': 'squared_error', 'model__max_bins': 32, 'model__max_depth': 2, 'model__max_features': 1.0, 'model__max_leaf_nodes': 127, 'model__min_samples_leaf': 3200, 'reshape': FunctionTransformer(func=<function reshape at 0x7fdb1d1c0360>), 'second_scale': 'passthrough'}",0.0837485117416632,0.0837485117416632,0.0,1,0.19479342814946887,0.19479342814946887,0.0,0.9572102633477855,0.8973330328537622
0,6436.72509598732,0.0,20.96552538871765,0.0,passthrough,passthrough,"HistGradientBoostingRegressor(early_stopping=True, max_iter=20000,
                              n_iter_no_change=100, random_state=42,
                              scoring='neg_root_mean_squared_error')",10.0,0.05,squared_error,32,2,0.01,127,3200,FunctionTransformer(func=<function reshape at 0x7fdb1d1c0360>),passthrough,"{'first_scale': 'passthrough', 'frequency': 'passthrough', 'model': HistGradientBoostingRegressor(early_stopping=True, max_iter=20000,
                              n_iter_no_change=100, random_state=42,
                              scoring='neg_root_mean_squared_error'), 'model__l2_regularization': 10, 'model__learning_rate': 0.05, 'model__loss': 'squared_error', 'model__max_bins': 32, 'model__max_depth': 2, 'model__max_features': 0.01, 'model__max_leaf_nodes': 127, 'model__min_samples_leaf': 3200, 'reshape': FunctionTransformer(func=<function reshape at 0x7fdb1d1c0360>), 'second_scale': 'passthrough'}",0.087052136661255,0.087052136661255,0.0,1,0.25523108032676767,0.25523108032676767,0.0,0.9554830523555847,0.8629999534607359
0,24900.5040640831,0.0,45.349170207977295,0.0,passthrough,passthrough,"HistGradientBoostingRegressor(early_stopping=True, max_iter=20000,
                              n_iter_no_change=100, random_state=42,
                              scoring='neg_root_mean_squared_error')",400.0,0.005,squared_error,32,2,0.01,255,1600,FunctionTransformer(func=<function reshape at 0x7fdb1d1c0360>),passthrough,"{'first_scale': 'passthrough', 'frequency': 'passthrough', 'model': HistGradientBoostingRegressor(early_stopping=True, max_iter=20000,
                              n_iter_no_change=100, random_state=42,
                              scoring='neg_root_mean_squared_error'), 'model__l2_regularization': 400, 'model__learning_rate': 0.005, 'model__loss': 'squared_error', 'model__max_bins': 32, 'model__max_depth': 2, 'model__max_features': 0.01, 'model__max_leaf_nodes': 255, 'model__min_samples_leaf': 1600, 'reshape': FunctionTransformer(func=<function reshape at 0x7fdb1d1c0360>), 'second_scale': 'passthrough'}",0.08548382661640286,0.08548382661640286,0.0,1,0.1736629405553547,0.1736629405553547,0.0,0.9563033898212414,0.9090308352551333
0,5693.029584169388,0.0,26.58105492591858,0.0,passthrough,passthrough,"HistGradientBoostingRegressor(early_stopping=True, max_iter=20000,
                              n_iter_no_change=100, random_state=42,
                              scoring='neg_root_mean_squared_error')",0.1,0.05,squared_error,32,2,1.0,255,1600,FunctionTransformer(func=<function reshape at 0x7fdb1d1c0360>),passthrough,"{'first_scale': 'passthrough', 'frequency': 'passthrough', 'model': HistGradientBoostingRegressor(early_stopping=True, max_iter=20000,
                              n_iter_no_change=100, random_state=42,
                              scoring='neg_root_mean_squared_error'), 'model__l2_regularization': 0.1, 'model__learning_rate': 0.05, 'model__loss': 'squared_error', 'model__max_bins': 32, 'model__max_depth': 2, 'model__max_features': 1.0, 'model__max_leaf_nodes': 255, 'model__min_samples_leaf': 1600, 'reshape': FunctionTransformer(func=<function reshape at 0x7fdb1d1c0360>), 'second_scale': 'passthrough'}",0.0834094516224797,0.0834094516224797,0.0,1,0.289086105124011,0.289086105124011,0.0,0.9573873554510318,0.8431570997601746
0,21098.649736642838,0.0,66.28779983520508,0.0,passthrough,passthrough,"HistGradientBoostingRegressor(early_stopping=True, max_iter=20000,
                              n_iter_no_change=100, random_state=42,
                              scoring='neg_root_mean_squared_error')",10.0,0.02,squared_error,32,2,0.1,127,100,FunctionTransformer(func=<function reshape at 0x7fdb1d1c0360>),passthrough,"{'first_scale': 'passthrough', 'frequency': 'passthrough', 'model': HistGradientBoostingRegressor(early_stopping=True, max_iter=20000,
                              n_iter_no_change=100, random_state=42,
                              scoring='neg_root_mean_squared_error'), 'model__l2_regularization': 10, 'model__learning_rate': 0.02, 'model__loss': 'squared_error', 'model__max_bins': 32, 'model__max_depth': 2, 'model__max_features': 0.1, 'model__max_leaf_nodes': 127, 'model__min_samples_leaf': 100, 'reshape': FunctionTransformer(func=<function reshape at 0x7fdb1d1c0360>), 'second_scale': 'passthrough'}",0.08652871064570378,0.08652871064570378,0.0,1,0.2835854764635106,0.2835854764635106,0.0,0.9557569195952997,0.8464127382881766
0,23980.780215978622,0.0,52.626694202423096,0.0,passthrough,passthrough,"HistGradientBoostingRegressor(early_stopping=True, max_iter=20000,
                              n_iter_no_change=100, random_state=42,
                              scoring='neg_root_mean_squared_error')",100.0,0.005,squared_error,32,2,1.0,127,3200,FunctionTransformer(func=<function reshape at 0x7fdb1d1c0360>),passthrough,"{'first_scale': 'passthrough', 'frequency': 'passthrough', 'model': HistGradientBoostingRegressor(early_stopping=True, max_iter=20000,
                              n_iter_no_change=100, random_state=42,
                              scoring='neg_root_mean_squared_error'), 'model__l2_regularization': 100, 'model__learning_rate': 0.005, 'model__loss': 'squared_error', 'model__max_bins': 32, 'model__max_depth': 2, 'model__max_features': 1.0, 'model__max_leaf_nodes': 127, 'model__min_samples_leaf': 3200, 'reshape': FunctionTransformer(func=<function reshape at 0x7fdb1d1c0360>), 'second_scale': 'passthrough'}",0.08351222892095056,0.08351222892095056,0.0,1,0.19384735554807564,0.19384735554807564,0.0,0.9573336780240469,0.8978600361147189
0,23872.43740916252,0.0,66.62735986709595,0.0,passthrough,passthrough,"HistGradientBoostingRegressor(early_stopping=True, max_iter=20000,
                              n_iter_no_change=100, random_state=42,
                              scoring='neg_root_mean_squared_error')",10.0,0.005,squared_error,32,2,0.01,255,100,FunctionTransformer(func=<function reshape at 0x7fdb1d1c0360>),passthrough,"{'first_scale': 'passthrough', 'frequency': 'passthrough', 'model': HistGradientBoostingRegressor(early_stopping=True, max_iter=20000,
                              n_iter_no_change=100, random_state=42,
                              scoring='neg_root_mean_squared_error'), 'model__l2_regularization': 10, 'model__learning_rate': 0.005, 'model__loss': 'squared_error', 'model__max_bins': 32, 'model__max_depth': 2, 'model__max_features': 0.01, 'model__max_leaf_nodes': 255, 'model__min_samples_leaf': 100, 'reshape': FunctionTransformer(func=<function reshape at 0x7fdb1d1c0360>), 'second_scale': 'passthrough'}",0.0860125516149648,0.0860125516149648,0.0,1,0.1807926891079601,0.1807926891079601,0.0,0.9560269077724932,0.9051007186451903
0,6871.623516559601,0.0,23.75443387031555,0.0,passthrough,passthrough,"HistGradientBoostingRegressor(early_stopping=True, max_iter=20000,
                              n_iter_no_change=100, random_state=42,
                              scoring='neg_root_mean_squared_error')",0.1,0.05,squared_error,32,2,1.0,255,400,FunctionTransformer(func=<function reshape at 0x7fdb1d1c0360>),passthrough,"{'first_scale': 'passthrough', 'frequency': 'passthrough', 'model': HistGradientBoostingRegressor(early_stopping=True, max_iter=20000,
                              n_iter_no_change=100, random_state=42,
                              scoring='neg_root_mean_squared_error'), 'model__l2_regularization': 0.1, 'model__learning_rate': 0.05, 'model__loss': 'squared_error', 'model__max_bins': 32, 'model__max_depth': 2, 'model__max_features': 1.0, 'model__max_leaf_nodes': 255, 'model__min_samples_leaf': 400, 'reshape': FunctionTransformer(func=<function reshape at 0x7fdb1d1c0360>), 'second_scale': 'passthrough'}",0.08128824833215509,0.08128824833215509,0.0,1,0.29335001015022555,0.29335001015022555,0.0,0.9584945235460894,0.8406247616206499
0,13709.249764919281,0.0,29.05633854866028,0.0,passthrough,passthrough,"HistGradientBoostingRegressor(early_stopping=True, max_iter=20000,
                              n_iter_no_change=100, random_state=42,
                              scoring='neg_root_mean_squared_error')",10.0,0.05,squared_error,32,2,1.0,255,400,FunctionTransformer(func=<function reshape at 0x7fdb1d1c0360>),passthrough,"{'first_scale': 'passthrough', 'frequency': 'passthrough', 'model': HistGradientBoostingRegressor(early_stopping=True, max_iter=20000,
                              n_iter_no_change=100, random_state=42,
                              scoring='neg_root_mean_squared_error'), 'model__l2_regularization': 10, 'model__learning_rate': 0.05, 'model__loss': 'squared_error', 'model__max_bins': 32, 'model__max_depth': 2, 'model__max_features': 1.0, 'model__max_leaf_nodes': 255, 'model__min_samples_leaf': 400, 'reshape': FunctionTransformer(func=<function reshape at 0x7fdb1d1c0360>), 'second_scale': 'passthrough'}",0.07991044242469925,0.07991044242469925,0.0,1,0.31573232203841983,0.31573232203841983,0.0,0.9592129886398019,0.8272047376324558
0,18570.51705098152,0.0,49.218339920043945,0.0,passthrough,passthrough,"HistGradientBoostingRegressor(early_stopping=True, max_iter=20000,
                              n_iter_no_change=100, random_state=42,
                              scoring='neg_root_mean_squared_error')",100.0,0.02,squared_error,32,2,0.1,127,3200,FunctionTransformer(func=<function reshape at 0x7fdb1d1c0360>),passthrough,"{'first_scale': 'passthrough', 'frequency': 'passthrough', 'model': HistGradientBoostingRegressor(early_stopping=True, max_iter=20000,
                              n_iter_no_change=100, random_state=42,
                              scoring='neg_root_mean_squared_error'), 'model__l2_regularization': 100, 'model__learning_rate': 0.02, 'model__loss': 'squared_error', 'model__max_bins': 32, 'model__max_depth': 2, 'model__max_features': 0.1, 'model__max_leaf_nodes': 127, 'model__min_samples_leaf': 3200, 'reshape': FunctionTransformer(func=<function reshape at 0x7fdb1d1c0360>), 'second_scale': 'passthrough'}",0.08582130761805962,0.08582130761805962,0.0,1,0.2768708622025665,0.2768708622025665,0.0,0.9561269227366942,0.8503700005276723
0,28574.994448900223,0.0,50.673903465270996,0.0,passthrough,passthrough,"HistGradientBoostingRegressor(early_stopping=True, max_iter=20000,
                              n_iter_no_change=100, random_state=42,
                              scoring='neg_root_mean_squared_error')",0.1,0.02,squared_error,32,2,1.0,127,400,FunctionTransformer(func=<function reshape at 0x7fdb1d1c0360>),passthrough,"{'first_scale': 'passthrough', 'frequency': 'passthrough', 'model': HistGradientBoostingRegressor(early_stopping=True, max_iter=20000,
                              n_iter_no_change=100, random_state=42,
                              scoring='neg_root_mean_squared_error'), 'model__l2_regularization': 0.1, 'model__learning_rate': 0.02, 'model__loss': 'squared_error', 'model__max_bins': 32, 'model__max_depth': 2, 'model__max_features': 1.0, 'model__max_leaf_nodes': 127, 'model__min_samples_leaf': 400, 'reshape': FunctionTransformer(func=<function reshape at 0x7fdb1d1c0360>), 'second_scale': 'passthrough'}",0.08219086129591424,0.08219086129591424,0.0,1,0.2948299742765115,0.2948299742765115,0.0,0.9580235585329234,0.8397440239284163
0,11456.74720621109,0.0,24.252838611602783,0.0,passthrough,passthrough,"HistGradientBoostingRegressor(early_stopping=True, max_iter=20000,
                              n_iter_no_change=100, random_state=42,
                              scoring='neg_root_mean_squared_error')",1.0,0.05,squared_error,32,2,1.0,255,3200,FunctionTransformer(func=<function reshape at 0x7fdb1d1c0360>),passthrough,"{'first_scale': 'passthrough', 'frequency': 'passthrough', 'model': HistGradientBoostingRegressor(early_stopping=True, max_iter=20000,
                              n_iter_no_change=100, random_state=42,
                              scoring='neg_root_mean_squared_error'), 'model__l2_regularization': 1, 'model__learning_rate': 0.05, 'model__loss': 'squared_error', 'model__max_bins': 32, 'model__max_depth': 2, 'model__max_features': 1.0, 'model__max_leaf_nodes': 255, 'model__min_samples_leaf': 3200, 'reshape': FunctionTransformer(func=<function reshape at 0x7fdb1d1c0360>), 'second_scale': 'passthrough'}",0.08328553449530962,0.08328553449530962,0.0,1,0.2720662789503625,0.2720662789503625,0.0,0.9574520695599809,0.853190319360011
0,24886.913223028183,0.0,48.12940835952759,0.0,passthrough,passthrough,"HistGradientBoostingRegressor(early_stopping=True, max_iter=20000,
                              n_iter_no_change=100, random_state=42,
                              scoring='neg_root_mean_squared_error')",400.0,0.005,squared_error,32,2,0.01,255,3200,FunctionTransformer(func=<function reshape at 0x7fdb1d1c0360>),passthrough,"{'first_scale': 'passthrough', 'frequency': 'passthrough', 'model': HistGradientBoostingRegressor(early_stopping=True, max_iter=20000,
                              n_iter_no_change=100, random_state=42,
                              scoring='neg_root_mean_squared_error'), 'model__l2_regularization': 400, 'model__learning_rate': 0.005, 'model__loss': 'squared_error', 'model__max_bins': 32, 'model__max_depth': 2, 'model__max_features': 0.01, 'model__max_leaf_nodes': 255, 'model__min_samples_leaf': 3200, 'reshape': FunctionTransformer(func=<function reshape at 0x7fdb1d1c0360>), 'second_scale': 'passthrough'}",0.08462693157199808,0.08462693157199808,0.0,1,0.16941410376978183,0.16941410376978183,0.0,0.9567513096034945,0.9113648535192798
0,24546.115186452866,0.0,43.61036920547485,0.0,passthrough,passthrough,"HistGradientBoostingRegressor(early_stopping=True, max_iter=20000,
                              n_iter_no_change=100, random_state=42,
                              scoring='neg_root_mean_squared_error')",400.0,0.005,squared_error,32,2,1.0,255,3200,FunctionTransformer(func=<function reshape at 0x7fdb1d1c0360>),passthrough,"{'first_scale': 'passthrough', 'frequency': 'passthrough', 'model': HistGradientBoostingRegressor(early_stopping=True, max_iter=20000,
                              n_iter_no_change=100, random_state=42,
                              scoring='neg_root_mean_squared_error'), 'model__l2_regularization': 400, 'model__learning_rate': 0.005, 'model__loss': 'squared_error', 'model__max_bins': 32, 'model__max_depth': 2, 'model__max_features': 1.0, 'model__max_leaf_nodes': 255, 'model__min_samples_leaf': 3200, 'reshape': FunctionTransformer(func=<function reshape at 0x7fdb1d1c0360>), 'second_scale': 'passthrough'}",0.08325014144464471,0.08325014144464471,0.0,1,0.19106703545519743,0.19106703545519743,0.0,0.9574705523175924,0.8994070071690583
0,13906.07637476921,0.0,39.2020537853241,0.0,passthrough,passthrough,"HistGradientBoostingRegressor(early_stopping=True, max_iter=20000,
                              n_iter_no_change=100, random_state=42,
                              scoring='neg_root_mean_squared_error')",100.0,0.02,squared_error,32,2,1.0,255,1600,FunctionTransformer(func=<function reshape at 0x7fdb1d1c0360>),passthrough,"{'first_scale': 'passthrough', 'frequency': 'passthrough', 'model': HistGradientBoostingRegressor(early_stopping=True, max_iter=20000,
                              n_iter_no_change=100, random_state=42,
                              scoring='neg_root_mean_squared_error'), 'model__l2_regularization': 100, 'model__learning_rate': 0.02, 'model__loss': 'squared_error', 'model__max_bins': 32, 'model__max_depth': 2, 'model__max_features': 1.0, 'model__max_leaf_nodes': 255, 'model__min_samples_leaf': 1600, 'reshape': FunctionTransformer(func=<function reshape at 0x7fdb1d1c0360>), 'second_scale': 'passthrough'}",0.08427001122549505,0.08427001122549505,0.0,1,0.2619018574118567,0.2619018574118567,0.0,0.9569378186562097,0.8591263833616933
0,33676.275862932205,0.0,98.38389205932617,0.0,passthrough,passthrough,"HistGradientBoostingRegressor(early_stopping=True, max_iter=20000,
                              n_iter_no_change=100, random_state=42,
                              scoring='neg_root_mean_squared_error')",1.0,0.01,squared_error,32,2,0.01,255,3200,FunctionTransformer(func=<function reshape at 0x7fdb1d1c0360>),passthrough,"{'first_scale': 'passthrough', 'frequency': 'passthrough', 'model': HistGradientBoostingRegressor(early_stopping=True, max_iter=20000,
                              n_iter_no_change=100, random_state=42,
                              scoring='neg_root_mean_squared_error'), 'model__l2_regularization': 1, 'model__learning_rate': 0.01, 'model__loss': 'squared_error', 'model__max_bins': 32, 'model__max_depth': 2, 'model__max_features': 0.01, 'model__max_leaf_nodes': 255, 'model__min_samples_leaf': 3200, 'reshape': FunctionTransformer(func=<function reshape at 0x7fdb1d1c0360>), 'second_scale': 'passthrough'}",0.08797283023401914,0.08797283023401914,0.0,1,0.22364092629932097,0.22364092629932097,0.0,0.9550011360024557,0.881112406961041
0,12735.114858150482,0.0,27.80438494682312,0.0,passthrough,passthrough,"HistGradientBoostingRegressor(early_stopping=True, max_iter=20000,
                              n_iter_no_change=100, random_state=42,
                              scoring='neg_root_mean_squared_error')",1.0,0.05,squared_error,32,2,1.0,255,100,FunctionTransformer(func=<function reshape at 0x7fdb1d1c0360>),passthrough,"{'first_scale': 'passthrough', 'frequency': 'passthrough', 'model': HistGradientBoostingRegressor(early_stopping=True, max_iter=20000,
                              n_iter_no_change=100, random_state=42,
                              scoring='neg_root_mean_squared_error'), 'model__l2_regularization': 1, 'model__learning_rate': 0.05, 'model__loss': 'squared_error', 'model__max_bins': 32, 'model__max_depth': 2, 'model__max_features': 1.0, 'model__max_leaf_nodes': 255, 'model__min_samples_leaf': 100, 'reshape': FunctionTransformer(func=<function reshape at 0x7fdb1d1c0360>), 'second_scale': 'passthrough'}",0.079115043700966,0.079115043700966,0.0,1,0.3144221046213139,0.3144221046213139,0.0,0.9596275091404133,0.8279963136262661
0,15215.867097139359,0.0,39.23863863945007,0.0,passthrough,passthrough,"HistGradientBoostingRegressor(early_stopping=True, max_iter=20000,
                              n_iter_no_change=100, random_state=42,
                              scoring='neg_root_mean_squared_error')",10.0,0.02,squared_error,32,2,0.1,127,1600,FunctionTransformer(func=<function reshape at 0x7fdb1d1c0360>),passthrough,"{'first_scale': 'passthrough', 'frequency': 'passthrough', 'model': HistGradientBoostingRegressor(early_stopping=True, max_iter=20000,
                              n_iter_no_change=100, random_state=42,
                              scoring='neg_root_mean_squared_error'), 'model__l2_regularization': 10, 'model__learning_rate': 0.02, 'model__loss': 'squared_error', 'model__max_bins': 32, 'model__max_depth': 2, 'model__max_features': 0.1, 'model__max_leaf_nodes': 127, 'model__min_samples_leaf': 1600, 'reshape': FunctionTransformer(func=<function reshape at 0x7fdb1d1c0360>), 'second_scale': 'passthrough'}",0.08753699484297783,0.08753699484297783,0.0,1,0.24165029809306715,0.24165029809306715,0.0,0.9552292945450439,0.8708327634551498
0,24406.269521951675,0.0,73.4727418422699,0.0,passthrough,passthrough,"HistGradientBoostingRegressor(early_stopping=True, max_iter=20000,
                              n_iter_no_change=100, random_state=42,
                              scoring='neg_root_mean_squared_error')",1.0,0.02,squared_error,32,2,0.1,127,1600,FunctionTransformer(func=<function reshape at 0x7fdb1d1c0360>),passthrough,"{'first_scale': 'passthrough', 'frequency': 'passthrough', 'model': HistGradientBoostingRegressor(early_stopping=True, max_iter=20000,
                              n_iter_no_change=100, random_state=42,
                              scoring='neg_root_mean_squared_error'), 'model__l2_regularization': 1, 'model__learning_rate': 0.02, 'model__loss': 'squared_error', 'model__max_bins': 32, 'model__max_depth': 2, 'model__max_features': 0.1, 'model__max_leaf_nodes': 127, 'model__min_samples_leaf': 1600, 'reshape': FunctionTransformer(func=<function reshape at 0x7fdb1d1c0360>), 'second_scale': 'passthrough'}",0.08569174655046852,0.08569174655046852,0.0,1,0.3008666430153488,0.3008666430153488,0.0,0.9561946734057514,0.8361419478680945
0,24354.354226350784,0.0,85.04756879806519,0.0,passthrough,passthrough,"HistGradientBoostingRegressor(early_stopping=True, max_iter=20000,
                              n_iter_no_change=100, random_state=42,
                              scoring='neg_root_mean_squared_error')",1.0,0.0025,squared_error,32,2,0.01,127,3200,FunctionTransformer(func=<function reshape at 0x7fdb1d1c0360>),passthrough,"{'first_scale': 'passthrough', 'frequency': 'passthrough', 'model': HistGradientBoostingRegressor(early_stopping=True, max_iter=20000,
                              n_iter_no_change=100, random_state=42,
                              scoring='neg_root_mean_squared_error'), 'model__l2_regularization': 1, 'model__learning_rate': 0.0025, 'model__loss': 'squared_error', 'model__max_bins': 32, 'model__max_depth': 2, 'model__max_features': 0.01, 'model__max_leaf_nodes': 127, 'model__min_samples_leaf': 3200, 'reshape': FunctionTransformer(func=<function reshape at 0x7fdb1d1c0360>), 'second_scale': 'passthrough'}",0.07906874052176105,0.07906874052176105,0.0,1,0.13633984751099526,0.13633984751099526,0.0,0.95965163443733,0.9293331762554292
0,25005.47631239891,0.0,84.45939469337463,0.0,passthrough,passthrough,"HistGradientBoostingRegressor(early_stopping=True, max_iter=20000,
                              n_iter_no_change=100, random_state=42,
                              scoring='neg_root_mean_squared_error')",1.0,0.0025,squared_error,32,2,0.01,127,1600,FunctionTransformer(func=<function reshape at 0x7fdb1d1c0360>),passthrough,"{'first_scale': 'passthrough', 'frequency': 'passthrough', 'model': HistGradientBoostingRegressor(early_stopping=True, max_iter=20000,
                              n_iter_no_change=100, random_state=42,
                              scoring='neg_root_mean_squared_error'), 'model__l2_regularization': 1, 'model__learning_rate': 0.0025, 'model__loss': 'squared_error', 'model__max_bins': 32, 'model__max_depth': 2, 'model__max_features': 0.01, 'model__max_leaf_nodes': 127, 'model__min_samples_leaf': 1600, 'reshape': FunctionTransformer(func=<function reshape at 0x7fdb1d1c0360>), 'second_scale': 'passthrough'}",0.08030602876271775,0.08030602876271775,0.0,1,0.13943824759972234,0.13943824759972234,0.0,0.9590067628735901,0.9276646767018122
0,7447.947544336319,0.0,16.34721326828003,0.0,passthrough,passthrough,"HistGradientBoostingRegressor(early_stopping=True, max_iter=20000,
                              n_iter_no_change=100, random_state=42,
                              scoring='neg_root_mean_squared_error')",10.0,0.05,squared_error,32,2,1.0,255,100,FunctionTransformer(func=<function reshape at 0x7fdb1d1c0360>),passthrough,"{'first_scale': 'passthrough', 'frequency': 'passthrough', 'model': HistGradientBoostingRegressor(early_stopping=True, max_iter=20000,
                              n_iter_no_change=100, random_state=42,
                              scoring='neg_root_mean_squared_error'), 'model__l2_regularization': 10, 'model__learning_rate': 0.05, 'model__loss': 'squared_error', 'model__max_bins': 32, 'model__max_depth': 2, 'model__max_features': 1.0, 'model__max_leaf_nodes': 255, 'model__min_samples_leaf': 100, 'reshape': FunctionTransformer(func=<function reshape at 0x7fdb1d1c0360>), 'second_scale': 'passthrough'}",0.08401020904776324,0.08401020904776324,0.0,1,0.2466568530247819,0.2466568530247819,0.0,0.9570735556644728,0.8679534244273814
0,23707.437649965286,0.0,40.31257247924805,0.0,passthrough,passthrough,"HistGradientBoostingRegressor(early_stopping=True, max_iter=20000,
                              n_iter_no_change=100, random_state=42,
                              scoring='neg_root_mean_squared_error')",100.0,0.005,squared_error,32,2,0.1,255,3200,FunctionTransformer(func=<function reshape at 0x7fdb1d1c0360>),passthrough,"{'first_scale': 'passthrough', 'frequency': 'passthrough', 'model': HistGradientBoostingRegressor(early_stopping=True, max_iter=20000,
                              n_iter_no_change=100, random_state=42,
                              scoring='neg_root_mean_squared_error'), 'model__l2_regularization': 100, 'model__learning_rate': 0.005, 'model__loss': 'squared_error', 'model__max_bins': 32, 'model__max_depth': 2, 'model__max_features': 0.1, 'model__max_leaf_nodes': 255, 'model__min_samples_leaf': 3200, 'reshape': FunctionTransformer(func=<function reshape at 0x7fdb1d1c0360>), 'second_scale': 'passthrough'}",0.08502608425893743,0.08502608425893743,0.0,1,0.1851095117064665,0.1851095117064665,0.0,0.9565426889277145,0.9027128493012235
0,5827.639243364334,0.0,18.357484102249146,0.0,passthrough,passthrough,"HistGradientBoostingRegressor(early_stopping=True, max_iter=20000,
                              n_iter_no_change=100, random_state=42,
                              scoring='neg_root_mean_squared_error')",10.0,0.05,squared_error,32,2,1.0,127,100,FunctionTransformer(func=<function reshape at 0x7fdb1d1c0360>),passthrough,"{'first_scale': 'passthrough', 'frequency': 'passthrough', 'model': HistGradientBoostingRegressor(early_stopping=True, max_iter=20000,
                              n_iter_no_change=100, random_state=42,
                              scoring='neg_root_mean_squared_error'), 'model__l2_regularization': 10, 'model__learning_rate': 0.05, 'model__loss': 'squared_error', 'model__max_bins': 32, 'model__max_depth': 2, 'model__max_features': 1.0, 'model__max_leaf_nodes': 127, 'model__min_samples_leaf': 100, 'reshape': FunctionTransformer(func=<function reshape at 0x7fdb1d1c0360>), 'second_scale': 'passthrough'}",0.08401020904776324,0.08401020904776324,0.0,1,0.2466568530247819,0.2466568530247819,0.0,0.9570735556644728,0.8679534244273814
0,9986.045492172241,0.0,29.969083547592163,0.0,passthrough,passthrough,"HistGradientBoostingRegressor(early_stopping=True, max_iter=20000,
                              n_iter_no_change=100, random_state=42,
                              scoring='neg_root_mean_squared_error')",10.0,0.05,squared_error,32,2,0.1,127,3200,FunctionTransformer(func=<function reshape at 0x7fdb1d1c0360>),passthrough,"{'first_scale': 'passthrough', 'frequency': 'passthrough', 'model': HistGradientBoostingRegressor(early_stopping=True, max_iter=20000,
                              n_iter_no_change=100, random_state=42,
                              scoring='neg_root_mean_squared_error'), 'model__l2_regularization': 10, 'model__learning_rate': 0.05, 'model__loss': 'squared_error', 'model__max_bins': 32, 'model__max_depth': 2, 'model__max_features': 0.1, 'model__max_leaf_nodes': 127, 'model__min_samples_leaf': 3200, 'reshape': FunctionTransformer(func=<function reshape at 0x7fdb1d1c0360>), 'second_scale': 'passthrough'}",0.08479771859171947,0.08479771859171947,0.0,1,0.2858369703177851,0.2858369703177851,0.0,0.9566620518282726,0.8450816704213948
0,23672.799903154373,0.0,42.80864357948303,0.0,passthrough,passthrough,"HistGradientBoostingRegressor(early_stopping=True, max_iter=20000,
                              n_iter_no_change=100, random_state=42,
                              scoring='neg_root_mean_squared_error')",0.1,0.02,squared_error,32,2,1.0,127,1600,FunctionTransformer(func=<function reshape at 0x7fdb1d1c0360>),passthrough,"{'first_scale': 'passthrough', 'frequency': 'passthrough', 'model': HistGradientBoostingRegressor(early_stopping=True, max_iter=20000,
                              n_iter_no_change=100, random_state=42,
                              scoring='neg_root_mean_squared_error'), 'model__l2_regularization': 0.1, 'model__learning_rate': 0.02, 'model__loss': 'squared_error', 'model__max_bins': 32, 'model__max_depth': 2, 'model__max_features': 1.0, 'model__max_leaf_nodes': 127, 'model__min_samples_leaf': 1600, 'reshape': FunctionTransformer(func=<function reshape at 0x7fdb1d1c0360>), 'second_scale': 'passthrough'}",0.08449457022802698,0.08449457022802698,0.0,1,0.2644094620117786,0.2644094620117786,0.0,0.9568204793857482,0.857665749571604
0,24885.764884233475,0.0,45.04688858985901,0.0,passthrough,passthrough,"HistGradientBoostingRegressor(early_stopping=True, max_iter=20000,
                              n_iter_no_change=100, random_state=42,
                              scoring='neg_root_mean_squared_error')",400.0,0.005,squared_error,32,2,1.0,127,3200,FunctionTransformer(func=<function reshape at 0x7fdb1d1c0360>),passthrough,"{'first_scale': 'passthrough', 'frequency': 'passthrough', 'model': HistGradientBoostingRegressor(early_stopping=True, max_iter=20000,
                              n_iter_no_change=100, random_state=42,
                              scoring='neg_root_mean_squared_error'), 'model__l2_regularization': 400, 'model__learning_rate': 0.005, 'model__loss': 'squared_error', 'model__max_bins': 32, 'model__max_depth': 2, 'model__max_features': 1.0, 'model__max_leaf_nodes': 127, 'model__min_samples_leaf': 3200, 'reshape': FunctionTransformer(func=<function reshape at 0x7fdb1d1c0360>), 'second_scale': 'passthrough'}",0.08325014144464471,0.08325014144464471,0.0,1,0.19106703545519743,0.19106703545519743,0.0,0.9574705523175924,0.8994070071690583
0,24264.867756843567,0.0,39.165048122406006,0.0,passthrough,passthrough,"HistGradientBoostingRegressor(early_stopping=True, max_iter=20000,
                              n_iter_no_change=100, random_state=42,
                              scoring='neg_root_mean_squared_error')",100.0,0.0025,squared_error,32,2,1.0,127,1600,FunctionTransformer(func=<function reshape at 0x7fdb1d1c0360>),passthrough,"{'first_scale': 'passthrough', 'frequency': 'passthrough', 'model': HistGradientBoostingRegressor(early_stopping=True, max_iter=20000,
                              n_iter_no_change=100, random_state=42,
                              scoring='neg_root_mean_squared_error'), 'model__l2_regularization': 100, 'model__learning_rate': 0.0025, 'model__loss': 'squared_error', 'model__max_bins': 32, 'model__max_depth': 2, 'model__max_features': 1.0, 'model__max_leaf_nodes': 127, 'model__min_samples_leaf': 1600, 'reshape': FunctionTransformer(func=<function reshape at 0x7fdb1d1c0360>), 'second_scale': 'passthrough'}",0.0795705513096635,0.0795705513096635,0.0,1,0.15441289787118073,0.15441289787118073,0.0,0.9593901441490508,0.9195581015514024
0,34273.05703687668,0.0,107.19051265716553,0.0,passthrough,passthrough,"HistGradientBoostingRegressor(early_stopping=True, max_iter=20000,
                              n_iter_no_change=100, random_state=42,
                              scoring='neg_root_mean_squared_error')",1.0,0.01,squared_error,32,2,0.01,127,100,FunctionTransformer(func=<function reshape at 0x7fdb1d1c0360>),passthrough,"{'first_scale': 'passthrough', 'frequency': 'passthrough', 'model': HistGradientBoostingRegressor(early_stopping=True, max_iter=20000,
                              n_iter_no_change=100, random_state=42,
                              scoring='neg_root_mean_squared_error'), 'model__l2_regularization': 1, 'model__learning_rate': 0.01, 'model__loss': 'squared_error', 'model__max_bins': 32, 'model__max_depth': 2, 'model__max_features': 0.01, 'model__max_leaf_nodes': 127, 'model__min_samples_leaf': 100, 'reshape': FunctionTransformer(func=<function reshape at 0x7fdb1d1c0360>), 'second_scale': 'passthrough'}",0.08850241950111815,0.08850241950111815,0.0,1,0.237427455973506,0.237427455973506,0.0,0.954723824201995,0.8732539974294387
0,22088.189462661743,0.0,39.73808741569519,0.0,passthrough,passthrough,"HistGradientBoostingRegressor(early_stopping=True, max_iter=20000,
                              n_iter_no_change=100, random_state=42,
                              scoring='neg_root_mean_squared_error')",400.0,0.01,squared_error,32,2,1.0,127,400,FunctionTransformer(func=<function reshape at 0x7fdb1d1c0360>),passthrough,"{'first_scale': 'passthrough', 'frequency': 'passthrough', 'model': HistGradientBoostingRegressor(early_stopping=True, max_iter=20000,
                              n_iter_no_change=100, random_state=42,
                              scoring='neg_root_mean_squared_error'), 'model__l2_regularization': 400, 'model__learning_rate': 0.01, 'model__loss': 'squared_error', 'model__max_bins': 32, 'model__max_depth': 2, 'model__max_features': 1.0, 'model__max_leaf_nodes': 127, 'model__min_samples_leaf': 400, 'reshape': FunctionTransformer(func=<function reshape at 0x7fdb1d1c0360>), 'second_scale': 'passthrough'}",0.08421430838698618,0.08421430838698618,0.0,1,0.25387317150965305,0.25387317150965305,0.0,0.9569669229461454,0.863786332660078
0,21154.445946216583,0.0,67.20947313308716,0.0,passthrough,passthrough,"HistGradientBoostingRegressor(early_stopping=True, max_iter=20000,
                              n_iter_no_change=100, random_state=42,
                              scoring='neg_root_mean_squared_error')",10.0,0.02,squared_error,32,2,0.01,255,1600,FunctionTransformer(func=<function reshape at 0x7fdb1d1c0360>),passthrough,"{'first_scale': 'passthrough', 'frequency': 'passthrough', 'model': HistGradientBoostingRegressor(early_stopping=True, max_iter=20000,
                              n_iter_no_change=100, random_state=42,
                              scoring='neg_root_mean_squared_error'), 'model__l2_regularization': 10, 'model__learning_rate': 0.02, 'model__loss': 'squared_error', 'model__max_bins': 32, 'model__max_depth': 2, 'model__max_features': 0.01, 'model__max_leaf_nodes': 255, 'model__min_samples_leaf': 1600, 'reshape': FunctionTransformer(func=<function reshape at 0x7fdb1d1c0360>), 'second_scale': 'passthrough'}",0.08746409318971082,0.08746409318971082,0.0,1,0.2515825465517342,0.2515825465517342,0.0,0.9552674530257426,0.8651112376152941
0,23740.609986782074,0.0,37.86420226097107,0.0,passthrough,passthrough,"HistGradientBoostingRegressor(early_stopping=True, max_iter=20000,
                              n_iter_no_change=100, random_state=42,
                              scoring='neg_root_mean_squared_error')",100.0,0.0025,squared_error,32,2,0.1,255,1600,FunctionTransformer(func=<function reshape at 0x7fdb1d1c0360>),passthrough,"{'first_scale': 'passthrough', 'frequency': 'passthrough', 'model': HistGradientBoostingRegressor(early_stopping=True, max_iter=20000,
                              n_iter_no_change=100, random_state=42,
                              scoring='neg_root_mean_squared_error'), 'model__l2_regularization': 100, 'model__learning_rate': 0.0025, 'model__loss': 'squared_error', 'model__max_bins': 32, 'model__max_depth': 2, 'model__max_features': 0.1, 'model__max_leaf_nodes': 255, 'model__min_samples_leaf': 1600, 'reshape': FunctionTransformer(func=<function reshape at 0x7fdb1d1c0360>), 'second_scale': 'passthrough'}",0.0803982631003144,0.0803982631003144,0.0,1,0.14807434229197602,0.14807434229197602,0.0,0.958958673196966,0.9229981894391907
0,34099.70319604874,0.0,103.89258074760437,0.0,passthrough,passthrough,"HistGradientBoostingRegressor(early_stopping=True, max_iter=20000,
                              n_iter_no_change=100, random_state=42,
                              scoring='neg_root_mean_squared_error')",1.0,0.005,squared_error,32,2,0.1,255,3200,FunctionTransformer(func=<function reshape at 0x7fdb1d1c0360>),passthrough,"{'first_scale': 'passthrough', 'frequency': 'passthrough', 'model': HistGradientBoostingRegressor(early_stopping=True, max_iter=20000,
                              n_iter_no_change=100, random_state=42,
                              scoring='neg_root_mean_squared_error'), 'model__l2_regularization': 1, 'model__learning_rate': 0.005, 'model__loss': 'squared_error', 'model__max_bins': 32, 'model__max_depth': 2, 'model__max_features': 0.1, 'model__max_leaf_nodes': 255, 'model__min_samples_leaf': 3200, 'reshape': FunctionTransformer(func=<function reshape at 0x7fdb1d1c0360>), 'second_scale': 'passthrough'}",0.08522463374393385,0.08522463374393385,0.0,1,0.18597099181712262,0.18597099181712262,0.0,0.9564388983390764,0.9022355613601568
0,13068.086228370667,0.0,21.265315532684326,0.0,passthrough,passthrough,"HistGradientBoostingRegressor(early_stopping=True, max_iter=20000,
                              n_iter_no_change=100, random_state=42,
                              scoring='neg_root_mean_squared_error')",0.1,0.02,squared_error,32,2,1.0,255,3200,FunctionTransformer(func=<function reshape at 0x7fdb1d1c0360>),passthrough,"{'first_scale': 'passthrough', 'frequency': 'passthrough', 'model': HistGradientBoostingRegressor(early_stopping=True, max_iter=20000,
                              n_iter_no_change=100, random_state=42,
                              scoring='neg_root_mean_squared_error'), 'model__l2_regularization': 0.1, 'model__learning_rate': 0.02, 'model__loss': 'squared_error', 'model__max_bins': 32, 'model__max_depth': 2, 'model__max_features': 1.0, 'model__max_leaf_nodes': 255, 'model__min_samples_leaf': 3200, 'reshape': FunctionTransformer(func=<function reshape at 0x7fdb1d1c0360>), 'second_scale': 'passthrough'}",0.08509546693176073,0.08509546693176073,0.0,1,0.25700360002172595,0.25700360002172595,0.0,0.9565064208191387,0.8619723893363835
0,5359.785347938538,0.0,12.265019655227661,0.0,passthrough,passthrough,"HistGradientBoostingRegressor(early_stopping=True, max_iter=20000,
                              n_iter_no_change=100, random_state=42,
                              scoring='neg_root_mean_squared_error')",0.1,0.05,squared_error,32,2,0.1,127,400,FunctionTransformer(func=<function reshape at 0x7fdb1d1c0360>),passthrough,"{'first_scale': 'passthrough', 'frequency': 'passthrough', 'model': HistGradientBoostingRegressor(early_stopping=True, max_iter=20000,
                              n_iter_no_change=100, random_state=42,
                              scoring='neg_root_mean_squared_error'), 'model__l2_regularization': 0.1, 'model__learning_rate': 0.05, 'model__loss': 'squared_error', 'model__max_bins': 32, 'model__max_depth': 2, 'model__max_features': 0.1, 'model__max_leaf_nodes': 127, 'model__min_samples_leaf': 400, 'reshape': FunctionTransformer(func=<function reshape at 0x7fdb1d1c0360>), 'second_scale': 'passthrough'}",0.08422489682149381,0.08422489682149381,0.0,1,0.25938513117818496,0.25938513117818496,0.0,0.9569613906414961,0.8605898377402647
0,17794.2968685627,0.0,33.55284142494202,0.0,passthrough,passthrough,"HistGradientBoostingRegressor(early_stopping=True, max_iter=20000,
                              n_iter_no_change=100, random_state=42,
                              scoring='neg_root_mean_squared_error')",400.0,0.02,squared_error,32,2,0.01,255,100,FunctionTransformer(func=<function reshape at 0x7fdb1d1c0360>),passthrough,"{'first_scale': 'passthrough', 'frequency': 'passthrough', 'model': HistGradientBoostingRegressor(early_stopping=True, max_iter=20000,
                              n_iter_no_change=100, random_state=42,
                              scoring='neg_root_mean_squared_error'), 'model__l2_regularization': 400, 'model__learning_rate': 0.02, 'model__loss': 'squared_error', 'model__max_bins': 32, 'model__max_depth': 2, 'model__max_features': 0.01, 'model__max_leaf_nodes': 255, 'model__min_samples_leaf': 100, 'reshape': FunctionTransformer(func=<function reshape at 0x7fdb1d1c0360>), 'second_scale': 'passthrough'}",0.08755156312827073,0.08755156312827073,0.0,1,0.2604492386814701,0.2604492386814701,0.0,0.9552216689709929,0.8599713723831334
0,23490.249801635742,0.0,57.187544107437134,0.0,passthrough,passthrough,"HistGradientBoostingRegressor(early_stopping=True, max_iter=20000,
                              n_iter_no_change=100, random_state=42,
                              scoring='neg_root_mean_squared_error')",10.0,0.005,squared_error,32,2,1.0,255,3200,FunctionTransformer(func=<function reshape at 0x7fdb1d1c0360>),passthrough,"{'first_scale': 'passthrough', 'frequency': 'passthrough', 'model': HistGradientBoostingRegressor(early_stopping=True, max_iter=20000,
                              n_iter_no_change=100, random_state=42,
                              scoring='neg_root_mean_squared_error'), 'model__l2_regularization': 10, 'model__learning_rate': 0.005, 'model__loss': 'squared_error', 'model__max_bins': 32, 'model__max_depth': 2, 'model__max_features': 1.0, 'model__max_leaf_nodes': 255, 'model__min_samples_leaf': 3200, 'reshape': FunctionTransformer(func=<function reshape at 0x7fdb1d1c0360>), 'second_scale': 'passthrough'}",0.0837485117416632,0.0837485117416632,0.0,1,0.19479342814946887,0.19479342814946887,0.0,0.9572102633477855,0.8973330328537622
0,27243.571868896484,0.0,51.09264540672302,0.0,passthrough,passthrough,"HistGradientBoostingRegressor(early_stopping=True, max_iter=20000,
                              n_iter_no_change=100, random_state=42,
                              scoring='neg_root_mean_squared_error')",0.1,0.02,squared_error,32,2,1.0,255,100,FunctionTransformer(func=<function reshape at 0x7fdb1d1c0360>),passthrough,"{'first_scale': 'passthrough', 'frequency': 'passthrough', 'model': HistGradientBoostingRegressor(early_stopping=True, max_iter=20000,
                              n_iter_no_change=100, random_state=42,
                              scoring='neg_root_mean_squared_error'), 'model__l2_regularization': 0.1, 'model__learning_rate': 0.02, 'model__loss': 'squared_error', 'model__max_bins': 32, 'model__max_depth': 2, 'model__max_features': 1.0, 'model__max_leaf_nodes': 255, 'model__min_samples_leaf': 100, 'reshape': FunctionTransformer(func=<function reshape at 0x7fdb1d1c0360>), 'second_scale': 'passthrough'}",0.08290402609576242,0.08290402609576242,0.0,1,0.2913877679078716,0.2913877679078716,0.0,0.9576512799052886,0.8417910857761137
0,24900.848442792892,0.0,43.473079204559326,0.0,passthrough,passthrough,"HistGradientBoostingRegressor(early_stopping=True, max_iter=20000,
                              n_iter_no_change=100, random_state=42,
                              scoring='neg_root_mean_squared_error')",400.0,0.005,squared_error,32,2,1.0,255,100,FunctionTransformer(func=<function reshape at 0x7fdb1d1c0360>),passthrough,"{'first_scale': 'passthrough', 'frequency': 'passthrough', 'model': HistGradientBoostingRegressor(early_stopping=True, max_iter=20000,
                              n_iter_no_change=100, random_state=42,
                              scoring='neg_root_mean_squared_error'), 'model__l2_regularization': 400, 'model__learning_rate': 0.005, 'model__loss': 'squared_error', 'model__max_bins': 32, 'model__max_depth': 2, 'model__max_features': 1.0, 'model__max_leaf_nodes': 255, 'model__min_samples_leaf': 100, 'reshape': FunctionTransformer(func=<function reshape at 0x7fdb1d1c0360>), 'second_scale': 'passthrough'}",0.083804730907455,0.083804730907455,0.0,1,0.19871015618547694,0.19871015618547694,0.0,0.9571808967444686,0.895147945210468
0,17199.400130033493,0.0,54.758700132369995,0.0,passthrough,passthrough,"HistGradientBoostingRegressor(early_stopping=True, max_iter=20000,
                              n_iter_no_change=100, random_state=42,
                              scoring='neg_root_mean_squared_error')",1.0,0.02,squared_error,32,2,0.1,255,400,FunctionTransformer(func=<function reshape at 0x7fdb1d1c0360>),passthrough,"{'first_scale': 'passthrough', 'frequency': 'passthrough', 'model': HistGradientBoostingRegressor(early_stopping=True, max_iter=20000,
                              n_iter_no_change=100, random_state=42,
                              scoring='neg_root_mean_squared_error'), 'model__l2_regularization': 1, 'model__learning_rate': 0.02, 'model__loss': 'squared_error', 'model__max_bins': 32, 'model__max_depth': 2, 'model__max_features': 0.1, 'model__max_leaf_nodes': 255, 'model__min_samples_leaf': 400, 'reshape': FunctionTransformer(func=<function reshape at 0x7fdb1d1c0360>), 'second_scale': 'passthrough'}",0.08668135022587309,0.08668135022587309,0.0,1,0.25929779567820876,0.25929779567820876,0.0,0.9556770635387913,0.8606405778963663
0,20551.29488682747,0.0,70.25927424430847,0.0,passthrough,passthrough,"HistGradientBoostingRegressor(early_stopping=True, max_iter=20000,
                              n_iter_no_change=100, random_state=42,
                              scoring='neg_root_mean_squared_error')",100.0,0.02,squared_error,32,2,0.01,255,400,FunctionTransformer(func=<function reshape at 0x7fdb1d1c0360>),passthrough,"{'first_scale': 'passthrough', 'frequency': 'passthrough', 'model': HistGradientBoostingRegressor(early_stopping=True, max_iter=20000,
                              n_iter_no_change=100, random_state=42,
                              scoring='neg_root_mean_squared_error'), 'model__l2_regularization': 100, 'model__learning_rate': 0.02, 'model__loss': 'squared_error', 'model__max_bins': 32, 'model__max_depth': 2, 'model__max_features': 0.01, 'model__max_leaf_nodes': 255, 'model__min_samples_leaf': 400, 'reshape': FunctionTransformer(func=<function reshape at 0x7fdb1d1c0360>), 'second_scale': 'passthrough'}",0.08668330968183924,0.08668330968183924,0.0,1,0.2757876902592883,0.2757876902592883,0.0,0.9556760383718746,0.8510066449450978
0,8842.983428239822,0.0,15.629585981369019,0.0,passthrough,passthrough,"HistGradientBoostingRegressor(early_stopping=True, max_iter=20000,
                              n_iter_no_change=100, random_state=42,
                              scoring='neg_root_mean_squared_error')",0.1,0.05,squared_error,32,2,0.01,127,100,FunctionTransformer(func=<function reshape at 0x7fdb1d1c0360>),passthrough,"{'first_scale': 'passthrough', 'frequency': 'passthrough', 'model': HistGradientBoostingRegressor(early_stopping=True, max_iter=20000,
                              n_iter_no_change=100, random_state=42,
                              scoring='neg_root_mean_squared_error'), 'model__l2_regularization': 0.1, 'model__learning_rate': 0.05, 'model__loss': 'squared_error', 'model__max_bins': 32, 'model__max_depth': 2, 'model__max_features': 0.01, 'model__max_leaf_nodes': 127, 'model__min_samples_leaf': 100, 'reshape': FunctionTransformer(func=<function reshape at 0x7fdb1d1c0360>), 'second_scale': 'passthrough'}",0.0846023900023446,0.0846023900023446,0.0,1,0.29387062004811093,0.29387062004811093,0.0,0.9567641349871218,0.8403150480337057
0,13373.997635126114,0.0,26.417197465896606,0.0,passthrough,passthrough,"HistGradientBoostingRegressor(early_stopping=True, max_iter=20000,
                              n_iter_no_change=100, random_state=42,
                              scoring='neg_root_mean_squared_error')",1.0,0.05,squared_error,32,2,0.1,127,3200,FunctionTransformer(func=<function reshape at 0x7fdb1d1c0360>),passthrough,"{'first_scale': 'passthrough', 'frequency': 'passthrough', 'model': HistGradientBoostingRegressor(early_stopping=True, max_iter=20000,
                              n_iter_no_change=100, random_state=42,
                              scoring='neg_root_mean_squared_error'), 'model__l2_regularization': 1, 'model__learning_rate': 0.05, 'model__loss': 'squared_error', 'model__max_bins': 32, 'model__max_depth': 2, 'model__max_features': 0.1, 'model__max_leaf_nodes': 127, 'model__min_samples_leaf': 3200, 'reshape': FunctionTransformer(func=<function reshape at 0x7fdb1d1c0360>), 'second_scale': 'passthrough'}",0.08528401040991085,0.08528401040991085,0.0,1,0.2778956473488813,0.2778956473488813,0.0,0.956407857344391,0.8497672343948776
0,31313.939027547836,0.0,92.17737555503845,0.0,passthrough,passthrough,"HistGradientBoostingRegressor(early_stopping=True, max_iter=20000,
                              n_iter_no_change=100, random_state=42,
                              scoring='neg_root_mean_squared_error')",0.1,0.0025,squared_error,32,2,0.01,127,3200,FunctionTransformer(func=<function reshape at 0x7fdb1d1c0360>),passthrough,"{'first_scale': 'passthrough', 'frequency': 'passthrough', 'model': HistGradientBoostingRegressor(early_stopping=True, max_iter=20000,
                              n_iter_no_change=100, random_state=42,
                              scoring='neg_root_mean_squared_error'), 'model__l2_regularization': 0.1, 'model__learning_rate': 0.0025, 'model__loss': 'squared_error', 'model__max_bins': 32, 'model__max_depth': 2, 'model__max_features': 0.01, 'model__max_leaf_nodes': 127, 'model__min_samples_leaf': 3200, 'reshape': FunctionTransformer(func=<function reshape at 0x7fdb1d1c0360>), 'second_scale': 'passthrough'}",0.07911708548118535,0.07911708548118535,0.0,1,0.13639554010560961,0.13639554010560961,0.0,0.9596264452998441,0.9293032120327522
0,11599.535819768906,0.0,25.95649290084839,0.0,passthrough,passthrough,"HistGradientBoostingRegressor(early_stopping=True, max_iter=20000,
                              n_iter_no_change=100, random_state=42,
                              scoring='neg_root_mean_squared_error')",1.0,0.05,squared_error,32,2,1.0,255,1600,FunctionTransformer(func=<function reshape at 0x7fdb1d1c0360>),passthrough,"{'first_scale': 'passthrough', 'frequency': 'passthrough', 'model': HistGradientBoostingRegressor(early_stopping=True, max_iter=20000,
                              n_iter_no_change=100, random_state=42,
                              scoring='neg_root_mean_squared_error'), 'model__l2_regularization': 1, 'model__learning_rate': 0.05, 'model__loss': 'squared_error', 'model__max_bins': 32, 'model__max_depth': 2, 'model__max_features': 1.0, 'model__max_leaf_nodes': 255, 'model__min_samples_leaf': 1600, 'reshape': FunctionTransformer(func=<function reshape at 0x7fdb1d1c0360>), 'second_scale': 'passthrough'}",0.08312149672751079,0.08312149672751079,0.0,1,0.2827602883571654,0.2827602883571654,0.0,0.9575377294250547,0.8469000600087561
0,18582.540327310562,0.0,45.885441303253174,0.0,passthrough,passthrough,"HistGradientBoostingRegressor(early_stopping=True, max_iter=20000,
                              n_iter_no_change=100, random_state=42,
                              scoring='neg_root_mean_squared_error')",100.0,0.02,squared_error,32,2,0.1,255,3200,FunctionTransformer(func=<function reshape at 0x7fdb1d1c0360>),passthrough,"{'first_scale': 'passthrough', 'frequency': 'passthrough', 'model': HistGradientBoostingRegressor(early_stopping=True, max_iter=20000,
                              n_iter_no_change=100, random_state=42,
                              scoring='neg_root_mean_squared_error'), 'model__l2_regularization': 100, 'model__learning_rate': 0.02, 'model__loss': 'squared_error', 'model__max_bins': 32, 'model__max_depth': 2, 'model__max_features': 0.1, 'model__max_leaf_nodes': 255, 'model__min_samples_leaf': 3200, 'reshape': FunctionTransformer(func=<function reshape at 0x7fdb1d1c0360>), 'second_scale': 'passthrough'}",0.08582130761805962,0.08582130761805962,0.0,1,0.2768708622025665,0.2768708622025665,0.0,0.9561269227366942,0.8503700005276723
0,24929.83768415451,0.0,83.78564858436584,0.0,passthrough,passthrough,"HistGradientBoostingRegressor(early_stopping=True, max_iter=20000,
                              n_iter_no_change=100, random_state=42,
                              scoring='neg_root_mean_squared_error')",1.0,0.0025,squared_error,32,2,0.1,255,400,FunctionTransformer(func=<function reshape at 0x7fdb1d1c0360>),passthrough,"{'first_scale': 'passthrough', 'frequency': 'passthrough', 'model': HistGradientBoostingRegressor(early_stopping=True, max_iter=20000,
                              n_iter_no_change=100, random_state=42,
                              scoring='neg_root_mean_squared_error'), 'model__l2_regularization': 1, 'model__learning_rate': 0.0025, 'model__loss': 'squared_error', 'model__max_bins': 32, 'model__max_depth': 2, 'model__max_features': 0.1, 'model__max_leaf_nodes': 255, 'model__min_samples_leaf': 400, 'reshape': FunctionTransformer(func=<function reshape at 0x7fdb1d1c0360>), 'second_scale': 'passthrough'}",0.08084445845329713,0.08084445845329713,0.0,1,0.15127711753737638,0.15127711753737638,0.0,0.9587259992024326,0.9212615711417814
0,23847.409806013107,0.0,46.10674691200256,0.0,passthrough,passthrough,"HistGradientBoostingRegressor(early_stopping=True, max_iter=20000,
                              n_iter_no_change=100, random_state=42,
                              scoring='neg_root_mean_squared_error')",400.0,0.01,squared_error,32,2,1.0,255,100,FunctionTransformer(func=<function reshape at 0x7fdb1d1c0360>),passthrough,"{'first_scale': 'passthrough', 'frequency': 'passthrough', 'model': HistGradientBoostingRegressor(early_stopping=True, max_iter=20000,
                              n_iter_no_change=100, random_state=42,
                              scoring='neg_root_mean_squared_error'), 'model__l2_regularization': 400, 'model__learning_rate': 0.01, 'model__loss': 'squared_error', 'model__max_bins': 32, 'model__max_depth': 2, 'model__max_features': 1.0, 'model__max_leaf_nodes': 255, 'model__min_samples_leaf': 100, 'reshape': FunctionTransformer(func=<function reshape at 0x7fdb1d1c0360>), 'second_scale': 'passthrough'}",0.08421430838698618,0.08421430838698618,0.0,1,0.25387317150965305,0.25387317150965305,0.0,0.9569669229461454,0.863786332660078
0,16906.01978111267,0.0,49.67841148376465,0.0,passthrough,passthrough,"HistGradientBoostingRegressor(early_stopping=True, max_iter=20000,
                              n_iter_no_change=100, random_state=42,
                              scoring='neg_root_mean_squared_error')",100.0,0.02,squared_error,32,2,0.1,255,1600,FunctionTransformer(func=<function reshape at 0x7fdb1d1c0360>),passthrough,"{'first_scale': 'passthrough', 'frequency': 'passthrough', 'model': HistGradientBoostingRegressor(early_stopping=True, max_iter=20000,
                              n_iter_no_change=100, random_state=42,
                              scoring='neg_root_mean_squared_error'), 'model__l2_regularization': 100, 'model__learning_rate': 0.02, 'model__loss': 'squared_error', 'model__max_bins': 32, 'model__max_depth': 2, 'model__max_features': 0.1, 'model__max_leaf_nodes': 255, 'model__min_samples_leaf': 1600, 'reshape': FunctionTransformer(func=<function reshape at 0x7fdb1d1c0360>), 'second_scale': 'passthrough'}",0.08659129554618039,0.08659129554618039,0.0,1,0.2727982389419754,0.2727982389419754,0.0,0.9557241780209496,0.8527612567759071
0,11004.643892765045,0.0,35.34167742729187,0.0,passthrough,passthrough,"HistGradientBoostingRegressor(early_stopping=True, max_iter=20000,
                              n_iter_no_change=100, random_state=42,
                              scoring='neg_root_mean_squared_error')",1.0,0.05,squared_error,32,2,0.01,127,400,FunctionTransformer(func=<function reshape at 0x7fdb1d1c0360>),passthrough,"{'first_scale': 'passthrough', 'frequency': 'passthrough', 'model': HistGradientBoostingRegressor(early_stopping=True, max_iter=20000,
                              n_iter_no_change=100, random_state=42,
                              scoring='neg_root_mean_squared_error'), 'model__l2_regularization': 1, 'model__learning_rate': 0.05, 'model__loss': 'squared_error', 'model__max_bins': 32, 'model__max_depth': 2, 'model__max_features': 0.01, 'model__max_leaf_nodes': 127, 'model__min_samples_leaf': 400, 'reshape': FunctionTransformer(func=<function reshape at 0x7fdb1d1c0360>), 'second_scale': 'passthrough'}",0.08477857842916725,0.08477857842916725,0.0,1,0.28739490497969866,0.28739490497969866,0.0,0.9566720553935046,0.8441594014286053
0,33671.129514694214,0.0,84.1757001876831,0.0,passthrough,passthrough,"HistGradientBoostingRegressor(early_stopping=True, max_iter=20000,
                              n_iter_no_change=100, random_state=42,
                              scoring='neg_root_mean_squared_error')",10.0,0.01,squared_error,32,2,0.01,255,3200,FunctionTransformer(func=<function reshape at 0x7fdb1d1c0360>),passthrough,"{'first_scale': 'passthrough', 'frequency': 'passthrough', 'model': HistGradientBoostingRegressor(early_stopping=True, max_iter=20000,
                              n_iter_no_change=100, random_state=42,
                              scoring='neg_root_mean_squared_error'), 'model__l2_regularization': 10, 'model__learning_rate': 0.01, 'model__loss': 'squared_error', 'model__max_bins': 32, 'model__max_depth': 2, 'model__max_features': 0.01, 'model__max_leaf_nodes': 255, 'model__min_samples_leaf': 3200, 'reshape': FunctionTransformer(func=<function reshape at 0x7fdb1d1c0360>), 'second_scale': 'passthrough'}",0.08719057233115646,0.08719057233115646,0.0,1,0.22348327501978893,0.22348327501978893,0.0,0.9554106068433842,0.8812018639223428
0,25196.014785289764,0.0,78.60943412780762,0.0,passthrough,passthrough,"HistGradientBoostingRegressor(early_stopping=True, max_iter=20000,
                              n_iter_no_change=100, random_state=42,
                              scoring='neg_root_mean_squared_error')",1.0,0.02,squared_error,32,2,0.1,255,1600,FunctionTransformer(func=<function reshape at 0x7fdb1d1c0360>),passthrough,"{'first_scale': 'passthrough', 'frequency': 'passthrough', 'model': HistGradientBoostingRegressor(early_stopping=True, max_iter=20000,
                              n_iter_no_change=100, random_state=42,
                              scoring='neg_root_mean_squared_error'), 'model__l2_regularization': 1, 'model__learning_rate': 0.02, 'model__loss': 'squared_error', 'model__max_bins': 32, 'model__max_depth': 2, 'model__max_features': 0.1, 'model__max_leaf_nodes': 255, 'model__min_samples_leaf': 1600, 'reshape': FunctionTransformer(func=<function reshape at 0x7fdb1d1c0360>), 'second_scale': 'passthrough'}",0.08569174655046852,0.08569174655046852,0.0,1,0.3008666430153488,0.3008666430153488,0.0,0.9561946734057514,0.8361419478680945
0,23335.12804198265,0.0,73.88691568374634,0.0,passthrough,passthrough,"HistGradientBoostingRegressor(early_stopping=True, max_iter=20000,
                              n_iter_no_change=100, random_state=42,
                              scoring='neg_root_mean_squared_error')",10.0,0.01,squared_error,32,2,0.01,127,1600,FunctionTransformer(func=<function reshape at 0x7fdb1d1c0360>),passthrough,"{'first_scale': 'passthrough', 'frequency': 'passthrough', 'model': HistGradientBoostingRegressor(early_stopping=True, max_iter=20000,
                              n_iter_no_change=100, random_state=42,
                              scoring='neg_root_mean_squared_error'), 'model__l2_regularization': 10, 'model__learning_rate': 0.01, 'model__loss': 'squared_error', 'model__max_bins': 32, 'model__max_depth': 2, 'model__max_features': 0.01, 'model__max_leaf_nodes': 127, 'model__min_samples_leaf': 1600, 'reshape': FunctionTransformer(func=<function reshape at 0x7fdb1d1c0360>), 'second_scale': 'passthrough'}",0.0880968819381216,0.0880968819381216,0.0,1,0.23137039390286807,0.23137039390286807,0.0,0.9549361853348518,0.8767152366060099
0,23865.395240545273,0.0,71.64333271980286,0.0,passthrough,passthrough,"HistGradientBoostingRegressor(early_stopping=True, max_iter=20000,
                              n_iter_no_change=100, random_state=42,
                              scoring='neg_root_mean_squared_error')",1.0,0.01,squared_error,32,2,1.0,255,400,FunctionTransformer(func=<function reshape at 0x7fdb1d1c0360>),passthrough,"{'first_scale': 'passthrough', 'frequency': 'passthrough', 'model': HistGradientBoostingRegressor(early_stopping=True, max_iter=20000,
                              n_iter_no_change=100, random_state=42,
                              scoring='neg_root_mean_squared_error'), 'model__l2_regularization': 1, 'model__learning_rate': 0.01, 'model__loss': 'squared_error', 'model__max_bins': 32, 'model__max_depth': 2, 'model__max_features': 1.0, 'model__max_leaf_nodes': 255, 'model__min_samples_leaf': 400, 'reshape': FunctionTransformer(func=<function reshape at 0x7fdb1d1c0360>), 'second_scale': 'passthrough'}",0.0844126522724089,0.0844126522724089,0.0,1,0.23342203529012007,0.23342203529012007,0.0,0.9568632858081614,0.875544381918975
0,13060.32087278366,0.0,27.05808186531067,0.0,passthrough,passthrough,"HistGradientBoostingRegressor(early_stopping=True, max_iter=20000,
                              n_iter_no_change=100, random_state=42,
                              scoring='neg_root_mean_squared_error')",10.0,0.05,squared_error,32,2,1.0,255,1600,FunctionTransformer(func=<function reshape at 0x7fdb1d1c0360>),passthrough,"{'first_scale': 'passthrough', 'frequency': 'passthrough', 'model': HistGradientBoostingRegressor(early_stopping=True, max_iter=20000,
                              n_iter_no_change=100, random_state=42,
                              scoring='neg_root_mean_squared_error'), 'model__l2_regularization': 10, 'model__learning_rate': 0.05, 'model__loss': 'squared_error', 'model__max_bins': 32, 'model__max_depth': 2, 'model__max_features': 1.0, 'model__max_leaf_nodes': 255, 'model__min_samples_leaf': 1600, 'reshape': FunctionTransformer(func=<function reshape at 0x7fdb1d1c0360>), 'second_scale': 'passthrough'}",0.08205154736654563,0.08205154736654563,0.0,1,0.3014864969177933,0.3014864969177933,0.0,0.9580962648050844,0.835771202592077
0,14788.389310836792,0.0,28.713054180145264,0.0,passthrough,passthrough,"HistGradientBoostingRegressor(early_stopping=True, max_iter=20000,
                              n_iter_no_change=100, random_state=42,
                              scoring='neg_root_mean_squared_error')",1.0,0.05,squared_error,32,2,0.01,255,400,FunctionTransformer(func=<function reshape at 0x7fdb1d1c0360>),passthrough,"{'first_scale': 'passthrough', 'frequency': 'passthrough', 'model': HistGradientBoostingRegressor(early_stopping=True, max_iter=20000,
                              n_iter_no_change=100, random_state=42,
                              scoring='neg_root_mean_squared_error'), 'model__l2_regularization': 1, 'model__learning_rate': 0.05, 'model__loss': 'squared_error', 'model__max_bins': 32, 'model__max_depth': 2, 'model__max_features': 0.01, 'model__max_leaf_nodes': 255, 'model__min_samples_leaf': 400, 'reshape': FunctionTransformer(func=<function reshape at 0x7fdb1d1c0360>), 'second_scale': 'passthrough'}",0.08477857842916725,0.08477857842916725,0.0,1,0.28739490497969866,0.28739490497969866,0.0,0.9566720553935046,0.8441594014286053
0,23769.563777923584,0.0,44.14514136314392,0.0,passthrough,passthrough,"HistGradientBoostingRegressor(early_stopping=True, max_iter=20000,
                              n_iter_no_change=100, random_state=42,
                              scoring='neg_root_mean_squared_error')",400.0,0.01,squared_error,32,2,1.0,255,400,FunctionTransformer(func=<function reshape at 0x7fdb1d1c0360>),passthrough,"{'first_scale': 'passthrough', 'frequency': 'passthrough', 'model': HistGradientBoostingRegressor(early_stopping=True, max_iter=20000,
                              n_iter_no_change=100, random_state=42,
                              scoring='neg_root_mean_squared_error'), 'model__l2_regularization': 400, 'model__learning_rate': 0.01, 'model__loss': 'squared_error', 'model__max_bins': 32, 'model__max_depth': 2, 'model__max_features': 1.0, 'model__max_leaf_nodes': 255, 'model__min_samples_leaf': 400, 'reshape': FunctionTransformer(func=<function reshape at 0x7fdb1d1c0360>), 'second_scale': 'passthrough'}",0.08421430838698618,0.08421430838698618,0.0,1,0.25387317150965305,0.25387317150965305,0.0,0.9569669229461454,0.863786332660078
