,mean_fit_time,std_fit_time,mean_score_time,std_score_time,param_first_scale,param_frequency,param_model,param_model__l2_regularization,param_model__learning_rate,param_model__loss,param_model__max_bins,param_model__max_depth,param_model__max_features,param_model__max_leaf_nodes,param_model__min_samples_leaf,param_reshape,param_second_scale,params,split0_test_score,mean_test_score,std_test_score,rank_test_score,split0_train_score,mean_train_score,std_train_score,nrmse_test,nrmse_train
0,34244.12093925476,0.0,64.53856253623962,0.0,passthrough,power_phase_stft,"HistGradientBoostingRegressor(early_stopping=True, max_iter=10000,
                              n_iter_no_change=100, random_state=42,
                              scoring='neg_root_mean_squared_error')",1,0.015,squared_error,63,None,0.01,127,12000,FunctionTransformer(func=<function reshape at 0x7fdb1d1c0360>),passthrough,"{'first_scale': 'passthrough', 'frequency': FunctionTransformer(func=<function power_phase_stft at 0x7fdb1d1ef9c0>), 'model': HistGradientBoostingRegressor(early_stopping=True, max_iter=10000,
                              n_iter_no_change=100, random_state=42,
                              scoring='neg_root_mean_squared_error'), 'model__l2_regularization': 1, 'model__learning_rate': 0.015, 'model__loss': 'squared_error', 'model__max_bins': 63, 'model__max_depth': None, 'model__max_features': 0.01, 'model__max_leaf_nodes': 127, 'model__min_samples_leaf': 12000, 'reshape': FunctionTransformer(func=<function reshape at 0x7fdb1d1c0360>), 'second_scale': 'passthrough'}",0.08787999997709939,0.08787999997709939,0.0,1,0.2481275606741058,0.2481275606741058,0.0,0.9550497369367213,0.8671057832386393
0,21359.245114564896,0.0,54.1743483543396,0.0,passthrough,power_phase_stft,"HistGradientBoostingRegressor(early_stopping=True, max_iter=10000,
                              n_iter_no_change=100, random_state=42,
                              scoring='neg_root_mean_squared_error')",10,0.05,absolute_error,32,3,0.2,255,6400,FunctionTransformer(func=<function reshape at 0x7fdb1d1c0360>),passthrough,"{'first_scale': 'passthrough', 'frequency': FunctionTransformer(func=<function power_phase_stft at 0x7fdb1d1ef9c0>), 'model': HistGradientBoostingRegressor(early_stopping=True, max_iter=10000,
                              n_iter_no_change=100, random_state=42,
                              scoring='neg_root_mean_squared_error'), 'model__l2_regularization': 10, 'model__learning_rate': 0.05, 'model__loss': 'absolute_error', 'model__max_bins': 32, 'model__max_depth': 3, 'model__max_features': 0.2, 'model__max_leaf_nodes': 255, 'model__min_samples_leaf': 6400, 'reshape': FunctionTransformer(func=<function reshape at 0x7fdb1d1c0360>), 'second_scale': 'passthrough'}",0.08474920523174001,0.08474920523174001,0.0,1,0.20254718700888064,0.20254718700888064,0.0,0.9566874070292031,0.8930021349308854
0,22742.331330537796,0.0,53.12048029899597,0.0,passthrough,power_phase_stft,"HistGradientBoostingRegressor(early_stopping=True, max_iter=10000,
                              n_iter_no_change=100, random_state=42,
                              scoring='neg_root_mean_squared_error')",10,0.05,absolute_error,32,3,0.5,255,6400,FunctionTransformer(func=<function reshape at 0x7fdb1d1c0360>),passthrough,"{'first_scale': 'passthrough', 'frequency': FunctionTransformer(func=<function power_phase_stft at 0x7fdb1d1ef9c0>), 'model': HistGradientBoostingRegressor(early_stopping=True, max_iter=10000,
                              n_iter_no_change=100, random_state=42,
                              scoring='neg_root_mean_squared_error'), 'model__l2_regularization': 10, 'model__learning_rate': 0.05, 'model__loss': 'absolute_error', 'model__max_bins': 32, 'model__max_depth': 3, 'model__max_features': 0.5, 'model__max_leaf_nodes': 255, 'model__min_samples_leaf': 6400, 'reshape': FunctionTransformer(func=<function reshape at 0x7fdb1d1c0360>), 'second_scale': 'passthrough'}",0.0860155227304562,0.0860155227304562,0.0,1,0.20657696680783044,0.20657696680783044,0.0,0.95602535388427,0.8907429669619455
0,21959.838984251022,0.0,56.53527331352234,0.0,passthrough,power_phase_stft,"HistGradientBoostingRegressor(early_stopping=True, max_iter=10000,
                              n_iter_no_change=100, random_state=42,
                              scoring='neg_root_mean_squared_error')",50,0.03,absolute_error,32,3,0.5,255,1600,FunctionTransformer(func=<function reshape at 0x7fdb1d1c0360>),passthrough,"{'first_scale': 'passthrough', 'frequency': FunctionTransformer(func=<function power_phase_stft at 0x7fdb1d1ef9c0>), 'model': HistGradientBoostingRegressor(early_stopping=True, max_iter=10000,
                              n_iter_no_change=100, random_state=42,
                              scoring='neg_root_mean_squared_error'), 'model__l2_regularization': 50, 'model__learning_rate': 0.03, 'model__loss': 'absolute_error', 'model__max_bins': 32, 'model__max_depth': 3, 'model__max_features': 0.5, 'model__max_leaf_nodes': 255, 'model__min_samples_leaf': 1600, 'reshape': FunctionTransformer(func=<function reshape at 0x7fdb1d1c0360>), 'second_scale': 'passthrough'}",0.08586110794159785,0.08586110794159785,0.0,1,0.22014738826788516,0.22014738826788516,0.0,0.9561061092046228,0.8830926405152038
0,32839.61562561989,0.0,61.235246658325195,0.0,passthrough,power_phase_stft,"HistGradientBoostingRegressor(early_stopping=True, max_iter=10000,
                              n_iter_no_change=100, random_state=42,
                              scoring='neg_root_mean_squared_error')",50,0.005,squared_error,63,None,0.01,255,12000,FunctionTransformer(func=<function reshape at 0x7fdb1d1c0360>),passthrough,"{'first_scale': 'passthrough', 'frequency': FunctionTransformer(func=<function power_phase_stft at 0x7fdb1d1ef9c0>), 'model': HistGradientBoostingRegressor(early_stopping=True, max_iter=10000,
                              n_iter_no_change=100, random_state=42,
                              scoring='neg_root_mean_squared_error'), 'model__l2_regularization': 50, 'model__learning_rate': 0.005, 'model__loss': 'squared_error', 'model__max_bins': 63, 'model__max_depth': None, 'model__max_features': 0.01, 'model__max_leaf_nodes': 255, 'model__min_samples_leaf': 12000, 'reshape': FunctionTransformer(func=<function reshape at 0x7fdb1d1c0360>), 'second_scale': 'passthrough'}",0.08544874015666015,0.08544874015666015,0.0,1,0.15683517169375472,0.15683517169375472,0.0,0.956321734482355,0.9182400711721556
0,33758.30568552017,0.0,70.22880434989929,0.0,passthrough,power_phase_stft,"HistGradientBoostingRegressor(early_stopping=True, max_iter=10000,
                              n_iter_no_change=100, random_state=42,
                              scoring='neg_root_mean_squared_error')",50,0.03,absolute_error,32,3,1.0,127,3200,FunctionTransformer(func=<function reshape at 0x7fdb1d1c0360>),passthrough,"{'first_scale': 'passthrough', 'frequency': FunctionTransformer(func=<function power_phase_stft at 0x7fdb1d1ef9c0>), 'model': HistGradientBoostingRegressor(early_stopping=True, max_iter=10000,
                              n_iter_no_change=100, random_state=42,
                              scoring='neg_root_mean_squared_error'), 'model__l2_regularization': 50, 'model__learning_rate': 0.03, 'model__loss': 'absolute_error', 'model__max_bins': 32, 'model__max_depth': 3, 'model__max_features': 1.0, 'model__max_leaf_nodes': 127, 'model__min_samples_leaf': 3200, 'reshape': FunctionTransformer(func=<function reshape at 0x7fdb1d1c0360>), 'second_scale': 'passthrough'}",0.08722370313672567,0.08722370313672567,0.0,1,0.22155756116331216,0.22155756116331216,0.0,0.9553932681693306,0.882293850617065
0,33110.723165512085,0.0,67.43095207214355,0.0,passthrough,power_phase_stft,"HistGradientBoostingRegressor(early_stopping=True, max_iter=10000,
                              n_iter_no_change=100, random_state=42,
                              scoring='neg_root_mean_squared_error')",50,0.02,absolute_error,32,3,0.2,127,3200,FunctionTransformer(func=<function reshape at 0x7fdb1d1c0360>),passthrough,"{'first_scale': 'passthrough', 'frequency': FunctionTransformer(func=<function power_phase_stft at 0x7fdb1d1ef9c0>), 'model': HistGradientBoostingRegressor(early_stopping=True, max_iter=10000,
                              n_iter_no_change=100, random_state=42,
                              scoring='neg_root_mean_squared_error'), 'model__l2_regularization': 50, 'model__learning_rate': 0.02, 'model__loss': 'absolute_error', 'model__max_bins': 32, 'model__max_depth': 3, 'model__max_features': 0.2, 'model__max_leaf_nodes': 127, 'model__min_samples_leaf': 3200, 'reshape': FunctionTransformer(func=<function reshape at 0x7fdb1d1c0360>), 'second_scale': 'passthrough'}",0.08706086404087132,0.08706086404087132,0.0,1,0.20417507483142894,0.20417507483142894,0.0,0.9554784853460222,0.8920902001303294
0,33268.27190256119,0.0,69.58190584182739,0.0,passthrough,power_phase_stft,"HistGradientBoostingRegressor(early_stopping=True, max_iter=10000,
                              n_iter_no_change=100, random_state=42,
                              scoring='neg_root_mean_squared_error')",200,0.03,absolute_error,32,3,0.5,127,1600,FunctionTransformer(func=<function reshape at 0x7fdb1d1c0360>),passthrough,"{'first_scale': 'passthrough', 'frequency': FunctionTransformer(func=<function power_phase_stft at 0x7fdb1d1ef9c0>), 'model': HistGradientBoostingRegressor(early_stopping=True, max_iter=10000,
                              n_iter_no_change=100, random_state=42,
                              scoring='neg_root_mean_squared_error'), 'model__l2_regularization': 200, 'model__learning_rate': 0.03, 'model__loss': 'absolute_error', 'model__max_bins': 32, 'model__max_depth': 3, 'model__max_features': 0.5, 'model__max_leaf_nodes': 127, 'model__min_samples_leaf': 1600, 'reshape': FunctionTransformer(func=<function reshape at 0x7fdb1d1c0360>), 'second_scale': 'passthrough'}",0.08555963543860357,0.08555963543860357,0.0,1,0.23194678787485745,0.23194678787485745,0.0,0.9562637526129475,0.8763864513587271
0,31811.663190841675,0.0,55.29651427268982,0.0,passthrough,power_phase_stft,"HistGradientBoostingRegressor(early_stopping=True, max_iter=10000,
                              n_iter_no_change=100, random_state=42,
                              scoring='neg_root_mean_squared_error')",10,0.005,squared_error,63,None,0.01,255,12000,FunctionTransformer(func=<function reshape at 0x7fdb1d1c0360>),passthrough,"{'first_scale': 'passthrough', 'frequency': FunctionTransformer(func=<function power_phase_stft at 0x7fdb1d1ef9c0>), 'model': HistGradientBoostingRegressor(early_stopping=True, max_iter=10000,
                              n_iter_no_change=100, random_state=42,
                              scoring='neg_root_mean_squared_error'), 'model__l2_regularization': 10, 'model__learning_rate': 0.005, 'model__loss': 'squared_error', 'model__max_bins': 63, 'model__max_depth': None, 'model__max_features': 0.01, 'model__max_leaf_nodes': 255, 'model__min_samples_leaf': 12000, 'reshape': FunctionTransformer(func=<function reshape at 0x7fdb1d1c0360>), 'second_scale': 'passthrough'}",0.08547683808581774,0.08547683808581774,0.0,1,0.1569878221529828,0.1569878221529828,0.0,0.9563070437438921,0.9181569461954842
0,32369.973649978638,0.0,67.39111566543579,0.0,passthrough,power_phase_stft,"HistGradientBoostingRegressor(early_stopping=True, max_iter=10000,
                              n_iter_no_change=100, random_state=42,
                              scoring='neg_root_mean_squared_error')",50,0.05,absolute_error,32,3,1.0,127,6400,FunctionTransformer(func=<function reshape at 0x7fdb1d1c0360>),passthrough,"{'first_scale': 'passthrough', 'frequency': FunctionTransformer(func=<function power_phase_stft at 0x7fdb1d1ef9c0>), 'model': HistGradientBoostingRegressor(early_stopping=True, max_iter=10000,
                              n_iter_no_change=100, random_state=42,
                              scoring='neg_root_mean_squared_error'), 'model__l2_regularization': 50, 'model__learning_rate': 0.05, 'model__loss': 'absolute_error', 'model__max_bins': 32, 'model__max_depth': 3, 'model__max_features': 1.0, 'model__max_leaf_nodes': 127, 'model__min_samples_leaf': 6400, 'reshape': FunctionTransformer(func=<function reshape at 0x7fdb1d1c0360>), 'second_scale': 'passthrough'}",0.08568613095928801,0.08568613095928801,0.0,1,0.21376066247882552,0.21376066247882552,0.0,0.9561976098279644,0.8867013801281548
0,43054.008924245834,0.0,106.57480001449585,0.0,passthrough,power_phase_stft,"HistGradientBoostingRegressor(early_stopping=True, max_iter=10000,
                              n_iter_no_change=100, random_state=42,
                              scoring='neg_root_mean_squared_error')",200,0.05,absolute_error,32,3,0.5,255,6400,FunctionTransformer(func=<function reshape at 0x7fdb1d1c0360>),passthrough,"{'first_scale': 'passthrough', 'frequency': FunctionTransformer(func=<function power_phase_stft at 0x7fdb1d1ef9c0>), 'model': HistGradientBoostingRegressor(early_stopping=True, max_iter=10000,
                              n_iter_no_change=100, random_state=42,
                              scoring='neg_root_mean_squared_error'), 'model__l2_regularization': 200, 'model__learning_rate': 0.05, 'model__loss': 'absolute_error', 'model__max_bins': 32, 'model__max_depth': 3, 'model__max_features': 0.5, 'model__max_leaf_nodes': 255, 'model__min_samples_leaf': 6400, 'reshape': FunctionTransformer(func=<function reshape at 0x7fdb1d1c0360>), 'second_scale': 'passthrough'}",0.08570779644743876,0.08570779644743876,0.0,1,0.21295448824292162,0.21295448824292162,0.0,0.9561862807803515,0.8871558553924324
0,33038.96362543106,0.0,61.57959985733032,0.0,passthrough,power_phase_stft,"HistGradientBoostingRegressor(early_stopping=True, max_iter=10000,
                              n_iter_no_change=100, random_state=42,
                              scoring='neg_root_mean_squared_error')",1,0.0075,squared_error,63,None,0.01,255,12000,FunctionTransformer(func=<function reshape at 0x7fdb1d1c0360>),passthrough,"{'first_scale': 'passthrough', 'frequency': FunctionTransformer(func=<function power_phase_stft at 0x7fdb1d1ef9c0>), 'model': HistGradientBoostingRegressor(early_stopping=True, max_iter=10000,
                              n_iter_no_change=100, random_state=42,
                              scoring='neg_root_mean_squared_error'), 'model__l2_regularization': 1, 'model__learning_rate': 0.0075, 'model__loss': 'squared_error', 'model__max_bins': 63, 'model__max_depth': None, 'model__max_features': 0.01, 'model__max_leaf_nodes': 255, 'model__min_samples_leaf': 12000, 'reshape': FunctionTransformer(func=<function reshape at 0x7fdb1d1c0360>), 'second_scale': 'passthrough'}",0.08800028087684386,0.08800028087684386,0.0,1,0.1845448791885782,0.1845448791885782,0.0,0.9549867638470997,0.9030255371867518
0,27916.228338241577,0.0,80.17974019050598,0.0,passthrough,power_phase_stft,"HistGradientBoostingRegressor(early_stopping=True, max_iter=10000,
                              n_iter_no_change=100, random_state=42,
                              scoring='neg_root_mean_squared_error')",200,0.05,absolute_error,32,3,0.5,127,1600,FunctionTransformer(func=<function reshape at 0x7fdb1d1c0360>),passthrough,"{'first_scale': 'passthrough', 'frequency': FunctionTransformer(func=<function power_phase_stft at 0x7fdb1d1ef9c0>), 'model': HistGradientBoostingRegressor(early_stopping=True, max_iter=10000,
                              n_iter_no_change=100, random_state=42,
                              scoring='neg_root_mean_squared_error'), 'model__l2_regularization': 200, 'model__learning_rate': 0.05, 'model__loss': 'absolute_error', 'model__max_bins': 32, 'model__max_depth': 3, 'model__max_features': 0.5, 'model__max_leaf_nodes': 127, 'model__min_samples_leaf': 1600, 'reshape': FunctionTransformer(func=<function reshape at 0x7fdb1d1c0360>), 'second_scale': 'passthrough'}",0.08704121563136802,0.08704121563136802,0.0,1,0.23734054191918674,0.23734054191918674,0.0,0.955488767264499,0.8733037604870445
0,30116.02968120575,0.0,72.72849893569946,0.0,passthrough,power_phase_stft,"HistGradientBoostingRegressor(early_stopping=True, max_iter=10000,
                              n_iter_no_change=100, random_state=42,
                              scoring='neg_root_mean_squared_error')",200,0.03,squared_error,63,3,0.005,127,1600,FunctionTransformer(func=<function reshape at 0x7fdb1d1c0360>),passthrough,"{'first_scale': 'passthrough', 'frequency': FunctionTransformer(func=<function power_phase_stft at 0x7fdb1d1ef9c0>), 'model': HistGradientBoostingRegressor(early_stopping=True, max_iter=10000,
                              n_iter_no_change=100, random_state=42,
                              scoring='neg_root_mean_squared_error'), 'model__l2_regularization': 200, 'model__learning_rate': 0.03, 'model__loss': 'squared_error', 'model__max_bins': 63, 'model__max_depth': 3, 'model__max_features': 0.005, 'model__max_leaf_nodes': 127, 'model__min_samples_leaf': 1600, 'reshape': FunctionTransformer(func=<function reshape at 0x7fdb1d1c0360>), 'second_scale': 'passthrough'}",0.07936283300472036,0.07936283300472036,0.0,1,0.4666099891756179,0.4666099891756179,0.0,0.9594983934302754,0.7303355467347745
0,31458.463292598724,0.0,66.42586612701416,0.0,passthrough,power_phase_stft,"HistGradientBoostingRegressor(early_stopping=True, max_iter=10000,
                              n_iter_no_change=100, random_state=42,
                              scoring='neg_root_mean_squared_error')",10,0.05,absolute_error,32,3,1.0,127,6400,FunctionTransformer(func=<function reshape at 0x7fdb1d1c0360>),passthrough,"{'first_scale': 'passthrough', 'frequency': FunctionTransformer(func=<function power_phase_stft at 0x7fdb1d1ef9c0>), 'model': HistGradientBoostingRegressor(early_stopping=True, max_iter=10000,
                              n_iter_no_change=100, random_state=42,
                              scoring='neg_root_mean_squared_error'), 'model__l2_regularization': 10, 'model__learning_rate': 0.05, 'model__loss': 'absolute_error', 'model__max_bins': 32, 'model__max_depth': 3, 'model__max_features': 1.0, 'model__max_leaf_nodes': 127, 'model__min_samples_leaf': 6400, 'reshape': FunctionTransformer(func=<function reshape at 0x7fdb1d1c0360>), 'second_scale': 'passthrough'}",0.08645679158128805,0.08645679158128805,0.0,1,0.21358441608771606,0.21358441608771606,0.0,0.9557945429948383,0.8868007577310046
0,30475.796148777008,0.0,82.62441420555115,0.0,passthrough,power_phase_stft,"HistGradientBoostingRegressor(early_stopping=True, max_iter=10000,
                              n_iter_no_change=100, random_state=42,
                              scoring='neg_root_mean_squared_error')",400,0.03,squared_error,63,3,0.005,63,3200,FunctionTransformer(func=<function reshape at 0x7fdb1d1c0360>),passthrough,"{'first_scale': 'passthrough', 'frequency': FunctionTransformer(func=<function power_phase_stft at 0x7fdb1d1ef9c0>), 'model': HistGradientBoostingRegressor(early_stopping=True, max_iter=10000,
                              n_iter_no_change=100, random_state=42,
                              scoring='neg_root_mean_squared_error'), 'model__l2_regularization': 400, 'model__learning_rate': 0.03, 'model__loss': 'squared_error', 'model__max_bins': 63, 'model__max_depth': 3, 'model__max_features': 0.005, 'model__max_leaf_nodes': 63, 'model__min_samples_leaf': 3200, 'reshape': FunctionTransformer(func=<function reshape at 0x7fdb1d1c0360>), 'second_scale': 'passthrough'}",0.08431399463414202,0.08431399463414202,0.0,1,0.33989125588094227,0.33989125588094227,0.0,0.9569148370497021,0.8124707650857708
0,34671.008840322495,0.0,58.38957738876343,0.0,passthrough,power_phase_stft,"HistGradientBoostingRegressor(early_stopping=True, max_iter=10000,
                              n_iter_no_change=100, random_state=42,
                              scoring='neg_root_mean_squared_error')",50,0.02,squared_error,63,3,0.005,127,3200,FunctionTransformer(func=<function reshape at 0x7fdb1d1c0360>),passthrough,"{'first_scale': 'passthrough', 'frequency': FunctionTransformer(func=<function power_phase_stft at 0x7fdb1d1ef9c0>), 'model': HistGradientBoostingRegressor(early_stopping=True, max_iter=10000,
                              n_iter_no_change=100, random_state=42,
                              scoring='neg_root_mean_squared_error'), 'model__l2_regularization': 50, 'model__learning_rate': 0.02, 'model__loss': 'squared_error', 'model__max_bins': 63, 'model__max_depth': 3, 'model__max_features': 0.005, 'model__max_leaf_nodes': 127, 'model__min_samples_leaf': 3200, 'reshape': FunctionTransformer(func=<function reshape at 0x7fdb1d1c0360>), 'second_scale': 'passthrough'}",0.0848603758269677,0.0848603758269677,0.0,1,0.35480907665793526,0.35480907665793526,0.0,0.9566293034258527,0.8032377750965556
0,30705.545269966125,0.0,57.58417367935181,0.0,passthrough,power_phase_stft,"HistGradientBoostingRegressor(early_stopping=True, max_iter=10000,
                              n_iter_no_change=100, random_state=42,
                              scoring='neg_root_mean_squared_error')",10,0.02,absolute_error,32,3,1.0,127,6400,FunctionTransformer(func=<function reshape at 0x7fdb1d1c0360>),passthrough,"{'first_scale': 'passthrough', 'frequency': FunctionTransformer(func=<function power_phase_stft at 0x7fdb1d1ef9c0>), 'model': HistGradientBoostingRegressor(early_stopping=True, max_iter=10000,
                              n_iter_no_change=100, random_state=42,
                              scoring='neg_root_mean_squared_error'), 'model__l2_regularization': 10, 'model__learning_rate': 0.02, 'model__loss': 'absolute_error', 'model__max_bins': 32, 'model__max_depth': 3, 'model__max_features': 1.0, 'model__max_leaf_nodes': 127, 'model__min_samples_leaf': 6400, 'reshape': FunctionTransformer(func=<function reshape at 0x7fdb1d1c0360>), 'second_scale': 'passthrough'}",0.08635636027978832,0.08635636027978832,0.0,1,0.18937756331145295,0.18937756331145295,0.0,0.9558470796734233,0.9003457317545005
0,16135.722002029419,0.0,51.09309411048889,0.0,passthrough,power_phase_stft,"HistGradientBoostingRegressor(early_stopping=True, max_iter=10000,
                              n_iter_no_change=100, random_state=42,
                              scoring='neg_root_mean_squared_error')",400,0.03,squared_error,63,3,0.005,127,3200,FunctionTransformer(func=<function reshape at 0x7fdb1d1c0360>),passthrough,"{'first_scale': 'passthrough', 'frequency': FunctionTransformer(func=<function power_phase_stft at 0x7fdb1d1ef9c0>), 'model': HistGradientBoostingRegressor(early_stopping=True, max_iter=10000,
                              n_iter_no_change=100, random_state=42,
                              scoring='neg_root_mean_squared_error'), 'model__l2_regularization': 400, 'model__learning_rate': 0.03, 'model__loss': 'squared_error', 'model__max_bins': 63, 'model__max_depth': 3, 'model__max_features': 0.005, 'model__max_leaf_nodes': 127, 'model__min_samples_leaf': 3200, 'reshape': FunctionTransformer(func=<function reshape at 0x7fdb1d1c0360>), 'second_scale': 'passthrough'}",0.08672939276458236,0.08672939276458236,0.0,1,0.3099776978222941,0.3099776978222941,0.0,0.9556519278667405,0.8306758105167779
0,33811.34564065933,0.0,71.92545056343079,0.0,passthrough,power_phase_stft,"HistGradientBoostingRegressor(early_stopping=True, max_iter=10000,
                              n_iter_no_change=100, random_state=42,
                              scoring='neg_root_mean_squared_error')",50,0.02,absolute_error,32,3,1.0,127,1600,FunctionTransformer(func=<function reshape at 0x7fdb1d1c0360>),passthrough,"{'first_scale': 'passthrough', 'frequency': FunctionTransformer(func=<function power_phase_stft at 0x7fdb1d1ef9c0>), 'model': HistGradientBoostingRegressor(early_stopping=True, max_iter=10000,
                              n_iter_no_change=100, random_state=42,
                              scoring='neg_root_mean_squared_error'), 'model__l2_regularization': 50, 'model__learning_rate': 0.02, 'model__loss': 'absolute_error', 'model__max_bins': 32, 'model__max_depth': 3, 'model__max_features': 1.0, 'model__max_leaf_nodes': 127, 'model__min_samples_leaf': 1600, 'reshape': FunctionTransformer(func=<function reshape at 0x7fdb1d1c0360>), 'second_scale': 'passthrough'}",0.08608490930393231,0.08608490930393231,0.0,1,0.22091426110808643,0.22091426110808643,0.0,0.9559890641090345,0.8826583364427674
0,33359.358447790146,0.0,67.70421981811523,0.0,passthrough,power_phase_stft,"HistGradientBoostingRegressor(early_stopping=True, max_iter=10000,
                              n_iter_no_change=100, random_state=42,
                              scoring='neg_root_mean_squared_error')",50,0.02,absolute_error,32,3,1.0,127,3200,FunctionTransformer(func=<function reshape at 0x7fdb1d1c0360>),passthrough,"{'first_scale': 'passthrough', 'frequency': FunctionTransformer(func=<function power_phase_stft at 0x7fdb1d1ef9c0>), 'model': HistGradientBoostingRegressor(early_stopping=True, max_iter=10000,
                              n_iter_no_change=100, random_state=42,
                              scoring='neg_root_mean_squared_error'), 'model__l2_regularization': 50, 'model__learning_rate': 0.02, 'model__loss': 'absolute_error', 'model__max_bins': 32, 'model__max_depth': 3, 'model__max_features': 1.0, 'model__max_leaf_nodes': 127, 'model__min_samples_leaf': 3200, 'reshape': FunctionTransformer(func=<function reshape at 0x7fdb1d1c0360>), 'second_scale': 'passthrough'}",0.08653879238033468,0.08653879238033468,0.0,1,0.2085712825169287,0.2085712825169287,0.0,0.955751645365921,0.8896227950558997
0,30324.007133483887,0.0,76.93079710006714,0.0,passthrough,power_phase_stft,"HistGradientBoostingRegressor(early_stopping=True, max_iter=10000,
                              n_iter_no_change=100, random_state=42,
                              scoring='neg_root_mean_squared_error')",400,0.025,squared_error,63,3,0.005,63,3200,FunctionTransformer(func=<function reshape at 0x7fdb1d1c0360>),passthrough,"{'first_scale': 'passthrough', 'frequency': FunctionTransformer(func=<function power_phase_stft at 0x7fdb1d1ef9c0>), 'model': HistGradientBoostingRegressor(early_stopping=True, max_iter=10000,
                              n_iter_no_change=100, random_state=42,
                              scoring='neg_root_mean_squared_error'), 'model__l2_regularization': 400, 'model__learning_rate': 0.025, 'model__loss': 'squared_error', 'model__max_bins': 63, 'model__max_depth': 3, 'model__max_features': 0.005, 'model__max_leaf_nodes': 63, 'model__min_samples_leaf': 3200, 'reshape': FunctionTransformer(func=<function reshape at 0x7fdb1d1c0360>), 'second_scale': 'passthrough'}",0.08728514171767676,0.08728514171767676,0.0,1,0.32241634617307957,0.32241634617307957,0.0,0.9553611140727485,0.8231546961701187
0,22313.488855600357,0.0,59.204787254333496,0.0,passthrough,power_phase_stft,"HistGradientBoostingRegressor(early_stopping=True, max_iter=10000,
                              n_iter_no_change=100, random_state=42,
                              scoring='neg_root_mean_squared_error')",50,0.03,absolute_error,32,3,0.5,127,1600,FunctionTransformer(func=<function reshape at 0x7fdb1d1c0360>),passthrough,"{'first_scale': 'passthrough', 'frequency': FunctionTransformer(func=<function power_phase_stft at 0x7fdb1d1ef9c0>), 'model': HistGradientBoostingRegressor(early_stopping=True, max_iter=10000,
                              n_iter_no_change=100, random_state=42,
                              scoring='neg_root_mean_squared_error'), 'model__l2_regularization': 50, 'model__learning_rate': 0.03, 'model__loss': 'absolute_error', 'model__max_bins': 32, 'model__max_depth': 3, 'model__max_features': 0.5, 'model__max_leaf_nodes': 127, 'model__min_samples_leaf': 1600, 'reshape': FunctionTransformer(func=<function reshape at 0x7fdb1d1c0360>), 'second_scale': 'passthrough'}",0.08586110794159785,0.08586110794159785,0.0,1,0.22014738826788516,0.22014738826788516,0.0,0.9561061092046228,0.8830926405152038
0,32193.436726808548,0.0,66.2231822013855,0.0,passthrough,power_phase_stft,"HistGradientBoostingRegressor(early_stopping=True, max_iter=10000,
                              n_iter_no_change=100, random_state=42,
                              scoring='neg_root_mean_squared_error')",50,0.03,absolute_error,32,3,0.2,127,6400,FunctionTransformer(func=<function reshape at 0x7fdb1d1c0360>),passthrough,"{'first_scale': 'passthrough', 'frequency': FunctionTransformer(func=<function power_phase_stft at 0x7fdb1d1ef9c0>), 'model': HistGradientBoostingRegressor(early_stopping=True, max_iter=10000,
                              n_iter_no_change=100, random_state=42,
                              scoring='neg_root_mean_squared_error'), 'model__l2_regularization': 50, 'model__learning_rate': 0.03, 'model__loss': 'absolute_error', 'model__max_bins': 32, 'model__max_depth': 3, 'model__max_features': 0.2, 'model__max_leaf_nodes': 127, 'model__min_samples_leaf': 6400, 'reshape': FunctionTransformer(func=<function reshape at 0x7fdb1d1c0360>), 'second_scale': 'passthrough'}",0.08574524239866443,0.08574524239866443,0.0,1,0.19717674622254122,0.19717674622254122,0.0,0.9561666996927553,0.896004047857742
0,33462.05972266197,0.0,77.16980648040771,0.0,passthrough,power_phase_stft,"HistGradientBoostingRegressor(early_stopping=True, max_iter=10000,
                              n_iter_no_change=100, random_state=42,
                              scoring='neg_root_mean_squared_error')",10,0.025,squared_error,63,3,0.005,127,1600,FunctionTransformer(func=<function reshape at 0x7fdb1d1c0360>),passthrough,"{'first_scale': 'passthrough', 'frequency': FunctionTransformer(func=<function power_phase_stft at 0x7fdb1d1ef9c0>), 'model': HistGradientBoostingRegressor(early_stopping=True, max_iter=10000,
                              n_iter_no_change=100, random_state=42,
                              scoring='neg_root_mean_squared_error'), 'model__l2_regularization': 10, 'model__learning_rate': 0.025, 'model__loss': 'squared_error', 'model__max_bins': 63, 'model__max_depth': 3, 'model__max_features': 0.005, 'model__max_leaf_nodes': 127, 'model__min_samples_leaf': 1600, 'reshape': FunctionTransformer(func=<function reshape at 0x7fdb1d1c0360>), 'second_scale': 'passthrough'}",0.08220200488488183,0.08220200488488183,0.0,1,0.42739819340871865,0.42739819340871865,0.0,0.9580177425888928,0.7567045702196342
0,41698.4008975029,0.0,104.95025634765625,0.0,passthrough,power_phase_stft,"HistGradientBoostingRegressor(early_stopping=True, max_iter=10000,
                              n_iter_no_change=100, random_state=42,
                              scoring='neg_root_mean_squared_error')",400,0.03,squared_error,63,3,0.005,127,1600,FunctionTransformer(func=<function reshape at 0x7fdb1d1c0360>),passthrough,"{'first_scale': 'passthrough', 'frequency': FunctionTransformer(func=<function power_phase_stft at 0x7fdb1d1ef9c0>), 'model': HistGradientBoostingRegressor(early_stopping=True, max_iter=10000,
                              n_iter_no_change=100, random_state=42,
                              scoring='neg_root_mean_squared_error'), 'model__l2_regularization': 400, 'model__learning_rate': 0.03, 'model__loss': 'squared_error', 'model__max_bins': 63, 'model__max_depth': 3, 'model__max_features': 0.005, 'model__max_leaf_nodes': 127, 'model__min_samples_leaf': 1600, 'reshape': FunctionTransformer(func=<function reshape at 0x7fdb1d1c0360>), 'second_scale': 'passthrough'}",0.08283604886624962,0.08283604886624962,0.0,1,0.4513268147542254,0.4513268147542254,0.0,0.95768677088793,0.7407247702391048
0,32230.46158671379,0.0,70.08962488174438,0.0,passthrough,power_phase_stft,"HistGradientBoostingRegressor(early_stopping=True, max_iter=10000,
                              n_iter_no_change=100, random_state=42,
                              scoring='neg_root_mean_squared_error')",50,0.02,absolute_error,32,3,0.2,255,6400,FunctionTransformer(func=<function reshape at 0x7fdb1d1c0360>),passthrough,"{'first_scale': 'passthrough', 'frequency': FunctionTransformer(func=<function power_phase_stft at 0x7fdb1d1ef9c0>), 'model': HistGradientBoostingRegressor(early_stopping=True, max_iter=10000,
                              n_iter_no_change=100, random_state=42,
                              scoring='neg_root_mean_squared_error'), 'model__l2_regularization': 50, 'model__learning_rate': 0.02, 'model__loss': 'absolute_error', 'model__max_bins': 32, 'model__max_depth': 3, 'model__max_features': 0.2, 'model__max_leaf_nodes': 255, 'model__min_samples_leaf': 6400, 'reshape': FunctionTransformer(func=<function reshape at 0x7fdb1d1c0360>), 'second_scale': 'passthrough'}",0.08660764223141759,0.08660764223141759,0.0,1,0.18504615702512694,0.18504615702512694,0.0,0.9557156259937275,0.9027479398895757
0,32869.66502213478,0.0,66.84233117103577,0.0,passthrough,power_phase_stft,"HistGradientBoostingRegressor(early_stopping=True, max_iter=10000,
                              n_iter_no_change=100, random_state=42,
                              scoring='neg_root_mean_squared_error')",200,0.02,absolute_error,32,3,1.0,255,3200,FunctionTransformer(func=<function reshape at 0x7fdb1d1c0360>),passthrough,"{'first_scale': 'passthrough', 'frequency': FunctionTransformer(func=<function power_phase_stft at 0x7fdb1d1ef9c0>), 'model': HistGradientBoostingRegressor(early_stopping=True, max_iter=10000,
                              n_iter_no_change=100, random_state=42,
                              scoring='neg_root_mean_squared_error'), 'model__l2_regularization': 200, 'model__learning_rate': 0.02, 'model__loss': 'absolute_error', 'model__max_bins': 32, 'model__max_depth': 3, 'model__max_features': 1.0, 'model__max_leaf_nodes': 255, 'model__min_samples_leaf': 3200, 'reshape': FunctionTransformer(func=<function reshape at 0x7fdb1d1c0360>), 'second_scale': 'passthrough'}",0.0868519554665319,0.0868519554665319,0.0,1,0.2087310759914891,0.2087310759914891,0.0,0.9555878005361245,0.8895329808436059
0,32505.623000621796,0.0,67.23673224449158,0.0,passthrough,power_phase_stft,"HistGradientBoostingRegressor(early_stopping=True, max_iter=10000,
                              n_iter_no_change=100, random_state=42,
                              scoring='neg_root_mean_squared_error')",10,0.05,absolute_error,32,3,0.5,127,3200,FunctionTransformer(func=<function reshape at 0x7fdb1d1c0360>),passthrough,"{'first_scale': 'passthrough', 'frequency': FunctionTransformer(func=<function power_phase_stft at 0x7fdb1d1ef9c0>), 'model': HistGradientBoostingRegressor(early_stopping=True, max_iter=10000,
                              n_iter_no_change=100, random_state=42,
                              scoring='neg_root_mean_squared_error'), 'model__l2_regularization': 10, 'model__learning_rate': 0.05, 'model__loss': 'absolute_error', 'model__max_bins': 32, 'model__max_depth': 3, 'model__max_features': 0.5, 'model__max_leaf_nodes': 127, 'model__min_samples_leaf': 3200, 'reshape': FunctionTransformer(func=<function reshape at 0x7fdb1d1c0360>), 'second_scale': 'passthrough'}",0.0862852248157101,0.0862852248157101,0.0,1,0.23411577217622714,0.23411577217622714,0.0,0.9558842896419472,0.8751481176485343
0,31994.444801807404,0.0,69.32937574386597,0.0,passthrough,power_phase_stft,"HistGradientBoostingRegressor(early_stopping=True, max_iter=10000,
                              n_iter_no_change=100, random_state=42,
                              scoring='neg_root_mean_squared_error')",50,0.02,absolute_error,32,3,0.5,255,6400,FunctionTransformer(func=<function reshape at 0x7fdb1d1c0360>),passthrough,"{'first_scale': 'passthrough', 'frequency': FunctionTransformer(func=<function power_phase_stft at 0x7fdb1d1ef9c0>), 'model': HistGradientBoostingRegressor(early_stopping=True, max_iter=10000,
                              n_iter_no_change=100, random_state=42,
                              scoring='neg_root_mean_squared_error'), 'model__l2_regularization': 50, 'model__learning_rate': 0.02, 'model__loss': 'absolute_error', 'model__max_bins': 32, 'model__max_depth': 3, 'model__max_features': 0.5, 'model__max_leaf_nodes': 255, 'model__min_samples_leaf': 6400, 'reshape': FunctionTransformer(func=<function reshape at 0x7fdb1d1c0360>), 'second_scale': 'passthrough'}",0.08574676690199601,0.08574676690199601,0.0,1,0.18828649577859313,0.18828649577859313,0.0,0.956165902497053,0.9009514438755325
0,20709.312151670456,0.0,58.6281418800354,0.0,passthrough,power_phase_stft,"HistGradientBoostingRegressor(early_stopping=True, max_iter=10000,
                              n_iter_no_change=100, random_state=42,
                              scoring='neg_root_mean_squared_error')",400,0.025,squared_error,63,3,0.005,127,3200,FunctionTransformer(func=<function reshape at 0x7fdb1d1c0360>),passthrough,"{'first_scale': 'passthrough', 'frequency': FunctionTransformer(func=<function power_phase_stft at 0x7fdb1d1ef9c0>), 'model': HistGradientBoostingRegressor(early_stopping=True, max_iter=10000,
                              n_iter_no_change=100, random_state=42,
                              scoring='neg_root_mean_squared_error'), 'model__l2_regularization': 400, 'model__learning_rate': 0.025, 'model__loss': 'squared_error', 'model__max_bins': 63, 'model__max_depth': 3, 'model__max_features': 0.005, 'model__max_leaf_nodes': 127, 'model__min_samples_leaf': 3200, 'reshape': FunctionTransformer(func=<function reshape at 0x7fdb1d1c0360>), 'second_scale': 'passthrough'}",0.08728514171767676,0.08728514171767676,0.0,1,0.32241634617307957,0.32241634617307957,0.0,0.9553611140727485,0.8231546961701187
0,32078.000368595123,0.0,66.86708760261536,0.0,passthrough,power_phase_stft,"HistGradientBoostingRegressor(early_stopping=True, max_iter=10000,
                              n_iter_no_change=100, random_state=42,
                              scoring='neg_root_mean_squared_error')",50,0.03,absolute_error,32,3,0.5,127,6400,FunctionTransformer(func=<function reshape at 0x7fdb1d1c0360>),passthrough,"{'first_scale': 'passthrough', 'frequency': FunctionTransformer(func=<function power_phase_stft at 0x7fdb1d1ef9c0>), 'model': HistGradientBoostingRegressor(early_stopping=True, max_iter=10000,
                              n_iter_no_change=100, random_state=42,
                              scoring='neg_root_mean_squared_error'), 'model__l2_regularization': 50, 'model__learning_rate': 0.03, 'model__loss': 'absolute_error', 'model__max_bins': 32, 'model__max_depth': 3, 'model__max_features': 0.5, 'model__max_leaf_nodes': 127, 'model__min_samples_leaf': 6400, 'reshape': FunctionTransformer(func=<function reshape at 0x7fdb1d1c0360>), 'second_scale': 'passthrough'}",0.0863202647754282,0.0863202647754282,0.0,1,0.19890380095823346,0.19890380095823346,0.0,0.955865960909045,0.8950397751171545
0,32748.66564154625,0.0,67.94751715660095,0.0,passthrough,power_phase_stft,"HistGradientBoostingRegressor(early_stopping=True, max_iter=10000,
                              n_iter_no_change=100, random_state=42,
                              scoring='neg_root_mean_squared_error')",50,0.03,absolute_error,32,3,0.2,127,3200,FunctionTransformer(func=<function reshape at 0x7fdb1d1c0360>),passthrough,"{'first_scale': 'passthrough', 'frequency': FunctionTransformer(func=<function power_phase_stft at 0x7fdb1d1ef9c0>), 'model': HistGradientBoostingRegressor(early_stopping=True, max_iter=10000,
                              n_iter_no_change=100, random_state=42,
                              scoring='neg_root_mean_squared_error'), 'model__l2_regularization': 50, 'model__learning_rate': 0.03, 'model__loss': 'absolute_error', 'model__max_bins': 32, 'model__max_depth': 3, 'model__max_features': 0.2, 'model__max_leaf_nodes': 127, 'model__min_samples_leaf': 3200, 'reshape': FunctionTransformer(func=<function reshape at 0x7fdb1d1c0360>), 'second_scale': 'passthrough'}",0.08564028116248545,0.08564028116248545,0.0,1,0.2169482579480646,0.2169482579480646,0.0,0.956221584590891,0.8849021087396817
0,32043.928322553635,0.0,67.53941750526428,0.0,passthrough,power_phase_stft,"HistGradientBoostingRegressor(early_stopping=True, max_iter=10000,
                              n_iter_no_change=100, random_state=42,
                              scoring='neg_root_mean_squared_error')",200,0.02,absolute_error,32,3,0.2,255,6400,FunctionTransformer(func=<function reshape at 0x7fdb1d1c0360>),passthrough,"{'first_scale': 'passthrough', 'frequency': FunctionTransformer(func=<function power_phase_stft at 0x7fdb1d1ef9c0>), 'model': HistGradientBoostingRegressor(early_stopping=True, max_iter=10000,
                              n_iter_no_change=100, random_state=42,
                              scoring='neg_root_mean_squared_error'), 'model__l2_regularization': 200, 'model__learning_rate': 0.02, 'model__loss': 'absolute_error', 'model__max_bins': 32, 'model__max_depth': 3, 'model__max_features': 0.2, 'model__max_leaf_nodes': 255, 'model__min_samples_leaf': 6400, 'reshape': FunctionTransformer(func=<function reshape at 0x7fdb1d1c0360>), 'second_scale': 'passthrough'}",0.08538269209985361,0.08538269209985361,0.0,1,0.18646254974611554,0.18646254974611554,0.0,0.9563562662000737,0.9019631091424329
0,32652.365886211395,0.0,68.40108156204224,0.0,passthrough,power_phase_stft,"HistGradientBoostingRegressor(early_stopping=True, max_iter=10000,
                              n_iter_no_change=100, random_state=42,
                              scoring='neg_root_mean_squared_error')",200,0.03,absolute_error,32,3,1.0,127,3200,FunctionTransformer(func=<function reshape at 0x7fdb1d1c0360>),passthrough,"{'first_scale': 'passthrough', 'frequency': FunctionTransformer(func=<function power_phase_stft at 0x7fdb1d1ef9c0>), 'model': HistGradientBoostingRegressor(early_stopping=True, max_iter=10000,
                              n_iter_no_change=100, random_state=42,
                              scoring='neg_root_mean_squared_error'), 'model__l2_regularization': 200, 'model__learning_rate': 0.03, 'model__loss': 'absolute_error', 'model__max_bins': 32, 'model__max_depth': 3, 'model__max_features': 1.0, 'model__max_leaf_nodes': 127, 'model__min_samples_leaf': 3200, 'reshape': FunctionTransformer(func=<function reshape at 0x7fdb1d1c0360>), 'second_scale': 'passthrough'}",0.08579937980574615,0.08579937980574615,0.0,1,0.2206249063479282,0.2206249063479282,0.0,0.9561383896666078,0.882822232191777
0,31834.8208193779,0.0,65.20339965820312,0.0,passthrough,power_phase_stft,"HistGradientBoostingRegressor(early_stopping=True, max_iter=10000,
                              n_iter_no_change=100, random_state=42,
                              scoring='neg_root_mean_squared_error')",10,0.02,absolute_error,32,3,0.5,255,6400,FunctionTransformer(func=<function reshape at 0x7fdb1d1c0360>),passthrough,"{'first_scale': 'passthrough', 'frequency': FunctionTransformer(func=<function power_phase_stft at 0x7fdb1d1ef9c0>), 'model': HistGradientBoostingRegressor(early_stopping=True, max_iter=10000,
                              n_iter_no_change=100, random_state=42,
                              scoring='neg_root_mean_squared_error'), 'model__l2_regularization': 10, 'model__learning_rate': 0.02, 'model__loss': 'absolute_error', 'model__max_bins': 32, 'model__max_depth': 3, 'model__max_features': 0.5, 'model__max_leaf_nodes': 255, 'model__min_samples_leaf': 6400, 'reshape': FunctionTransformer(func=<function reshape at 0x7fdb1d1c0360>), 'second_scale': 'passthrough'}",0.08599895336360275,0.08599895336360275,0.0,1,0.18758689815107377,0.18758689815107377,0.0,0.9560340196020208,0.901339615155645
0,23028.16112470627,0.0,57.8708131313324,0.0,passthrough,power_phase_stft,"HistGradientBoostingRegressor(early_stopping=True, max_iter=10000,
                              n_iter_no_change=100, random_state=42,
                              scoring='neg_root_mean_squared_error')",10,0.05,absolute_error,32,3,0.5,127,6400,FunctionTransformer(func=<function reshape at 0x7fdb1d1c0360>),passthrough,"{'first_scale': 'passthrough', 'frequency': FunctionTransformer(func=<function power_phase_stft at 0x7fdb1d1ef9c0>), 'model': HistGradientBoostingRegressor(early_stopping=True, max_iter=10000,
                              n_iter_no_change=100, random_state=42,
                              scoring='neg_root_mean_squared_error'), 'model__l2_regularization': 10, 'model__learning_rate': 0.05, 'model__loss': 'absolute_error', 'model__max_bins': 32, 'model__max_depth': 3, 'model__max_features': 0.5, 'model__max_leaf_nodes': 127, 'model__min_samples_leaf': 6400, 'reshape': FunctionTransformer(func=<function reshape at 0x7fdb1d1c0360>), 'second_scale': 'passthrough'}",0.0860155227304562,0.0860155227304562,0.0,1,0.20657696680783044,0.20657696680783044,0.0,0.95602535388427,0.8907429669619455
0,27496.72119998932,0.0,68.16983842849731,0.0,passthrough,power_phase_stft,"HistGradientBoostingRegressor(early_stopping=True, max_iter=10000,
                              n_iter_no_change=100, random_state=42,
                              scoring='neg_root_mean_squared_error')",50,0.05,absolute_error,32,3,0.2,255,1600,FunctionTransformer(func=<function reshape at 0x7fdb1d1c0360>),passthrough,"{'first_scale': 'passthrough', 'frequency': FunctionTransformer(func=<function power_phase_stft at 0x7fdb1d1ef9c0>), 'model': HistGradientBoostingRegressor(early_stopping=True, max_iter=10000,
                              n_iter_no_change=100, random_state=42,
                              scoring='neg_root_mean_squared_error'), 'model__l2_regularization': 50, 'model__learning_rate': 0.05, 'model__loss': 'absolute_error', 'model__max_bins': 32, 'model__max_depth': 3, 'model__max_features': 0.2, 'model__max_leaf_nodes': 255, 'model__min_samples_leaf': 1600, 'reshape': FunctionTransformer(func=<function reshape at 0x7fdb1d1c0360>), 'second_scale': 'passthrough'}",0.08462747533041737,0.08462747533041737,0.0,1,0.24598156498865031,0.24598156498865031,0.0,0.956751025434299,0.8683423489680494
0,33108.34789657593,0.0,86.85807156562805,0.0,passthrough,power_phase_stft,"HistGradientBoostingRegressor(early_stopping=True, max_iter=10000,
                              n_iter_no_change=100, random_state=42,
                              scoring='neg_root_mean_squared_error')",50,0.05,absolute_error,32,3,0.5,255,6400,FunctionTransformer(func=<function reshape at 0x7fdb1d1c0360>),passthrough,"{'first_scale': 'passthrough', 'frequency': FunctionTransformer(func=<function power_phase_stft at 0x7fdb1d1ef9c0>), 'model': HistGradientBoostingRegressor(early_stopping=True, max_iter=10000,
                              n_iter_no_change=100, random_state=42,
                              scoring='neg_root_mean_squared_error'), 'model__l2_regularization': 50, 'model__learning_rate': 0.05, 'model__loss': 'absolute_error', 'model__max_bins': 32, 'model__max_depth': 3, 'model__max_features': 0.5, 'model__max_leaf_nodes': 255, 'model__min_samples_leaf': 6400, 'reshape': FunctionTransformer(func=<function reshape at 0x7fdb1d1c0360>), 'second_scale': 'passthrough'}",0.08547487918827135,0.08547487918827135,0.0,1,0.20739503642009294,0.20739503642009294,0.0,0.9563080679424014,0.8902836422061831
0,31423.89920282364,0.0,68.27163815498352,0.0,passthrough,power_phase_stft,"HistGradientBoostingRegressor(early_stopping=True, max_iter=10000,
                              n_iter_no_change=100, random_state=42,
                              scoring='neg_root_mean_squared_error')",10,0.03,absolute_error,32,3,0.5,255,6400,FunctionTransformer(func=<function reshape at 0x7fdb1d1c0360>),passthrough,"{'first_scale': 'passthrough', 'frequency': FunctionTransformer(func=<function power_phase_stft at 0x7fdb1d1ef9c0>), 'model': HistGradientBoostingRegressor(early_stopping=True, max_iter=10000,
                              n_iter_no_change=100, random_state=42,
                              scoring='neg_root_mean_squared_error'), 'model__l2_regularization': 10, 'model__learning_rate': 0.03, 'model__loss': 'absolute_error', 'model__max_bins': 32, 'model__max_depth': 3, 'model__max_features': 0.5, 'model__max_leaf_nodes': 255, 'model__min_samples_leaf': 6400, 'reshape': FunctionTransformer(func=<function reshape at 0x7fdb1d1c0360>), 'second_scale': 'passthrough'}",0.08598457743751176,0.08598457743751176,0.0,1,0.1982111950108959,0.1982111950108959,0.0,0.9560415380947045,0.8954266050263997
0,32751.89718937874,0.0,71.40012311935425,0.0,passthrough,power_phase_stft,"HistGradientBoostingRegressor(early_stopping=True, max_iter=10000,
                              n_iter_no_change=100, random_state=42,
                              scoring='neg_root_mean_squared_error')",10,0.025,squared_error,63,3,0.005,127,3200,FunctionTransformer(func=<function reshape at 0x7fdb1d1c0360>),passthrough,"{'first_scale': 'passthrough', 'frequency': FunctionTransformer(func=<function power_phase_stft at 0x7fdb1d1ef9c0>), 'model': HistGradientBoostingRegressor(early_stopping=True, max_iter=10000,
                              n_iter_no_change=100, random_state=42,
                              scoring='neg_root_mean_squared_error'), 'model__l2_regularization': 10, 'model__learning_rate': 0.025, 'model__loss': 'squared_error', 'model__max_bins': 63, 'model__max_depth': 3, 'model__max_features': 0.005, 'model__max_leaf_nodes': 127, 'model__min_samples_leaf': 3200, 'reshape': FunctionTransformer(func=<function reshape at 0x7fdb1d1c0360>), 'second_scale': 'passthrough'}",0.08544935234369577,0.08544935234369577,0.0,1,0.3148581971266421,0.3148581971266421,0.0,0.9563214144085158,0.8277329296780199
0,33010.65260267258,0.0,70.35723757743835,0.0,passthrough,power_phase_stft,"HistGradientBoostingRegressor(early_stopping=True, max_iter=10000,
                              n_iter_no_change=100, random_state=42,
                              scoring='neg_root_mean_squared_error')",50,0.02,absolute_error,32,3,1.0,127,6400,FunctionTransformer(func=<function reshape at 0x7fdb1d1c0360>),passthrough,"{'first_scale': 'passthrough', 'frequency': FunctionTransformer(func=<function power_phase_stft at 0x7fdb1d1ef9c0>), 'model': HistGradientBoostingRegressor(early_stopping=True, max_iter=10000,
                              n_iter_no_change=100, random_state=42,
                              scoring='neg_root_mean_squared_error'), 'model__l2_regularization': 50, 'model__learning_rate': 0.02, 'model__loss': 'absolute_error', 'model__max_bins': 32, 'model__max_depth': 3, 'model__max_features': 1.0, 'model__max_leaf_nodes': 127, 'model__min_samples_leaf': 6400, 'reshape': FunctionTransformer(func=<function reshape at 0x7fdb1d1c0360>), 'second_scale': 'passthrough'}",0.08581493205130553,0.08581493205130553,0.0,1,0.19001883637570693,0.19001883637570693,0.0,0.9561302567896774,0.8999895352859905
0,32770.046875,0.0,73.7675850391388,0.0,passthrough,power_phase_stft,"HistGradientBoostingRegressor(early_stopping=True, max_iter=10000,
                              n_iter_no_change=100, random_state=42,
                              scoring='neg_root_mean_squared_error')",50,0.05,absolute_error,32,3,0.5,127,3200,FunctionTransformer(func=<function reshape at 0x7fdb1d1c0360>),passthrough,"{'first_scale': 'passthrough', 'frequency': FunctionTransformer(func=<function power_phase_stft at 0x7fdb1d1ef9c0>), 'model': HistGradientBoostingRegressor(early_stopping=True, max_iter=10000,
                              n_iter_no_change=100, random_state=42,
                              scoring='neg_root_mean_squared_error'), 'model__l2_regularization': 50, 'model__learning_rate': 0.05, 'model__loss': 'absolute_error', 'model__max_bins': 32, 'model__max_depth': 3, 'model__max_features': 0.5, 'model__max_leaf_nodes': 127, 'model__min_samples_leaf': 3200, 'reshape': FunctionTransformer(func=<function reshape at 0x7fdb1d1c0360>), 'second_scale': 'passthrough'}",0.08708461947042612,0.08708461947042612,0.0,1,0.23469923445905794,0.23469923445905794,0.0,0.9554660540958919,0.8748147035463808
0,33182.8232190609,0.0,61.221569299697876,0.0,passthrough,power_phase_stft,"HistGradientBoostingRegressor(early_stopping=True, max_iter=10000,
                              n_iter_no_change=100, random_state=42,
                              scoring='neg_root_mean_squared_error')",1,0.01,squared_error,63,None,0.01,255,12000,FunctionTransformer(func=<function reshape at 0x7fdb1d1c0360>),passthrough,"{'first_scale': 'passthrough', 'frequency': FunctionTransformer(func=<function power_phase_stft at 0x7fdb1d1ef9c0>), 'model': HistGradientBoostingRegressor(early_stopping=True, max_iter=10000,
                              n_iter_no_change=100, random_state=42,
                              scoring='neg_root_mean_squared_error'), 'model__l2_regularization': 1, 'model__learning_rate': 0.01, 'model__loss': 'squared_error', 'model__max_bins': 63, 'model__max_depth': None, 'model__max_features': 0.01, 'model__max_leaf_nodes': 255, 'model__min_samples_leaf': 12000, 'reshape': FunctionTransformer(func=<function reshape at 0x7fdb1d1c0360>), 'second_scale': 'passthrough'}",0.0883444491516231,0.0883444491516231,0.0,1,0.2078834916940091,0.2078834916940091,0.0,0.9548065515319724,0.8900092742808868
0,35458.1340136528,0.0,98.68035173416138,0.0,passthrough,power_phase_stft,"HistGradientBoostingRegressor(early_stopping=True, max_iter=10000,
                              n_iter_no_change=100, random_state=42,
                              scoring='neg_root_mean_squared_error')",10,0.03,squared_error,63,3,0.005,127,1600,FunctionTransformer(func=<function reshape at 0x7fdb1d1c0360>),passthrough,"{'first_scale': 'passthrough', 'frequency': FunctionTransformer(func=<function power_phase_stft at 0x7fdb1d1ef9c0>), 'model': HistGradientBoostingRegressor(early_stopping=True, max_iter=10000,
                              n_iter_no_change=100, random_state=42,
                              scoring='neg_root_mean_squared_error'), 'model__l2_regularization': 10, 'model__learning_rate': 0.03, 'model__loss': 'squared_error', 'model__max_bins': 63, 'model__max_depth': 3, 'model__max_features': 0.005, 'model__max_leaf_nodes': 127, 'model__min_samples_leaf': 1600, 'reshape': FunctionTransformer(func=<function reshape at 0x7fdb1d1c0360>), 'second_scale': 'passthrough'}",0.0818764273330218,0.0818764273330218,0.0,1,0.4249563607877077,0.4249563607877077,0.0,0.958187650028416,0.7583163187036741
0,31552.185963869095,0.0,56.216856479644775,0.0,passthrough,power_phase_stft,"HistGradientBoostingRegressor(early_stopping=True, max_iter=10000,
                              n_iter_no_change=100, random_state=42,
                              scoring='neg_root_mean_squared_error')",5,0.0025,squared_error,63,None,0.01,127,12000,FunctionTransformer(func=<function reshape at 0x7fdb1d1c0360>),passthrough,"{'first_scale': 'passthrough', 'frequency': FunctionTransformer(func=<function power_phase_stft at 0x7fdb1d1ef9c0>), 'model': HistGradientBoostingRegressor(early_stopping=True, max_iter=10000,
                              n_iter_no_change=100, random_state=42,
                              scoring='neg_root_mean_squared_error'), 'model__l2_regularization': 5, 'model__learning_rate': 0.0025, 'model__loss': 'squared_error', 'model__max_bins': 63, 'model__max_depth': None, 'model__max_features': 0.01, 'model__max_leaf_nodes': 127, 'model__min_samples_leaf': 12000, 'reshape': FunctionTransformer(func=<function reshape at 0x7fdb1d1c0360>), 'second_scale': 'passthrough'}",0.07500023712653336,0.07500023712653336,0.0,1,0.1200174983510065,0.1200174983510065,0.0,0.9617690798073447,0.9380738252658974
0,34542.45274806023,0.0,72.49987602233887,0.0,passthrough,power_phase_stft,"HistGradientBoostingRegressor(early_stopping=True, max_iter=10000,
                              n_iter_no_change=100, random_state=42,
                              scoring='neg_root_mean_squared_error')",200,0.02,absolute_error,32,3,0.2,255,1600,FunctionTransformer(func=<function reshape at 0x7fdb1d1c0360>),passthrough,"{'first_scale': 'passthrough', 'frequency': FunctionTransformer(func=<function power_phase_stft at 0x7fdb1d1ef9c0>), 'model': HistGradientBoostingRegressor(early_stopping=True, max_iter=10000,
                              n_iter_no_change=100, random_state=42,
                              scoring='neg_root_mean_squared_error'), 'model__l2_regularization': 200, 'model__learning_rate': 0.02, 'model__loss': 'absolute_error', 'model__max_bins': 32, 'model__max_depth': 3, 'model__max_features': 0.2, 'model__max_leaf_nodes': 255, 'model__min_samples_leaf': 1600, 'reshape': FunctionTransformer(func=<function reshape at 0x7fdb1d1c0360>), 'second_scale': 'passthrough'}",0.08606665323629048,0.08606665323629048,0.0,1,0.2155371787376691,0.2155371787376691,0.0,0.9559986123231087,0.8856990579549754
0,32703.0632212162,0.0,61.0357882976532,0.0,passthrough,power_phase_stft,"HistGradientBoostingRegressor(early_stopping=True, max_iter=10000,
                              n_iter_no_change=100, random_state=42,
                              scoring='neg_root_mean_squared_error')",1,0.005,squared_error,63,None,0.01,255,12000,FunctionTransformer(func=<function reshape at 0x7fdb1d1c0360>),passthrough,"{'first_scale': 'passthrough', 'frequency': FunctionTransformer(func=<function power_phase_stft at 0x7fdb1d1ef9c0>), 'model': HistGradientBoostingRegressor(early_stopping=True, max_iter=10000,
                              n_iter_no_change=100, random_state=42,
                              scoring='neg_root_mean_squared_error'), 'model__l2_regularization': 1, 'model__learning_rate': 0.005, 'model__loss': 'squared_error', 'model__max_bins': 63, 'model__max_depth': None, 'model__max_features': 0.01, 'model__max_leaf_nodes': 255, 'model__min_samples_leaf': 12000, 'reshape': FunctionTransformer(func=<function reshape at 0x7fdb1d1c0360>), 'second_scale': 'passthrough'}",0.08540144953205464,0.08540144953205464,0.0,1,0.15708695607125844,0.15708695607125844,0.0,0.9563464594319077,0.9181029593290404
0,32009.041996717453,0.0,68.04210186004639,0.0,passthrough,power_phase_stft,"HistGradientBoostingRegressor(early_stopping=True, max_iter=10000,
                              n_iter_no_change=100, random_state=42,
                              scoring='neg_root_mean_squared_error')",50,0.02,absolute_error,32,3,0.5,127,6400,FunctionTransformer(func=<function reshape at 0x7fdb1d1c0360>),passthrough,"{'first_scale': 'passthrough', 'frequency': FunctionTransformer(func=<function power_phase_stft at 0x7fdb1d1ef9c0>), 'model': HistGradientBoostingRegressor(early_stopping=True, max_iter=10000,
                              n_iter_no_change=100, random_state=42,
                              scoring='neg_root_mean_squared_error'), 'model__l2_regularization': 50, 'model__learning_rate': 0.02, 'model__loss': 'absolute_error', 'model__max_bins': 32, 'model__max_depth': 3, 'model__max_features': 0.5, 'model__max_leaf_nodes': 127, 'model__min_samples_leaf': 6400, 'reshape': FunctionTransformer(func=<function reshape at 0x7fdb1d1c0360>), 'second_scale': 'passthrough'}",0.08574676690199601,0.08574676690199601,0.0,1,0.18828649577859313,0.18828649577859313,0.0,0.956165902497053,0.9009514438755325
0,32115.475910186768,0.0,67.74154376983643,0.0,passthrough,power_phase_stft,"HistGradientBoostingRegressor(early_stopping=True, max_iter=10000,
                              n_iter_no_change=100, random_state=42,
                              scoring='neg_root_mean_squared_error')",50,0.05,absolute_error,32,3,1.0,255,6400,FunctionTransformer(func=<function reshape at 0x7fdb1d1c0360>),passthrough,"{'first_scale': 'passthrough', 'frequency': FunctionTransformer(func=<function power_phase_stft at 0x7fdb1d1ef9c0>), 'model': HistGradientBoostingRegressor(early_stopping=True, max_iter=10000,
                              n_iter_no_change=100, random_state=42,
                              scoring='neg_root_mean_squared_error'), 'model__l2_regularization': 50, 'model__learning_rate': 0.05, 'model__loss': 'absolute_error', 'model__max_bins': 32, 'model__max_depth': 3, 'model__max_features': 1.0, 'model__max_leaf_nodes': 255, 'model__min_samples_leaf': 6400, 'reshape': FunctionTransformer(func=<function reshape at 0x7fdb1d1c0360>), 'second_scale': 'passthrough'}",0.08568613095928801,0.08568613095928801,0.0,1,0.21376066247882552,0.21376066247882552,0.0,0.9561976098279644,0.8867013801281548
0,31975.9170024395,0.0,88.12100958824158,0.0,passthrough,power_phase_stft,"HistGradientBoostingRegressor(early_stopping=True, max_iter=10000,
                              n_iter_no_change=100, random_state=42,
                              scoring='neg_root_mean_squared_error')",50,0.03,squared_error,63,6,0.005,127,3200,FunctionTransformer(func=<function reshape at 0x7fdb1d1c0360>),passthrough,"{'first_scale': 'passthrough', 'frequency': FunctionTransformer(func=<function power_phase_stft at 0x7fdb1d1ef9c0>), 'model': HistGradientBoostingRegressor(early_stopping=True, max_iter=10000,
                              n_iter_no_change=100, random_state=42,
                              scoring='neg_root_mean_squared_error'), 'model__l2_regularization': 50, 'model__learning_rate': 0.03, 'model__loss': 'squared_error', 'model__max_bins': 63, 'model__max_depth': 6, 'model__max_features': 0.005, 'model__max_leaf_nodes': 127, 'model__min_samples_leaf': 3200, 'reshape': FunctionTransformer(func=<function reshape at 0x7fdb1d1c0360>), 'second_scale': 'passthrough'}",0.08320399040652504,0.08320399040652504,0.0,1,0.5240981797211963,0.5240981797211963,0.0,0.9574946525142973,0.689856376558776
0,31454.180020093918,0.0,64.65799927711487,0.0,passthrough,power_phase_stft,"HistGradientBoostingRegressor(early_stopping=True, max_iter=10000,
                              n_iter_no_change=100, random_state=42,
                              scoring='neg_root_mean_squared_error')",50,0.03,absolute_error,32,3,0.5,255,6400,FunctionTransformer(func=<function reshape at 0x7fdb1d1c0360>),passthrough,"{'first_scale': 'passthrough', 'frequency': FunctionTransformer(func=<function power_phase_stft at 0x7fdb1d1ef9c0>), 'model': HistGradientBoostingRegressor(early_stopping=True, max_iter=10000,
                              n_iter_no_change=100, random_state=42,
                              scoring='neg_root_mean_squared_error'), 'model__l2_regularization': 50, 'model__learning_rate': 0.03, 'model__loss': 'absolute_error', 'model__max_bins': 32, 'model__max_depth': 3, 'model__max_features': 0.5, 'model__max_leaf_nodes': 255, 'model__min_samples_leaf': 6400, 'reshape': FunctionTransformer(func=<function reshape at 0x7fdb1d1c0360>), 'second_scale': 'passthrough'}",0.0863202647754282,0.0863202647754282,0.0,1,0.19890380095823346,0.19890380095823346,0.0,0.955865960909045,0.8950397751171545
0,32878.29722118378,0.0,62.85806918144226,0.0,passthrough,power_phase_stft,"HistGradientBoostingRegressor(early_stopping=True, max_iter=10000,
                              n_iter_no_change=100, random_state=42,
                              scoring='neg_root_mean_squared_error')",1,0.005,squared_error,63,None,0.01,127,12000,FunctionTransformer(func=<function reshape at 0x7fdb1d1c0360>),passthrough,"{'first_scale': 'passthrough', 'frequency': FunctionTransformer(func=<function power_phase_stft at 0x7fdb1d1ef9c0>), 'model': HistGradientBoostingRegressor(early_stopping=True, max_iter=10000,
                              n_iter_no_change=100, random_state=42,
                              scoring='neg_root_mean_squared_error'), 'model__l2_regularization': 1, 'model__learning_rate': 0.005, 'model__loss': 'squared_error', 'model__max_bins': 63, 'model__max_depth': None, 'model__max_features': 0.01, 'model__max_leaf_nodes': 127, 'model__min_samples_leaf': 12000, 'reshape': FunctionTransformer(func=<function reshape at 0x7fdb1d1c0360>), 'second_scale': 'passthrough'}",0.08540144953205464,0.08540144953205464,0.0,1,0.15708695607125844,0.15708695607125844,0.0,0.9563464594319077,0.9181029593290404
0,23113.745363473892,0.0,65.97670650482178,0.0,passthrough,power_phase_stft,"HistGradientBoostingRegressor(early_stopping=True, max_iter=10000,
                              n_iter_no_change=100, random_state=42,
                              scoring='neg_root_mean_squared_error')",10,0.05,absolute_error,32,3,0.2,255,1600,FunctionTransformer(func=<function reshape at 0x7fdb1d1c0360>),passthrough,"{'first_scale': 'passthrough', 'frequency': FunctionTransformer(func=<function power_phase_stft at 0x7fdb1d1ef9c0>), 'model': HistGradientBoostingRegressor(early_stopping=True, max_iter=10000,
                              n_iter_no_change=100, random_state=42,
                              scoring='neg_root_mean_squared_error'), 'model__l2_regularization': 10, 'model__learning_rate': 0.05, 'model__loss': 'absolute_error', 'model__max_bins': 32, 'model__max_depth': 3, 'model__max_features': 0.2, 'model__max_leaf_nodes': 255, 'model__min_samples_leaf': 1600, 'reshape': FunctionTransformer(func=<function reshape at 0x7fdb1d1c0360>), 'second_scale': 'passthrough'}",0.08560472060239743,0.08560472060239743,0.0,1,0.2396466674664467,0.2396466674664467,0.0,0.9562401787195529,0.8719824152662445
0,16680.105858802795,0.0,57.0247004032135,0.0,passthrough,power_phase_stft,"HistGradientBoostingRegressor(early_stopping=True, max_iter=10000,
                              n_iter_no_change=100, random_state=42,
                              scoring='neg_root_mean_squared_error')",200,0.05,absolute_error,32,3,0.2,127,6400,FunctionTransformer(func=<function reshape at 0x7fdb1d1c0360>),passthrough,"{'first_scale': 'passthrough', 'frequency': FunctionTransformer(func=<function power_phase_stft at 0x7fdb1d1ef9c0>), 'model': HistGradientBoostingRegressor(early_stopping=True, max_iter=10000,
                              n_iter_no_change=100, random_state=42,
                              scoring='neg_root_mean_squared_error'), 'model__l2_regularization': 200, 'model__learning_rate': 0.05, 'model__loss': 'absolute_error', 'model__max_bins': 32, 'model__max_depth': 3, 'model__max_features': 0.2, 'model__max_leaf_nodes': 127, 'model__min_samples_leaf': 6400, 'reshape': FunctionTransformer(func=<function reshape at 0x7fdb1d1c0360>), 'second_scale': 'passthrough'}",0.08511007844143403,0.08511007844143403,0.0,1,0.18793731312419315,0.18793731312419315,0.0,0.9564987828317222,0.9011452085406696
0,35662.24101257324,0.0,101.10179042816162,0.0,passthrough,power_phase_stft,"HistGradientBoostingRegressor(early_stopping=True, max_iter=10000,
                              n_iter_no_change=100, random_state=42,
                              scoring='neg_root_mean_squared_error')",10,0.03,squared_error,63,3,0.005,63,1600,FunctionTransformer(func=<function reshape at 0x7fdb1d1c0360>),passthrough,"{'first_scale': 'passthrough', 'frequency': FunctionTransformer(func=<function power_phase_stft at 0x7fdb1d1ef9c0>), 'model': HistGradientBoostingRegressor(early_stopping=True, max_iter=10000,
                              n_iter_no_change=100, random_state=42,
                              scoring='neg_root_mean_squared_error'), 'model__l2_regularization': 10, 'model__learning_rate': 0.03, 'model__loss': 'squared_error', 'model__max_bins': 63, 'model__max_depth': 3, 'model__max_features': 0.005, 'model__max_leaf_nodes': 63, 'model__min_samples_leaf': 1600, 'reshape': FunctionTransformer(func=<function reshape at 0x7fdb1d1c0360>), 'second_scale': 'passthrough'}",0.0818764273330218,0.0818764273330218,0.0,1,0.4249563607877077,0.4249563607877077,0.0,0.958187650028416,0.7583163187036741
0,31755.935822963715,0.0,67.25854182243347,0.0,passthrough,power_phase_stft,"HistGradientBoostingRegressor(early_stopping=True, max_iter=10000,
                              n_iter_no_change=100, random_state=42,
                              scoring='neg_root_mean_squared_error')",50,0.05,absolute_error,32,3,0.5,127,6400,FunctionTransformer(func=<function reshape at 0x7fdb1d1c0360>),passthrough,"{'first_scale': 'passthrough', 'frequency': FunctionTransformer(func=<function power_phase_stft at 0x7fdb1d1ef9c0>), 'model': HistGradientBoostingRegressor(early_stopping=True, max_iter=10000,
                              n_iter_no_change=100, random_state=42,
                              scoring='neg_root_mean_squared_error'), 'model__l2_regularization': 50, 'model__learning_rate': 0.05, 'model__loss': 'absolute_error', 'model__max_bins': 32, 'model__max_depth': 3, 'model__max_features': 0.5, 'model__max_leaf_nodes': 127, 'model__min_samples_leaf': 6400, 'reshape': FunctionTransformer(func=<function reshape at 0x7fdb1d1c0360>), 'second_scale': 'passthrough'}",0.08563861358841773,0.08563861358841773,0.0,1,0.21169419988198468,0.21169419988198468,0.0,0.9562224565505572,0.8878658683145869
0,30905.74538230896,0.0,54.7773859500885,0.0,passthrough,power_phase_stft,"HistGradientBoostingRegressor(early_stopping=True, max_iter=10000,
                              n_iter_no_change=100, random_state=42,
                              scoring='neg_root_mean_squared_error')",10,0.03,absolute_error,32,3,1.0,255,6400,FunctionTransformer(func=<function reshape at 0x7fdb1d1c0360>),passthrough,"{'first_scale': 'passthrough', 'frequency': FunctionTransformer(func=<function power_phase_stft at 0x7fdb1d1ef9c0>), 'model': HistGradientBoostingRegressor(early_stopping=True, max_iter=10000,
                              n_iter_no_change=100, random_state=42,
                              scoring='neg_root_mean_squared_error'), 'model__l2_regularization': 10, 'model__learning_rate': 0.03, 'model__loss': 'absolute_error', 'model__max_bins': 32, 'model__max_depth': 3, 'model__max_features': 1.0, 'model__max_leaf_nodes': 255, 'model__min_samples_leaf': 6400, 'reshape': FunctionTransformer(func=<function reshape at 0x7fdb1d1c0360>), 'second_scale': 'passthrough'}",0.08636248349796583,0.08636248349796583,0.0,1,0.2003813391724254,0.2003813391724254,0.0,0.9558438766357371,0.8942139905121003
0,29893.205024003983,0.0,73.5105402469635,0.0,passthrough,power_phase_stft,"HistGradientBoostingRegressor(early_stopping=True, max_iter=10000,
                              n_iter_no_change=100, random_state=42,
                              scoring='neg_root_mean_squared_error')",200,0.03,squared_error,63,6,0.005,63,3200,FunctionTransformer(func=<function reshape at 0x7fdb1d1c0360>),passthrough,"{'first_scale': 'passthrough', 'frequency': FunctionTransformer(func=<function power_phase_stft at 0x7fdb1d1ef9c0>), 'model': HistGradientBoostingRegressor(early_stopping=True, max_iter=10000,
                              n_iter_no_change=100, random_state=42,
                              scoring='neg_root_mean_squared_error'), 'model__l2_regularization': 200, 'model__learning_rate': 0.03, 'model__loss': 'squared_error', 'model__max_bins': 63, 'model__max_depth': 6, 'model__max_features': 0.005, 'model__max_leaf_nodes': 63, 'model__min_samples_leaf': 3200, 'reshape': FunctionTransformer(func=<function reshape at 0x7fdb1d1c0360>), 'second_scale': 'passthrough'}",0.0803724237533906,0.0803724237533906,0.0,1,0.56142176522524,0.56142176522524,0.0,0.9589721457094619,0.6622523950691005
0,33615.35715317726,0.0,68.40807747840881,0.0,passthrough,power_phase_stft,"HistGradientBoostingRegressor(early_stopping=True, max_iter=10000,
                              n_iter_no_change=100, random_state=42,
                              scoring='neg_root_mean_squared_error')",200,0.02,absolute_error,32,3,1.0,127,3200,FunctionTransformer(func=<function reshape at 0x7fdb1d1c0360>),passthrough,"{'first_scale': 'passthrough', 'frequency': FunctionTransformer(func=<function power_phase_stft at 0x7fdb1d1ef9c0>), 'model': HistGradientBoostingRegressor(early_stopping=True, max_iter=10000,
                              n_iter_no_change=100, random_state=42,
                              scoring='neg_root_mean_squared_error'), 'model__l2_regularization': 200, 'model__learning_rate': 0.02, 'model__loss': 'absolute_error', 'model__max_bins': 32, 'model__max_depth': 3, 'model__max_features': 1.0, 'model__max_leaf_nodes': 127, 'model__min_samples_leaf': 3200, 'reshape': FunctionTransformer(func=<function reshape at 0x7fdb1d1c0360>), 'second_scale': 'passthrough'}",0.08681430680567814,0.08681430680567814,0.0,1,0.20805847037825975,0.20805847037825975,0.0,0.9556074995490156,0.8899109672443307
0,31592.54916024208,0.0,69.92002463340759,0.0,passthrough,power_phase_stft,"HistGradientBoostingRegressor(early_stopping=True, max_iter=10000,
                              n_iter_no_change=100, random_state=42,
                              scoring='neg_root_mean_squared_error')",50,0.03,absolute_error,32,3,1.0,127,6400,FunctionTransformer(func=<function reshape at 0x7fdb1d1c0360>),passthrough,"{'first_scale': 'passthrough', 'frequency': FunctionTransformer(func=<function power_phase_stft at 0x7fdb1d1ef9c0>), 'model': HistGradientBoostingRegressor(early_stopping=True, max_iter=10000,
                              n_iter_no_change=100, random_state=42,
                              scoring='neg_root_mean_squared_error'), 'model__l2_regularization': 50, 'model__learning_rate': 0.03, 'model__loss': 'absolute_error', 'model__max_bins': 32, 'model__max_depth': 3, 'model__max_features': 1.0, 'model__max_leaf_nodes': 127, 'model__min_samples_leaf': 6400, 'reshape': FunctionTransformer(func=<function reshape at 0x7fdb1d1c0360>), 'second_scale': 'passthrough'}",0.08590870562082142,0.08590870562082142,0.0,1,0.20055535756148468,0.20055535756148468,0.0,0.9560812174596772,0.8941166827872721
0,29142.438344717026,0.0,89.3663763999939,0.0,passthrough,power_phase_stft,"HistGradientBoostingRegressor(early_stopping=True, max_iter=10000,
                              n_iter_no_change=100, random_state=42,
                              scoring='neg_root_mean_squared_error')",50,0.03,squared_error,63,3,0.005,127,3200,FunctionTransformer(func=<function reshape at 0x7fdb1d1c0360>),passthrough,"{'first_scale': 'passthrough', 'frequency': FunctionTransformer(func=<function power_phase_stft at 0x7fdb1d1ef9c0>), 'model': HistGradientBoostingRegressor(early_stopping=True, max_iter=10000,
                              n_iter_no_change=100, random_state=42,
                              scoring='neg_root_mean_squared_error'), 'model__l2_regularization': 50, 'model__learning_rate': 0.03, 'model__loss': 'squared_error', 'model__max_bins': 63, 'model__max_depth': 3, 'model__max_features': 0.005, 'model__max_leaf_nodes': 127, 'model__min_samples_leaf': 3200, 'reshape': FunctionTransformer(func=<function reshape at 0x7fdb1d1c0360>), 'second_scale': 'passthrough'}",0.08253577397659995,0.08253577397659995,0.0,1,0.3811521865338613,0.3811521865338613,0.0,0.95784352898759,0.7866688079911004
0,32614.49806690216,0.0,69.76587653160095,0.0,passthrough,power_phase_stft,"HistGradientBoostingRegressor(early_stopping=True, max_iter=10000,
                              n_iter_no_change=100, random_state=42,
                              scoring='neg_root_mean_squared_error')",50,0.05,absolute_error,32,3,0.2,255,3200,FunctionTransformer(func=<function reshape at 0x7fdb1d1c0360>),passthrough,"{'first_scale': 'passthrough', 'frequency': FunctionTransformer(func=<function power_phase_stft at 0x7fdb1d1ef9c0>), 'model': HistGradientBoostingRegressor(early_stopping=True, max_iter=10000,
                              n_iter_no_change=100, random_state=42,
                              scoring='neg_root_mean_squared_error'), 'model__l2_regularization': 50, 'model__learning_rate': 0.05, 'model__loss': 'absolute_error', 'model__max_bins': 32, 'model__max_depth': 3, 'model__max_features': 0.2, 'model__max_leaf_nodes': 255, 'model__min_samples_leaf': 3200, 'reshape': FunctionTransformer(func=<function reshape at 0x7fdb1d1c0360>), 'second_scale': 'passthrough'}",0.08613435537236869,0.08613435537236869,0.0,1,0.23161321272394242,0.23161321272394242,0.0,0.955963202548943,0.8765767435176783
0,33469.58047699928,0.0,66.7677309513092,0.0,passthrough,power_phase_stft,"HistGradientBoostingRegressor(early_stopping=True, max_iter=10000,
                              n_iter_no_change=100, random_state=42,
                              scoring='neg_root_mean_squared_error')",50,0.03,absolute_error,32,3,1.0,127,1600,FunctionTransformer(func=<function reshape at 0x7fdb1d1c0360>),passthrough,"{'first_scale': 'passthrough', 'frequency': FunctionTransformer(func=<function power_phase_stft at 0x7fdb1d1ef9c0>), 'model': HistGradientBoostingRegressor(early_stopping=True, max_iter=10000,
                              n_iter_no_change=100, random_state=42,
                              scoring='neg_root_mean_squared_error'), 'model__l2_regularization': 50, 'model__learning_rate': 0.03, 'model__loss': 'absolute_error', 'model__max_bins': 32, 'model__max_depth': 3, 'model__max_features': 1.0, 'model__max_leaf_nodes': 127, 'model__min_samples_leaf': 1600, 'reshape': FunctionTransformer(func=<function reshape at 0x7fdb1d1c0360>), 'second_scale': 'passthrough'}",0.08588900914227549,0.08588900914227549,0.0,1,0.235763341488337,0.235763341488337,0.0,0.9560915180346098,0.8742063020315416
0,23338.91875576973,0.0,59.75317621231079,0.0,passthrough,power_phase_stft,"HistGradientBoostingRegressor(early_stopping=True, max_iter=10000,
                              n_iter_no_change=100, random_state=42,
                              scoring='neg_root_mean_squared_error')",10,0.05,absolute_error,32,3,0.2,127,3200,FunctionTransformer(func=<function reshape at 0x7fdb1d1c0360>),passthrough,"{'first_scale': 'passthrough', 'frequency': FunctionTransformer(func=<function power_phase_stft at 0x7fdb1d1ef9c0>), 'model': HistGradientBoostingRegressor(early_stopping=True, max_iter=10000,
                              n_iter_no_change=100, random_state=42,
                              scoring='neg_root_mean_squared_error'), 'model__l2_regularization': 10, 'model__learning_rate': 0.05, 'model__loss': 'absolute_error', 'model__max_bins': 32, 'model__max_depth': 3, 'model__max_features': 0.2, 'model__max_leaf_nodes': 127, 'model__min_samples_leaf': 3200, 'reshape': FunctionTransformer(func=<function reshape at 0x7fdb1d1c0360>), 'second_scale': 'passthrough'}",0.08593332029492506,0.08593332029492506,0.0,1,0.22330851465776513,0.22330851465776513,0.0,0.9560683446830959,0.8813010185755119
0,32653.392086029053,0.0,93.02149701118469,0.0,passthrough,power_phase_stft,"HistGradientBoostingRegressor(early_stopping=True, max_iter=10000,
                              n_iter_no_change=100, random_state=42,
                              scoring='neg_root_mean_squared_error')",10,0.015,squared_error,63,3,0.005,127,3200,FunctionTransformer(func=<function reshape at 0x7fdb1d1c0360>),passthrough,"{'first_scale': 'passthrough', 'frequency': FunctionTransformer(func=<function power_phase_stft at 0x7fdb1d1ef9c0>), 'model': HistGradientBoostingRegressor(early_stopping=True, max_iter=10000,
                              n_iter_no_change=100, random_state=42,
                              scoring='neg_root_mean_squared_error'), 'model__l2_regularization': 10, 'model__learning_rate': 0.015, 'model__loss': 'squared_error', 'model__max_bins': 63, 'model__max_depth': 3, 'model__max_features': 0.005, 'model__max_leaf_nodes': 127, 'model__min_samples_leaf': 3200, 'reshape': FunctionTransformer(func=<function reshape at 0x7fdb1d1c0360>), 'second_scale': 'passthrough'}",0.08727684619183163,0.08727684619183163,0.0,1,0.31228792574093434,0.31228792574093434,0.0,0.9553654556284565,0.8292840733181035
0,30896.354833841324,0.0,92.58219051361084,0.0,passthrough,power_phase_stft,"HistGradientBoostingRegressor(early_stopping=True, max_iter=10000,
                              n_iter_no_change=100, random_state=42,
                              scoring='neg_root_mean_squared_error')",10,0.03,squared_error,63,3,0.005,127,3200,FunctionTransformer(func=<function reshape at 0x7fdb1d1c0360>),passthrough,"{'first_scale': 'passthrough', 'frequency': FunctionTransformer(func=<function power_phase_stft at 0x7fdb1d1ef9c0>), 'model': HistGradientBoostingRegressor(early_stopping=True, max_iter=10000,
                              n_iter_no_change=100, random_state=42,
                              scoring='neg_root_mean_squared_error'), 'model__l2_regularization': 10, 'model__learning_rate': 0.03, 'model__loss': 'squared_error', 'model__max_bins': 63, 'model__max_depth': 3, 'model__max_features': 0.005, 'model__max_leaf_nodes': 127, 'model__min_samples_leaf': 3200, 'reshape': FunctionTransformer(func=<function reshape at 0x7fdb1d1c0360>), 'second_scale': 'passthrough'}",0.08290493234874452,0.08290493234874452,0.0,1,0.3603263547969433,0.3603263547969433,0.0,0.9576508067407741,0.7997960022424823
0,22620.010155439377,0.0,50.27803325653076,0.0,passthrough,power_phase_stft,"HistGradientBoostingRegressor(early_stopping=True, max_iter=10000,
                              n_iter_no_change=100, random_state=42,
                              scoring='neg_root_mean_squared_error')",10,0.05,absolute_error,32,3,0.2,255,3200,FunctionTransformer(func=<function reshape at 0x7fdb1d1c0360>),passthrough,"{'first_scale': 'passthrough', 'frequency': FunctionTransformer(func=<function power_phase_stft at 0x7fdb1d1ef9c0>), 'model': HistGradientBoostingRegressor(early_stopping=True, max_iter=10000,
                              n_iter_no_change=100, random_state=42,
                              scoring='neg_root_mean_squared_error'), 'model__l2_regularization': 10, 'model__learning_rate': 0.05, 'model__loss': 'absolute_error', 'model__max_bins': 32, 'model__max_depth': 3, 'model__max_features': 0.2, 'model__max_leaf_nodes': 255, 'model__min_samples_leaf': 3200, 'reshape': FunctionTransformer(func=<function reshape at 0x7fdb1d1c0360>), 'second_scale': 'passthrough'}",0.08593332029492506,0.08593332029492506,0.0,1,0.22330851465776513,0.22330851465776513,0.0,0.9560683446830959,0.8813010185755119
0,18205.433930158615,0.0,50.40268564224243,0.0,passthrough,power_phase_stft,"HistGradientBoostingRegressor(early_stopping=True, max_iter=10000,
                              n_iter_no_change=100, random_state=42,
                              scoring='neg_root_mean_squared_error')",10,0.05,absolute_error,32,3,0.5,255,1600,FunctionTransformer(func=<function reshape at 0x7fdb1d1c0360>),passthrough,"{'first_scale': 'passthrough', 'frequency': FunctionTransformer(func=<function power_phase_stft at 0x7fdb1d1ef9c0>), 'model': HistGradientBoostingRegressor(early_stopping=True, max_iter=10000,
                              n_iter_no_change=100, random_state=42,
                              scoring='neg_root_mean_squared_error'), 'model__l2_regularization': 10, 'model__learning_rate': 0.05, 'model__loss': 'absolute_error', 'model__max_bins': 32, 'model__max_depth': 3, 'model__max_features': 0.5, 'model__max_leaf_nodes': 255, 'model__min_samples_leaf': 1600, 'reshape': FunctionTransformer(func=<function reshape at 0x7fdb1d1c0360>), 'second_scale': 'passthrough'}",0.08534801109641754,0.08534801109641754,0.0,1,0.23528305033337016,0.23528305033337016,0.0,0.9563743978712429,0.8744809601510086
0,33392.14632320404,0.0,70.48828792572021,0.0,passthrough,power_phase_stft,"HistGradientBoostingRegressor(early_stopping=True, max_iter=10000,
                              n_iter_no_change=100, random_state=42,
                              scoring='neg_root_mean_squared_error')",200,0.03,absolute_error,32,3,1.0,127,1600,FunctionTransformer(func=<function reshape at 0x7fdb1d1c0360>),passthrough,"{'first_scale': 'passthrough', 'frequency': FunctionTransformer(func=<function power_phase_stft at 0x7fdb1d1ef9c0>), 'model': HistGradientBoostingRegressor(early_stopping=True, max_iter=10000,
                              n_iter_no_change=100, random_state=42,
                              scoring='neg_root_mean_squared_error'), 'model__l2_regularization': 200, 'model__learning_rate': 0.03, 'model__loss': 'absolute_error', 'model__max_bins': 32, 'model__max_depth': 3, 'model__max_features': 1.0, 'model__max_leaf_nodes': 127, 'model__min_samples_leaf': 1600, 'reshape': FunctionTransformer(func=<function reshape at 0x7fdb1d1c0360>), 'second_scale': 'passthrough'}",0.08690412040588391,0.08690412040588391,0.0,1,0.23395896270120298,0.23395896270120298,0.0,0.9555605054595528,0.8752377033119614
0,30006.947350502014,0.0,73.9039216041565,0.0,passthrough,power_phase_stft,"HistGradientBoostingRegressor(early_stopping=True, max_iter=10000,
                              n_iter_no_change=100, random_state=42,
                              scoring='neg_root_mean_squared_error')",200,0.03,squared_error,63,6,0.005,127,3200,FunctionTransformer(func=<function reshape at 0x7fdb1d1c0360>),passthrough,"{'first_scale': 'passthrough', 'frequency': FunctionTransformer(func=<function power_phase_stft at 0x7fdb1d1ef9c0>), 'model': HistGradientBoostingRegressor(early_stopping=True, max_iter=10000,
                              n_iter_no_change=100, random_state=42,
                              scoring='neg_root_mean_squared_error'), 'model__l2_regularization': 200, 'model__learning_rate': 0.03, 'model__loss': 'squared_error', 'model__max_bins': 63, 'model__max_depth': 6, 'model__max_features': 0.005, 'model__max_leaf_nodes': 127, 'model__min_samples_leaf': 3200, 'reshape': FunctionTransformer(func=<function reshape at 0x7fdb1d1c0360>), 'second_scale': 'passthrough'}",0.0803724237533906,0.0803724237533906,0.0,1,0.56142176522524,0.56142176522524,0.0,0.9589721457094619,0.6622523950691005
0,31706.372150421143,0.0,63.91233944892883,0.0,passthrough,power_phase_stft,"HistGradientBoostingRegressor(early_stopping=True, max_iter=10000,
                              n_iter_no_change=100, random_state=42,
                              scoring='neg_root_mean_squared_error')",10,0.05,absolute_error,32,3,0.5,255,3200,FunctionTransformer(func=<function reshape at 0x7fdb1d1c0360>),passthrough,"{'first_scale': 'passthrough', 'frequency': FunctionTransformer(func=<function power_phase_stft at 0x7fdb1d1ef9c0>), 'model': HistGradientBoostingRegressor(early_stopping=True, max_iter=10000,
                              n_iter_no_change=100, random_state=42,
                              scoring='neg_root_mean_squared_error'), 'model__l2_regularization': 10, 'model__learning_rate': 0.05, 'model__loss': 'absolute_error', 'model__max_bins': 32, 'model__max_depth': 3, 'model__max_features': 0.5, 'model__max_leaf_nodes': 255, 'model__min_samples_leaf': 3200, 'reshape': FunctionTransformer(func=<function reshape at 0x7fdb1d1c0360>), 'second_scale': 'passthrough'}",0.0862852248157101,0.0862852248157101,0.0,1,0.23411577217622714,0.23411577217622714,0.0,0.9558842896419472,0.8751481176485343
0,31712.235463142395,0.0,67.31381702423096,0.0,passthrough,power_phase_stft,"HistGradientBoostingRegressor(early_stopping=True, max_iter=10000,
                              n_iter_no_change=100, random_state=42,
                              scoring='neg_root_mean_squared_error')",200,0.03,absolute_error,32,3,1.0,127,6400,FunctionTransformer(func=<function reshape at 0x7fdb1d1c0360>),passthrough,"{'first_scale': 'passthrough', 'frequency': FunctionTransformer(func=<function power_phase_stft at 0x7fdb1d1ef9c0>), 'model': HistGradientBoostingRegressor(early_stopping=True, max_iter=10000,
                              n_iter_no_change=100, random_state=42,
                              scoring='neg_root_mean_squared_error'), 'model__l2_regularization': 200, 'model__learning_rate': 0.03, 'model__loss': 'absolute_error', 'model__max_bins': 32, 'model__max_depth': 3, 'model__max_features': 1.0, 'model__max_leaf_nodes': 127, 'model__min_samples_leaf': 6400, 'reshape': FunctionTransformer(func=<function reshape at 0x7fdb1d1c0360>), 'second_scale': 'passthrough'}",0.08710612956201991,0.08710612956201991,0.0,1,0.20110044425938667,0.20110044425938667,0.0,0.9554547976947837,0.8938118122628573
0,32949.92335033417,0.0,63.000176429748535,0.0,passthrough,power_phase_stft,"HistGradientBoostingRegressor(early_stopping=True, max_iter=10000,
                              n_iter_no_change=100, random_state=42,
                              scoring='neg_root_mean_squared_error')",5,0.0075,squared_error,63,None,0.01,127,12000,FunctionTransformer(func=<function reshape at 0x7fdb1d1c0360>),passthrough,"{'first_scale': 'passthrough', 'frequency': FunctionTransformer(func=<function power_phase_stft at 0x7fdb1d1ef9c0>), 'model': HistGradientBoostingRegressor(early_stopping=True, max_iter=10000,
                              n_iter_no_change=100, random_state=42,
                              scoring='neg_root_mean_squared_error'), 'model__l2_regularization': 5, 'model__learning_rate': 0.0075, 'model__loss': 'squared_error', 'model__max_bins': 63, 'model__max_depth': None, 'model__max_features': 0.01, 'model__max_leaf_nodes': 127, 'model__min_samples_leaf': 12000, 'reshape': FunctionTransformer(func=<function reshape at 0x7fdb1d1c0360>), 'second_scale': 'passthrough'}",0.08836742961920208,0.08836742961920208,0.0,1,0.18450112022116139,0.18450112022116139,0.0,0.9547945173600433,0.903049765948056
0,32592.065012216568,0.0,72.31911015510559,0.0,passthrough,power_phase_stft,"HistGradientBoostingRegressor(early_stopping=True, max_iter=10000,
                              n_iter_no_change=100, random_state=42,
                              scoring='neg_root_mean_squared_error')",50,0.03,absolute_error,32,3,0.5,255,3200,FunctionTransformer(func=<function reshape at 0x7fdb1d1c0360>),passthrough,"{'first_scale': 'passthrough', 'frequency': FunctionTransformer(func=<function power_phase_stft at 0x7fdb1d1ef9c0>), 'model': HistGradientBoostingRegressor(early_stopping=True, max_iter=10000,
                              n_iter_no_change=100, random_state=42,
                              scoring='neg_root_mean_squared_error'), 'model__l2_regularization': 50, 'model__learning_rate': 0.03, 'model__loss': 'absolute_error', 'model__max_bins': 32, 'model__max_depth': 3, 'model__max_features': 0.5, 'model__max_leaf_nodes': 255, 'model__min_samples_leaf': 3200, 'reshape': FunctionTransformer(func=<function reshape at 0x7fdb1d1c0360>), 'second_scale': 'passthrough'}",0.08601101465911787,0.08601101465911787,0.0,1,0.2195800071826962,0.2195800071826962,0.0,0.956027711596731,0.8834138287446625
0,32812.99446415901,0.0,95.03321528434753,0.0,passthrough,power_phase_stft,"HistGradientBoostingRegressor(early_stopping=True, max_iter=10000,
                              n_iter_no_change=100, random_state=42,
                              scoring='neg_root_mean_squared_error')",400,0.025,squared_error,63,3,0.005,127,1600,FunctionTransformer(func=<function reshape at 0x7fdb1d1c0360>),passthrough,"{'first_scale': 'passthrough', 'frequency': FunctionTransformer(func=<function power_phase_stft at 0x7fdb1d1ef9c0>), 'model': HistGradientBoostingRegressor(early_stopping=True, max_iter=10000,
                              n_iter_no_change=100, random_state=42,
                              scoring='neg_root_mean_squared_error'), 'model__l2_regularization': 400, 'model__learning_rate': 0.025, 'model__loss': 'squared_error', 'model__max_bins': 63, 'model__max_depth': 3, 'model__max_features': 0.005, 'model__max_leaf_nodes': 127, 'model__min_samples_leaf': 1600, 'reshape': FunctionTransformer(func=<function reshape at 0x7fdb1d1c0360>), 'second_scale': 'passthrough'}",0.08513490222051268,0.08513490222051268,0.0,1,0.37104045295074084,0.37104045295074084,0.0,0.9564858063659321,0.7930696987335093
0,32739.304812669754,0.0,70.98869681358337,0.0,passthrough,power_phase_stft,"HistGradientBoostingRegressor(early_stopping=True, max_iter=10000,
                              n_iter_no_change=100, random_state=42,
                              scoring='neg_root_mean_squared_error')",50,0.05,absolute_error,32,3,0.5,255,1600,FunctionTransformer(func=<function reshape at 0x7fdb1d1c0360>),passthrough,"{'first_scale': 'passthrough', 'frequency': FunctionTransformer(func=<function power_phase_stft at 0x7fdb1d1ef9c0>), 'model': HistGradientBoostingRegressor(early_stopping=True, max_iter=10000,
                              n_iter_no_change=100, random_state=42,
                              scoring='neg_root_mean_squared_error'), 'model__l2_regularization': 50, 'model__learning_rate': 0.05, 'model__loss': 'absolute_error', 'model__max_bins': 32, 'model__max_depth': 3, 'model__max_features': 0.5, 'model__max_leaf_nodes': 255, 'model__min_samples_leaf': 1600, 'reshape': FunctionTransformer(func=<function reshape at 0x7fdb1d1c0360>), 'second_scale': 'passthrough'}",0.08541976560285847,0.08541976560285847,0.0,1,0.25165461921827925,0.25165461921827925,0.0,0.9563368833194407,0.865069581468289
0,29585.792157649994,0.0,57.857229232788086,0.0,passthrough,power_phase_stft,"HistGradientBoostingRegressor(early_stopping=True, max_iter=10000,
                              n_iter_no_change=100, random_state=42,
                              scoring='neg_root_mean_squared_error')",200,0.025,squared_error,63,3,0.005,127,1600,FunctionTransformer(func=<function reshape at 0x7fdb1d1c0360>),passthrough,"{'first_scale': 'passthrough', 'frequency': FunctionTransformer(func=<function power_phase_stft at 0x7fdb1d1ef9c0>), 'model': HistGradientBoostingRegressor(early_stopping=True, max_iter=10000,
                              n_iter_no_change=100, random_state=42,
                              scoring='neg_root_mean_squared_error'), 'model__l2_regularization': 200, 'model__learning_rate': 0.025, 'model__loss': 'squared_error', 'model__max_bins': 63, 'model__max_depth': 3, 'model__max_features': 0.005, 'model__max_leaf_nodes': 127, 'model__min_samples_leaf': 1600, 'reshape': FunctionTransformer(func=<function reshape at 0x7fdb1d1c0360>), 'second_scale': 'passthrough'}",0.08344839642889901,0.08344839642889901,0.0,1,0.41494708039921535,0.41494708039921535,0.0,0.9573670161286637,0.7648875208818514
0,31286.43586730957,0.0,64.24867415428162,0.0,passthrough,power_phase_stft,"HistGradientBoostingRegressor(early_stopping=True, max_iter=10000,
                              n_iter_no_change=100, random_state=42,
                              scoring='neg_root_mean_squared_error')",200,0.01,squared_error,63,3,0.005,127,3200,FunctionTransformer(func=<function reshape at 0x7fdb1d1c0360>),passthrough,"{'first_scale': 'passthrough', 'frequency': FunctionTransformer(func=<function power_phase_stft at 0x7fdb1d1ef9c0>), 'model': HistGradientBoostingRegressor(early_stopping=True, max_iter=10000,
                              n_iter_no_change=100, random_state=42,
                              scoring='neg_root_mean_squared_error'), 'model__l2_regularization': 200, 'model__learning_rate': 0.01, 'model__loss': 'squared_error', 'model__max_bins': 63, 'model__max_depth': 3, 'model__max_features': 0.005, 'model__max_leaf_nodes': 127, 'model__min_samples_leaf': 3200, 'reshape': FunctionTransformer(func=<function reshape at 0x7fdb1d1c0360>), 'second_scale': 'passthrough'}",0.08852104642326408,0.08852104642326408,0.0,1,0.2598157791946082,0.2598157791946082,0.0,0.9547140690158158,0.8603395962091899
0,36561.96143078804,0.0,65.13315010070801,0.0,passthrough,power_phase_stft,"HistGradientBoostingRegressor(early_stopping=True, max_iter=10000,
                              n_iter_no_change=100, random_state=42,
                              scoring='neg_root_mean_squared_error')",10,0.03,absolute_error,32,3,0.2,127,6400,FunctionTransformer(func=<function reshape at 0x7fdb1d1c0360>),passthrough,"{'first_scale': 'passthrough', 'frequency': FunctionTransformer(func=<function power_phase_stft at 0x7fdb1d1ef9c0>), 'model': HistGradientBoostingRegressor(early_stopping=True, max_iter=10000,
                              n_iter_no_change=100, random_state=42,
                              scoring='neg_root_mean_squared_error'), 'model__l2_regularization': 10, 'model__learning_rate': 0.03, 'model__loss': 'absolute_error', 'model__max_bins': 32, 'model__max_depth': 3, 'model__max_features': 0.2, 'model__max_leaf_nodes': 127, 'model__min_samples_leaf': 6400, 'reshape': FunctionTransformer(func=<function reshape at 0x7fdb1d1c0360>), 'second_scale': 'passthrough'}",0.0869190880377444,0.0869190880377444,0.0,1,0.19771563727602437,0.19771563727602437,0.0,0.9555526735676352,0.8957032782813601
0,35430.759880781174,0.0,70.10484528541565,0.0,passthrough,power_phase_stft,"HistGradientBoostingRegressor(early_stopping=True, max_iter=10000,
                              n_iter_no_change=100, random_state=42,
                              scoring='neg_root_mean_squared_error')",50,0.02,absolute_error,32,3,0.5,255,1600,FunctionTransformer(func=<function reshape at 0x7fdb1d1c0360>),passthrough,"{'first_scale': 'passthrough', 'frequency': FunctionTransformer(func=<function power_phase_stft at 0x7fdb1d1ef9c0>), 'model': HistGradientBoostingRegressor(early_stopping=True, max_iter=10000,
                              n_iter_no_change=100, random_state=42,
                              scoring='neg_root_mean_squared_error'), 'model__l2_regularization': 50, 'model__learning_rate': 0.02, 'model__loss': 'absolute_error', 'model__max_bins': 32, 'model__max_depth': 3, 'model__max_features': 0.5, 'model__max_leaf_nodes': 255, 'model__min_samples_leaf': 1600, 'reshape': FunctionTransformer(func=<function reshape at 0x7fdb1d1c0360>), 'second_scale': 'passthrough'}",0.08586106820884754,0.08586106820884754,0.0,1,0.2189163324442236,0.2189163324442236,0.0,0.9561061299830435,0.8837893796350895
0,33231.82247543335,0.0,69.86430478096008,0.0,passthrough,power_phase_stft,"HistGradientBoostingRegressor(early_stopping=True, max_iter=10000,
                              n_iter_no_change=100, random_state=42,
                              scoring='neg_root_mean_squared_error')",50,0.03,absolute_error,32,3,0.5,127,3200,FunctionTransformer(func=<function reshape at 0x7fdb1d1c0360>),passthrough,"{'first_scale': 'passthrough', 'frequency': FunctionTransformer(func=<function power_phase_stft at 0x7fdb1d1ef9c0>), 'model': HistGradientBoostingRegressor(early_stopping=True, max_iter=10000,
                              n_iter_no_change=100, random_state=42,
                              scoring='neg_root_mean_squared_error'), 'model__l2_regularization': 50, 'model__learning_rate': 0.03, 'model__loss': 'absolute_error', 'model__max_bins': 32, 'model__max_depth': 3, 'model__max_features': 0.5, 'model__max_leaf_nodes': 127, 'model__min_samples_leaf': 3200, 'reshape': FunctionTransformer(func=<function reshape at 0x7fdb1d1c0360>), 'second_scale': 'passthrough'}",0.08601101465911787,0.08601101465911787,0.0,1,0.2195800071826962,0.2195800071826962,0.0,0.956027711596731,0.8834138287446625
0,34788.07902789116,0.0,106.09769582748413,0.0,passthrough,power_phase_stft,"HistGradientBoostingRegressor(early_stopping=True, max_iter=10000,
                              n_iter_no_change=100, random_state=42,
                              scoring='neg_root_mean_squared_error')",200,0.02,absolute_error,32,3,1.0,127,1600,FunctionTransformer(func=<function reshape at 0x7fdb1d1c0360>),passthrough,"{'first_scale': 'passthrough', 'frequency': FunctionTransformer(func=<function power_phase_stft at 0x7fdb1d1ef9c0>), 'model': HistGradientBoostingRegressor(early_stopping=True, max_iter=10000,
                              n_iter_no_change=100, random_state=42,
                              scoring='neg_root_mean_squared_error'), 'model__l2_regularization': 200, 'model__learning_rate': 0.02, 'model__loss': 'absolute_error', 'model__max_bins': 32, 'model__max_depth': 3, 'model__max_features': 1.0, 'model__max_leaf_nodes': 127, 'model__min_samples_leaf': 1600, 'reshape': FunctionTransformer(func=<function reshape at 0x7fdb1d1c0360>), 'second_scale': 'passthrough'}",0.08652813545563698,0.08652813545563698,0.0,1,0.21980713143045094,0.21980713143045094,0.0,0.9557572205033886,0.8832852702097715
0,32353.635956287384,0.0,71.08429956436157,0.0,passthrough,power_phase_stft,"HistGradientBoostingRegressor(early_stopping=True, max_iter=10000,
                              n_iter_no_change=100, random_state=42,
                              scoring='neg_root_mean_squared_error')",50,0.05,absolute_error,32,3,0.2,127,3200,FunctionTransformer(func=<function reshape at 0x7fdb1d1c0360>),passthrough,"{'first_scale': 'passthrough', 'frequency': FunctionTransformer(func=<function power_phase_stft at 0x7fdb1d1ef9c0>), 'model': HistGradientBoostingRegressor(early_stopping=True, max_iter=10000,
                              n_iter_no_change=100, random_state=42,
                              scoring='neg_root_mean_squared_error'), 'model__l2_regularization': 50, 'model__learning_rate': 0.05, 'model__loss': 'absolute_error', 'model__max_bins': 32, 'model__max_depth': 3, 'model__max_features': 0.2, 'model__max_leaf_nodes': 127, 'model__min_samples_leaf': 3200, 'reshape': FunctionTransformer(func=<function reshape at 0x7fdb1d1c0360>), 'second_scale': 'passthrough'}",0.08613435537236869,0.08613435537236869,0.0,1,0.23161321272394242,0.23161321272394242,0.0,0.955963202548943,0.8765767435176783
0,32583.003571271896,0.0,68.5038001537323,0.0,passthrough,power_phase_stft,"HistGradientBoostingRegressor(early_stopping=True, max_iter=10000,
                              n_iter_no_change=100, random_state=42,
                              scoring='neg_root_mean_squared_error')",10,0.03,absolute_error,32,3,0.5,255,1600,FunctionTransformer(func=<function reshape at 0x7fdb1d1c0360>),passthrough,"{'first_scale': 'passthrough', 'frequency': FunctionTransformer(func=<function power_phase_stft at 0x7fdb1d1ef9c0>), 'model': HistGradientBoostingRegressor(early_stopping=True, max_iter=10000,
                              n_iter_no_change=100, random_state=42,
                              scoring='neg_root_mean_squared_error'), 'model__l2_regularization': 10, 'model__learning_rate': 0.03, 'model__loss': 'absolute_error', 'model__max_bins': 32, 'model__max_depth': 3, 'model__max_features': 0.5, 'model__max_leaf_nodes': 255, 'model__min_samples_leaf': 1600, 'reshape': FunctionTransformer(func=<function reshape at 0x7fdb1d1c0360>), 'second_scale': 'passthrough'}",0.08651290304494619,0.08651290304494619,0.0,1,0.23424921499664542,0.23424921499664542,0.0,0.9557651892358572,0.8750718741928314
0,34479.48232841492,0.0,68.95829749107361,0.0,passthrough,power_phase_stft,"HistGradientBoostingRegressor(early_stopping=True, max_iter=10000,
                              n_iter_no_change=100, random_state=42,
                              scoring='neg_root_mean_squared_error')",50,0.03,absolute_error,32,3,1.0,255,1600,FunctionTransformer(func=<function reshape at 0x7fdb1d1c0360>),passthrough,"{'first_scale': 'passthrough', 'frequency': FunctionTransformer(func=<function power_phase_stft at 0x7fdb1d1ef9c0>), 'model': HistGradientBoostingRegressor(early_stopping=True, max_iter=10000,
                              n_iter_no_change=100, random_state=42,
                              scoring='neg_root_mean_squared_error'), 'model__l2_regularization': 50, 'model__learning_rate': 0.03, 'model__loss': 'absolute_error', 'model__max_bins': 32, 'model__max_depth': 3, 'model__max_features': 1.0, 'model__max_leaf_nodes': 255, 'model__min_samples_leaf': 1600, 'reshape': FunctionTransformer(func=<function reshape at 0x7fdb1d1c0360>), 'second_scale': 'passthrough'}",0.08588900914227549,0.08588900914227549,0.0,1,0.235763341488337,0.235763341488337,0.0,0.9560915180346098,0.8742063020315416
0,32041.924750089645,0.0,73.73109650611877,0.0,passthrough,power_phase_stft,"HistGradientBoostingRegressor(early_stopping=True, max_iter=10000,
                              n_iter_no_change=100, random_state=42,
                              scoring='neg_root_mean_squared_error')",200,0.05,absolute_error,32,3,1.0,255,3200,FunctionTransformer(func=<function reshape at 0x7fdb1d1c0360>),passthrough,"{'first_scale': 'passthrough', 'frequency': FunctionTransformer(func=<function power_phase_stft at 0x7fdb1d1ef9c0>), 'model': HistGradientBoostingRegressor(early_stopping=True, max_iter=10000,
                              n_iter_no_change=100, random_state=42,
                              scoring='neg_root_mean_squared_error'), 'model__l2_regularization': 200, 'model__learning_rate': 0.05, 'model__loss': 'absolute_error', 'model__max_bins': 32, 'model__max_depth': 3, 'model__max_features': 1.0, 'model__max_leaf_nodes': 255, 'model__min_samples_leaf': 3200, 'reshape': FunctionTransformer(func=<function reshape at 0x7fdb1d1c0360>), 'second_scale': 'passthrough'}",0.08593273899591147,0.08593273899591147,0.0,1,0.2366184483905336,0.2366184483905336,0.0,0.9560686486879949,0.8737170889993319
0,18525.340166330338,0.0,50.42190933227539,0.0,passthrough,power_phase_stft,"HistGradientBoostingRegressor(early_stopping=True, max_iter=10000,
                              n_iter_no_change=100, random_state=42,
                              scoring='neg_root_mean_squared_error')",10,0.05,absolute_error,32,3,0.5,127,1600,FunctionTransformer(func=<function reshape at 0x7fdb1d1c0360>),passthrough,"{'first_scale': 'passthrough', 'frequency': FunctionTransformer(func=<function power_phase_stft at 0x7fdb1d1ef9c0>), 'model': HistGradientBoostingRegressor(early_stopping=True, max_iter=10000,
                              n_iter_no_change=100, random_state=42,
                              scoring='neg_root_mean_squared_error'), 'model__l2_regularization': 10, 'model__learning_rate': 0.05, 'model__loss': 'absolute_error', 'model__max_bins': 32, 'model__max_depth': 3, 'model__max_features': 0.5, 'model__max_leaf_nodes': 127, 'model__min_samples_leaf': 1600, 'reshape': FunctionTransformer(func=<function reshape at 0x7fdb1d1c0360>), 'second_scale': 'passthrough'}",0.08534801109641754,0.08534801109641754,0.0,1,0.23528305033337016,0.23528305033337016,0.0,0.9563743978712429,0.8744809601510086
0,27690.36154460907,0.0,60.1014301776886,0.0,passthrough,power_phase_stft,"HistGradientBoostingRegressor(early_stopping=True, max_iter=10000,
                              n_iter_no_change=100, random_state=42,
                              scoring='neg_root_mean_squared_error')",10,0.02,squared_error,63,3,0.005,127,1600,FunctionTransformer(func=<function reshape at 0x7fdb1d1c0360>),passthrough,"{'first_scale': 'passthrough', 'frequency': FunctionTransformer(func=<function power_phase_stft at 0x7fdb1d1ef9c0>), 'model': HistGradientBoostingRegressor(early_stopping=True, max_iter=10000,
                              n_iter_no_change=100, random_state=42,
                              scoring='neg_root_mean_squared_error'), 'model__l2_regularization': 10, 'model__learning_rate': 0.02, 'model__loss': 'squared_error', 'model__max_bins': 63, 'model__max_depth': 3, 'model__max_features': 0.005, 'model__max_leaf_nodes': 127, 'model__min_samples_leaf': 1600, 'reshape': FunctionTransformer(func=<function reshape at 0x7fdb1d1c0360>), 'second_scale': 'passthrough'}",0.08461063561646442,0.08461063561646442,0.0,1,0.37469462310438906,0.37469462310438906,0.0,0.9567598258620267,0.7907625287629725
0,35288.693450689316,0.0,81.85722041130066,0.0,passthrough,power_phase_stft,"HistGradientBoostingRegressor(early_stopping=True, max_iter=10000,
                              n_iter_no_change=100, random_state=42,
                              scoring='neg_root_mean_squared_error')",400,0.02,squared_error,63,3,0.005,127,1600,FunctionTransformer(func=<function reshape at 0x7fdb1d1c0360>),passthrough,"{'first_scale': 'passthrough', 'frequency': FunctionTransformer(func=<function power_phase_stft at 0x7fdb1d1ef9c0>), 'model': HistGradientBoostingRegressor(early_stopping=True, max_iter=10000,
                              n_iter_no_change=100, random_state=42,
                              scoring='neg_root_mean_squared_error'), 'model__l2_regularization': 400, 'model__learning_rate': 0.02, 'model__loss': 'squared_error', 'model__max_bins': 63, 'model__max_depth': 3, 'model__max_features': 0.005, 'model__max_leaf_nodes': 127, 'model__min_samples_leaf': 1600, 'reshape': FunctionTransformer(func=<function reshape at 0x7fdb1d1c0360>), 'second_scale': 'passthrough'}",0.08569060709628251,0.08569060709628251,0.0,1,0.3802942459970402,0.3802942459970402,0.0,0.9561952692330774,0.7872139188320795
0,32687.781598329544,0.0,69.56932306289673,0.0,passthrough,power_phase_stft,"HistGradientBoostingRegressor(early_stopping=True, max_iter=10000,
                              n_iter_no_change=100, random_state=42,
                              scoring='neg_root_mean_squared_error')",200,0.03,absolute_error,32,3,0.2,255,3200,FunctionTransformer(func=<function reshape at 0x7fdb1d1c0360>),passthrough,"{'first_scale': 'passthrough', 'frequency': FunctionTransformer(func=<function power_phase_stft at 0x7fdb1d1ef9c0>), 'model': HistGradientBoostingRegressor(early_stopping=True, max_iter=10000,
                              n_iter_no_change=100, random_state=42,
                              scoring='neg_root_mean_squared_error'), 'model__l2_regularization': 200, 'model__learning_rate': 0.03, 'model__loss': 'absolute_error', 'model__max_bins': 32, 'model__max_depth': 3, 'model__max_features': 0.2, 'model__max_leaf_nodes': 255, 'model__min_samples_leaf': 3200, 'reshape': FunctionTransformer(func=<function reshape at 0x7fdb1d1c0360>), 'second_scale': 'passthrough'}",0.08571356672985497,0.08571356672985497,0.0,1,0.21653728305517317,0.21653728305517317,0.0,0.9561832634333991,0.8851342931695884
0,33789.769742012024,0.0,99.63003468513489,0.0,passthrough,power_phase_stft,"HistGradientBoostingRegressor(early_stopping=True, max_iter=10000,
                              n_iter_no_change=100, random_state=42,
                              scoring='neg_root_mean_squared_error')",50,0.03,squared_error,63,3,0.005,63,1600,FunctionTransformer(func=<function reshape at 0x7fdb1d1c0360>),passthrough,"{'first_scale': 'passthrough', 'frequency': FunctionTransformer(func=<function power_phase_stft at 0x7fdb1d1ef9c0>), 'model': HistGradientBoostingRegressor(early_stopping=True, max_iter=10000,
                              n_iter_no_change=100, random_state=42,
                              scoring='neg_root_mean_squared_error'), 'model__l2_regularization': 50, 'model__learning_rate': 0.03, 'model__loss': 'squared_error', 'model__max_bins': 63, 'model__max_depth': 3, 'model__max_features': 0.005, 'model__max_leaf_nodes': 63, 'model__min_samples_leaf': 1600, 'reshape': FunctionTransformer(func=<function reshape at 0x7fdb1d1c0360>), 'second_scale': 'passthrough'}",0.07956961867154244,0.07956961867154244,0.0,1,0.45014468545973707,0.45014468545973707,0.0,0.9593906302067253,0.7415222953763851
0,33054.99367976189,0.0,84.46383285522461,0.0,passthrough,power_phase_stft,"HistGradientBoostingRegressor(early_stopping=True, max_iter=10000,
                              n_iter_no_change=100, random_state=42,
                              scoring='neg_root_mean_squared_error')",100,0.01,squared_error,63,3,0.005,127,1600,FunctionTransformer(func=<function reshape at 0x7fdb1d1c0360>),passthrough,"{'first_scale': 'passthrough', 'frequency': FunctionTransformer(func=<function power_phase_stft at 0x7fdb1d1ef9c0>), 'model': HistGradientBoostingRegressor(early_stopping=True, max_iter=10000,
                              n_iter_no_change=100, random_state=42,
                              scoring='neg_root_mean_squared_error'), 'model__l2_regularization': 100, 'model__learning_rate': 0.01, 'model__loss': 'squared_error', 'model__max_bins': 63, 'model__max_depth': 3, 'model__max_features': 0.005, 'model__max_leaf_nodes': 127, 'model__min_samples_leaf': 1600, 'reshape': FunctionTransformer(func=<function reshape at 0x7fdb1d1c0360>), 'second_scale': 'passthrough'}",0.08856468679619267,0.08856468679619267,0.0,1,0.2807693288679063,0.2807693288679063,0.0,0.9546912135365064,0.8480746848786925
0,43346.29996013641,0.0,105.13996601104736,0.0,passthrough,power_phase_stft,"HistGradientBoostingRegressor(early_stopping=True, max_iter=10000,
                              n_iter_no_change=100, random_state=42,
                              scoring='neg_root_mean_squared_error')",200,0.05,absolute_error,32,3,0.5,127,6400,FunctionTransformer(func=<function reshape at 0x7fdb1d1c0360>),passthrough,"{'first_scale': 'passthrough', 'frequency': FunctionTransformer(func=<function power_phase_stft at 0x7fdb1d1ef9c0>), 'model': HistGradientBoostingRegressor(early_stopping=True, max_iter=10000,
                              n_iter_no_change=100, random_state=42,
                              scoring='neg_root_mean_squared_error'), 'model__l2_regularization': 200, 'model__learning_rate': 0.05, 'model__loss': 'absolute_error', 'model__max_bins': 32, 'model__max_depth': 3, 'model__max_features': 0.5, 'model__max_leaf_nodes': 127, 'model__min_samples_leaf': 6400, 'reshape': FunctionTransformer(func=<function reshape at 0x7fdb1d1c0360>), 'second_scale': 'passthrough'}",0.08570779644743876,0.08570779644743876,0.0,1,0.21295448824292162,0.21295448824292162,0.0,0.9561862807803515,0.8871558553924324
0,32176.018236875534,0.0,66.89623641967773,0.0,passthrough,power_phase_stft,"HistGradientBoostingRegressor(early_stopping=True, max_iter=10000,
                              n_iter_no_change=100, random_state=42,
                              scoring='neg_root_mean_squared_error')",200,0.05,absolute_error,32,3,1.0,127,6400,FunctionTransformer(func=<function reshape at 0x7fdb1d1c0360>),passthrough,"{'first_scale': 'passthrough', 'frequency': FunctionTransformer(func=<function power_phase_stft at 0x7fdb1d1ef9c0>), 'model': HistGradientBoostingRegressor(early_stopping=True, max_iter=10000,
                              n_iter_no_change=100, random_state=42,
                              scoring='neg_root_mean_squared_error'), 'model__l2_regularization': 200, 'model__learning_rate': 0.05, 'model__loss': 'absolute_error', 'model__max_bins': 32, 'model__max_depth': 3, 'model__max_features': 1.0, 'model__max_leaf_nodes': 127, 'model__min_samples_leaf': 6400, 'reshape': FunctionTransformer(func=<function reshape at 0x7fdb1d1c0360>), 'second_scale': 'passthrough'}",0.08619173017879489,0.08619173017879489,0.0,1,0.21383427394001442,0.21383427394001442,0.0,0.9559331931788985,0.8866598705591595
0,32062.31797170639,0.0,61.55267333984375,0.0,passthrough,power_phase_stft,"HistGradientBoostingRegressor(early_stopping=True, max_iter=10000,
                              n_iter_no_change=100, random_state=42,
                              scoring='neg_root_mean_squared_error')",50,0.0075,squared_error,63,None,0.01,255,12000,FunctionTransformer(func=<function reshape at 0x7fdb1d1c0360>),passthrough,"{'first_scale': 'passthrough', 'frequency': FunctionTransformer(func=<function power_phase_stft at 0x7fdb1d1ef9c0>), 'model': HistGradientBoostingRegressor(early_stopping=True, max_iter=10000,
                              n_iter_no_change=100, random_state=42,
                              scoring='neg_root_mean_squared_error'), 'model__l2_regularization': 50, 'model__learning_rate': 0.0075, 'model__loss': 'squared_error', 'model__max_bins': 63, 'model__max_depth': None, 'model__max_features': 0.01, 'model__max_leaf_nodes': 255, 'model__min_samples_leaf': 12000, 'reshape': FunctionTransformer(func=<function reshape at 0x7fdb1d1c0360>), 'second_scale': 'passthrough'}",0.08841691896725734,0.08841691896725734,0.0,1,0.18417948541090545,0.18417948541090545,0.0,0.9547686007786089,0.9032278309425007
0,33193.76954269409,0.0,63.237529039382935,0.0,passthrough,power_phase_stft,"HistGradientBoostingRegressor(early_stopping=True, max_iter=10000,
                              n_iter_no_change=100, random_state=42,
                              scoring='neg_root_mean_squared_error')",5,0.015,squared_error,63,None,0.01,255,12000,FunctionTransformer(func=<function reshape at 0x7fdb1d1c0360>),passthrough,"{'first_scale': 'passthrough', 'frequency': FunctionTransformer(func=<function power_phase_stft at 0x7fdb1d1ef9c0>), 'model': HistGradientBoostingRegressor(early_stopping=True, max_iter=10000,
                              n_iter_no_change=100, random_state=42,
                              scoring='neg_root_mean_squared_error'), 'model__l2_regularization': 5, 'model__learning_rate': 0.015, 'model__loss': 'squared_error', 'model__max_bins': 63, 'model__max_depth': None, 'model__max_features': 0.01, 'model__max_leaf_nodes': 255, 'model__min_samples_leaf': 12000, 'reshape': FunctionTransformer(func=<function reshape at 0x7fdb1d1c0360>), 'second_scale': 'passthrough'}",0.08811854347145576,0.08811854347145576,0.0,1,0.2478046209033048,0.2478046209033048,0.0,0.9549248433926851,0.8672919803023058
0,33747.87831783295,0.0,69.44051456451416,0.0,passthrough,power_phase_stft,"HistGradientBoostingRegressor(early_stopping=True, max_iter=10000,
                              n_iter_no_change=100, random_state=42,
                              scoring='neg_root_mean_squared_error')",50,0.02,absolute_error,32,3,0.5,127,1600,FunctionTransformer(func=<function reshape at 0x7fdb1d1c0360>),passthrough,"{'first_scale': 'passthrough', 'frequency': FunctionTransformer(func=<function power_phase_stft at 0x7fdb1d1ef9c0>), 'model': HistGradientBoostingRegressor(early_stopping=True, max_iter=10000,
                              n_iter_no_change=100, random_state=42,
                              scoring='neg_root_mean_squared_error'), 'model__l2_regularization': 50, 'model__learning_rate': 0.02, 'model__loss': 'absolute_error', 'model__max_bins': 32, 'model__max_depth': 3, 'model__max_features': 0.5, 'model__max_leaf_nodes': 127, 'model__min_samples_leaf': 1600, 'reshape': FunctionTransformer(func=<function reshape at 0x7fdb1d1c0360>), 'second_scale': 'passthrough'}",0.08586106820884754,0.08586106820884754,0.0,1,0.2189163324442236,0.2189163324442236,0.0,0.9561061299830435,0.8837893796350895
0,32842.34305882454,0.0,73.95799374580383,0.0,passthrough,power_phase_stft,"HistGradientBoostingRegressor(early_stopping=True, max_iter=10000,
                              n_iter_no_change=100, random_state=42,
                              scoring='neg_root_mean_squared_error')",50,0.03,absolute_error,32,3,0.2,127,1600,FunctionTransformer(func=<function reshape at 0x7fdb1d1c0360>),passthrough,"{'first_scale': 'passthrough', 'frequency': FunctionTransformer(func=<function power_phase_stft at 0x7fdb1d1ef9c0>), 'model': HistGradientBoostingRegressor(early_stopping=True, max_iter=10000,
                              n_iter_no_change=100, random_state=42,
                              scoring='neg_root_mean_squared_error'), 'model__l2_regularization': 50, 'model__learning_rate': 0.03, 'model__loss': 'absolute_error', 'model__max_bins': 32, 'model__max_depth': 3, 'model__max_features': 0.2, 'model__max_leaf_nodes': 127, 'model__min_samples_leaf': 1600, 'reshape': FunctionTransformer(func=<function reshape at 0x7fdb1d1c0360>), 'second_scale': 'passthrough'}",0.08612038673556222,0.08612038673556222,0.0,1,0.23106396980922872,0.23106396980922872,0.0,0.9559705085746305,0.8768899761034854
0,19624.856726884842,0.0,54.61866879463196,0.0,passthrough,power_phase_stft,"HistGradientBoostingRegressor(early_stopping=True, max_iter=10000,
                              n_iter_no_change=100, random_state=42,
                              scoring='neg_root_mean_squared_error')",50,0.05,absolute_error,32,3,1.0,255,3200,FunctionTransformer(func=<function reshape at 0x7fdb1d1c0360>),passthrough,"{'first_scale': 'passthrough', 'frequency': FunctionTransformer(func=<function power_phase_stft at 0x7fdb1d1ef9c0>), 'model': HistGradientBoostingRegressor(early_stopping=True, max_iter=10000,
                              n_iter_no_change=100, random_state=42,
                              scoring='neg_root_mean_squared_error'), 'model__l2_regularization': 50, 'model__learning_rate': 0.05, 'model__loss': 'absolute_error', 'model__max_bins': 32, 'model__max_depth': 3, 'model__max_features': 1.0, 'model__max_leaf_nodes': 255, 'model__min_samples_leaf': 3200, 'reshape': FunctionTransformer(func=<function reshape at 0x7fdb1d1c0360>), 'second_scale': 'passthrough'}",0.08584167328485348,0.08584167328485348,0.0,1,0.223080264873198,0.223080264873198,0.0,0.9561162725919617,0.8814305049899295
0,30727.571758508682,0.0,91.68151378631592,0.0,passthrough,power_phase_stft,"HistGradientBoostingRegressor(early_stopping=True, max_iter=10000,
                              n_iter_no_change=100, random_state=42,
                              scoring='neg_root_mean_squared_error')",10,0.03,squared_error,63,3,0.005,63,3200,FunctionTransformer(func=<function reshape at 0x7fdb1d1c0360>),passthrough,"{'first_scale': 'passthrough', 'frequency': FunctionTransformer(func=<function power_phase_stft at 0x7fdb1d1ef9c0>), 'model': HistGradientBoostingRegressor(early_stopping=True, max_iter=10000,
                              n_iter_no_change=100, random_state=42,
                              scoring='neg_root_mean_squared_error'), 'model__l2_regularization': 10, 'model__learning_rate': 0.03, 'model__loss': 'squared_error', 'model__max_bins': 63, 'model__max_depth': 3, 'model__max_features': 0.005, 'model__max_leaf_nodes': 63, 'model__min_samples_leaf': 3200, 'reshape': FunctionTransformer(func=<function reshape at 0x7fdb1d1c0360>), 'second_scale': 'passthrough'}",0.08290493234874452,0.08290493234874452,0.0,1,0.3603263547969433,0.3603263547969433,0.0,0.9576508067407741,0.7997960022424823
0,18920.27633047104,0.0,54.97397303581238,0.0,passthrough,power_phase_stft,"HistGradientBoostingRegressor(early_stopping=True, max_iter=10000,
                              n_iter_no_change=100, random_state=42,
                              scoring='neg_root_mean_squared_error')",50,0.05,absolute_error,32,3,1.0,127,3200,FunctionTransformer(func=<function reshape at 0x7fdb1d1c0360>),passthrough,"{'first_scale': 'passthrough', 'frequency': FunctionTransformer(func=<function power_phase_stft at 0x7fdb1d1ef9c0>), 'model': HistGradientBoostingRegressor(early_stopping=True, max_iter=10000,
                              n_iter_no_change=100, random_state=42,
                              scoring='neg_root_mean_squared_error'), 'model__l2_regularization': 50, 'model__learning_rate': 0.05, 'model__loss': 'absolute_error', 'model__max_bins': 32, 'model__max_depth': 3, 'model__max_features': 1.0, 'model__max_leaf_nodes': 127, 'model__min_samples_leaf': 3200, 'reshape': FunctionTransformer(func=<function reshape at 0x7fdb1d1c0360>), 'second_scale': 'passthrough'}",0.08584167328485348,0.08584167328485348,0.0,1,0.223080264873198,0.223080264873198,0.0,0.9561162725919617,0.8814305049899295
0,28090.899216651917,0.0,61.368926763534546,0.0,passthrough,power_phase_stft,"HistGradientBoostingRegressor(early_stopping=True, max_iter=10000,
                              n_iter_no_change=100, random_state=42,
                              scoring='neg_root_mean_squared_error')",200,0.02,absolute_error,32,3,0.5,127,3200,FunctionTransformer(func=<function reshape at 0x7fdb1d1c0360>),passthrough,"{'first_scale': 'passthrough', 'frequency': FunctionTransformer(func=<function power_phase_stft at 0x7fdb1d1ef9c0>), 'model': HistGradientBoostingRegressor(early_stopping=True, max_iter=10000,
                              n_iter_no_change=100, random_state=42,
                              scoring='neg_root_mean_squared_error'), 'model__l2_regularization': 200, 'model__learning_rate': 0.02, 'model__loss': 'absolute_error', 'model__max_bins': 32, 'model__max_depth': 3, 'model__max_features': 0.5, 'model__max_leaf_nodes': 127, 'model__min_samples_leaf': 3200, 'reshape': FunctionTransformer(func=<function reshape at 0x7fdb1d1c0360>), 'second_scale': 'passthrough'}",0.08637104233737358,0.08637104233737358,0.0,1,0.2015396558404089,0.2015396558404089,0.0,0.9558393995136559,0.8935660827043466
0,29727.967691898346,0.0,65.68523097038269,0.0,passthrough,power_phase_stft,"HistGradientBoostingRegressor(early_stopping=True, max_iter=10000,
                              n_iter_no_change=100, random_state=42,
                              scoring='neg_root_mean_squared_error')",200,0.02,absolute_error,32,3,0.2,255,3200,FunctionTransformer(func=<function reshape at 0x7fdb1d1c0360>),passthrough,"{'first_scale': 'passthrough', 'frequency': FunctionTransformer(func=<function power_phase_stft at 0x7fdb1d1ef9c0>), 'model': HistGradientBoostingRegressor(early_stopping=True, max_iter=10000,
                              n_iter_no_change=100, random_state=42,
                              scoring='neg_root_mean_squared_error'), 'model__l2_regularization': 200, 'model__learning_rate': 0.02, 'model__loss': 'absolute_error', 'model__max_bins': 32, 'model__max_depth': 3, 'model__max_features': 0.2, 'model__max_leaf_nodes': 255, 'model__min_samples_leaf': 3200, 'reshape': FunctionTransformer(func=<function reshape at 0x7fdb1d1c0360>), 'second_scale': 'passthrough'}",0.08645416047921117,0.08645416047921117,0.0,1,0.20128041075111702,0.20128041075111702,0.0,0.9557959193890654,0.8937111330004136
0,32199.764459609985,0.0,67.71369814872742,0.0,passthrough,power_phase_stft,"HistGradientBoostingRegressor(early_stopping=True, max_iter=10000,
                              n_iter_no_change=100, random_state=42,
                              scoring='neg_root_mean_squared_error')",10,0.03,absolute_error,32,3,0.5,127,3200,FunctionTransformer(func=<function reshape at 0x7fdb1d1c0360>),passthrough,"{'first_scale': 'passthrough', 'frequency': FunctionTransformer(func=<function power_phase_stft at 0x7fdb1d1ef9c0>), 'model': HistGradientBoostingRegressor(early_stopping=True, max_iter=10000,
                              n_iter_no_change=100, random_state=42,
                              scoring='neg_root_mean_squared_error'), 'model__l2_regularization': 10, 'model__learning_rate': 0.03, 'model__loss': 'absolute_error', 'model__max_bins': 32, 'model__max_depth': 3, 'model__max_features': 0.5, 'model__max_leaf_nodes': 127, 'model__min_samples_leaf': 3200, 'reshape': FunctionTransformer(func=<function reshape at 0x7fdb1d1c0360>), 'second_scale': 'passthrough'}",0.08597824619722583,0.08597824619722583,0.0,1,0.21986450431775928,0.21986450431775928,0.0,0.9560448492632415,0.883252792626347
0,32785.995599508286,0.0,68.21634602546692,0.0,passthrough,power_phase_stft,"HistGradientBoostingRegressor(early_stopping=True, max_iter=10000,
                              n_iter_no_change=100, random_state=42,
                              scoring='neg_root_mean_squared_error')",50,0.02,absolute_error,32,3,0.2,255,3200,FunctionTransformer(func=<function reshape at 0x7fdb1d1c0360>),passthrough,"{'first_scale': 'passthrough', 'frequency': FunctionTransformer(func=<function power_phase_stft at 0x7fdb1d1ef9c0>), 'model': HistGradientBoostingRegressor(early_stopping=True, max_iter=10000,
                              n_iter_no_change=100, random_state=42,
                              scoring='neg_root_mean_squared_error'), 'model__l2_regularization': 50, 'model__learning_rate': 0.02, 'model__loss': 'absolute_error', 'model__max_bins': 32, 'model__max_depth': 3, 'model__max_features': 0.2, 'model__max_leaf_nodes': 255, 'model__min_samples_leaf': 3200, 'reshape': FunctionTransformer(func=<function reshape at 0x7fdb1d1c0360>), 'second_scale': 'passthrough'}",0.08706086404087132,0.08706086404087132,0.0,1,0.20417507483142894,0.20417507483142894,0.0,0.9554784853460222,0.8920902001303294
0,29964.7638733387,0.0,68.45839095115662,0.0,passthrough,power_phase_stft,"HistGradientBoostingRegressor(early_stopping=True, max_iter=10000,
                              n_iter_no_change=100, random_state=42,
                              scoring='neg_root_mean_squared_error')",10,0.05,absolute_error,32,3,1.0,255,1600,FunctionTransformer(func=<function reshape at 0x7fdb1d1c0360>),passthrough,"{'first_scale': 'passthrough', 'frequency': FunctionTransformer(func=<function power_phase_stft at 0x7fdb1d1ef9c0>), 'model': HistGradientBoostingRegressor(early_stopping=True, max_iter=10000,
                              n_iter_no_change=100, random_state=42,
                              scoring='neg_root_mean_squared_error'), 'model__l2_regularization': 10, 'model__learning_rate': 0.05, 'model__loss': 'absolute_error', 'model__max_bins': 32, 'model__max_depth': 3, 'model__max_features': 1.0, 'model__max_leaf_nodes': 255, 'model__min_samples_leaf': 1600, 'reshape': FunctionTransformer(func=<function reshape at 0x7fdb1d1c0360>), 'second_scale': 'passthrough'}",0.08550417411271516,0.08550417411271516,0.0,1,0.2520950748135956,0.2520950748135956,0.0,0.9562927511422874,0.8648149658663432
0,30542.465451478958,0.0,65.34933662414551,0.0,passthrough,power_phase_stft,"HistGradientBoostingRegressor(early_stopping=True, max_iter=10000,
                              n_iter_no_change=100, random_state=42,
                              scoring='neg_root_mean_squared_error')",10,0.02,absolute_error,32,3,1.0,255,1600,FunctionTransformer(func=<function reshape at 0x7fdb1d1c0360>),passthrough,"{'first_scale': 'passthrough', 'frequency': FunctionTransformer(func=<function power_phase_stft at 0x7fdb1d1ef9c0>), 'model': HistGradientBoostingRegressor(early_stopping=True, max_iter=10000,
                              n_iter_no_change=100, random_state=42,
                              scoring='neg_root_mean_squared_error'), 'model__l2_regularization': 10, 'model__learning_rate': 0.02, 'model__loss': 'absolute_error', 'model__max_bins': 32, 'model__max_depth': 3, 'model__max_features': 1.0, 'model__max_leaf_nodes': 255, 'model__min_samples_leaf': 1600, 'reshape': FunctionTransformer(func=<function reshape at 0x7fdb1d1c0360>), 'second_scale': 'passthrough'}",0.08537755363370614,0.08537755363370614,0.0,1,0.21815541038107433,0.21815541038107433,0.0,0.9563589526774421,0.884219763191779
0,30727.915073633194,0.0,48.91309952735901,0.0,passthrough,power_phase_stft,"HistGradientBoostingRegressor(early_stopping=True, max_iter=10000,
                              n_iter_no_change=100, random_state=42,
                              scoring='neg_root_mean_squared_error')",10,0.0025,squared_error,63,None,0.01,255,12000,FunctionTransformer(func=<function reshape at 0x7fdb1d1c0360>),passthrough,"{'first_scale': 'passthrough', 'frequency': FunctionTransformer(func=<function power_phase_stft at 0x7fdb1d1ef9c0>), 'model': HistGradientBoostingRegressor(early_stopping=True, max_iter=10000,
                              n_iter_no_change=100, random_state=42,
                              scoring='neg_root_mean_squared_error'), 'model__l2_regularization': 10, 'model__learning_rate': 0.0025, 'model__loss': 'squared_error', 'model__max_bins': 63, 'model__max_depth': None, 'model__max_features': 0.01, 'model__max_leaf_nodes': 255, 'model__min_samples_leaf': 12000, 'reshape': FunctionTransformer(func=<function reshape at 0x7fdb1d1c0360>), 'second_scale': 'passthrough'}",0.07496008562088718,0.07496008562088718,0.0,1,0.11992733527970745,0.11992733527970745,0.0,0.9617899533573393,0.9381218815912421
0,23058.96760416031,0.0,62.6426637172699,0.0,passthrough,power_phase_stft,"HistGradientBoostingRegressor(early_stopping=True, max_iter=10000,
                              n_iter_no_change=100, random_state=42,
                              scoring='neg_root_mean_squared_error')",10,0.05,absolute_error,32,3,0.2,127,1600,FunctionTransformer(func=<function reshape at 0x7fdb1d1c0360>),passthrough,"{'first_scale': 'passthrough', 'frequency': FunctionTransformer(func=<function power_phase_stft at 0x7fdb1d1ef9c0>), 'model': HistGradientBoostingRegressor(early_stopping=True, max_iter=10000,
                              n_iter_no_change=100, random_state=42,
                              scoring='neg_root_mean_squared_error'), 'model__l2_regularization': 10, 'model__learning_rate': 0.05, 'model__loss': 'absolute_error', 'model__max_bins': 32, 'model__max_depth': 3, 'model__max_features': 0.2, 'model__max_leaf_nodes': 127, 'model__min_samples_leaf': 1600, 'reshape': FunctionTransformer(func=<function reshape at 0x7fdb1d1c0360>), 'second_scale': 'passthrough'}",0.08560472060239743,0.08560472060239743,0.0,1,0.2396466674664467,0.2396466674664467,0.0,0.9562401787195529,0.8719824152662445
0,28558.823921442032,0.0,65.59776878356934,0.0,passthrough,power_phase_stft,"HistGradientBoostingRegressor(early_stopping=True, max_iter=10000,
                              n_iter_no_change=100, random_state=42,
                              scoring='neg_root_mean_squared_error')",200,0.03,squared_error,63,3,0.005,63,3200,FunctionTransformer(func=<function reshape at 0x7fdb1d1c0360>),passthrough,"{'first_scale': 'passthrough', 'frequency': FunctionTransformer(func=<function power_phase_stft at 0x7fdb1d1ef9c0>), 'model': HistGradientBoostingRegressor(early_stopping=True, max_iter=10000,
                              n_iter_no_change=100, random_state=42,
                              scoring='neg_root_mean_squared_error'), 'model__l2_regularization': 200, 'model__learning_rate': 0.03, 'model__loss': 'squared_error', 'model__max_bins': 63, 'model__max_depth': 3, 'model__max_features': 0.005, 'model__max_leaf_nodes': 63, 'model__min_samples_leaf': 3200, 'reshape': FunctionTransformer(func=<function reshape at 0x7fdb1d1c0360>), 'second_scale': 'passthrough'}",0.08071089483642335,0.08071089483642335,0.0,1,0.41670727292218823,0.41670727292218823,0.0,0.9587956534963937,0.7637360323291102
0,28065.89896249771,0.0,62.765146017074585,0.0,passthrough,power_phase_stft,"HistGradientBoostingRegressor(early_stopping=True, max_iter=10000,
                              n_iter_no_change=100, random_state=42,
                              scoring='neg_root_mean_squared_error')",10,0.03,absolute_error,32,3,0.2,255,3200,FunctionTransformer(func=<function reshape at 0x7fdb1d1c0360>),passthrough,"{'first_scale': 'passthrough', 'frequency': FunctionTransformer(func=<function power_phase_stft at 0x7fdb1d1ef9c0>), 'model': HistGradientBoostingRegressor(early_stopping=True, max_iter=10000,
                              n_iter_no_change=100, random_state=42,
                              scoring='neg_root_mean_squared_error'), 'model__l2_regularization': 10, 'model__learning_rate': 0.03, 'model__loss': 'absolute_error', 'model__max_bins': 32, 'model__max_depth': 3, 'model__max_features': 0.2, 'model__max_leaf_nodes': 255, 'model__min_samples_leaf': 3200, 'reshape': FunctionTransformer(func=<function reshape at 0x7fdb1d1c0360>), 'second_scale': 'passthrough'}",0.08586764290834548,0.08586764290834548,0.0,1,0.21322163218347157,0.21322163218347157,0.0,0.9561026917081944,0.8870052806023921
0,31941.965360164642,0.0,73.33310508728027,0.0,passthrough,power_phase_stft,"HistGradientBoostingRegressor(early_stopping=True, max_iter=10000,
                              n_iter_no_change=100, random_state=42,
                              scoring='neg_root_mean_squared_error')",200,0.01,squared_error,63,3,0.005,63,3200,FunctionTransformer(func=<function reshape at 0x7fdb1d1c0360>),passthrough,"{'first_scale': 'passthrough', 'frequency': FunctionTransformer(func=<function power_phase_stft at 0x7fdb1d1ef9c0>), 'model': HistGradientBoostingRegressor(early_stopping=True, max_iter=10000,
                              n_iter_no_change=100, random_state=42,
                              scoring='neg_root_mean_squared_error'), 'model__l2_regularization': 200, 'model__learning_rate': 0.01, 'model__loss': 'squared_error', 'model__max_bins': 63, 'model__max_depth': 3, 'model__max_features': 0.005, 'model__max_leaf_nodes': 63, 'model__min_samples_leaf': 3200, 'reshape': FunctionTransformer(func=<function reshape at 0x7fdb1d1c0360>), 'second_scale': 'passthrough'}",0.08866627061152399,0.08866627061152399,0.0,1,0.2596368621249461,0.2596368621249461,0.0,0.9546380096080797,0.8604435704188008
0,33339.88194012642,0.0,99.20380401611328,0.0,passthrough,power_phase_stft,"HistGradientBoostingRegressor(early_stopping=True, max_iter=10000,
                              n_iter_no_change=100, random_state=42,
                              scoring='neg_root_mean_squared_error')",50,0.03,squared_error,63,3,0.005,127,1600,FunctionTransformer(func=<function reshape at 0x7fdb1d1c0360>),passthrough,"{'first_scale': 'passthrough', 'frequency': FunctionTransformer(func=<function power_phase_stft at 0x7fdb1d1ef9c0>), 'model': HistGradientBoostingRegressor(early_stopping=True, max_iter=10000,
                              n_iter_no_change=100, random_state=42,
                              scoring='neg_root_mean_squared_error'), 'model__l2_regularization': 50, 'model__learning_rate': 0.03, 'model__loss': 'squared_error', 'model__max_bins': 63, 'model__max_depth': 3, 'model__max_features': 0.005, 'model__max_leaf_nodes': 127, 'model__min_samples_leaf': 1600, 'reshape': FunctionTransformer(func=<function reshape at 0x7fdb1d1c0360>), 'second_scale': 'passthrough'}",0.07956961867154244,0.07956961867154244,0.0,1,0.45014468545973707,0.45014468545973707,0.0,0.9593906302067253,0.7415222953763851
0,16641.954486608505,0.0,60.57839560508728,0.0,passthrough,power_phase_stft,"HistGradientBoostingRegressor(early_stopping=True, max_iter=10000,
                              n_iter_no_change=100, random_state=42,
                              scoring='neg_root_mean_squared_error')",200,0.05,absolute_error,32,3,0.2,255,6400,FunctionTransformer(func=<function reshape at 0x7fdb1d1c0360>),passthrough,"{'first_scale': 'passthrough', 'frequency': FunctionTransformer(func=<function power_phase_stft at 0x7fdb1d1ef9c0>), 'model': HistGradientBoostingRegressor(early_stopping=True, max_iter=10000,
                              n_iter_no_change=100, random_state=42,
                              scoring='neg_root_mean_squared_error'), 'model__l2_regularization': 200, 'model__learning_rate': 0.05, 'model__loss': 'absolute_error', 'model__max_bins': 32, 'model__max_depth': 3, 'model__max_features': 0.2, 'model__max_leaf_nodes': 255, 'model__min_samples_leaf': 6400, 'reshape': FunctionTransformer(func=<function reshape at 0x7fdb1d1c0360>), 'second_scale': 'passthrough'}",0.08511007844143403,0.08511007844143403,0.0,1,0.18793731312419315,0.18793731312419315,0.0,0.9564987828317222,0.9011452085406696
0,33068.991493701935,0.0,99.97742080688477,0.0,passthrough,power_phase_stft,"HistGradientBoostingRegressor(early_stopping=True, max_iter=10000,
                              n_iter_no_change=100, random_state=42,
                              scoring='neg_root_mean_squared_error')",50,0.03,squared_error,63,6,0.005,63,3200,FunctionTransformer(func=<function reshape at 0x7fdb1d1c0360>),passthrough,"{'first_scale': 'passthrough', 'frequency': FunctionTransformer(func=<function power_phase_stft at 0x7fdb1d1ef9c0>), 'model': HistGradientBoostingRegressor(early_stopping=True, max_iter=10000,
                              n_iter_no_change=100, random_state=42,
                              scoring='neg_root_mean_squared_error'), 'model__l2_regularization': 50, 'model__learning_rate': 0.03, 'model__loss': 'squared_error', 'model__max_bins': 63, 'model__max_depth': 6, 'model__max_features': 0.005, 'model__max_leaf_nodes': 63, 'model__min_samples_leaf': 3200, 'reshape': FunctionTransformer(func=<function reshape at 0x7fdb1d1c0360>), 'second_scale': 'passthrough'}",0.08320399040652504,0.08320399040652504,0.0,1,0.5240981797211963,0.5240981797211963,0.0,0.9574946525142973,0.689856376558776
0,27874.685404777527,0.0,63.9439651966095,0.0,passthrough,power_phase_stft,"HistGradientBoostingRegressor(early_stopping=True, max_iter=10000,
                              n_iter_no_change=100, random_state=42,
                              scoring='neg_root_mean_squared_error')",10,0.03,absolute_error,32,3,1.0,127,3200,FunctionTransformer(func=<function reshape at 0x7fdb1d1c0360>),passthrough,"{'first_scale': 'passthrough', 'frequency': FunctionTransformer(func=<function power_phase_stft at 0x7fdb1d1ef9c0>), 'model': HistGradientBoostingRegressor(early_stopping=True, max_iter=10000,
                              n_iter_no_change=100, random_state=42,
                              scoring='neg_root_mean_squared_error'), 'model__l2_regularization': 10, 'model__learning_rate': 0.03, 'model__loss': 'absolute_error', 'model__max_bins': 32, 'model__max_depth': 3, 'model__max_features': 1.0, 'model__max_leaf_nodes': 127, 'model__min_samples_leaf': 3200, 'reshape': FunctionTransformer(func=<function reshape at 0x7fdb1d1c0360>), 'second_scale': 'passthrough'}",0.08629248014603441,0.08629248014603441,0.0,1,0.21684745272792527,0.21684745272792527,0.0,0.9558804945462407,0.8849590653087152
0,21383.660544633865,0.0,52.91081619262695,0.0,passthrough,power_phase_stft,"HistGradientBoostingRegressor(early_stopping=True, max_iter=10000,
                              n_iter_no_change=100, random_state=42,
                              scoring='neg_root_mean_squared_error')",10,0.05,absolute_error,32,3,0.2,127,6400,FunctionTransformer(func=<function reshape at 0x7fdb1d1c0360>),passthrough,"{'first_scale': 'passthrough', 'frequency': FunctionTransformer(func=<function power_phase_stft at 0x7fdb1d1ef9c0>), 'model': HistGradientBoostingRegressor(early_stopping=True, max_iter=10000,
                              n_iter_no_change=100, random_state=42,
                              scoring='neg_root_mean_squared_error'), 'model__l2_regularization': 10, 'model__learning_rate': 0.05, 'model__loss': 'absolute_error', 'model__max_bins': 32, 'model__max_depth': 3, 'model__max_features': 0.2, 'model__max_leaf_nodes': 127, 'model__min_samples_leaf': 6400, 'reshape': FunctionTransformer(func=<function reshape at 0x7fdb1d1c0360>), 'second_scale': 'passthrough'}",0.08474920523174001,0.08474920523174001,0.0,1,0.20254718700888064,0.20254718700888064,0.0,0.9566874070292031,0.8930021349308854
0,38897.72699046135,0.0,103.77316927909851,0.0,passthrough,power_phase_stft,"HistGradientBoostingRegressor(early_stopping=True, max_iter=10000,
                              n_iter_no_change=100, random_state=42,
                              scoring='neg_root_mean_squared_error')",200,0.03,squared_error,63,3,0.005,127,3200,FunctionTransformer(func=<function reshape at 0x7fdb1d1c0360>),passthrough,"{'first_scale': 'passthrough', 'frequency': FunctionTransformer(func=<function power_phase_stft at 0x7fdb1d1ef9c0>), 'model': HistGradientBoostingRegressor(early_stopping=True, max_iter=10000,
                              n_iter_no_change=100, random_state=42,
                              scoring='neg_root_mean_squared_error'), 'model__l2_regularization': 200, 'model__learning_rate': 0.03, 'model__loss': 'squared_error', 'model__max_bins': 63, 'model__max_depth': 3, 'model__max_features': 0.005, 'model__max_leaf_nodes': 127, 'model__min_samples_leaf': 3200, 'reshape': FunctionTransformer(func=<function reshape at 0x7fdb1d1c0360>), 'second_scale': 'passthrough'}",0.07988725301358446,0.07988725301358446,0.0,1,0.42337529137763663,0.42337529137763663,0.0,0.9592250762914903,0.7593580898511343
0,32983.44766283035,0.0,74.65196299552917,0.0,passthrough,power_phase_stft,"HistGradientBoostingRegressor(early_stopping=True, max_iter=10000,
                              n_iter_no_change=100, random_state=42,
                              scoring='neg_root_mean_squared_error')",50,0.03,absolute_error,32,3,1.0,255,3200,FunctionTransformer(func=<function reshape at 0x7fdb1d1c0360>),passthrough,"{'first_scale': 'passthrough', 'frequency': FunctionTransformer(func=<function power_phase_stft at 0x7fdb1d1ef9c0>), 'model': HistGradientBoostingRegressor(early_stopping=True, max_iter=10000,
                              n_iter_no_change=100, random_state=42,
                              scoring='neg_root_mean_squared_error'), 'model__l2_regularization': 50, 'model__learning_rate': 0.03, 'model__loss': 'absolute_error', 'model__max_bins': 32, 'model__max_depth': 3, 'model__max_features': 1.0, 'model__max_leaf_nodes': 255, 'model__min_samples_leaf': 3200, 'reshape': FunctionTransformer(func=<function reshape at 0x7fdb1d1c0360>), 'second_scale': 'passthrough'}",0.08722370313672567,0.08722370313672567,0.0,1,0.22155756116331216,0.22155756116331216,0.0,0.9553932681693306,0.882293850617065
0,32875.69644737244,0.0,61.429141998291016,0.0,passthrough,power_phase_stft,"HistGradientBoostingRegressor(early_stopping=True, max_iter=10000,
                              n_iter_no_change=100, random_state=42,
                              scoring='neg_root_mean_squared_error')",5,0.01,squared_error,63,None,0.01,255,12000,FunctionTransformer(func=<function reshape at 0x7fdb1d1c0360>),passthrough,"{'first_scale': 'passthrough', 'frequency': FunctionTransformer(func=<function power_phase_stft at 0x7fdb1d1ef9c0>), 'model': HistGradientBoostingRegressor(early_stopping=True, max_iter=10000,
                              n_iter_no_change=100, random_state=42,
                              scoring='neg_root_mean_squared_error'), 'model__l2_regularization': 5, 'model__learning_rate': 0.01, 'model__loss': 'squared_error', 'model__max_bins': 63, 'model__max_depth': None, 'model__max_features': 0.01, 'model__max_leaf_nodes': 255, 'model__min_samples_leaf': 12000, 'reshape': FunctionTransformer(func=<function reshape at 0x7fdb1d1c0360>), 'second_scale': 'passthrough'}",0.08792281859543094,0.08792281859543094,0.0,1,0.2078471713042943,0.2078471713042943,0.0,0.9550273197163363,0.8900296785476908
0,32745.745877981186,0.0,72.44128680229187,0.0,passthrough,power_phase_stft,"HistGradientBoostingRegressor(early_stopping=True, max_iter=10000,
                              n_iter_no_change=100, random_state=42,
                              scoring='neg_root_mean_squared_error')",100,0.01,squared_error,63,3,0.005,127,3200,FunctionTransformer(func=<function reshape at 0x7fdb1d1c0360>),passthrough,"{'first_scale': 'passthrough', 'frequency': FunctionTransformer(func=<function power_phase_stft at 0x7fdb1d1ef9c0>), 'model': HistGradientBoostingRegressor(early_stopping=True, max_iter=10000,
                              n_iter_no_change=100, random_state=42,
                              scoring='neg_root_mean_squared_error'), 'model__l2_regularization': 100, 'model__learning_rate': 0.01, 'model__loss': 'squared_error', 'model__max_bins': 63, 'model__max_depth': 3, 'model__max_features': 0.005, 'model__max_leaf_nodes': 127, 'model__min_samples_leaf': 3200, 'reshape': FunctionTransformer(func=<function reshape at 0x7fdb1d1c0360>), 'second_scale': 'passthrough'}",0.08905338883837854,0.08905338883837854,0.0,1,0.26034018363034517,0.26034018363034517,0.0,0.9544352315173731,0.8600347762559691
0,28744.324996232986,0.0,63.18103623390198,0.0,passthrough,power_phase_stft,"HistGradientBoostingRegressor(early_stopping=True, max_iter=10000,
                              n_iter_no_change=100, random_state=42,
                              scoring='neg_root_mean_squared_error')",50,0.02,absolute_error,32,3,0.5,127,3200,FunctionTransformer(func=<function reshape at 0x7fdb1d1c0360>),passthrough,"{'first_scale': 'passthrough', 'frequency': FunctionTransformer(func=<function power_phase_stft at 0x7fdb1d1ef9c0>), 'model': HistGradientBoostingRegressor(early_stopping=True, max_iter=10000,
                              n_iter_no_change=100, random_state=42,
                              scoring='neg_root_mean_squared_error'), 'model__l2_regularization': 50, 'model__learning_rate': 0.02, 'model__loss': 'absolute_error', 'model__max_bins': 32, 'model__max_depth': 3, 'model__max_features': 0.5, 'model__max_leaf_nodes': 127, 'model__min_samples_leaf': 3200, 'reshape': FunctionTransformer(func=<function reshape at 0x7fdb1d1c0360>), 'second_scale': 'passthrough'}",0.08627089912503083,0.08627089912503083,0.0,1,0.2021086434926982,0.2021086434926982,0.0,0.9558917830355951,0.8932476456768872
0,29812.480558395386,0.0,67.227872133255,0.0,passthrough,power_phase_stft,"HistGradientBoostingRegressor(early_stopping=True, max_iter=10000,
                              n_iter_no_change=100, random_state=42,
                              scoring='neg_root_mean_squared_error')",200,0.03,squared_error,63,3,0.005,63,1600,FunctionTransformer(func=<function reshape at 0x7fdb1d1c0360>),passthrough,"{'first_scale': 'passthrough', 'frequency': FunctionTransformer(func=<function power_phase_stft at 0x7fdb1d1ef9c0>), 'model': HistGradientBoostingRegressor(early_stopping=True, max_iter=10000,
                              n_iter_no_change=100, random_state=42,
                              scoring='neg_root_mean_squared_error'), 'model__l2_regularization': 200, 'model__learning_rate': 0.03, 'model__loss': 'squared_error', 'model__max_bins': 63, 'model__max_depth': 3, 'model__max_features': 0.005, 'model__max_leaf_nodes': 63, 'model__min_samples_leaf': 1600, 'reshape': FunctionTransformer(func=<function reshape at 0x7fdb1d1c0360>), 'second_scale': 'passthrough'}",0.07936283300472036,0.07936283300472036,0.0,1,0.4666099891756179,0.4666099891756179,0.0,0.9594983934302754,0.7303355467347745
0,34317.81401371956,0.0,71.1798677444458,0.0,passthrough,power_phase_stft,"HistGradientBoostingRegressor(early_stopping=True, max_iter=10000,
                              n_iter_no_change=100, random_state=42,
                              scoring='neg_root_mean_squared_error')",50,0.02,absolute_error,32,3,0.2,127,1600,FunctionTransformer(func=<function reshape at 0x7fdb1d1c0360>),passthrough,"{'first_scale': 'passthrough', 'frequency': FunctionTransformer(func=<function power_phase_stft at 0x7fdb1d1ef9c0>), 'model': HistGradientBoostingRegressor(early_stopping=True, max_iter=10000,
                              n_iter_no_change=100, random_state=42,
                              scoring='neg_root_mean_squared_error'), 'model__l2_regularization': 50, 'model__learning_rate': 0.02, 'model__loss': 'absolute_error', 'model__max_bins': 32, 'model__max_depth': 3, 'model__max_features': 0.2, 'model__max_leaf_nodes': 127, 'model__min_samples_leaf': 1600, 'reshape': FunctionTransformer(func=<function reshape at 0x7fdb1d1c0360>), 'second_scale': 'passthrough'}",0.08660007551061666,0.08660007551061666,0.0,1,0.2169097680275025,0.2169097680275025,0.0,0.9557195846530421,0.8849238565958641
0,32344.12918663025,0.0,65.79522705078125,0.0,passthrough,power_phase_stft,"HistGradientBoostingRegressor(early_stopping=True, max_iter=10000,
                              n_iter_no_change=100, random_state=42,
                              scoring='neg_root_mean_squared_error')",50,0.02,absolute_error,32,3,0.2,127,6400,FunctionTransformer(func=<function reshape at 0x7fdb1d1c0360>),passthrough,"{'first_scale': 'passthrough', 'frequency': FunctionTransformer(func=<function power_phase_stft at 0x7fdb1d1ef9c0>), 'model': HistGradientBoostingRegressor(early_stopping=True, max_iter=10000,
                              n_iter_no_change=100, random_state=42,
                              scoring='neg_root_mean_squared_error'), 'model__l2_regularization': 50, 'model__learning_rate': 0.02, 'model__loss': 'absolute_error', 'model__max_bins': 32, 'model__max_depth': 3, 'model__max_features': 0.2, 'model__max_leaf_nodes': 127, 'model__min_samples_leaf': 6400, 'reshape': FunctionTransformer(func=<function reshape at 0x7fdb1d1c0360>), 'second_scale': 'passthrough'}",0.08660764223141759,0.08660764223141759,0.0,1,0.18504615702512694,0.18504615702512694,0.0,0.9557156259937275,0.9027479398895757
0,32732.582921504974,0.0,67.83861255645752,0.0,passthrough,power_phase_stft,"HistGradientBoostingRegressor(early_stopping=True, max_iter=10000,
                              n_iter_no_change=100, random_state=42,
                              scoring='neg_root_mean_squared_error')",10,0.05,absolute_error,32,3,1.0,127,3200,FunctionTransformer(func=<function reshape at 0x7fdb1d1c0360>),passthrough,"{'first_scale': 'passthrough', 'frequency': FunctionTransformer(func=<function power_phase_stft at 0x7fdb1d1ef9c0>), 'model': HistGradientBoostingRegressor(early_stopping=True, max_iter=10000,
                              n_iter_no_change=100, random_state=42,
                              scoring='neg_root_mean_squared_error'), 'model__l2_regularization': 10, 'model__learning_rate': 0.05, 'model__loss': 'absolute_error', 'model__max_bins': 32, 'model__max_depth': 3, 'model__max_features': 1.0, 'model__max_leaf_nodes': 127, 'model__min_samples_leaf': 3200, 'reshape': FunctionTransformer(func=<function reshape at 0x7fdb1d1c0360>), 'second_scale': 'passthrough'}",0.08586195217520165,0.08586195217520165,0.0,1,0.23619693126417796,0.23619693126417796,0.0,0.9561056677087519,0.8739582763129039
0,20267.796522140503,0.0,52.654786586761475,0.0,passthrough,power_phase_stft,"HistGradientBoostingRegressor(early_stopping=True, max_iter=10000,
                              n_iter_no_change=100, random_state=42,
                              scoring='neg_root_mean_squared_error')",10,0.05,absolute_error,32,3,1.0,127,1600,FunctionTransformer(func=<function reshape at 0x7fdb1d1c0360>),passthrough,"{'first_scale': 'passthrough', 'frequency': FunctionTransformer(func=<function power_phase_stft at 0x7fdb1d1ef9c0>), 'model': HistGradientBoostingRegressor(early_stopping=True, max_iter=10000,
                              n_iter_no_change=100, random_state=42,
                              scoring='neg_root_mean_squared_error'), 'model__l2_regularization': 10, 'model__learning_rate': 0.05, 'model__loss': 'absolute_error', 'model__max_bins': 32, 'model__max_depth': 3, 'model__max_features': 1.0, 'model__max_leaf_nodes': 127, 'model__min_samples_leaf': 1600, 'reshape': FunctionTransformer(func=<function reshape at 0x7fdb1d1c0360>), 'second_scale': 'passthrough'}",0.0850007768648583,0.0850007768648583,0.0,1,0.24008900951844891,0.24008900951844891,0.0,0.9565559174115968,0.8717287367533268
0,33487.68876624107,0.0,71.47181630134583,0.0,passthrough,power_phase_stft,"HistGradientBoostingRegressor(early_stopping=True, max_iter=10000,
                              n_iter_no_change=100, random_state=42,
                              scoring='neg_root_mean_squared_error')",50,0.03,absolute_error,32,3,0.2,255,3200,FunctionTransformer(func=<function reshape at 0x7fdb1d1c0360>),passthrough,"{'first_scale': 'passthrough', 'frequency': FunctionTransformer(func=<function power_phase_stft at 0x7fdb1d1ef9c0>), 'model': HistGradientBoostingRegressor(early_stopping=True, max_iter=10000,
                              n_iter_no_change=100, random_state=42,
                              scoring='neg_root_mean_squared_error'), 'model__l2_regularization': 50, 'model__learning_rate': 0.03, 'model__loss': 'absolute_error', 'model__max_bins': 32, 'model__max_depth': 3, 'model__max_features': 0.2, 'model__max_leaf_nodes': 255, 'model__min_samples_leaf': 3200, 'reshape': FunctionTransformer(func=<function reshape at 0x7fdb1d1c0360>), 'second_scale': 'passthrough'}",0.08564028116248545,0.08564028116248545,0.0,1,0.2169482579480646,0.2169482579480646,0.0,0.956221584590891,0.8849021087396817
0,31463.359471321106,0.0,66.45052790641785,0.0,passthrough,power_phase_stft,"HistGradientBoostingRegressor(early_stopping=True, max_iter=10000,
                              n_iter_no_change=100, random_state=42,
                              scoring='neg_root_mean_squared_error')",50,0.03,absolute_error,32,3,0.2,255,6400,FunctionTransformer(func=<function reshape at 0x7fdb1d1c0360>),passthrough,"{'first_scale': 'passthrough', 'frequency': FunctionTransformer(func=<function power_phase_stft at 0x7fdb1d1ef9c0>), 'model': HistGradientBoostingRegressor(early_stopping=True, max_iter=10000,
                              n_iter_no_change=100, random_state=42,
                              scoring='neg_root_mean_squared_error'), 'model__l2_regularization': 50, 'model__learning_rate': 0.03, 'model__loss': 'absolute_error', 'model__max_bins': 32, 'model__max_depth': 3, 'model__max_features': 0.2, 'model__max_leaf_nodes': 255, 'model__min_samples_leaf': 6400, 'reshape': FunctionTransformer(func=<function reshape at 0x7fdb1d1c0360>), 'second_scale': 'passthrough'}",0.08574524239866443,0.08574524239866443,0.0,1,0.19717674622254122,0.19717674622254122,0.0,0.9561666996927553,0.896004047857742
0,32165.78351163864,0.0,67.15001511573792,0.0,passthrough,power_phase_stft,"HistGradientBoostingRegressor(early_stopping=True, max_iter=10000,
                              n_iter_no_change=100, random_state=42,
                              scoring='neg_root_mean_squared_error')",200,0.02,absolute_error,32,3,0.2,127,6400,FunctionTransformer(func=<function reshape at 0x7fdb1d1c0360>),passthrough,"{'first_scale': 'passthrough', 'frequency': FunctionTransformer(func=<function power_phase_stft at 0x7fdb1d1ef9c0>), 'model': HistGradientBoostingRegressor(early_stopping=True, max_iter=10000,
                              n_iter_no_change=100, random_state=42,
                              scoring='neg_root_mean_squared_error'), 'model__l2_regularization': 200, 'model__learning_rate': 0.02, 'model__loss': 'absolute_error', 'model__max_bins': 32, 'model__max_depth': 3, 'model__max_features': 0.2, 'model__max_leaf_nodes': 127, 'model__min_samples_leaf': 6400, 'reshape': FunctionTransformer(func=<function reshape at 0x7fdb1d1c0360>), 'second_scale': 'passthrough'}",0.08538269209985361,0.08538269209985361,0.0,1,0.18646254974611554,0.18646254974611554,0.0,0.9563562662000737,0.9019631091424329
0,28165.734862565994,0.0,65.17258477210999,0.0,passthrough,power_phase_stft,"HistGradientBoostingRegressor(early_stopping=True, max_iter=10000,
                              n_iter_no_change=100, random_state=42,
                              scoring='neg_root_mean_squared_error')",200,0.02,absolute_error,32,3,0.5,255,3200,FunctionTransformer(func=<function reshape at 0x7fdb1d1c0360>),passthrough,"{'first_scale': 'passthrough', 'frequency': FunctionTransformer(func=<function power_phase_stft at 0x7fdb1d1ef9c0>), 'model': HistGradientBoostingRegressor(early_stopping=True, max_iter=10000,
                              n_iter_no_change=100, random_state=42,
                              scoring='neg_root_mean_squared_error'), 'model__l2_regularization': 200, 'model__learning_rate': 0.02, 'model__loss': 'absolute_error', 'model__max_bins': 32, 'model__max_depth': 3, 'model__max_features': 0.5, 'model__max_leaf_nodes': 255, 'model__min_samples_leaf': 3200, 'reshape': FunctionTransformer(func=<function reshape at 0x7fdb1d1c0360>), 'second_scale': 'passthrough'}",0.08637104233737358,0.08637104233737358,0.0,1,0.2015396558404089,0.2015396558404089,0.0,0.9558393995136559,0.8935660827043466
0,31069.139283895493,0.0,65.90060997009277,0.0,passthrough,power_phase_stft,"HistGradientBoostingRegressor(early_stopping=True, max_iter=10000,
                              n_iter_no_change=100, random_state=42,
                              scoring='neg_root_mean_squared_error')",10,0.02,absolute_error,32,3,1.0,127,1600,FunctionTransformer(func=<function reshape at 0x7fdb1d1c0360>),passthrough,"{'first_scale': 'passthrough', 'frequency': FunctionTransformer(func=<function power_phase_stft at 0x7fdb1d1ef9c0>), 'model': HistGradientBoostingRegressor(early_stopping=True, max_iter=10000,
                              n_iter_no_change=100, random_state=42,
                              scoring='neg_root_mean_squared_error'), 'model__l2_regularization': 10, 'model__learning_rate': 0.02, 'model__loss': 'absolute_error', 'model__max_bins': 32, 'model__max_depth': 3, 'model__max_features': 1.0, 'model__max_leaf_nodes': 127, 'model__min_samples_leaf': 1600, 'reshape': FunctionTransformer(func=<function reshape at 0x7fdb1d1c0360>), 'second_scale': 'passthrough'}",0.08537755363370614,0.08537755363370614,0.0,1,0.21815541038107433,0.21815541038107433,0.0,0.9563589526774421,0.884219763191779
0,32908.13270688057,0.0,69.02394270896912,0.0,passthrough,power_phase_stft,"HistGradientBoostingRegressor(early_stopping=True, max_iter=10000,
                              n_iter_no_change=100, random_state=42,
                              scoring='neg_root_mean_squared_error')",50,0.03,absolute_error,32,3,1.0,255,6400,FunctionTransformer(func=<function reshape at 0x7fdb1d1c0360>),passthrough,"{'first_scale': 'passthrough', 'frequency': FunctionTransformer(func=<function power_phase_stft at 0x7fdb1d1ef9c0>), 'model': HistGradientBoostingRegressor(early_stopping=True, max_iter=10000,
                              n_iter_no_change=100, random_state=42,
                              scoring='neg_root_mean_squared_error'), 'model__l2_regularization': 50, 'model__learning_rate': 0.03, 'model__loss': 'absolute_error', 'model__max_bins': 32, 'model__max_depth': 3, 'model__max_features': 1.0, 'model__max_leaf_nodes': 255, 'model__min_samples_leaf': 6400, 'reshape': FunctionTransformer(func=<function reshape at 0x7fdb1d1c0360>), 'second_scale': 'passthrough'}",0.08590870562082142,0.08590870562082142,0.0,1,0.20055535756148468,0.20055535756148468,0.0,0.9560812174596772,0.8941166827872721
0,31679.725476026535,0.0,54.94886517524719,0.0,passthrough,power_phase_stft,"HistGradientBoostingRegressor(early_stopping=True, max_iter=10000,
                              n_iter_no_change=100, random_state=42,
                              scoring='neg_root_mean_squared_error')",1,0.015,squared_error,63,None,0.01,255,12000,FunctionTransformer(func=<function reshape at 0x7fdb1d1c0360>),passthrough,"{'first_scale': 'passthrough', 'frequency': FunctionTransformer(func=<function power_phase_stft at 0x7fdb1d1ef9c0>), 'model': HistGradientBoostingRegressor(early_stopping=True, max_iter=10000,
                              n_iter_no_change=100, random_state=42,
                              scoring='neg_root_mean_squared_error'), 'model__l2_regularization': 1, 'model__learning_rate': 0.015, 'model__loss': 'squared_error', 'model__max_bins': 63, 'model__max_depth': None, 'model__max_features': 0.01, 'model__max_leaf_nodes': 255, 'model__min_samples_leaf': 12000, 'reshape': FunctionTransformer(func=<function reshape at 0x7fdb1d1c0360>), 'second_scale': 'passthrough'}",0.08779245294685611,0.08779245294685611,0.0,1,0.24806053546158535,0.24806053546158535,0.0,0.9550955695914121,0.8671444311868782
0,31232.92325282097,0.0,70.36330127716064,0.0,passthrough,power_phase_stft,"HistGradientBoostingRegressor(early_stopping=True, max_iter=10000,
                              n_iter_no_change=100, random_state=42,
                              scoring='neg_root_mean_squared_error')",10,0.05,absolute_error,32,3,1.0,255,6400,FunctionTransformer(func=<function reshape at 0x7fdb1d1c0360>),passthrough,"{'first_scale': 'passthrough', 'frequency': FunctionTransformer(func=<function power_phase_stft at 0x7fdb1d1ef9c0>), 'model': HistGradientBoostingRegressor(early_stopping=True, max_iter=10000,
                              n_iter_no_change=100, random_state=42,
                              scoring='neg_root_mean_squared_error'), 'model__l2_regularization': 10, 'model__learning_rate': 0.05, 'model__loss': 'absolute_error', 'model__max_bins': 32, 'model__max_depth': 3, 'model__max_features': 1.0, 'model__max_leaf_nodes': 255, 'model__min_samples_leaf': 6400, 'reshape': FunctionTransformer(func=<function reshape at 0x7fdb1d1c0360>), 'second_scale': 'passthrough'}",0.08645679158128805,0.08645679158128805,0.0,1,0.21358441608771606,0.21358441608771606,0.0,0.9557945429948383,0.8868007577310046
0,29896.79225230217,0.0,75.28054857254028,0.0,passthrough,power_phase_stft,"HistGradientBoostingRegressor(early_stopping=True, max_iter=10000,
                              n_iter_no_change=100, random_state=42,
                              scoring='neg_root_mean_squared_error')",200,0.05,absolute_error,32,3,1.0,127,1600,FunctionTransformer(func=<function reshape at 0x7fdb1d1c0360>),passthrough,"{'first_scale': 'passthrough', 'frequency': FunctionTransformer(func=<function power_phase_stft at 0x7fdb1d1ef9c0>), 'model': HistGradientBoostingRegressor(early_stopping=True, max_iter=10000,
                              n_iter_no_change=100, random_state=42,
                              scoring='neg_root_mean_squared_error'), 'model__l2_regularization': 200, 'model__learning_rate': 0.05, 'model__loss': 'absolute_error', 'model__max_bins': 32, 'model__max_depth': 3, 'model__max_features': 1.0, 'model__max_leaf_nodes': 127, 'model__min_samples_leaf': 1600, 'reshape': FunctionTransformer(func=<function reshape at 0x7fdb1d1c0360>), 'second_scale': 'passthrough'}",0.08555221315826567,0.08555221315826567,0.0,1,0.2405003752236009,0.2405003752236009,0.0,0.9562676334801541,0.8714927565828641
0,33403.43242955208,0.0,68.69015312194824,0.0,passthrough,power_phase_stft,"HistGradientBoostingRegressor(early_stopping=True, max_iter=10000,
                              n_iter_no_change=100, random_state=42,
                              scoring='neg_root_mean_squared_error')",200,0.02,absolute_error,32,3,1.0,127,6400,FunctionTransformer(func=<function reshape at 0x7fdb1d1c0360>),passthrough,"{'first_scale': 'passthrough', 'frequency': FunctionTransformer(func=<function power_phase_stft at 0x7fdb1d1ef9c0>), 'model': HistGradientBoostingRegressor(early_stopping=True, max_iter=10000,
                              n_iter_no_change=100, random_state=42,
                              scoring='neg_root_mean_squared_error'), 'model__l2_regularization': 200, 'model__learning_rate': 0.02, 'model__loss': 'absolute_error', 'model__max_bins': 32, 'model__max_depth': 3, 'model__max_features': 1.0, 'model__max_leaf_nodes': 127, 'model__min_samples_leaf': 6400, 'reshape': FunctionTransformer(func=<function reshape at 0x7fdb1d1c0360>), 'second_scale': 'passthrough'}",0.08654854290354652,0.08654854290354652,0.0,1,0.19002076796846612,0.19002076796846612,0.0,0.9557465443811207,0.8999884621657845
0,20641.754825115204,0.0,54.3948540687561,0.0,passthrough,power_phase_stft,"HistGradientBoostingRegressor(early_stopping=True, max_iter=10000,
                              n_iter_no_change=100, random_state=42,
                              scoring='neg_root_mean_squared_error')",50,0.025,squared_error,63,3,0.005,63,3200,FunctionTransformer(func=<function reshape at 0x7fdb1d1c0360>),passthrough,"{'first_scale': 'passthrough', 'frequency': FunctionTransformer(func=<function power_phase_stft at 0x7fdb1d1ef9c0>), 'model': HistGradientBoostingRegressor(early_stopping=True, max_iter=10000,
                              n_iter_no_change=100, random_state=42,
                              scoring='neg_root_mean_squared_error'), 'model__l2_regularization': 50, 'model__learning_rate': 0.025, 'model__loss': 'squared_error', 'model__max_bins': 63, 'model__max_depth': 3, 'model__max_features': 0.005, 'model__max_leaf_nodes': 63, 'model__min_samples_leaf': 3200, 'reshape': FunctionTransformer(func=<function reshape at 0x7fdb1d1c0360>), 'second_scale': 'passthrough'}",0.08617812335073172,0.08617812335073172,0.0,1,0.2979733397681029,0.2979733397681029,0.0,0.9559403101916292,0.8378703122989244
0,28141.43887066841,0.0,64.02700543403625,0.0,passthrough,power_phase_stft,"HistGradientBoostingRegressor(early_stopping=True, max_iter=10000,
                              n_iter_no_change=100, random_state=42,
                              scoring='neg_root_mean_squared_error')",50,0.05,absolute_error,32,3,0.2,127,1600,FunctionTransformer(func=<function reshape at 0x7fdb1d1c0360>),passthrough,"{'first_scale': 'passthrough', 'frequency': FunctionTransformer(func=<function power_phase_stft at 0x7fdb1d1ef9c0>), 'model': HistGradientBoostingRegressor(early_stopping=True, max_iter=10000,
                              n_iter_no_change=100, random_state=42,
                              scoring='neg_root_mean_squared_error'), 'model__l2_regularization': 50, 'model__learning_rate': 0.05, 'model__loss': 'absolute_error', 'model__max_bins': 32, 'model__max_depth': 3, 'model__max_features': 0.2, 'model__max_leaf_nodes': 127, 'model__min_samples_leaf': 1600, 'reshape': FunctionTransformer(func=<function reshape at 0x7fdb1d1c0360>), 'second_scale': 'passthrough'}",0.08462747533041737,0.08462747533041737,0.0,1,0.24598156498865031,0.24598156498865031,0.0,0.956751025434299,0.8683423489680494
0,32619.842099428177,0.0,92.97754144668579,0.0,passthrough,power_phase_stft,"HistGradientBoostingRegressor(early_stopping=True, max_iter=10000,
                              n_iter_no_change=100, random_state=42,
                              scoring='neg_root_mean_squared_error')",200,0.025,squared_error,63,3,0.005,63,1600,FunctionTransformer(func=<function reshape at 0x7fdb1d1c0360>),passthrough,"{'first_scale': 'passthrough', 'frequency': FunctionTransformer(func=<function power_phase_stft at 0x7fdb1d1ef9c0>), 'model': HistGradientBoostingRegressor(early_stopping=True, max_iter=10000,
                              n_iter_no_change=100, random_state=42,
                              scoring='neg_root_mean_squared_error'), 'model__l2_regularization': 200, 'model__learning_rate': 0.025, 'model__loss': 'squared_error', 'model__max_bins': 63, 'model__max_depth': 3, 'model__max_features': 0.005, 'model__max_leaf_nodes': 63, 'model__min_samples_leaf': 1600, 'reshape': FunctionTransformer(func=<function reshape at 0x7fdb1d1c0360>), 'second_scale': 'passthrough'}",0.08560257899248613,0.08560257899248613,0.0,1,0.37203498087986675,0.37203498087986675,0.0,0.9562412985264305,0.7924424389948669
0,34611.58146262169,0.0,69.92780375480652,0.0,passthrough,power_phase_stft,"HistGradientBoostingRegressor(early_stopping=True, max_iter=10000,
                              n_iter_no_change=100, random_state=42,
                              scoring='neg_root_mean_squared_error')",50,0.02,absolute_error,32,3,0.2,255,1600,FunctionTransformer(func=<function reshape at 0x7fdb1d1c0360>),passthrough,"{'first_scale': 'passthrough', 'frequency': FunctionTransformer(func=<function power_phase_stft at 0x7fdb1d1ef9c0>), 'model': HistGradientBoostingRegressor(early_stopping=True, max_iter=10000,
                              n_iter_no_change=100, random_state=42,
                              scoring='neg_root_mean_squared_error'), 'model__l2_regularization': 50, 'model__learning_rate': 0.02, 'model__loss': 'absolute_error', 'model__max_bins': 32, 'model__max_depth': 3, 'model__max_features': 0.2, 'model__max_leaf_nodes': 255, 'model__min_samples_leaf': 1600, 'reshape': FunctionTransformer(func=<function reshape at 0x7fdb1d1c0360>), 'second_scale': 'passthrough'}",0.08660007551061666,0.08660007551061666,0.0,1,0.2169097680275025,0.2169097680275025,0.0,0.9557195846530421,0.8849238565958641
0,28951.515647888184,0.0,64.1538507938385,0.0,passthrough,power_phase_stft,"HistGradientBoostingRegressor(early_stopping=True, max_iter=10000,
                              n_iter_no_change=100, random_state=42,
                              scoring='neg_root_mean_squared_error')",50,0.02,absolute_error,32,3,0.5,255,3200,FunctionTransformer(func=<function reshape at 0x7fdb1d1c0360>),passthrough,"{'first_scale': 'passthrough', 'frequency': FunctionTransformer(func=<function power_phase_stft at 0x7fdb1d1ef9c0>), 'model': HistGradientBoostingRegressor(early_stopping=True, max_iter=10000,
                              n_iter_no_change=100, random_state=42,
                              scoring='neg_root_mean_squared_error'), 'model__l2_regularization': 50, 'model__learning_rate': 0.02, 'model__loss': 'absolute_error', 'model__max_bins': 32, 'model__max_depth': 3, 'model__max_features': 0.5, 'model__max_leaf_nodes': 255, 'model__min_samples_leaf': 3200, 'reshape': FunctionTransformer(func=<function reshape at 0x7fdb1d1c0360>), 'second_scale': 'passthrough'}",0.08627089912503083,0.08627089912503083,0.0,1,0.2021086434926982,0.2021086434926982,0.0,0.9558917830355951,0.8932476456768872
0,31345.255464553833,0.0,67.62076044082642,0.0,passthrough,power_phase_stft,"HistGradientBoostingRegressor(early_stopping=True, max_iter=10000,
                              n_iter_no_change=100, random_state=42,
                              scoring='neg_root_mean_squared_error')",50,0.05,absolute_error,32,3,0.2,255,6400,FunctionTransformer(func=<function reshape at 0x7fdb1d1c0360>),passthrough,"{'first_scale': 'passthrough', 'frequency': FunctionTransformer(func=<function power_phase_stft at 0x7fdb1d1ef9c0>), 'model': HistGradientBoostingRegressor(early_stopping=True, max_iter=10000,
                              n_iter_no_change=100, random_state=42,
                              scoring='neg_root_mean_squared_error'), 'model__l2_regularization': 50, 'model__learning_rate': 0.05, 'model__loss': 'absolute_error', 'model__max_bins': 32, 'model__max_depth': 3, 'model__max_features': 0.2, 'model__max_leaf_nodes': 255, 'model__min_samples_leaf': 6400, 'reshape': FunctionTransformer(func=<function reshape at 0x7fdb1d1c0360>), 'second_scale': 'passthrough'}",0.0858966861492132,0.0858966861492132,0.0,1,0.21042861854144512,0.21042861854144512,0.0,0.956087503239524,0.8885782922503537
0,31285.720726251602,0.0,67.79916977882385,0.0,passthrough,power_phase_stft,"HistGradientBoostingRegressor(early_stopping=True, max_iter=10000,
                              n_iter_no_change=100, random_state=42,
                              scoring='neg_root_mean_squared_error')",50,0.05,absolute_error,32,3,1.0,255,1600,FunctionTransformer(func=<function reshape at 0x7fdb1d1c0360>),passthrough,"{'first_scale': 'passthrough', 'frequency': FunctionTransformer(func=<function power_phase_stft at 0x7fdb1d1ef9c0>), 'model': HistGradientBoostingRegressor(early_stopping=True, max_iter=10000,
                              n_iter_no_change=100, random_state=42,
                              scoring='neg_root_mean_squared_error'), 'model__l2_regularization': 50, 'model__learning_rate': 0.05, 'model__loss': 'absolute_error', 'model__max_bins': 32, 'model__max_depth': 3, 'model__max_features': 1.0, 'model__max_leaf_nodes': 255, 'model__min_samples_leaf': 1600, 'reshape': FunctionTransformer(func=<function reshape at 0x7fdb1d1c0360>), 'second_scale': 'passthrough'}",0.08609545150195108,0.08609545150195108,0.0,1,0.25167240227076937,0.25167240227076937,0.0,0.955983550328168,0.8650593030129383
0,31434.10589838028,0.0,71.79380989074707,0.0,passthrough,power_phase_stft,"HistGradientBoostingRegressor(early_stopping=True, max_iter=10000,
                              n_iter_no_change=100, random_state=42,
                              scoring='neg_root_mean_squared_error')",50,0.05,absolute_error,32,3,0.2,127,6400,FunctionTransformer(func=<function reshape at 0x7fdb1d1c0360>),passthrough,"{'first_scale': 'passthrough', 'frequency': FunctionTransformer(func=<function power_phase_stft at 0x7fdb1d1ef9c0>), 'model': HistGradientBoostingRegressor(early_stopping=True, max_iter=10000,
                              n_iter_no_change=100, random_state=42,
                              scoring='neg_root_mean_squared_error'), 'model__l2_regularization': 50, 'model__learning_rate': 0.05, 'model__loss': 'absolute_error', 'model__max_bins': 32, 'model__max_depth': 3, 'model__max_features': 0.2, 'model__max_leaf_nodes': 127, 'model__min_samples_leaf': 6400, 'reshape': FunctionTransformer(func=<function reshape at 0x7fdb1d1c0360>), 'second_scale': 'passthrough'}",0.0858966861492132,0.0858966861492132,0.0,1,0.21042861854144512,0.21042861854144512,0.0,0.956087503239524,0.8885782922503537
0,33294.459305524826,0.0,73.1984646320343,0.0,passthrough,power_phase_stft,"HistGradientBoostingRegressor(early_stopping=True, max_iter=10000,
                              n_iter_no_change=100, random_state=42,
                              scoring='neg_root_mean_squared_error')",50,0.05,absolute_error,32,3,0.5,127,1600,FunctionTransformer(func=<function reshape at 0x7fdb1d1c0360>),passthrough,"{'first_scale': 'passthrough', 'frequency': FunctionTransformer(func=<function power_phase_stft at 0x7fdb1d1ef9c0>), 'model': HistGradientBoostingRegressor(early_stopping=True, max_iter=10000,
                              n_iter_no_change=100, random_state=42,
                              scoring='neg_root_mean_squared_error'), 'model__l2_regularization': 50, 'model__learning_rate': 0.05, 'model__loss': 'absolute_error', 'model__max_bins': 32, 'model__max_depth': 3, 'model__max_features': 0.5, 'model__max_leaf_nodes': 127, 'model__min_samples_leaf': 1600, 'reshape': FunctionTransformer(func=<function reshape at 0x7fdb1d1c0360>), 'second_scale': 'passthrough'}",0.08541976560285847,0.08541976560285847,0.0,1,0.25165461921827925,0.25165461921827925,0.0,0.9563368833194407,0.865069581468289
0,32368.413165807724,0.0,68.08406019210815,0.0,passthrough,power_phase_stft,"HistGradientBoostingRegressor(early_stopping=True, max_iter=10000,
                              n_iter_no_change=100, random_state=42,
                              scoring='neg_root_mean_squared_error')",10,0.05,absolute_error,32,3,1.0,255,3200,FunctionTransformer(func=<function reshape at 0x7fdb1d1c0360>),passthrough,"{'first_scale': 'passthrough', 'frequency': FunctionTransformer(func=<function power_phase_stft at 0x7fdb1d1ef9c0>), 'model': HistGradientBoostingRegressor(early_stopping=True, max_iter=10000,
                              n_iter_no_change=100, random_state=42,
                              scoring='neg_root_mean_squared_error'), 'model__l2_regularization': 10, 'model__learning_rate': 0.05, 'model__loss': 'absolute_error', 'model__max_bins': 32, 'model__max_depth': 3, 'model__max_features': 1.0, 'model__max_leaf_nodes': 255, 'model__min_samples_leaf': 3200, 'reshape': FunctionTransformer(func=<function reshape at 0x7fdb1d1c0360>), 'second_scale': 'passthrough'}",0.08530014918944162,0.08530014918944162,0.0,1,0.2367948799882672,0.2367948799882672,0.0,0.9563994201224498,0.8736161170741602
0,33115.72307395935,0.0,75.11446237564087,0.0,passthrough,power_phase_stft,"HistGradientBoostingRegressor(early_stopping=True, max_iter=10000,
                              n_iter_no_change=100, random_state=42,
                              scoring='neg_root_mean_squared_error')",50,0.03,absolute_error,32,3,0.2,255,1600,FunctionTransformer(func=<function reshape at 0x7fdb1d1c0360>),passthrough,"{'first_scale': 'passthrough', 'frequency': FunctionTransformer(func=<function power_phase_stft at 0x7fdb1d1ef9c0>), 'model': HistGradientBoostingRegressor(early_stopping=True, max_iter=10000,
                              n_iter_no_change=100, random_state=42,
                              scoring='neg_root_mean_squared_error'), 'model__l2_regularization': 50, 'model__learning_rate': 0.03, 'model__loss': 'absolute_error', 'model__max_bins': 32, 'model__max_depth': 3, 'model__max_features': 0.2, 'model__max_leaf_nodes': 255, 'model__min_samples_leaf': 1600, 'reshape': FunctionTransformer(func=<function reshape at 0x7fdb1d1c0360>), 'second_scale': 'passthrough'}",0.08612038673556222,0.08612038673556222,0.0,1,0.23106396980922872,0.23106396980922872,0.0,0.9559705085746305,0.8768899761034854
0,28408.137219429016,0.0,63.553218841552734,0.0,passthrough,power_phase_stft,"HistGradientBoostingRegressor(early_stopping=True, max_iter=10000,
                              n_iter_no_change=100, random_state=42,
                              scoring='neg_root_mean_squared_error')",10,0.02,squared_error,63,3,0.005,127,3200,FunctionTransformer(func=<function reshape at 0x7fdb1d1c0360>),passthrough,"{'first_scale': 'passthrough', 'frequency': FunctionTransformer(func=<function power_phase_stft at 0x7fdb1d1ef9c0>), 'model': HistGradientBoostingRegressor(early_stopping=True, max_iter=10000,
                              n_iter_no_change=100, random_state=42,
                              scoring='neg_root_mean_squared_error'), 'model__l2_regularization': 10, 'model__learning_rate': 0.02, 'model__loss': 'squared_error', 'model__max_bins': 63, 'model__max_depth': 3, 'model__max_features': 0.005, 'model__max_leaf_nodes': 127, 'model__min_samples_leaf': 3200, 'reshape': FunctionTransformer(func=<function reshape at 0x7fdb1d1c0360>), 'second_scale': 'passthrough'}",0.08571397970903338,0.08571397970903338,0.0,1,0.34841060129771684,0.34841060129771684,0.0,0.9561830474814781,0.8072108762289338
