,mean_fit_time,std_fit_time,mean_score_time,std_score_time,param_first_scale,param_frequency,param_model,param_model__l2_regularization,param_model__learning_rate,param_model__loss,param_model__max_bins,param_model__max_depth,param_model__max_features,param_model__max_leaf_nodes,param_model__min_samples_leaf,param_reshape,param_second_scale,params,split0_test_score,mean_test_score,std_test_score,rank_test_score,split0_train_score,mean_train_score,std_train_score,nrmse_test,nrmse_train
0,24652.65593934059,0.0,85.41924405097961,0.0,passthrough,power_phase_stft,"HistGradientBoostingRegressor(early_stopping=True, max_iter=10000,
                              n_iter_no_change=100, random_state=42,
                              scoring='neg_root_mean_squared_error')",400,0.05,squared_error,32,3,1.0,127,1600,FunctionTransformer(func=<function reshape at 0x7fdb1d1c0360>),passthrough,"{'first_scale': 'passthrough', 'frequency': FunctionTransformer(func=<function power_phase_stft at 0x7fdb1d1ef9c0>), 'model': HistGradientBoostingRegressor(early_stopping=True, max_iter=10000,
                              n_iter_no_change=100, random_state=42,
                              scoring='neg_root_mean_squared_error'), 'model__l2_regularization': 400, 'model__learning_rate': 0.05, 'model__loss': 'squared_error', 'model__max_bins': 32, 'model__max_depth': 3, 'model__max_features': 1.0, 'model__max_leaf_nodes': 127, 'model__min_samples_leaf': 1600, 'reshape': FunctionTransformer(func=<function reshape at 0x7fdb1d1c0360>), 'second_scale': 'passthrough'}",0.07828706693790588,0.07828706693790588,0.0,1,0.46097701873804386,0.46097701873804386,0.0,0.9600588175013519,0.7341818448190858
0,17073.265624046326,0.0,49.25109648704529,0.0,passthrough,power_phase_stft,"HistGradientBoostingRegressor(early_stopping=True, max_iter=10000,
                              n_iter_no_change=100, random_state=42,
                              scoring='neg_root_mean_squared_error')",200,0.05,squared_error,32,3,0.5,255,3200,FunctionTransformer(func=<function reshape at 0x7fdb1d1c0360>),passthrough,"{'first_scale': 'passthrough', 'frequency': FunctionTransformer(func=<function power_phase_stft at 0x7fdb1d1ef9c0>), 'model': HistGradientBoostingRegressor(early_stopping=True, max_iter=10000,
                              n_iter_no_change=100, random_state=42,
                              scoring='neg_root_mean_squared_error'), 'model__l2_regularization': 200, 'model__learning_rate': 0.05, 'model__loss': 'squared_error', 'model__max_bins': 32, 'model__max_depth': 3, 'model__max_features': 0.5, 'model__max_leaf_nodes': 255, 'model__min_samples_leaf': 3200, 'reshape': FunctionTransformer(func=<function reshape at 0x7fdb1d1c0360>), 'second_scale': 'passthrough'}",0.07574487190482382,0.07574487190482382,0.0,1,0.48555180701320333,0.48555180701320333,0.0,0.9613818846302318,0.7172504395166285
0,45350.20112109184,0.0,105.34281730651855,0.0,passthrough,power_phase_stft,"HistGradientBoostingRegressor(early_stopping=True, max_iter=10000,
                              n_iter_no_change=100, random_state=42,
                              scoring='neg_root_mean_squared_error')",50,0.03,squared_error,32,3,0.2,511,3200,FunctionTransformer(func=<function reshape at 0x7fdb1d1c0360>),passthrough,"{'first_scale': 'passthrough', 'frequency': FunctionTransformer(func=<function power_phase_stft at 0x7fdb1d1ef9c0>), 'model': HistGradientBoostingRegressor(early_stopping=True, max_iter=10000,
                              n_iter_no_change=100, random_state=42,
                              scoring='neg_root_mean_squared_error'), 'model__l2_regularization': 50, 'model__learning_rate': 0.03, 'model__loss': 'squared_error', 'model__max_bins': 32, 'model__max_depth': 3, 'model__max_features': 0.2, 'model__max_leaf_nodes': 511, 'model__min_samples_leaf': 3200, 'reshape': FunctionTransformer(func=<function reshape at 0x7fdb1d1c0360>), 'second_scale': 'passthrough'}",0.07631126393509502,0.07631126393509502,0.0,1,0.49061531767619304,0.49061531767619304,0.0,0.9610872676635067,0.7137119042889833
0,31857.96807026863,0.0,90.13682055473328,0.0,passthrough,power_phase_stft,"HistGradientBoostingRegressor(early_stopping=True, max_iter=10000,
                              n_iter_no_change=100, random_state=42,
                              scoring='neg_root_mean_squared_error')",200,0.05,squared_error,32,6,0.2,511,3200,FunctionTransformer(func=<function reshape at 0x7fdb1d1c0360>),passthrough,"{'first_scale': 'passthrough', 'frequency': FunctionTransformer(func=<function power_phase_stft at 0x7fdb1d1ef9c0>), 'model': HistGradientBoostingRegressor(early_stopping=True, max_iter=10000,
                              n_iter_no_change=100, random_state=42,
                              scoring='neg_root_mean_squared_error'), 'model__l2_regularization': 200, 'model__learning_rate': 0.05, 'model__loss': 'squared_error', 'model__max_bins': 32, 'model__max_depth': 6, 'model__max_features': 0.2, 'model__max_leaf_nodes': 511, 'model__min_samples_leaf': 3200, 'reshape': FunctionTransformer(func=<function reshape at 0x7fdb1d1c0360>), 'second_scale': 'passthrough'}",0.07235362243103749,0.07235362243103749,0.0,1,0.6621162354415681,0.6621162354415681,0.0,0.9631440066620165,0.5812777000353893
0,35919.29573893547,0.0,78.45690417289734,0.0,passthrough,power_phase_stft,"HistGradientBoostingRegressor(early_stopping=True, max_iter=10000,
                              n_iter_no_change=100, random_state=42,
                              scoring='neg_root_mean_squared_error')",400,0.03,squared_error,32,6,0.2,511,3200,FunctionTransformer(func=<function reshape at 0x7fdb1d1c0360>),passthrough,"{'first_scale': 'passthrough', 'frequency': FunctionTransformer(func=<function power_phase_stft at 0x7fdb1d1ef9c0>), 'model': HistGradientBoostingRegressor(early_stopping=True, max_iter=10000,
                              n_iter_no_change=100, random_state=42,
                              scoring='neg_root_mean_squared_error'), 'model__l2_regularization': 400, 'model__learning_rate': 0.03, 'model__loss': 'squared_error', 'model__max_bins': 32, 'model__max_depth': 6, 'model__max_features': 0.2, 'model__max_leaf_nodes': 511, 'model__min_samples_leaf': 3200, 'reshape': FunctionTransformer(func=<function reshape at 0x7fdb1d1c0360>), 'second_scale': 'passthrough'}",0.07452513542494599,0.07452513542494599,0.0,1,0.6878926388658342,0.6878926388658342,0.0,0.9620160417451749,0.5586656971160533
0,30247.663348674774,0.0,67.11390805244446,0.0,passthrough,power_phase_stft,"HistGradientBoostingRegressor(early_stopping=True, max_iter=10000,
                              n_iter_no_change=100, random_state=42,
                              scoring='neg_root_mean_squared_error')",400,0.02,squared_error,32,3,0.5,255,1600,FunctionTransformer(func=<function reshape at 0x7fdb1d1c0360>),passthrough,"{'first_scale': 'passthrough', 'frequency': FunctionTransformer(func=<function power_phase_stft at 0x7fdb1d1ef9c0>), 'model': HistGradientBoostingRegressor(early_stopping=True, max_iter=10000,
                              n_iter_no_change=100, random_state=42,
                              scoring='neg_root_mean_squared_error'), 'model__l2_regularization': 400, 'model__learning_rate': 0.02, 'model__loss': 'squared_error', 'model__max_bins': 32, 'model__max_depth': 3, 'model__max_features': 0.5, 'model__max_leaf_nodes': 255, 'model__min_samples_leaf': 1600, 'reshape': FunctionTransformer(func=<function reshape at 0x7fdb1d1c0360>), 'second_scale': 'passthrough'}",0.08173485802146896,0.08173485802146896,0.0,1,0.44671077779936286,0.44671077779936286,0.0,0.9582615206604777,0.7438341362162919
0,15842.648643255234,0.0,59.66485023498535,0.0,passthrough,power_phase_stft,"HistGradientBoostingRegressor(early_stopping=True, max_iter=10000,
                              n_iter_no_change=100, random_state=42,
                              scoring='neg_root_mean_squared_error')",200,0.05,squared_error,32,3,0.2,255,3200,FunctionTransformer(func=<function reshape at 0x7fdb1d1c0360>),passthrough,"{'first_scale': 'passthrough', 'frequency': FunctionTransformer(func=<function power_phase_stft at 0x7fdb1d1ef9c0>), 'model': HistGradientBoostingRegressor(early_stopping=True, max_iter=10000,
                              n_iter_no_change=100, random_state=42,
                              scoring='neg_root_mean_squared_error'), 'model__l2_regularization': 200, 'model__learning_rate': 0.05, 'model__loss': 'squared_error', 'model__max_bins': 32, 'model__max_depth': 3, 'model__max_features': 0.2, 'model__max_leaf_nodes': 255, 'model__min_samples_leaf': 3200, 'reshape': FunctionTransformer(func=<function reshape at 0x7fdb1d1c0360>), 'second_scale': 'passthrough'}",0.08077887712777831,0.08077887712777831,0.0,1,0.3831562149922668,0.3831562149922668,0.0,0.9587602009221189,0.7853940316858368
0,18625.005496025085,0.0,48.609519720077515,0.0,passthrough,power_phase_stft,"HistGradientBoostingRegressor(early_stopping=True, max_iter=10000,
                              n_iter_no_change=100, random_state=42,
                              scoring='neg_root_mean_squared_error')",100,0.05,squared_error,32,3,1.0,511,3200,FunctionTransformer(func=<function reshape at 0x7fdb1d1c0360>),passthrough,"{'first_scale': 'passthrough', 'frequency': FunctionTransformer(func=<function power_phase_stft at 0x7fdb1d1ef9c0>), 'model': HistGradientBoostingRegressor(early_stopping=True, max_iter=10000,
                              n_iter_no_change=100, random_state=42,
                              scoring='neg_root_mean_squared_error'), 'model__l2_regularization': 100, 'model__learning_rate': 0.05, 'model__loss': 'squared_error', 'model__max_bins': 32, 'model__max_depth': 3, 'model__max_features': 1.0, 'model__max_leaf_nodes': 511, 'model__min_samples_leaf': 3200, 'reshape': FunctionTransformer(func=<function reshape at 0x7fdb1d1c0360>), 'second_scale': 'passthrough'}",0.07052824178092432,0.07052824178092432,0.0,1,0.5247238375158084,0.5247238375158084,0.0,0.964091156592091,0.6894027578159168
0,17139.77838587761,0.0,59.20958423614502,0.0,passthrough,power_phase_stft,"HistGradientBoostingRegressor(early_stopping=True, max_iter=10000,
                              n_iter_no_change=100, random_state=42,
                              scoring='neg_root_mean_squared_error')",100,0.05,squared_error,32,3,0.2,511,3200,FunctionTransformer(func=<function reshape at 0x7fdb1d1c0360>),passthrough,"{'first_scale': 'passthrough', 'frequency': FunctionTransformer(func=<function power_phase_stft at 0x7fdb1d1ef9c0>), 'model': HistGradientBoostingRegressor(early_stopping=True, max_iter=10000,
                              n_iter_no_change=100, random_state=42,
                              scoring='neg_root_mean_squared_error'), 'model__l2_regularization': 100, 'model__learning_rate': 0.05, 'model__loss': 'squared_error', 'model__max_bins': 32, 'model__max_depth': 3, 'model__max_features': 0.2, 'model__max_leaf_nodes': 511, 'model__min_samples_leaf': 3200, 'reshape': FunctionTransformer(func=<function reshape at 0x7fdb1d1c0360>), 'second_scale': 'passthrough'}",0.07855729542714418,0.07855729542714418,0.0,1,0.4124073637247425,0.4124073637247425,0.0,0.9599180718024095,0.7665459126988138
0,36542.95497632027,0.0,64.59933614730835,0.0,passthrough,power_phase_stft,"HistGradientBoostingRegressor(early_stopping=True, max_iter=10000,
                              n_iter_no_change=100, random_state=42,
                              scoring='neg_root_mean_squared_error')",400,0.005,squared_error,63,None,1.0,127,9600,FunctionTransformer(func=<function reshape at 0x7fdb1d1c0360>),passthrough,"{'first_scale': 'passthrough', 'frequency': FunctionTransformer(func=<function power_phase_stft at 0x7fdb1d1ef9c0>), 'model': HistGradientBoostingRegressor(early_stopping=True, max_iter=10000,
                              n_iter_no_change=100, random_state=42,
                              scoring='neg_root_mean_squared_error'), 'model__l2_regularization': 400, 'model__learning_rate': 0.005, 'model__loss': 'squared_error', 'model__max_bins': 63, 'model__max_depth': None, 'model__max_features': 1.0, 'model__max_leaf_nodes': 127, 'model__min_samples_leaf': 9600, 'reshape': FunctionTransformer(func=<function reshape at 0x7fdb1d1c0360>), 'second_scale': 'passthrough'}",0.08757800970783514,0.08757800970783514,0.0,1,0.2070320877422137,0.2070320877422137,0.0,0.9552078257071416,0.8904874576645009
0,34251.50996041298,0.0,102.64546704292297,0.0,passthrough,power_phase_stft,"HistGradientBoostingRegressor(early_stopping=True, max_iter=10000,
                              n_iter_no_change=100, random_state=42,
                              scoring='neg_root_mean_squared_error')",50,0.05,squared_error,32,3,0.5,255,3200,FunctionTransformer(func=<function reshape at 0x7fdb1d1c0360>),passthrough,"{'first_scale': 'passthrough', 'frequency': FunctionTransformer(func=<function power_phase_stft at 0x7fdb1d1ef9c0>), 'model': HistGradientBoostingRegressor(early_stopping=True, max_iter=10000,
                              n_iter_no_change=100, random_state=42,
                              scoring='neg_root_mean_squared_error'), 'model__l2_regularization': 50, 'model__learning_rate': 0.05, 'model__loss': 'squared_error', 'model__max_bins': 32, 'model__max_depth': 3, 'model__max_features': 0.5, 'model__max_leaf_nodes': 255, 'model__min_samples_leaf': 3200, 'reshape': FunctionTransformer(func=<function reshape at 0x7fdb1d1c0360>), 'second_scale': 'passthrough'}",0.0802993803224521,0.0802993803224521,0.0,1,0.39876171161318985,0.39876171161318985,0.0,0.9590102291829571,0.7753955689754811
0,35657.22383260727,0.0,59.29192662239075,0.0,passthrough,power_phase_stft,"HistGradientBoostingRegressor(early_stopping=True, max_iter=10000,
                              n_iter_no_change=100, random_state=42,
                              scoring='neg_root_mean_squared_error')",100,0.005,squared_error,63,6,1.0,255,9600,FunctionTransformer(func=<function reshape at 0x7fdb1d1c0360>),passthrough,"{'first_scale': 'passthrough', 'frequency': FunctionTransformer(func=<function power_phase_stft at 0x7fdb1d1ef9c0>), 'model': HistGradientBoostingRegressor(early_stopping=True, max_iter=10000,
                              n_iter_no_change=100, random_state=42,
                              scoring='neg_root_mean_squared_error'), 'model__l2_regularization': 100, 'model__learning_rate': 0.005, 'model__loss': 'squared_error', 'model__max_bins': 63, 'model__max_depth': 6, 'model__max_features': 1.0, 'model__max_leaf_nodes': 255, 'model__min_samples_leaf': 9600, 'reshape': FunctionTransformer(func=<function reshape at 0x7fdb1d1c0360>), 'second_scale': 'passthrough'}",0.0875876677841112,0.0875876677841112,0.0,1,0.2094938801300692,0.2094938801300692,0.0,0.9552027702094926,0.8891041108160117
0,21718.149020195007,0.0,56.232471227645874,0.0,passthrough,power_phase_stft,"HistGradientBoostingRegressor(early_stopping=True, max_iter=10000,
                              n_iter_no_change=100, random_state=42,
                              scoring='neg_root_mean_squared_error')",400,0.03,squared_error,32,3,1.0,127,3200,FunctionTransformer(func=<function reshape at 0x7fdb1d1c0360>),passthrough,"{'first_scale': 'passthrough', 'frequency': FunctionTransformer(func=<function power_phase_stft at 0x7fdb1d1ef9c0>), 'model': HistGradientBoostingRegressor(early_stopping=True, max_iter=10000,
                              n_iter_no_change=100, random_state=42,
                              scoring='neg_root_mean_squared_error'), 'model__l2_regularization': 400, 'model__learning_rate': 0.03, 'model__loss': 'squared_error', 'model__max_bins': 32, 'model__max_depth': 3, 'model__max_features': 1.0, 'model__max_leaf_nodes': 127, 'model__min_samples_leaf': 3200, 'reshape': FunctionTransformer(func=<function reshape at 0x7fdb1d1c0360>), 'second_scale': 'passthrough'}",0.07929577924705888,0.07929577924705888,0.0,1,0.43841627939893646,0.43841627939893646,0.0,0.9595333348836512,0.7493888981036906
0,36360.717740774155,0.0,67.27034449577332,0.0,passthrough,power_phase_stft,"HistGradientBoostingRegressor(early_stopping=True, max_iter=10000,
                              n_iter_no_change=100, random_state=42,
                              scoring='neg_root_mean_squared_error')",800,0.01,squared_error,63,None,0.5,255,9600,FunctionTransformer(func=<function reshape at 0x7fdb1d1c0360>),passthrough,"{'first_scale': 'passthrough', 'frequency': FunctionTransformer(func=<function power_phase_stft at 0x7fdb1d1ef9c0>), 'model': HistGradientBoostingRegressor(early_stopping=True, max_iter=10000,
                              n_iter_no_change=100, random_state=42,
                              scoring='neg_root_mean_squared_error'), 'model__l2_regularization': 800, 'model__learning_rate': 0.01, 'model__loss': 'squared_error', 'model__max_bins': 63, 'model__max_depth': None, 'model__max_features': 0.5, 'model__max_leaf_nodes': 255, 'model__min_samples_leaf': 9600, 'reshape': FunctionTransformer(func=<function reshape at 0x7fdb1d1c0360>), 'second_scale': 'passthrough'}",0.08888406954464045,0.08888406954464045,0.0,1,0.2749696638436909,0.2749696638436909,0.0,0.9545239286971069,0.8514871321143432
0,10988.370092630386,0.0,49.424225091934204,0.0,passthrough,power_phase_stft,"HistGradientBoostingRegressor(early_stopping=True, max_iter=10000,
                              n_iter_no_change=100, random_state=42,
                              scoring='neg_root_mean_squared_error')",50,0.05,squared_error,32,3,1.0,127,3200,FunctionTransformer(func=<function reshape at 0x7fdb1d1c0360>),passthrough,"{'first_scale': 'passthrough', 'frequency': FunctionTransformer(func=<function power_phase_stft at 0x7fdb1d1ef9c0>), 'model': HistGradientBoostingRegressor(early_stopping=True, max_iter=10000,
                              n_iter_no_change=100, random_state=42,
                              scoring='neg_root_mean_squared_error'), 'model__l2_regularization': 50, 'model__learning_rate': 0.05, 'model__loss': 'squared_error', 'model__max_bins': 32, 'model__max_depth': 3, 'model__max_features': 1.0, 'model__max_leaf_nodes': 127, 'model__min_samples_leaf': 3200, 'reshape': FunctionTransformer(func=<function reshape at 0x7fdb1d1c0360>), 'second_scale': 'passthrough'}",0.08173063448437701,0.08173063448437701,0.0,1,0.3449393837869451,0.3449393837869451,0.0,0.9582637244076513,0.8093581507670475
0,35290.24234032631,0.0,56.91010880470276,0.0,passthrough,power_phase_stft,"HistGradientBoostingRegressor(early_stopping=True, max_iter=10000,
                              n_iter_no_change=100, random_state=42,
                              scoring='neg_root_mean_squared_error')",400,0.0025,squared_error,63,None,1.0,255,9600,FunctionTransformer(func=<function reshape at 0x7fdb1d1c0360>),passthrough,"{'first_scale': 'passthrough', 'frequency': FunctionTransformer(func=<function power_phase_stft at 0x7fdb1d1ef9c0>), 'model': HistGradientBoostingRegressor(early_stopping=True, max_iter=10000,
                              n_iter_no_change=100, random_state=42,
                              scoring='neg_root_mean_squared_error'), 'model__l2_regularization': 400, 'model__learning_rate': 0.0025, 'model__loss': 'squared_error', 'model__max_bins': 63, 'model__max_depth': None, 'model__max_features': 1.0, 'model__max_leaf_nodes': 255, 'model__min_samples_leaf': 9600, 'reshape': FunctionTransformer(func=<function reshape at 0x7fdb1d1c0360>), 'second_scale': 'passthrough'}",0.0817311905984226,0.0817311905984226,0.0,1,0.15407962461820512,0.15407962461820512,0.0,0.9582634342400723,0.9197392975086989
0,35584.34020805359,0.0,60.835434913635254,0.0,passthrough,power_phase_stft,"HistGradientBoostingRegressor(early_stopping=True, max_iter=10000,
                              n_iter_no_change=100, random_state=42,
                              scoring='neg_root_mean_squared_error')",400,0.0075,squared_error,63,6,1.0,127,9600,FunctionTransformer(func=<function reshape at 0x7fdb1d1c0360>),passthrough,"{'first_scale': 'passthrough', 'frequency': FunctionTransformer(func=<function power_phase_stft at 0x7fdb1d1ef9c0>), 'model': HistGradientBoostingRegressor(early_stopping=True, max_iter=10000,
                              n_iter_no_change=100, random_state=42,
                              scoring='neg_root_mean_squared_error'), 'model__l2_regularization': 400, 'model__learning_rate': 0.0075, 'model__loss': 'squared_error', 'model__max_bins': 63, 'model__max_depth': 6, 'model__max_features': 1.0, 'model__max_leaf_nodes': 127, 'model__min_samples_leaf': 9600, 'reshape': FunctionTransformer(func=<function reshape at 0x7fdb1d1c0360>), 'second_scale': 'passthrough'}",0.08813600530989474,0.08813600530989474,0.0,1,0.24868576728553915,0.24868576728553915,0.0,0.9549157003055847,0.866783844285564
0,25901.15666127205,0.0,65.23487162590027,0.0,passthrough,power_phase_stft,"HistGradientBoostingRegressor(early_stopping=True, max_iter=10000,
                              n_iter_no_change=100, random_state=42,
                              scoring='neg_root_mean_squared_error')",100,0.02,squared_error,32,6,1.0,511,3200,FunctionTransformer(func=<function reshape at 0x7fdb1d1c0360>),passthrough,"{'first_scale': 'passthrough', 'frequency': FunctionTransformer(func=<function power_phase_stft at 0x7fdb1d1ef9c0>), 'model': HistGradientBoostingRegressor(early_stopping=True, max_iter=10000,
                              n_iter_no_change=100, random_state=42,
                              scoring='neg_root_mean_squared_error'), 'model__l2_regularization': 100, 'model__learning_rate': 0.02, 'model__loss': 'squared_error', 'model__max_bins': 32, 'model__max_depth': 6, 'model__max_features': 1.0, 'model__max_leaf_nodes': 511, 'model__min_samples_leaf': 3200, 'reshape': FunctionTransformer(func=<function reshape at 0x7fdb1d1c0360>), 'second_scale': 'passthrough'}",0.08138359888698843,0.08138359888698843,0.0,1,0.5418303112142357,0.5418303112142357,0.0,0.9584447825060198,0.6768823300882985
0,25336.964101076126,0.0,62.42161417007446,0.0,passthrough,power_phase_stft,"HistGradientBoostingRegressor(early_stopping=True, max_iter=10000,
                              n_iter_no_change=100, random_state=42,
                              scoring='neg_root_mean_squared_error')",50,0.02,squared_error,32,3,1.0,511,1600,FunctionTransformer(func=<function reshape at 0x7fdb1d1c0360>),passthrough,"{'first_scale': 'passthrough', 'frequency': FunctionTransformer(func=<function power_phase_stft at 0x7fdb1d1ef9c0>), 'model': HistGradientBoostingRegressor(early_stopping=True, max_iter=10000,
                              n_iter_no_change=100, random_state=42,
                              scoring='neg_root_mean_squared_error'), 'model__l2_regularization': 50, 'model__learning_rate': 0.02, 'model__loss': 'squared_error', 'model__max_bins': 32, 'model__max_depth': 3, 'model__max_features': 1.0, 'model__max_leaf_nodes': 511, 'model__min_samples_leaf': 1600, 'reshape': FunctionTransformer(func=<function reshape at 0x7fdb1d1c0360>), 'second_scale': 'passthrough'}",0.08119177271593148,0.08119177271593148,0.0,1,0.42678329150910754,0.42678329150910754,0.0,0.9585448488641878,0.7571107636871189
0,37119.894526958466,0.0,83.06915235519409,0.0,passthrough,power_phase_stft,"HistGradientBoostingRegressor(early_stopping=True, max_iter=10000,
                              n_iter_no_change=100, random_state=42,
                              scoring='neg_root_mean_squared_error')",50,0.03,squared_error,32,6,0.2,127,3200,FunctionTransformer(func=<function reshape at 0x7fdb1d1c0360>),passthrough,"{'first_scale': 'passthrough', 'frequency': FunctionTransformer(func=<function power_phase_stft at 0x7fdb1d1ef9c0>), 'model': HistGradientBoostingRegressor(early_stopping=True, max_iter=10000,
                              n_iter_no_change=100, random_state=42,
                              scoring='neg_root_mean_squared_error'), 'model__l2_regularization': 50, 'model__learning_rate': 0.03, 'model__loss': 'squared_error', 'model__max_bins': 32, 'model__max_depth': 6, 'model__max_features': 0.2, 'model__max_leaf_nodes': 127, 'model__min_samples_leaf': 3200, 'reshape': FunctionTransformer(func=<function reshape at 0x7fdb1d1c0360>), 'second_scale': 'passthrough'}",0.07292486295757683,0.07292486295757683,0.0,1,0.7149860340357539,0.7149860340357539,0.0,0.9628474110898482,0.5338669927652824
0,16003.652816295624,0.0,47.061119079589844,0.0,passthrough,power_phase_stft,"HistGradientBoostingRegressor(early_stopping=True, max_iter=10000,
                              n_iter_no_change=100, random_state=42,
                              scoring='neg_root_mean_squared_error')",200,0.03,squared_error,32,3,0.5,511,1600,FunctionTransformer(func=<function reshape at 0x7fdb1d1c0360>),passthrough,"{'first_scale': 'passthrough', 'frequency': FunctionTransformer(func=<function power_phase_stft at 0x7fdb1d1ef9c0>), 'model': HistGradientBoostingRegressor(early_stopping=True, max_iter=10000,
                              n_iter_no_change=100, random_state=42,
                              scoring='neg_root_mean_squared_error'), 'model__l2_regularization': 200, 'model__learning_rate': 0.03, 'model__loss': 'squared_error', 'model__max_bins': 32, 'model__max_depth': 3, 'model__max_features': 0.5, 'model__max_leaf_nodes': 511, 'model__min_samples_leaf': 1600, 'reshape': FunctionTransformer(func=<function reshape at 0x7fdb1d1c0360>), 'second_scale': 'passthrough'}",0.0836867441640543,0.0836867441640543,0.0,1,0.3999433624439416,0.3999433624439416,0.0,0.9572425271768622,0.7746332277639906
0,35270.078311920166,0.0,81.68116497993469,0.0,passthrough,power_phase_stft,"HistGradientBoostingRegressor(early_stopping=True, max_iter=10000,
                              n_iter_no_change=100, random_state=42,
                              scoring='neg_root_mean_squared_error')",400,0.03,squared_error,32,6,0.2,127,3200,FunctionTransformer(func=<function reshape at 0x7fdb1d1c0360>),passthrough,"{'first_scale': 'passthrough', 'frequency': FunctionTransformer(func=<function power_phase_stft at 0x7fdb1d1ef9c0>), 'model': HistGradientBoostingRegressor(early_stopping=True, max_iter=10000,
                              n_iter_no_change=100, random_state=42,
                              scoring='neg_root_mean_squared_error'), 'model__l2_regularization': 400, 'model__learning_rate': 0.03, 'model__loss': 'squared_error', 'model__max_bins': 32, 'model__max_depth': 6, 'model__max_features': 0.2, 'model__max_leaf_nodes': 127, 'model__min_samples_leaf': 3200, 'reshape': FunctionTransformer(func=<function reshape at 0x7fdb1d1c0360>), 'second_scale': 'passthrough'}",0.07452513542494599,0.07452513542494599,0.0,1,0.6878926388658342,0.6878926388658342,0.0,0.9620160417451749,0.5586656971160533
0,18749.15836930275,0.0,72.71941757202148,0.0,passthrough,power_phase_stft,"HistGradientBoostingRegressor(early_stopping=True, max_iter=10000,
                              n_iter_no_change=100, random_state=42,
                              scoring='neg_root_mean_squared_error')",50,0.05,squared_error,32,6,1.0,255,1600,FunctionTransformer(func=<function reshape at 0x7fdb1d1c0360>),passthrough,"{'first_scale': 'passthrough', 'frequency': FunctionTransformer(func=<function power_phase_stft at 0x7fdb1d1ef9c0>), 'model': HistGradientBoostingRegressor(early_stopping=True, max_iter=10000,
                              n_iter_no_change=100, random_state=42,
                              scoring='neg_root_mean_squared_error'), 'model__l2_regularization': 50, 'model__learning_rate': 0.05, 'model__loss': 'squared_error', 'model__max_bins': 32, 'model__max_depth': 6, 'model__max_features': 1.0, 'model__max_leaf_nodes': 255, 'model__min_samples_leaf': 1600, 'reshape': FunctionTransformer(func=<function reshape at 0x7fdb1d1c0360>), 'second_scale': 'passthrough'}",0.06714582596942986,0.06714582596942986,0.0,1,0.7768291315002562,0.7768291315002562,0.0,0.9658437627435248,0.47240964056604917
0,18540.71821284294,0.0,60.55475831031799,0.0,passthrough,power_phase_stft,"HistGradientBoostingRegressor(early_stopping=True, max_iter=10000,
                              n_iter_no_change=100, random_state=42,
                              scoring='neg_root_mean_squared_error')",200,0.05,squared_error,32,3,1.0,511,1600,FunctionTransformer(func=<function reshape at 0x7fdb1d1c0360>),passthrough,"{'first_scale': 'passthrough', 'frequency': FunctionTransformer(func=<function power_phase_stft at 0x7fdb1d1ef9c0>), 'model': HistGradientBoostingRegressor(early_stopping=True, max_iter=10000,
                              n_iter_no_change=100, random_state=42,
                              scoring='neg_root_mean_squared_error'), 'model__l2_regularization': 200, 'model__learning_rate': 0.05, 'model__loss': 'squared_error', 'model__max_bins': 32, 'model__max_depth': 3, 'model__max_features': 1.0, 'model__max_leaf_nodes': 511, 'model__min_samples_leaf': 1600, 'reshape': FunctionTransformer(func=<function reshape at 0x7fdb1d1c0360>), 'second_scale': 'passthrough'}",0.07631337929945547,0.07631337929945547,0.0,1,0.4825627489782962,0.4825627489782962,0.0,0.961086167157006,0.7193311136199405
0,21358.560957431793,0.0,46.58358311653137,0.0,passthrough,power_phase_stft,"HistGradientBoostingRegressor(early_stopping=True, max_iter=10000,
                              n_iter_no_change=100, random_state=42,
                              scoring='neg_root_mean_squared_error')",100,0.03,squared_error,32,3,0.5,511,3200,FunctionTransformer(func=<function reshape at 0x7fdb1d1c0360>),passthrough,"{'first_scale': 'passthrough', 'frequency': FunctionTransformer(func=<function power_phase_stft at 0x7fdb1d1ef9c0>), 'model': HistGradientBoostingRegressor(early_stopping=True, max_iter=10000,
                              n_iter_no_change=100, random_state=42,
                              scoring='neg_root_mean_squared_error'), 'model__l2_regularization': 100, 'model__learning_rate': 0.03, 'model__loss': 'squared_error', 'model__max_bins': 32, 'model__max_depth': 3, 'model__max_features': 0.5, 'model__max_leaf_nodes': 511, 'model__min_samples_leaf': 3200, 'reshape': FunctionTransformer(func=<function reshape at 0x7fdb1d1c0360>), 'second_scale': 'passthrough'}",0.08089040965484195,0.08089040965484195,0.0,1,0.4327751166481679,0.4327751166481679,0.0,0.9587020341822364,0.7531433351971137
0,36341.40957593918,0.0,66.04799675941467,0.0,passthrough,power_phase_stft,"HistGradientBoostingRegressor(early_stopping=True, max_iter=10000,
                              n_iter_no_change=100, random_state=42,
                              scoring='neg_root_mean_squared_error')",400,0.0075,squared_error,63,None,1.0,127,9600,FunctionTransformer(func=<function reshape at 0x7fdb1d1c0360>),passthrough,"{'first_scale': 'passthrough', 'frequency': FunctionTransformer(func=<function power_phase_stft at 0x7fdb1d1ef9c0>), 'model': HistGradientBoostingRegressor(early_stopping=True, max_iter=10000,
                              n_iter_no_change=100, random_state=42,
                              scoring='neg_root_mean_squared_error'), 'model__l2_regularization': 400, 'model__learning_rate': 0.0075, 'model__loss': 'squared_error', 'model__max_bins': 63, 'model__max_depth': None, 'model__max_features': 1.0, 'model__max_leaf_nodes': 127, 'model__min_samples_leaf': 9600, 'reshape': FunctionTransformer(func=<function reshape at 0x7fdb1d1c0360>), 'second_scale': 'passthrough'}",0.08800514656817116,0.08800514656817116,0.0,1,0.24877805798068564,0.24877805798068564,0.0,0.9549842163260233,0.8667306052167042
0,29270.481098413467,0.0,70.16183638572693,0.0,passthrough,power_phase_stft,"HistGradientBoostingRegressor(early_stopping=True, max_iter=10000,
                              n_iter_no_change=100, random_state=42,
                              scoring='neg_root_mean_squared_error')",200,0.03,squared_error,32,3,0.2,255,1600,FunctionTransformer(func=<function reshape at 0x7fdb1d1c0360>),passthrough,"{'first_scale': 'passthrough', 'frequency': FunctionTransformer(func=<function power_phase_stft at 0x7fdb1d1ef9c0>), 'model': HistGradientBoostingRegressor(early_stopping=True, max_iter=10000,
                              n_iter_no_change=100, random_state=42,
                              scoring='neg_root_mean_squared_error'), 'model__l2_regularization': 200, 'model__learning_rate': 0.03, 'model__loss': 'squared_error', 'model__max_bins': 32, 'model__max_depth': 3, 'model__max_features': 0.2, 'model__max_leaf_nodes': 255, 'model__min_samples_leaf': 1600, 'reshape': FunctionTransformer(func=<function reshape at 0x7fdb1d1c0360>), 'second_scale': 'passthrough'}",0.08012772894711107,0.08012772894711107,0.0,1,0.46268174376444693,0.46268174376444693,0.0,0.9590997190349337,0.7330199562328116
0,32178.036680698395,0.0,89.90990900993347,0.0,passthrough,power_phase_stft,"HistGradientBoostingRegressor(early_stopping=True, max_iter=10000,
                              n_iter_no_change=100, random_state=42,
                              scoring='neg_root_mean_squared_error')",100,0.03,squared_error,32,3,0.5,127,1600,FunctionTransformer(func=<function reshape at 0x7fdb1d1c0360>),passthrough,"{'first_scale': 'passthrough', 'frequency': FunctionTransformer(func=<function power_phase_stft at 0x7fdb1d1ef9c0>), 'model': HistGradientBoostingRegressor(early_stopping=True, max_iter=10000,
                              n_iter_no_change=100, random_state=42,
                              scoring='neg_root_mean_squared_error'), 'model__l2_regularization': 100, 'model__learning_rate': 0.03, 'model__loss': 'squared_error', 'model__max_bins': 32, 'model__max_depth': 3, 'model__max_features': 0.5, 'model__max_leaf_nodes': 127, 'model__min_samples_leaf': 1600, 'reshape': FunctionTransformer(func=<function reshape at 0x7fdb1d1c0360>), 'second_scale': 'passthrough'}",0.0840947317448627,0.0840947317448627,0.0,1,0.4315508718742963,0.4315508718742963,0.0,0.9570293978008917,0.7539556539516789
0,39291.660472393036,0.0,61.96964073181152,0.0,passthrough,power_phase_stft,"HistGradientBoostingRegressor(early_stopping=True, max_iter=10000,
                              n_iter_no_change=100, random_state=42,
                              scoring='neg_root_mean_squared_error')",100,0.03,squared_error,32,6,0.5,511,3200,FunctionTransformer(func=<function reshape at 0x7fdb1d1c0360>),passthrough,"{'first_scale': 'passthrough', 'frequency': FunctionTransformer(func=<function power_phase_stft at 0x7fdb1d1ef9c0>), 'model': HistGradientBoostingRegressor(early_stopping=True, max_iter=10000,
                              n_iter_no_change=100, random_state=42,
                              scoring='neg_root_mean_squared_error'), 'model__l2_regularization': 100, 'model__learning_rate': 0.03, 'model__loss': 'squared_error', 'model__max_bins': 32, 'model__max_depth': 6, 'model__max_features': 0.5, 'model__max_leaf_nodes': 511, 'model__min_samples_leaf': 3200, 'reshape': FunctionTransformer(func=<function reshape at 0x7fdb1d1c0360>), 'second_scale': 'passthrough'}",0.07143894762634273,0.07143894762634273,0.0,1,0.7171397290246664,0.7171397290246664,0.0,0.9636187276997357,0.5318460970763381
0,31157.855568647385,0.0,61.57672047615051,0.0,passthrough,power_phase_stft,"HistGradientBoostingRegressor(early_stopping=True, max_iter=10000,
                              n_iter_no_change=100, random_state=42,
                              scoring='neg_root_mean_squared_error')",400,0.03,squared_error,32,3,0.2,255,1600,FunctionTransformer(func=<function reshape at 0x7fdb1d1c0360>),passthrough,"{'first_scale': 'passthrough', 'frequency': FunctionTransformer(func=<function power_phase_stft at 0x7fdb1d1ef9c0>), 'model': HistGradientBoostingRegressor(early_stopping=True, max_iter=10000,
                              n_iter_no_change=100, random_state=42,
                              scoring='neg_root_mean_squared_error'), 'model__l2_regularization': 400, 'model__learning_rate': 0.03, 'model__loss': 'squared_error', 'model__max_bins': 32, 'model__max_depth': 3, 'model__max_features': 0.2, 'model__max_leaf_nodes': 255, 'model__min_samples_leaf': 1600, 'reshape': FunctionTransformer(func=<function reshape at 0x7fdb1d1c0360>), 'second_scale': 'passthrough'}",0.07782774420353766,0.07782774420353766,0.0,1,0.5284040436396487,0.5284040436396487,0.0,0.9602980036407773,0.686728444408961
0,42506.64767217636,0.0,116.24523067474365,0.0,passthrough,power_phase_stft,"HistGradientBoostingRegressor(early_stopping=True, max_iter=10000,
                              n_iter_no_change=100, random_state=42,
                              scoring='neg_root_mean_squared_error')",50,0.03,squared_error,32,3,1.0,255,1600,FunctionTransformer(func=<function reshape at 0x7fdb1d1c0360>),passthrough,"{'first_scale': 'passthrough', 'frequency': FunctionTransformer(func=<function power_phase_stft at 0x7fdb1d1ef9c0>), 'model': HistGradientBoostingRegressor(early_stopping=True, max_iter=10000,
                              n_iter_no_change=100, random_state=42,
                              scoring='neg_root_mean_squared_error'), 'model__l2_regularization': 50, 'model__learning_rate': 0.03, 'model__loss': 'squared_error', 'model__max_bins': 32, 'model__max_depth': 3, 'model__max_features': 1.0, 'model__max_leaf_nodes': 255, 'model__min_samples_leaf': 1600, 'reshape': FunctionTransformer(func=<function reshape at 0x7fdb1d1c0360>), 'second_scale': 'passthrough'}",0.07715615599881465,0.07715615599881465,0.0,1,0.50618682468177,0.50618682468177,0.0,0.960647616975749,0.7027184182289731
0,36387.49928069115,0.0,65.1155035495758,0.0,passthrough,power_phase_stft,"HistGradientBoostingRegressor(early_stopping=True, max_iter=10000,
                              n_iter_no_change=100, random_state=42,
                              scoring='neg_root_mean_squared_error')",800,0.0075,squared_error,63,None,1.0,255,9600,FunctionTransformer(func=<function reshape at 0x7fdb1d1c0360>),passthrough,"{'first_scale': 'passthrough', 'frequency': FunctionTransformer(func=<function power_phase_stft at 0x7fdb1d1ef9c0>), 'model': HistGradientBoostingRegressor(early_stopping=True, max_iter=10000,
                              n_iter_no_change=100, random_state=42,
                              scoring='neg_root_mean_squared_error'), 'model__l2_regularization': 800, 'model__learning_rate': 0.0075, 'model__loss': 'squared_error', 'model__max_bins': 63, 'model__max_depth': None, 'model__max_features': 1.0, 'model__max_leaf_nodes': 255, 'model__min_samples_leaf': 9600, 'reshape': FunctionTransformer(func=<function reshape at 0x7fdb1d1c0360>), 'second_scale': 'passthrough'}",0.08813837604915276,0.08813837604915276,0.0,1,0.24480243638679433,0.24480243638679433,0.0,0.9549144589704605,0.8690210374974853
0,30794.33102083206,0.0,68.54772734642029,0.0,passthrough,power_phase_stft,"HistGradientBoostingRegressor(early_stopping=True, max_iter=10000,
                              n_iter_no_change=100, random_state=42,
                              scoring='neg_root_mean_squared_error')",50,0.02,squared_error,32,3,0.5,511,1600,FunctionTransformer(func=<function reshape at 0x7fdb1d1c0360>),passthrough,"{'first_scale': 'passthrough', 'frequency': FunctionTransformer(func=<function power_phase_stft at 0x7fdb1d1ef9c0>), 'model': HistGradientBoostingRegressor(early_stopping=True, max_iter=10000,
                              n_iter_no_change=100, random_state=42,
                              scoring='neg_root_mean_squared_error'), 'model__l2_regularization': 50, 'model__learning_rate': 0.02, 'model__loss': 'squared_error', 'model__max_bins': 32, 'model__max_depth': 3, 'model__max_features': 0.5, 'model__max_leaf_nodes': 511, 'model__min_samples_leaf': 1600, 'reshape': FunctionTransformer(func=<function reshape at 0x7fdb1d1c0360>), 'second_scale': 'passthrough'}",0.08025771646647539,0.08025771646647539,0.0,1,0.4622427594859646,0.4622427594859646,0.0,0.9590319512578945,0.7333193305198189
0,17038.260447978973,0.0,50.01258206367493,0.0,passthrough,power_phase_stft,"HistGradientBoostingRegressor(early_stopping=True, max_iter=10000,
                              n_iter_no_change=100, random_state=42,
                              scoring='neg_root_mean_squared_error')",400,0.03,squared_error,32,3,0.5,127,3200,FunctionTransformer(func=<function reshape at 0x7fdb1d1c0360>),passthrough,"{'first_scale': 'passthrough', 'frequency': FunctionTransformer(func=<function power_phase_stft at 0x7fdb1d1ef9c0>), 'model': HistGradientBoostingRegressor(early_stopping=True, max_iter=10000,
                              n_iter_no_change=100, random_state=42,
                              scoring='neg_root_mean_squared_error'), 'model__l2_regularization': 400, 'model__learning_rate': 0.03, 'model__loss': 'squared_error', 'model__max_bins': 32, 'model__max_depth': 3, 'model__max_features': 0.5, 'model__max_leaf_nodes': 127, 'model__min_samples_leaf': 3200, 'reshape': FunctionTransformer(func=<function reshape at 0x7fdb1d1c0360>), 'second_scale': 'passthrough'}",0.08205978472394704,0.08205978472394704,0.0,1,0.3844169368367174,0.3844169368367174,0.0,0.9580919659803295,0.7845910164941239
0,37355.11318039894,0.0,68.68784713745117,0.0,passthrough,power_phase_stft,"HistGradientBoostingRegressor(early_stopping=True, max_iter=10000,
                              n_iter_no_change=100, random_state=42,
                              scoring='neg_root_mean_squared_error')",200,0.05,squared_error,32,6,1.0,255,3200,FunctionTransformer(func=<function reshape at 0x7fdb1d1c0360>),passthrough,"{'first_scale': 'passthrough', 'frequency': FunctionTransformer(func=<function power_phase_stft at 0x7fdb1d1ef9c0>), 'model': HistGradientBoostingRegressor(early_stopping=True, max_iter=10000,
                              n_iter_no_change=100, random_state=42,
                              scoring='neg_root_mean_squared_error'), 'model__l2_regularization': 200, 'model__learning_rate': 0.05, 'model__loss': 'squared_error', 'model__max_bins': 32, 'model__max_depth': 6, 'model__max_features': 1.0, 'model__max_leaf_nodes': 255, 'model__min_samples_leaf': 3200, 'reshape': FunctionTransformer(func=<function reshape at 0x7fdb1d1c0360>), 'second_scale': 'passthrough'}",0.05760183650398165,0.05760183650398165,0.0,1,0.8221618345922644,0.8221618345922644,0.0,0.9707719420626135,0.42170862619554694
0,25552.741074085236,0.0,56.80062699317932,0.0,passthrough,power_phase_stft,"HistGradientBoostingRegressor(early_stopping=True, max_iter=10000,
                              n_iter_no_change=100, random_state=42,
                              scoring='neg_root_mean_squared_error')",200,0.03,squared_error,32,3,0.5,511,3200,FunctionTransformer(func=<function reshape at 0x7fdb1d1c0360>),passthrough,"{'first_scale': 'passthrough', 'frequency': FunctionTransformer(func=<function power_phase_stft at 0x7fdb1d1ef9c0>), 'model': HistGradientBoostingRegressor(early_stopping=True, max_iter=10000,
                              n_iter_no_change=100, random_state=42,
                              scoring='neg_root_mean_squared_error'), 'model__l2_regularization': 200, 'model__learning_rate': 0.03, 'model__loss': 'squared_error', 'model__max_bins': 32, 'model__max_depth': 3, 'model__max_features': 0.5, 'model__max_leaf_nodes': 511, 'model__min_samples_leaf': 3200, 'reshape': FunctionTransformer(func=<function reshape at 0x7fdb1d1c0360>), 'second_scale': 'passthrough'}",0.07704878106939916,0.07704878106939916,0.0,1,0.4712755814508177,0.4712755814508177,0.0,0.9607035020913585,0.7271343882317645
0,36441.92952013016,0.0,64.23912596702576,0.0,passthrough,power_phase_stft,"HistGradientBoostingRegressor(early_stopping=True, max_iter=10000,
                              n_iter_no_change=100, random_state=42,
                              scoring='neg_root_mean_squared_error')",800,0.005,squared_error,63,None,0.5,127,9600,FunctionTransformer(func=<function reshape at 0x7fdb1d1c0360>),passthrough,"{'first_scale': 'passthrough', 'frequency': FunctionTransformer(func=<function power_phase_stft at 0x7fdb1d1ef9c0>), 'model': HistGradientBoostingRegressor(early_stopping=True, max_iter=10000,
                              n_iter_no_change=100, random_state=42,
                              scoring='neg_root_mean_squared_error'), 'model__l2_regularization': 800, 'model__learning_rate': 0.005, 'model__loss': 'squared_error', 'model__max_bins': 63, 'model__max_depth': None, 'model__max_features': 0.5, 'model__max_leaf_nodes': 127, 'model__min_samples_leaf': 9600, 'reshape': FunctionTransformer(func=<function reshape at 0x7fdb1d1c0360>), 'second_scale': 'passthrough'}",0.08839162608499329,0.08839162608499329,0.0,1,0.20076858213740256,0.20076858213740256,0.0,0.9547818462429031,0.8939974372796587
0,33409.13697361946,0.0,88.53016543388367,0.0,passthrough,power_phase_stft,"HistGradientBoostingRegressor(early_stopping=True, max_iter=10000,
                              n_iter_no_change=100, random_state=42,
                              scoring='neg_root_mean_squared_error')",200,0.05,squared_error,32,6,0.5,255,1600,FunctionTransformer(func=<function reshape at 0x7fdb1d1c0360>),passthrough,"{'first_scale': 'passthrough', 'frequency': FunctionTransformer(func=<function power_phase_stft at 0x7fdb1d1ef9c0>), 'model': HistGradientBoostingRegressor(early_stopping=True, max_iter=10000,
                              n_iter_no_change=100, random_state=42,
                              scoring='neg_root_mean_squared_error'), 'model__l2_regularization': 200, 'model__learning_rate': 0.05, 'model__loss': 'squared_error', 'model__max_bins': 32, 'model__max_depth': 6, 'model__max_features': 0.5, 'model__max_leaf_nodes': 255, 'model__min_samples_leaf': 1600, 'reshape': FunctionTransformer(func=<function reshape at 0x7fdb1d1c0360>), 'second_scale': 'passthrough'}",0.06747266068518898,0.06747266068518898,0.0,1,0.7750738033528456,0.7750738033528456,0.0,0.9656745514482666,0.47426384708003455
0,34557.492639780045,0.0,91.86073684692383,0.0,passthrough,power_phase_stft,"HistGradientBoostingRegressor(early_stopping=True, max_iter=10000,
                              n_iter_no_change=100, random_state=42,
                              scoring='neg_root_mean_squared_error')",200,0.05,squared_error,32,6,0.5,511,1600,FunctionTransformer(func=<function reshape at 0x7fdb1d1c0360>),passthrough,"{'first_scale': 'passthrough', 'frequency': FunctionTransformer(func=<function power_phase_stft at 0x7fdb1d1ef9c0>), 'model': HistGradientBoostingRegressor(early_stopping=True, max_iter=10000,
                              n_iter_no_change=100, random_state=42,
                              scoring='neg_root_mean_squared_error'), 'model__l2_regularization': 200, 'model__learning_rate': 0.05, 'model__loss': 'squared_error', 'model__max_bins': 32, 'model__max_depth': 6, 'model__max_features': 0.5, 'model__max_leaf_nodes': 511, 'model__min_samples_leaf': 1600, 'reshape': FunctionTransformer(func=<function reshape at 0x7fdb1d1c0360>), 'second_scale': 'passthrough'}",0.06747266068518898,0.06747266068518898,0.0,1,0.7750738033528456,0.7750738033528456,0.0,0.9656745514482666,0.47426384708003455
0,35897.03751420975,0.0,59.05978512763977,0.0,passthrough,power_phase_stft,"HistGradientBoostingRegressor(early_stopping=True, max_iter=10000,
                              n_iter_no_change=100, random_state=42,
                              scoring='neg_root_mean_squared_error')",800,0.01,squared_error,63,6,0.5,255,9600,FunctionTransformer(func=<function reshape at 0x7fdb1d1c0360>),passthrough,"{'first_scale': 'passthrough', 'frequency': FunctionTransformer(func=<function power_phase_stft at 0x7fdb1d1ef9c0>), 'model': HistGradientBoostingRegressor(early_stopping=True, max_iter=10000,
                              n_iter_no_change=100, random_state=42,
                              scoring='neg_root_mean_squared_error'), 'model__l2_regularization': 800, 'model__learning_rate': 0.01, 'model__loss': 'squared_error', 'model__max_bins': 63, 'model__max_depth': 6, 'model__max_features': 0.5, 'model__max_leaf_nodes': 255, 'model__min_samples_leaf': 9600, 'reshape': FunctionTransformer(func=<function reshape at 0x7fdb1d1c0360>), 'second_scale': 'passthrough'}",0.08860930635343733,0.08860930635343733,0.0,1,0.275181280955098,0.275181280955098,0.0,0.9546678446698426,0.8513628597988651
0,28310.266704797745,0.0,72.19212460517883,0.0,passthrough,power_phase_stft,"HistGradientBoostingRegressor(early_stopping=True, max_iter=10000,
                              n_iter_no_change=100, random_state=42,
                              scoring='neg_root_mean_squared_error')",50,0.03,squared_error,32,6,1.0,127,1600,FunctionTransformer(func=<function reshape at 0x7fdb1d1c0360>),passthrough,"{'first_scale': 'passthrough', 'frequency': FunctionTransformer(func=<function power_phase_stft at 0x7fdb1d1ef9c0>), 'model': HistGradientBoostingRegressor(early_stopping=True, max_iter=10000,
                              n_iter_no_change=100, random_state=42,
                              scoring='neg_root_mean_squared_error'), 'model__l2_regularization': 50, 'model__learning_rate': 0.03, 'model__loss': 'squared_error', 'model__max_bins': 32, 'model__max_depth': 6, 'model__max_features': 1.0, 'model__max_leaf_nodes': 127, 'model__min_samples_leaf': 1600, 'reshape': FunctionTransformer(func=<function reshape at 0x7fdb1d1c0360>), 'second_scale': 'passthrough'}",0.07360748324400934,0.07360748324400934,0.0,1,0.7636291254317662,0.7636291254317662,0.0,0.9624928658208282,0.4861798788187699
0,17715.453148126602,0.0,45.24548268318176,0.0,passthrough,power_phase_stft,"HistGradientBoostingRegressor(early_stopping=True, max_iter=10000,
                              n_iter_no_change=100, random_state=42,
                              scoring='neg_root_mean_squared_error')",100,0.05,squared_error,32,3,1.0,511,1600,FunctionTransformer(func=<function reshape at 0x7fdb1d1c0360>),passthrough,"{'first_scale': 'passthrough', 'frequency': FunctionTransformer(func=<function power_phase_stft at 0x7fdb1d1ef9c0>), 'model': HistGradientBoostingRegressor(early_stopping=True, max_iter=10000,
                              n_iter_no_change=100, random_state=42,
                              scoring='neg_root_mean_squared_error'), 'model__l2_regularization': 100, 'model__learning_rate': 0.05, 'model__loss': 'squared_error', 'model__max_bins': 32, 'model__max_depth': 3, 'model__max_features': 1.0, 'model__max_leaf_nodes': 511, 'model__min_samples_leaf': 1600, 'reshape': FunctionTransformer(func=<function reshape at 0x7fdb1d1c0360>), 'second_scale': 'passthrough'}",0.07285194055458788,0.07285194055458788,0.0,1,0.5533988239894055,0.5533988239894055,0.0,0.9628852784446401,0.6682822577403911
0,14215.168960571289,0.0,50.790807247161865,0.0,passthrough,power_phase_stft,"HistGradientBoostingRegressor(early_stopping=True, max_iter=10000,
                              n_iter_no_change=100, random_state=42,
                              scoring='neg_root_mean_squared_error')",200,0.05,squared_error,32,3,0.5,255,1600,FunctionTransformer(func=<function reshape at 0x7fdb1d1c0360>),passthrough,"{'first_scale': 'passthrough', 'frequency': FunctionTransformer(func=<function power_phase_stft at 0x7fdb1d1ef9c0>), 'model': HistGradientBoostingRegressor(early_stopping=True, max_iter=10000,
                              n_iter_no_change=100, random_state=42,
                              scoring='neg_root_mean_squared_error'), 'model__l2_regularization': 200, 'model__learning_rate': 0.05, 'model__loss': 'squared_error', 'model__max_bins': 32, 'model__max_depth': 3, 'model__max_features': 0.5, 'model__max_leaf_nodes': 255, 'model__min_samples_leaf': 1600, 'reshape': FunctionTransformer(func=<function reshape at 0x7fdb1d1c0360>), 'second_scale': 'passthrough'}",0.07837039519513023,0.07837039519513023,0.0,1,0.4759909212022507,0.4759909212022507,0.0,0.9600154190453765,0.7238847137478103
0,41327.68985557556,0.0,96.69103741645813,0.0,passthrough,power_phase_stft,"HistGradientBoostingRegressor(early_stopping=True, max_iter=10000,
                              n_iter_no_change=100, random_state=42,
                              scoring='neg_root_mean_squared_error')",400,0.05,squared_error,32,6,1.0,127,1600,FunctionTransformer(func=<function reshape at 0x7fdb1d1c0360>),passthrough,"{'first_scale': 'passthrough', 'frequency': FunctionTransformer(func=<function power_phase_stft at 0x7fdb1d1ef9c0>), 'model': HistGradientBoostingRegressor(early_stopping=True, max_iter=10000,
                              n_iter_no_change=100, random_state=42,
                              scoring='neg_root_mean_squared_error'), 'model__l2_regularization': 400, 'model__learning_rate': 0.05, 'model__loss': 'squared_error', 'model__max_bins': 32, 'model__max_depth': 6, 'model__max_features': 1.0, 'model__max_leaf_nodes': 127, 'model__min_samples_leaf': 1600, 'reshape': FunctionTransformer(func=<function reshape at 0x7fdb1d1c0360>), 'second_scale': 'passthrough'}",0.06794906394609901,0.06794906394609901,0.0,1,0.8152683591720985,0.8152683591720985,0.0,0.9654278512938711,0.4298041889371269
0,20635.63334298134,0.0,64.24805998802185,0.0,passthrough,power_phase_stft,"HistGradientBoostingRegressor(early_stopping=True, max_iter=10000,
                              n_iter_no_change=100, random_state=42,
                              scoring='neg_root_mean_squared_error')",100,0.05,squared_error,32,3,0.5,127,3200,FunctionTransformer(func=<function reshape at 0x7fdb1d1c0360>),passthrough,"{'first_scale': 'passthrough', 'frequency': FunctionTransformer(func=<function power_phase_stft at 0x7fdb1d1ef9c0>), 'model': HistGradientBoostingRegressor(early_stopping=True, max_iter=10000,
                              n_iter_no_change=100, random_state=42,
                              scoring='neg_root_mean_squared_error'), 'model__l2_regularization': 100, 'model__learning_rate': 0.05, 'model__loss': 'squared_error', 'model__max_bins': 32, 'model__max_depth': 3, 'model__max_features': 0.5, 'model__max_leaf_nodes': 127, 'model__min_samples_leaf': 3200, 'reshape': FunctionTransformer(func=<function reshape at 0x7fdb1d1c0360>), 'second_scale': 'passthrough'}",0.07503291570133797,0.07503291570133797,0.0,1,0.46712128147153775,0.46712128147153775,0.0,0.9617520908730389,0.7299854235041013
0,16664.64635705948,0.0,59.845335483551025,0.0,passthrough,power_phase_stft,"HistGradientBoostingRegressor(early_stopping=True, max_iter=10000,
                              n_iter_no_change=100, random_state=42,
                              scoring='neg_root_mean_squared_error')",50,0.05,squared_error,32,3,0.5,127,1600,FunctionTransformer(func=<function reshape at 0x7fdb1d1c0360>),passthrough,"{'first_scale': 'passthrough', 'frequency': FunctionTransformer(func=<function power_phase_stft at 0x7fdb1d1ef9c0>), 'model': HistGradientBoostingRegressor(early_stopping=True, max_iter=10000,
                              n_iter_no_change=100, random_state=42,
                              scoring='neg_root_mean_squared_error'), 'model__l2_regularization': 50, 'model__learning_rate': 0.05, 'model__loss': 'squared_error', 'model__max_bins': 32, 'model__max_depth': 3, 'model__max_features': 0.5, 'model__max_leaf_nodes': 127, 'model__min_samples_leaf': 1600, 'reshape': FunctionTransformer(func=<function reshape at 0x7fdb1d1c0360>), 'second_scale': 'passthrough'}",0.07823314904035283,0.07823314904035283,0.0,1,0.45325209961495794,0.45325209961495794,0.0,0.9600868976085691,0.7394240328695315
0,13003.384955644608,0.0,47.64422273635864,0.0,passthrough,power_phase_stft,"HistGradientBoostingRegressor(early_stopping=True, max_iter=10000,
                              n_iter_no_change=100, random_state=42,
                              scoring='neg_root_mean_squared_error')",50,0.05,squared_error,32,3,0.2,255,1600,FunctionTransformer(func=<function reshape at 0x7fdb1d1c0360>),passthrough,"{'first_scale': 'passthrough', 'frequency': FunctionTransformer(func=<function power_phase_stft at 0x7fdb1d1ef9c0>), 'model': HistGradientBoostingRegressor(early_stopping=True, max_iter=10000,
                              n_iter_no_change=100, random_state=42,
                              scoring='neg_root_mean_squared_error'), 'model__l2_regularization': 50, 'model__learning_rate': 0.05, 'model__loss': 'squared_error', 'model__max_bins': 32, 'model__max_depth': 3, 'model__max_features': 0.2, 'model__max_leaf_nodes': 255, 'model__min_samples_leaf': 1600, 'reshape': FunctionTransformer(func=<function reshape at 0x7fdb1d1c0360>), 'second_scale': 'passthrough'}",0.07903272932933081,0.07903272932933081,0.0,1,0.45917703854950453,0.45917703854950453,0.0,0.9596703968919065,0.7354066639965234
0,25624.771808862686,0.0,56.03600859642029,0.0,passthrough,power_phase_stft,"HistGradientBoostingRegressor(early_stopping=True, max_iter=10000,
                              n_iter_no_change=100, random_state=42,
                              scoring='neg_root_mean_squared_error')",100,0.05,squared_error,32,6,0.2,255,1600,FunctionTransformer(func=<function reshape at 0x7fdb1d1c0360>),passthrough,"{'first_scale': 'passthrough', 'frequency': FunctionTransformer(func=<function power_phase_stft at 0x7fdb1d1ef9c0>), 'model': HistGradientBoostingRegressor(early_stopping=True, max_iter=10000,
                              n_iter_no_change=100, random_state=42,
                              scoring='neg_root_mean_squared_error'), 'model__l2_regularization': 100, 'model__learning_rate': 0.05, 'model__loss': 'squared_error', 'model__max_bins': 32, 'model__max_depth': 6, 'model__max_features': 0.2, 'model__max_leaf_nodes': 255, 'model__min_samples_leaf': 1600, 'reshape': FunctionTransformer(func=<function reshape at 0x7fdb1d1c0360>), 'second_scale': 'passthrough'}",0.07088564517968554,0.07088564517968554,0.0,1,0.7822914788437552,0.7822914788437552,0.0,0.9639057810908255,0.46659245724319726
0,33111.554589509964,0.0,88.94752478599548,0.0,passthrough,power_phase_stft,"HistGradientBoostingRegressor(early_stopping=True, max_iter=10000,
                              n_iter_no_change=100, random_state=42,
                              scoring='neg_root_mean_squared_error')",200,0.05,squared_error,32,6,0.5,255,3200,FunctionTransformer(func=<function reshape at 0x7fdb1d1c0360>),passthrough,"{'first_scale': 'passthrough', 'frequency': FunctionTransformer(func=<function power_phase_stft at 0x7fdb1d1ef9c0>), 'model': HistGradientBoostingRegressor(early_stopping=True, max_iter=10000,
                              n_iter_no_change=100, random_state=42,
                              scoring='neg_root_mean_squared_error'), 'model__l2_regularization': 200, 'model__learning_rate': 0.05, 'model__loss': 'squared_error', 'model__max_bins': 32, 'model__max_depth': 6, 'model__max_features': 0.5, 'model__max_leaf_nodes': 255, 'model__min_samples_leaf': 3200, 'reshape': FunctionTransformer(func=<function reshape at 0x7fdb1d1c0360>), 'second_scale': 'passthrough'}",0.06797849504127462,0.06797849504127462,0.0,1,0.6866360314157969,0.6866360314157969,0.0,0.965412608659492,0.5597892179956694
0,33023.173723459244,0.0,108.89669919013977,0.0,passthrough,power_phase_stft,"HistGradientBoostingRegressor(early_stopping=True, max_iter=10000,
                              n_iter_no_change=100, random_state=42,
                              scoring='neg_root_mean_squared_error')",400,0.03,squared_error,32,3,1.0,255,3200,FunctionTransformer(func=<function reshape at 0x7fdb1d1c0360>),passthrough,"{'first_scale': 'passthrough', 'frequency': FunctionTransformer(func=<function power_phase_stft at 0x7fdb1d1ef9c0>), 'model': HistGradientBoostingRegressor(early_stopping=True, max_iter=10000,
                              n_iter_no_change=100, random_state=42,
                              scoring='neg_root_mean_squared_error'), 'model__l2_regularization': 400, 'model__learning_rate': 0.03, 'model__loss': 'squared_error', 'model__max_bins': 32, 'model__max_depth': 3, 'model__max_features': 1.0, 'model__max_leaf_nodes': 255, 'model__min_samples_leaf': 3200, 'reshape': FunctionTransformer(func=<function reshape at 0x7fdb1d1c0360>), 'second_scale': 'passthrough'}",0.07571339427255064,0.07571339427255064,0.0,1,0.47560622267390273,0.47560622267390273,0.0,0.9613982555254869,0.7241503830877238
0,25403.51118159294,0.0,76.10085964202881,0.0,passthrough,power_phase_stft,"HistGradientBoostingRegressor(early_stopping=True, max_iter=10000,
                              n_iter_no_change=100, random_state=42,
                              scoring='neg_root_mean_squared_error')",400,0.03,squared_error,32,3,1.0,511,1600,FunctionTransformer(func=<function reshape at 0x7fdb1d1c0360>),passthrough,"{'first_scale': 'passthrough', 'frequency': FunctionTransformer(func=<function power_phase_stft at 0x7fdb1d1ef9c0>), 'model': HistGradientBoostingRegressor(early_stopping=True, max_iter=10000,
                              n_iter_no_change=100, random_state=42,
                              scoring='neg_root_mean_squared_error'), 'model__l2_regularization': 400, 'model__learning_rate': 0.03, 'model__loss': 'squared_error', 'model__max_bins': 32, 'model__max_depth': 3, 'model__max_features': 1.0, 'model__max_leaf_nodes': 511, 'model__min_samples_leaf': 1600, 'reshape': FunctionTransformer(func=<function reshape at 0x7fdb1d1c0360>), 'second_scale': 'passthrough'}",0.07977552476000205,0.07977552476000205,0.0,1,0.4480708357726316,0.4480708357726316,0.0,0.9592833133334479,0.7429193524383171
0,10068.653742790222,0.0,42.94654726982117,0.0,passthrough,power_phase_stft,"HistGradientBoostingRegressor(early_stopping=True, max_iter=10000,
                              n_iter_no_change=100, random_state=42,
                              scoring='neg_root_mean_squared_error')",400,0.05,squared_error,32,3,0.2,255,1600,FunctionTransformer(func=<function reshape at 0x7fdb1d1c0360>),passthrough,"{'first_scale': 'passthrough', 'frequency': FunctionTransformer(func=<function power_phase_stft at 0x7fdb1d1ef9c0>), 'model': HistGradientBoostingRegressor(early_stopping=True, max_iter=10000,
                              n_iter_no_change=100, random_state=42,
                              scoring='neg_root_mean_squared_error'), 'model__l2_regularization': 400, 'model__learning_rate': 0.05, 'model__loss': 'squared_error', 'model__max_bins': 32, 'model__max_depth': 3, 'model__max_features': 0.2, 'model__max_leaf_nodes': 255, 'model__min_samples_leaf': 1600, 'reshape': FunctionTransformer(func=<function reshape at 0x7fdb1d1c0360>), 'second_scale': 'passthrough'}",0.08496007700843822,0.08496007700843822,0.0,1,0.39062169353325793,0.39062169353325793,0.0,0.9565771913398112,0.7806268676305871
0,19268.322251558304,0.0,56.13379383087158,0.0,passthrough,power_phase_stft,"HistGradientBoostingRegressor(early_stopping=True, max_iter=10000,
                              n_iter_no_change=100, random_state=42,
                              scoring='neg_root_mean_squared_error')",200,0.05,squared_error,32,6,0.5,127,3200,FunctionTransformer(func=<function reshape at 0x7fdb1d1c0360>),passthrough,"{'first_scale': 'passthrough', 'frequency': FunctionTransformer(func=<function power_phase_stft at 0x7fdb1d1ef9c0>), 'model': HistGradientBoostingRegressor(early_stopping=True, max_iter=10000,
                              n_iter_no_change=100, random_state=42,
                              scoring='neg_root_mean_squared_error'), 'model__l2_regularization': 200, 'model__learning_rate': 0.05, 'model__loss': 'squared_error', 'model__max_bins': 32, 'model__max_depth': 6, 'model__max_features': 0.5, 'model__max_leaf_nodes': 127, 'model__min_samples_leaf': 3200, 'reshape': FunctionTransformer(func=<function reshape at 0x7fdb1d1c0360>), 'second_scale': 'passthrough'}",0.06797849504127462,0.06797849504127462,0.0,1,0.6866360314157969,0.6866360314157969,0.0,0.965412608659492,0.5597892179956694
0,27111.050855636597,0.0,63.0523567199707,0.0,passthrough,power_phase_stft,"HistGradientBoostingRegressor(early_stopping=True, max_iter=10000,
                              n_iter_no_change=100, random_state=42,
                              scoring='neg_root_mean_squared_error')",400,0.02,squared_error,32,3,0.2,127,3200,FunctionTransformer(func=<function reshape at 0x7fdb1d1c0360>),passthrough,"{'first_scale': 'passthrough', 'frequency': FunctionTransformer(func=<function power_phase_stft at 0x7fdb1d1ef9c0>), 'model': HistGradientBoostingRegressor(early_stopping=True, max_iter=10000,
                              n_iter_no_change=100, random_state=42,
                              scoring='neg_root_mean_squared_error'), 'model__l2_regularization': 400, 'model__learning_rate': 0.02, 'model__loss': 'squared_error', 'model__max_bins': 32, 'model__max_depth': 3, 'model__max_features': 0.2, 'model__max_leaf_nodes': 127, 'model__min_samples_leaf': 3200, 'reshape': FunctionTransformer(func=<function reshape at 0x7fdb1d1c0360>), 'second_scale': 'passthrough'}",0.08531539095773089,0.08531539095773089,0.0,1,0.38367900193886273,0.38367900193886273,0.0,0.9563914517823071,0.7850611428806914
0,22216.217591524124,0.0,66.6903190612793,0.0,passthrough,power_phase_stft,"HistGradientBoostingRegressor(early_stopping=True, max_iter=10000,
                              n_iter_no_change=100, random_state=42,
                              scoring='neg_root_mean_squared_error')",400,0.05,squared_error,32,3,0.2,511,3200,FunctionTransformer(func=<function reshape at 0x7fdb1d1c0360>),passthrough,"{'first_scale': 'passthrough', 'frequency': FunctionTransformer(func=<function power_phase_stft at 0x7fdb1d1ef9c0>), 'model': HistGradientBoostingRegressor(early_stopping=True, max_iter=10000,
                              n_iter_no_change=100, random_state=42,
                              scoring='neg_root_mean_squared_error'), 'model__l2_regularization': 400, 'model__learning_rate': 0.05, 'model__loss': 'squared_error', 'model__max_bins': 32, 'model__max_depth': 3, 'model__max_features': 0.2, 'model__max_leaf_nodes': 511, 'model__min_samples_leaf': 3200, 'reshape': FunctionTransformer(func=<function reshape at 0x7fdb1d1c0360>), 'second_scale': 'passthrough'}",0.07605029559025978,0.07605029559025978,0.0,1,0.4597656630414161,0.4597656630414161,0.0,0.9612230253222923,0.7350063516450616
0,36030.33063483238,0.0,85.15708923339844,0.0,passthrough,power_phase_stft,"HistGradientBoostingRegressor(early_stopping=True, max_iter=10000,
                              n_iter_no_change=100, random_state=42,
                              scoring='neg_root_mean_squared_error')",50,0.03,squared_error,32,6,0.5,511,3200,FunctionTransformer(func=<function reshape at 0x7fdb1d1c0360>),passthrough,"{'first_scale': 'passthrough', 'frequency': FunctionTransformer(func=<function power_phase_stft at 0x7fdb1d1ef9c0>), 'model': HistGradientBoostingRegressor(early_stopping=True, max_iter=10000,
                              n_iter_no_change=100, random_state=42,
                              scoring='neg_root_mean_squared_error'), 'model__l2_regularization': 50, 'model__learning_rate': 0.03, 'model__loss': 'squared_error', 'model__max_bins': 32, 'model__max_depth': 6, 'model__max_features': 0.5, 'model__max_leaf_nodes': 511, 'model__min_samples_leaf': 3200, 'reshape': FunctionTransformer(func=<function reshape at 0x7fdb1d1c0360>), 'second_scale': 'passthrough'}",0.07248351118829843,0.07248351118829843,0.0,1,0.716878523087112,0.716878523087112,0.0,0.9630765747393618,0.5320916057530771
0,18710.153490304947,0.0,46.497260093688965,0.0,passthrough,power_phase_stft,"HistGradientBoostingRegressor(early_stopping=True, max_iter=10000,
                              n_iter_no_change=100, random_state=42,
                              scoring='neg_root_mean_squared_error')",100,0.05,squared_error,32,3,1.0,255,3200,FunctionTransformer(func=<function reshape at 0x7fdb1d1c0360>),passthrough,"{'first_scale': 'passthrough', 'frequency': FunctionTransformer(func=<function power_phase_stft at 0x7fdb1d1ef9c0>), 'model': HistGradientBoostingRegressor(early_stopping=True, max_iter=10000,
                              n_iter_no_change=100, random_state=42,
                              scoring='neg_root_mean_squared_error'), 'model__l2_regularization': 100, 'model__learning_rate': 0.05, 'model__loss': 'squared_error', 'model__max_bins': 32, 'model__max_depth': 3, 'model__max_features': 1.0, 'model__max_leaf_nodes': 255, 'model__min_samples_leaf': 3200, 'reshape': FunctionTransformer(func=<function reshape at 0x7fdb1d1c0360>), 'second_scale': 'passthrough'}",0.07052824178092432,0.07052824178092432,0.0,1,0.5247238375158084,0.5247238375158084,0.0,0.964091156592091,0.6894027578159168
0,29029.7794649601,0.0,56.32504868507385,0.0,passthrough,power_phase_stft,"HistGradientBoostingRegressor(early_stopping=True, max_iter=10000,
                              n_iter_no_change=100, random_state=42,
                              scoring='neg_root_mean_squared_error')",200,0.02,squared_error,32,3,0.2,127,1600,FunctionTransformer(func=<function reshape at 0x7fdb1d1c0360>),passthrough,"{'first_scale': 'passthrough', 'frequency': FunctionTransformer(func=<function power_phase_stft at 0x7fdb1d1ef9c0>), 'model': HistGradientBoostingRegressor(early_stopping=True, max_iter=10000,
                              n_iter_no_change=100, random_state=42,
                              scoring='neg_root_mean_squared_error'), 'model__l2_regularization': 200, 'model__learning_rate': 0.02, 'model__loss': 'squared_error', 'model__max_bins': 32, 'model__max_depth': 3, 'model__max_features': 0.2, 'model__max_leaf_nodes': 127, 'model__min_samples_leaf': 1600, 'reshape': FunctionTransformer(func=<function reshape at 0x7fdb1d1c0360>), 'second_scale': 'passthrough'}",0.08160240820892928,0.08160240820892928,0.0,1,0.4290509771579405,0.4290509771579405,0.0,0.9583306275973187,0.7556116878675577
0,11931.192301511765,0.0,45.240357875823975,0.0,passthrough,power_phase_stft,"HistGradientBoostingRegressor(early_stopping=True, max_iter=10000,
                              n_iter_no_change=100, random_state=42,
                              scoring='neg_root_mean_squared_error')",50,0.05,squared_error,32,3,0.5,255,1600,FunctionTransformer(func=<function reshape at 0x7fdb1d1c0360>),passthrough,"{'first_scale': 'passthrough', 'frequency': FunctionTransformer(func=<function power_phase_stft at 0x7fdb1d1ef9c0>), 'model': HistGradientBoostingRegressor(early_stopping=True, max_iter=10000,
                              n_iter_no_change=100, random_state=42,
                              scoring='neg_root_mean_squared_error'), 'model__l2_regularization': 50, 'model__learning_rate': 0.05, 'model__loss': 'squared_error', 'model__max_bins': 32, 'model__max_depth': 3, 'model__max_features': 0.5, 'model__max_leaf_nodes': 255, 'model__min_samples_leaf': 1600, 'reshape': FunctionTransformer(func=<function reshape at 0x7fdb1d1c0360>), 'second_scale': 'passthrough'}",0.07823314904035283,0.07823314904035283,0.0,1,0.45325209961495794,0.45325209961495794,0.0,0.9600868976085691,0.7394240328695315
0,22070.579058408737,0.0,79.4559383392334,0.0,passthrough,power_phase_stft,"HistGradientBoostingRegressor(early_stopping=True, max_iter=10000,
                              n_iter_no_change=100, random_state=42,
                              scoring='neg_root_mean_squared_error')",50,0.05,squared_error,32,3,0.2,127,3200,FunctionTransformer(func=<function reshape at 0x7fdb1d1c0360>),passthrough,"{'first_scale': 'passthrough', 'frequency': FunctionTransformer(func=<function power_phase_stft at 0x7fdb1d1ef9c0>), 'model': HistGradientBoostingRegressor(early_stopping=True, max_iter=10000,
                              n_iter_no_change=100, random_state=42,
                              scoring='neg_root_mean_squared_error'), 'model__l2_regularization': 50, 'model__learning_rate': 0.05, 'model__loss': 'squared_error', 'model__max_bins': 32, 'model__max_depth': 3, 'model__max_features': 0.2, 'model__max_leaf_nodes': 127, 'model__min_samples_leaf': 3200, 'reshape': FunctionTransformer(func=<function reshape at 0x7fdb1d1c0360>), 'second_scale': 'passthrough'}",0.07697458295215587,0.07697458295215587,0.0,1,0.4326114072317362,0.4326114072317362,0.0,0.9607421178692251,0.7532520114598193
0,14961.47577214241,0.0,47.48121476173401,0.0,passthrough,power_phase_stft,"HistGradientBoostingRegressor(early_stopping=True, max_iter=10000,
                              n_iter_no_change=100, random_state=42,
                              scoring='neg_root_mean_squared_error')",100,0.05,squared_error,32,3,0.5,511,3200,FunctionTransformer(func=<function reshape at 0x7fdb1d1c0360>),passthrough,"{'first_scale': 'passthrough', 'frequency': FunctionTransformer(func=<function power_phase_stft at 0x7fdb1d1ef9c0>), 'model': HistGradientBoostingRegressor(early_stopping=True, max_iter=10000,
                              n_iter_no_change=100, random_state=42,
                              scoring='neg_root_mean_squared_error'), 'model__l2_regularization': 100, 'model__learning_rate': 0.05, 'model__loss': 'squared_error', 'model__max_bins': 32, 'model__max_depth': 3, 'model__max_features': 0.5, 'model__max_leaf_nodes': 511, 'model__min_samples_leaf': 3200, 'reshape': FunctionTransformer(func=<function reshape at 0x7fdb1d1c0360>), 'second_scale': 'passthrough'}",0.07503291570133797,0.07503291570133797,0.0,1,0.46712128147153775,0.46712128147153775,0.0,0.9617520908730389,0.7299854235041013
0,21248.82869696617,0.0,54.55569005012512,0.0,passthrough,power_phase_stft,"HistGradientBoostingRegressor(early_stopping=True, max_iter=10000,
                              n_iter_no_change=100, random_state=42,
                              scoring='neg_root_mean_squared_error')",100,0.03,squared_error,32,3,0.5,511,1600,FunctionTransformer(func=<function reshape at 0x7fdb1d1c0360>),passthrough,"{'first_scale': 'passthrough', 'frequency': FunctionTransformer(func=<function power_phase_stft at 0x7fdb1d1ef9c0>), 'model': HistGradientBoostingRegressor(early_stopping=True, max_iter=10000,
                              n_iter_no_change=100, random_state=42,
                              scoring='neg_root_mean_squared_error'), 'model__l2_regularization': 100, 'model__learning_rate': 0.03, 'model__loss': 'squared_error', 'model__max_bins': 32, 'model__max_depth': 3, 'model__max_features': 0.5, 'model__max_leaf_nodes': 511, 'model__min_samples_leaf': 1600, 'reshape': FunctionTransformer(func=<function reshape at 0x7fdb1d1c0360>), 'second_scale': 'passthrough'}",0.08033343528103509,0.08033343528103509,0.0,1,0.46303957634878445,0.46303957634878445,0.0,0.9589924737551202,0.7327758345164063
0,13583.2126019001,0.0,46.719260454177856,0.0,passthrough,power_phase_stft,"HistGradientBoostingRegressor(early_stopping=True, max_iter=10000,
                              n_iter_no_change=100, random_state=42,
                              scoring='neg_root_mean_squared_error')",200,0.05,squared_error,32,3,0.2,127,3200,FunctionTransformer(func=<function reshape at 0x7fdb1d1c0360>),passthrough,"{'first_scale': 'passthrough', 'frequency': FunctionTransformer(func=<function power_phase_stft at 0x7fdb1d1ef9c0>), 'model': HistGradientBoostingRegressor(early_stopping=True, max_iter=10000,
                              n_iter_no_change=100, random_state=42,
                              scoring='neg_root_mean_squared_error'), 'model__l2_regularization': 200, 'model__learning_rate': 0.05, 'model__loss': 'squared_error', 'model__max_bins': 32, 'model__max_depth': 3, 'model__max_features': 0.2, 'model__max_leaf_nodes': 127, 'model__min_samples_leaf': 3200, 'reshape': FunctionTransformer(func=<function reshape at 0x7fdb1d1c0360>), 'second_scale': 'passthrough'}",0.07801685809674974,0.07801685809674974,0.0,1,0.4306454423723024,0.4306454423723024,0.0,0.9601995323385917,0.7545558677975392
0,18800.741686820984,0.0,56.06933116912842,0.0,passthrough,power_phase_stft,"HistGradientBoostingRegressor(early_stopping=True, max_iter=10000,
                              n_iter_no_change=100, random_state=42,
                              scoring='neg_root_mean_squared_error')",200,0.05,squared_error,32,6,0.2,255,3200,FunctionTransformer(func=<function reshape at 0x7fdb1d1c0360>),passthrough,"{'first_scale': 'passthrough', 'frequency': FunctionTransformer(func=<function power_phase_stft at 0x7fdb1d1ef9c0>), 'model': HistGradientBoostingRegressor(early_stopping=True, max_iter=10000,
                              n_iter_no_change=100, random_state=42,
                              scoring='neg_root_mean_squared_error'), 'model__l2_regularization': 200, 'model__learning_rate': 0.05, 'model__loss': 'squared_error', 'model__max_bins': 32, 'model__max_depth': 6, 'model__max_features': 0.2, 'model__max_leaf_nodes': 255, 'model__min_samples_leaf': 3200, 'reshape': FunctionTransformer(func=<function reshape at 0x7fdb1d1c0360>), 'second_scale': 'passthrough'}",0.07235362243103749,0.07235362243103749,0.0,1,0.6621162354415681,0.6621162354415681,0.0,0.9631440066620165,0.5812777000353893
0,35692.168085575104,0.0,84.50953388214111,0.0,passthrough,power_phase_stft,"HistGradientBoostingRegressor(early_stopping=True, max_iter=10000,
                              n_iter_no_change=100, random_state=42,
                              scoring='neg_root_mean_squared_error')",200,0.02,squared_error,32,3,0.5,255,1600,FunctionTransformer(func=<function reshape at 0x7fdb1d1c0360>),passthrough,"{'first_scale': 'passthrough', 'frequency': FunctionTransformer(func=<function power_phase_stft at 0x7fdb1d1ef9c0>), 'model': HistGradientBoostingRegressor(early_stopping=True, max_iter=10000,
                              n_iter_no_change=100, random_state=42,
                              scoring='neg_root_mean_squared_error'), 'model__l2_regularization': 200, 'model__learning_rate': 0.02, 'model__loss': 'squared_error', 'model__max_bins': 32, 'model__max_depth': 3, 'model__max_features': 0.5, 'model__max_leaf_nodes': 255, 'model__min_samples_leaf': 1600, 'reshape': FunctionTransformer(func=<function reshape at 0x7fdb1d1c0360>), 'second_scale': 'passthrough'}",0.08299322658368158,0.08299322658368158,0.0,1,0.4179537456225404,0.4179537456225404,0.0,0.9576047062417344,0.7629195595719509
0,11010.663942337036,0.0,42.134390115737915,0.0,passthrough,power_phase_stft,"HistGradientBoostingRegressor(early_stopping=True, max_iter=10000,
                              n_iter_no_change=100, random_state=42,
                              scoring='neg_root_mean_squared_error')",200,0.05,squared_error,32,3,0.2,511,3200,FunctionTransformer(func=<function reshape at 0x7fdb1d1c0360>),passthrough,"{'first_scale': 'passthrough', 'frequency': FunctionTransformer(func=<function power_phase_stft at 0x7fdb1d1ef9c0>), 'model': HistGradientBoostingRegressor(early_stopping=True, max_iter=10000,
                              n_iter_no_change=100, random_state=42,
                              scoring='neg_root_mean_squared_error'), 'model__l2_regularization': 200, 'model__learning_rate': 0.05, 'model__loss': 'squared_error', 'model__max_bins': 32, 'model__max_depth': 3, 'model__max_features': 0.2, 'model__max_leaf_nodes': 511, 'model__min_samples_leaf': 3200, 'reshape': FunctionTransformer(func=<function reshape at 0x7fdb1d1c0360>), 'second_scale': 'passthrough'}",0.08077887712777831,0.08077887712777831,0.0,1,0.3831562149922668,0.3831562149922668,0.0,0.9587602009221189,0.7853940316858368
0,31081.535650491714,0.0,79.14420890808105,0.0,passthrough,power_phase_stft,"HistGradientBoostingRegressor(early_stopping=True, max_iter=10000,
                              n_iter_no_change=100, random_state=42,
                              scoring='neg_root_mean_squared_error')",400,0.03,squared_error,32,3,0.5,255,1600,FunctionTransformer(func=<function reshape at 0x7fdb1d1c0360>),passthrough,"{'first_scale': 'passthrough', 'frequency': FunctionTransformer(func=<function power_phase_stft at 0x7fdb1d1ef9c0>), 'model': HistGradientBoostingRegressor(early_stopping=True, max_iter=10000,
                              n_iter_no_change=100, random_state=42,
                              scoring='neg_root_mean_squared_error'), 'model__l2_regularization': 400, 'model__learning_rate': 0.03, 'model__loss': 'squared_error', 'model__max_bins': 32, 'model__max_depth': 3, 'model__max_features': 0.5, 'model__max_leaf_nodes': 255, 'model__min_samples_leaf': 1600, 'reshape': FunctionTransformer(func=<function reshape at 0x7fdb1d1c0360>), 'second_scale': 'passthrough'}",0.07888193621600414,0.07888193621600414,0.0,1,0.46916669202577843,0.46916669202577843,0.0,0.9597489587303525,0.728583082410113
0,10610.182145357132,0.0,44.48432397842407,0.0,passthrough,power_phase_stft,"HistGradientBoostingRegressor(early_stopping=True, max_iter=10000,
                              n_iter_no_change=100, random_state=42,
                              scoring='neg_root_mean_squared_error')",400,0.05,squared_error,32,3,0.2,127,1600,FunctionTransformer(func=<function reshape at 0x7fdb1d1c0360>),passthrough,"{'first_scale': 'passthrough', 'frequency': FunctionTransformer(func=<function power_phase_stft at 0x7fdb1d1ef9c0>), 'model': HistGradientBoostingRegressor(early_stopping=True, max_iter=10000,
                              n_iter_no_change=100, random_state=42,
                              scoring='neg_root_mean_squared_error'), 'model__l2_regularization': 400, 'model__learning_rate': 0.05, 'model__loss': 'squared_error', 'model__max_bins': 32, 'model__max_depth': 3, 'model__max_features': 0.2, 'model__max_leaf_nodes': 127, 'model__min_samples_leaf': 1600, 'reshape': FunctionTransformer(func=<function reshape at 0x7fdb1d1c0360>), 'second_scale': 'passthrough'}",0.08496007700843822,0.08496007700843822,0.0,1,0.39062169353325793,0.39062169353325793,0.0,0.9565771913398112,0.7806268676305871
0,19228.992296218872,0.0,66.93846321105957,0.0,passthrough,power_phase_stft,"HistGradientBoostingRegressor(early_stopping=True, max_iter=10000,
                              n_iter_no_change=100, random_state=42,
                              scoring='neg_root_mean_squared_error')",200,0.05,squared_error,32,3,1.0,255,3200,FunctionTransformer(func=<function reshape at 0x7fdb1d1c0360>),passthrough,"{'first_scale': 'passthrough', 'frequency': FunctionTransformer(func=<function power_phase_stft at 0x7fdb1d1ef9c0>), 'model': HistGradientBoostingRegressor(early_stopping=True, max_iter=10000,
                              n_iter_no_change=100, random_state=42,
                              scoring='neg_root_mean_squared_error'), 'model__l2_regularization': 200, 'model__learning_rate': 0.05, 'model__loss': 'squared_error', 'model__max_bins': 32, 'model__max_depth': 3, 'model__max_features': 1.0, 'model__max_leaf_nodes': 255, 'model__min_samples_leaf': 3200, 'reshape': FunctionTransformer(func=<function reshape at 0x7fdb1d1c0360>), 'second_scale': 'passthrough'}",0.0754439363264221,0.0754439363264221,0.0,1,0.45824905719655773,0.45824905719655773,0.0,0.9615383838794881,0.7360373243276744
0,29957.6577231884,0.0,92.24131369590759,0.0,passthrough,power_phase_stft,"HistGradientBoostingRegressor(early_stopping=True, max_iter=10000,
                              n_iter_no_change=100, random_state=42,
                              scoring='neg_root_mean_squared_error')",400,0.05,squared_error,32,3,0.5,255,1600,FunctionTransformer(func=<function reshape at 0x7fdb1d1c0360>),passthrough,"{'first_scale': 'passthrough', 'frequency': FunctionTransformer(func=<function power_phase_stft at 0x7fdb1d1ef9c0>), 'model': HistGradientBoostingRegressor(early_stopping=True, max_iter=10000,
                              n_iter_no_change=100, random_state=42,
                              scoring='neg_root_mean_squared_error'), 'model__l2_regularization': 400, 'model__learning_rate': 0.05, 'model__loss': 'squared_error', 'model__max_bins': 32, 'model__max_depth': 3, 'model__max_features': 0.5, 'model__max_leaf_nodes': 255, 'model__min_samples_leaf': 1600, 'reshape': FunctionTransformer(func=<function reshape at 0x7fdb1d1c0360>), 'second_scale': 'passthrough'}",0.07523910750426477,0.07523910750426477,0.0,1,0.501787984795674,0.501787984795674,0.0,0.9616448889770772,0.7058413527162645
0,25116.266142129898,0.0,85.4003472328186,0.0,passthrough,power_phase_stft,"HistGradientBoostingRegressor(early_stopping=True, max_iter=10000,
                              n_iter_no_change=100, random_state=42,
                              scoring='neg_root_mean_squared_error')",50,0.05,squared_error,32,6,0.2,255,3200,FunctionTransformer(func=<function reshape at 0x7fdb1d1c0360>),passthrough,"{'first_scale': 'passthrough', 'frequency': FunctionTransformer(func=<function power_phase_stft at 0x7fdb1d1ef9c0>), 'model': HistGradientBoostingRegressor(early_stopping=True, max_iter=10000,
                              n_iter_no_change=100, random_state=42,
                              scoring='neg_root_mean_squared_error'), 'model__l2_regularization': 50, 'model__learning_rate': 0.05, 'model__loss': 'squared_error', 'model__max_bins': 32, 'model__max_depth': 6, 'model__max_features': 0.2, 'model__max_leaf_nodes': 255, 'model__min_samples_leaf': 3200, 'reshape': FunctionTransformer(func=<function reshape at 0x7fdb1d1c0360>), 'second_scale': 'passthrough'}",0.068503699226652,0.068503699226652,0.0,1,0.6583445848716292,0.6583445848716292,0.0,0.9651405601120222,0.5845129725920297
0,16525.638209342957,0.0,52.65584444999695,0.0,passthrough,power_phase_stft,"HistGradientBoostingRegressor(early_stopping=True, max_iter=10000,
                              n_iter_no_change=100, random_state=42,
                              scoring='neg_root_mean_squared_error')",400,0.05,squared_error,32,3,1.0,511,3200,FunctionTransformer(func=<function reshape at 0x7fdb1d1c0360>),passthrough,"{'first_scale': 'passthrough', 'frequency': FunctionTransformer(func=<function power_phase_stft at 0x7fdb1d1ef9c0>), 'model': HistGradientBoostingRegressor(early_stopping=True, max_iter=10000,
                              n_iter_no_change=100, random_state=42,
                              scoring='neg_root_mean_squared_error'), 'model__l2_regularization': 400, 'model__learning_rate': 0.05, 'model__loss': 'squared_error', 'model__max_bins': 32, 'model__max_depth': 3, 'model__max_features': 1.0, 'model__max_leaf_nodes': 511, 'model__min_samples_leaf': 3200, 'reshape': FunctionTransformer(func=<function reshape at 0x7fdb1d1c0360>), 'second_scale': 'passthrough'}",0.07430407641393089,0.07430407641393089,0.0,1,0.48406755296567483,0.48406755296567483,0.0,0.9621309285050913,0.7182843775513464
0,18352.63697195053,0.0,53.610090255737305,0.0,passthrough,power_phase_stft,"HistGradientBoostingRegressor(early_stopping=True, max_iter=10000,
                              n_iter_no_change=100, random_state=42,
                              scoring='neg_root_mean_squared_error')",100,0.03,squared_error,32,3,0.2,127,1600,FunctionTransformer(func=<function reshape at 0x7fdb1d1c0360>),passthrough,"{'first_scale': 'passthrough', 'frequency': FunctionTransformer(func=<function power_phase_stft at 0x7fdb1d1ef9c0>), 'model': HistGradientBoostingRegressor(early_stopping=True, max_iter=10000,
                              n_iter_no_change=100, random_state=42,
                              scoring='neg_root_mean_squared_error'), 'model__l2_regularization': 100, 'model__learning_rate': 0.03, 'model__loss': 'squared_error', 'model__max_bins': 32, 'model__max_depth': 3, 'model__max_features': 0.2, 'model__max_leaf_nodes': 127, 'model__min_samples_leaf': 1600, 'reshape': FunctionTransformer(func=<function reshape at 0x7fdb1d1c0360>), 'second_scale': 'passthrough'}",0.08020448608996589,0.08020448608996589,0.0,1,0.42346812764145425,0.42346812764145425,0.0,0.9590597029956134,0.7592969592712365
0,26262.104346990585,0.0,59.29326415061951,0.0,passthrough,power_phase_stft,"HistGradientBoostingRegressor(early_stopping=True, max_iter=10000,
                              n_iter_no_change=100, random_state=42,
                              scoring='neg_root_mean_squared_error')",200,0.02,squared_error,32,3,0.5,127,3200,FunctionTransformer(func=<function reshape at 0x7fdb1d1c0360>),passthrough,"{'first_scale': 'passthrough', 'frequency': FunctionTransformer(func=<function power_phase_stft at 0x7fdb1d1ef9c0>), 'model': HistGradientBoostingRegressor(early_stopping=True, max_iter=10000,
                              n_iter_no_change=100, random_state=42,
                              scoring='neg_root_mean_squared_error'), 'model__l2_regularization': 200, 'model__learning_rate': 0.02, 'model__loss': 'squared_error', 'model__max_bins': 32, 'model__max_depth': 3, 'model__max_features': 0.5, 'model__max_leaf_nodes': 127, 'model__min_samples_leaf': 3200, 'reshape': FunctionTransformer(func=<function reshape at 0x7fdb1d1c0360>), 'second_scale': 'passthrough'}",0.08357659548364715,0.08357659548364715,0.0,1,0.3942454018572752,0.3942454018572752,0.0,0.9573000598121536,0.7783023822029101
0,41612.906041145325,0.0,66.72563576698303,0.0,passthrough,power_phase_stft,"HistGradientBoostingRegressor(early_stopping=True, max_iter=10000,
                              n_iter_no_change=100, random_state=42,
                              scoring='neg_root_mean_squared_error')",50,0.05,squared_error,32,6,0.5,511,3200,FunctionTransformer(func=<function reshape at 0x7fdb1d1c0360>),passthrough,"{'first_scale': 'passthrough', 'frequency': FunctionTransformer(func=<function power_phase_stft at 0x7fdb1d1ef9c0>), 'model': HistGradientBoostingRegressor(early_stopping=True, max_iter=10000,
                              n_iter_no_change=100, random_state=42,
                              scoring='neg_root_mean_squared_error'), 'model__l2_regularization': 50, 'model__learning_rate': 0.05, 'model__loss': 'squared_error', 'model__max_bins': 32, 'model__max_depth': 6, 'model__max_features': 0.5, 'model__max_leaf_nodes': 511, 'model__min_samples_leaf': 3200, 'reshape': FunctionTransformer(func=<function reshape at 0x7fdb1d1c0360>), 'second_scale': 'passthrough'}",0.0689713850753535,0.0689713850753535,0.0,1,0.6555348315147669,0.6555348315147669,0.0,0.9648982407096857,0.5869115508193999
0,16799.9518866539,0.0,59.15440773963928,0.0,passthrough,power_phase_stft,"HistGradientBoostingRegressor(early_stopping=True, max_iter=10000,
                              n_iter_no_change=100, random_state=42,
                              scoring='neg_root_mean_squared_error')",100,0.05,squared_error,32,3,0.2,255,1600,FunctionTransformer(func=<function reshape at 0x7fdb1d1c0360>),passthrough,"{'first_scale': 'passthrough', 'frequency': FunctionTransformer(func=<function power_phase_stft at 0x7fdb1d1ef9c0>), 'model': HistGradientBoostingRegressor(early_stopping=True, max_iter=10000,
                              n_iter_no_change=100, random_state=42,
                              scoring='neg_root_mean_squared_error'), 'model__l2_regularization': 100, 'model__learning_rate': 0.05, 'model__loss': 'squared_error', 'model__max_bins': 32, 'model__max_depth': 3, 'model__max_features': 0.2, 'model__max_leaf_nodes': 255, 'model__min_samples_leaf': 1600, 'reshape': FunctionTransformer(func=<function reshape at 0x7fdb1d1c0360>), 'second_scale': 'passthrough'}",0.07820960265994492,0.07820960265994492,0.0,1,0.4410155327167292,0.4410155327167292,0.0,0.9600991601600614,0.7476526381169739
0,23042.282044887543,0.0,54.51156997680664,0.0,passthrough,power_phase_stft,"HistGradientBoostingRegressor(early_stopping=True, max_iter=10000,
                              n_iter_no_change=100, random_state=42,
                              scoring='neg_root_mean_squared_error')",100,0.05,squared_error,32,6,0.2,255,3200,FunctionTransformer(func=<function reshape at 0x7fdb1d1c0360>),passthrough,"{'first_scale': 'passthrough', 'frequency': FunctionTransformer(func=<function power_phase_stft at 0x7fdb1d1ef9c0>), 'model': HistGradientBoostingRegressor(early_stopping=True, max_iter=10000,
                              n_iter_no_change=100, random_state=42,
                              scoring='neg_root_mean_squared_error'), 'model__l2_regularization': 100, 'model__learning_rate': 0.05, 'model__loss': 'squared_error', 'model__max_bins': 32, 'model__max_depth': 6, 'model__max_features': 0.2, 'model__max_leaf_nodes': 255, 'model__min_samples_leaf': 3200, 'reshape': FunctionTransformer(func=<function reshape at 0x7fdb1d1c0360>), 'second_scale': 'passthrough'}",0.06824296533077079,0.06824296533077079,0.0,1,0.6950339864153301,0.6950339864153301,0.0,0.9652756262691135,0.5522372801474651
0,27056.406211853027,0.0,64.4625813961029,0.0,passthrough,power_phase_stft,"HistGradientBoostingRegressor(early_stopping=True, max_iter=10000,
                              n_iter_no_change=100, random_state=42,
                              scoring='neg_root_mean_squared_error')",400,0.02,squared_error,32,3,0.2,511,3200,FunctionTransformer(func=<function reshape at 0x7fdb1d1c0360>),passthrough,"{'first_scale': 'passthrough', 'frequency': FunctionTransformer(func=<function power_phase_stft at 0x7fdb1d1ef9c0>), 'model': HistGradientBoostingRegressor(early_stopping=True, max_iter=10000,
                              n_iter_no_change=100, random_state=42,
                              scoring='neg_root_mean_squared_error'), 'model__l2_regularization': 400, 'model__learning_rate': 0.02, 'model__loss': 'squared_error', 'model__max_bins': 32, 'model__max_depth': 3, 'model__max_features': 0.2, 'model__max_leaf_nodes': 511, 'model__min_samples_leaf': 3200, 'reshape': FunctionTransformer(func=<function reshape at 0x7fdb1d1c0360>), 'second_scale': 'passthrough'}",0.08531539095773089,0.08531539095773089,0.0,1,0.38367900193886273,0.38367900193886273,0.0,0.9563914517823071,0.7850611428806914
0,28209.38752388954,0.0,72.08439445495605,0.0,passthrough,power_phase_stft,"HistGradientBoostingRegressor(early_stopping=True, max_iter=10000,
                              n_iter_no_change=100, random_state=42,
                              scoring='neg_root_mean_squared_error')",50,0.03,squared_error,32,6,1.0,255,1600,FunctionTransformer(func=<function reshape at 0x7fdb1d1c0360>),passthrough,"{'first_scale': 'passthrough', 'frequency': FunctionTransformer(func=<function power_phase_stft at 0x7fdb1d1ef9c0>), 'model': HistGradientBoostingRegressor(early_stopping=True, max_iter=10000,
                              n_iter_no_change=100, random_state=42,
                              scoring='neg_root_mean_squared_error'), 'model__l2_regularization': 50, 'model__learning_rate': 0.03, 'model__loss': 'squared_error', 'model__max_bins': 32, 'model__max_depth': 6, 'model__max_features': 1.0, 'model__max_leaf_nodes': 255, 'model__min_samples_leaf': 1600, 'reshape': FunctionTransformer(func=<function reshape at 0x7fdb1d1c0360>), 'second_scale': 'passthrough'}",0.07360748324400934,0.07360748324400934,0.0,1,0.7636291254317662,0.7636291254317662,0.0,0.9624928658208282,0.4861798788187699
0,36327.96229958534,0.0,91.55569911003113,0.0,passthrough,power_phase_stft,"HistGradientBoostingRegressor(early_stopping=True, max_iter=10000,
                              n_iter_no_change=100, random_state=42,
                              scoring='neg_root_mean_squared_error')",200,0.02,squared_error,32,3,0.5,255,3200,FunctionTransformer(func=<function reshape at 0x7fdb1d1c0360>),passthrough,"{'first_scale': 'passthrough', 'frequency': FunctionTransformer(func=<function power_phase_stft at 0x7fdb1d1ef9c0>), 'model': HistGradientBoostingRegressor(early_stopping=True, max_iter=10000,
                              n_iter_no_change=100, random_state=42,
                              scoring='neg_root_mean_squared_error'), 'model__l2_regularization': 200, 'model__learning_rate': 0.02, 'model__loss': 'squared_error', 'model__max_bins': 32, 'model__max_depth': 3, 'model__max_features': 0.5, 'model__max_leaf_nodes': 255, 'model__min_samples_leaf': 3200, 'reshape': FunctionTransformer(func=<function reshape at 0x7fdb1d1c0360>), 'second_scale': 'passthrough'}",0.08357659548364715,0.08357659548364715,0.0,1,0.3942454018572752,0.3942454018572752,0.0,0.9573000598121536,0.7783023822029101
0,49493.763849020004,0.0,140.08416938781738,0.0,passthrough,power_phase_stft,"HistGradientBoostingRegressor(early_stopping=True, max_iter=10000,
                              n_iter_no_change=100, random_state=42,
                              scoring='neg_root_mean_squared_error')",50,0.05,squared_error,32,6,0.5,127,3200,FunctionTransformer(func=<function reshape at 0x7fdb1d1c0360>),passthrough,"{'first_scale': 'passthrough', 'frequency': FunctionTransformer(func=<function power_phase_stft at 0x7fdb1d1ef9c0>), 'model': HistGradientBoostingRegressor(early_stopping=True, max_iter=10000,
                              n_iter_no_change=100, random_state=42,
                              scoring='neg_root_mean_squared_error'), 'model__l2_regularization': 50, 'model__learning_rate': 0.05, 'model__loss': 'squared_error', 'model__max_bins': 32, 'model__max_depth': 6, 'model__max_features': 0.5, 'model__max_leaf_nodes': 127, 'model__min_samples_leaf': 3200, 'reshape': FunctionTransformer(func=<function reshape at 0x7fdb1d1c0360>), 'second_scale': 'passthrough'}",0.0689713850753535,0.0689713850753535,0.0,1,0.6555348315147669,0.6555348315147669,0.0,0.9648982407096857,0.5869115508193999
0,16891.964005947113,0.0,59.519137382507324,0.0,passthrough,power_phase_stft,"HistGradientBoostingRegressor(early_stopping=True, max_iter=10000,
                              n_iter_no_change=100, random_state=42,
                              scoring='neg_root_mean_squared_error')",200,0.05,squared_error,32,3,0.2,511,1600,FunctionTransformer(func=<function reshape at 0x7fdb1d1c0360>),passthrough,"{'first_scale': 'passthrough', 'frequency': FunctionTransformer(func=<function power_phase_stft at 0x7fdb1d1ef9c0>), 'model': HistGradientBoostingRegressor(early_stopping=True, max_iter=10000,
                              n_iter_no_change=100, random_state=42,
                              scoring='neg_root_mean_squared_error'), 'model__l2_regularization': 200, 'model__learning_rate': 0.05, 'model__loss': 'squared_error', 'model__max_bins': 32, 'model__max_depth': 3, 'model__max_features': 0.2, 'model__max_leaf_nodes': 511, 'model__min_samples_leaf': 1600, 'reshape': FunctionTransformer(func=<function reshape at 0x7fdb1d1c0360>), 'second_scale': 'passthrough'}",0.07884898525504103,0.07884898525504103,0.0,1,0.4365881205316462,0.4365881205316462,0.0,0.9597661250247161,0.7506076734675404
0,32369.676807641983,0.0,87.04614186286926,0.0,passthrough,power_phase_stft,"HistGradientBoostingRegressor(early_stopping=True, max_iter=10000,
                              n_iter_no_change=100, random_state=42,
                              scoring='neg_root_mean_squared_error')",100,0.05,squared_error,32,6,1.0,255,1600,FunctionTransformer(func=<function reshape at 0x7fdb1d1c0360>),passthrough,"{'first_scale': 'passthrough', 'frequency': FunctionTransformer(func=<function power_phase_stft at 0x7fdb1d1ef9c0>), 'model': HistGradientBoostingRegressor(early_stopping=True, max_iter=10000,
                              n_iter_no_change=100, random_state=42,
                              scoring='neg_root_mean_squared_error'), 'model__l2_regularization': 100, 'model__learning_rate': 0.05, 'model__loss': 'squared_error', 'model__max_bins': 32, 'model__max_depth': 6, 'model__max_features': 1.0, 'model__max_leaf_nodes': 255, 'model__min_samples_leaf': 1600, 'reshape': FunctionTransformer(func=<function reshape at 0x7fdb1d1c0360>), 'second_scale': 'passthrough'}",0.06517187520805146,0.06517187520805146,0.0,1,0.8244636160180601,0.8244636160180601,0.0,0.9668651016516981,0.41897062424702275
0,35294.31098628044,0.0,93.94192385673523,0.0,passthrough,power_phase_stft,"HistGradientBoostingRegressor(early_stopping=True, max_iter=10000,
                              n_iter_no_change=100, random_state=42,
                              scoring='neg_root_mean_squared_error')",400,0.05,squared_error,32,6,0.5,511,3200,FunctionTransformer(func=<function reshape at 0x7fdb1d1c0360>),passthrough,"{'first_scale': 'passthrough', 'frequency': FunctionTransformer(func=<function power_phase_stft at 0x7fdb1d1ef9c0>), 'model': HistGradientBoostingRegressor(early_stopping=True, max_iter=10000,
                              n_iter_no_change=100, random_state=42,
                              scoring='neg_root_mean_squared_error'), 'model__l2_regularization': 400, 'model__learning_rate': 0.05, 'model__loss': 'squared_error', 'model__max_bins': 32, 'model__max_depth': 6, 'model__max_features': 0.5, 'model__max_leaf_nodes': 511, 'model__min_samples_leaf': 3200, 'reshape': FunctionTransformer(func=<function reshape at 0x7fdb1d1c0360>), 'second_scale': 'passthrough'}",0.06969230214846023,0.06969230214846023,0.0,1,0.6948419018766466,0.6948419018766466,0.0,0.9645245968100242,0.5524111676309172
0,13910.914983034134,0.0,50.892253398895264,0.0,passthrough,power_phase_stft,"HistGradientBoostingRegressor(early_stopping=True, max_iter=10000,
                              n_iter_no_change=100, random_state=42,
                              scoring='neg_root_mean_squared_error')",100,0.05,squared_error,32,6,0.5,511,1600,FunctionTransformer(func=<function reshape at 0x7fdb1d1c0360>),passthrough,"{'first_scale': 'passthrough', 'frequency': FunctionTransformer(func=<function power_phase_stft at 0x7fdb1d1ef9c0>), 'model': HistGradientBoostingRegressor(early_stopping=True, max_iter=10000,
                              n_iter_no_change=100, random_state=42,
                              scoring='neg_root_mean_squared_error'), 'model__l2_regularization': 100, 'model__learning_rate': 0.05, 'model__loss': 'squared_error', 'model__max_bins': 32, 'model__max_depth': 6, 'model__max_features': 0.5, 'model__max_leaf_nodes': 511, 'model__min_samples_leaf': 1600, 'reshape': FunctionTransformer(func=<function reshape at 0x7fdb1d1c0360>), 'second_scale': 'passthrough'}",0.07435871921008408,0.07435871921008408,0.0,1,0.6985874352134321,0.6985874352134321,0.0,0.9621025313291282,0.5490105324914704
0,31256.324806928635,0.0,77.4097855091095,0.0,passthrough,power_phase_stft,"HistGradientBoostingRegressor(early_stopping=True, max_iter=10000,
                              n_iter_no_change=100, random_state=42,
                              scoring='neg_root_mean_squared_error')",50,0.02,squared_error,32,3,0.5,255,3200,FunctionTransformer(func=<function reshape at 0x7fdb1d1c0360>),passthrough,"{'first_scale': 'passthrough', 'frequency': FunctionTransformer(func=<function power_phase_stft at 0x7fdb1d1ef9c0>), 'model': HistGradientBoostingRegressor(early_stopping=True, max_iter=10000,
                              n_iter_no_change=100, random_state=42,
                              scoring='neg_root_mean_squared_error'), 'model__l2_regularization': 50, 'model__learning_rate': 0.02, 'model__loss': 'squared_error', 'model__max_bins': 32, 'model__max_depth': 3, 'model__max_features': 0.5, 'model__max_leaf_nodes': 255, 'model__min_samples_leaf': 3200, 'reshape': FunctionTransformer(func=<function reshape at 0x7fdb1d1c0360>), 'second_scale': 'passthrough'}",0.08440924972521568,0.08440924972521568,0.0,1,0.3694036701679908,0.3694036701679908,0.0,0.9568650637758619,0.794100956951954
0,42726.11897969246,0.0,101.24966788291931,0.0,passthrough,power_phase_stft,"HistGradientBoostingRegressor(early_stopping=True, max_iter=10000,
                              n_iter_no_change=100, random_state=42,
                              scoring='neg_root_mean_squared_error')",400,0.03,squared_error,32,3,0.2,255,3200,FunctionTransformer(func=<function reshape at 0x7fdb1d1c0360>),passthrough,"{'first_scale': 'passthrough', 'frequency': FunctionTransformer(func=<function power_phase_stft at 0x7fdb1d1ef9c0>), 'model': HistGradientBoostingRegressor(early_stopping=True, max_iter=10000,
                              n_iter_no_change=100, random_state=42,
                              scoring='neg_root_mean_squared_error'), 'model__l2_regularization': 400, 'model__learning_rate': 0.03, 'model__loss': 'squared_error', 'model__max_bins': 32, 'model__max_depth': 3, 'model__max_features': 0.2, 'model__max_leaf_nodes': 255, 'model__min_samples_leaf': 3200, 'reshape': FunctionTransformer(func=<function reshape at 0x7fdb1d1c0360>), 'second_scale': 'passthrough'}",0.07819072553773587,0.07819072553773587,0.0,1,0.4955950115053639,0.4955950115053639,0.0,0.9601089909287717,0.7102147481534272
0,22205.20808315277,0.0,61.27837252616882,0.0,passthrough,power_phase_stft,"HistGradientBoostingRegressor(early_stopping=True, max_iter=10000,
                              n_iter_no_change=100, random_state=42,
                              scoring='neg_root_mean_squared_error')",100,0.05,squared_error,32,6,0.5,511,3200,FunctionTransformer(func=<function reshape at 0x7fdb1d1c0360>),passthrough,"{'first_scale': 'passthrough', 'frequency': FunctionTransformer(func=<function power_phase_stft at 0x7fdb1d1ef9c0>), 'model': HistGradientBoostingRegressor(early_stopping=True, max_iter=10000,
                              n_iter_no_change=100, random_state=42,
                              scoring='neg_root_mean_squared_error'), 'model__l2_regularization': 100, 'model__learning_rate': 0.05, 'model__loss': 'squared_error', 'model__max_bins': 32, 'model__max_depth': 6, 'model__max_features': 0.5, 'model__max_leaf_nodes': 511, 'model__min_samples_leaf': 3200, 'reshape': FunctionTransformer(func=<function reshape at 0x7fdb1d1c0360>), 'second_scale': 'passthrough'}",0.06548947409673211,0.06548947409673211,0.0,1,0.724530975241761,0.724530975241761,0.0,0.9667008461273155,0.5248514311290757
0,35636.21066856384,0.0,81.70463824272156,0.0,passthrough,power_phase_stft,"HistGradientBoostingRegressor(early_stopping=True, max_iter=10000,
                              n_iter_no_change=100, random_state=42,
                              scoring='neg_root_mean_squared_error')",400,0.05,squared_error,32,6,0.2,127,1600,FunctionTransformer(func=<function reshape at 0x7fdb1d1c0360>),passthrough,"{'first_scale': 'passthrough', 'frequency': FunctionTransformer(func=<function power_phase_stft at 0x7fdb1d1ef9c0>), 'model': HistGradientBoostingRegressor(early_stopping=True, max_iter=10000,
                              n_iter_no_change=100, random_state=42,
                              scoring='neg_root_mean_squared_error'), 'model__l2_regularization': 400, 'model__learning_rate': 0.05, 'model__loss': 'squared_error', 'model__max_bins': 32, 'model__max_depth': 6, 'model__max_features': 0.2, 'model__max_leaf_nodes': 127, 'model__min_samples_leaf': 1600, 'reshape': FunctionTransformer(func=<function reshape at 0x7fdb1d1c0360>), 'second_scale': 'passthrough'}",0.07182711278275644,0.07182711278275644,0.0,1,0.7773006410313842,0.7773006410313842,0.0,0.9634172965113527,0.4719103293726636
0,22428.50143313408,0.0,70.84264183044434,0.0,passthrough,power_phase_stft,"HistGradientBoostingRegressor(early_stopping=True, max_iter=10000,
                              n_iter_no_change=100, random_state=42,
                              scoring='neg_root_mean_squared_error')",400,0.03,squared_error,32,3,0.5,511,1600,FunctionTransformer(func=<function reshape at 0x7fdb1d1c0360>),passthrough,"{'first_scale': 'passthrough', 'frequency': FunctionTransformer(func=<function power_phase_stft at 0x7fdb1d1ef9c0>), 'model': HistGradientBoostingRegressor(early_stopping=True, max_iter=10000,
                              n_iter_no_change=100, random_state=42,
                              scoring='neg_root_mean_squared_error'), 'model__l2_regularization': 400, 'model__learning_rate': 0.03, 'model__loss': 'squared_error', 'model__max_bins': 32, 'model__max_depth': 3, 'model__max_features': 0.5, 'model__max_leaf_nodes': 511, 'model__min_samples_leaf': 1600, 'reshape': FunctionTransformer(func=<function reshape at 0x7fdb1d1c0360>), 'second_scale': 'passthrough'}",0.07888193621600414,0.07888193621600414,0.0,1,0.46916669202577843,0.46916669202577843,0.0,0.9597489587303525,0.728583082410113
0,30567.538885593414,0.0,64.38289308547974,0.0,passthrough,power_phase_stft,"HistGradientBoostingRegressor(early_stopping=True, max_iter=10000,
                              n_iter_no_change=100, random_state=42,
                              scoring='neg_root_mean_squared_error')",200,0.03,squared_error,32,6,0.5,127,3200,FunctionTransformer(func=<function reshape at 0x7fdb1d1c0360>),passthrough,"{'first_scale': 'passthrough', 'frequency': FunctionTransformer(func=<function power_phase_stft at 0x7fdb1d1ef9c0>), 'model': HistGradientBoostingRegressor(early_stopping=True, max_iter=10000,
                              n_iter_no_change=100, random_state=42,
                              scoring='neg_root_mean_squared_error'), 'model__l2_regularization': 200, 'model__learning_rate': 0.03, 'model__loss': 'squared_error', 'model__max_bins': 32, 'model__max_depth': 6, 'model__max_features': 0.5, 'model__max_leaf_nodes': 127, 'model__min_samples_leaf': 3200, 'reshape': FunctionTransformer(func=<function reshape at 0x7fdb1d1c0360>), 'second_scale': 'passthrough'}",0.07569699755254722,0.07569699755254722,0.0,1,0.6349519696768298,0.6349519696768298,0.0,0.9614067830255062,0.604192047550421
0,13991.56510233879,0.0,49.84096360206604,0.0,passthrough,power_phase_stft,"HistGradientBoostingRegressor(early_stopping=True, max_iter=10000,
                              n_iter_no_change=100, random_state=42,
                              scoring='neg_root_mean_squared_error')",50,0.05,squared_error,32,3,0.5,511,3200,FunctionTransformer(func=<function reshape at 0x7fdb1d1c0360>),passthrough,"{'first_scale': 'passthrough', 'frequency': FunctionTransformer(func=<function power_phase_stft at 0x7fdb1d1ef9c0>), 'model': HistGradientBoostingRegressor(early_stopping=True, max_iter=10000,
                              n_iter_no_change=100, random_state=42,
                              scoring='neg_root_mean_squared_error'), 'model__l2_regularization': 50, 'model__learning_rate': 0.05, 'model__loss': 'squared_error', 'model__max_bins': 32, 'model__max_depth': 3, 'model__max_features': 0.5, 'model__max_leaf_nodes': 511, 'model__min_samples_leaf': 3200, 'reshape': FunctionTransformer(func=<function reshape at 0x7fdb1d1c0360>), 'second_scale': 'passthrough'}",0.07867445568237741,0.07867445568237741,0.0,1,0.40502367789345806,0.40502367789345806,0.0,0.959857043688081,0.7713470827756737
0,12637.240437984467,0.0,47.21941041946411,0.0,passthrough,power_phase_stft,"HistGradientBoostingRegressor(early_stopping=True, max_iter=10000,
                              n_iter_no_change=100, random_state=42,
                              scoring='neg_root_mean_squared_error')",400,0.05,squared_error,32,3,1.0,255,1600,FunctionTransformer(func=<function reshape at 0x7fdb1d1c0360>),passthrough,"{'first_scale': 'passthrough', 'frequency': FunctionTransformer(func=<function power_phase_stft at 0x7fdb1d1ef9c0>), 'model': HistGradientBoostingRegressor(early_stopping=True, max_iter=10000,
                              n_iter_no_change=100, random_state=42,
                              scoring='neg_root_mean_squared_error'), 'model__l2_regularization': 400, 'model__learning_rate': 0.05, 'model__loss': 'squared_error', 'model__max_bins': 32, 'model__max_depth': 3, 'model__max_features': 1.0, 'model__max_leaf_nodes': 255, 'model__min_samples_leaf': 1600, 'reshape': FunctionTransformer(func=<function reshape at 0x7fdb1d1c0360>), 'second_scale': 'passthrough'}",0.07828706693790588,0.07828706693790588,0.0,1,0.46097701873804386,0.46097701873804386,0.0,0.9600588175013519,0.7341818448190858
0,27842.77944946289,0.0,79.05395340919495,0.0,passthrough,power_phase_stft,"HistGradientBoostingRegressor(early_stopping=True, max_iter=10000,
                              n_iter_no_change=100, random_state=42,
                              scoring='neg_root_mean_squared_error')",100,0.05,squared_error,32,6,0.2,127,1600,FunctionTransformer(func=<function reshape at 0x7fdb1d1c0360>),passthrough,"{'first_scale': 'passthrough', 'frequency': FunctionTransformer(func=<function power_phase_stft at 0x7fdb1d1ef9c0>), 'model': HistGradientBoostingRegressor(early_stopping=True, max_iter=10000,
                              n_iter_no_change=100, random_state=42,
                              scoring='neg_root_mean_squared_error'), 'model__l2_regularization': 100, 'model__learning_rate': 0.05, 'model__loss': 'squared_error', 'model__max_bins': 32, 'model__max_depth': 6, 'model__max_features': 0.2, 'model__max_leaf_nodes': 127, 'model__min_samples_leaf': 1600, 'reshape': FunctionTransformer(func=<function reshape at 0x7fdb1d1c0360>), 'second_scale': 'passthrough'}",0.06776834916267871,0.06776834916267871,0.0,1,0.7745081080615798,0.7745081080615798,0.0,0.9655214398641395,0.47485986557975207
0,44170.750167131424,0.0,100.5649642944336,0.0,passthrough,power_phase_stft,"HistGradientBoostingRegressor(early_stopping=True, max_iter=10000,
                              n_iter_no_change=100, random_state=42,
                              scoring='neg_root_mean_squared_error')",50,0.03,squared_error,32,3,0.2,255,3200,FunctionTransformer(func=<function reshape at 0x7fdb1d1c0360>),passthrough,"{'first_scale': 'passthrough', 'frequency': FunctionTransformer(func=<function power_phase_stft at 0x7fdb1d1ef9c0>), 'model': HistGradientBoostingRegressor(early_stopping=True, max_iter=10000,
                              n_iter_no_change=100, random_state=42,
                              scoring='neg_root_mean_squared_error'), 'model__l2_regularization': 50, 'model__learning_rate': 0.03, 'model__loss': 'squared_error', 'model__max_bins': 32, 'model__max_depth': 3, 'model__max_features': 0.2, 'model__max_leaf_nodes': 255, 'model__min_samples_leaf': 3200, 'reshape': FunctionTransformer(func=<function reshape at 0x7fdb1d1c0360>), 'second_scale': 'passthrough'}",0.07631126393509502,0.07631126393509502,0.0,1,0.49061531767619304,0.49061531767619304,0.0,0.9610872676635067,0.7137119042889833
0,42110.80261158943,0.0,73.12607955932617,0.0,passthrough,power_phase_stft,"HistGradientBoostingRegressor(early_stopping=True, max_iter=10000,
                              n_iter_no_change=100, random_state=42,
                              scoring='neg_root_mean_squared_error')",100,0.03,squared_error,32,6,0.5,127,3200,FunctionTransformer(func=<function reshape at 0x7fdb1d1c0360>),passthrough,"{'first_scale': 'passthrough', 'frequency': FunctionTransformer(func=<function power_phase_stft at 0x7fdb1d1ef9c0>), 'model': HistGradientBoostingRegressor(early_stopping=True, max_iter=10000,
                              n_iter_no_change=100, random_state=42,
                              scoring='neg_root_mean_squared_error'), 'model__l2_regularization': 100, 'model__learning_rate': 0.03, 'model__loss': 'squared_error', 'model__max_bins': 32, 'model__max_depth': 6, 'model__max_features': 0.5, 'model__max_leaf_nodes': 127, 'model__min_samples_leaf': 3200, 'reshape': FunctionTransformer(func=<function reshape at 0x7fdb1d1c0360>), 'second_scale': 'passthrough'}",0.07143894762634273,0.07143894762634273,0.0,1,0.7171397290246664,0.7171397290246664,0.0,0.9636187276997357,0.5318460970763381
0,31952.23918390274,0.0,75.19878959655762,0.0,passthrough,power_phase_stft,"HistGradientBoostingRegressor(early_stopping=True, max_iter=10000,
                              n_iter_no_change=100, random_state=42,
                              scoring='neg_root_mean_squared_error')",400,0.02,squared_error,32,6,1.0,127,1600,FunctionTransformer(func=<function reshape at 0x7fdb1d1c0360>),passthrough,"{'first_scale': 'passthrough', 'frequency': FunctionTransformer(func=<function power_phase_stft at 0x7fdb1d1ef9c0>), 'model': HistGradientBoostingRegressor(early_stopping=True, max_iter=10000,
                              n_iter_no_change=100, random_state=42,
                              scoring='neg_root_mean_squared_error'), 'model__l2_regularization': 400, 'model__learning_rate': 0.02, 'model__loss': 'squared_error', 'model__max_bins': 32, 'model__max_depth': 6, 'model__max_features': 1.0, 'model__max_leaf_nodes': 127, 'model__min_samples_leaf': 1600, 'reshape': FunctionTransformer(func=<function reshape at 0x7fdb1d1c0360>), 'second_scale': 'passthrough'}",0.0807294561687305,0.0807294561687305,0.0,1,0.6718688041512557,0.6718688041512557,0.0,0.9587859739437522,0.5728273700241149
0,33109.06994843483,0.0,100.3096923828125,0.0,passthrough,power_phase_stft,"HistGradientBoostingRegressor(early_stopping=True, max_iter=10000,
                              n_iter_no_change=100, random_state=42,
                              scoring='neg_root_mean_squared_error')",100,0.03,squared_error,32,3,0.2,255,1600,FunctionTransformer(func=<function reshape at 0x7fdb1d1c0360>),passthrough,"{'first_scale': 'passthrough', 'frequency': FunctionTransformer(func=<function power_phase_stft at 0x7fdb1d1ef9c0>), 'model': HistGradientBoostingRegressor(early_stopping=True, max_iter=10000,
                              n_iter_no_change=100, random_state=42,
                              scoring='neg_root_mean_squared_error'), 'model__l2_regularization': 100, 'model__learning_rate': 0.03, 'model__loss': 'squared_error', 'model__max_bins': 32, 'model__max_depth': 3, 'model__max_features': 0.2, 'model__max_leaf_nodes': 255, 'model__min_samples_leaf': 1600, 'reshape': FunctionTransformer(func=<function reshape at 0x7fdb1d1c0360>), 'second_scale': 'passthrough'}",0.08020448608996589,0.08020448608996589,0.0,1,0.42346812764145425,0.42346812764145425,0.0,0.9590597029956134,0.7592969592712365
0,25909.972373962402,0.0,55.921793699264526,0.0,passthrough,power_phase_stft,"HistGradientBoostingRegressor(early_stopping=True, max_iter=10000,
                              n_iter_no_change=100, random_state=42,
                              scoring='neg_root_mean_squared_error')",200,0.03,squared_error,32,3,0.5,255,3200,FunctionTransformer(func=<function reshape at 0x7fdb1d1c0360>),passthrough,"{'first_scale': 'passthrough', 'frequency': FunctionTransformer(func=<function power_phase_stft at 0x7fdb1d1ef9c0>), 'model': HistGradientBoostingRegressor(early_stopping=True, max_iter=10000,
                              n_iter_no_change=100, random_state=42,
                              scoring='neg_root_mean_squared_error'), 'model__l2_regularization': 200, 'model__learning_rate': 0.03, 'model__loss': 'squared_error', 'model__max_bins': 32, 'model__max_depth': 3, 'model__max_features': 0.5, 'model__max_leaf_nodes': 255, 'model__min_samples_leaf': 3200, 'reshape': FunctionTransformer(func=<function reshape at 0x7fdb1d1c0360>), 'second_scale': 'passthrough'}",0.07704878106939916,0.07704878106939916,0.0,1,0.4712755814508177,0.4712755814508177,0.0,0.9607035020913585,0.7271343882317645
0,22752.15234851837,0.0,65.66890215873718,0.0,passthrough,power_phase_stft,"HistGradientBoostingRegressor(early_stopping=True, max_iter=10000,
                              n_iter_no_change=100, random_state=42,
                              scoring='neg_root_mean_squared_error')",200,0.05,squared_error,32,6,0.2,127,1600,FunctionTransformer(func=<function reshape at 0x7fdb1d1c0360>),passthrough,"{'first_scale': 'passthrough', 'frequency': FunctionTransformer(func=<function power_phase_stft at 0x7fdb1d1ef9c0>), 'model': HistGradientBoostingRegressor(early_stopping=True, max_iter=10000,
                              n_iter_no_change=100, random_state=42,
                              scoring='neg_root_mean_squared_error'), 'model__l2_regularization': 200, 'model__learning_rate': 0.05, 'model__loss': 'squared_error', 'model__max_bins': 32, 'model__max_depth': 6, 'model__max_features': 0.2, 'model__max_leaf_nodes': 127, 'model__min_samples_leaf': 1600, 'reshape': FunctionTransformer(func=<function reshape at 0x7fdb1d1c0360>), 'second_scale': 'passthrough'}",0.06934389303266553,0.06934389303266553,0.0,1,0.7917313138733675,0.7917313138733675,0.0,0.9647051917385614,0.4563646416262247
0,18802.692618131638,0.0,57.90297245979309,0.0,passthrough,power_phase_stft,"HistGradientBoostingRegressor(early_stopping=True, max_iter=10000,
                              n_iter_no_change=100, random_state=42,
                              scoring='neg_root_mean_squared_error')",400,0.05,squared_error,32,3,0.5,511,3200,FunctionTransformer(func=<function reshape at 0x7fdb1d1c0360>),passthrough,"{'first_scale': 'passthrough', 'frequency': FunctionTransformer(func=<function power_phase_stft at 0x7fdb1d1ef9c0>), 'model': HistGradientBoostingRegressor(early_stopping=True, max_iter=10000,
                              n_iter_no_change=100, random_state=42,
                              scoring='neg_root_mean_squared_error'), 'model__l2_regularization': 400, 'model__learning_rate': 0.05, 'model__loss': 'squared_error', 'model__max_bins': 32, 'model__max_depth': 3, 'model__max_features': 0.5, 'model__max_leaf_nodes': 511, 'model__min_samples_leaf': 3200, 'reshape': FunctionTransformer(func=<function reshape at 0x7fdb1d1c0360>), 'second_scale': 'passthrough'}",0.07300173549429789,0.07300173549429789,0.0,1,0.5125699710516254,0.5125699710516254,0.0,0.962807490885744,0.6981618930795168
0,19465.177594184875,0.0,48.79965329170227,0.0,passthrough,power_phase_stft,"HistGradientBoostingRegressor(early_stopping=True, max_iter=10000,
                              n_iter_no_change=100, random_state=42,
                              scoring='neg_root_mean_squared_error')",400,0.02,squared_error,32,3,0.5,511,3200,FunctionTransformer(func=<function reshape at 0x7fdb1d1c0360>),passthrough,"{'first_scale': 'passthrough', 'frequency': FunctionTransformer(func=<function power_phase_stft at 0x7fdb1d1ef9c0>), 'model': HistGradientBoostingRegressor(early_stopping=True, max_iter=10000,
                              n_iter_no_change=100, random_state=42,
                              scoring='neg_root_mean_squared_error'), 'model__l2_regularization': 400, 'model__learning_rate': 0.02, 'model__loss': 'squared_error', 'model__max_bins': 32, 'model__max_depth': 3, 'model__max_features': 0.5, 'model__max_leaf_nodes': 511, 'model__min_samples_leaf': 3200, 'reshape': FunctionTransformer(func=<function reshape at 0x7fdb1d1c0360>), 'second_scale': 'passthrough'}",0.08557090326456496,0.08557090326456496,0.0,1,0.33132729357893786,0.33132729357893786,0.0,0.9562578610058247,0.8177241016510778
0,32122.532139778137,0.0,86.50014972686768,0.0,passthrough,power_phase_stft,"HistGradientBoostingRegressor(early_stopping=True, max_iter=10000,
                              n_iter_no_change=100, random_state=42,
                              scoring='neg_root_mean_squared_error')",100,0.05,squared_error,32,6,1.0,127,1600,FunctionTransformer(func=<function reshape at 0x7fdb1d1c0360>),passthrough,"{'first_scale': 'passthrough', 'frequency': FunctionTransformer(func=<function power_phase_stft at 0x7fdb1d1ef9c0>), 'model': HistGradientBoostingRegressor(early_stopping=True, max_iter=10000,
                              n_iter_no_change=100, random_state=42,
                              scoring='neg_root_mean_squared_error'), 'model__l2_regularization': 100, 'model__learning_rate': 0.05, 'model__loss': 'squared_error', 'model__max_bins': 32, 'model__max_depth': 6, 'model__max_features': 1.0, 'model__max_leaf_nodes': 127, 'model__min_samples_leaf': 1600, 'reshape': FunctionTransformer(func=<function reshape at 0x7fdb1d1c0360>), 'second_scale': 'passthrough'}",0.06517187520805146,0.06517187520805146,0.0,1,0.8244636160180601,0.8244636160180601,0.0,0.9668651016516981,0.41897062424702275
0,32124.781996250153,0.0,66.73060512542725,0.0,passthrough,power_phase_stft,"HistGradientBoostingRegressor(early_stopping=True, max_iter=10000,
                              n_iter_no_change=100, random_state=42,
                              scoring='neg_root_mean_squared_error')",400,0.02,squared_error,32,3,1.0,127,1600,FunctionTransformer(func=<function reshape at 0x7fdb1d1c0360>),passthrough,"{'first_scale': 'passthrough', 'frequency': FunctionTransformer(func=<function power_phase_stft at 0x7fdb1d1ef9c0>), 'model': HistGradientBoostingRegressor(early_stopping=True, max_iter=10000,
                              n_iter_no_change=100, random_state=42,
                              scoring='neg_root_mean_squared_error'), 'model__l2_regularization': 400, 'model__learning_rate': 0.02, 'model__loss': 'squared_error', 'model__max_bins': 32, 'model__max_depth': 3, 'model__max_features': 1.0, 'model__max_leaf_nodes': 127, 'model__min_samples_leaf': 1600, 'reshape': FunctionTransformer(func=<function reshape at 0x7fdb1d1c0360>), 'second_scale': 'passthrough'}",0.0801574721258127,0.0801574721258127,0.0,1,0.4584404878798105,0.4584404878798105,0.0,0.9590842131294766,0.7359072714141297
0,32176.255860567093,0.0,66.10593914985657,0.0,passthrough,power_phase_stft,"HistGradientBoostingRegressor(early_stopping=True, max_iter=10000,
                              n_iter_no_change=100, random_state=42,
                              scoring='neg_root_mean_squared_error')",400,0.02,squared_error,32,3,1.0,127,3200,FunctionTransformer(func=<function reshape at 0x7fdb1d1c0360>),passthrough,"{'first_scale': 'passthrough', 'frequency': FunctionTransformer(func=<function power_phase_stft at 0x7fdb1d1ef9c0>), 'model': HistGradientBoostingRegressor(early_stopping=True, max_iter=10000,
                              n_iter_no_change=100, random_state=42,
                              scoring='neg_root_mean_squared_error'), 'model__l2_regularization': 400, 'model__learning_rate': 0.02, 'model__loss': 'squared_error', 'model__max_bins': 32, 'model__max_depth': 3, 'model__max_features': 1.0, 'model__max_leaf_nodes': 127, 'model__min_samples_leaf': 3200, 'reshape': FunctionTransformer(func=<function reshape at 0x7fdb1d1c0360>), 'second_scale': 'passthrough'}",0.07909465908463942,0.07909465908463942,0.0,1,0.4303905675911971,0.4303905675911971,0.0,0.9596381301904174,0.7547247394969923
0,39455.78849172592,0.0,91.29437637329102,0.0,passthrough,power_phase_stft,"HistGradientBoostingRegressor(early_stopping=True, max_iter=10000,
                              n_iter_no_change=100, random_state=42,
                              scoring='neg_root_mean_squared_error')",400,0.03,squared_error,32,6,0.5,127,1600,FunctionTransformer(func=<function reshape at 0x7fdb1d1c0360>),passthrough,"{'first_scale': 'passthrough', 'frequency': FunctionTransformer(func=<function power_phase_stft at 0x7fdb1d1ef9c0>), 'model': HistGradientBoostingRegressor(early_stopping=True, max_iter=10000,
                              n_iter_no_change=100, random_state=42,
                              scoring='neg_root_mean_squared_error'), 'model__l2_regularization': 400, 'model__learning_rate': 0.03, 'model__loss': 'squared_error', 'model__max_bins': 32, 'model__max_depth': 6, 'model__max_features': 0.5, 'model__max_leaf_nodes': 127, 'model__min_samples_leaf': 1600, 'reshape': FunctionTransformer(func=<function reshape at 0x7fdb1d1c0360>), 'second_scale': 'passthrough'}",0.07444534852906448,0.07444534852906448,0.0,1,0.8019778211402397,0.8019778211402397,0.0,0.9620575094405405,0.44499683016821623
0,34868.14287567139,0.0,82.07478880882263,0.0,passthrough,power_phase_stft,"HistGradientBoostingRegressor(early_stopping=True, max_iter=10000,
                              n_iter_no_change=100, random_state=42,
                              scoring='neg_root_mean_squared_error')",50,0.05,squared_error,32,6,0.5,255,1600,FunctionTransformer(func=<function reshape at 0x7fdb1d1c0360>),passthrough,"{'first_scale': 'passthrough', 'frequency': FunctionTransformer(func=<function power_phase_stft at 0x7fdb1d1ef9c0>), 'model': HistGradientBoostingRegressor(early_stopping=True, max_iter=10000,
                              n_iter_no_change=100, random_state=42,
                              scoring='neg_root_mean_squared_error'), 'model__l2_regularization': 50, 'model__learning_rate': 0.05, 'model__loss': 'squared_error', 'model__max_bins': 32, 'model__max_depth': 6, 'model__max_features': 0.5, 'model__max_leaf_nodes': 255, 'model__min_samples_leaf': 1600, 'reshape': FunctionTransformer(func=<function reshape at 0x7fdb1d1c0360>), 'second_scale': 'passthrough'}",0.06646072562129268,0.06646072562129268,0.0,1,0.8010720532055713,0.8010720532055713,0.0,0.9661983618174413,0.4460133930662046
0,31392.556309223175,0.0,69.51441097259521,0.0,passthrough,power_phase_stft,"HistGradientBoostingRegressor(early_stopping=True, max_iter=10000,
                              n_iter_no_change=100, random_state=42,
                              scoring='neg_root_mean_squared_error')",400,0.03,squared_error,32,3,0.2,127,3200,FunctionTransformer(func=<function reshape at 0x7fdb1d1c0360>),passthrough,"{'first_scale': 'passthrough', 'frequency': FunctionTransformer(func=<function power_phase_stft at 0x7fdb1d1ef9c0>), 'model': HistGradientBoostingRegressor(early_stopping=True, max_iter=10000,
                              n_iter_no_change=100, random_state=42,
                              scoring='neg_root_mean_squared_error'), 'model__l2_regularization': 400, 'model__learning_rate': 0.03, 'model__loss': 'squared_error', 'model__max_bins': 32, 'model__max_depth': 3, 'model__max_features': 0.2, 'model__max_leaf_nodes': 127, 'model__min_samples_leaf': 3200, 'reshape': FunctionTransformer(func=<function reshape at 0x7fdb1d1c0360>), 'second_scale': 'passthrough'}",0.07819072553773587,0.07819072553773587,0.0,1,0.4955950115053639,0.4955950115053639,0.0,0.9601089909287717,0.7102147481534272
0,24600.294064044952,0.0,82.31957674026489,0.0,passthrough,power_phase_stft,"HistGradientBoostingRegressor(early_stopping=True, max_iter=10000,
                              n_iter_no_change=100, random_state=42,
                              scoring='neg_root_mean_squared_error')",100,0.05,squared_error,32,3,1.0,255,1600,FunctionTransformer(func=<function reshape at 0x7fdb1d1c0360>),passthrough,"{'first_scale': 'passthrough', 'frequency': FunctionTransformer(func=<function power_phase_stft at 0x7fdb1d1ef9c0>), 'model': HistGradientBoostingRegressor(early_stopping=True, max_iter=10000,
                              n_iter_no_change=100, random_state=42,
                              scoring='neg_root_mean_squared_error'), 'model__l2_regularization': 100, 'model__learning_rate': 0.05, 'model__loss': 'squared_error', 'model__max_bins': 32, 'model__max_depth': 3, 'model__max_features': 1.0, 'model__max_leaf_nodes': 255, 'model__min_samples_leaf': 1600, 'reshape': FunctionTransformer(func=<function reshape at 0x7fdb1d1c0360>), 'second_scale': 'passthrough'}",0.0741217405895882,0.0741217405895882,0.0,1,0.5149816705821892,0.5149816705821892,0.0,0.9622256800825947,0.6964325734899329
0,30441.68382716179,0.0,67.6118471622467,0.0,passthrough,power_phase_stft,"HistGradientBoostingRegressor(early_stopping=True, max_iter=10000,
                              n_iter_no_change=100, random_state=42,
                              scoring='neg_root_mean_squared_error')",400,0.03,squared_error,32,3,0.2,127,1600,FunctionTransformer(func=<function reshape at 0x7fdb1d1c0360>),passthrough,"{'first_scale': 'passthrough', 'frequency': FunctionTransformer(func=<function power_phase_stft at 0x7fdb1d1ef9c0>), 'model': HistGradientBoostingRegressor(early_stopping=True, max_iter=10000,
                              n_iter_no_change=100, random_state=42,
                              scoring='neg_root_mean_squared_error'), 'model__l2_regularization': 400, 'model__learning_rate': 0.03, 'model__loss': 'squared_error', 'model__max_bins': 32, 'model__max_depth': 3, 'model__max_features': 0.2, 'model__max_leaf_nodes': 127, 'model__min_samples_leaf': 1600, 'reshape': FunctionTransformer(func=<function reshape at 0x7fdb1d1c0360>), 'second_scale': 'passthrough'}",0.07744913244093177,0.07744913244093177,0.0,1,0.5297715077735978,0.5297715077735978,0.0,0.9604951158434217,0.6857320848745537
0,28163.217245578766,0.0,76.05859422683716,0.0,passthrough,power_phase_stft,"HistGradientBoostingRegressor(early_stopping=True, max_iter=10000,
                              n_iter_no_change=100, random_state=42,
                              scoring='neg_root_mean_squared_error')",400,0.03,squared_error,32,6,1.0,511,3200,FunctionTransformer(func=<function reshape at 0x7fdb1d1c0360>),passthrough,"{'first_scale': 'passthrough', 'frequency': FunctionTransformer(func=<function power_phase_stft at 0x7fdb1d1ef9c0>), 'model': HistGradientBoostingRegressor(early_stopping=True, max_iter=10000,
                              n_iter_no_change=100, random_state=42,
                              scoring='neg_root_mean_squared_error'), 'model__l2_regularization': 400, 'model__learning_rate': 0.03, 'model__loss': 'squared_error', 'model__max_bins': 32, 'model__max_depth': 6, 'model__max_features': 1.0, 'model__max_leaf_nodes': 511, 'model__min_samples_leaf': 3200, 'reshape': FunctionTransformer(func=<function reshape at 0x7fdb1d1c0360>), 'second_scale': 'passthrough'}",0.07800610323211421,0.07800610323211421,0.0,1,0.5712845873822547,0.5712845873822547,0.0,0.9602051326502509,0.6547636311049547
0,32147.23721265793,0.0,92.59106707572937,0.0,passthrough,power_phase_stft,"HistGradientBoostingRegressor(early_stopping=True, max_iter=10000,
                              n_iter_no_change=100, random_state=42,
                              scoring='neg_root_mean_squared_error')",100,0.02,squared_error,32,3,1.0,127,3200,FunctionTransformer(func=<function reshape at 0x7fdb1d1c0360>),passthrough,"{'first_scale': 'passthrough', 'frequency': FunctionTransformer(func=<function power_phase_stft at 0x7fdb1d1ef9c0>), 'model': HistGradientBoostingRegressor(early_stopping=True, max_iter=10000,
                              n_iter_no_change=100, random_state=42,
                              scoring='neg_root_mean_squared_error'), 'model__l2_regularization': 100, 'model__learning_rate': 0.02, 'model__loss': 'squared_error', 'model__max_bins': 32, 'model__max_depth': 3, 'model__max_features': 1.0, 'model__max_leaf_nodes': 127, 'model__min_samples_leaf': 3200, 'reshape': FunctionTransformer(func=<function reshape at 0x7fdb1d1c0360>), 'second_scale': 'passthrough'}",0.08217070956824468,0.08217070956824468,0.0,1,0.3773052954292013,0.3773052954292013,0.0,0.9580340758197253,0.7891100712643317
0,24735.37766480446,0.0,54.149653673172,0.0,passthrough,power_phase_stft,"HistGradientBoostingRegressor(early_stopping=True, max_iter=10000,
                              n_iter_no_change=100, random_state=42,
                              scoring='neg_root_mean_squared_error')",400,0.02,squared_error,32,3,0.5,511,1600,FunctionTransformer(func=<function reshape at 0x7fdb1d1c0360>),passthrough,"{'first_scale': 'passthrough', 'frequency': FunctionTransformer(func=<function power_phase_stft at 0x7fdb1d1ef9c0>), 'model': HistGradientBoostingRegressor(early_stopping=True, max_iter=10000,
                              n_iter_no_change=100, random_state=42,
                              scoring='neg_root_mean_squared_error'), 'model__l2_regularization': 400, 'model__learning_rate': 0.02, 'model__loss': 'squared_error', 'model__max_bins': 32, 'model__max_depth': 3, 'model__max_features': 0.5, 'model__max_leaf_nodes': 511, 'model__min_samples_leaf': 1600, 'reshape': FunctionTransformer(func=<function reshape at 0x7fdb1d1c0360>), 'second_scale': 'passthrough'}",0.08420362822839256,0.08420362822839256,0.0,1,0.3959266871726581,0.3959266871726581,0.0,0.9569725031429103,0.7772215339446932
0,25898.26135802269,0.0,61.76751136779785,0.0,passthrough,power_phase_stft,"HistGradientBoostingRegressor(early_stopping=True, max_iter=10000,
                              n_iter_no_change=100, random_state=42,
                              scoring='neg_root_mean_squared_error')",400,0.02,squared_error,32,3,0.2,511,1600,FunctionTransformer(func=<function reshape at 0x7fdb1d1c0360>),passthrough,"{'first_scale': 'passthrough', 'frequency': FunctionTransformer(func=<function power_phase_stft at 0x7fdb1d1ef9c0>), 'model': HistGradientBoostingRegressor(early_stopping=True, max_iter=10000,
                              n_iter_no_change=100, random_state=42,
                              scoring='neg_root_mean_squared_error'), 'model__l2_regularization': 400, 'model__learning_rate': 0.02, 'model__loss': 'squared_error', 'model__max_bins': 32, 'model__max_depth': 3, 'model__max_features': 0.2, 'model__max_leaf_nodes': 511, 'model__min_samples_leaf': 1600, 'reshape': FunctionTransformer(func=<function reshape at 0x7fdb1d1c0360>), 'second_scale': 'passthrough'}",0.08580811558443635,0.08580811558443635,0.0,1,0.39868295891419336,0.39868295891419336,0.0,0.9561338213950825,0.7754463495857122
0,20906.599361896515,0.0,68.34278678894043,0.0,passthrough,power_phase_stft,"HistGradientBoostingRegressor(early_stopping=True, max_iter=10000,
                              n_iter_no_change=100, random_state=42,
                              scoring='neg_root_mean_squared_error')",100,0.05,squared_error,32,3,1.0,127,1600,FunctionTransformer(func=<function reshape at 0x7fdb1d1c0360>),passthrough,"{'first_scale': 'passthrough', 'frequency': FunctionTransformer(func=<function power_phase_stft at 0x7fdb1d1ef9c0>), 'model': HistGradientBoostingRegressor(early_stopping=True, max_iter=10000,
                              n_iter_no_change=100, random_state=42,
                              scoring='neg_root_mean_squared_error'), 'model__l2_regularization': 100, 'model__learning_rate': 0.05, 'model__loss': 'squared_error', 'model__max_bins': 32, 'model__max_depth': 3, 'model__max_features': 1.0, 'model__max_leaf_nodes': 127, 'model__min_samples_leaf': 1600, 'reshape': FunctionTransformer(func=<function reshape at 0x7fdb1d1c0360>), 'second_scale': 'passthrough'}",0.0741217405895882,0.0741217405895882,0.0,1,0.5149816705821892,0.5149816705821892,0.0,0.9622256800825947,0.6964325734899329
0,17376.411967754364,0.0,60.56341314315796,0.0,passthrough,power_phase_stft,"HistGradientBoostingRegressor(early_stopping=True, max_iter=10000,
                              n_iter_no_change=100, random_state=42,
                              scoring='neg_root_mean_squared_error')",50,0.05,squared_error,32,3,1.0,255,1600,FunctionTransformer(func=<function reshape at 0x7fdb1d1c0360>),passthrough,"{'first_scale': 'passthrough', 'frequency': FunctionTransformer(func=<function power_phase_stft at 0x7fdb1d1ef9c0>), 'model': HistGradientBoostingRegressor(early_stopping=True, max_iter=10000,
                              n_iter_no_change=100, random_state=42,
                              scoring='neg_root_mean_squared_error'), 'model__l2_regularization': 50, 'model__learning_rate': 0.05, 'model__loss': 'squared_error', 'model__max_bins': 32, 'model__max_depth': 3, 'model__max_features': 1.0, 'model__max_leaf_nodes': 255, 'model__min_samples_leaf': 1600, 'reshape': FunctionTransformer(func=<function reshape at 0x7fdb1d1c0360>), 'second_scale': 'passthrough'}",0.07409809283078739,0.07409809283078739,0.0,1,0.47287788284381826,0.47287788284381826,0.0,0.9622379680563496,0.7260317604321327
0,31240.979009389877,0.0,78.72601962089539,0.0,passthrough,power_phase_stft,"HistGradientBoostingRegressor(early_stopping=True, max_iter=10000,
                              n_iter_no_change=100, random_state=42,
                              scoring='neg_root_mean_squared_error')",200,0.03,squared_error,32,3,1.0,255,1600,FunctionTransformer(func=<function reshape at 0x7fdb1d1c0360>),passthrough,"{'first_scale': 'passthrough', 'frequency': FunctionTransformer(func=<function power_phase_stft at 0x7fdb1d1ef9c0>), 'model': HistGradientBoostingRegressor(early_stopping=True, max_iter=10000,
                              n_iter_no_change=100, random_state=42,
                              scoring='neg_root_mean_squared_error'), 'model__l2_regularization': 200, 'model__learning_rate': 0.03, 'model__loss': 'squared_error', 'model__max_bins': 32, 'model__max_depth': 3, 'model__max_features': 1.0, 'model__max_leaf_nodes': 255, 'model__min_samples_leaf': 1600, 'reshape': FunctionTransformer(func=<function reshape at 0x7fdb1d1c0360>), 'second_scale': 'passthrough'}",0.07843675786804505,0.07843675786804505,0.0,1,0.48186316927973594,0.48186316927973594,0.0,0.95998085508616,0.7198172203554623
0,29209.516387701035,0.0,76.24198389053345,0.0,passthrough,power_phase_stft,"HistGradientBoostingRegressor(early_stopping=True, max_iter=10000,
                              n_iter_no_change=100, random_state=42,
                              scoring='neg_root_mean_squared_error')",50,0.05,squared_error,32,6,0.2,511,1600,FunctionTransformer(func=<function reshape at 0x7fdb1d1c0360>),passthrough,"{'first_scale': 'passthrough', 'frequency': FunctionTransformer(func=<function power_phase_stft at 0x7fdb1d1ef9c0>), 'model': HistGradientBoostingRegressor(early_stopping=True, max_iter=10000,
                              n_iter_no_change=100, random_state=42,
                              scoring='neg_root_mean_squared_error'), 'model__l2_regularization': 50, 'model__learning_rate': 0.05, 'model__loss': 'squared_error', 'model__max_bins': 32, 'model__max_depth': 6, 'model__max_features': 0.2, 'model__max_leaf_nodes': 511, 'model__min_samples_leaf': 1600, 'reshape': FunctionTransformer(func=<function reshape at 0x7fdb1d1c0360>), 'second_scale': 'passthrough'}",0.06961306215724394,0.06961306215724394,0.0,1,0.750375641850791,0.750375641850791,0.0,0.9645656731621524,0.49962421693629805
0,20001.16667175293,0.0,51.39898419380188,0.0,passthrough,power_phase_stft,"HistGradientBoostingRegressor(early_stopping=True, max_iter=10000,
                              n_iter_no_change=100, random_state=42,
                              scoring='neg_root_mean_squared_error')",100,0.05,squared_error,32,6,1.0,511,3200,FunctionTransformer(func=<function reshape at 0x7fdb1d1c0360>),passthrough,"{'first_scale': 'passthrough', 'frequency': FunctionTransformer(func=<function power_phase_stft at 0x7fdb1d1ef9c0>), 'model': HistGradientBoostingRegressor(early_stopping=True, max_iter=10000,
                              n_iter_no_change=100, random_state=42,
                              scoring='neg_root_mean_squared_error'), 'model__l2_regularization': 100, 'model__learning_rate': 0.05, 'model__loss': 'squared_error', 'model__max_bins': 32, 'model__max_depth': 6, 'model__max_features': 1.0, 'model__max_leaf_nodes': 511, 'model__min_samples_leaf': 3200, 'reshape': FunctionTransformer(func=<function reshape at 0x7fdb1d1c0360>), 'second_scale': 'passthrough'}",0.06865078558974613,0.06865078558974613,0.0,1,0.6852894249996646,0.6852894249996646,0.0,0.965064357651993,0.5609907084795036
0,19006.534554481506,0.0,43.48469614982605,0.0,passthrough,power_phase_stft,"HistGradientBoostingRegressor(early_stopping=True, max_iter=10000,
                              n_iter_no_change=100, random_state=42,
                              scoring='neg_root_mean_squared_error')",400,0.02,squared_error,32,3,0.5,255,3200,FunctionTransformer(func=<function reshape at 0x7fdb1d1c0360>),passthrough,"{'first_scale': 'passthrough', 'frequency': FunctionTransformer(func=<function power_phase_stft at 0x7fdb1d1ef9c0>), 'model': HistGradientBoostingRegressor(early_stopping=True, max_iter=10000,
                              n_iter_no_change=100, random_state=42,
                              scoring='neg_root_mean_squared_error'), 'model__l2_regularization': 400, 'model__learning_rate': 0.02, 'model__loss': 'squared_error', 'model__max_bins': 32, 'model__max_depth': 3, 'model__max_features': 0.5, 'model__max_leaf_nodes': 255, 'model__min_samples_leaf': 3200, 'reshape': FunctionTransformer(func=<function reshape at 0x7fdb1d1c0360>), 'second_scale': 'passthrough'}",0.08557090326456496,0.08557090326456496,0.0,1,0.33132729357893786,0.33132729357893786,0.0,0.9562578610058247,0.8177241016510778
0,13012.546913385391,0.0,53.14063858985901,0.0,passthrough,power_phase_stft,"HistGradientBoostingRegressor(early_stopping=True, max_iter=10000,
                              n_iter_no_change=100, random_state=42,
                              scoring='neg_root_mean_squared_error')",100,0.03,squared_error,32,3,1.0,127,3200,FunctionTransformer(func=<function reshape at 0x7fdb1d1c0360>),passthrough,"{'first_scale': 'passthrough', 'frequency': FunctionTransformer(func=<function power_phase_stft at 0x7fdb1d1ef9c0>), 'model': HistGradientBoostingRegressor(early_stopping=True, max_iter=10000,
                              n_iter_no_change=100, random_state=42,
                              scoring='neg_root_mean_squared_error'), 'model__l2_regularization': 100, 'model__learning_rate': 0.03, 'model__loss': 'squared_error', 'model__max_bins': 32, 'model__max_depth': 3, 'model__max_features': 1.0, 'model__max_leaf_nodes': 127, 'model__min_samples_leaf': 3200, 'reshape': FunctionTransformer(func=<function reshape at 0x7fdb1d1c0360>), 'second_scale': 'passthrough'}",0.08334439124820336,0.08334439124820336,0.0,1,0.33956538900522804,0.33956538900522804,0.0,0.9574213329312213,0.8126712810200518
0,18543.310575723648,0.0,65.59859323501587,0.0,passthrough,power_phase_stft,"HistGradientBoostingRegressor(early_stopping=True, max_iter=10000,
                              n_iter_no_change=100, random_state=42,
                              scoring='neg_root_mean_squared_error')",50,0.05,squared_error,32,3,1.0,127,1600,FunctionTransformer(func=<function reshape at 0x7fdb1d1c0360>),passthrough,"{'first_scale': 'passthrough', 'frequency': FunctionTransformer(func=<function power_phase_stft at 0x7fdb1d1ef9c0>), 'model': HistGradientBoostingRegressor(early_stopping=True, max_iter=10000,
                              n_iter_no_change=100, random_state=42,
                              scoring='neg_root_mean_squared_error'), 'model__l2_regularization': 50, 'model__learning_rate': 0.05, 'model__loss': 'squared_error', 'model__max_bins': 32, 'model__max_depth': 3, 'model__max_features': 1.0, 'model__max_leaf_nodes': 127, 'model__min_samples_leaf': 1600, 'reshape': FunctionTransformer(func=<function reshape at 0x7fdb1d1c0360>), 'second_scale': 'passthrough'}",0.07770981417161138,0.07770981417161138,0.0,1,0.4670318245941344,0.4670318245941344,0.0,0.9603594045087436,0.7300466939900938
0,12435.902972459793,0.0,45.93457627296448,0.0,passthrough,power_phase_stft,"HistGradientBoostingRegressor(early_stopping=True, max_iter=10000,
                              n_iter_no_change=100, random_state=42,
                              scoring='neg_root_mean_squared_error')",100,0.05,squared_error,32,3,0.2,255,3200,FunctionTransformer(func=<function reshape at 0x7fdb1d1c0360>),passthrough,"{'first_scale': 'passthrough', 'frequency': FunctionTransformer(func=<function power_phase_stft at 0x7fdb1d1ef9c0>), 'model': HistGradientBoostingRegressor(early_stopping=True, max_iter=10000,
                              n_iter_no_change=100, random_state=42,
                              scoring='neg_root_mean_squared_error'), 'model__l2_regularization': 100, 'model__learning_rate': 0.05, 'model__loss': 'squared_error', 'model__max_bins': 32, 'model__max_depth': 3, 'model__max_features': 0.2, 'model__max_leaf_nodes': 255, 'model__min_samples_leaf': 3200, 'reshape': FunctionTransformer(func=<function reshape at 0x7fdb1d1c0360>), 'second_scale': 'passthrough'}",0.07855729542714418,0.07855729542714418,0.0,1,0.4124073637247425,0.4124073637247425,0.0,0.9599180718024095,0.7665459126988138
0,44801.2404358387,0.0,101.78215980529785,0.0,passthrough,power_phase_stft,"HistGradientBoostingRegressor(early_stopping=True, max_iter=10000,
                              n_iter_no_change=100, random_state=42,
                              scoring='neg_root_mean_squared_error')",50,0.03,squared_error,32,3,0.2,127,3200,FunctionTransformer(func=<function reshape at 0x7fdb1d1c0360>),passthrough,"{'first_scale': 'passthrough', 'frequency': FunctionTransformer(func=<function power_phase_stft at 0x7fdb1d1ef9c0>), 'model': HistGradientBoostingRegressor(early_stopping=True, max_iter=10000,
                              n_iter_no_change=100, random_state=42,
                              scoring='neg_root_mean_squared_error'), 'model__l2_regularization': 50, 'model__learning_rate': 0.03, 'model__loss': 'squared_error', 'model__max_bins': 32, 'model__max_depth': 3, 'model__max_features': 0.2, 'model__max_leaf_nodes': 127, 'model__min_samples_leaf': 3200, 'reshape': FunctionTransformer(func=<function reshape at 0x7fdb1d1c0360>), 'second_scale': 'passthrough'}",0.07631126393509502,0.07631126393509502,0.0,1,0.49061531767619304,0.49061531767619304,0.0,0.9610872676635067,0.7137119042889833
0,15651.629811525345,0.0,52.21429181098938,0.0,passthrough,power_phase_stft,"HistGradientBoostingRegressor(early_stopping=True, max_iter=10000,
                              n_iter_no_change=100, random_state=42,
                              scoring='neg_root_mean_squared_error')",100,0.05,squared_error,32,6,1.0,255,3200,FunctionTransformer(func=<function reshape at 0x7fdb1d1c0360>),passthrough,"{'first_scale': 'passthrough', 'frequency': FunctionTransformer(func=<function power_phase_stft at 0x7fdb1d1ef9c0>), 'model': HistGradientBoostingRegressor(early_stopping=True, max_iter=10000,
                              n_iter_no_change=100, random_state=42,
                              scoring='neg_root_mean_squared_error'), 'model__l2_regularization': 100, 'model__learning_rate': 0.05, 'model__loss': 'squared_error', 'model__max_bins': 32, 'model__max_depth': 6, 'model__max_features': 1.0, 'model__max_leaf_nodes': 255, 'model__min_samples_leaf': 3200, 'reshape': FunctionTransformer(func=<function reshape at 0x7fdb1d1c0360>), 'second_scale': 'passthrough'}",0.07018865026403098,0.07018865026403098,0.0,1,0.6449707217274164,0.6449707217274164,0.0,0.9642672605330791,0.5958433336646334
0,24554.957305192947,0.0,67.7748806476593,0.0,passthrough,power_phase_stft,"HistGradientBoostingRegressor(early_stopping=True, max_iter=10000,
                              n_iter_no_change=100, random_state=42,
                              scoring='neg_root_mean_squared_error')",200,0.03,squared_error,32,3,0.2,511,3200,FunctionTransformer(func=<function reshape at 0x7fdb1d1c0360>),passthrough,"{'first_scale': 'passthrough', 'frequency': FunctionTransformer(func=<function power_phase_stft at 0x7fdb1d1ef9c0>), 'model': HistGradientBoostingRegressor(early_stopping=True, max_iter=10000,
                              n_iter_no_change=100, random_state=42,
                              scoring='neg_root_mean_squared_error'), 'model__l2_regularization': 200, 'model__learning_rate': 0.03, 'model__loss': 'squared_error', 'model__max_bins': 32, 'model__max_depth': 3, 'model__max_features': 0.2, 'model__max_leaf_nodes': 511, 'model__min_samples_leaf': 3200, 'reshape': FunctionTransformer(func=<function reshape at 0x7fdb1d1c0360>), 'second_scale': 'passthrough'}",0.07832222420627044,0.07832222420627044,0.0,1,0.4504263188318812,0.4504263188318812,0.0,0.960040507371293,0.7413323688927381
0,22748.289714097977,0.0,67.05598425865173,0.0,passthrough,power_phase_stft,"HistGradientBoostingRegressor(early_stopping=True, max_iter=10000,
                              n_iter_no_change=100, random_state=42,
                              scoring='neg_root_mean_squared_error')",200,0.05,squared_error,32,6,0.2,511,1600,FunctionTransformer(func=<function reshape at 0x7fdb1d1c0360>),passthrough,"{'first_scale': 'passthrough', 'frequency': FunctionTransformer(func=<function power_phase_stft at 0x7fdb1d1ef9c0>), 'model': HistGradientBoostingRegressor(early_stopping=True, max_iter=10000,
                              n_iter_no_change=100, random_state=42,
                              scoring='neg_root_mean_squared_error'), 'model__l2_regularization': 200, 'model__learning_rate': 0.05, 'model__loss': 'squared_error', 'model__max_bins': 32, 'model__max_depth': 6, 'model__max_features': 0.2, 'model__max_leaf_nodes': 511, 'model__min_samples_leaf': 1600, 'reshape': FunctionTransformer(func=<function reshape at 0x7fdb1d1c0360>), 'second_scale': 'passthrough'}",0.07326977638719678,0.07326977638719678,0.0,1,0.7080433468605337,0.7080433468605337,0.0,0.9626682832693737,0.5403301334734778
0,35394.53928565979,0.0,84.6295177936554,0.0,passthrough,power_phase_stft,"HistGradientBoostingRegressor(early_stopping=True, max_iter=10000,
                              n_iter_no_change=100, random_state=42,
                              scoring='neg_root_mean_squared_error')",50,0.03,squared_error,32,3,0.2,511,1600,FunctionTransformer(func=<function reshape at 0x7fdb1d1c0360>),passthrough,"{'first_scale': 'passthrough', 'frequency': FunctionTransformer(func=<function power_phase_stft at 0x7fdb1d1ef9c0>), 'model': HistGradientBoostingRegressor(early_stopping=True, max_iter=10000,
                              n_iter_no_change=100, random_state=42,
                              scoring='neg_root_mean_squared_error'), 'model__l2_regularization': 50, 'model__learning_rate': 0.03, 'model__loss': 'squared_error', 'model__max_bins': 32, 'model__max_depth': 3, 'model__max_features': 0.2, 'model__max_leaf_nodes': 511, 'model__min_samples_leaf': 1600, 'reshape': FunctionTransformer(func=<function reshape at 0x7fdb1d1c0360>), 'second_scale': 'passthrough'}",0.07751046145141294,0.07751046145141294,0.0,1,0.49585129272066686,0.49585129272066686,0.0,0.9604631895854141,0.7100343000724213
0,32383.21047925949,0.0,82.32904362678528,0.0,passthrough,power_phase_stft,"HistGradientBoostingRegressor(early_stopping=True, max_iter=10000,
                              n_iter_no_change=100, random_state=42,
                              scoring='neg_root_mean_squared_error')",50,0.03,squared_error,32,3,0.5,255,3200,FunctionTransformer(func=<function reshape at 0x7fdb1d1c0360>),passthrough,"{'first_scale': 'passthrough', 'frequency': FunctionTransformer(func=<function power_phase_stft at 0x7fdb1d1ef9c0>), 'model': HistGradientBoostingRegressor(early_stopping=True, max_iter=10000,
                              n_iter_no_change=100, random_state=42,
                              scoring='neg_root_mean_squared_error'), 'model__l2_regularization': 50, 'model__learning_rate': 0.03, 'model__loss': 'squared_error', 'model__max_bins': 32, 'model__max_depth': 3, 'model__max_features': 0.5, 'model__max_leaf_nodes': 255, 'model__min_samples_leaf': 3200, 'reshape': FunctionTransformer(func=<function reshape at 0x7fdb1d1c0360>), 'second_scale': 'passthrough'}",0.07997847171836969,0.07997847171836969,0.0,1,0.43436218408267935,0.43436218408267935,0.0,0.9591775269894673,0.7520889680864363
0,36203.41849040985,0.0,65.95349025726318,0.0,passthrough,power_phase_stft,"HistGradientBoostingRegressor(early_stopping=True, max_iter=10000,
                              n_iter_no_change=100, random_state=42,
                              scoring='neg_root_mean_squared_error')",800,0.01,squared_error,63,None,0.5,127,9600,FunctionTransformer(func=<function reshape at 0x7fdb1d1c0360>),passthrough,"{'first_scale': 'passthrough', 'frequency': FunctionTransformer(func=<function power_phase_stft at 0x7fdb1d1ef9c0>), 'model': HistGradientBoostingRegressor(early_stopping=True, max_iter=10000,
                              n_iter_no_change=100, random_state=42,
                              scoring='neg_root_mean_squared_error'), 'model__l2_regularization': 800, 'model__learning_rate': 0.01, 'model__loss': 'squared_error', 'model__max_bins': 63, 'model__max_depth': None, 'model__max_features': 0.5, 'model__max_leaf_nodes': 127, 'model__min_samples_leaf': 9600, 'reshape': FunctionTransformer(func=<function reshape at 0x7fdb1d1c0360>), 'second_scale': 'passthrough'}",0.08888406954464045,0.08888406954464045,0.0,1,0.2749696638436909,0.2749696638436909,0.0,0.9545239286971069,0.8514871321143432
0,10177.591877222061,0.0,43.15936851501465,0.0,passthrough,power_phase_stft,"HistGradientBoostingRegressor(early_stopping=True, max_iter=10000,
                              n_iter_no_change=100, random_state=42,
                              scoring='neg_root_mean_squared_error')",400,0.05,squared_error,32,3,0.2,511,1600,FunctionTransformer(func=<function reshape at 0x7fdb1d1c0360>),passthrough,"{'first_scale': 'passthrough', 'frequency': FunctionTransformer(func=<function power_phase_stft at 0x7fdb1d1ef9c0>), 'model': HistGradientBoostingRegressor(early_stopping=True, max_iter=10000,
                              n_iter_no_change=100, random_state=42,
                              scoring='neg_root_mean_squared_error'), 'model__l2_regularization': 400, 'model__learning_rate': 0.05, 'model__loss': 'squared_error', 'model__max_bins': 32, 'model__max_depth': 3, 'model__max_features': 0.2, 'model__max_leaf_nodes': 511, 'model__min_samples_leaf': 1600, 'reshape': FunctionTransformer(func=<function reshape at 0x7fdb1d1c0360>), 'second_scale': 'passthrough'}",0.08496007700843822,0.08496007700843822,0.0,1,0.39062169353325793,0.39062169353325793,0.0,0.9565771913398112,0.7806268676305871
0,38313.80961847305,0.0,94.39083313941956,0.0,passthrough,power_phase_stft,"HistGradientBoostingRegressor(early_stopping=True, max_iter=10000,
                              n_iter_no_change=100, random_state=42,
                              scoring='neg_root_mean_squared_error')",400,0.05,squared_error,32,6,1.0,511,3200,FunctionTransformer(func=<function reshape at 0x7fdb1d1c0360>),passthrough,"{'first_scale': 'passthrough', 'frequency': FunctionTransformer(func=<function power_phase_stft at 0x7fdb1d1ef9c0>), 'model': HistGradientBoostingRegressor(early_stopping=True, max_iter=10000,
                              n_iter_no_change=100, random_state=42,
                              scoring='neg_root_mean_squared_error'), 'model__l2_regularization': 400, 'model__learning_rate': 0.05, 'model__loss': 'squared_error', 'model__max_bins': 32, 'model__max_depth': 6, 'model__max_features': 1.0, 'model__max_leaf_nodes': 511, 'model__min_samples_leaf': 3200, 'reshape': FunctionTransformer(func=<function reshape at 0x7fdb1d1c0360>), 'second_scale': 'passthrough'}",0.06427461707175752,0.06427461707175752,0.0,1,0.7287921216463508,0.7287921216463508,0.0,0.9673289941525801,0.5207762267554551
0,21853.457357406616,0.0,78.82014083862305,0.0,passthrough,power_phase_stft,"HistGradientBoostingRegressor(early_stopping=True, max_iter=10000,
                              n_iter_no_change=100, random_state=42,
                              scoring='neg_root_mean_squared_error')",200,0.05,squared_error,32,3,1.0,255,1600,FunctionTransformer(func=<function reshape at 0x7fdb1d1c0360>),passthrough,"{'first_scale': 'passthrough', 'frequency': FunctionTransformer(func=<function power_phase_stft at 0x7fdb1d1ef9c0>), 'model': HistGradientBoostingRegressor(early_stopping=True, max_iter=10000,
                              n_iter_no_change=100, random_state=42,
                              scoring='neg_root_mean_squared_error'), 'model__l2_regularization': 200, 'model__learning_rate': 0.05, 'model__loss': 'squared_error', 'model__max_bins': 32, 'model__max_depth': 3, 'model__max_features': 1.0, 'model__max_leaf_nodes': 255, 'model__min_samples_leaf': 1600, 'reshape': FunctionTransformer(func=<function reshape at 0x7fdb1d1c0360>), 'second_scale': 'passthrough'}",0.07631337929945547,0.07631337929945547,0.0,1,0.4825627489782962,0.4825627489782962,0.0,0.961086167157006,0.7193311136199405
0,33041.64399814606,0.0,116.38689589500427,0.0,passthrough,power_phase_stft,"HistGradientBoostingRegressor(early_stopping=True, max_iter=10000,
                              n_iter_no_change=100, random_state=42,
                              scoring='neg_root_mean_squared_error')",400,0.03,squared_error,32,3,1.0,511,3200,FunctionTransformer(func=<function reshape at 0x7fdb1d1c0360>),passthrough,"{'first_scale': 'passthrough', 'frequency': FunctionTransformer(func=<function power_phase_stft at 0x7fdb1d1ef9c0>), 'model': HistGradientBoostingRegressor(early_stopping=True, max_iter=10000,
                              n_iter_no_change=100, random_state=42,
                              scoring='neg_root_mean_squared_error'), 'model__l2_regularization': 400, 'model__learning_rate': 0.03, 'model__loss': 'squared_error', 'model__max_bins': 32, 'model__max_depth': 3, 'model__max_features': 1.0, 'model__max_leaf_nodes': 511, 'model__min_samples_leaf': 3200, 'reshape': FunctionTransformer(func=<function reshape at 0x7fdb1d1c0360>), 'second_scale': 'passthrough'}",0.07571339427255064,0.07571339427255064,0.0,1,0.47560622267390273,0.47560622267390273,0.0,0.9613982555254869,0.7241503830877238
0,39198.853316783905,0.0,94.7951774597168,0.0,passthrough,power_phase_stft,"HistGradientBoostingRegressor(early_stopping=True, max_iter=10000,
                              n_iter_no_change=100, random_state=42,
                              scoring='neg_root_mean_squared_error')",400,0.05,squared_error,32,6,1.0,127,3200,FunctionTransformer(func=<function reshape at 0x7fdb1d1c0360>),passthrough,"{'first_scale': 'passthrough', 'frequency': FunctionTransformer(func=<function power_phase_stft at 0x7fdb1d1ef9c0>), 'model': HistGradientBoostingRegressor(early_stopping=True, max_iter=10000,
                              n_iter_no_change=100, random_state=42,
                              scoring='neg_root_mean_squared_error'), 'model__l2_regularization': 400, 'model__learning_rate': 0.05, 'model__loss': 'squared_error', 'model__max_bins': 32, 'model__max_depth': 6, 'model__max_features': 1.0, 'model__max_leaf_nodes': 127, 'model__min_samples_leaf': 3200, 'reshape': FunctionTransformer(func=<function reshape at 0x7fdb1d1c0360>), 'second_scale': 'passthrough'}",0.06427461707175752,0.06427461707175752,0.0,1,0.7287921216463508,0.7287921216463508,0.0,0.9673289941525801,0.5207762267554551
0,30837.029954195023,0.0,93.6170437335968,0.0,passthrough,power_phase_stft,"HistGradientBoostingRegressor(early_stopping=True, max_iter=10000,
                              n_iter_no_change=100, random_state=42,
                              scoring='neg_root_mean_squared_error')",400,0.05,squared_error,32,3,0.2,127,3200,FunctionTransformer(func=<function reshape at 0x7fdb1d1c0360>),passthrough,"{'first_scale': 'passthrough', 'frequency': FunctionTransformer(func=<function power_phase_stft at 0x7fdb1d1ef9c0>), 'model': HistGradientBoostingRegressor(early_stopping=True, max_iter=10000,
                              n_iter_no_change=100, random_state=42,
                              scoring='neg_root_mean_squared_error'), 'model__l2_regularization': 400, 'model__learning_rate': 0.05, 'model__loss': 'squared_error', 'model__max_bins': 32, 'model__max_depth': 3, 'model__max_features': 0.2, 'model__max_leaf_nodes': 127, 'model__min_samples_leaf': 3200, 'reshape': FunctionTransformer(func=<function reshape at 0x7fdb1d1c0360>), 'second_scale': 'passthrough'}",0.07605029559025978,0.07605029559025978,0.0,1,0.4597656630414161,0.4597656630414161,0.0,0.9612230253222923,0.7350063516450616
0,16703.367931842804,0.0,55.525317907333374,0.0,passthrough,power_phase_stft,"HistGradientBoostingRegressor(early_stopping=True, max_iter=10000,
                              n_iter_no_change=100, random_state=42,
                              scoring='neg_root_mean_squared_error')",100,0.05,squared_error,32,3,0.5,127,1600,FunctionTransformer(func=<function reshape at 0x7fdb1d1c0360>),passthrough,"{'first_scale': 'passthrough', 'frequency': FunctionTransformer(func=<function power_phase_stft at 0x7fdb1d1ef9c0>), 'model': HistGradientBoostingRegressor(early_stopping=True, max_iter=10000,
                              n_iter_no_change=100, random_state=42,
                              scoring='neg_root_mean_squared_error'), 'model__l2_regularization': 100, 'model__learning_rate': 0.05, 'model__loss': 'squared_error', 'model__max_bins': 32, 'model__max_depth': 3, 'model__max_features': 0.5, 'model__max_leaf_nodes': 127, 'model__min_samples_leaf': 1600, 'reshape': FunctionTransformer(func=<function reshape at 0x7fdb1d1c0360>), 'second_scale': 'passthrough'}",0.07163334261801979,0.07163334261801979,0.0,1,0.5307653907516698,0.5307653907516698,0.0,0.9635178552481424,0.6850070140139662
0,42543.149109601974,0.0,99.11732959747314,0.0,passthrough,power_phase_stft,"HistGradientBoostingRegressor(early_stopping=True, max_iter=10000,
                              n_iter_no_change=100, random_state=42,
                              scoring='neg_root_mean_squared_error')",50,0.03,squared_error,32,3,0.5,511,1600,FunctionTransformer(func=<function reshape at 0x7fdb1d1c0360>),passthrough,"{'first_scale': 'passthrough', 'frequency': FunctionTransformer(func=<function power_phase_stft at 0x7fdb1d1ef9c0>), 'model': HistGradientBoostingRegressor(early_stopping=True, max_iter=10000,
                              n_iter_no_change=100, random_state=42,
                              scoring='neg_root_mean_squared_error'), 'model__l2_regularization': 50, 'model__learning_rate': 0.03, 'model__loss': 'squared_error', 'model__max_bins': 32, 'model__max_depth': 3, 'model__max_features': 0.5, 'model__max_leaf_nodes': 511, 'model__min_samples_leaf': 1600, 'reshape': FunctionTransformer(func=<function reshape at 0x7fdb1d1c0360>), 'second_scale': 'passthrough'}",0.07557372535782136,0.07557372535782136,0.0,1,0.5181207993511536,0.5181207993511536,0.0,0.961470891208974,0.6941751944926052
0,16689.71053647995,0.0,59.39887595176697,0.0,passthrough,power_phase_stft,"HistGradientBoostingRegressor(early_stopping=True, max_iter=10000,
                              n_iter_no_change=100, random_state=42,
                              scoring='neg_root_mean_squared_error')",50,0.05,squared_error,32,3,0.5,511,1600,FunctionTransformer(func=<function reshape at 0x7fdb1d1c0360>),passthrough,"{'first_scale': 'passthrough', 'frequency': FunctionTransformer(func=<function power_phase_stft at 0x7fdb1d1ef9c0>), 'model': HistGradientBoostingRegressor(early_stopping=True, max_iter=10000,
                              n_iter_no_change=100, random_state=42,
                              scoring='neg_root_mean_squared_error'), 'model__l2_regularization': 50, 'model__learning_rate': 0.05, 'model__loss': 'squared_error', 'model__max_bins': 32, 'model__max_depth': 3, 'model__max_features': 0.5, 'model__max_leaf_nodes': 511, 'model__min_samples_leaf': 1600, 'reshape': FunctionTransformer(func=<function reshape at 0x7fdb1d1c0360>), 'second_scale': 'passthrough'}",0.07823314904035283,0.07823314904035283,0.0,1,0.45325209961495794,0.45325209961495794,0.0,0.9600868976085691,0.7394240328695315
0,23233.03049683571,0.0,58.32378172874451,0.0,passthrough,power_phase_stft,"HistGradientBoostingRegressor(early_stopping=True, max_iter=10000,
                              n_iter_no_change=100, random_state=42,
                              scoring='neg_root_mean_squared_error')",200,0.02,squared_error,32,3,0.2,255,3200,FunctionTransformer(func=<function reshape at 0x7fdb1d1c0360>),passthrough,"{'first_scale': 'passthrough', 'frequency': FunctionTransformer(func=<function power_phase_stft at 0x7fdb1d1ef9c0>), 'model': HistGradientBoostingRegressor(early_stopping=True, max_iter=10000,
                              n_iter_no_change=100, random_state=42,
                              scoring='neg_root_mean_squared_error'), 'model__l2_regularization': 200, 'model__learning_rate': 0.02, 'model__loss': 'squared_error', 'model__max_bins': 32, 'model__max_depth': 3, 'model__max_features': 0.2, 'model__max_leaf_nodes': 255, 'model__min_samples_leaf': 3200, 'reshape': FunctionTransformer(func=<function reshape at 0x7fdb1d1c0360>), 'second_scale': 'passthrough'}",0.08627577875672077,0.08627577875672077,0.0,1,0.3618958442462089,0.3618958442462089,0.0,0.9558892306346375,0.7988142185475864
0,21715.128133773804,0.0,54.95587110519409,0.0,passthrough,power_phase_stft,"HistGradientBoostingRegressor(early_stopping=True, max_iter=10000,
                              n_iter_no_change=100, random_state=42,
                              scoring='neg_root_mean_squared_error')",100,0.03,squared_error,32,3,0.5,255,3200,FunctionTransformer(func=<function reshape at 0x7fdb1d1c0360>),passthrough,"{'first_scale': 'passthrough', 'frequency': FunctionTransformer(func=<function power_phase_stft at 0x7fdb1d1ef9c0>), 'model': HistGradientBoostingRegressor(early_stopping=True, max_iter=10000,
                              n_iter_no_change=100, random_state=42,
                              scoring='neg_root_mean_squared_error'), 'model__l2_regularization': 100, 'model__learning_rate': 0.03, 'model__loss': 'squared_error', 'model__max_bins': 32, 'model__max_depth': 3, 'model__max_features': 0.5, 'model__max_leaf_nodes': 255, 'model__min_samples_leaf': 3200, 'reshape': FunctionTransformer(func=<function reshape at 0x7fdb1d1c0360>), 'second_scale': 'passthrough'}",0.08089040965484195,0.08089040965484195,0.0,1,0.4327751166481679,0.4327751166481679,0.0,0.9587020341822364,0.7531433351971137
0,28640.854674100876,0.0,88.31658148765564,0.0,passthrough,power_phase_stft,"HistGradientBoostingRegressor(early_stopping=True, max_iter=10000,
                              n_iter_no_change=100, random_state=42,
                              scoring='neg_root_mean_squared_error')",50,0.05,squared_error,32,6,0.5,255,3200,FunctionTransformer(func=<function reshape at 0x7fdb1d1c0360>),passthrough,"{'first_scale': 'passthrough', 'frequency': FunctionTransformer(func=<function power_phase_stft at 0x7fdb1d1ef9c0>), 'model': HistGradientBoostingRegressor(early_stopping=True, max_iter=10000,
                              n_iter_no_change=100, random_state=42,
                              scoring='neg_root_mean_squared_error'), 'model__l2_regularization': 50, 'model__learning_rate': 0.05, 'model__loss': 'squared_error', 'model__max_bins': 32, 'model__max_depth': 6, 'model__max_features': 0.5, 'model__max_leaf_nodes': 255, 'model__min_samples_leaf': 3200, 'reshape': FunctionTransformer(func=<function reshape at 0x7fdb1d1c0360>), 'second_scale': 'passthrough'}",0.0689713850753535,0.0689713850753535,0.0,1,0.6555348315147669,0.6555348315147669,0.0,0.9648982407096857,0.5869115508193999
0,41693.89465856552,0.0,77.25736403465271,0.0,passthrough,power_phase_stft,"HistGradientBoostingRegressor(early_stopping=True, max_iter=10000,
                              n_iter_no_change=100, random_state=42,
                              scoring='neg_root_mean_squared_error')",100,0.03,squared_error,32,6,0.5,255,3200,FunctionTransformer(func=<function reshape at 0x7fdb1d1c0360>),passthrough,"{'first_scale': 'passthrough', 'frequency': FunctionTransformer(func=<function power_phase_stft at 0x7fdb1d1ef9c0>), 'model': HistGradientBoostingRegressor(early_stopping=True, max_iter=10000,
                              n_iter_no_change=100, random_state=42,
                              scoring='neg_root_mean_squared_error'), 'model__l2_regularization': 100, 'model__learning_rate': 0.03, 'model__loss': 'squared_error', 'model__max_bins': 32, 'model__max_depth': 6, 'model__max_features': 0.5, 'model__max_leaf_nodes': 255, 'model__min_samples_leaf': 3200, 'reshape': FunctionTransformer(func=<function reshape at 0x7fdb1d1c0360>), 'second_scale': 'passthrough'}",0.07143894762634273,0.07143894762634273,0.0,1,0.7171397290246664,0.7171397290246664,0.0,0.9636187276997357,0.5318460970763381
0,24971.75047135353,0.0,52.50535249710083,0.0,passthrough,power_phase_stft,"HistGradientBoostingRegressor(early_stopping=True, max_iter=10000,
                              n_iter_no_change=100, random_state=42,
                              scoring='neg_root_mean_squared_error')",100,0.03,squared_error,32,6,1.0,127,1600,FunctionTransformer(func=<function reshape at 0x7fdb1d1c0360>),passthrough,"{'first_scale': 'passthrough', 'frequency': FunctionTransformer(func=<function power_phase_stft at 0x7fdb1d1ef9c0>), 'model': HistGradientBoostingRegressor(early_stopping=True, max_iter=10000,
                              n_iter_no_change=100, random_state=42,
                              scoring='neg_root_mean_squared_error'), 'model__l2_regularization': 100, 'model__learning_rate': 0.03, 'model__loss': 'squared_error', 'model__max_bins': 32, 'model__max_depth': 6, 'model__max_features': 1.0, 'model__max_leaf_nodes': 127, 'model__min_samples_leaf': 1600, 'reshape': FunctionTransformer(func=<function reshape at 0x7fdb1d1c0360>), 'second_scale': 'passthrough'}",0.07914432880690014,0.07914432880690014,0.0,1,0.6855065262434654,0.6855065262434654,0.0,0.9596122504392594,0.5607971770226153
0,28647.541484117508,0.0,71.42416596412659,0.0,passthrough,power_phase_stft,"HistGradientBoostingRegressor(early_stopping=True, max_iter=10000,
                              n_iter_no_change=100, random_state=42,
                              scoring='neg_root_mean_squared_error')",200,0.03,squared_error,32,6,0.5,511,1600,FunctionTransformer(func=<function reshape at 0x7fdb1d1c0360>),passthrough,"{'first_scale': 'passthrough', 'frequency': FunctionTransformer(func=<function power_phase_stft at 0x7fdb1d1ef9c0>), 'model': HistGradientBoostingRegressor(early_stopping=True, max_iter=10000,
                              n_iter_no_change=100, random_state=42,
                              scoring='neg_root_mean_squared_error'), 'model__l2_regularization': 200, 'model__learning_rate': 0.03, 'model__loss': 'squared_error', 'model__max_bins': 32, 'model__max_depth': 6, 'model__max_features': 0.5, 'model__max_leaf_nodes': 511, 'model__min_samples_leaf': 1600, 'reshape': FunctionTransformer(func=<function reshape at 0x7fdb1d1c0360>), 'second_scale': 'passthrough'}",0.07738251888687919,0.07738251888687919,0.0,1,0.7434183763065962,0.7434183763065962,0.0,0.9605297918925372,0.5065388669128992
0,17295.7184715271,0.0,53.08694934844971,0.0,passthrough,power_phase_stft,"HistGradientBoostingRegressor(early_stopping=True, max_iter=10000,
                              n_iter_no_change=100, random_state=42,
                              scoring='neg_root_mean_squared_error')",200,0.05,squared_error,32,3,0.2,127,1600,FunctionTransformer(func=<function reshape at 0x7fdb1d1c0360>),passthrough,"{'first_scale': 'passthrough', 'frequency': FunctionTransformer(func=<function power_phase_stft at 0x7fdb1d1ef9c0>), 'model': HistGradientBoostingRegressor(early_stopping=True, max_iter=10000,
                              n_iter_no_change=100, random_state=42,
                              scoring='neg_root_mean_squared_error'), 'model__l2_regularization': 200, 'model__learning_rate': 0.05, 'model__loss': 'squared_error', 'model__max_bins': 32, 'model__max_depth': 3, 'model__max_features': 0.2, 'model__max_leaf_nodes': 127, 'model__min_samples_leaf': 1600, 'reshape': FunctionTransformer(func=<function reshape at 0x7fdb1d1c0360>), 'second_scale': 'passthrough'}",0.07179718126954515,0.07179718126954515,0.0,1,0.5061334952972893,0.5061334952972893,0.0,0.9634328304196691,0.7027563622641283
0,24547.029899835587,0.0,86.0675790309906,0.0,passthrough,power_phase_stft,"HistGradientBoostingRegressor(early_stopping=True, max_iter=10000,
                              n_iter_no_change=100, random_state=42,
                              scoring='neg_root_mean_squared_error')",200,0.05,squared_error,32,3,1.0,511,3200,FunctionTransformer(func=<function reshape at 0x7fdb1d1c0360>),passthrough,"{'first_scale': 'passthrough', 'frequency': FunctionTransformer(func=<function power_phase_stft at 0x7fdb1d1ef9c0>), 'model': HistGradientBoostingRegressor(early_stopping=True, max_iter=10000,
                              n_iter_no_change=100, random_state=42,
                              scoring='neg_root_mean_squared_error'), 'model__l2_regularization': 200, 'model__learning_rate': 0.05, 'model__loss': 'squared_error', 'model__max_bins': 32, 'model__max_depth': 3, 'model__max_features': 1.0, 'model__max_leaf_nodes': 511, 'model__min_samples_leaf': 3200, 'reshape': FunctionTransformer(func=<function reshape at 0x7fdb1d1c0360>), 'second_scale': 'passthrough'}",0.0754439363264221,0.0754439363264221,0.0,1,0.45824905719655773,0.45824905719655773,0.0,0.9615383838794881,0.7360373243276744
0,16748.479432821274,0.0,59.507821798324585,0.0,passthrough,power_phase_stft,"HistGradientBoostingRegressor(early_stopping=True, max_iter=10000,
                              n_iter_no_change=100, random_state=42,
                              scoring='neg_root_mean_squared_error')",100,0.05,squared_error,32,3,0.2,511,1600,FunctionTransformer(func=<function reshape at 0x7fdb1d1c0360>),passthrough,"{'first_scale': 'passthrough', 'frequency': FunctionTransformer(func=<function power_phase_stft at 0x7fdb1d1ef9c0>), 'model': HistGradientBoostingRegressor(early_stopping=True, max_iter=10000,
                              n_iter_no_change=100, random_state=42,
                              scoring='neg_root_mean_squared_error'), 'model__l2_regularization': 100, 'model__learning_rate': 0.05, 'model__loss': 'squared_error', 'model__max_bins': 32, 'model__max_depth': 3, 'model__max_features': 0.2, 'model__max_leaf_nodes': 511, 'model__min_samples_leaf': 1600, 'reshape': FunctionTransformer(func=<function reshape at 0x7fdb1d1c0360>), 'second_scale': 'passthrough'}",0.07820960265994492,0.07820960265994492,0.0,1,0.4410155327167292,0.4410155327167292,0.0,0.9600991601600614,0.7476526381169739
0,30929.147059202194,0.0,68.14354610443115,0.0,passthrough,power_phase_stft,"HistGradientBoostingRegressor(early_stopping=True, max_iter=10000,
                              n_iter_no_change=100, random_state=42,
                              scoring='neg_root_mean_squared_error')",200,0.02,squared_error,32,3,0.2,255,1600,FunctionTransformer(func=<function reshape at 0x7fdb1d1c0360>),passthrough,"{'first_scale': 'passthrough', 'frequency': FunctionTransformer(func=<function power_phase_stft at 0x7fdb1d1ef9c0>), 'model': HistGradientBoostingRegressor(early_stopping=True, max_iter=10000,
                              n_iter_no_change=100, random_state=42,
                              scoring='neg_root_mean_squared_error'), 'model__l2_regularization': 200, 'model__learning_rate': 0.02, 'model__loss': 'squared_error', 'model__max_bins': 32, 'model__max_depth': 3, 'model__max_features': 0.2, 'model__max_leaf_nodes': 255, 'model__min_samples_leaf': 1600, 'reshape': FunctionTransformer(func=<function reshape at 0x7fdb1d1c0360>), 'second_scale': 'passthrough'}",0.08335744184746541,0.08335744184746541,0.0,1,0.4446644854572178,0.4446644854572178,0.0,0.9574145174126694,0.7452083698823988
0,42074.557312488556,0.0,105.25267910957336,0.0,passthrough,power_phase_stft,"HistGradientBoostingRegressor(early_stopping=True, max_iter=10000,
                              n_iter_no_change=100, random_state=42,
                              scoring='neg_root_mean_squared_error')",100,0.03,squared_error,32,3,0.2,127,3200,FunctionTransformer(func=<function reshape at 0x7fdb1d1c0360>),passthrough,"{'first_scale': 'passthrough', 'frequency': FunctionTransformer(func=<function power_phase_stft at 0x7fdb1d1ef9c0>), 'model': HistGradientBoostingRegressor(early_stopping=True, max_iter=10000,
                              n_iter_no_change=100, random_state=42,
                              scoring='neg_root_mean_squared_error'), 'model__l2_regularization': 100, 'model__learning_rate': 0.03, 'model__loss': 'squared_error', 'model__max_bins': 32, 'model__max_depth': 3, 'model__max_features': 0.2, 'model__max_leaf_nodes': 127, 'model__min_samples_leaf': 3200, 'reshape': FunctionTransformer(func=<function reshape at 0x7fdb1d1c0360>), 'second_scale': 'passthrough'}",0.08126364133475528,0.08126364133475528,0.0,1,0.44224425025182446,0.44224425025182446,0.0,0.9585073597345222,0.7468304692151865
0,36518.614134311676,0.0,66.14111661911011,0.0,passthrough,power_phase_stft,"HistGradientBoostingRegressor(early_stopping=True, max_iter=10000,
                              n_iter_no_change=100, random_state=42,
                              scoring='neg_root_mean_squared_error')",400,0.0075,squared_error,63,6,0.5,127,9600,FunctionTransformer(func=<function reshape at 0x7fdb1d1c0360>),passthrough,"{'first_scale': 'passthrough', 'frequency': FunctionTransformer(func=<function power_phase_stft at 0x7fdb1d1ef9c0>), 'model': HistGradientBoostingRegressor(early_stopping=True, max_iter=10000,
                              n_iter_no_change=100, random_state=42,
                              scoring='neg_root_mean_squared_error'), 'model__l2_regularization': 400, 'model__learning_rate': 0.0075, 'model__loss': 'squared_error', 'model__max_bins': 63, 'model__max_depth': 6, 'model__max_features': 0.5, 'model__max_leaf_nodes': 127, 'model__min_samples_leaf': 9600, 'reshape': FunctionTransformer(func=<function reshape at 0x7fdb1d1c0360>), 'second_scale': 'passthrough'}",0.08918050572363267,0.08918050572363267,0.0,1,0.2446462830272923,0.2446462830272923,0.0,0.9543686364693506,0.8691108772606103
0,12352.161612510681,0.0,45.99915528297424,0.0,passthrough,power_phase_stft,"HistGradientBoostingRegressor(early_stopping=True, max_iter=10000,
                              n_iter_no_change=100, random_state=42,
                              scoring='neg_root_mean_squared_error')",100,0.05,squared_error,32,3,0.2,127,1600,FunctionTransformer(func=<function reshape at 0x7fdb1d1c0360>),passthrough,"{'first_scale': 'passthrough', 'frequency': FunctionTransformer(func=<function power_phase_stft at 0x7fdb1d1ef9c0>), 'model': HistGradientBoostingRegressor(early_stopping=True, max_iter=10000,
                              n_iter_no_change=100, random_state=42,
                              scoring='neg_root_mean_squared_error'), 'model__l2_regularization': 100, 'model__learning_rate': 0.05, 'model__loss': 'squared_error', 'model__max_bins': 32, 'model__max_depth': 3, 'model__max_features': 0.2, 'model__max_leaf_nodes': 127, 'model__min_samples_leaf': 1600, 'reshape': FunctionTransformer(func=<function reshape at 0x7fdb1d1c0360>), 'second_scale': 'passthrough'}",0.07820960265994492,0.07820960265994492,0.0,1,0.4410155327167292,0.4410155327167292,0.0,0.9600991601600614,0.7476526381169739
0,23863.042442560196,0.0,61.760655879974365,0.0,passthrough,power_phase_stft,"HistGradientBoostingRegressor(early_stopping=True, max_iter=10000,
                              n_iter_no_change=100, random_state=42,
                              scoring='neg_root_mean_squared_error')",100,0.05,squared_error,32,3,1.0,127,3200,FunctionTransformer(func=<function reshape at 0x7fdb1d1c0360>),passthrough,"{'first_scale': 'passthrough', 'frequency': FunctionTransformer(func=<function power_phase_stft at 0x7fdb1d1ef9c0>), 'model': HistGradientBoostingRegressor(early_stopping=True, max_iter=10000,
                              n_iter_no_change=100, random_state=42,
                              scoring='neg_root_mean_squared_error'), 'model__l2_regularization': 100, 'model__learning_rate': 0.05, 'model__loss': 'squared_error', 'model__max_bins': 32, 'model__max_depth': 3, 'model__max_features': 1.0, 'model__max_leaf_nodes': 127, 'model__min_samples_leaf': 3200, 'reshape': FunctionTransformer(func=<function reshape at 0x7fdb1d1c0360>), 'second_scale': 'passthrough'}",0.07052824178092432,0.07052824178092432,0.0,1,0.5247238375158084,0.5247238375158084,0.0,0.964091156592091,0.6894027578159168
0,38297.886888980865,0.0,94.08739495277405,0.0,passthrough,power_phase_stft,"HistGradientBoostingRegressor(early_stopping=True, max_iter=10000,
                              n_iter_no_change=100, random_state=42,
                              scoring='neg_root_mean_squared_error')",400,0.05,squared_error,32,6,1.0,255,3200,FunctionTransformer(func=<function reshape at 0x7fdb1d1c0360>),passthrough,"{'first_scale': 'passthrough', 'frequency': FunctionTransformer(func=<function power_phase_stft at 0x7fdb1d1ef9c0>), 'model': HistGradientBoostingRegressor(early_stopping=True, max_iter=10000,
                              n_iter_no_change=100, random_state=42,
                              scoring='neg_root_mean_squared_error'), 'model__l2_regularization': 400, 'model__learning_rate': 0.05, 'model__loss': 'squared_error', 'model__max_bins': 32, 'model__max_depth': 6, 'model__max_features': 1.0, 'model__max_leaf_nodes': 255, 'model__min_samples_leaf': 3200, 'reshape': FunctionTransformer(func=<function reshape at 0x7fdb1d1c0360>), 'second_scale': 'passthrough'}",0.06427461707175752,0.06427461707175752,0.0,1,0.7287921216463508,0.7287921216463508,0.0,0.9673289941525801,0.5207762267554551
0,32190.265853643417,0.0,86.9734890460968,0.0,passthrough,power_phase_stft,"HistGradientBoostingRegressor(early_stopping=True, max_iter=10000,
                              n_iter_no_change=100, random_state=42,
                              scoring='neg_root_mean_squared_error')",200,0.05,squared_error,32,6,0.2,127,3200,FunctionTransformer(func=<function reshape at 0x7fdb1d1c0360>),passthrough,"{'first_scale': 'passthrough', 'frequency': FunctionTransformer(func=<function power_phase_stft at 0x7fdb1d1ef9c0>), 'model': HistGradientBoostingRegressor(early_stopping=True, max_iter=10000,
                              n_iter_no_change=100, random_state=42,
                              scoring='neg_root_mean_squared_error'), 'model__l2_regularization': 200, 'model__learning_rate': 0.05, 'model__loss': 'squared_error', 'model__max_bins': 32, 'model__max_depth': 6, 'model__max_features': 0.2, 'model__max_leaf_nodes': 127, 'model__min_samples_leaf': 3200, 'reshape': FunctionTransformer(func=<function reshape at 0x7fdb1d1c0360>), 'second_scale': 'passthrough'}",0.07235362243103749,0.07235362243103749,0.0,1,0.6621162354415681,0.6621162354415681,0.0,0.9631440066620165,0.5812777000353893
0,20591.30263519287,0.0,77.240549325943,0.0,passthrough,power_phase_stft,"HistGradientBoostingRegressor(early_stopping=True, max_iter=10000,
                              n_iter_no_change=100, random_state=42,
                              scoring='neg_root_mean_squared_error')",400,0.05,squared_error,32,3,1.0,511,1600,FunctionTransformer(func=<function reshape at 0x7fdb1d1c0360>),passthrough,"{'first_scale': 'passthrough', 'frequency': FunctionTransformer(func=<function power_phase_stft at 0x7fdb1d1ef9c0>), 'model': HistGradientBoostingRegressor(early_stopping=True, max_iter=10000,
                              n_iter_no_change=100, random_state=42,
                              scoring='neg_root_mean_squared_error'), 'model__l2_regularization': 400, 'model__learning_rate': 0.05, 'model__loss': 'squared_error', 'model__max_bins': 32, 'model__max_depth': 3, 'model__max_features': 1.0, 'model__max_leaf_nodes': 511, 'model__min_samples_leaf': 1600, 'reshape': FunctionTransformer(func=<function reshape at 0x7fdb1d1c0360>), 'second_scale': 'passthrough'}",0.07828706693790588,0.07828706693790588,0.0,1,0.46097701873804386,0.46097701873804386,0.0,0.9600588175013519,0.7341818448190858
0,22492.954770326614,0.0,79.04854989051819,0.0,passthrough,power_phase_stft,"HistGradientBoostingRegressor(early_stopping=True, max_iter=10000,
                              n_iter_no_change=100, random_state=42,
                              scoring='neg_root_mean_squared_error')",200,0.05,squared_error,32,3,1.0,127,1600,FunctionTransformer(func=<function reshape at 0x7fdb1d1c0360>),passthrough,"{'first_scale': 'passthrough', 'frequency': FunctionTransformer(func=<function power_phase_stft at 0x7fdb1d1ef9c0>), 'model': HistGradientBoostingRegressor(early_stopping=True, max_iter=10000,
                              n_iter_no_change=100, random_state=42,
                              scoring='neg_root_mean_squared_error'), 'model__l2_regularization': 200, 'model__learning_rate': 0.05, 'model__loss': 'squared_error', 'model__max_bins': 32, 'model__max_depth': 3, 'model__max_features': 1.0, 'model__max_leaf_nodes': 127, 'model__min_samples_leaf': 1600, 'reshape': FunctionTransformer(func=<function reshape at 0x7fdb1d1c0360>), 'second_scale': 'passthrough'}",0.07631337929945547,0.07631337929945547,0.0,1,0.4825627489782962,0.4825627489782962,0.0,0.961086167157006,0.7193311136199405
0,41384.01720023155,0.0,96.43558120727539,0.0,passthrough,power_phase_stft,"HistGradientBoostingRegressor(early_stopping=True, max_iter=10000,
                              n_iter_no_change=100, random_state=42,
                              scoring='neg_root_mean_squared_error')",400,0.05,squared_error,32,6,0.2,511,3200,FunctionTransformer(func=<function reshape at 0x7fdb1d1c0360>),passthrough,"{'first_scale': 'passthrough', 'frequency': FunctionTransformer(func=<function power_phase_stft at 0x7fdb1d1ef9c0>), 'model': HistGradientBoostingRegressor(early_stopping=True, max_iter=10000,
                              n_iter_no_change=100, random_state=42,
                              scoring='neg_root_mean_squared_error'), 'model__l2_regularization': 400, 'model__learning_rate': 0.05, 'model__loss': 'squared_error', 'model__max_bins': 32, 'model__max_depth': 6, 'model__max_features': 0.2, 'model__max_leaf_nodes': 511, 'model__min_samples_leaf': 3200, 'reshape': FunctionTransformer(func=<function reshape at 0x7fdb1d1c0360>), 'second_scale': 'passthrough'}",0.06785166180951785,0.06785166180951785,0.0,1,0.7159913676846417,0.7159913676846417,0.0,0.9654782950385172,0.5329246028429897
0,16937.441604614258,0.0,51.99068284034729,0.0,passthrough,power_phase_stft,"HistGradientBoostingRegressor(early_stopping=True, max_iter=10000,
                              n_iter_no_change=100, random_state=42,
                              scoring='neg_root_mean_squared_error')",100,0.05,squared_error,32,3,0.5,511,1600,FunctionTransformer(func=<function reshape at 0x7fdb1d1c0360>),passthrough,"{'first_scale': 'passthrough', 'frequency': FunctionTransformer(func=<function power_phase_stft at 0x7fdb1d1ef9c0>), 'model': HistGradientBoostingRegressor(early_stopping=True, max_iter=10000,
                              n_iter_no_change=100, random_state=42,
                              scoring='neg_root_mean_squared_error'), 'model__l2_regularization': 100, 'model__learning_rate': 0.05, 'model__loss': 'squared_error', 'model__max_bins': 32, 'model__max_depth': 3, 'model__max_features': 0.5, 'model__max_leaf_nodes': 511, 'model__min_samples_leaf': 1600, 'reshape': FunctionTransformer(func=<function reshape at 0x7fdb1d1c0360>), 'second_scale': 'passthrough'}",0.07163334261801979,0.07163334261801979,0.0,1,0.5307653907516698,0.5307653907516698,0.0,0.9635178552481424,0.6850070140139662
0,11791.738795042038,0.0,43.16455888748169,0.0,passthrough,power_phase_stft,"HistGradientBoostingRegressor(early_stopping=True, max_iter=10000,
                              n_iter_no_change=100, random_state=42,
                              scoring='neg_root_mean_squared_error')",50,0.05,squared_error,32,3,0.5,127,3200,FunctionTransformer(func=<function reshape at 0x7fdb1d1c0360>),passthrough,"{'first_scale': 'passthrough', 'frequency': FunctionTransformer(func=<function power_phase_stft at 0x7fdb1d1ef9c0>), 'model': HistGradientBoostingRegressor(early_stopping=True, max_iter=10000,
                              n_iter_no_change=100, random_state=42,
                              scoring='neg_root_mean_squared_error'), 'model__l2_regularization': 50, 'model__learning_rate': 0.05, 'model__loss': 'squared_error', 'model__max_bins': 32, 'model__max_depth': 3, 'model__max_features': 0.5, 'model__max_leaf_nodes': 127, 'model__min_samples_leaf': 3200, 'reshape': FunctionTransformer(func=<function reshape at 0x7fdb1d1c0360>), 'second_scale': 'passthrough'}",0.07867445568237741,0.07867445568237741,0.0,1,0.40502367789345806,0.40502367789345806,0.0,0.959857043688081,0.7713470827756737
0,25458.974136590958,0.0,90.6312780380249,0.0,passthrough,power_phase_stft,"HistGradientBoostingRegressor(early_stopping=True, max_iter=10000,
                              n_iter_no_change=100, random_state=42,
                              scoring='neg_root_mean_squared_error')",50,0.05,squared_error,32,6,0.2,127,3200,FunctionTransformer(func=<function reshape at 0x7fdb1d1c0360>),passthrough,"{'first_scale': 'passthrough', 'frequency': FunctionTransformer(func=<function power_phase_stft at 0x7fdb1d1ef9c0>), 'model': HistGradientBoostingRegressor(early_stopping=True, max_iter=10000,
                              n_iter_no_change=100, random_state=42,
                              scoring='neg_root_mean_squared_error'), 'model__l2_regularization': 50, 'model__learning_rate': 0.05, 'model__loss': 'squared_error', 'model__max_bins': 32, 'model__max_depth': 6, 'model__max_features': 0.2, 'model__max_leaf_nodes': 127, 'model__min_samples_leaf': 3200, 'reshape': FunctionTransformer(func=<function reshape at 0x7fdb1d1c0360>), 'second_scale': 'passthrough'}",0.068503699226652,0.068503699226652,0.0,1,0.6583445848716292,0.6583445848716292,0.0,0.9651405601120222,0.5845129725920297
0,11661.03305053711,0.0,56.44904565811157,0.0,passthrough,power_phase_stft,"HistGradientBoostingRegressor(early_stopping=True, max_iter=10000,
                              n_iter_no_change=100, random_state=42,
                              scoring='neg_root_mean_squared_error')",50,0.05,squared_error,32,3,1.0,255,3200,FunctionTransformer(func=<function reshape at 0x7fdb1d1c0360>),passthrough,"{'first_scale': 'passthrough', 'frequency': FunctionTransformer(func=<function power_phase_stft at 0x7fdb1d1ef9c0>), 'model': HistGradientBoostingRegressor(early_stopping=True, max_iter=10000,
                              n_iter_no_change=100, random_state=42,
                              scoring='neg_root_mean_squared_error'), 'model__l2_regularization': 50, 'model__learning_rate': 0.05, 'model__loss': 'squared_error', 'model__max_bins': 32, 'model__max_depth': 3, 'model__max_features': 1.0, 'model__max_leaf_nodes': 255, 'model__min_samples_leaf': 3200, 'reshape': FunctionTransformer(func=<function reshape at 0x7fdb1d1c0360>), 'second_scale': 'passthrough'}",0.08173063448437701,0.08173063448437701,0.0,1,0.3449393837869451,0.3449393837869451,0.0,0.9582637244076513,0.8093581507670475
0,35236.293115615845,0.0,60.81164526939392,0.0,passthrough,power_phase_stft,"HistGradientBoostingRegressor(early_stopping=True, max_iter=10000,
                              n_iter_no_change=100, random_state=42,
                              scoring='neg_root_mean_squared_error')",400,0.005,squared_error,63,None,0.5,255,9600,FunctionTransformer(func=<function reshape at 0x7fdb1d1c0360>),passthrough,"{'first_scale': 'passthrough', 'frequency': FunctionTransformer(func=<function power_phase_stft at 0x7fdb1d1ef9c0>), 'model': HistGradientBoostingRegressor(early_stopping=True, max_iter=10000,
                              n_iter_no_change=100, random_state=42,
                              scoring='neg_root_mean_squared_error'), 'model__l2_regularization': 400, 'model__learning_rate': 0.005, 'model__loss': 'squared_error', 'model__max_bins': 63, 'model__max_depth': None, 'model__max_features': 0.5, 'model__max_leaf_nodes': 255, 'model__min_samples_leaf': 9600, 'reshape': FunctionTransformer(func=<function reshape at 0x7fdb1d1c0360>), 'second_scale': 'passthrough'}",0.08859086910839897,0.08859086910839897,0.0,1,0.20384543456940618,0.20384543456940618,0.0,0.9546775009874282,0.89227493825087
0,21166.971375465393,0.0,51.74669647216797,0.0,passthrough,power_phase_stft,"HistGradientBoostingRegressor(early_stopping=True, max_iter=10000,
                              n_iter_no_change=100, random_state=42,
                              scoring='neg_root_mean_squared_error')",100,0.03,squared_error,32,3,1.0,511,1600,FunctionTransformer(func=<function reshape at 0x7fdb1d1c0360>),passthrough,"{'first_scale': 'passthrough', 'frequency': FunctionTransformer(func=<function power_phase_stft at 0x7fdb1d1ef9c0>), 'model': HistGradientBoostingRegressor(early_stopping=True, max_iter=10000,
                              n_iter_no_change=100, random_state=42,
                              scoring='neg_root_mean_squared_error'), 'model__l2_regularization': 100, 'model__learning_rate': 0.03, 'model__loss': 'squared_error', 'model__max_bins': 32, 'model__max_depth': 3, 'model__max_features': 1.0, 'model__max_leaf_nodes': 511, 'model__min_samples_leaf': 1600, 'reshape': FunctionTransformer(func=<function reshape at 0x7fdb1d1c0360>), 'second_scale': 'passthrough'}",0.0792926356909136,0.0792926356909136,0.0,1,0.4693170080027399,0.4693170080027399,0.0,0.9595349729473577,0.728479918733015
0,20494.050146102905,0.0,63.424543619155884,0.0,passthrough,power_phase_stft,"HistGradientBoostingRegressor(early_stopping=True, max_iter=10000,
                              n_iter_no_change=100, random_state=42,
                              scoring='neg_root_mean_squared_error')",200,0.05,squared_error,32,3,0.5,511,1600,FunctionTransformer(func=<function reshape at 0x7fdb1d1c0360>),passthrough,"{'first_scale': 'passthrough', 'frequency': FunctionTransformer(func=<function power_phase_stft at 0x7fdb1d1ef9c0>), 'model': HistGradientBoostingRegressor(early_stopping=True, max_iter=10000,
                              n_iter_no_change=100, random_state=42,
                              scoring='neg_root_mean_squared_error'), 'model__l2_regularization': 200, 'model__learning_rate': 0.05, 'model__loss': 'squared_error', 'model__max_bins': 32, 'model__max_depth': 3, 'model__max_features': 0.5, 'model__max_leaf_nodes': 511, 'model__min_samples_leaf': 1600, 'reshape': FunctionTransformer(func=<function reshape at 0x7fdb1d1c0360>), 'second_scale': 'passthrough'}",0.07573502730040937,0.07573502730040937,0.0,1,0.49637649186351374,0.49637649186351374,0.0,0.9613870046446388,0.7096643630171141
0,24349.94471669197,0.0,65.53235626220703,0.0,passthrough,power_phase_stft,"HistGradientBoostingRegressor(early_stopping=True, max_iter=10000,
                              n_iter_no_change=100, random_state=42,
                              scoring='neg_root_mean_squared_error')",50,0.03,squared_error,32,3,0.5,127,1600,FunctionTransformer(func=<function reshape at 0x7fdb1d1c0360>),passthrough,"{'first_scale': 'passthrough', 'frequency': FunctionTransformer(func=<function power_phase_stft at 0x7fdb1d1ef9c0>), 'model': HistGradientBoostingRegressor(early_stopping=True, max_iter=10000,
                              n_iter_no_change=100, random_state=42,
                              scoring='neg_root_mean_squared_error'), 'model__l2_regularization': 50, 'model__learning_rate': 0.03, 'model__loss': 'squared_error', 'model__max_bins': 32, 'model__max_depth': 3, 'model__max_features': 0.5, 'model__max_leaf_nodes': 127, 'model__min_samples_leaf': 1600, 'reshape': FunctionTransformer(func=<function reshape at 0x7fdb1d1c0360>), 'second_scale': 'passthrough'}",0.07941384147805053,0.07941384147805053,0.0,1,0.4465877632216617,0.4465877632216617,0.0,0.9594718122602401,0.743916821142215
0,29903.573229074478,0.0,60.709243297576904,0.0,passthrough,power_phase_stft,"HistGradientBoostingRegressor(early_stopping=True, max_iter=10000,
                              n_iter_no_change=100, random_state=42,
                              scoring='neg_root_mean_squared_error')",200,0.03,squared_error,32,6,0.5,255,1600,FunctionTransformer(func=<function reshape at 0x7fdb1d1c0360>),passthrough,"{'first_scale': 'passthrough', 'frequency': FunctionTransformer(func=<function power_phase_stft at 0x7fdb1d1ef9c0>), 'model': HistGradientBoostingRegressor(early_stopping=True, max_iter=10000,
                              n_iter_no_change=100, random_state=42,
                              scoring='neg_root_mean_squared_error'), 'model__l2_regularization': 200, 'model__learning_rate': 0.03, 'model__loss': 'squared_error', 'model__max_bins': 32, 'model__max_depth': 6, 'model__max_features': 0.5, 'model__max_leaf_nodes': 255, 'model__min_samples_leaf': 1600, 'reshape': FunctionTransformer(func=<function reshape at 0x7fdb1d1c0360>), 'second_scale': 'passthrough'}",0.07716009169481308,0.07716009169481308,0.0,1,0.7105992283767301,0.7105992283767301,0.0,0.9606455685137921,0.5379598234285438
0,18727.584352731705,0.0,57.0371253490448,0.0,passthrough,power_phase_stft,"HistGradientBoostingRegressor(early_stopping=True, max_iter=10000,
                              n_iter_no_change=100, random_state=42,
                              scoring='neg_root_mean_squared_error')",50,0.05,squared_error,32,6,0.5,511,1600,FunctionTransformer(func=<function reshape at 0x7fdb1d1c0360>),passthrough,"{'first_scale': 'passthrough', 'frequency': FunctionTransformer(func=<function power_phase_stft at 0x7fdb1d1ef9c0>), 'model': HistGradientBoostingRegressor(early_stopping=True, max_iter=10000,
                              n_iter_no_change=100, random_state=42,
                              scoring='neg_root_mean_squared_error'), 'model__l2_regularization': 50, 'model__learning_rate': 0.05, 'model__loss': 'squared_error', 'model__max_bins': 32, 'model__max_depth': 6, 'model__max_features': 0.5, 'model__max_leaf_nodes': 511, 'model__min_samples_leaf': 1600, 'reshape': FunctionTransformer(func=<function reshape at 0x7fdb1d1c0360>), 'second_scale': 'passthrough'}",0.07052909336479107,0.07052909336479107,0.0,1,0.774915526242892,0.774915526242892,0.0,0.9640907149408757,0.474430683827583
0,25963.660980939865,0.0,69.82409715652466,0.0,passthrough,power_phase_stft,"HistGradientBoostingRegressor(early_stopping=True, max_iter=10000,
                              n_iter_no_change=100, random_state=42,
                              scoring='neg_root_mean_squared_error')",100,0.03,squared_error,32,6,0.2,511,3200,FunctionTransformer(func=<function reshape at 0x7fdb1d1c0360>),passthrough,"{'first_scale': 'passthrough', 'frequency': FunctionTransformer(func=<function power_phase_stft at 0x7fdb1d1ef9c0>), 'model': HistGradientBoostingRegressor(early_stopping=True, max_iter=10000,
                              n_iter_no_change=100, random_state=42,
                              scoring='neg_root_mean_squared_error'), 'model__l2_regularization': 100, 'model__learning_rate': 0.03, 'model__loss': 'squared_error', 'model__max_bins': 32, 'model__max_depth': 6, 'model__max_features': 0.2, 'model__max_leaf_nodes': 511, 'model__min_samples_leaf': 3200, 'reshape': FunctionTransformer(func=<function reshape at 0x7fdb1d1c0360>), 'second_scale': 'passthrough'}",0.08084721324571309,0.08084721324571309,0.0,1,0.5719668253827837,0.5719668253827837,0.0,0.9587245625070252,0.6542424433015763
0,30450.91140317917,0.0,68.55574345588684,0.0,passthrough,power_phase_stft,"HistGradientBoostingRegressor(early_stopping=True, max_iter=10000,
                              n_iter_no_change=100, random_state=42,
                              scoring='neg_root_mean_squared_error')",50,0.02,squared_error,32,3,0.5,255,1600,FunctionTransformer(func=<function reshape at 0x7fdb1d1c0360>),passthrough,"{'first_scale': 'passthrough', 'frequency': FunctionTransformer(func=<function power_phase_stft at 0x7fdb1d1ef9c0>), 'model': HistGradientBoostingRegressor(early_stopping=True, max_iter=10000,
                              n_iter_no_change=100, random_state=42,
                              scoring='neg_root_mean_squared_error'), 'model__l2_regularization': 50, 'model__learning_rate': 0.02, 'model__loss': 'squared_error', 'model__max_bins': 32, 'model__max_depth': 3, 'model__max_features': 0.5, 'model__max_leaf_nodes': 255, 'model__min_samples_leaf': 1600, 'reshape': FunctionTransformer(func=<function reshape at 0x7fdb1d1c0360>), 'second_scale': 'passthrough'}",0.08025771646647539,0.08025771646647539,0.0,1,0.4622427594859646,0.4622427594859646,0.0,0.9590319512578945,0.7333193305198189
0,30506.215506076813,0.0,80.46622347831726,0.0,passthrough,power_phase_stft,"HistGradientBoostingRegressor(early_stopping=True, max_iter=10000,
                              n_iter_no_change=100, random_state=42,
                              scoring='neg_root_mean_squared_error')",100,0.05,squared_error,32,6,0.5,255,3200,FunctionTransformer(func=<function reshape at 0x7fdb1d1c0360>),passthrough,"{'first_scale': 'passthrough', 'frequency': FunctionTransformer(func=<function power_phase_stft at 0x7fdb1d1ef9c0>), 'model': HistGradientBoostingRegressor(early_stopping=True, max_iter=10000,
                              n_iter_no_change=100, random_state=42,
                              scoring='neg_root_mean_squared_error'), 'model__l2_regularization': 100, 'model__learning_rate': 0.05, 'model__loss': 'squared_error', 'model__max_bins': 32, 'model__max_depth': 6, 'model__max_features': 0.5, 'model__max_leaf_nodes': 255, 'model__min_samples_leaf': 3200, 'reshape': FunctionTransformer(func=<function reshape at 0x7fdb1d1c0360>), 'second_scale': 'passthrough'}",0.06548947409673211,0.06548947409673211,0.0,1,0.724530975241761,0.724530975241761,0.0,0.9667008461273155,0.5248514311290757
0,16999.39732861519,0.0,53.38428497314453,0.0,passthrough,power_phase_stft,"HistGradientBoostingRegressor(early_stopping=True, max_iter=10000,
                              n_iter_no_change=100, random_state=42,
                              scoring='neg_root_mean_squared_error')",100,0.05,squared_error,32,3,0.5,255,1600,FunctionTransformer(func=<function reshape at 0x7fdb1d1c0360>),passthrough,"{'first_scale': 'passthrough', 'frequency': FunctionTransformer(func=<function power_phase_stft at 0x7fdb1d1ef9c0>), 'model': HistGradientBoostingRegressor(early_stopping=True, max_iter=10000,
                              n_iter_no_change=100, random_state=42,
                              scoring='neg_root_mean_squared_error'), 'model__l2_regularization': 100, 'model__learning_rate': 0.05, 'model__loss': 'squared_error', 'model__max_bins': 32, 'model__max_depth': 3, 'model__max_features': 0.5, 'model__max_leaf_nodes': 255, 'model__min_samples_leaf': 1600, 'reshape': FunctionTransformer(func=<function reshape at 0x7fdb1d1c0360>), 'second_scale': 'passthrough'}",0.07163334261801979,0.07163334261801979,0.0,1,0.5307653907516698,0.5307653907516698,0.0,0.9635178552481424,0.6850070140139662
0,18869.860716104507,0.0,45.49828004837036,0.0,passthrough,power_phase_stft,"HistGradientBoostingRegressor(early_stopping=True, max_iter=10000,
                              n_iter_no_change=100, random_state=42,
                              scoring='neg_root_mean_squared_error')",400,0.02,squared_error,32,3,0.5,127,3200,FunctionTransformer(func=<function reshape at 0x7fdb1d1c0360>),passthrough,"{'first_scale': 'passthrough', 'frequency': FunctionTransformer(func=<function power_phase_stft at 0x7fdb1d1ef9c0>), 'model': HistGradientBoostingRegressor(early_stopping=True, max_iter=10000,
                              n_iter_no_change=100, random_state=42,
                              scoring='neg_root_mean_squared_error'), 'model__l2_regularization': 400, 'model__learning_rate': 0.02, 'model__loss': 'squared_error', 'model__max_bins': 32, 'model__max_depth': 3, 'model__max_features': 0.5, 'model__max_leaf_nodes': 127, 'model__min_samples_leaf': 3200, 'reshape': FunctionTransformer(func=<function reshape at 0x7fdb1d1c0360>), 'second_scale': 'passthrough'}",0.08557090326456496,0.08557090326456496,0.0,1,0.33132729357893786,0.33132729357893786,0.0,0.9562578610058247,0.8177241016510778
0,40819.792421102524,0.0,96.92949914932251,0.0,passthrough,power_phase_stft,"HistGradientBoostingRegressor(early_stopping=True, max_iter=10000,
                              n_iter_no_change=100, random_state=42,
                              scoring='neg_root_mean_squared_error')",400,0.05,squared_error,32,6,1.0,255,1600,FunctionTransformer(func=<function reshape at 0x7fdb1d1c0360>),passthrough,"{'first_scale': 'passthrough', 'frequency': FunctionTransformer(func=<function power_phase_stft at 0x7fdb1d1ef9c0>), 'model': HistGradientBoostingRegressor(early_stopping=True, max_iter=10000,
                              n_iter_no_change=100, random_state=42,
                              scoring='neg_root_mean_squared_error'), 'model__l2_regularization': 400, 'model__learning_rate': 0.05, 'model__loss': 'squared_error', 'model__max_bins': 32, 'model__max_depth': 6, 'model__max_features': 1.0, 'model__max_leaf_nodes': 255, 'model__min_samples_leaf': 1600, 'reshape': FunctionTransformer(func=<function reshape at 0x7fdb1d1c0360>), 'second_scale': 'passthrough'}",0.06794906394609901,0.06794906394609901,0.0,1,0.8152683591720985,0.8152683591720985,0.0,0.9654278512938711,0.4298041889371269
0,33411.24413180351,0.0,80.65572357177734,0.0,passthrough,power_phase_stft,"HistGradientBoostingRegressor(early_stopping=True, max_iter=10000,
                              n_iter_no_change=100, random_state=42,
                              scoring='neg_root_mean_squared_error')",400,0.05,squared_error,32,6,0.2,127,3200,FunctionTransformer(func=<function reshape at 0x7fdb1d1c0360>),passthrough,"{'first_scale': 'passthrough', 'frequency': FunctionTransformer(func=<function power_phase_stft at 0x7fdb1d1ef9c0>), 'model': HistGradientBoostingRegressor(early_stopping=True, max_iter=10000,
                              n_iter_no_change=100, random_state=42,
                              scoring='neg_root_mean_squared_error'), 'model__l2_regularization': 400, 'model__learning_rate': 0.05, 'model__loss': 'squared_error', 'model__max_bins': 32, 'model__max_depth': 6, 'model__max_features': 0.2, 'model__max_leaf_nodes': 127, 'model__min_samples_leaf': 3200, 'reshape': FunctionTransformer(func=<function reshape at 0x7fdb1d1c0360>), 'second_scale': 'passthrough'}",0.06838487369940838,0.06838487369940838,0.0,1,0.686516624983464,0.686516624983464,0.0,0.965202116813153,0.5598958608674796
0,14442.194222450256,0.0,46.52139663696289,0.0,passthrough,power_phase_stft,"HistGradientBoostingRegressor(early_stopping=True, max_iter=10000,
                              n_iter_no_change=100, random_state=42,
                              scoring='neg_root_mean_squared_error')",200,0.05,squared_error,32,3,0.5,127,1600,FunctionTransformer(func=<function reshape at 0x7fdb1d1c0360>),passthrough,"{'first_scale': 'passthrough', 'frequency': FunctionTransformer(func=<function power_phase_stft at 0x7fdb1d1ef9c0>), 'model': HistGradientBoostingRegressor(early_stopping=True, max_iter=10000,
                              n_iter_no_change=100, random_state=42,
                              scoring='neg_root_mean_squared_error'), 'model__l2_regularization': 200, 'model__learning_rate': 0.05, 'model__loss': 'squared_error', 'model__max_bins': 32, 'model__max_depth': 3, 'model__max_features': 0.5, 'model__max_leaf_nodes': 127, 'model__min_samples_leaf': 1600, 'reshape': FunctionTransformer(func=<function reshape at 0x7fdb1d1c0360>), 'second_scale': 'passthrough'}",0.07837039519513023,0.07837039519513023,0.0,1,0.4759909212022507,0.4759909212022507,0.0,0.9600154190453765,0.7238847137478103
0,37901.888605594635,0.0,94.10339283943176,0.0,passthrough,power_phase_stft,"HistGradientBoostingRegressor(early_stopping=True, max_iter=10000,
                              n_iter_no_change=100, random_state=42,
                              scoring='neg_root_mean_squared_error')",100,0.05,squared_error,32,6,0.2,127,3200,FunctionTransformer(func=<function reshape at 0x7fdb1d1c0360>),passthrough,"{'first_scale': 'passthrough', 'frequency': FunctionTransformer(func=<function power_phase_stft at 0x7fdb1d1ef9c0>), 'model': HistGradientBoostingRegressor(early_stopping=True, max_iter=10000,
                              n_iter_no_change=100, random_state=42,
                              scoring='neg_root_mean_squared_error'), 'model__l2_regularization': 100, 'model__learning_rate': 0.05, 'model__loss': 'squared_error', 'model__max_bins': 32, 'model__max_depth': 6, 'model__max_features': 0.2, 'model__max_leaf_nodes': 127, 'model__min_samples_leaf': 3200, 'reshape': FunctionTransformer(func=<function reshape at 0x7fdb1d1c0360>), 'second_scale': 'passthrough'}",0.06285483048959017,0.06285483048959017,0.0,1,0.7598947007303086,0.7598947007303086,0.0,0.9680625855338124,0.49000540738821585
0,24658.89453458786,0.0,56.90109968185425,0.0,passthrough,power_phase_stft,"HistGradientBoostingRegressor(early_stopping=True, max_iter=10000,
                              n_iter_no_change=100, random_state=42,
                              scoring='neg_root_mean_squared_error')",200,0.03,squared_error,32,3,1.0,127,3200,FunctionTransformer(func=<function reshape at 0x7fdb1d1c0360>),passthrough,"{'first_scale': 'passthrough', 'frequency': FunctionTransformer(func=<function power_phase_stft at 0x7fdb1d1ef9c0>), 'model': HistGradientBoostingRegressor(early_stopping=True, max_iter=10000,
                              n_iter_no_change=100, random_state=42,
                              scoring='neg_root_mean_squared_error'), 'model__l2_regularization': 200, 'model__learning_rate': 0.03, 'model__loss': 'squared_error', 'model__max_bins': 32, 'model__max_depth': 3, 'model__max_features': 1.0, 'model__max_leaf_nodes': 127, 'model__min_samples_leaf': 3200, 'reshape': FunctionTransformer(func=<function reshape at 0x7fdb1d1c0360>), 'second_scale': 'passthrough'}",0.07556072102401035,0.07556072102401035,0.0,1,0.47012713858637034,0.47012713858637034,0.0,0.9614776539140104,0.7279236645511874
0,16793.177738428116,0.0,48.267552614212036,0.0,passthrough,power_phase_stft,"HistGradientBoostingRegressor(early_stopping=True, max_iter=10000,
                              n_iter_no_change=100, random_state=42,
                              scoring='neg_root_mean_squared_error')",200,0.03,squared_error,32,3,1.0,127,1600,FunctionTransformer(func=<function reshape at 0x7fdb1d1c0360>),passthrough,"{'first_scale': 'passthrough', 'frequency': FunctionTransformer(func=<function power_phase_stft at 0x7fdb1d1ef9c0>), 'model': HistGradientBoostingRegressor(early_stopping=True, max_iter=10000,
                              n_iter_no_change=100, random_state=42,
                              scoring='neg_root_mean_squared_error'), 'model__l2_regularization': 200, 'model__learning_rate': 0.03, 'model__loss': 'squared_error', 'model__max_bins': 32, 'model__max_depth': 3, 'model__max_features': 1.0, 'model__max_leaf_nodes': 127, 'model__min_samples_leaf': 1600, 'reshape': FunctionTransformer(func=<function reshape at 0x7fdb1d1c0360>), 'second_scale': 'passthrough'}",0.08153330175407125,0.08153330175407125,0.0,1,0.4167138420581129,0.4167138420581129,0.0,0.9583666825625402,0.7637317316583665
0,36260.24333405495,0.0,65.9229953289032,0.0,passthrough,power_phase_stft,"HistGradientBoostingRegressor(early_stopping=True, max_iter=10000,
                              n_iter_no_change=100, random_state=42,
                              scoring='neg_root_mean_squared_error')",400,0.0075,squared_error,63,6,0.5,255,9600,FunctionTransformer(func=<function reshape at 0x7fdb1d1c0360>),passthrough,"{'first_scale': 'passthrough', 'frequency': FunctionTransformer(func=<function power_phase_stft at 0x7fdb1d1ef9c0>), 'model': HistGradientBoostingRegressor(early_stopping=True, max_iter=10000,
                              n_iter_no_change=100, random_state=42,
                              scoring='neg_root_mean_squared_error'), 'model__l2_regularization': 400, 'model__learning_rate': 0.0075, 'model__loss': 'squared_error', 'model__max_bins': 63, 'model__max_depth': 6, 'model__max_features': 0.5, 'model__max_leaf_nodes': 255, 'model__min_samples_leaf': 9600, 'reshape': FunctionTransformer(func=<function reshape at 0x7fdb1d1c0360>), 'second_scale': 'passthrough'}",0.08918050572363267,0.08918050572363267,0.0,1,0.2446462830272923,0.2446462830272923,0.0,0.9543686364693506,0.8691108772606103
0,29988.036635637283,0.0,80.87626504898071,0.0,passthrough,power_phase_stft,"HistGradientBoostingRegressor(early_stopping=True, max_iter=10000,
                              n_iter_no_change=100, random_state=42,
                              scoring='neg_root_mean_squared_error')",100,0.03,squared_error,32,3,0.5,255,1600,FunctionTransformer(func=<function reshape at 0x7fdb1d1c0360>),passthrough,"{'first_scale': 'passthrough', 'frequency': FunctionTransformer(func=<function power_phase_stft at 0x7fdb1d1ef9c0>), 'model': HistGradientBoostingRegressor(early_stopping=True, max_iter=10000,
                              n_iter_no_change=100, random_state=42,
                              scoring='neg_root_mean_squared_error'), 'model__l2_regularization': 100, 'model__learning_rate': 0.03, 'model__loss': 'squared_error', 'model__max_bins': 32, 'model__max_depth': 3, 'model__max_features': 0.5, 'model__max_leaf_nodes': 255, 'model__min_samples_leaf': 1600, 'reshape': FunctionTransformer(func=<function reshape at 0x7fdb1d1c0360>), 'second_scale': 'passthrough'}",0.0840947317448627,0.0840947317448627,0.0,1,0.4315508718742963,0.4315508718742963,0.0,0.9570293978008917,0.7539556539516789
0,19945.11071419716,0.0,61.81099534034729,0.0,passthrough,power_phase_stft,"HistGradientBoostingRegressor(early_stopping=True, max_iter=10000,
                              n_iter_no_change=100, random_state=42,
                              scoring='neg_root_mean_squared_error')",200,0.05,squared_error,32,6,0.5,127,1600,FunctionTransformer(func=<function reshape at 0x7fdb1d1c0360>),passthrough,"{'first_scale': 'passthrough', 'frequency': FunctionTransformer(func=<function power_phase_stft at 0x7fdb1d1ef9c0>), 'model': HistGradientBoostingRegressor(early_stopping=True, max_iter=10000,
                              n_iter_no_change=100, random_state=42,
                              scoring='neg_root_mean_squared_error'), 'model__l2_regularization': 200, 'model__learning_rate': 0.05, 'model__loss': 'squared_error', 'model__max_bins': 32, 'model__max_depth': 6, 'model__max_features': 0.5, 'model__max_leaf_nodes': 127, 'model__min_samples_leaf': 1600, 'reshape': FunctionTransformer(func=<function reshape at 0x7fdb1d1c0360>), 'second_scale': 'passthrough'}",0.06747266068518898,0.06747266068518898,0.0,1,0.7750738033528456,0.7750738033528456,0.0,0.9656745514482666,0.47426384708003455
0,20610.78040957451,0.0,50.188652992248535,0.0,passthrough,power_phase_stft,"HistGradientBoostingRegressor(early_stopping=True, max_iter=10000,
                              n_iter_no_change=100, random_state=42,
                              scoring='neg_root_mean_squared_error')",100,0.03,squared_error,32,3,1.0,255,1600,FunctionTransformer(func=<function reshape at 0x7fdb1d1c0360>),passthrough,"{'first_scale': 'passthrough', 'frequency': FunctionTransformer(func=<function power_phase_stft at 0x7fdb1d1ef9c0>), 'model': HistGradientBoostingRegressor(early_stopping=True, max_iter=10000,
                              n_iter_no_change=100, random_state=42,
                              scoring='neg_root_mean_squared_error'), 'model__l2_regularization': 100, 'model__learning_rate': 0.03, 'model__loss': 'squared_error', 'model__max_bins': 32, 'model__max_depth': 3, 'model__max_features': 1.0, 'model__max_leaf_nodes': 255, 'model__min_samples_leaf': 1600, 'reshape': FunctionTransformer(func=<function reshape at 0x7fdb1d1c0360>), 'second_scale': 'passthrough'}",0.0792926356909136,0.0792926356909136,0.0,1,0.4693170080027399,0.4693170080027399,0.0,0.9595349729473577,0.728479918733015
0,35360.58780312538,0.0,57.253801584243774,0.0,passthrough,power_phase_stft,"HistGradientBoostingRegressor(early_stopping=True, max_iter=10000,
                              n_iter_no_change=100, random_state=42,
                              scoring='neg_root_mean_squared_error')",400,0.0025,squared_error,63,6,0.5,255,9600,FunctionTransformer(func=<function reshape at 0x7fdb1d1c0360>),passthrough,"{'first_scale': 'passthrough', 'frequency': FunctionTransformer(func=<function power_phase_stft at 0x7fdb1d1ef9c0>), 'model': HistGradientBoostingRegressor(early_stopping=True, max_iter=10000,
                              n_iter_no_change=100, random_state=42,
                              scoring='neg_root_mean_squared_error'), 'model__l2_regularization': 400, 'model__learning_rate': 0.0025, 'model__loss': 'squared_error', 'model__max_bins': 63, 'model__max_depth': 6, 'model__max_features': 0.5, 'model__max_leaf_nodes': 255, 'model__min_samples_leaf': 9600, 'reshape': FunctionTransformer(func=<function reshape at 0x7fdb1d1c0360>), 'second_scale': 'passthrough'}",0.08228895813067238,0.08228895813067238,0.0,1,0.15215944057601782,0.15215944057601782,0.0,0.957972359658319,0.9207825798873381
0,23407.911184310913,0.0,60.13187098503113,0.0,passthrough,power_phase_stft,"HistGradientBoostingRegressor(early_stopping=True, max_iter=10000,
                              n_iter_no_change=100, random_state=42,
                              scoring='neg_root_mean_squared_error')",200,0.03,squared_error,32,3,0.2,511,1600,FunctionTransformer(func=<function reshape at 0x7fdb1d1c0360>),passthrough,"{'first_scale': 'passthrough', 'frequency': FunctionTransformer(func=<function power_phase_stft at 0x7fdb1d1ef9c0>), 'model': HistGradientBoostingRegressor(early_stopping=True, max_iter=10000,
                              n_iter_no_change=100, random_state=42,
                              scoring='neg_root_mean_squared_error'), 'model__l2_regularization': 200, 'model__learning_rate': 0.03, 'model__loss': 'squared_error', 'model__max_bins': 32, 'model__max_depth': 3, 'model__max_features': 0.2, 'model__max_leaf_nodes': 511, 'model__min_samples_leaf': 1600, 'reshape': FunctionTransformer(func=<function reshape at 0x7fdb1d1c0360>), 'second_scale': 'passthrough'}",0.07919264451797348,0.07919264451797348,0.0,1,0.47157666708547064,0.47157666708547064,0.0,0.9595870755080158,0.7269273229935228
0,30643.28212571144,0.0,66.53097605705261,0.0,passthrough,power_phase_stft,"HistGradientBoostingRegressor(early_stopping=True, max_iter=10000,
                              n_iter_no_change=100, random_state=42,
                              scoring='neg_root_mean_squared_error')",200,0.03,squared_error,32,6,0.5,255,3200,FunctionTransformer(func=<function reshape at 0x7fdb1d1c0360>),passthrough,"{'first_scale': 'passthrough', 'frequency': FunctionTransformer(func=<function power_phase_stft at 0x7fdb1d1ef9c0>), 'model': HistGradientBoostingRegressor(early_stopping=True, max_iter=10000,
                              n_iter_no_change=100, random_state=42,
                              scoring='neg_root_mean_squared_error'), 'model__l2_regularization': 200, 'model__learning_rate': 0.03, 'model__loss': 'squared_error', 'model__max_bins': 32, 'model__max_depth': 6, 'model__max_features': 0.5, 'model__max_leaf_nodes': 255, 'model__min_samples_leaf': 3200, 'reshape': FunctionTransformer(func=<function reshape at 0x7fdb1d1c0360>), 'second_scale': 'passthrough'}",0.07569699755254722,0.07569699755254722,0.0,1,0.6349519696768298,0.6349519696768298,0.0,0.9614067830255062,0.604192047550421
0,28357.219459295273,0.0,73.98225259780884,0.0,passthrough,power_phase_stft,"HistGradientBoostingRegressor(early_stopping=True, max_iter=10000,
                              n_iter_no_change=100, random_state=42,
                              scoring='neg_root_mean_squared_error')",200,0.03,squared_error,32,3,0.2,127,1600,FunctionTransformer(func=<function reshape at 0x7fdb1d1c0360>),passthrough,"{'first_scale': 'passthrough', 'frequency': FunctionTransformer(func=<function power_phase_stft at 0x7fdb1d1ef9c0>), 'model': HistGradientBoostingRegressor(early_stopping=True, max_iter=10000,
                              n_iter_no_change=100, random_state=42,
                              scoring='neg_root_mean_squared_error'), 'model__l2_regularization': 200, 'model__learning_rate': 0.03, 'model__loss': 'squared_error', 'model__max_bins': 32, 'model__max_depth': 3, 'model__max_features': 0.2, 'model__max_leaf_nodes': 127, 'model__min_samples_leaf': 1600, 'reshape': FunctionTransformer(func=<function reshape at 0x7fdb1d1c0360>), 'second_scale': 'passthrough'}",0.08012772894711107,0.08012772894711107,0.0,1,0.46268174376444693,0.46268174376444693,0.0,0.9590997190349337,0.7330199562328116
0,20950.972576379776,0.0,78.27634239196777,0.0,passthrough,power_phase_stft,"HistGradientBoostingRegressor(early_stopping=True, max_iter=10000,
                              n_iter_no_change=100, random_state=42,
                              scoring='neg_root_mean_squared_error')",50,0.05,squared_error,32,3,0.2,127,1600,FunctionTransformer(func=<function reshape at 0x7fdb1d1c0360>),passthrough,"{'first_scale': 'passthrough', 'frequency': FunctionTransformer(func=<function power_phase_stft at 0x7fdb1d1ef9c0>), 'model': HistGradientBoostingRegressor(early_stopping=True, max_iter=10000,
                              n_iter_no_change=100, random_state=42,
                              scoring='neg_root_mean_squared_error'), 'model__l2_regularization': 50, 'model__learning_rate': 0.05, 'model__loss': 'squared_error', 'model__max_bins': 32, 'model__max_depth': 3, 'model__max_features': 0.2, 'model__max_leaf_nodes': 127, 'model__min_samples_leaf': 1600, 'reshape': FunctionTransformer(func=<function reshape at 0x7fdb1d1c0360>), 'second_scale': 'passthrough'}",0.07903272932933081,0.07903272932933081,0.0,1,0.45917703854950453,0.45917703854950453,0.0,0.9596703968919065,0.7354066639965234
0,27294.0848133564,0.0,69.21775245666504,0.0,passthrough,power_phase_stft,"HistGradientBoostingRegressor(early_stopping=True, max_iter=10000,
                              n_iter_no_change=100, random_state=42,
                              scoring='neg_root_mean_squared_error')",100,0.05,squared_error,32,6,0.2,511,3200,FunctionTransformer(func=<function reshape at 0x7fdb1d1c0360>),passthrough,"{'first_scale': 'passthrough', 'frequency': FunctionTransformer(func=<function power_phase_stft at 0x7fdb1d1ef9c0>), 'model': HistGradientBoostingRegressor(early_stopping=True, max_iter=10000,
                              n_iter_no_change=100, random_state=42,
                              scoring='neg_root_mean_squared_error'), 'model__l2_regularization': 100, 'model__learning_rate': 0.05, 'model__loss': 'squared_error', 'model__max_bins': 32, 'model__max_depth': 6, 'model__max_features': 0.2, 'model__max_leaf_nodes': 511, 'model__min_samples_leaf': 3200, 'reshape': FunctionTransformer(func=<function reshape at 0x7fdb1d1c0360>), 'second_scale': 'passthrough'}",0.06285483048959017,0.06285483048959017,0.0,1,0.7598947007303086,0.7598947007303086,0.0,0.9680625855338124,0.49000540738821585
0,38464.442825078964,0.0,92.09208583831787,0.0,passthrough,power_phase_stft,"HistGradientBoostingRegressor(early_stopping=True, max_iter=10000,
                              n_iter_no_change=100, random_state=42,
                              scoring='neg_root_mean_squared_error')",50,0.05,squared_error,32,6,1.0,511,1600,FunctionTransformer(func=<function reshape at 0x7fdb1d1c0360>),passthrough,"{'first_scale': 'passthrough', 'frequency': FunctionTransformer(func=<function power_phase_stft at 0x7fdb1d1ef9c0>), 'model': HistGradientBoostingRegressor(early_stopping=True, max_iter=10000,
                              n_iter_no_change=100, random_state=42,
                              scoring='neg_root_mean_squared_error'), 'model__l2_regularization': 50, 'model__learning_rate': 0.05, 'model__loss': 'squared_error', 'model__max_bins': 32, 'model__max_depth': 6, 'model__max_features': 1.0, 'model__max_leaf_nodes': 511, 'model__min_samples_leaf': 1600, 'reshape': FunctionTransformer(func=<function reshape at 0x7fdb1d1c0360>), 'second_scale': 'passthrough'}",0.06714582596942986,0.06714582596942986,0.0,1,0.7768291315002562,0.7768291315002562,0.0,0.9658437627435248,0.47240964056604917
0,26659.29232120514,0.0,85.10499715805054,0.0,passthrough,power_phase_stft,"HistGradientBoostingRegressor(early_stopping=True, max_iter=10000,
                              n_iter_no_change=100, random_state=42,
                              scoring='neg_root_mean_squared_error')",100,0.05,squared_error,32,6,1.0,127,3200,FunctionTransformer(func=<function reshape at 0x7fdb1d1c0360>),passthrough,"{'first_scale': 'passthrough', 'frequency': FunctionTransformer(func=<function power_phase_stft at 0x7fdb1d1ef9c0>), 'model': HistGradientBoostingRegressor(early_stopping=True, max_iter=10000,
                              n_iter_no_change=100, random_state=42,
                              scoring='neg_root_mean_squared_error'), 'model__l2_regularization': 100, 'model__learning_rate': 0.05, 'model__loss': 'squared_error', 'model__max_bins': 32, 'model__max_depth': 6, 'model__max_features': 1.0, 'model__max_leaf_nodes': 127, 'model__min_samples_leaf': 3200, 'reshape': FunctionTransformer(func=<function reshape at 0x7fdb1d1c0360>), 'second_scale': 'passthrough'}",0.07018865026403098,0.07018865026403098,0.0,1,0.6449707217274164,0.6449707217274164,0.0,0.9642672605330791,0.5958433336646334
0,25227.426836252213,0.0,66.39329528808594,0.0,passthrough,power_phase_stft,"HistGradientBoostingRegressor(early_stopping=True, max_iter=10000,
                              n_iter_no_change=100, random_state=42,
                              scoring='neg_root_mean_squared_error')",200,0.03,squared_error,32,3,0.2,127,3200,FunctionTransformer(func=<function reshape at 0x7fdb1d1c0360>),passthrough,"{'first_scale': 'passthrough', 'frequency': FunctionTransformer(func=<function power_phase_stft at 0x7fdb1d1ef9c0>), 'model': HistGradientBoostingRegressor(early_stopping=True, max_iter=10000,
                              n_iter_no_change=100, random_state=42,
                              scoring='neg_root_mean_squared_error'), 'model__l2_regularization': 200, 'model__learning_rate': 0.03, 'model__loss': 'squared_error', 'model__max_bins': 32, 'model__max_depth': 3, 'model__max_features': 0.2, 'model__max_leaf_nodes': 127, 'model__min_samples_leaf': 3200, 'reshape': FunctionTransformer(func=<function reshape at 0x7fdb1d1c0360>), 'second_scale': 'passthrough'}",0.08209665950037326,0.08209665950037326,0.0,1,0.40615002735833805,0.40615002735833805,0.0,0.9580727219264865,0.7706166184567148
0,17115.424202919006,0.0,58.068562269210815,0.0,passthrough,power_phase_stft,"HistGradientBoostingRegressor(early_stopping=True, max_iter=10000,
                              n_iter_no_change=100, random_state=42,
                              scoring='neg_root_mean_squared_error')",200,0.05,squared_error,32,3,0.5,511,3200,FunctionTransformer(func=<function reshape at 0x7fdb1d1c0360>),passthrough,"{'first_scale': 'passthrough', 'frequency': FunctionTransformer(func=<function power_phase_stft at 0x7fdb1d1ef9c0>), 'model': HistGradientBoostingRegressor(early_stopping=True, max_iter=10000,
                              n_iter_no_change=100, random_state=42,
                              scoring='neg_root_mean_squared_error'), 'model__l2_regularization': 200, 'model__learning_rate': 0.05, 'model__loss': 'squared_error', 'model__max_bins': 32, 'model__max_depth': 3, 'model__max_features': 0.5, 'model__max_leaf_nodes': 511, 'model__min_samples_leaf': 3200, 'reshape': FunctionTransformer(func=<function reshape at 0x7fdb1d1c0360>), 'second_scale': 'passthrough'}",0.07927637465762849,0.07927637465762849,0.0,1,0.4227136769915212,0.4227136769915212,0.0,0.9595434463026525,0.759793605532765
0,31089.105970144272,0.0,83.9534592628479,0.0,passthrough,power_phase_stft,"HistGradientBoostingRegressor(early_stopping=True, max_iter=10000,
                              n_iter_no_change=100, random_state=42,
                              scoring='neg_root_mean_squared_error')",200,0.03,squared_error,32,3,1.0,255,3200,FunctionTransformer(func=<function reshape at 0x7fdb1d1c0360>),passthrough,"{'first_scale': 'passthrough', 'frequency': FunctionTransformer(func=<function power_phase_stft at 0x7fdb1d1ef9c0>), 'model': HistGradientBoostingRegressor(early_stopping=True, max_iter=10000,
                              n_iter_no_change=100, random_state=42,
                              scoring='neg_root_mean_squared_error'), 'model__l2_regularization': 200, 'model__learning_rate': 0.03, 'model__loss': 'squared_error', 'model__max_bins': 32, 'model__max_depth': 3, 'model__max_features': 1.0, 'model__max_leaf_nodes': 255, 'model__min_samples_leaf': 3200, 'reshape': FunctionTransformer(func=<function reshape at 0x7fdb1d1c0360>), 'second_scale': 'passthrough'}",0.07556072102401035,0.07556072102401035,0.0,1,0.47012713858637034,0.47012713858637034,0.0,0.9614776539140104,0.7279236645511874
0,30454.19478392601,0.0,102.57214879989624,0.0,passthrough,power_phase_stft,"HistGradientBoostingRegressor(early_stopping=True, max_iter=10000,
                              n_iter_no_change=100, random_state=42,
                              scoring='neg_root_mean_squared_error')",50,0.05,squared_error,32,6,1.0,127,3200,FunctionTransformer(func=<function reshape at 0x7fdb1d1c0360>),passthrough,"{'first_scale': 'passthrough', 'frequency': FunctionTransformer(func=<function power_phase_stft at 0x7fdb1d1ef9c0>), 'model': HistGradientBoostingRegressor(early_stopping=True, max_iter=10000,
                              n_iter_no_change=100, random_state=42,
                              scoring='neg_root_mean_squared_error'), 'model__l2_regularization': 50, 'model__learning_rate': 0.05, 'model__loss': 'squared_error', 'model__max_bins': 32, 'model__max_depth': 6, 'model__max_features': 1.0, 'model__max_leaf_nodes': 127, 'model__min_samples_leaf': 3200, 'reshape': FunctionTransformer(func=<function reshape at 0x7fdb1d1c0360>), 'second_scale': 'passthrough'}",0.06956098783169384,0.06956098783169384,0.0,1,0.6915673657149365,0.6915673657149365,0.0,0.9645926664495776,0.5553671166760448
0,15243.360444307327,0.0,46.408347606658936,0.0,passthrough,power_phase_stft,"HistGradientBoostingRegressor(early_stopping=True, max_iter=10000,
                              n_iter_no_change=100, random_state=42,
                              scoring='neg_root_mean_squared_error')",100,0.05,squared_error,32,3,0.2,127,3200,FunctionTransformer(func=<function reshape at 0x7fdb1d1c0360>),passthrough,"{'first_scale': 'passthrough', 'frequency': FunctionTransformer(func=<function power_phase_stft at 0x7fdb1d1ef9c0>), 'model': HistGradientBoostingRegressor(early_stopping=True, max_iter=10000,
                              n_iter_no_change=100, random_state=42,
                              scoring='neg_root_mean_squared_error'), 'model__l2_regularization': 100, 'model__learning_rate': 0.05, 'model__loss': 'squared_error', 'model__max_bins': 32, 'model__max_depth': 3, 'model__max_features': 0.2, 'model__max_leaf_nodes': 127, 'model__min_samples_leaf': 3200, 'reshape': FunctionTransformer(func=<function reshape at 0x7fdb1d1c0360>), 'second_scale': 'passthrough'}",0.07664836904592831,0.07664836904592831,0.0,1,0.45484115525550595,0.45484115525550595,0.0,0.9609118747075986,0.738348728409885
0,43078.05981302261,0.0,109.66737699508667,0.0,passthrough,power_phase_stft,"HistGradientBoostingRegressor(early_stopping=True, max_iter=10000,
                              n_iter_no_change=100, random_state=42,
                              scoring='neg_root_mean_squared_error')",200,0.05,squared_error,32,6,0.2,255,1600,FunctionTransformer(func=<function reshape at 0x7fdb1d1c0360>),passthrough,"{'first_scale': 'passthrough', 'frequency': FunctionTransformer(func=<function power_phase_stft at 0x7fdb1d1ef9c0>), 'model': HistGradientBoostingRegressor(early_stopping=True, max_iter=10000,
                              n_iter_no_change=100, random_state=42,
                              scoring='neg_root_mean_squared_error'), 'model__l2_regularization': 200, 'model__learning_rate': 0.05, 'model__loss': 'squared_error', 'model__max_bins': 32, 'model__max_depth': 6, 'model__max_features': 0.2, 'model__max_leaf_nodes': 255, 'model__min_samples_leaf': 1600, 'reshape': FunctionTransformer(func=<function reshape at 0x7fdb1d1c0360>), 'second_scale': 'passthrough'}",0.06934389303266553,0.06934389303266553,0.0,1,0.7917313138733675,0.7917313138733675,0.0,0.9647051917385614,0.4563646416262247
0,35319.84060168266,0.0,82.96212863922119,0.0,passthrough,power_phase_stft,"HistGradientBoostingRegressor(early_stopping=True, max_iter=10000,
                              n_iter_no_change=100, random_state=42,
                              scoring='neg_root_mean_squared_error')",50,0.05,squared_error,32,6,1.0,127,1600,FunctionTransformer(func=<function reshape at 0x7fdb1d1c0360>),passthrough,"{'first_scale': 'passthrough', 'frequency': FunctionTransformer(func=<function power_phase_stft at 0x7fdb1d1ef9c0>), 'model': HistGradientBoostingRegressor(early_stopping=True, max_iter=10000,
                              n_iter_no_change=100, random_state=42,
                              scoring='neg_root_mean_squared_error'), 'model__l2_regularization': 50, 'model__learning_rate': 0.05, 'model__loss': 'squared_error', 'model__max_bins': 32, 'model__max_depth': 6, 'model__max_features': 1.0, 'model__max_leaf_nodes': 127, 'model__min_samples_leaf': 1600, 'reshape': FunctionTransformer(func=<function reshape at 0x7fdb1d1c0360>), 'second_scale': 'passthrough'}",0.06533525310286803,0.06533525310286803,0.0,1,0.8358262668111729,0.8358262668111729,0.0,0.9667806094958318,0.40518357961401535
0,19774.788770914078,0.0,47.5076048374176,0.0,passthrough,power_phase_stft,"HistGradientBoostingRegressor(early_stopping=True, max_iter=10000,
                              n_iter_no_change=100, random_state=42,
                              scoring='neg_root_mean_squared_error')",200,0.02,squared_error,32,3,1.0,127,3200,FunctionTransformer(func=<function reshape at 0x7fdb1d1c0360>),passthrough,"{'first_scale': 'passthrough', 'frequency': FunctionTransformer(func=<function power_phase_stft at 0x7fdb1d1ef9c0>), 'model': HistGradientBoostingRegressor(early_stopping=True, max_iter=10000,
                              n_iter_no_change=100, random_state=42,
                              scoring='neg_root_mean_squared_error'), 'model__l2_regularization': 200, 'model__learning_rate': 0.02, 'model__loss': 'squared_error', 'model__max_bins': 32, 'model__max_depth': 3, 'model__max_features': 1.0, 'model__max_leaf_nodes': 127, 'model__min_samples_leaf': 3200, 'reshape': FunctionTransformer(func=<function reshape at 0x7fdb1d1c0360>), 'second_scale': 'passthrough'}",0.0834700058725878,0.0834700058725878,0.0,1,0.3477285933525296,0.3477285933525296,0.0,0.9573557301898873,0.8076332129422802
0,18247.19483757019,0.0,52.34384369850159,0.0,passthrough,power_phase_stft,"HistGradientBoostingRegressor(early_stopping=True, max_iter=10000,
                              n_iter_no_change=100, random_state=42,
                              scoring='neg_root_mean_squared_error')",50,0.03,squared_error,32,3,1.0,255,3200,FunctionTransformer(func=<function reshape at 0x7fdb1d1c0360>),passthrough,"{'first_scale': 'passthrough', 'frequency': FunctionTransformer(func=<function power_phase_stft at 0x7fdb1d1ef9c0>), 'model': HistGradientBoostingRegressor(early_stopping=True, max_iter=10000,
                              n_iter_no_change=100, random_state=42,
                              scoring='neg_root_mean_squared_error'), 'model__l2_regularization': 50, 'model__learning_rate': 0.03, 'model__loss': 'squared_error', 'model__max_bins': 32, 'model__max_depth': 3, 'model__max_features': 1.0, 'model__max_leaf_nodes': 255, 'model__min_samples_leaf': 3200, 'reshape': FunctionTransformer(func=<function reshape at 0x7fdb1d1c0360>), 'second_scale': 'passthrough'}",0.07956827786629739,0.07956827786629739,0.0,1,0.40863441829012137,0.40863441829012137,0.0,0.9593913289860935,0.7690029789993525
0,30300.48432445526,0.0,77.98861169815063,0.0,passthrough,power_phase_stft,"HistGradientBoostingRegressor(early_stopping=True, max_iter=10000,
                              n_iter_no_change=100, random_state=42,
                              scoring='neg_root_mean_squared_error')",100,0.03,squared_error,32,3,0.2,511,1600,FunctionTransformer(func=<function reshape at 0x7fdb1d1c0360>),passthrough,"{'first_scale': 'passthrough', 'frequency': FunctionTransformer(func=<function power_phase_stft at 0x7fdb1d1ef9c0>), 'model': HistGradientBoostingRegressor(early_stopping=True, max_iter=10000,
                              n_iter_no_change=100, random_state=42,
                              scoring='neg_root_mean_squared_error'), 'model__l2_regularization': 100, 'model__learning_rate': 0.03, 'model__loss': 'squared_error', 'model__max_bins': 32, 'model__max_depth': 3, 'model__max_features': 0.2, 'model__max_leaf_nodes': 511, 'model__min_samples_leaf': 1600, 'reshape': FunctionTransformer(func=<function reshape at 0x7fdb1d1c0360>), 'second_scale': 'passthrough'}",0.08020448608996589,0.08020448608996589,0.0,1,0.42346812764145425,0.42346812764145425,0.0,0.9590597029956134,0.7592969592712365
0,41150.57416129112,0.0,97.9071912765503,0.0,passthrough,power_phase_stft,"HistGradientBoostingRegressor(early_stopping=True, max_iter=10000,
                              n_iter_no_change=100, random_state=42,
                              scoring='neg_root_mean_squared_error')",400,0.05,squared_error,32,6,1.0,511,1600,FunctionTransformer(func=<function reshape at 0x7fdb1d1c0360>),passthrough,"{'first_scale': 'passthrough', 'frequency': FunctionTransformer(func=<function power_phase_stft at 0x7fdb1d1ef9c0>), 'model': HistGradientBoostingRegressor(early_stopping=True, max_iter=10000,
                              n_iter_no_change=100, random_state=42,
                              scoring='neg_root_mean_squared_error'), 'model__l2_regularization': 400, 'model__learning_rate': 0.05, 'model__loss': 'squared_error', 'model__max_bins': 32, 'model__max_depth': 6, 'model__max_features': 1.0, 'model__max_leaf_nodes': 511, 'model__min_samples_leaf': 1600, 'reshape': FunctionTransformer(func=<function reshape at 0x7fdb1d1c0360>), 'second_scale': 'passthrough'}",0.06794906394609901,0.06794906394609901,0.0,1,0.8152683591720985,0.8152683591720985,0.0,0.9654278512938711,0.4298041889371269
0,28412.481175899506,0.0,78.22135066986084,0.0,passthrough,power_phase_stft,"HistGradientBoostingRegressor(early_stopping=True, max_iter=10000,
                              n_iter_no_change=100, random_state=42,
                              scoring='neg_root_mean_squared_error')",50,0.03,squared_error,32,3,0.2,127,1600,FunctionTransformer(func=<function reshape at 0x7fdb1d1c0360>),passthrough,"{'first_scale': 'passthrough', 'frequency': FunctionTransformer(func=<function power_phase_stft at 0x7fdb1d1ef9c0>), 'model': HistGradientBoostingRegressor(early_stopping=True, max_iter=10000,
                              n_iter_no_change=100, random_state=42,
                              scoring='neg_root_mean_squared_error'), 'model__l2_regularization': 50, 'model__learning_rate': 0.03, 'model__loss': 'squared_error', 'model__max_bins': 32, 'model__max_depth': 3, 'model__max_features': 0.2, 'model__max_leaf_nodes': 127, 'model__min_samples_leaf': 1600, 'reshape': FunctionTransformer(func=<function reshape at 0x7fdb1d1c0360>), 'second_scale': 'passthrough'}",0.07975471780978494,0.07975471780978494,0.0,1,0.45836872404993545,0.45836872404993545,0.0,0.9592941583217397,0.7359560285438693
0,26212.221821069717,0.0,82.30809164047241,0.0,passthrough,power_phase_stft,"HistGradientBoostingRegressor(early_stopping=True, max_iter=10000,
                              n_iter_no_change=100, random_state=42,
                              scoring='neg_root_mean_squared_error')",400,0.05,squared_error,32,3,1.0,255,3200,FunctionTransformer(func=<function reshape at 0x7fdb1d1c0360>),passthrough,"{'first_scale': 'passthrough', 'frequency': FunctionTransformer(func=<function power_phase_stft at 0x7fdb1d1ef9c0>), 'model': HistGradientBoostingRegressor(early_stopping=True, max_iter=10000,
                              n_iter_no_change=100, random_state=42,
                              scoring='neg_root_mean_squared_error'), 'model__l2_regularization': 400, 'model__learning_rate': 0.05, 'model__loss': 'squared_error', 'model__max_bins': 32, 'model__max_depth': 3, 'model__max_features': 1.0, 'model__max_leaf_nodes': 255, 'model__min_samples_leaf': 3200, 'reshape': FunctionTransformer(func=<function reshape at 0x7fdb1d1c0360>), 'second_scale': 'passthrough'}",0.07430407641393089,0.07430407641393089,0.0,1,0.48406755296567483,0.48406755296567483,0.0,0.9621309285050913,0.7182843775513464
0,12699.405506372452,0.0,45.21477222442627,0.0,passthrough,power_phase_stft,"HistGradientBoostingRegressor(early_stopping=True, max_iter=10000,
                              n_iter_no_change=100, random_state=42,
                              scoring='neg_root_mean_squared_error')",100,0.03,squared_error,32,3,1.0,511,3200,FunctionTransformer(func=<function reshape at 0x7fdb1d1c0360>),passthrough,"{'first_scale': 'passthrough', 'frequency': FunctionTransformer(func=<function power_phase_stft at 0x7fdb1d1ef9c0>), 'model': HistGradientBoostingRegressor(early_stopping=True, max_iter=10000,
                              n_iter_no_change=100, random_state=42,
                              scoring='neg_root_mean_squared_error'), 'model__l2_regularization': 100, 'model__learning_rate': 0.03, 'model__loss': 'squared_error', 'model__max_bins': 32, 'model__max_depth': 3, 'model__max_features': 1.0, 'model__max_leaf_nodes': 511, 'model__min_samples_leaf': 3200, 'reshape': FunctionTransformer(func=<function reshape at 0x7fdb1d1c0360>), 'second_scale': 'passthrough'}",0.08334439124820336,0.08334439124820336,0.0,1,0.33956538900522804,0.33956538900522804,0.0,0.9574213329312213,0.8126712810200518
0,30716.762349128723,0.0,60.67108368873596,0.0,passthrough,power_phase_stft,"HistGradientBoostingRegressor(early_stopping=True, max_iter=10000,
                              n_iter_no_change=100, random_state=42,
                              scoring='neg_root_mean_squared_error')",200,0.03,squared_error,32,6,0.5,127,1600,FunctionTransformer(func=<function reshape at 0x7fdb1d1c0360>),passthrough,"{'first_scale': 'passthrough', 'frequency': FunctionTransformer(func=<function power_phase_stft at 0x7fdb1d1ef9c0>), 'model': HistGradientBoostingRegressor(early_stopping=True, max_iter=10000,
                              n_iter_no_change=100, random_state=42,
                              scoring='neg_root_mean_squared_error'), 'model__l2_regularization': 200, 'model__learning_rate': 0.03, 'model__loss': 'squared_error', 'model__max_bins': 32, 'model__max_depth': 6, 'model__max_features': 0.5, 'model__max_leaf_nodes': 127, 'model__min_samples_leaf': 1600, 'reshape': FunctionTransformer(func=<function reshape at 0x7fdb1d1c0360>), 'second_scale': 'passthrough'}",0.07716009169481308,0.07716009169481308,0.0,1,0.7105992283767301,0.7105992283767301,0.0,0.9606455685137921,0.5379598234285438
0,31014.00381422043,0.0,70.90106415748596,0.0,passthrough,power_phase_stft,"HistGradientBoostingRegressor(early_stopping=True, max_iter=10000,
                              n_iter_no_change=100, random_state=42,
                              scoring='neg_root_mean_squared_error')",400,0.02,squared_error,32,3,1.0,511,1600,FunctionTransformer(func=<function reshape at 0x7fdb1d1c0360>),passthrough,"{'first_scale': 'passthrough', 'frequency': FunctionTransformer(func=<function power_phase_stft at 0x7fdb1d1ef9c0>), 'model': HistGradientBoostingRegressor(early_stopping=True, max_iter=10000,
                              n_iter_no_change=100, random_state=42,
                              scoring='neg_root_mean_squared_error'), 'model__l2_regularization': 400, 'model__learning_rate': 0.02, 'model__loss': 'squared_error', 'model__max_bins': 32, 'model__max_depth': 3, 'model__max_features': 1.0, 'model__max_leaf_nodes': 511, 'model__min_samples_leaf': 1600, 'reshape': FunctionTransformer(func=<function reshape at 0x7fdb1d1c0360>), 'second_scale': 'passthrough'}",0.07985783515788947,0.07985783515788947,0.0,1,0.4584158297683192,0.4584158297683192,0.0,0.9592404103467027,0.7359240247686447
0,37826.15802073479,0.0,70.06552839279175,0.0,passthrough,power_phase_stft,"HistGradientBoostingRegressor(early_stopping=True, max_iter=10000,
                              n_iter_no_change=100, random_state=42,
                              scoring='neg_root_mean_squared_error')",100,0.03,squared_error,32,6,0.2,127,1600,FunctionTransformer(func=<function reshape at 0x7fdb1d1c0360>),passthrough,"{'first_scale': 'passthrough', 'frequency': FunctionTransformer(func=<function power_phase_stft at 0x7fdb1d1ef9c0>), 'model': HistGradientBoostingRegressor(early_stopping=True, max_iter=10000,
                              n_iter_no_change=100, random_state=42,
                              scoring='neg_root_mean_squared_error'), 'model__l2_regularization': 100, 'model__learning_rate': 0.03, 'model__loss': 'squared_error', 'model__max_bins': 32, 'model__max_depth': 6, 'model__max_features': 0.2, 'model__max_leaf_nodes': 127, 'model__min_samples_leaf': 1600, 'reshape': FunctionTransformer(func=<function reshape at 0x7fdb1d1c0360>), 'second_scale': 'passthrough'}",0.07202437543021023,0.07202437543021023,0.0,1,0.7771495439799757,0.7771495439799757,0.0,0.963314914537188,0.4720703930771599
0,21720.329574346542,0.0,61.051297187805176,0.0,passthrough,power_phase_stft,"HistGradientBoostingRegressor(early_stopping=True, max_iter=10000,
                              n_iter_no_change=100, random_state=42,
                              scoring='neg_root_mean_squared_error')",200,0.05,squared_error,32,6,1.0,511,3200,FunctionTransformer(func=<function reshape at 0x7fdb1d1c0360>),passthrough,"{'first_scale': 'passthrough', 'frequency': FunctionTransformer(func=<function power_phase_stft at 0x7fdb1d1ef9c0>), 'model': HistGradientBoostingRegressor(early_stopping=True, max_iter=10000,
                              n_iter_no_change=100, random_state=42,
                              scoring='neg_root_mean_squared_error'), 'model__l2_regularization': 200, 'model__learning_rate': 0.05, 'model__loss': 'squared_error', 'model__max_bins': 32, 'model__max_depth': 6, 'model__max_features': 1.0, 'model__max_leaf_nodes': 511, 'model__min_samples_leaf': 3200, 'reshape': FunctionTransformer(func=<function reshape at 0x7fdb1d1c0360>), 'second_scale': 'passthrough'}",0.06658975361354635,0.06658975361354635,0.0,1,0.7259666414015549,0.7259666414015549,0.0,0.9661315885460188,0.5234819563255692
0,31275.366109371185,0.0,77.42368221282959,0.0,passthrough,power_phase_stft,"HistGradientBoostingRegressor(early_stopping=True, max_iter=10000,
                              n_iter_no_change=100, random_state=42,
                              scoring='neg_root_mean_squared_error')",400,0.02,squared_error,32,3,1.0,255,1600,FunctionTransformer(func=<function reshape at 0x7fdb1d1c0360>),passthrough,"{'first_scale': 'passthrough', 'frequency': FunctionTransformer(func=<function power_phase_stft at 0x7fdb1d1ef9c0>), 'model': HistGradientBoostingRegressor(early_stopping=True, max_iter=10000,
                              n_iter_no_change=100, random_state=42,
                              scoring='neg_root_mean_squared_error'), 'model__l2_regularization': 400, 'model__learning_rate': 0.02, 'model__loss': 'squared_error', 'model__max_bins': 32, 'model__max_depth': 3, 'model__max_features': 1.0, 'model__max_leaf_nodes': 255, 'model__min_samples_leaf': 1600, 'reshape': FunctionTransformer(func=<function reshape at 0x7fdb1d1c0360>), 'second_scale': 'passthrough'}",0.07985783515788947,0.07985783515788947,0.0,1,0.4584158297683192,0.4584158297683192,0.0,0.9592404103467027,0.7359240247686447
0,37985.745251894,0.0,85.20432591438293,0.0,passthrough,power_phase_stft,"HistGradientBoostingRegressor(early_stopping=True, max_iter=10000,
                              n_iter_no_change=100, random_state=42,
                              scoring='neg_root_mean_squared_error')",100,0.03,squared_error,32,3,0.2,511,3200,FunctionTransformer(func=<function reshape at 0x7fdb1d1c0360>),passthrough,"{'first_scale': 'passthrough', 'frequency': FunctionTransformer(func=<function power_phase_stft at 0x7fdb1d1ef9c0>), 'model': HistGradientBoostingRegressor(early_stopping=True, max_iter=10000,
                              n_iter_no_change=100, random_state=42,
                              scoring='neg_root_mean_squared_error'), 'model__l2_regularization': 100, 'model__learning_rate': 0.03, 'model__loss': 'squared_error', 'model__max_bins': 32, 'model__max_depth': 3, 'model__max_features': 0.2, 'model__max_leaf_nodes': 511, 'model__min_samples_leaf': 3200, 'reshape': FunctionTransformer(func=<function reshape at 0x7fdb1d1c0360>), 'second_scale': 'passthrough'}",0.08126364133475528,0.08126364133475528,0.0,1,0.44224425025182446,0.44224425025182446,0.0,0.9585073597345222,0.7468304692151865
0,41413.92446446419,0.0,103.41350388526917,0.0,passthrough,power_phase_stft,"HistGradientBoostingRegressor(early_stopping=True, max_iter=10000,
                              n_iter_no_change=100, random_state=42,
                              scoring='neg_root_mean_squared_error')",100,0.03,squared_error,32,3,0.2,255,3200,FunctionTransformer(func=<function reshape at 0x7fdb1d1c0360>),passthrough,"{'first_scale': 'passthrough', 'frequency': FunctionTransformer(func=<function power_phase_stft at 0x7fdb1d1ef9c0>), 'model': HistGradientBoostingRegressor(early_stopping=True, max_iter=10000,
                              n_iter_no_change=100, random_state=42,
                              scoring='neg_root_mean_squared_error'), 'model__l2_regularization': 100, 'model__learning_rate': 0.03, 'model__loss': 'squared_error', 'model__max_bins': 32, 'model__max_depth': 3, 'model__max_features': 0.2, 'model__max_leaf_nodes': 255, 'model__min_samples_leaf': 3200, 'reshape': FunctionTransformer(func=<function reshape at 0x7fdb1d1c0360>), 'second_scale': 'passthrough'}",0.08126364133475528,0.08126364133475528,0.0,1,0.44224425025182446,0.44224425025182446,0.0,0.9585073597345222,0.7468304692151865
0,19329.833080768585,0.0,63.34200882911682,0.0,passthrough,power_phase_stft,"HistGradientBoostingRegressor(early_stopping=True, max_iter=10000,
                              n_iter_no_change=100, random_state=42,
                              scoring='neg_root_mean_squared_error')",200,0.05,squared_error,32,3,1.0,127,3200,FunctionTransformer(func=<function reshape at 0x7fdb1d1c0360>),passthrough,"{'first_scale': 'passthrough', 'frequency': FunctionTransformer(func=<function power_phase_stft at 0x7fdb1d1ef9c0>), 'model': HistGradientBoostingRegressor(early_stopping=True, max_iter=10000,
                              n_iter_no_change=100, random_state=42,
                              scoring='neg_root_mean_squared_error'), 'model__l2_regularization': 200, 'model__learning_rate': 0.05, 'model__loss': 'squared_error', 'model__max_bins': 32, 'model__max_depth': 3, 'model__max_features': 1.0, 'model__max_leaf_nodes': 127, 'model__min_samples_leaf': 3200, 'reshape': FunctionTransformer(func=<function reshape at 0x7fdb1d1c0360>), 'second_scale': 'passthrough'}",0.0754439363264221,0.0754439363264221,0.0,1,0.45824905719655773,0.45824905719655773,0.0,0.9615383838794881,0.7360373243276744
0,36468.91342997551,0.0,66.35725212097168,0.0,passthrough,power_phase_stft,"HistGradientBoostingRegressor(early_stopping=True, max_iter=10000,
                              n_iter_no_change=100, random_state=42,
                              scoring='neg_root_mean_squared_error')",800,0.0075,squared_error,63,6,1.0,255,9600,FunctionTransformer(func=<function reshape at 0x7fdb1d1c0360>),passthrough,"{'first_scale': 'passthrough', 'frequency': FunctionTransformer(func=<function power_phase_stft at 0x7fdb1d1ef9c0>), 'model': HistGradientBoostingRegressor(early_stopping=True, max_iter=10000,
                              n_iter_no_change=100, random_state=42,
                              scoring='neg_root_mean_squared_error'), 'model__l2_regularization': 800, 'model__learning_rate': 0.0075, 'model__loss': 'squared_error', 'model__max_bins': 63, 'model__max_depth': 6, 'model__max_features': 1.0, 'model__max_leaf_nodes': 255, 'model__min_samples_leaf': 9600, 'reshape': FunctionTransformer(func=<function reshape at 0x7fdb1d1c0360>), 'second_scale': 'passthrough'}",0.08799418770523315,0.08799418770523315,0.0,1,0.24485768942919817,0.24485768942919817,0.0,0.9549899540281912,0.8689892465219589
0,36367.01008057594,0.0,66.48587894439697,0.0,passthrough,power_phase_stft,"HistGradientBoostingRegressor(early_stopping=True, max_iter=10000,
                              n_iter_no_change=100, random_state=42,
                              scoring='neg_root_mean_squared_error')",400,0.0075,squared_error,63,None,0.5,255,9600,FunctionTransformer(func=<function reshape at 0x7fdb1d1c0360>),passthrough,"{'first_scale': 'passthrough', 'frequency': FunctionTransformer(func=<function power_phase_stft at 0x7fdb1d1ef9c0>), 'model': HistGradientBoostingRegressor(early_stopping=True, max_iter=10000,
                              n_iter_no_change=100, random_state=42,
                              scoring='neg_root_mean_squared_error'), 'model__l2_regularization': 400, 'model__learning_rate': 0.0075, 'model__loss': 'squared_error', 'model__max_bins': 63, 'model__max_depth': None, 'model__max_features': 0.5, 'model__max_leaf_nodes': 255, 'model__min_samples_leaf': 9600, 'reshape': FunctionTransformer(func=<function reshape at 0x7fdb1d1c0360>), 'second_scale': 'passthrough'}",0.08918050572363267,0.08918050572363267,0.0,1,0.2446462830272923,0.2446462830272923,0.0,0.9543686364693506,0.8691108772606103
0,14512.84614443779,0.0,52.57212519645691,0.0,passthrough,power_phase_stft,"HistGradientBoostingRegressor(early_stopping=True, max_iter=10000,
                              n_iter_no_change=100, random_state=42,
                              scoring='neg_root_mean_squared_error')",100,0.05,squared_error,32,6,0.5,127,1600,FunctionTransformer(func=<function reshape at 0x7fdb1d1c0360>),passthrough,"{'first_scale': 'passthrough', 'frequency': FunctionTransformer(func=<function power_phase_stft at 0x7fdb1d1ef9c0>), 'model': HistGradientBoostingRegressor(early_stopping=True, max_iter=10000,
                              n_iter_no_change=100, random_state=42,
                              scoring='neg_root_mean_squared_error'), 'model__l2_regularization': 100, 'model__learning_rate': 0.05, 'model__loss': 'squared_error', 'model__max_bins': 32, 'model__max_depth': 6, 'model__max_features': 0.5, 'model__max_leaf_nodes': 127, 'model__min_samples_leaf': 1600, 'reshape': FunctionTransformer(func=<function reshape at 0x7fdb1d1c0360>), 'second_scale': 'passthrough'}",0.07435871921008408,0.07435871921008408,0.0,1,0.6985874352134321,0.6985874352134321,0.0,0.9621025313291282,0.5490105324914704
0,19618.063232183456,0.0,57.85687279701233,0.0,passthrough,power_phase_stft,"HistGradientBoostingRegressor(early_stopping=True, max_iter=10000,
                              n_iter_no_change=100, random_state=42,
                              scoring='neg_root_mean_squared_error')",200,0.05,squared_error,32,6,0.5,511,3200,FunctionTransformer(func=<function reshape at 0x7fdb1d1c0360>),passthrough,"{'first_scale': 'passthrough', 'frequency': FunctionTransformer(func=<function power_phase_stft at 0x7fdb1d1ef9c0>), 'model': HistGradientBoostingRegressor(early_stopping=True, max_iter=10000,
                              n_iter_no_change=100, random_state=42,
                              scoring='neg_root_mean_squared_error'), 'model__l2_regularization': 200, 'model__learning_rate': 0.05, 'model__loss': 'squared_error', 'model__max_bins': 32, 'model__max_depth': 6, 'model__max_features': 0.5, 'model__max_leaf_nodes': 511, 'model__min_samples_leaf': 3200, 'reshape': FunctionTransformer(func=<function reshape at 0x7fdb1d1c0360>), 'second_scale': 'passthrough'}",0.06797849504127462,0.06797849504127462,0.0,1,0.6866360314157969,0.6866360314157969,0.0,0.965412608659492,0.5597892179956694
0,40182.43653559685,0.0,75.67387914657593,0.0,passthrough,power_phase_stft,"HistGradientBoostingRegressor(early_stopping=True, max_iter=10000,
                              n_iter_no_change=100, random_state=42,
                              scoring='neg_root_mean_squared_error')",200,0.03,squared_error,32,6,0.2,511,3200,FunctionTransformer(func=<function reshape at 0x7fdb1d1c0360>),passthrough,"{'first_scale': 'passthrough', 'frequency': FunctionTransformer(func=<function power_phase_stft at 0x7fdb1d1ef9c0>), 'model': HistGradientBoostingRegressor(early_stopping=True, max_iter=10000,
                              n_iter_no_change=100, random_state=42,
                              scoring='neg_root_mean_squared_error'), 'model__l2_regularization': 200, 'model__learning_rate': 0.03, 'model__loss': 'squared_error', 'model__max_bins': 32, 'model__max_depth': 6, 'model__max_features': 0.2, 'model__max_leaf_nodes': 511, 'model__min_samples_leaf': 3200, 'reshape': FunctionTransformer(func=<function reshape at 0x7fdb1d1c0360>), 'second_scale': 'passthrough'}",0.07333075628775665,0.07333075628775665,0.0,1,0.6950366341371004,0.6950366341371004,0.0,0.9626366104155001,0.5522348828740354
0,33445.504054784775,0.0,87.7799026966095,0.0,passthrough,power_phase_stft,"HistGradientBoostingRegressor(early_stopping=True, max_iter=10000,
                              n_iter_no_change=100, random_state=42,
                              scoring='neg_root_mean_squared_error')",50,0.03,squared_error,32,3,0.2,255,1600,FunctionTransformer(func=<function reshape at 0x7fdb1d1c0360>),passthrough,"{'first_scale': 'passthrough', 'frequency': FunctionTransformer(func=<function power_phase_stft at 0x7fdb1d1ef9c0>), 'model': HistGradientBoostingRegressor(early_stopping=True, max_iter=10000,
                              n_iter_no_change=100, random_state=42,
                              scoring='neg_root_mean_squared_error'), 'model__l2_regularization': 50, 'model__learning_rate': 0.03, 'model__loss': 'squared_error', 'model__max_bins': 32, 'model__max_depth': 3, 'model__max_features': 0.2, 'model__max_leaf_nodes': 255, 'model__min_samples_leaf': 1600, 'reshape': FunctionTransformer(func=<function reshape at 0x7fdb1d1c0360>), 'second_scale': 'passthrough'}",0.07975471780978494,0.07975471780978494,0.0,1,0.45836872404993545,0.45836872404993545,0.0,0.9592941583217397,0.7359560285438693
0,16191.351820468903,0.0,78.51520466804504,0.0,passthrough,power_phase_stft,"HistGradientBoostingRegressor(early_stopping=True, max_iter=10000,
                              n_iter_no_change=100, random_state=42,
                              scoring='neg_root_mean_squared_error')",50,0.05,squared_error,32,3,1.0,511,1600,FunctionTransformer(func=<function reshape at 0x7fdb1d1c0360>),passthrough,"{'first_scale': 'passthrough', 'frequency': FunctionTransformer(func=<function power_phase_stft at 0x7fdb1d1ef9c0>), 'model': HistGradientBoostingRegressor(early_stopping=True, max_iter=10000,
                              n_iter_no_change=100, random_state=42,
                              scoring='neg_root_mean_squared_error'), 'model__l2_regularization': 50, 'model__learning_rate': 0.05, 'model__loss': 'squared_error', 'model__max_bins': 32, 'model__max_depth': 3, 'model__max_features': 1.0, 'model__max_leaf_nodes': 511, 'model__min_samples_leaf': 1600, 'reshape': FunctionTransformer(func=<function reshape at 0x7fdb1d1c0360>), 'second_scale': 'passthrough'}",0.07770981417161138,0.07770981417161138,0.0,1,0.4670318245941344,0.4670318245941344,0.0,0.9603594045087436,0.7300466939900938
0,21555.75626182556,0.0,65.54082226753235,0.0,passthrough,power_phase_stft,"HistGradientBoostingRegressor(early_stopping=True, max_iter=10000,
                              n_iter_no_change=100, random_state=42,
                              scoring='neg_root_mean_squared_error')",400,0.05,squared_error,32,3,0.5,127,1600,FunctionTransformer(func=<function reshape at 0x7fdb1d1c0360>),passthrough,"{'first_scale': 'passthrough', 'frequency': FunctionTransformer(func=<function power_phase_stft at 0x7fdb1d1ef9c0>), 'model': HistGradientBoostingRegressor(early_stopping=True, max_iter=10000,
                              n_iter_no_change=100, random_state=42,
                              scoring='neg_root_mean_squared_error'), 'model__l2_regularization': 400, 'model__learning_rate': 0.05, 'model__loss': 'squared_error', 'model__max_bins': 32, 'model__max_depth': 3, 'model__max_features': 0.5, 'model__max_leaf_nodes': 127, 'model__min_samples_leaf': 1600, 'reshape': FunctionTransformer(func=<function reshape at 0x7fdb1d1c0360>), 'second_scale': 'passthrough'}",0.07523910750426477,0.07523910750426477,0.0,1,0.501787984795674,0.501787984795674,0.0,0.9616448889770772,0.7058413527162645
0,30710.324765443802,0.0,68.72455596923828,0.0,passthrough,power_phase_stft,"HistGradientBoostingRegressor(early_stopping=True, max_iter=10000,
                              n_iter_no_change=100, random_state=42,
                              scoring='neg_root_mean_squared_error')",200,0.02,squared_error,32,3,1.0,255,1600,FunctionTransformer(func=<function reshape at 0x7fdb1d1c0360>),passthrough,"{'first_scale': 'passthrough', 'frequency': FunctionTransformer(func=<function power_phase_stft at 0x7fdb1d1ef9c0>), 'model': HistGradientBoostingRegressor(early_stopping=True, max_iter=10000,
                              n_iter_no_change=100, random_state=42,
                              scoring='neg_root_mean_squared_error'), 'model__l2_regularization': 200, 'model__learning_rate': 0.02, 'model__loss': 'squared_error', 'model__max_bins': 32, 'model__max_depth': 3, 'model__max_features': 1.0, 'model__max_leaf_nodes': 255, 'model__min_samples_leaf': 1600, 'reshape': FunctionTransformer(func=<function reshape at 0x7fdb1d1c0360>), 'second_scale': 'passthrough'}",0.07965854742014566,0.07965854742014566,0.0,1,0.46460164171644913,0.46460164171644913,0.0,0.9593442826117505,0.7317092033612471
0,35205.167996406555,0.0,89.11314964294434,0.0,passthrough,power_phase_stft,"HistGradientBoostingRegressor(early_stopping=True, max_iter=10000,
                              n_iter_no_change=100, random_state=42,
                              scoring='neg_root_mean_squared_error')",400,0.05,squared_error,32,6,0.5,255,3200,FunctionTransformer(func=<function reshape at 0x7fdb1d1c0360>),passthrough,"{'first_scale': 'passthrough', 'frequency': FunctionTransformer(func=<function power_phase_stft at 0x7fdb1d1ef9c0>), 'model': HistGradientBoostingRegressor(early_stopping=True, max_iter=10000,
                              n_iter_no_change=100, random_state=42,
                              scoring='neg_root_mean_squared_error'), 'model__l2_regularization': 400, 'model__learning_rate': 0.05, 'model__loss': 'squared_error', 'model__max_bins': 32, 'model__max_depth': 6, 'model__max_features': 0.5, 'model__max_leaf_nodes': 255, 'model__min_samples_leaf': 3200, 'reshape': FunctionTransformer(func=<function reshape at 0x7fdb1d1c0360>), 'second_scale': 'passthrough'}",0.06969230214846023,0.06969230214846023,0.0,1,0.6948419018766466,0.6948419018766466,0.0,0.9645245968100242,0.5524111676309172
0,16149.033496141434,0.0,52.03419065475464,0.0,passthrough,power_phase_stft,"HistGradientBoostingRegressor(early_stopping=True, max_iter=10000,
                              n_iter_no_change=100, random_state=42,
                              scoring='neg_root_mean_squared_error')",400,0.05,squared_error,32,3,1.0,127,3200,FunctionTransformer(func=<function reshape at 0x7fdb1d1c0360>),passthrough,"{'first_scale': 'passthrough', 'frequency': FunctionTransformer(func=<function power_phase_stft at 0x7fdb1d1ef9c0>), 'model': HistGradientBoostingRegressor(early_stopping=True, max_iter=10000,
                              n_iter_no_change=100, random_state=42,
                              scoring='neg_root_mean_squared_error'), 'model__l2_regularization': 400, 'model__learning_rate': 0.05, 'model__loss': 'squared_error', 'model__max_bins': 32, 'model__max_depth': 3, 'model__max_features': 1.0, 'model__max_leaf_nodes': 127, 'model__min_samples_leaf': 3200, 'reshape': FunctionTransformer(func=<function reshape at 0x7fdb1d1c0360>), 'second_scale': 'passthrough'}",0.07430407641393089,0.07430407641393089,0.0,1,0.48406755296567483,0.48406755296567483,0.0,0.9621309285050913,0.7182843775513464
0,35610.311086177826,0.0,58.324087142944336,0.0,passthrough,power_phase_stft,"HistGradientBoostingRegressor(early_stopping=True, max_iter=10000,
                              n_iter_no_change=100, random_state=42,
                              scoring='neg_root_mean_squared_error')",200,0.03,squared_error,32,6,1.0,255,3200,FunctionTransformer(func=<function reshape at 0x7fdb1d1c0360>),passthrough,"{'first_scale': 'passthrough', 'frequency': FunctionTransformer(func=<function power_phase_stft at 0x7fdb1d1ef9c0>), 'model': HistGradientBoostingRegressor(early_stopping=True, max_iter=10000,
                              n_iter_no_change=100, random_state=42,
                              scoring='neg_root_mean_squared_error'), 'model__l2_regularization': 200, 'model__learning_rate': 0.03, 'model__loss': 'squared_error', 'model__max_bins': 32, 'model__max_depth': 6, 'model__max_features': 1.0, 'model__max_leaf_nodes': 255, 'model__min_samples_leaf': 3200, 'reshape': FunctionTransformer(func=<function reshape at 0x7fdb1d1c0360>), 'second_scale': 'passthrough'}",0.07147724106128972,0.07147724106128972,0.0,1,0.6833795846500674,0.6833795846500674,0.0,0.9635988578961218,0.5626903369971201
0,35746.26382732391,0.0,86.58532476425171,0.0,passthrough,power_phase_stft,"HistGradientBoostingRegressor(early_stopping=True, max_iter=10000,
                              n_iter_no_change=100, random_state=42,
                              scoring='neg_root_mean_squared_error')",50,0.03,squared_error,32,6,0.5,127,3200,FunctionTransformer(func=<function reshape at 0x7fdb1d1c0360>),passthrough,"{'first_scale': 'passthrough', 'frequency': FunctionTransformer(func=<function power_phase_stft at 0x7fdb1d1ef9c0>), 'model': HistGradientBoostingRegressor(early_stopping=True, max_iter=10000,
                              n_iter_no_change=100, random_state=42,
                              scoring='neg_root_mean_squared_error'), 'model__l2_regularization': 50, 'model__learning_rate': 0.03, 'model__loss': 'squared_error', 'model__max_bins': 32, 'model__max_depth': 6, 'model__max_features': 0.5, 'model__max_leaf_nodes': 127, 'model__min_samples_leaf': 3200, 'reshape': FunctionTransformer(func=<function reshape at 0x7fdb1d1c0360>), 'second_scale': 'passthrough'}",0.07248351118829843,0.07248351118829843,0.0,1,0.716878523087112,0.716878523087112,0.0,0.9630765747393618,0.5320916057530771
0,36702.12356996536,0.0,69.97303247451782,0.0,passthrough,power_phase_stft,"HistGradientBoostingRegressor(early_stopping=True, max_iter=10000,
                              n_iter_no_change=100, random_state=42,
                              scoring='neg_root_mean_squared_error')",400,0.005,squared_error,63,6,0.5,127,9600,FunctionTransformer(func=<function reshape at 0x7fdb1d1c0360>),passthrough,"{'first_scale': 'passthrough', 'frequency': FunctionTransformer(func=<function power_phase_stft at 0x7fdb1d1ef9c0>), 'model': HistGradientBoostingRegressor(early_stopping=True, max_iter=10000,
                              n_iter_no_change=100, random_state=42,
                              scoring='neg_root_mean_squared_error'), 'model__l2_regularization': 400, 'model__learning_rate': 0.005, 'model__loss': 'squared_error', 'model__max_bins': 63, 'model__max_depth': 6, 'model__max_features': 0.5, 'model__max_leaf_nodes': 127, 'model__min_samples_leaf': 9600, 'reshape': FunctionTransformer(func=<function reshape at 0x7fdb1d1c0360>), 'second_scale': 'passthrough'}",0.08862057123733502,0.08862057123733502,0.0,1,0.2037342961443307,0.2037342961443307,0.0,0.9546619447546157,0.8923372142052965
0,23691.844693899155,0.0,55.45271444320679,0.0,passthrough,power_phase_stft,"HistGradientBoostingRegressor(early_stopping=True, max_iter=10000,
                              n_iter_no_change=100, random_state=42,
                              scoring='neg_root_mean_squared_error')",100,0.03,squared_error,32,6,0.2,127,3200,FunctionTransformer(func=<function reshape at 0x7fdb1d1c0360>),passthrough,"{'first_scale': 'passthrough', 'frequency': FunctionTransformer(func=<function power_phase_stft at 0x7fdb1d1ef9c0>), 'model': HistGradientBoostingRegressor(early_stopping=True, max_iter=10000,
                              n_iter_no_change=100, random_state=42,
                              scoring='neg_root_mean_squared_error'), 'model__l2_regularization': 100, 'model__learning_rate': 0.03, 'model__loss': 'squared_error', 'model__max_bins': 32, 'model__max_depth': 6, 'model__max_features': 0.2, 'model__max_leaf_nodes': 127, 'model__min_samples_leaf': 3200, 'reshape': FunctionTransformer(func=<function reshape at 0x7fdb1d1c0360>), 'second_scale': 'passthrough'}",0.08084721324571309,0.08084721324571309,0.0,1,0.5719668253827837,0.5719668253827837,0.0,0.9587245625070252,0.6542424433015763
0,29863.73184132576,0.0,81.9848268032074,0.0,passthrough,power_phase_stft,"HistGradientBoostingRegressor(early_stopping=True, max_iter=10000,
                              n_iter_no_change=100, random_state=42,
                              scoring='neg_root_mean_squared_error')",200,0.05,squared_error,32,6,1.0,127,3200,FunctionTransformer(func=<function reshape at 0x7fdb1d1c0360>),passthrough,"{'first_scale': 'passthrough', 'frequency': FunctionTransformer(func=<function power_phase_stft at 0x7fdb1d1ef9c0>), 'model': HistGradientBoostingRegressor(early_stopping=True, max_iter=10000,
                              n_iter_no_change=100, random_state=42,
                              scoring='neg_root_mean_squared_error'), 'model__l2_regularization': 200, 'model__learning_rate': 0.05, 'model__loss': 'squared_error', 'model__max_bins': 32, 'model__max_depth': 6, 'model__max_features': 1.0, 'model__max_leaf_nodes': 127, 'model__min_samples_leaf': 3200, 'reshape': FunctionTransformer(func=<function reshape at 0x7fdb1d1c0360>), 'second_scale': 'passthrough'}",0.06658975361354635,0.06658975361354635,0.0,1,0.7259666414015549,0.7259666414015549,0.0,0.9661315885460188,0.5234819563255692
0,36703.14255452156,0.0,94.6924638748169,0.0,passthrough,power_phase_stft,"HistGradientBoostingRegressor(early_stopping=True, max_iter=10000,
                              n_iter_no_change=100, random_state=42,
                              scoring='neg_root_mean_squared_error')",400,0.05,squared_error,32,6,0.5,127,3200,FunctionTransformer(func=<function reshape at 0x7fdb1d1c0360>),passthrough,"{'first_scale': 'passthrough', 'frequency': FunctionTransformer(func=<function power_phase_stft at 0x7fdb1d1ef9c0>), 'model': HistGradientBoostingRegressor(early_stopping=True, max_iter=10000,
                              n_iter_no_change=100, random_state=42,
                              scoring='neg_root_mean_squared_error'), 'model__l2_regularization': 400, 'model__learning_rate': 0.05, 'model__loss': 'squared_error', 'model__max_bins': 32, 'model__max_depth': 6, 'model__max_features': 0.5, 'model__max_leaf_nodes': 127, 'model__min_samples_leaf': 3200, 'reshape': FunctionTransformer(func=<function reshape at 0x7fdb1d1c0360>), 'second_scale': 'passthrough'}",0.06969230214846023,0.06969230214846023,0.0,1,0.6948419018766466,0.6948419018766466,0.0,0.9645245968100242,0.5524111676309172
0,40150.09393644333,0.0,69.66234183311462,0.0,passthrough,power_phase_stft,"HistGradientBoostingRegressor(early_stopping=True, max_iter=10000,
                              n_iter_no_change=100, random_state=42,
                              scoring='neg_root_mean_squared_error')",400,0.03,squared_error,32,6,1.0,127,1600,FunctionTransformer(func=<function reshape at 0x7fdb1d1c0360>),passthrough,"{'first_scale': 'passthrough', 'frequency': FunctionTransformer(func=<function power_phase_stft at 0x7fdb1d1ef9c0>), 'model': HistGradientBoostingRegressor(early_stopping=True, max_iter=10000,
                              n_iter_no_change=100, random_state=42,
                              scoring='neg_root_mean_squared_error'), 'model__l2_regularization': 400, 'model__learning_rate': 0.03, 'model__loss': 'squared_error', 'model__max_bins': 32, 'model__max_depth': 6, 'model__max_features': 1.0, 'model__max_leaf_nodes': 127, 'model__min_samples_leaf': 1600, 'reshape': FunctionTransformer(func=<function reshape at 0x7fdb1d1c0360>), 'second_scale': 'passthrough'}",0.07462681011211014,0.07462681011211014,0.0,1,0.796401692906771,0.796401692906771,0.0,0.9619631957033958,0.45121869098390527
0,30704.759346485138,0.0,68.77748203277588,0.0,passthrough,power_phase_stft,"HistGradientBoostingRegressor(early_stopping=True, max_iter=10000,
                              n_iter_no_change=100, random_state=42,
                              scoring='neg_root_mean_squared_error')",200,0.02,squared_error,32,3,1.0,127,1600,FunctionTransformer(func=<function reshape at 0x7fdb1d1c0360>),passthrough,"{'first_scale': 'passthrough', 'frequency': FunctionTransformer(func=<function power_phase_stft at 0x7fdb1d1ef9c0>), 'model': HistGradientBoostingRegressor(early_stopping=True, max_iter=10000,
                              n_iter_no_change=100, random_state=42,
                              scoring='neg_root_mean_squared_error'), 'model__l2_regularization': 200, 'model__learning_rate': 0.02, 'model__loss': 'squared_error', 'model__max_bins': 32, 'model__max_depth': 3, 'model__max_features': 1.0, 'model__max_leaf_nodes': 127, 'model__min_samples_leaf': 1600, 'reshape': FunctionTransformer(func=<function reshape at 0x7fdb1d1c0360>), 'second_scale': 'passthrough'}",0.07965854742014566,0.07965854742014566,0.0,1,0.46460164171644913,0.46460164171644913,0.0,0.9593442826117505,0.7317092033612471
0,36561.47208595276,0.0,66.72903728485107,0.0,passthrough,power_phase_stft,"HistGradientBoostingRegressor(early_stopping=True, max_iter=10000,
                              n_iter_no_change=100, random_state=42,
                              scoring='neg_root_mean_squared_error')",400,0.0075,squared_error,63,6,1.0,255,9600,FunctionTransformer(func=<function reshape at 0x7fdb1d1c0360>),passthrough,"{'first_scale': 'passthrough', 'frequency': FunctionTransformer(func=<function power_phase_stft at 0x7fdb1d1ef9c0>), 'model': HistGradientBoostingRegressor(early_stopping=True, max_iter=10000,
                              n_iter_no_change=100, random_state=42,
                              scoring='neg_root_mean_squared_error'), 'model__l2_regularization': 400, 'model__learning_rate': 0.0075, 'model__loss': 'squared_error', 'model__max_bins': 63, 'model__max_depth': 6, 'model__max_features': 1.0, 'model__max_leaf_nodes': 255, 'model__min_samples_leaf': 9600, 'reshape': FunctionTransformer(func=<function reshape at 0x7fdb1d1c0360>), 'second_scale': 'passthrough'}",0.08800514656817116,0.08800514656817116,0.0,1,0.24877805798068564,0.24877805798068564,0.0,0.9549842163260233,0.8667306052167042
0,37235.57825875282,0.0,94.61884450912476,0.0,passthrough,power_phase_stft,"HistGradientBoostingRegressor(early_stopping=True, max_iter=10000,
                              n_iter_no_change=100, random_state=42,
                              scoring='neg_root_mean_squared_error')",100,0.03,squared_error,32,3,0.5,127,3200,FunctionTransformer(func=<function reshape at 0x7fdb1d1c0360>),passthrough,"{'first_scale': 'passthrough', 'frequency': FunctionTransformer(func=<function power_phase_stft at 0x7fdb1d1ef9c0>), 'model': HistGradientBoostingRegressor(early_stopping=True, max_iter=10000,
                              n_iter_no_change=100, random_state=42,
                              scoring='neg_root_mean_squared_error'), 'model__l2_regularization': 100, 'model__learning_rate': 0.03, 'model__loss': 'squared_error', 'model__max_bins': 32, 'model__max_depth': 3, 'model__max_features': 0.5, 'model__max_leaf_nodes': 127, 'model__min_samples_leaf': 3200, 'reshape': FunctionTransformer(func=<function reshape at 0x7fdb1d1c0360>), 'second_scale': 'passthrough'}",0.0804501285563679,0.0804501285563679,0.0,1,0.431065721747951,0.431065721747951,0.0,0.9589316302237778,0.7542773218465798
0,22924.350322008133,0.0,74.13689994812012,0.0,passthrough,power_phase_stft,"HistGradientBoostingRegressor(early_stopping=True, max_iter=10000,
                              n_iter_no_change=100, random_state=42,
                              scoring='neg_root_mean_squared_error')",100,0.03,squared_error,32,6,1.0,511,1600,FunctionTransformer(func=<function reshape at 0x7fdb1d1c0360>),passthrough,"{'first_scale': 'passthrough', 'frequency': FunctionTransformer(func=<function power_phase_stft at 0x7fdb1d1ef9c0>), 'model': HistGradientBoostingRegressor(early_stopping=True, max_iter=10000,
                              n_iter_no_change=100, random_state=42,
                              scoring='neg_root_mean_squared_error'), 'model__l2_regularization': 100, 'model__learning_rate': 0.03, 'model__loss': 'squared_error', 'model__max_bins': 32, 'model__max_depth': 6, 'model__max_features': 1.0, 'model__max_leaf_nodes': 511, 'model__min_samples_leaf': 1600, 'reshape': FunctionTransformer(func=<function reshape at 0x7fdb1d1c0360>), 'second_scale': 'passthrough'}",0.07914432880690014,0.07914432880690014,0.0,1,0.6855065262434654,0.6855065262434654,0.0,0.9596122504392594,0.5607971770226153
0,24954.65572476387,0.0,70.62211441993713,0.0,passthrough,power_phase_stft,"HistGradientBoostingRegressor(early_stopping=True, max_iter=10000,
                              n_iter_no_change=100, random_state=42,
                              scoring='neg_root_mean_squared_error')",50,0.03,squared_error,32,3,1.0,127,3200,FunctionTransformer(func=<function reshape at 0x7fdb1d1c0360>),passthrough,"{'first_scale': 'passthrough', 'frequency': FunctionTransformer(func=<function power_phase_stft at 0x7fdb1d1ef9c0>), 'model': HistGradientBoostingRegressor(early_stopping=True, max_iter=10000,
                              n_iter_no_change=100, random_state=42,
                              scoring='neg_root_mean_squared_error'), 'model__l2_regularization': 50, 'model__learning_rate': 0.03, 'model__loss': 'squared_error', 'model__max_bins': 32, 'model__max_depth': 3, 'model__max_features': 1.0, 'model__max_leaf_nodes': 127, 'model__min_samples_leaf': 3200, 'reshape': FunctionTransformer(func=<function reshape at 0x7fdb1d1c0360>), 'second_scale': 'passthrough'}",0.07956827786629739,0.07956827786629739,0.0,1,0.40863441829012137,0.40863441829012137,0.0,0.9593913289860935,0.7690029789993525
0,45737.93572187424,0.0,108.93981075286865,0.0,passthrough,power_phase_stft,"HistGradientBoostingRegressor(early_stopping=True, max_iter=10000,
                              n_iter_no_change=100, random_state=42,
                              scoring='neg_root_mean_squared_error')",50,0.03,squared_error,32,3,1.0,127,1600,FunctionTransformer(func=<function reshape at 0x7fdb1d1c0360>),passthrough,"{'first_scale': 'passthrough', 'frequency': FunctionTransformer(func=<function power_phase_stft at 0x7fdb1d1ef9c0>), 'model': HistGradientBoostingRegressor(early_stopping=True, max_iter=10000,
                              n_iter_no_change=100, random_state=42,
                              scoring='neg_root_mean_squared_error'), 'model__l2_regularization': 50, 'model__learning_rate': 0.03, 'model__loss': 'squared_error', 'model__max_bins': 32, 'model__max_depth': 3, 'model__max_features': 1.0, 'model__max_leaf_nodes': 127, 'model__min_samples_leaf': 1600, 'reshape': FunctionTransformer(func=<function reshape at 0x7fdb1d1c0360>), 'second_scale': 'passthrough'}",0.07715615599881465,0.07715615599881465,0.0,1,0.50618682468177,0.50618682468177,0.0,0.960647616975749,0.7027184182289731
0,21084.959689617157,0.0,76.667307138443,0.0,passthrough,power_phase_stft,"HistGradientBoostingRegressor(early_stopping=True, max_iter=10000,
                              n_iter_no_change=100, random_state=42,
                              scoring='neg_root_mean_squared_error')",50,0.05,squared_error,32,3,0.2,511,1600,FunctionTransformer(func=<function reshape at 0x7fdb1d1c0360>),passthrough,"{'first_scale': 'passthrough', 'frequency': FunctionTransformer(func=<function power_phase_stft at 0x7fdb1d1ef9c0>), 'model': HistGradientBoostingRegressor(early_stopping=True, max_iter=10000,
                              n_iter_no_change=100, random_state=42,
                              scoring='neg_root_mean_squared_error'), 'model__l2_regularization': 50, 'model__learning_rate': 0.05, 'model__loss': 'squared_error', 'model__max_bins': 32, 'model__max_depth': 3, 'model__max_features': 0.2, 'model__max_leaf_nodes': 511, 'model__min_samples_leaf': 1600, 'reshape': FunctionTransformer(func=<function reshape at 0x7fdb1d1c0360>), 'second_scale': 'passthrough'}",0.07903272932933081,0.07903272932933081,0.0,1,0.45917703854950453,0.45917703854950453,0.0,0.9596703968919065,0.7354066639965234
0,11108.289697170258,0.0,41.036259174346924,0.0,passthrough,power_phase_stft,"HistGradientBoostingRegressor(early_stopping=True, max_iter=10000,
                              n_iter_no_change=100, random_state=42,
                              scoring='neg_root_mean_squared_error')",50,0.05,squared_error,32,3,0.2,511,3200,FunctionTransformer(func=<function reshape at 0x7fdb1d1c0360>),passthrough,"{'first_scale': 'passthrough', 'frequency': FunctionTransformer(func=<function power_phase_stft at 0x7fdb1d1ef9c0>), 'model': HistGradientBoostingRegressor(early_stopping=True, max_iter=10000,
                              n_iter_no_change=100, random_state=42,
                              scoring='neg_root_mean_squared_error'), 'model__l2_regularization': 50, 'model__learning_rate': 0.05, 'model__loss': 'squared_error', 'model__max_bins': 32, 'model__max_depth': 3, 'model__max_features': 0.2, 'model__max_leaf_nodes': 511, 'model__min_samples_leaf': 3200, 'reshape': FunctionTransformer(func=<function reshape at 0x7fdb1d1c0360>), 'second_scale': 'passthrough'}",0.07937138205898486,0.07937138205898486,0.0,1,0.38704784943429194,0.38704784943429194,0.0,0.9594939384597566,0.7829126072338521
0,28130.940858125687,0.0,82.60576248168945,0.0,passthrough,power_phase_stft,"HistGradientBoostingRegressor(early_stopping=True, max_iter=10000,
                              n_iter_no_change=100, random_state=42,
                              scoring='neg_root_mean_squared_error')",400,0.03,squared_error,32,3,0.5,255,3200,FunctionTransformer(func=<function reshape at 0x7fdb1d1c0360>),passthrough,"{'first_scale': 'passthrough', 'frequency': FunctionTransformer(func=<function power_phase_stft at 0x7fdb1d1ef9c0>), 'model': HistGradientBoostingRegressor(early_stopping=True, max_iter=10000,
                              n_iter_no_change=100, random_state=42,
                              scoring='neg_root_mean_squared_error'), 'model__l2_regularization': 400, 'model__learning_rate': 0.03, 'model__loss': 'squared_error', 'model__max_bins': 32, 'model__max_depth': 3, 'model__max_features': 0.5, 'model__max_leaf_nodes': 255, 'model__min_samples_leaf': 3200, 'reshape': FunctionTransformer(func=<function reshape at 0x7fdb1d1c0360>), 'second_scale': 'passthrough'}",0.08205978472394704,0.08205978472394704,0.0,1,0.3844169368367174,0.3844169368367174,0.0,0.9580919659803295,0.7845910164941239
0,35418.332979917526,0.0,63.13597512245178,0.0,passthrough,power_phase_stft,"HistGradientBoostingRegressor(early_stopping=True, max_iter=10000,
                              n_iter_no_change=100, random_state=42,
                              scoring='neg_root_mean_squared_error')",200,0.03,squared_error,32,6,1.0,127,3200,FunctionTransformer(func=<function reshape at 0x7fdb1d1c0360>),passthrough,"{'first_scale': 'passthrough', 'frequency': FunctionTransformer(func=<function power_phase_stft at 0x7fdb1d1ef9c0>), 'model': HistGradientBoostingRegressor(early_stopping=True, max_iter=10000,
                              n_iter_no_change=100, random_state=42,
                              scoring='neg_root_mean_squared_error'), 'model__l2_regularization': 200, 'model__learning_rate': 0.03, 'model__loss': 'squared_error', 'model__max_bins': 32, 'model__max_depth': 6, 'model__max_features': 1.0, 'model__max_leaf_nodes': 127, 'model__min_samples_leaf': 3200, 'reshape': FunctionTransformer(func=<function reshape at 0x7fdb1d1c0360>), 'second_scale': 'passthrough'}",0.07147724106128972,0.07147724106128972,0.0,1,0.6833795846500674,0.6833795846500674,0.0,0.9635988578961218,0.5626903369971201
0,31371.759883880615,0.0,73.4347014427185,0.0,passthrough,power_phase_stft,"HistGradientBoostingRegressor(early_stopping=True, max_iter=10000,
                              n_iter_no_change=100, random_state=42,
                              scoring='neg_root_mean_squared_error')",400,0.02,squared_error,32,3,1.0,255,3200,FunctionTransformer(func=<function reshape at 0x7fdb1d1c0360>),passthrough,"{'first_scale': 'passthrough', 'frequency': FunctionTransformer(func=<function power_phase_stft at 0x7fdb1d1ef9c0>), 'model': HistGradientBoostingRegressor(early_stopping=True, max_iter=10000,
                              n_iter_no_change=100, random_state=42,
                              scoring='neg_root_mean_squared_error'), 'model__l2_regularization': 400, 'model__learning_rate': 0.02, 'model__loss': 'squared_error', 'model__max_bins': 32, 'model__max_depth': 3, 'model__max_features': 1.0, 'model__max_leaf_nodes': 255, 'model__min_samples_leaf': 3200, 'reshape': FunctionTransformer(func=<function reshape at 0x7fdb1d1c0360>), 'second_scale': 'passthrough'}",0.07874532375265209,0.07874532375265209,0.0,1,0.4301579284285256,0.4301579284285256,0.0,0.9598201270276363,0.754878845624564
0,28418.859780311584,0.0,73.7270143032074,0.0,passthrough,power_phase_stft,"HistGradientBoostingRegressor(early_stopping=True, max_iter=10000,
                              n_iter_no_change=100, random_state=42,
                              scoring='neg_root_mean_squared_error')",200,0.05,squared_error,32,6,1.0,255,1600,FunctionTransformer(func=<function reshape at 0x7fdb1d1c0360>),passthrough,"{'first_scale': 'passthrough', 'frequency': FunctionTransformer(func=<function power_phase_stft at 0x7fdb1d1ef9c0>), 'model': HistGradientBoostingRegressor(early_stopping=True, max_iter=10000,
                              n_iter_no_change=100, random_state=42,
                              scoring='neg_root_mean_squared_error'), 'model__l2_regularization': 200, 'model__learning_rate': 0.05, 'model__loss': 'squared_error', 'model__max_bins': 32, 'model__max_depth': 6, 'model__max_features': 1.0, 'model__max_leaf_nodes': 255, 'model__min_samples_leaf': 1600, 'reshape': FunctionTransformer(func=<function reshape at 0x7fdb1d1c0360>), 'second_scale': 'passthrough'}",0.06382007734266049,0.06382007734266049,0.0,1,0.8514854055178896,0.8514854055178896,0.0,0.9675639114070654,0.38537591320957043
0,36477.8250374794,0.0,74.77144813537598,0.0,passthrough,power_phase_stft,"HistGradientBoostingRegressor(early_stopping=True, max_iter=10000,
                              n_iter_no_change=100, random_state=42,
                              scoring='neg_root_mean_squared_error')",800,0.0075,squared_error,63,None,0.5,127,9600,FunctionTransformer(func=<function reshape at 0x7fdb1d1c0360>),passthrough,"{'first_scale': 'passthrough', 'frequency': FunctionTransformer(func=<function power_phase_stft at 0x7fdb1d1ef9c0>), 'model': HistGradientBoostingRegressor(early_stopping=True, max_iter=10000,
                              n_iter_no_change=100, random_state=42,
                              scoring='neg_root_mean_squared_error'), 'model__l2_regularization': 800, 'model__learning_rate': 0.0075, 'model__loss': 'squared_error', 'model__max_bins': 63, 'model__max_depth': None, 'model__max_features': 0.5, 'model__max_leaf_nodes': 127, 'model__min_samples_leaf': 9600, 'reshape': FunctionTransformer(func=<function reshape at 0x7fdb1d1c0360>), 'second_scale': 'passthrough'}",0.08968417998862521,0.08968417998862521,0.0,1,0.24042813266126006,0.24042813266126006,0.0,0.9541047217215597,0.871534203194998
0,35690.435070991516,0.0,96.56729125976562,0.0,passthrough,power_phase_stft,"HistGradientBoostingRegressor(early_stopping=True, max_iter=10000,
                              n_iter_no_change=100, random_state=42,
                              scoring='neg_root_mean_squared_error')",400,0.05,squared_error,32,3,0.5,127,3200,FunctionTransformer(func=<function reshape at 0x7fdb1d1c0360>),passthrough,"{'first_scale': 'passthrough', 'frequency': FunctionTransformer(func=<function power_phase_stft at 0x7fdb1d1ef9c0>), 'model': HistGradientBoostingRegressor(early_stopping=True, max_iter=10000,
                              n_iter_no_change=100, random_state=42,
                              scoring='neg_root_mean_squared_error'), 'model__l2_regularization': 400, 'model__learning_rate': 0.05, 'model__loss': 'squared_error', 'model__max_bins': 32, 'model__max_depth': 3, 'model__max_features': 0.5, 'model__max_leaf_nodes': 127, 'model__min_samples_leaf': 3200, 'reshape': FunctionTransformer(func=<function reshape at 0x7fdb1d1c0360>), 'second_scale': 'passthrough'}",0.07300173549429789,0.07300173549429789,0.0,1,0.5125699710516254,0.5125699710516254,0.0,0.962807490885744,0.6981618930795168
0,30919.02686882019,0.0,78.38212776184082,0.0,passthrough,power_phase_stft,"HistGradientBoostingRegressor(early_stopping=True, max_iter=10000,
                              n_iter_no_change=100, random_state=42,
                              scoring='neg_root_mean_squared_error')",200,0.03,squared_error,32,3,1.0,511,1600,FunctionTransformer(func=<function reshape at 0x7fdb1d1c0360>),passthrough,"{'first_scale': 'passthrough', 'frequency': FunctionTransformer(func=<function power_phase_stft at 0x7fdb1d1ef9c0>), 'model': HistGradientBoostingRegressor(early_stopping=True, max_iter=10000,
                              n_iter_no_change=100, random_state=42,
                              scoring='neg_root_mean_squared_error'), 'model__l2_regularization': 200, 'model__learning_rate': 0.03, 'model__loss': 'squared_error', 'model__max_bins': 32, 'model__max_depth': 3, 'model__max_features': 1.0, 'model__max_leaf_nodes': 511, 'model__min_samples_leaf': 1600, 'reshape': FunctionTransformer(func=<function reshape at 0x7fdb1d1c0360>), 'second_scale': 'passthrough'}",0.07843675786804505,0.07843675786804505,0.0,1,0.48186316927973594,0.48186316927973594,0.0,0.95998085508616,0.7198172203554623
0,12524.751120567322,0.0,61.59483742713928,0.0,passthrough,power_phase_stft,"HistGradientBoostingRegressor(early_stopping=True, max_iter=10000,
                              n_iter_no_change=100, random_state=42,
                              scoring='neg_root_mean_squared_error')",50,0.05,squared_error,32,3,1.0,511,3200,FunctionTransformer(func=<function reshape at 0x7fdb1d1c0360>),passthrough,"{'first_scale': 'passthrough', 'frequency': FunctionTransformer(func=<function power_phase_stft at 0x7fdb1d1ef9c0>), 'model': HistGradientBoostingRegressor(early_stopping=True, max_iter=10000,
                              n_iter_no_change=100, random_state=42,
                              scoring='neg_root_mean_squared_error'), 'model__l2_regularization': 50, 'model__learning_rate': 0.05, 'model__loss': 'squared_error', 'model__max_bins': 32, 'model__max_depth': 3, 'model__max_features': 1.0, 'model__max_leaf_nodes': 511, 'model__min_samples_leaf': 3200, 'reshape': FunctionTransformer(func=<function reshape at 0x7fdb1d1c0360>), 'second_scale': 'passthrough'}",0.08173063448437701,0.08173063448437701,0.0,1,0.3449393837869451,0.3449393837869451,0.0,0.9582637244076513,0.8093581507670475
0,38446.570984601974,0.0,72.0463514328003,0.0,passthrough,power_phase_stft,"HistGradientBoostingRegressor(early_stopping=True, max_iter=10000,
                              n_iter_no_change=100, random_state=42,
                              scoring='neg_root_mean_squared_error')",100,0.03,squared_error,32,6,1.0,127,3200,FunctionTransformer(func=<function reshape at 0x7fdb1d1c0360>),passthrough,"{'first_scale': 'passthrough', 'frequency': FunctionTransformer(func=<function power_phase_stft at 0x7fdb1d1ef9c0>), 'model': HistGradientBoostingRegressor(early_stopping=True, max_iter=10000,
                              n_iter_no_change=100, random_state=42,
                              scoring='neg_root_mean_squared_error'), 'model__l2_regularization': 100, 'model__learning_rate': 0.03, 'model__loss': 'squared_error', 'model__max_bins': 32, 'model__max_depth': 6, 'model__max_features': 1.0, 'model__max_leaf_nodes': 127, 'model__min_samples_leaf': 3200, 'reshape': FunctionTransformer(func=<function reshape at 0x7fdb1d1c0360>), 'second_scale': 'passthrough'}",0.06967306462619194,0.06967306462619194,0.0,1,0.7242084988558837,0.7242084988558837,0.0,0.9645345692995188,0.5251585485775856
0,20047.840941667557,0.0,60.028555393218994,0.0,passthrough,power_phase_stft,"HistGradientBoostingRegressor(early_stopping=True, max_iter=10000,
                              n_iter_no_change=100, random_state=42,
                              scoring='neg_root_mean_squared_error')",100,0.05,squared_error,32,6,0.2,511,1600,FunctionTransformer(func=<function reshape at 0x7fdb1d1c0360>),passthrough,"{'first_scale': 'passthrough', 'frequency': FunctionTransformer(func=<function power_phase_stft at 0x7fdb1d1ef9c0>), 'model': HistGradientBoostingRegressor(early_stopping=True, max_iter=10000,
                              n_iter_no_change=100, random_state=42,
                              scoring='neg_root_mean_squared_error'), 'model__l2_regularization': 100, 'model__learning_rate': 0.05, 'model__loss': 'squared_error', 'model__max_bins': 32, 'model__max_depth': 6, 'model__max_features': 0.2, 'model__max_leaf_nodes': 511, 'model__min_samples_leaf': 1600, 'reshape': FunctionTransformer(func=<function reshape at 0x7fdb1d1c0360>), 'second_scale': 'passthrough'}",0.06776834916267871,0.06776834916267871,0.0,1,0.7745081080615798,0.7745081080615798,0.0,0.9655214398641395,0.47485986557975207
0,32722.758539676666,0.0,78.37017774581909,0.0,passthrough,power_phase_stft,"HistGradientBoostingRegressor(early_stopping=True, max_iter=10000,
                              n_iter_no_change=100, random_state=42,
                              scoring='neg_root_mean_squared_error')",100,0.02,squared_error,32,3,1.0,255,3200,FunctionTransformer(func=<function reshape at 0x7fdb1d1c0360>),passthrough,"{'first_scale': 'passthrough', 'frequency': FunctionTransformer(func=<function power_phase_stft at 0x7fdb1d1ef9c0>), 'model': HistGradientBoostingRegressor(early_stopping=True, max_iter=10000,
                              n_iter_no_change=100, random_state=42,
                              scoring='neg_root_mean_squared_error'), 'model__l2_regularization': 100, 'model__learning_rate': 0.02, 'model__loss': 'squared_error', 'model__max_bins': 32, 'model__max_depth': 3, 'model__max_features': 1.0, 'model__max_leaf_nodes': 255, 'model__min_samples_leaf': 3200, 'reshape': FunctionTransformer(func=<function reshape at 0x7fdb1d1c0360>), 'second_scale': 'passthrough'}",0.08217070956824468,0.08217070956824468,0.0,1,0.3773052954292013,0.3773052954292013,0.0,0.9580340758197253,0.7891100712643317
0,18322.178545236588,0.0,53.67993950843811,0.0,passthrough,power_phase_stft,"HistGradientBoostingRegressor(early_stopping=True, max_iter=10000,
                              n_iter_no_change=100, random_state=42,
                              scoring='neg_root_mean_squared_error')",50,0.03,squared_error,32,3,1.0,511,3200,FunctionTransformer(func=<function reshape at 0x7fdb1d1c0360>),passthrough,"{'first_scale': 'passthrough', 'frequency': FunctionTransformer(func=<function power_phase_stft at 0x7fdb1d1ef9c0>), 'model': HistGradientBoostingRegressor(early_stopping=True, max_iter=10000,
                              n_iter_no_change=100, random_state=42,
                              scoring='neg_root_mean_squared_error'), 'model__l2_regularization': 50, 'model__learning_rate': 0.03, 'model__loss': 'squared_error', 'model__max_bins': 32, 'model__max_depth': 3, 'model__max_features': 1.0, 'model__max_leaf_nodes': 511, 'model__min_samples_leaf': 3200, 'reshape': FunctionTransformer(func=<function reshape at 0x7fdb1d1c0360>), 'second_scale': 'passthrough'}",0.07956827786629739,0.07956827786629739,0.0,1,0.40863441829012137,0.40863441829012137,0.0,0.9593913289860935,0.7690029789993525
0,21183.070311307907,0.0,52.36089301109314,0.0,passthrough,power_phase_stft,"HistGradientBoostingRegressor(early_stopping=True, max_iter=10000,
                              n_iter_no_change=100, random_state=42,
                              scoring='neg_root_mean_squared_error')",100,0.03,squared_error,32,3,1.0,127,1600,FunctionTransformer(func=<function reshape at 0x7fdb1d1c0360>),passthrough,"{'first_scale': 'passthrough', 'frequency': FunctionTransformer(func=<function power_phase_stft at 0x7fdb1d1ef9c0>), 'model': HistGradientBoostingRegressor(early_stopping=True, max_iter=10000,
                              n_iter_no_change=100, random_state=42,
                              scoring='neg_root_mean_squared_error'), 'model__l2_regularization': 100, 'model__learning_rate': 0.03, 'model__loss': 'squared_error', 'model__max_bins': 32, 'model__max_depth': 3, 'model__max_features': 1.0, 'model__max_leaf_nodes': 127, 'model__min_samples_leaf': 1600, 'reshape': FunctionTransformer(func=<function reshape at 0x7fdb1d1c0360>), 'second_scale': 'passthrough'}",0.0792926356909136,0.0792926356909136,0.0,1,0.4693170080027399,0.4693170080027399,0.0,0.9595349729473577,0.728479918733015
0,28654.013453722,0.0,50.03177738189697,0.0,passthrough,power_phase_stft,"HistGradientBoostingRegressor(early_stopping=True, max_iter=10000,
                              n_iter_no_change=100, random_state=42,
                              scoring='neg_root_mean_squared_error')",200,0.03,squared_error,32,3,0.5,127,3200,FunctionTransformer(func=<function reshape at 0x7fdb1d1c0360>),passthrough,"{'first_scale': 'passthrough', 'frequency': FunctionTransformer(func=<function power_phase_stft at 0x7fdb1d1ef9c0>), 'model': HistGradientBoostingRegressor(early_stopping=True, max_iter=10000,
                              n_iter_no_change=100, random_state=42,
                              scoring='neg_root_mean_squared_error'), 'model__l2_regularization': 200, 'model__learning_rate': 0.03, 'model__loss': 'squared_error', 'model__max_bins': 32, 'model__max_depth': 3, 'model__max_features': 0.5, 'model__max_leaf_nodes': 127, 'model__min_samples_leaf': 3200, 'reshape': FunctionTransformer(func=<function reshape at 0x7fdb1d1c0360>), 'second_scale': 'passthrough'}",0.07704878106939916,0.07704878106939916,0.0,1,0.4712755814508177,0.4712755814508177,0.0,0.9607035020913585,0.7271343882317645
0,31365.91788816452,0.0,72.59124898910522,0.0,passthrough,power_phase_stft,"HistGradientBoostingRegressor(early_stopping=True, max_iter=10000,
                              n_iter_no_change=100, random_state=42,
                              scoring='neg_root_mean_squared_error')",400,0.02,squared_error,32,6,1.0,255,1600,FunctionTransformer(func=<function reshape at 0x7fdb1d1c0360>),passthrough,"{'first_scale': 'passthrough', 'frequency': FunctionTransformer(func=<function power_phase_stft at 0x7fdb1d1ef9c0>), 'model': HistGradientBoostingRegressor(early_stopping=True, max_iter=10000,
                              n_iter_no_change=100, random_state=42,
                              scoring='neg_root_mean_squared_error'), 'model__l2_regularization': 400, 'model__learning_rate': 0.02, 'model__loss': 'squared_error', 'model__max_bins': 32, 'model__max_depth': 6, 'model__max_features': 1.0, 'model__max_leaf_nodes': 255, 'model__min_samples_leaf': 1600, 'reshape': FunctionTransformer(func=<function reshape at 0x7fdb1d1c0360>), 'second_scale': 'passthrough'}",0.0807294561687305,0.0807294561687305,0.0,1,0.6718688041512557,0.6718688041512557,0.0,0.9587859739437522,0.5728273700241149
0,15934.919811725616,0.0,50.526036977767944,0.0,passthrough,power_phase_stft,"HistGradientBoostingRegressor(early_stopping=True, max_iter=10000,
                              n_iter_no_change=100, random_state=42,
                              scoring='neg_root_mean_squared_error')",400,0.05,squared_error,32,3,0.2,255,3200,FunctionTransformer(func=<function reshape at 0x7fdb1d1c0360>),passthrough,"{'first_scale': 'passthrough', 'frequency': FunctionTransformer(func=<function power_phase_stft at 0x7fdb1d1ef9c0>), 'model': HistGradientBoostingRegressor(early_stopping=True, max_iter=10000,
                              n_iter_no_change=100, random_state=42,
                              scoring='neg_root_mean_squared_error'), 'model__l2_regularization': 400, 'model__learning_rate': 0.05, 'model__loss': 'squared_error', 'model__max_bins': 32, 'model__max_depth': 3, 'model__max_features': 0.2, 'model__max_leaf_nodes': 255, 'model__min_samples_leaf': 3200, 'reshape': FunctionTransformer(func=<function reshape at 0x7fdb1d1c0360>), 'second_scale': 'passthrough'}",0.07605029559025978,0.07605029559025978,0.0,1,0.4597656630414161,0.4597656630414161,0.0,0.9612230253222923,0.7350063516450616
0,18300.56630039215,0.0,55.84141683578491,0.0,passthrough,power_phase_stft,"HistGradientBoostingRegressor(early_stopping=True, max_iter=10000,
                              n_iter_no_change=100, random_state=42,
                              scoring='neg_root_mean_squared_error')",50,0.05,squared_error,32,6,0.2,127,1600,FunctionTransformer(func=<function reshape at 0x7fdb1d1c0360>),passthrough,"{'first_scale': 'passthrough', 'frequency': FunctionTransformer(func=<function power_phase_stft at 0x7fdb1d1ef9c0>), 'model': HistGradientBoostingRegressor(early_stopping=True, max_iter=10000,
                              n_iter_no_change=100, random_state=42,
                              scoring='neg_root_mean_squared_error'), 'model__l2_regularization': 50, 'model__learning_rate': 0.05, 'model__loss': 'squared_error', 'model__max_bins': 32, 'model__max_depth': 6, 'model__max_features': 0.2, 'model__max_leaf_nodes': 127, 'model__min_samples_leaf': 1600, 'reshape': FunctionTransformer(func=<function reshape at 0x7fdb1d1c0360>), 'second_scale': 'passthrough'}",0.06886147022870082,0.06886147022870082,0.0,1,0.7563362426750692,0.7563362426750692,0.0,0.9649551957325787,0.4936230923740611
0,33606.7505402565,0.0,77.66060829162598,0.0,passthrough,power_phase_stft,"HistGradientBoostingRegressor(early_stopping=True, max_iter=10000,
                              n_iter_no_change=100, random_state=42,
                              scoring='neg_root_mean_squared_error')",100,0.03,squared_error,32,6,1.0,511,3200,FunctionTransformer(func=<function reshape at 0x7fdb1d1c0360>),passthrough,"{'first_scale': 'passthrough', 'frequency': FunctionTransformer(func=<function power_phase_stft at 0x7fdb1d1ef9c0>), 'model': HistGradientBoostingRegressor(early_stopping=True, max_iter=10000,
                              n_iter_no_change=100, random_state=42,
                              scoring='neg_root_mean_squared_error'), 'model__l2_regularization': 100, 'model__learning_rate': 0.03, 'model__loss': 'squared_error', 'model__max_bins': 32, 'model__max_depth': 6, 'model__max_features': 1.0, 'model__max_leaf_nodes': 511, 'model__min_samples_leaf': 3200, 'reshape': FunctionTransformer(func=<function reshape at 0x7fdb1d1c0360>), 'second_scale': 'passthrough'}",0.07101028979523138,0.07101028979523138,0.0,1,0.7132983245388368,0.7132983245388368,0.0,0.9638411229060361,0.5354453057606942
0,27709.498846292496,0.0,68.03701424598694,0.0,passthrough,power_phase_stft,"HistGradientBoostingRegressor(early_stopping=True, max_iter=10000,
                              n_iter_no_change=100, random_state=42,
                              scoring='neg_root_mean_squared_error')",200,0.05,squared_error,32,6,1.0,127,1600,FunctionTransformer(func=<function reshape at 0x7fdb1d1c0360>),passthrough,"{'first_scale': 'passthrough', 'frequency': FunctionTransformer(func=<function power_phase_stft at 0x7fdb1d1ef9c0>), 'model': HistGradientBoostingRegressor(early_stopping=True, max_iter=10000,
                              n_iter_no_change=100, random_state=42,
                              scoring='neg_root_mean_squared_error'), 'model__l2_regularization': 200, 'model__learning_rate': 0.05, 'model__loss': 'squared_error', 'model__max_bins': 32, 'model__max_depth': 6, 'model__max_features': 1.0, 'model__max_leaf_nodes': 127, 'model__min_samples_leaf': 1600, 'reshape': FunctionTransformer(func=<function reshape at 0x7fdb1d1c0360>), 'second_scale': 'passthrough'}",0.06382007734266049,0.06382007734266049,0.0,1,0.8514854055178896,0.8514854055178896,0.0,0.9675639114070654,0.38537591320957043
0,12521.939688205719,0.0,42.40696430206299,0.0,passthrough,power_phase_stft,"HistGradientBoostingRegressor(early_stopping=True, max_iter=10000,
                              n_iter_no_change=100, random_state=42,
                              scoring='neg_root_mean_squared_error')",100,0.03,squared_error,32,3,1.0,255,3200,FunctionTransformer(func=<function reshape at 0x7fdb1d1c0360>),passthrough,"{'first_scale': 'passthrough', 'frequency': FunctionTransformer(func=<function power_phase_stft at 0x7fdb1d1ef9c0>), 'model': HistGradientBoostingRegressor(early_stopping=True, max_iter=10000,
                              n_iter_no_change=100, random_state=42,
                              scoring='neg_root_mean_squared_error'), 'model__l2_regularization': 100, 'model__learning_rate': 0.03, 'model__loss': 'squared_error', 'model__max_bins': 32, 'model__max_depth': 3, 'model__max_features': 1.0, 'model__max_leaf_nodes': 255, 'model__min_samples_leaf': 3200, 'reshape': FunctionTransformer(func=<function reshape at 0x7fdb1d1c0360>), 'second_scale': 'passthrough'}",0.08334439124820336,0.08334439124820336,0.0,1,0.33956538900522804,0.33956538900522804,0.0,0.9574213329312213,0.8126712810200518
0,21718.80088710785,0.0,61.97429156303406,0.0,passthrough,power_phase_stft,"HistGradientBoostingRegressor(early_stopping=True, max_iter=10000,
                              n_iter_no_change=100, random_state=42,
                              scoring='neg_root_mean_squared_error')",50,0.03,squared_error,32,6,0.5,511,1600,FunctionTransformer(func=<function reshape at 0x7fdb1d1c0360>),passthrough,"{'first_scale': 'passthrough', 'frequency': FunctionTransformer(func=<function power_phase_stft at 0x7fdb1d1ef9c0>), 'model': HistGradientBoostingRegressor(early_stopping=True, max_iter=10000,
                              n_iter_no_change=100, random_state=42,
                              scoring='neg_root_mean_squared_error'), 'model__l2_regularization': 50, 'model__learning_rate': 0.03, 'model__loss': 'squared_error', 'model__max_bins': 32, 'model__max_depth': 6, 'model__max_features': 0.5, 'model__max_leaf_nodes': 511, 'model__min_samples_leaf': 1600, 'reshape': FunctionTransformer(func=<function reshape at 0x7fdb1d1c0360>), 'second_scale': 'passthrough'}",0.07965358595725591,0.07965358595725591,0.0,1,0.6891761207534918,0.6891761207534918,0.0,0.9593468684697647,0.5575158107592181
0,25275.07215809822,0.0,74.0510835647583,0.0,passthrough,power_phase_stft,"HistGradientBoostingRegressor(early_stopping=True, max_iter=10000,
                              n_iter_no_change=100, random_state=42,
                              scoring='neg_root_mean_squared_error')",50,0.05,squared_error,32,6,0.2,511,3200,FunctionTransformer(func=<function reshape at 0x7fdb1d1c0360>),passthrough,"{'first_scale': 'passthrough', 'frequency': FunctionTransformer(func=<function power_phase_stft at 0x7fdb1d1ef9c0>), 'model': HistGradientBoostingRegressor(early_stopping=True, max_iter=10000,
                              n_iter_no_change=100, random_state=42,
                              scoring='neg_root_mean_squared_error'), 'model__l2_regularization': 50, 'model__learning_rate': 0.05, 'model__loss': 'squared_error', 'model__max_bins': 32, 'model__max_depth': 6, 'model__max_features': 0.2, 'model__max_leaf_nodes': 511, 'model__min_samples_leaf': 3200, 'reshape': FunctionTransformer(func=<function reshape at 0x7fdb1d1c0360>), 'second_scale': 'passthrough'}",0.068503699226652,0.068503699226652,0.0,1,0.6583445848716292,0.6583445848716292,0.0,0.9651405601120222,0.5845129725920297
0,29672.57578229904,0.0,77.26391434669495,0.0,passthrough,power_phase_stft,"HistGradientBoostingRegressor(early_stopping=True, max_iter=10000,
                              n_iter_no_change=100, random_state=42,
                              scoring='neg_root_mean_squared_error')",50,0.05,squared_error,32,6,1.0,255,3200,FunctionTransformer(func=<function reshape at 0x7fdb1d1c0360>),passthrough,"{'first_scale': 'passthrough', 'frequency': FunctionTransformer(func=<function power_phase_stft at 0x7fdb1d1ef9c0>), 'model': HistGradientBoostingRegressor(early_stopping=True, max_iter=10000,
                              n_iter_no_change=100, random_state=42,
                              scoring='neg_root_mean_squared_error'), 'model__l2_regularization': 50, 'model__learning_rate': 0.05, 'model__loss': 'squared_error', 'model__max_bins': 32, 'model__max_depth': 6, 'model__max_features': 1.0, 'model__max_leaf_nodes': 255, 'model__min_samples_leaf': 3200, 'reshape': FunctionTransformer(func=<function reshape at 0x7fdb1d1c0360>), 'second_scale': 'passthrough'}",0.06956098783169384,0.06956098783169384,0.0,1,0.6915673657149365,0.6915673657149365,0.0,0.9645926664495776,0.5553671166760448
0,35762.00518512726,0.0,69.20167374610901,0.0,passthrough,power_phase_stft,"HistGradientBoostingRegressor(early_stopping=True, max_iter=10000,
                              n_iter_no_change=100, random_state=42,
                              scoring='neg_root_mean_squared_error')",200,0.03,squared_error,32,6,1.0,511,3200,FunctionTransformer(func=<function reshape at 0x7fdb1d1c0360>),passthrough,"{'first_scale': 'passthrough', 'frequency': FunctionTransformer(func=<function power_phase_stft at 0x7fdb1d1ef9c0>), 'model': HistGradientBoostingRegressor(early_stopping=True, max_iter=10000,
                              n_iter_no_change=100, random_state=42,
                              scoring='neg_root_mean_squared_error'), 'model__l2_regularization': 200, 'model__learning_rate': 0.03, 'model__loss': 'squared_error', 'model__max_bins': 32, 'model__max_depth': 6, 'model__max_features': 1.0, 'model__max_leaf_nodes': 511, 'model__min_samples_leaf': 3200, 'reshape': FunctionTransformer(func=<function reshape at 0x7fdb1d1c0360>), 'second_scale': 'passthrough'}",0.07147724106128972,0.07147724106128972,0.0,1,0.6833795846500674,0.6833795846500674,0.0,0.9635988578961218,0.5626903369971201
0,30485.837055921555,0.0,91.77913069725037,0.0,passthrough,power_phase_stft,"HistGradientBoostingRegressor(early_stopping=True, max_iter=10000,
                              n_iter_no_change=100, random_state=42,
                              scoring='neg_root_mean_squared_error')",100,0.05,squared_error,32,6,0.5,127,3200,FunctionTransformer(func=<function reshape at 0x7fdb1d1c0360>),passthrough,"{'first_scale': 'passthrough', 'frequency': FunctionTransformer(func=<function power_phase_stft at 0x7fdb1d1ef9c0>), 'model': HistGradientBoostingRegressor(early_stopping=True, max_iter=10000,
                              n_iter_no_change=100, random_state=42,
                              scoring='neg_root_mean_squared_error'), 'model__l2_regularization': 100, 'model__learning_rate': 0.05, 'model__loss': 'squared_error', 'model__max_bins': 32, 'model__max_depth': 6, 'model__max_features': 0.5, 'model__max_leaf_nodes': 127, 'model__min_samples_leaf': 3200, 'reshape': FunctionTransformer(func=<function reshape at 0x7fdb1d1c0360>), 'second_scale': 'passthrough'}",0.06548947409673211,0.06548947409673211,0.0,1,0.724530975241761,0.724530975241761,0.0,0.9667008461273155,0.5248514311290757
0,25938.535479307175,0.0,84.89566659927368,0.0,passthrough,power_phase_stft,"HistGradientBoostingRegressor(early_stopping=True, max_iter=10000,
                              n_iter_no_change=100, random_state=42,
                              scoring='neg_root_mean_squared_error')",50,0.05,squared_error,32,6,0.5,127,1600,FunctionTransformer(func=<function reshape at 0x7fdb1d1c0360>),passthrough,"{'first_scale': 'passthrough', 'frequency': FunctionTransformer(func=<function power_phase_stft at 0x7fdb1d1ef9c0>), 'model': HistGradientBoostingRegressor(early_stopping=True, max_iter=10000,
                              n_iter_no_change=100, random_state=42,
                              scoring='neg_root_mean_squared_error'), 'model__l2_regularization': 50, 'model__learning_rate': 0.05, 'model__loss': 'squared_error', 'model__max_bins': 32, 'model__max_depth': 6, 'model__max_features': 0.5, 'model__max_leaf_nodes': 127, 'model__min_samples_leaf': 1600, 'reshape': FunctionTransformer(func=<function reshape at 0x7fdb1d1c0360>), 'second_scale': 'passthrough'}",0.07052909336479107,0.07052909336479107,0.0,1,0.774915526242892,0.774915526242892,0.0,0.9640907149408757,0.474430683827583
0,16199.057694196701,0.0,46.43010687828064,0.0,passthrough,power_phase_stft,"HistGradientBoostingRegressor(early_stopping=True, max_iter=10000,
                              n_iter_no_change=100, random_state=42,
                              scoring='neg_root_mean_squared_error')",200,0.03,squared_error,32,3,0.5,255,1600,FunctionTransformer(func=<function reshape at 0x7fdb1d1c0360>),passthrough,"{'first_scale': 'passthrough', 'frequency': FunctionTransformer(func=<function power_phase_stft at 0x7fdb1d1ef9c0>), 'model': HistGradientBoostingRegressor(early_stopping=True, max_iter=10000,
                              n_iter_no_change=100, random_state=42,
                              scoring='neg_root_mean_squared_error'), 'model__l2_regularization': 200, 'model__learning_rate': 0.03, 'model__loss': 'squared_error', 'model__max_bins': 32, 'model__max_depth': 3, 'model__max_features': 0.5, 'model__max_leaf_nodes': 255, 'model__min_samples_leaf': 1600, 'reshape': FunctionTransformer(func=<function reshape at 0x7fdb1d1c0360>), 'second_scale': 'passthrough'}",0.0836867441640543,0.0836867441640543,0.0,1,0.3999433624439416,0.3999433624439416,0.0,0.9572425271768622,0.7746332277639906
0,19349.444494009018,0.0,48.364421367645264,0.0,passthrough,power_phase_stft,"HistGradientBoostingRegressor(early_stopping=True, max_iter=10000,
                              n_iter_no_change=100, random_state=42,
                              scoring='neg_root_mean_squared_error')",400,0.03,squared_error,32,3,0.5,511,3200,FunctionTransformer(func=<function reshape at 0x7fdb1d1c0360>),passthrough,"{'first_scale': 'passthrough', 'frequency': FunctionTransformer(func=<function power_phase_stft at 0x7fdb1d1ef9c0>), 'model': HistGradientBoostingRegressor(early_stopping=True, max_iter=10000,
                              n_iter_no_change=100, random_state=42,
                              scoring='neg_root_mean_squared_error'), 'model__l2_regularization': 400, 'model__learning_rate': 0.03, 'model__loss': 'squared_error', 'model__max_bins': 32, 'model__max_depth': 3, 'model__max_features': 0.5, 'model__max_leaf_nodes': 511, 'model__min_samples_leaf': 3200, 'reshape': FunctionTransformer(func=<function reshape at 0x7fdb1d1c0360>), 'second_scale': 'passthrough'}",0.08190862957903644,0.08190862957903644,0.0,1,0.4051062607697913,0.4051062607697913,0.0,0.9581708461547782,0.7712935493249043
0,36412.7661523819,0.0,83.95073008537292,0.0,passthrough,power_phase_stft,"HistGradientBoostingRegressor(early_stopping=True, max_iter=10000,
                              n_iter_no_change=100, random_state=42,
                              scoring='neg_root_mean_squared_error')",200,0.02,squared_error,32,3,0.5,511,3200,FunctionTransformer(func=<function reshape at 0x7fdb1d1c0360>),passthrough,"{'first_scale': 'passthrough', 'frequency': FunctionTransformer(func=<function power_phase_stft at 0x7fdb1d1ef9c0>), 'model': HistGradientBoostingRegressor(early_stopping=True, max_iter=10000,
                              n_iter_no_change=100, random_state=42,
                              scoring='neg_root_mean_squared_error'), 'model__l2_regularization': 200, 'model__learning_rate': 0.02, 'model__loss': 'squared_error', 'model__max_bins': 32, 'model__max_depth': 3, 'model__max_features': 0.5, 'model__max_leaf_nodes': 511, 'model__min_samples_leaf': 3200, 'reshape': FunctionTransformer(func=<function reshape at 0x7fdb1d1c0360>), 'second_scale': 'passthrough'}",0.08357659548364715,0.08357659548364715,0.0,1,0.3942454018572752,0.3942454018572752,0.0,0.9573000598121536,0.7783023822029101
0,36234.92520046234,0.0,60.08927512168884,0.0,passthrough,power_phase_stft,"HistGradientBoostingRegressor(early_stopping=True, max_iter=10000,
                              n_iter_no_change=100, random_state=42,
                              scoring='neg_root_mean_squared_error')",200,0.0025,squared_error,63,6,1.0,127,9600,FunctionTransformer(func=<function reshape at 0x7fdb1d1c0360>),passthrough,"{'first_scale': 'passthrough', 'frequency': FunctionTransformer(func=<function power_phase_stft at 0x7fdb1d1ef9c0>), 'model': HistGradientBoostingRegressor(early_stopping=True, max_iter=10000,
                              n_iter_no_change=100, random_state=42,
                              scoring='neg_root_mean_squared_error'), 'model__l2_regularization': 200, 'model__learning_rate': 0.0025, 'model__loss': 'squared_error', 'model__max_bins': 63, 'model__max_depth': 6, 'model__max_features': 1.0, 'model__max_leaf_nodes': 127, 'model__min_samples_leaf': 9600, 'reshape': FunctionTransformer(func=<function reshape at 0x7fdb1d1c0360>), 'second_scale': 'passthrough'}",0.08193917075016477,0.08193917075016477,0.0,1,0.15524375114735833,0.15524375114735833,0.0,0.9581549087959813,0.9191062228342498
0,16858.577840566635,0.0,45.783271074295044,0.0,passthrough,power_phase_stft,"HistGradientBoostingRegressor(early_stopping=True, max_iter=10000,
                              n_iter_no_change=100, random_state=42,
                              scoring='neg_root_mean_squared_error')",200,0.05,squared_error,32,3,0.5,127,3200,FunctionTransformer(func=<function reshape at 0x7fdb1d1c0360>),passthrough,"{'first_scale': 'passthrough', 'frequency': FunctionTransformer(func=<function power_phase_stft at 0x7fdb1d1ef9c0>), 'model': HistGradientBoostingRegressor(early_stopping=True, max_iter=10000,
                              n_iter_no_change=100, random_state=42,
                              scoring='neg_root_mean_squared_error'), 'model__l2_regularization': 200, 'model__learning_rate': 0.05, 'model__loss': 'squared_error', 'model__max_bins': 32, 'model__max_depth': 3, 'model__max_features': 0.5, 'model__max_leaf_nodes': 127, 'model__min_samples_leaf': 3200, 'reshape': FunctionTransformer(func=<function reshape at 0x7fdb1d1c0360>), 'second_scale': 'passthrough'}",0.07574487190482382,0.07574487190482382,0.0,1,0.48555180701320333,0.48555180701320333,0.0,0.9613818846302318,0.7172504395166285
0,15609.963767528534,0.0,52.467259645462036,0.0,passthrough,power_phase_stft,"HistGradientBoostingRegressor(early_stopping=True, max_iter=10000,
                              n_iter_no_change=100, random_state=42,
                              scoring='neg_root_mean_squared_error')",400,0.05,squared_error,32,3,0.5,511,1600,FunctionTransformer(func=<function reshape at 0x7fdb1d1c0360>),passthrough,"{'first_scale': 'passthrough', 'frequency': FunctionTransformer(func=<function power_phase_stft at 0x7fdb1d1ef9c0>), 'model': HistGradientBoostingRegressor(early_stopping=True, max_iter=10000,
                              n_iter_no_change=100, random_state=42,
                              scoring='neg_root_mean_squared_error'), 'model__l2_regularization': 400, 'model__learning_rate': 0.05, 'model__loss': 'squared_error', 'model__max_bins': 32, 'model__max_depth': 3, 'model__max_features': 0.5, 'model__max_leaf_nodes': 511, 'model__min_samples_leaf': 1600, 'reshape': FunctionTransformer(func=<function reshape at 0x7fdb1d1c0360>), 'second_scale': 'passthrough'}",0.07523910750426477,0.07523910750426477,0.0,1,0.501787984795674,0.501787984795674,0.0,0.9616448889770772,0.7058413527162645
0,13891.798762083054,0.0,49.745256423950195,0.0,passthrough,power_phase_stft,"HistGradientBoostingRegressor(early_stopping=True, max_iter=10000,
                              n_iter_no_change=100, random_state=42,
                              scoring='neg_root_mean_squared_error')",100,0.05,squared_error,32,6,0.5,255,1600,FunctionTransformer(func=<function reshape at 0x7fdb1d1c0360>),passthrough,"{'first_scale': 'passthrough', 'frequency': FunctionTransformer(func=<function power_phase_stft at 0x7fdb1d1ef9c0>), 'model': HistGradientBoostingRegressor(early_stopping=True, max_iter=10000,
                              n_iter_no_change=100, random_state=42,
                              scoring='neg_root_mean_squared_error'), 'model__l2_regularization': 100, 'model__learning_rate': 0.05, 'model__loss': 'squared_error', 'model__max_bins': 32, 'model__max_depth': 6, 'model__max_features': 0.5, 'model__max_leaf_nodes': 255, 'model__min_samples_leaf': 1600, 'reshape': FunctionTransformer(func=<function reshape at 0x7fdb1d1c0360>), 'second_scale': 'passthrough'}",0.07435871921008408,0.07435871921008408,0.0,1,0.6985874352134321,0.6985874352134321,0.0,0.9621025313291282,0.5490105324914704
0,41616.163224458694,0.0,98.09232592582703,0.0,passthrough,power_phase_stft,"HistGradientBoostingRegressor(early_stopping=True, max_iter=10000,
                              n_iter_no_change=100, random_state=42,
                              scoring='neg_root_mean_squared_error')",50,0.03,squared_error,32,3,1.0,511,1600,FunctionTransformer(func=<function reshape at 0x7fdb1d1c0360>),passthrough,"{'first_scale': 'passthrough', 'frequency': FunctionTransformer(func=<function power_phase_stft at 0x7fdb1d1ef9c0>), 'model': HistGradientBoostingRegressor(early_stopping=True, max_iter=10000,
                              n_iter_no_change=100, random_state=42,
                              scoring='neg_root_mean_squared_error'), 'model__l2_regularization': 50, 'model__learning_rate': 0.03, 'model__loss': 'squared_error', 'model__max_bins': 32, 'model__max_depth': 3, 'model__max_features': 1.0, 'model__max_leaf_nodes': 511, 'model__min_samples_leaf': 1600, 'reshape': FunctionTransformer(func=<function reshape at 0x7fdb1d1c0360>), 'second_scale': 'passthrough'}",0.07715615599881465,0.07715615599881465,0.0,1,0.50618682468177,0.50618682468177,0.0,0.960647616975749,0.7027184182289731
0,12075.193861722946,0.0,45.70341491699219,0.0,passthrough,power_phase_stft,"HistGradientBoostingRegressor(early_stopping=True, max_iter=10000,
                              n_iter_no_change=100, random_state=42,
                              scoring='neg_root_mean_squared_error')",200,0.05,squared_error,32,3,0.2,255,1600,FunctionTransformer(func=<function reshape at 0x7fdb1d1c0360>),passthrough,"{'first_scale': 'passthrough', 'frequency': FunctionTransformer(func=<function power_phase_stft at 0x7fdb1d1ef9c0>), 'model': HistGradientBoostingRegressor(early_stopping=True, max_iter=10000,
                              n_iter_no_change=100, random_state=42,
                              scoring='neg_root_mean_squared_error'), 'model__l2_regularization': 200, 'model__learning_rate': 0.05, 'model__loss': 'squared_error', 'model__max_bins': 32, 'model__max_depth': 3, 'model__max_features': 0.2, 'model__max_leaf_nodes': 255, 'model__min_samples_leaf': 1600, 'reshape': FunctionTransformer(func=<function reshape at 0x7fdb1d1c0360>), 'second_scale': 'passthrough'}",0.07884898525504103,0.07884898525504103,0.0,1,0.4365881205316462,0.4365881205316462,0.0,0.9597661250247161,0.7506076734675404
0,30988.4905397892,0.0,129.68835830688477,0.0,passthrough,power_phase_stft,"HistGradientBoostingRegressor(early_stopping=True, max_iter=10000,
                              n_iter_no_change=100, random_state=42,
                              scoring='neg_root_mean_squared_error')",50,0.05,squared_error,32,3,0.2,255,3200,FunctionTransformer(func=<function reshape at 0x7fdb1d1c0360>),passthrough,"{'first_scale': 'passthrough', 'frequency': FunctionTransformer(func=<function power_phase_stft at 0x7fdb1d1ef9c0>), 'model': HistGradientBoostingRegressor(early_stopping=True, max_iter=10000,
                              n_iter_no_change=100, random_state=42,
                              scoring='neg_root_mean_squared_error'), 'model__l2_regularization': 50, 'model__learning_rate': 0.05, 'model__loss': 'squared_error', 'model__max_bins': 32, 'model__max_depth': 3, 'model__max_features': 0.2, 'model__max_leaf_nodes': 255, 'model__min_samples_leaf': 3200, 'reshape': FunctionTransformer(func=<function reshape at 0x7fdb1d1c0360>), 'second_scale': 'passthrough'}",0.07697458295215587,0.07697458295215587,0.0,1,0.4326114072317362,0.4326114072317362,0.0,0.9607421178692251,0.7532520114598193
0,14835.50658750534,0.0,49.67277145385742,0.0,passthrough,power_phase_stft,"HistGradientBoostingRegressor(early_stopping=True, max_iter=10000,
                              n_iter_no_change=100, random_state=42,
                              scoring='neg_root_mean_squared_error')",100,0.05,squared_error,32,3,0.5,255,3200,FunctionTransformer(func=<function reshape at 0x7fdb1d1c0360>),passthrough,"{'first_scale': 'passthrough', 'frequency': FunctionTransformer(func=<function power_phase_stft at 0x7fdb1d1ef9c0>), 'model': HistGradientBoostingRegressor(early_stopping=True, max_iter=10000,
                              n_iter_no_change=100, random_state=42,
                              scoring='neg_root_mean_squared_error'), 'model__l2_regularization': 100, 'model__learning_rate': 0.05, 'model__loss': 'squared_error', 'model__max_bins': 32, 'model__max_depth': 3, 'model__max_features': 0.5, 'model__max_leaf_nodes': 255, 'model__min_samples_leaf': 3200, 'reshape': FunctionTransformer(func=<function reshape at 0x7fdb1d1c0360>), 'second_scale': 'passthrough'}",0.07503291570133797,0.07503291570133797,0.0,1,0.46712128147153775,0.46712128147153775,0.0,0.9617520908730389,0.7299854235041013
0,23341.762648820877,0.0,57.56882286071777,0.0,passthrough,power_phase_stft,"HistGradientBoostingRegressor(early_stopping=True, max_iter=10000,
                              n_iter_no_change=100, random_state=42,
                              scoring='neg_root_mean_squared_error')",200,0.02,squared_error,32,3,0.2,511,3200,FunctionTransformer(func=<function reshape at 0x7fdb1d1c0360>),passthrough,"{'first_scale': 'passthrough', 'frequency': FunctionTransformer(func=<function power_phase_stft at 0x7fdb1d1ef9c0>), 'model': HistGradientBoostingRegressor(early_stopping=True, max_iter=10000,
                              n_iter_no_change=100, random_state=42,
                              scoring='neg_root_mean_squared_error'), 'model__l2_regularization': 200, 'model__learning_rate': 0.02, 'model__loss': 'squared_error', 'model__max_bins': 32, 'model__max_depth': 3, 'model__max_features': 0.2, 'model__max_leaf_nodes': 511, 'model__min_samples_leaf': 3200, 'reshape': FunctionTransformer(func=<function reshape at 0x7fdb1d1c0360>), 'second_scale': 'passthrough'}",0.08627577875672077,0.08627577875672077,0.0,1,0.3618958442462089,0.3618958442462089,0.0,0.9558892306346375,0.7988142185475864
0,35338.827323913574,0.0,82.2938802242279,0.0,passthrough,power_phase_stft,"HistGradientBoostingRegressor(early_stopping=True, max_iter=10000,
                              n_iter_no_change=100, random_state=42,
                              scoring='neg_root_mean_squared_error')",400,0.05,squared_error,32,6,0.2,255,1600,FunctionTransformer(func=<function reshape at 0x7fdb1d1c0360>),passthrough,"{'first_scale': 'passthrough', 'frequency': FunctionTransformer(func=<function power_phase_stft at 0x7fdb1d1ef9c0>), 'model': HistGradientBoostingRegressor(early_stopping=True, max_iter=10000,
                              n_iter_no_change=100, random_state=42,
                              scoring='neg_root_mean_squared_error'), 'model__l2_regularization': 400, 'model__learning_rate': 0.05, 'model__loss': 'squared_error', 'model__max_bins': 32, 'model__max_depth': 6, 'model__max_features': 0.2, 'model__max_leaf_nodes': 255, 'model__min_samples_leaf': 1600, 'reshape': FunctionTransformer(func=<function reshape at 0x7fdb1d1c0360>), 'second_scale': 'passthrough'}",0.07182711278275644,0.07182711278275644,0.0,1,0.7773006410313842,0.7773006410313842,0.0,0.9634172965113527,0.4719103293726636
0,18791.16727757454,0.0,54.13648986816406,0.0,passthrough,power_phase_stft,"HistGradientBoostingRegressor(early_stopping=True, max_iter=10000,
                              n_iter_no_change=100, random_state=42,
                              scoring='neg_root_mean_squared_error')",400,0.05,squared_error,32,3,0.5,255,3200,FunctionTransformer(func=<function reshape at 0x7fdb1d1c0360>),passthrough,"{'first_scale': 'passthrough', 'frequency': FunctionTransformer(func=<function power_phase_stft at 0x7fdb1d1ef9c0>), 'model': HistGradientBoostingRegressor(early_stopping=True, max_iter=10000,
                              n_iter_no_change=100, random_state=42,
                              scoring='neg_root_mean_squared_error'), 'model__l2_regularization': 400, 'model__learning_rate': 0.05, 'model__loss': 'squared_error', 'model__max_bins': 32, 'model__max_depth': 3, 'model__max_features': 0.5, 'model__max_leaf_nodes': 255, 'model__min_samples_leaf': 3200, 'reshape': FunctionTransformer(func=<function reshape at 0x7fdb1d1c0360>), 'second_scale': 'passthrough'}",0.07300173549429789,0.07300173549429789,0.0,1,0.5125699710516254,0.5125699710516254,0.0,0.962807490885744,0.6981618930795168
